X,Y,id,spi
102.47569444448426,18.490694444435125,1,2.1779847e-06
102.51625000003983,18.629305555546257,2,9.417662e-05
102.44958333337316,18.62402777776848,3,7.643716e-06
102.46819444448427,18.498472222212904,4,0.00028465403
102.73847222226208,18.41124999999067,5,3.792819e-05
102.52680555559539,18.459861111101787,6,8.6798784e-05
102.6343055555954,18.686805555546265,7,1.0504717e-05
102.70763888892874,18.59041666665736,8,1.1223774e-10
102.83930555559543,18.68847222221293,9,0.00013233977
102.5668055555954,18.427083333324006,10,5.845316e-05
102.70152777781763,18.595138888879585,11,1.6268809e-10
102.47847222226204,18.736249999990715,12,9.111106e-05
102.49819444448427,18.479027777768458,13,3.4979257e-06
102.57402777781762,18.491527777768457,14,0.00064955093
102.73236111115096,18.499305555546236,15,7.4943373e-06
102.5668055555954,18.550694444435134,16,2.706952e-08
102.5004166667065,18.720694444435157,17,3.45133e-05
102.83652777781765,18.74708333332405,18,0.0010821499
102.41541666670648,18.490972222212903,19,3.3887466e-06
102.45763888892871,18.51458333332402,20,4.1206764e-05
102.58069444448428,18.518749999990685,21,0.00020154925
102.51597222226205,18.66958333332404,22,0.00017625994
102.85180555559543,18.39624999999067,23,0.0002653283
102.75097222226208,18.422361111101782,24,0.0003852513
102.49430555559537,18.625972222212923,25,2.658351e-05
102.65125000003985,18.434861111101785,26,0.00027236086
102.5793055555954,18.40236111110178,27,1.6078355e-05
102.45625000003982,18.517361111101796,28,0.00039863406
102.6329166667065,18.531805555546242,29,1.7063802e-07
102.4440277778176,18.742916666657383,30,0.00031082757
102.47625000003983,18.71680555554627,31,0.008825054
102.68708333337318,18.42124999999067,32,0.00013271834
102.61819444448429,18.60708333332403,33,9.712652e-09
102.77402777781764,18.48652777776846,34,0.0017693006
102.73569444448431,18.583472222212915,35,9.533093e-11
102.69625000003985,18.454027777768452,36,0.00038129665
102.44847222226204,18.429861111101783,37,0.0042214743
102.70652777781763,18.423194444435115,38,0.00059350894
102.64652777781762,18.48624999999068,39,6.2952377e-10
102.69597222226207,18.588472222212918,40,4.4894743e-10
102.48513888892872,18.45180555554623,41,1.1044322e-05
102.61513888892873,18.468194444435124,42,2.248299e-09
102.84263888892876,18.46069444443512,43,0.010199303
102.59791666670651,18.711249999990713,44,0.00037301774
102.41319444448426,18.50569444443513,45,6.749605e-05
102.50263888892871,18.75597222221294,46,0.00012588387
102.76541666670653,18.509583333324017,47,0.00018654294
102.79847222226209,18.73347222221294,48,0.0003829817
102.73041666670653,18.754861111101828,49,2.6681535e-05
102.41458333337314,18.615694444435142,50,0.009366058
102.4690277778176,18.587638888879585,51,0.0007232535
102.43625000003982,18.52847222221291,52,7.659233e-06
102.42875000003981,18.663749999990706,53,0.00045833903
102.7645833333732,18.51402777776846,54,0.00056029274
102.84986111115099,18.532638888879575,55,9.371204e-05
102.75236111115098,18.709583333324044,56,0.0013113323
102.73013888892875,18.441805555546228,57,7.983472e-05
102.82263888892876,18.536249999990687,58,0.00038682364
102.75263888892876,18.6901388888796,59,2.2978657e-09
102.6668055555954,18.557916666657356,60,1.6833379e-10
102.44875000003982,18.434583333324007,61,6.9518064e-05
102.54958333337316,18.57013888887958,62,0.011541353
102.74597222226208,18.407361111101782,63,0.00037564657
102.70041666670652,18.742916666657383,64,0.00057612156
102.6831944444843,18.517083333324017,65,9.892516e-10
102.75902777781764,18.48736111110179,66,2.5788548e-05
102.78680555559542,18.439583333324006,67,0.00043078087
102.81625000003987,18.434861111101785,68,9.957531e-05
102.80513888892875,18.729027777768493,69,0.0010111298
102.7031944444843,18.447916666657342,70,0.00036520918
102.45180555559537,18.68069444443515,71,0.0023911058
102.48763888892871,18.506249999990683,72,8.712057e-06
102.59958333337318,18.449305555546232,73,1.2248631e-05
102.78180555559543,18.74236111110183,74,0.00017210505
102.72958333337318,18.528749999990687,75,2.5469982e-10
102.6843055555954,18.708472222212933,76,0.0031933195
102.79513888892876,18.542638888879576,77,3.874979e-05
102.82319444448432,18.704305555546267,78,0.00029003224
102.73125000003986,18.59180555554625,79,1.011943e-09
102.58097222226206,18.732638888879606,80,0.0010329608
102.61708333337317,18.647083333324037,81,7.194557e-10
102.7406944444843,18.416249999990672,82,0.00021722451
102.8434722222621,18.425416666657338,83,0.022335645
102.42569444448426,18.6262499999907,84,0.00015738046
102.87069444448433,18.427083333324006,85,8.3667204e-05
102.74097222226209,18.69374999999071,86,2.4189785e-05
102.82152777781765,18.508194444435127,87,1.9549268e-05
102.7406944444843,18.732638888879606,88,0.0029560067
102.5454166667065,18.66708333332404,89,1.0791836e-09
102.73708333337319,18.739861111101828,90,1.455489
102.47986111115094,18.685972222212932,91,0.00015002018
102.77263888892875,18.50569444443513,92,0.0003385992
102.70347222226208,18.63513888887959,93,0.00035446807
102.47680555559538,18.712638888879603,94,0.00049795845
102.899861111151,18.57041666665736,95,1.581238e-06
102.70736111115096,18.433472222212895,96,0.0013555961
102.46875000003982,18.59069444443514,97,1.7651595e-05
102.86069444448432,18.670972222212928,98,0.00027932363
102.84069444448431,18.612638888879587,99,7.647966e-05
102.73875000003986,18.534583333324022,100,1.9914057e-09
102.62847222226206,18.4734722222129,101,1.4389114e-09
102.42791666670648,18.562916666657358,102,2.543914e-05
102.45819444448426,18.512361111101796,103,2.907669e-05
102.87875000003989,18.49902777776846,104,0.00027583534
102.4515277778176,18.489861111101792,105,4.7412927e-06
102.67458333337318,18.544027777768466,106,8.993196e-09
102.51569444448427,18.546805555546246,107,4.789295e-05
102.41819444448426,18.566805555546246,108,0.00019158801
102.67347222226208,18.588749999990696,109,2.7878908e-09
102.42125000003982,18.70652777776849,110,0.00018315225
102.7170833333732,18.61236111110181,111,0.00038030147
102.84902777781765,18.645138888879593,112,7.409159e-05
102.70513888892874,18.751805555546273,113,0.025927221
102.53958333337316,18.42180555554623,114,1.8166258e-08
102.47486111115093,18.6312499999907,115,2.1991702e-05
102.41625000003981,18.597361111101808,116,4.9754753e-06
102.8509722222621,18.519861111101797,117,0.009127971
102.78930555559542,18.49513888887957,118,1.5318356e-05
102.88902777781766,18.66597222221293,119,0.00024389135
102.4240277778176,18.493472222212905,120,3.1606069e-06
102.71152777781764,18.65958333332404,121,9.587221e-10
102.60097222226206,18.544305555546245,122,1.5460159e-09
102.41736111115092,18.41263888887956,123,1.0490938e-05
102.9009722222621,18.72180555554627,124,0.0006957939
102.73875000003986,18.760694444435163,125,0.0014396954
102.89958333337322,18.551249999990688,126,4.8610753e-05
102.87625000003987,18.50652777776846,127,7.6301185e-05
102.57013888892872,18.491249999990682,128,8.475765e-11
102.84875000003987,18.64930555554626,129,0.00025098573
102.79125000003987,18.642361111101813,130,0.0010810372
102.46402777781759,18.387916666657333,131,1.9878382e-05
102.73097222226208,18.527638888879576,132,5.2759386e-10
102.86902777781765,18.57013888887958,133,0.0002438213
102.66958333337318,18.59069444443514,134,2.8778229e-09
102.71375000003985,18.626805555546255,135,0.00026060926
102.73430555559541,18.638194444435147,136,0.00013043935
102.84402777781766,18.474583333324013,137,3.847816e-05
102.60652777781762,18.756805555546276,138,3.6295005e-05
102.83125000003987,18.61597222221292,139,0.000117296084
102.76902777781764,18.50374999999068,140,0.0014311646
102.78152777781764,18.739861111101828,141,3.849364e-05
102.83930555559543,18.401527777768447,142,0.1587476
102.71652777781763,18.4534722222129,143,4.2705407e-05
102.5604166667065,18.555416666657358,144,8.903265e-09
102.53708333337316,18.60597222221292,145,0.0005704152
102.65236111115095,18.672916666657375,146,0.00018417787
102.45763888892871,18.73291666665738,147,0.0028205921
102.48458333337315,18.398194444435113,148,2.797396e-09
102.53208333337317,18.600138888879584,149,0.0001073645
102.89458333337322,18.513749999990683,150,0.00039406054
102.5229166667065,18.475138888879567,151,4.1088166e-05
102.52097222226205,18.389861111101776,152,4.7377366e-06
102.53819444448428,18.6287499999907,153,4.3167345e-09
102.81791666670654,18.494583333324016,154,0.00029566622
102.74597222226208,18.619305555546255,155,0.04509697
102.63875000003985,18.660138888879594,156,8.833568e-06
102.55430555559539,18.756249999990718,157,8.867347e-05
102.49763888892872,18.467638888879566,158,3.5647e-05
102.87430555559544,18.424583333324005,159,2.0484431e-05
102.68263888892874,18.611249999990697,160,9.712652e-09
102.6668055555954,18.669027777768484,161,0.00014147951
102.6856944444843,18.399583333324003,162,0.00043720068
102.8170833333732,18.650972222212925,163,0.0057782633
102.76013888892875,18.75708333332405,164,0.0001592772
102.8384722222621,18.56263888887958,165,0.00038718648
102.68541666670652,18.662916666657374,166,6.6423265e-05
102.60263888892872,18.599027777768473,167,0.00011304942
102.61013888892873,18.517361111101796,168,2.0739293e-09
102.89236111115099,18.75347222221294,169,0.00044245264
102.59569444448428,18.68874999999071,170,1.307301e-05
102.46541666670649,18.6976388888796,171,3.6007616e-05
102.64513888892874,18.4734722222129,172,5.305986e-09
102.52375000003983,18.53069444443513,173,5.6988647e-05
102.82791666670654,18.731527777768495,174,0.0006101765
102.51902777781761,18.57013888887958,175,1.5290121e-05
102.54736111115095,18.47263888887957,176,0.00011408901
102.54847222226205,18.703749999990713,177,6.448247e-05
102.58680555559539,18.67986111110182,178,3.2277134e-09
102.72041666670653,18.654027777768484,179,6.502975e-06
102.68958333337319,18.654583333324037,180,4.490718e-05
102.61847222226207,18.502083333324016,181,5.951804e-10
102.47208333337315,18.438749999990673,182,8.014153e-05
102.62902777781763,18.41291666665734,183,4.0662086e-05
102.8959722222621,18.48124999999068,184,0.00031974516
102.69208333337319,18.64819444443515,185,0.120424554
102.84013888892876,18.631805555546258,186,4.933305e-05
102.53875000003983,18.42791666665734,187,17.191969
102.66902777781763,18.533194444435132,188,1.6490653e-10
102.59402777781762,18.434583333324007,189,3.0570875e-05
102.59208333337317,18.70930555554627,190,5.7284018e-05
102.81680555559542,18.753194444435163,191,0.0008700308
102.43013888892871,18.75069444443516,192,0.00049042545
102.41569444448426,18.60847222221292,193,1.1949097e-05
102.52319444448428,18.42152777776845,194,6.744892e-10
102.7745833333732,18.647083333324037,195,0.0002523246
102.5040277778176,18.55374999999069,196,1.1162458e-05
102.83236111115099,18.550416666657355,197,0.000120325174
102.59513888892873,18.458749999990676,198,0.0001104907
102.88763888892876,18.74180555554627,199,9.4546616e-05
102.62736111115096,18.415694444435115,200,1.8177978e-05
102.53402777781761,18.66958333332404,201,8.0938767e-10
102.56652777781761,18.530138888879577,202,3.4893603e-08
102.53652777781761,18.756805555546276,203,0.00016635333
102.89263888892877,18.706805555546268,204,0.00082200905
102.87791666670654,18.409027777768447,205,0.000627483
102.897361111151,18.53708333332402,206,4.9738915e-06
102.70625000003986,18.746249999990717,207,0.00020042871
102.83791666670653,18.63263888887959,208,0.000114837894
102.54430555559539,18.4684722222129,209,0.001376589
102.9009722222621,18.602361111101807,210,0.00022296276
102.46541666670649,18.677638888879596,211,0.008667432
102.75847222226209,18.41097222221289,212,0.0008263598
102.8509722222621,18.740138888879606,213,3.8970495e-05
102.47958333337316,18.407916666657336,214,6.9586564e-10
102.48736111115093,18.387083333324,215,1.2636045e-10
102.48958333337316,18.389583333324,216,4.8231674e-10
102.61402777781763,18.389305555546223,217,9.802141e-06
102.74430555559542,18.41402777776845,218,0.00010429488
102.76541666670653,18.687083333324043,219,0.0002824166
102.71847222226208,18.720138888879603,220,9.85874e-05
102.57958333337317,18.695972222212934,221,9.851787e-05
102.52486111115094,18.42652777776845,222,2.1759311e-05
102.79125000003987,18.390972222212888,223,7.39352e-05
102.88263888892877,18.56124999999069,224,0.00056698703
102.79541666670653,18.404027777768448,225,0.00013290292
102.67013888892873,18.751805555546273,226,0.00018891688
102.51819444448427,18.657361111101817,227,0.004781425
102.65291666670652,18.49652777776846,228,3.9087394e-05
102.69513888892874,18.469305555546235,229,3.392007e-05
102.6831944444843,18.554027777768468,230,3.4174146e-09
102.50791666670649,18.745972222212938,231,0.0013426846
102.73736111115097,18.764305555546276,232,0.00032825174
102.87791666670654,18.509305555546238,233,4.275551e-05
102.42930555559538,18.69902777776849,234,0.00041594097
102.70013888892875,18.542083333324022,235,6.775561e-10
102.49513888892871,18.717083333324048,236,7.1424285e-05
102.46347222226204,18.54763888887958,237,3.4910572e-05
102.55236111115094,18.634861111101813,238,6.4751013e-09
102.52375000003983,18.46958333332401,239,9.2838105e-05
102.75041666670653,18.402083333324,240,3.720042e-05
102.6318055555954,18.418194444435116,241,0.00029994224
102.44208333337315,18.630694444435147,242,4.4968037e-06
102.74236111115097,18.481805555546234,243,4.605418e-05
102.83347222226209,18.491249999990682,244,4.719404e-06
102.53902777781761,18.545694444435135,245,0.00047214475
102.68652777781763,18.674027777768487,246,0.00013334907
102.71902777781763,18.75708333332405,247,0.0016603343
102.66486111115096,18.570972222212916,248,0.004483965
102.61763888892874,18.63402777776848,249,3.831102e-08
102.86791666670655,18.444583333324008,250,0.00016422775
102.89486111115099,18.499861111101794,251,4.397217e-05
102.71291666670652,18.543749999990688,252,1.0722979e-09
102.48875000003983,18.474305555546234,253,0.00010796452
102.90597222226211,18.635972222212924,254,0.000259603
102.88291666670655,18.64013888887959,255,0.00055423204
102.6581944444843,18.704305555546267,256,0.0006942027
102.86430555559544,18.424305555546226,257,4.3924185e-05
102.42625000003981,18.68847222221293,258,0.00075162656
102.46486111115094,18.399583333324003,259,3.896679e-05
102.4565277778176,18.649861111101814,260,0.00072494015
102.67763888892874,18.5473611111018,261,2.2752788e-08
102.86819444448432,18.70874999999071,262,0.00011099942
102.61875000003984,18.55513888887958,263,3.0299727e-09
102.84791666670654,18.674305555546262,264,3.4506837e-05
102.56930555559539,18.70930555554627,265,8.5454327e-10
102.54680555559538,18.51402777776846,266,0.000102242775
102.44375000003981,18.480416666657348,267,8.36755e-05
102.47625000003983,18.712638888879603,268,0.0006158239
102.73819444448431,18.503472222212906,269,0.0016943719
102.8170833333732,18.694583333324044,270,0.00041163247
102.5304166667065,18.43680555554623,271,1.0991712e-05
102.58236111115095,18.722083333324047,272,0.00038589953
102.49791666670649,18.507083333324015,273,1.2733401e-05
102.72875000003985,18.65569444443515,274,0.0054960847
102.62875000003984,18.74180555554627,275,1.1180484e-05
102.66875000003985,18.51263888887957,276,1.3693399e-08
102.68125000003985,18.43402777776845,277,0.0016974267
102.43013888892871,18.43624999999067,278,0.00012858768
102.50013888892872,18.674027777768487,279,0.0021415972
102.70708333337319,18.435972222212897,280,0.0025609867
102.5379166667065,18.39597222221289,281,2.1773046e-06
102.59597222226206,18.62208333332403,282,0.00015588282
102.64875000003984,18.59208333332403,283,4.4544276e-08
102.54097222226206,18.50152777776846,284,0.002302127
102.6943055555954,18.602916666657364,285,1.1948842e-10
102.55263888892873,18.476249999990678,286,0.00018359502
102.55902777781762,18.54097222221291,287,1.0791836e-09
102.902361111151,18.502361111101795,288,0.014697844
102.83875000003988,18.75874999999072,289,0.0144869955
102.50902777781761,18.54874999999069,290,2.1784886e-06
102.41430555559536,18.71791666665738,291,0.0007171563
102.66902777781763,18.636805555546257,292,7.194557e-10
102.78125000003986,18.49513888887957,293,0.0004512568
102.54875000003983,18.472916666657344,294,7.055921e-05
102.48625000003982,18.579861111101806,295,6.778312e-05
102.81541666670654,18.679027777768486,296,0.00077897875
102.47208333337315,18.462916666657343,297,3.600745e-05
102.83763888892877,18.63097222221292,298,3.058439e-05
102.6843055555954,18.6976388888796,299,0.0005646943
102.65652777781763,18.677083333324042,300,0.00016683646
102.54597222226205,18.536249999990687,301,0.0020895475
102.57125000003984,18.430694444435115,302,3.3885478e-06
102.6518055555954,18.42930555554623,303,0.000320624
102.64291666670651,18.627361111101813,304,0.0008044597
102.6418055555954,18.56513888887958,305,0.00013842281
102.61097222226206,18.634583333324034,306,2.657577e-09
102.86625000003988,18.76763888887961,307,0.0007676513
102.47986111115094,18.576805555546247,308,1.8262264e-05
102.5518055555954,18.4559722222129,309,7.349272e-05
102.7320833333732,18.559027777768467,310,2.221197e-09
102.70041666670652,18.41152777776845,311,4.5423454e-05
102.75013888892875,18.68097222221293,312,1.8985029e-05
102.62763888892873,18.52958333332402,313,7.593836e-10
102.78597222226209,18.61597222221292,314,0.0004937944
102.6431944444843,18.509861111101795,315,2.0887245e-09
102.53430555559538,18.52819444443513,316,6.8013673
102.53319444448428,18.713472222212935,317,4.696141e-10
102.48708333337316,18.394027777768446,318,1.6486236e-10
102.5879166667065,18.446527777768452,319,0.00041542138
102.64958333337319,18.626805555546255,320,9.405166e-09
102.4840277778176,18.744027777768494,321,0.011263896
102.48097222226204,18.659861111101815,322,0.0003830644
102.70902777781764,18.639305555546258,323,3.2454675e-05
102.83986111115098,18.6312499999907,324,0.0018866142
102.78513888892876,18.527916666657354,325,0.0002968288
102.79875000003987,18.730416666657383,326,0.0017616653
102.52875000003984,18.689305555546266,327,2.1009693e-10
102.47375000003983,18.52930555554624,328,0.00017727939
102.88763888892876,18.688194444435155,329,0.0014634797
102.56180555559538,18.763472222212943,330,9.770215e-05
102.51263888892872,18.720138888879603,331,3.604069e-05
102.82041666670654,18.551249999990688,332,4.7590533e-05
102.60458333337317,18.520138888879575,333,6.924761e-09
102.76513888892875,18.76763888887961,334,0.0027967866
102.73013888892875,18.44819444443512,335,0.0003498449
102.63819444448428,18.622916666657368,336,1.0168237e-05
102.77152777781764,18.43902777776845,337,7.830224e-05
102.4990277778176,18.54624999999069,338,3.4992433e-06
102.55486111115094,18.58291666665736,339,1.5378365e-08
102.72902777781763,18.74958333332405,340,0.0002291024
102.6418055555954,18.499861111101794,341,3.7932998e-10
102.76430555559541,18.443194444435118,342,0.0024070933
102.6756944444843,18.402916666657337,343,0.00011956742
102.4651388889287,18.720694444435157,344,0.00030910363
102.53097222226205,18.677083333324042,345,9.660382e-10
102.46986111115093,18.612638888879587,346,4.9462673e-05
102.44347222226205,18.474583333324013,347,5.4219934e-05
102.76625000003986,18.408472222212893,348,4.5853732e-05
102.89152777781766,18.66597222221293,349,3.2454962e-05
102.7606944444843,18.564583333324023,350,3.968793e-05
102.71875000003986,18.74958333332405,351,0.00030337006
102.74597222226208,18.52180555554624,352,0.00035279608
102.65236111115095,18.54013888887958,353,5.1261217e-09
102.54263888892872,18.491527777768457,354,0.00015550866
102.72041666670653,18.611249999990697,355,0.00086343294
102.81347222226209,18.736527777768494,356,0.001721387
102.70125000003985,18.711805555546267,357,0.0013958398
102.66847222226207,18.647361111101816,358,0.0015558861
102.67847222226207,18.435694444435118,359,0.0012169927
102.86430555559544,18.65680555554626,360,0.00021326542
102.65319444448428,18.4534722222129,361,5.4858496e-09
102.75263888892876,18.51930555554624,362,6.46255e-05
102.6029166667065,18.471527777768458,363,9.892516e-10
102.42125000003982,18.6926388888796,364,4.268311e-05
102.48847222226205,18.45180555554623,365,1.577173e-06
102.62458333337318,18.406805555546224,366,6.499823e-05
102.7320833333732,18.433472222212895,367,2.9363024e-05
102.7281944444843,18.69874999999071,368,0.00013309009
102.87041666670655,18.652916666657372,369,0.5149748
102.83736111115098,18.743749999990715,370,0.00014636532
102.74541666670653,18.442638888879564,371,0.0003285026
102.49458333337316,18.400694444435114,372,1.3987052e-05
102.53180555559538,18.762083333324053,373,6.780008e-05
102.8434722222621,18.467916666657345,374,0.000713276
102.79625000003986,18.63013888887959,375,0.000570752
102.87875000003989,18.68236111110182,376,0.0036776722
102.64958333337319,18.757638888879608,377,4.682495e-05
102.6068055555954,18.757916666657387,378,6.724649e-05
102.53902777781761,18.58819444443514,379,0.0014979837
102.81208333337321,18.59708333332403,380,0.00015393154
102.73263888892875,18.47263888887957,381,5.2148225e-05
102.5315277778176,18.520972222212908,382,3.9773382e-05
102.7156944444843,18.75069444443516,383,0.0003559364
102.79236111115098,18.401805555546225,384,0.0007382285
102.70708333337319,18.69097222221293,385,8.72277e-05
102.55569444448427,18.726249999990713,386,7.315215e-05
102.82013888892877,18.500694444435126,387,0.00016990282
102.88847222226211,18.641249999990702,388,1.5637506e-05
102.6281944444843,18.705972222212935,389,6.341194e-05
102.89013888892877,18.729305555546272,390,0.00050070556
102.57430555559539,18.651249999990704,391,3.9017286e-05
102.60847222226207,18.652638888879594,392,9.892516e-09
102.7118055555954,18.467916666657345,393,0.00020732873
102.74652777781763,18.51291666665735,394,0.0018139912
102.70513888892874,18.636805555546257,395,0.00011414444
102.72152777781764,18.769305555546275,396,0.00053443626
102.90486111115099,18.747916666657385,397,0.00023484559
102.84680555559542,18.517916666657353,398,0.00039681085
102.72680555559542,18.52930555554624,399,2.955497e-05
102.45680555559538,18.654027777768484,400,0.007870142
102.53930555559539,18.596249999990697,401,8.252684e-05
102.46569444448427,18.729027777768493,402,0.00026331012
102.45541666670648,18.6387499999907,403,1.7503224e-05
102.54708333337317,18.745416666657384,404,0.00024791126
102.7970833333732,18.577083333324026,405,4.4180328e-05
102.5440277778176,18.66597222221293,406,5.713223e-10
102.83958333337321,18.524861111101796,407,0.02257858
102.42847222226204,18.566249999990692,408,1.9740233e-05
102.84930555559544,18.61236111110181,409,0.0023459233
102.58375000003984,18.478194444435125,410,0.00025432577
102.58875000003984,18.76513888887961,411,1.2599026e-05
102.44708333337316,18.424583333324005,412,3.155168e-06
102.42930555559538,18.40874999999067,413,8.448229e-05
102.5929166667065,18.54763888887958,414,9.532789e-09
102.74652777781763,18.743749999990715,415,2.0367527
102.47736111115093,18.603194444435143,416,5.497629e-06
102.83291666670654,18.698194444435156,417,0.00019201246
102.60041666670651,18.62097222221292,418,7.618078e-05
102.54375000003984,18.55513888887958,419,0.00041137074
102.62291666670652,18.54597222221291,420,1.0167229e-10
102.71125000003985,18.575694444435136,421,1.0513216e-09
102.6756944444843,18.395416666657333,422,9.838836e-05
102.55375000003983,18.652638888879594,423,7.245498e-05
102.8495833333732,18.513749999990683,424,0.00013303636
102.90208333337321,18.639305555546258,425,1.4147865e-05
102.77986111115098,18.39486111110178,426,2.4188837e-05
102.90430555559544,18.65708333332404,427,0.004959531
102.77902777781765,18.642638888879592,428,0.0028414023
102.64347222226206,18.507083333324015,429,8.9793734e-10
102.6343055555954,18.67319444443515,430,0.00016498
102.65486111115096,18.47874999999068,431,2.6850566e-09
102.51430555559539,18.59958333332403,432,0.0005542355
102.51347222226205,18.530138888879577,433,2.6461708e-05
102.57402777781762,18.72708333332405,434,8.719081e-06
102.45597222226205,18.50402777776846,435,2.0779722e-05
102.43791666670649,18.60569444443514,436,2.5790914e-05
102.63625000003985,18.41874999999067,437,7.498798e-05
102.45625000003982,18.62236111110181,438,1.64362e-09
102.76902777781764,18.511249999990685,439,0.00037522658
102.86236111115099,18.697916666657378,440,7.921197e-05
102.6431944444843,18.713749999990714,441,5.196936e-05
102.60402777781762,18.60736111110181,442,1.0492033e-05
102.49513888892871,18.649861111101814,443,0.0006783667
102.56791666670651,18.629027777768478,444,3.894054e-08
102.76791666670653,18.500138888879572,445,0.0006281267
102.7820833333732,18.732638888879606,446,0.0062530017
102.69041666670653,18.75069444443516,447,0.0029125505
102.60847222226207,18.40486111110178,448,0.019437343
102.89486111115099,18.662361111101816,449,0.0042152465
102.55375000003983,18.513472222212908,450,0.00010720848
102.54736111115095,18.562083333324026,451,6.1153735e-09
102.55930555559539,18.41291666665734,452,3.5972786e-10
102.70875000003986,18.666527777768483,453,0.00014866916
102.5804166667065,18.759027777768498,454,0.00010957705
102.53875000003983,18.569861111101805,455,0.0008968096
102.8084722222621,18.52458333332402,456,0.0006959336
102.88236111115098,18.72319444443516,457,0.00056953006
102.55069444448428,18.511249999990685,458,8.0938767e-10
102.48069444448427,18.71652777776849,459,0.00034480475
102.45069444448426,18.500416666657348,460,0.000105583975
102.66375000003985,18.73569444443516,461,5.8242542e-05
102.65708333337318,18.555694444435133,462,1.089305e-05
102.75125000003986,18.415416666657336,463,3.954548e-05
102.55902777781762,18.652361111101815,464,1.2238387e-08
102.86041666670654,18.691805555546264,465,0.00021572397
102.6068055555954,18.534305555546243,466,5.395918e-10
102.61041666670651,18.45208333332401,467,0.00035169758
102.70097222226208,18.52708333332402,468,8.868771e-11
102.59763888892873,18.761527777768496,469,0.0019982653
102.62791666670651,18.57930555554625,470,2.1044078e-08
102.58541666670651,18.390138888879555,471,6.4470596e-10
102.76597222226208,18.5523611111018,472,6.3909994e-10
102.86819444448432,18.718472222212934,473,6.7725625e-05
102.44791666670649,18.667916666657373,474,0.00052784476
102.77097222226209,18.462916666657343,475,0.00021135874
102.75208333337319,18.465694444435123,476,0.0003044983
102.80013888892876,18.48152777776846,477,0.0003762791
102.70513888892874,18.542638888879576,478,1.2590475e-09
102.53708333337316,18.679027777768486,479,3.4174146e-09
102.42430555559537,18.704583333324045,480,0.0007494033
102.81513888892876,18.721249999990714,481,0.00074166124
102.59013888892872,18.63513888887959,482,3.796309e-10
102.86041666670654,18.395138888879558,483,0.0011198176
102.49180555559538,18.52819444443513,484,6.9959765e-06
102.44180555559538,18.524027777768463,485,2.2423294e-05
102.66458333337319,18.450138888879565,486,6.3203333e-06
102.78763888892875,18.524027777768463,487,1.745283e-05
102.6079166667065,18.685416666657375,488,0.0015464077
102.89013888892877,18.427083333324006,489,1.4531404e-05
102.53458333337316,18.73930555554627,490,1.6925049e-05
102.72236111115097,18.642361111101813,491,0.00021917344
102.88013888892877,18.5373611111018,492,3.4304707e-05
102.57375000003984,18.505972222212904,493,7.1046253e-09
102.89208333337321,18.63152777776848,494,0.011884065
102.48819444448426,18.66430555554626,495,0.0045374213
102.78291666670653,18.537638888879577,496,3.9933298e-08
102.82625000003988,18.74958333332405,497,0.00019775635
102.5654166667065,18.449583333324007,498,1.4208901e-05
102.58736111115095,18.39569444443511,499,1.9190584e-05
102.60458333337317,18.470138888879568,500,4.6764623e-09
102.44625000003981,18.721249999990714,501,0.0002310826
102.85680555559543,18.399027777768445,502,0.00037828667
102.4126388889287,18.396805555546223,503,2.6130616e-05
102.72097222226208,18.407916666657336,504,0.00048107686
102.49430555559537,18.53708333332402,505,2.6381054e-05
102.48819444448426,18.51430555554624,506,2.9975608e-06
102.75986111115097,18.74208333332405,507,0.0031417436
102.71458333337318,18.46069444443512,508,0.0001450369
102.88069444448432,18.48791666665735,509,0.00015534576
102.42125000003982,18.60986111110181,510,3.3892402e-06
102.54347222226205,18.712361111101824,511,6.3300665e-10
102.68625000003985,18.67208333332404,512,0.01638162
102.89791666670655,18.456249999990675,513,7.6442164e-05
102.50375000003983,18.541527777768465,514,8.536577e-05
102.69847222226207,18.66541666665737,515,0.00016822785
102.86430555559544,18.696527777768488,516,0.123813815
102.887361111151,18.490694444435125,517,1.1219036e-05
102.70902777781764,18.76736111110183,518,0.00014723394
102.63097222226207,18.492083333324015,519,3.877358e-05
102.70875000003986,18.411805555546227,520,0.0013175174
102.85069444448432,18.739861111101828,521,0.00013340695
102.90402777781766,18.404305555546223,522,5.1013907e-05
102.67152777781763,18.472916666657344,523,7.65913e-11
102.47291666670648,18.642083333324035,524,1.4206845e-05
102.71930555559541,18.664861111101818,525,2.9677547e-09
102.84625000003987,18.57541666665736,526,0.00022409241
102.74986111115098,18.499583333324015,527,0.00028951318
102.48847222226205,18.592916666657363,528,0.0003027686
102.75069444448431,18.540694444435132,529,2.608027e-09
102.64625000003984,18.74236111110183,530,8.157884e-05
102.82236111115098,18.477916666657347,531,6.7310924e-05
102.63958333337318,18.752638888879606,532,0.000252066
102.59125000003984,18.753194444435163,533,3.1445776e-05
102.75986111115097,18.69624999999071,534,4.723731e-06
102.5654166667065,18.610694444435143,535,6.547698e-08
102.60597222226207,18.652638888879594,536,6.817084e-05
102.54625000003983,18.730416666657383,537,0.0034817765
102.82847222226209,18.57291666665736,538,0.00011045961
102.46791666670649,18.390138888879555,539,1.4806499e-10
102.83958333337321,18.722361111101826,540,0.0010573153
102.45375000003982,18.53874999999069,541,6.507194e-05
102.50013888892872,18.712638888879603,542,0.0009941804
102.53208333337317,18.569583333324026,543,0.00028467516
102.49208333337316,18.519027777768464,544,4.3564564e-06
102.45069444448426,18.60736111110181,545,0.00024940175
102.5704166667065,18.569583333324026,546,8.543668e-10
102.51875000003983,18.667638888879594,547,9.105226e-05
102.41875000003981,18.74347222221294,548,0.00014999932
102.88847222226211,18.49791666665735,549,0.00013407994
102.65763888892873,18.477916666657347,550,3.5972786e-10
102.44097222226203,18.75874999999072,551,0.0002650285
102.72625000003985,18.432083333324005,552,0.00042294423
102.88041666670655,18.731527777768495,553,0.00932
102.72263888892874,18.39597222221289,554,0.00013365078
102.59875000003984,18.432361111101784,555,9.869909e-05
102.5793055555954,18.453749999990677,556,1.3554587e-05
102.83875000003988,18.621805555546256,557,0.00027817558
102.66958333337318,18.768194444435164,558,0.0004900777
102.47486111115093,18.67319444443515,559,0.00059351244
102.5579166667065,18.727916666657382,560,6.959834e-05
102.66986111115096,18.443194444435118,561,0.009638244
102.71402777781763,18.526249999990686,562,3.4951234e-05
102.57708333337317,18.502361111101795,563,6.1153735e-09
102.79763888892876,18.415416666657336,564,9.5495205e-05
102.62236111115095,18.387083333324,565,2.3264107e-05
102.44597222226204,18.7690277777685,566,0.31575418
102.86041666670654,18.583472222212915,567,0.00025021553
102.78125000003986,18.73180555554627,568,0.00013710697
102.46208333337316,18.549583333324023,569,0.00012459874
102.53263888892872,18.424583333324005,570,4.3581816e-10
102.44375000003981,18.738194444435162,571,0.0002529263
102.87652777781766,18.6901388888796,572,0.00016564339
102.75458333337319,18.63013888887959,573,0.056343745
102.52875000003984,18.686805555546265,574,1.6842487e-10
102.8734722222621,18.755694444435164,575,0.0012213924
102.4904166667065,18.76874999999072,576,8.404795e-05
102.82625000003988,18.738749999990716,577,0.00057564315
102.41902777781759,18.519861111101797,578,0.00048214738
102.46013888892871,18.494305555546237,579,0.0020467974
102.61236111115095,18.518472222212907,580,9.0548385e-10
102.43930555559537,18.638472222212926,581,1.4002918e-05
102.73402777781763,18.75874999999072,582,0.0010274292
102.83263888892876,18.399305555546224,583,0.00045361964
102.78291666670653,18.75236111110183,584,0.00021416355
102.70236111115096,18.490416666657346,585,0.008738829
102.56486111115095,18.42152777776845,586,2.7766835e-09
102.44791666670649,18.489861111101792,587,9.831233e-05
102.55847222226205,18.674305555546262,588,0.00012453881
102.65791666670651,18.647083333324037,589,9.428521e-05
102.60819444448428,18.513472222212908,590,1.3994646e-10
102.59625000003984,18.416249999990672,591,1.6076992e-05
102.89180555559544,18.431249999990673,592,7.537585e-05
102.42180555559537,18.65569444443515,593,6.041382e-05
102.65986111115096,18.41291666665734,594,0.00018944079
102.78652777781764,18.47069444443512,595,0.0007824025
102.64819444448429,18.43680555554623,596,4.6572215e-05
102.88152777781765,18.697916666657378,597,2.5360505e-05
102.64708333337317,18.41152777776845,598,0.05898505
102.74791666670653,18.50680555554624,599,0.0002403958
102.87152777781766,18.634861111101813,600,3.177367e-05
102.78152777781764,18.618194444435144,601,3.8654667e-05
102.88236111115098,18.525694444435132,602,0.022328587
102.47180555559538,18.714583333324047,603,0.0003917305
102.51930555559538,18.391249999990666,604,2.697959e-10
102.83819444448432,18.763472222212943,605,0.00010061283
102.6179166667065,18.512361111101796,606,3.7026309e-09
102.4651388889287,18.687083333324043,607,0.00022727592
102.84291666670654,18.738472222212938,608,0.0004706351
102.88236111115098,18.620138888879588,609,0.0012466748
102.48291666670649,18.72708333332405,610,0.00034864811
102.89180555559544,18.400416666657335,611,0.00014245002
102.80736111115098,18.544027777768466,612,1.3760332e-09
102.49930555559538,18.56263888887958,613,4.4966114e-06
102.43458333337315,18.54124999999069,614,1.5808608e-06
102.76513888892875,18.569861111101805,615,3.166814e-05
102.50319444448427,18.647361111101816,616,7.342302e-05
102.66541666670652,18.759305555546273,617,4.02851e-05
102.47041666670648,18.41152777776845,618,2.4166213e-05
102.4290277778176,18.491249999990682,619,1.4975473e-06
102.67291666670651,18.400138888879557,620,0.0020586047
102.71125000003985,18.76513888887961,621,0.00076216686
102.86680555559543,18.43930555554623,622,0.00011521307
102.55402777781761,18.456805555546232,623,6.196069e-05
102.6968055555954,18.464027777768454,624,0.040351935
102.79875000003987,18.636527777768478,625,0.0010327869
102.8534722222621,18.46236111110179,626,4.0606516e-05
102.81013888892876,18.57930555554625,627,0.00033379238
102.71375000003985,18.490972222212903,628,0.00092936936
102.8495833333732,18.693472222212932,629,0.0017150546
102.69847222226207,18.408472222212893,630,4.8332357e-05
102.59375000003983,18.520138888879575,631,8.993197e-10
102.50875000003983,18.606805555546252,632,7.626305e-05
102.49347222226204,18.662361111101816,633,0.000333324
102.57736111115095,18.75069444443516,634,0.00032358008
102.81847222226209,18.72708333332405,635,0.000655954
102.5179166667065,18.709861111101823,636,3.3893725e-06
102.4251388889287,18.522638888879573,637,8.713599e-06
102.61125000003985,18.50680555554624,638,0.00019204928
102.85902777781766,18.75597222221294,639,0.0006803895
102.60736111115095,18.60458333332403,640,2.9677547e-09
102.57680555559539,18.552638888879578,641,1.3311064e-09
102.48263888892872,18.74986111110183,642,0.00011163623
102.4415277778176,18.44569444443512,643,1.892739e-05
102.52013888892871,18.70152777776849,644,4.3257005e-06
102.44097222226203,18.60458333332403,645,0.00017546942
102.4390277778176,18.42263888887956,646,0.0017734441
102.6668055555954,18.501249999990684,647,2.3382312e-09
102.6118055555954,18.68124999999071,648,2.1674715e-07
102.84791666670654,18.415972222212893,649,2.0982237e-05
102.69930555559542,18.76013888887961,650,0.0006744899
102.72013888892874,18.64819444443515,651,4.521898e-05
102.55819444448427,18.58930555554625,652,7.824081e-09
102.5029166667065,18.431249999990673,653,1.5318102e-10
102.5154166667065,18.547916666657358,654,2.8594033e-05
102.88569444448433,18.714583333324047,655,0.00055550307
102.5579166667065,18.685138888879596,656,2.4404713e-05
102.54347222226205,18.51930555554624,657,7.292556e-05
102.48708333337316,18.58958333332403,658,0.00011514766
102.82069444448432,18.537638888879577,659,0.000274343
102.84819444448432,18.61513888887959,660,7.927101e-05
102.71263888892875,18.575972222212915,661,2.3386788e-07
102.67152777781763,18.50680555554624,662,0.0017962855
102.52958333337317,18.627083333324034,663,1.4854861e-09
102.56125000003983,18.542916666657355,664,5.1261217e-09
102.79569444448431,18.510972222212907,665,0.0015311216
102.43236111115093,18.616527777768475,666,0.0002917439
102.70708333337319,18.428194444435118,667,7.0786686e-05
102.5054166667065,18.574583333324025,668,8.455191e-06
102.5565277778176,18.419583333324006,669,9.362429e-10
102.81541666670654,18.54124999999069,670,8.705414e-08
102.47291666670648,18.430694444435115,671,9.91664e-06
102.53819444448428,18.50791666665735,672,2.2179342e-05
102.48513888892872,18.51930555554624,673,0.00060806115
102.86708333337322,18.61236111110181,674,0.00021914895
102.55375000003983,18.73319444443516,675,0.0001838115
102.4690277778176,18.415416666657336,676,1.1937612e-10
102.71986111115096,18.525416666657353,677,0.0002676865
102.74402777781764,18.715694444435158,678,0.000108185865
102.78763888892875,18.73458333332405,679,5.1838753e-05
102.80097222226209,18.667638888879594,680,0.00041605954
102.72097222226208,18.71402777776849,681,0.00061985967
102.88208333337322,18.408194444435114,682,0.00041735658
102.58708333337317,18.45430555554623,683,5.8316968e-05
102.7195833333732,18.72541666665738,684,0.0007424855
102.61986111115095,18.680416666657376,685,2.105461e-05
102.90513888892878,18.581249999990693,686,0.00010567499
102.41597222226204,18.555416666657358,687,2.0667389e-05
102.46069444448426,18.476805555546235,688,0.00010562482
102.87152777781766,18.47263888887957,689,5.395918e-10
102.81013888892876,18.447916666657342,690,3.9763265e-05
102.70680555559541,18.635416666657367,691,6.970138e-05
102.72652777781764,18.704583333324045,692,0.0017493513
102.74847222226208,18.517638888879574,693,0.00028110476
102.43236111115093,18.68874999999071,694,7.8239165e-05
102.53958333337316,18.545138888879578,695,0.0004181227
102.88458333337321,18.467916666657345,696,0.0006329061
102.71986111115096,18.692083333324042,697,9.054567e-05
102.65986111115096,18.669861111101817,698,0.00500306
102.43375000003982,18.399583333324003,699,0.03028201
102.50208333337316,18.48624999999068,700,6.777317e-05
102.46458333337316,18.60347222221292,701,0.00029401504
102.53458333337316,18.53097222221291,702,4.198745e-05
102.44930555559537,18.715972222212937,703,0.00013082787
102.75902777781764,18.489305555546235,704,7.094983e-05
102.52013888892871,18.465416666657344,705,0.00011787054
102.48375000003982,18.405416666657334,706,3.8383198e-05
102.88819444448433,18.419583333324006,707,0.000708354
102.78763888892875,18.569305555546247,708,0.00023046412
102.71930555559541,18.746249999990717,709,0.00627717
102.55375000003983,18.577361111101805,710,3.5972786e-10
102.90041666670655,18.666527777768483,711,0.0001725247
102.90513888892878,18.640694444435148,712,1.099606e-05
102.5565277778176,18.690416666657377,713,4.3589157e-06
102.7920833333732,18.426805555546228,714,9.941879e-06
102.56902777781761,18.627638888879588,715,4.2811683e-09
102.81625000003987,18.7051388888796,716,0.0001649255
102.5279166667065,18.73291666665738,717,3.5023816e-06
102.73013888892875,18.553194444435135,718,2.1583673e-09
102.68902777781763,18.51430555554624,719,3.79362e-10
102.61402777781763,18.407916666657336,720,0.000117586045
102.82652777781765,18.42902777776845,721,6.419593e-05
102.77819444448431,18.69847222221293,722,0.0005402316
102.45541666670648,18.443749999990676,723,1.821564e-05
102.66847222226207,18.603749999990697,724,6.3851693e-09
102.76819444448431,18.388749999990665,725,6.2000295e-06
102.48513888892872,18.71819444443516,726,0.0057049133
102.7595833333732,18.414583333324003,727,0.00015000843
102.81597222226209,18.492916666657347,728,0.00016703551
102.59486111115095,18.43791666665734,729,5.1836385e-05
102.89819444448433,18.504583333324018,730,0.00014706323
102.43458333337315,18.557083333324023,731,5.7196656e-05
102.46430555559537,18.533749999990686,732,0.0002536107
102.72402777781764,18.567361111101803,733,3.8730784e-07
102.62208333337318,18.50374999999068,734,0.00013508389
102.53652777781761,18.59680555554625,735,0.0002614294
102.79791666670654,18.672638888879597,736,0.00012528783
102.62347222226207,18.66541666665737,737,5.3959184e-09
102.89319444448432,18.605416666657366,738,0.00076029496
102.47347222226205,18.7001388888796,739,0.00024143116
102.72402777781764,18.657361111101817,740,7.762249e-06
102.65708333337318,18.418194444435116,741,0.00028878514
102.82819444448431,18.397083333324,742,0.0009894778
102.88069444448432,18.449861111101786,743,0.00011629428
102.55430555559539,18.44569444443512,744,9.480254e-10
102.56097222226205,18.6262499999907,745,3.201578e-08
102.70847222226207,18.396527777768444,746,1.860011e-05
102.50347222226205,18.617083333324032,747,0.02168321
102.6806944444843,18.769583333324054,748,0.0009869902
102.62208333337318,18.671527777768485,749,3.2375507e-09
102.81125000003988,18.667916666657373,750,0.00039742133
102.7331944444843,18.48263888887957,751,7.585836e-05
102.79486111115098,18.581249999990693,752,7.514701e-05
102.75180555559541,18.68236111110182,753,4.6929996e-05
102.6693055555954,18.70041666665738,754,0.00036583337
102.66402777781762,18.75597222221294,755,0.0030659032
102.56736111115094,18.689027777768487,756,2.1943398e-08
102.5290277778176,18.629305555546257,757,3.2243124e-09
102.7959722222621,18.405694444435113,758,0.000397397
102.48958333337316,18.47236111110179,759,0.0004276034
102.87819444448432,18.55597222221291,760,6.790143e-05
102.52458333337316,18.40874999999067,761,4.790686e-05
102.58763888892872,18.703194444435155,762,0.00021904627
102.5354166667065,18.52069444443513,763,6.200339e-06
102.50847222226204,18.487083333324016,764,0.00025600393
102.78375000003986,18.483194444435124,765,0.0004277093
102.54208333337317,18.57402777776847,766,6.2004524e-06
102.46236111115093,18.730138888879605,767,0.0004576317
102.8834722222621,18.6262499999907,768,0.00031003598
102.60347222226206,18.50569444443513,769,0.000115941584
102.65319444448428,18.552083333324024,770,3.4174146e-09
102.42930555559538,18.560138888879578,771,4.837882e-05
102.47847222226204,18.391249999990666,772,1.7986393e-10
102.50347222226205,18.58819444443514,773,3.4918796e-10
102.89541666670655,18.720694444435157,774,0.0003275422
102.55902777781762,18.542916666657355,775,1.7087073e-09
102.7845833333732,18.524861111101796,776,0.00036206262
102.70875000003986,18.419583333324006,777,0.0014868675
102.89291666670655,18.464305555546233,778,0.0019425302
102.67013888892873,18.668749999990705,779,0.0030839597
102.60708333337317,18.636249999990703,780,0.3692736
102.88236111115098,18.407916666657336,781,0.006990116
102.5329166667065,18.721249999990714,782,1.9222566e-09
102.58597222226206,18.52708333332402,783,2.940033e-10
102.43958333337315,18.43513888887956,784,1.042164e-10
102.43652777781759,18.48652777776846,785,2.7187958e-05
102.86763888892877,18.637083333324036,786,0.00018705553
102.90513888892878,18.49652777776846,787,0.00025322838
102.60097222226206,18.54597222221291,788,1.9065732e-10
102.41625000003981,18.644583333324036,789,0.0005527338
102.83430555559544,18.660972222212926,790,0.00088567496
102.43791666670649,18.648749999990702,791,0.00010142041
102.7809722222621,18.56263888887958,792,2.7601223e-05
102.5604166667065,18.629583333324035,793,3.29151e-08
102.47069444448427,18.732638888879606,794,0.00026781118
102.46736111115094,18.486805555546237,795,2.2327395e-05
102.47708333337316,18.75069444443516,796,8.288471e-05
102.42875000003981,18.504861111101793,797,4.5955179e-10
102.56791666670651,18.502083333324016,798,1.9891773e-10
102.48736111115093,18.57402777776847,799,3.388253e-06
102.89513888892877,18.459861111101787,800,0.00032432275
102.47986111115094,18.764027777768497,801,0.0004228352
102.73791666670652,18.602361111101807,802,9.446375e-05
102.48819444448426,18.472916666657344,803,2.8283372e-05
102.76986111115097,18.389861111101776,804,5.3051477e-05
102.46069444448426,18.4684722222129,805,0.00013291594
102.89819444448433,18.40097222221289,806,1.9017516e-05
102.63902777781762,18.586249999990695,807,8.093877e-09
102.58680555559539,18.59708333332403,808,2.1583673e-09
102.75541666670652,18.431805555546227,809,0.0004967499
102.69763888892874,18.5373611111018,810,3.7941314e-10
102.7795833333732,18.61208333332403,811,0.0006202084
102.5904166667065,18.563194444435137,812,0.00013807561
102.79541666670653,18.458749999990676,813,0.00045393812
102.70652777781763,18.461527777768456,814,0.0001966059
102.58847222226206,18.755694444435164,815,1.9520043e-05
102.44930555559537,18.633472222212923,816,1.7156777e-05
102.65291666670652,18.604305555546254,817,1.8885713e-09
102.47347222226205,18.596249999990697,818,4.5430686e-05
102.72375000003986,18.52208333332402,819,0.30095142
102.59986111115096,18.592916666657363,820,0.00016879165
102.84319444448433,18.487083333324016,821,0.030852107
102.65763888892873,18.54013888887958,822,4.7663944e-09
102.8759722222621,18.460416666657345,823,0.0005060352
102.84875000003987,18.66680555554626,824,0.00041590934
102.62263888892873,18.66847222221293,825,3.7022498e-09
102.70180555559541,18.735138888879604,826,0.003974605
102.44930555559537,18.62486111110181,827,1.5689354e-09
102.50125000003983,18.433749999990674,828,3.3105512e-09
102.6756944444843,18.730972222212937,829,0.0017761004
102.66125000003984,18.568194444435136,830,9.549467e-10
102.64125000003985,18.429861111101783,831,0.00069175276
102.73486111115098,18.465694444435123,832,0.0009412741
102.64736111115096,18.510138888879574,833,8.993197e-10
102.57013888892872,18.73208333332405,834,2.8369108e-05
102.53958333337316,18.407361111101782,835,4.15418e-05
102.88041666670655,18.678749999990707,836,0.0022393619
102.4965277778176,18.700694444435154,837,0.03441911
102.89680555559544,18.44402777776845,838,0.00010053587
102.59263888892873,18.670416666657374,839,3.593186e-05
102.85458333337321,18.417083333324005,840,7.72966e-05
102.82847222226209,18.68097222221293,841,0.001036249
102.42208333337315,18.654861111101816,842,5.8247417e-05
102.51180555559539,18.42874999999067,843,6.777123e-06
102.62541666670651,18.476249999990678,844,1.12124106e-08
102.5729166667065,18.709583333324044,845,0.00022201911
102.75791666670654,18.676249999990706,846,0.00010110007
102.6043055555954,18.66319444443515,847,5.5757816e-09
102.88458333337321,18.636249999990703,848,0.0044144187
102.51013888892872,18.595972222212918,849,0.00052859733
102.67041666670652,18.675694444435152,850,0.00016886892
102.7181944444843,18.49263888887957,851,0.0021366673
102.65069444448429,18.40513888887956,852,5.3735777e-05
102.64819444448429,18.74458333332405,853,5.895158e-05
102.73263888892875,18.42930555554623,854,0.00065012445
102.42930555559538,18.71041666665738,855,0.0034460907
102.73041666670653,18.660972222212926,856,7.6594904e-11
102.87041666670655,18.617916666657365,857,9.952022e-05
102.7320833333732,18.38819444443511,858,0.00034622665
102.85319444448432,18.71541666665738,859,0.00041405324
102.5179166667065,18.46180555554623,860,0.00020332837
102.90680555559544,18.406527777768446,861,7.6214375e-05
102.85625000003988,18.657361111101817,862,0.00094008725
102.52875000003984,18.58069444443514,863,2.3281802e-05
102.7006944444843,18.722083333324047,864,0.00031420297
102.81013888892876,18.685694444435153,865,9.063649e-05
102.65763888892873,18.392638888879556,866,4.689237e-05
102.53819444448428,18.72819444443516,867,4.223565e-05
102.82125000003987,18.47124999999068,868,0.00043718956
102.47819444448427,18.438472222212894,869,1.6885707e-09
102.45680555559538,18.507638888879573,870,0.00028490456
102.82652777781765,18.712638888879603,871,0.0007581034
102.45763888892871,18.475138888879567,872,9.452235e-06
102.86513888892877,18.73569444443516,873,7.863776e-05
102.75763888892875,18.72708333332405,874,0.0002887966
102.6118055555954,18.636249999990703,875,4.2268025e-09
102.74680555559542,18.613194444435145,876,0.0029288714
102.75763888892875,18.754583333324053,877,0.00069374003
102.44347222226205,18.540416666657354,878,4.2706117e-05
102.57152777781761,18.39597222221289,879,3.4966964e-05
102.78875000003987,18.536527777768466,880,1.612498e-09
102.88458333337321,18.669305555546263,881,0.014408778
102.65236111115095,18.686249999990707,882,0.0006827764
102.80236111115099,18.615416666657364,883,0.0006500581
102.83930555559543,18.38847222221289,884,5.6828423e-05
102.62902777781763,18.40347222221289,885,0.000108879685
102.78513888892876,18.603749999990697,886,0.0002672668
102.84680555559542,18.594583333324028,887,0.00025307763
102.79236111115098,18.434861111101785,888,0.00044560988
102.50180555559538,18.5548611111018,889,8.869109e-06
102.62236111115095,18.456805555546232,890,2.654643e-09
102.42291666670648,18.67347222221293,891,0.00016063047
102.63791666670652,18.404027777768448,892,4.7388843e-05
102.63375000003984,18.534861111101797,893,1.6080896e-10
102.83625000003987,18.482083333324013,894,7.526563e-05
102.63708333337318,18.573472222212914,895,1.4119318e-08
102.66069444448429,18.397916666657334,896,9.1705384e-05
102.76875000003986,18.508194444435127,897,0.0012040355
102.47069444448427,18.42791666665734,898,1.798638e-05
102.6068055555954,18.738749999990716,899,6.8936756e-10
102.5704166667065,18.475416666657345,900,2.2576744e-05
102.7431944444843,18.498472222212904,901,0.00080612843
102.8220833333732,18.757638888879608,902,0.0011848998
102.77875000003986,18.428472222212893,903,3.919965e-05
102.46319444448426,18.464027777768454,904,7.736757e-05
102.58541666670651,18.476249999990678,905,4.096281e-05
102.6318055555954,18.643194444435146,906,6.411402e-07
102.46986111115093,18.755138888879607,907,5.2674837e-05
102.62625000003985,18.49791666665735,908,0.001871024
102.52486111115094,18.594861111101807,909,0.00014025024
102.59097222226207,18.41874999999067,910,3.336199e-05
102.88263888892877,18.471805555546233,911,1.8588177e-09
102.70208333337318,18.43819444443512,912,0.000504839
102.78013888892876,18.720972222212936,913,0.0009400625
102.90430555559544,18.51152777776846,914,9.755175e-05
102.4540277778176,18.46486111110179,915,3.531525e-10
102.88291666670655,18.438472222212894,916,0.00019516486
102.79652777781764,18.456527777768454,917,0.00019471561
102.8084722222621,18.654027777768484,918,0.015625289
102.4540277778176,18.6137499999907,919,2.379555e-08
102.89208333337321,18.69902777776849,920,0.00015972207
102.79819444448431,18.535416666657355,921,0.000539325
102.52013888892871,18.7690277777685,922,0.010254965
102.44597222226204,18.666249999990708,923,0.0005952081
102.79097222226208,18.407361111101782,924,0.00014837034
102.52125000003983,18.69236111110182,925,9.493912e-06
102.53319444448428,18.736527777768494,926,1.1516473e-10
102.86180555559544,18.61486111110181,927,1.3071615e-05
102.88319444448433,18.49486111110179,928,0.00039655867
102.58013888892873,18.59819444443514,929,2.6807812e-09
102.84902777781765,18.73291666665738,930,0.00093071384
102.59791666670651,18.425972222212895,931,8.05719e-05
102.67958333337319,18.702361111101823,932,0.016201813
102.57236111115094,18.7665277777685,933,3.4510223e-05
102.89875000003988,18.459305555546234,934,1.9887279e-05
102.72736111115097,18.41291666665734,935,0.00013719198
102.6243055555954,18.714583333324047,936,0.000105314924
102.87125000003988,18.536527777768466,937,6.878697e-08
102.86541666670655,18.74041666665738,938,0.00027236008
102.87541666670654,18.641249999990702,939,0.00041947156
102.6756944444843,18.53069444443513,940,5.5757816e-09
102.6556944444843,18.58930555554625,941,9.324011e-05
102.71152777781764,18.617083333324032,942,0.00013945751
102.55569444448427,18.70124999999071,943,1.507172e-05
102.86902777781765,18.544583333324024,944,9.2127324e-05
102.5454166667065,18.639861111101812,945,3.5972786e-10
102.81291666670654,18.586527777768474,946,0.00026488779
102.52569444448427,18.57291666665736,947,0.00043758762
102.6293055555954,18.42041666665734,948,2.9976293e-06
102.77013888892876,18.48874999999068,949,0.0058261487
102.62569444448428,18.629583333324035,950,0.00012895724
102.71236111115097,18.729027777768493,951,0.00061737275
102.73291666670653,18.51569444443513,952,0.00032673002
102.56458333337316,18.73069444443516,953,8.7337365e-05
102.42875000003981,18.525972222212907,954,2.0981774e-05
102.52847222226205,18.666527777768483,955,7.914013e-09
102.47791666670649,18.731527777768495,956,0.00013344844
102.67125000003985,18.525416666657353,957,1.6490405e-10
102.82263888892876,18.433749999990674,958,5.3051714e-05
102.77930555559541,18.622916666657368,959,0.00040368704
102.43375000003982,18.57124999999069,960,4.4965984e-10
102.64736111115096,18.542638888879576,961,1.6495624e-08
102.74763888892875,18.6337499999907,962,6.865629e-05
102.77375000003987,18.434305555546228,963,0.000101336824
102.64486111115096,18.724861111101827,964,0.0002115632
102.59375000003983,18.727638888879603,965,5.834725e-05
102.45819444448426,18.44041666665734,966,2.5249476e-05
102.76041666670653,18.588472222212918,967,1.6788132e-05
102.80763888892876,18.752916666657384,968,0.00021833097
102.52152777781761,18.587083333324028,969,0.001276066
102.53625000003983,18.73347222221294,970,2.1014174e-10
102.44236111115093,18.499305555546236,971,3.3888737e-05
102.52513888892872,18.58819444443514,972,7.2703995e-05
102.76847222226209,18.730138888879605,973,0.00040626735
102.50708333337316,18.661249999990705,974,0.0029409572
102.41680555559537,18.513472222212908,975,3.6421203e-05
102.45486111115093,18.679305555546264,976,0.00011853812
102.89041666670654,18.407361111101782,977,0.0001253299
102.75875000003987,18.476527777768457,978,0.00020722773
102.45986111115093,18.418194444435116,979,4.583058e-10
102.87736111115099,18.498749999990682,980,0.023268662
102.61958333337317,18.4634722222129,981,1.0166164e-10
102.73791666670652,18.493194444435126,982,0.0011156673
102.42458333337315,18.468194444435124,983,1.089011e-05
102.49180555559538,18.712083333324045,984,0.0001378876
102.46597222226204,18.40374999999067,985,1.744076e-05
102.82236111115098,18.640694444435148,986,0.00028559862
102.46930555559538,18.731249999990716,987,0.00014562787
102.44680555559538,18.66319444443515,988,0.00010314334
102.62763888892873,18.573472222212914,989,2.248299e-09
102.76819444448431,18.46486111110179,990,0.00029419735
102.62652777781763,18.768194444435164,991,0.00098344
102.73902777781764,18.471527777768458,992,5.422019e-05
102.71402777781763,18.642361111101813,993,0.00038330094
102.62986111115096,18.5298611111018,994,0.00019494288
102.59791666670651,18.713749999990714,995,4.3529748e-05
102.75541666670652,18.601805555546253,996,0.00020234825
102.75625000003986,18.451249999990676,997,0.00013090145
102.43152777781759,18.6312499999907,998,8.6686276e-05
102.46375000003982,18.6087499999907,999,2.3725466e-05
102.48458333337315,18.549583333324023,1000,6.784459e-05
102.58125000003983,18.638194444435147,1001,2.8472832e-10
102.88291666670655,18.662083333324038,1002,0.0037783373
102.79041666670653,18.726249999990713,1003,0.00036533657
102.59763888892873,18.40374999999067,1004,8.530148e-10
102.58569444448428,18.72291666665738,1005,0.00048111504
102.82125000003987,18.400416666657335,1006,7.450382e-05
102.54875000003983,18.611805555546255,1007,1.9785031e-09
102.84125000003988,18.653194444435147,1008,4.148991e-05
102.86069444448432,18.39319444443511,1009,0.00030853905
102.46847222226204,18.742638888879604,1010,0.005745811
102.42486111115093,18.551249999990688,1011,2.8341958e-05
102.66152777781762,18.522916666657352,1012,8.273741e-09
102.90041666670655,18.47736111110179,1013,1.1513489e-10
102.48819444448426,18.447916666657342,1014,5.4262622e-05
102.73375000003986,18.728472222212936,1015,0.0017651471
102.50597222226205,18.677638888879596,1016,0.0025107316
102.6131944444843,18.769861111101832,1017,0.00051870506
102.5793055555954,18.576805555546247,1018,1.7087073e-09
102.70486111115096,18.742916666657383,1019,0.0016130161
102.83125000003987,18.759583333324052,1020,8.605704e-05
102.54125000003984,18.576527777768472,1021,0.0036651436
102.71791666670653,18.434583333324007,1022,0.00024000581
102.68458333337318,18.57180555554625,1023,2.3472243e-08
102.70847222226207,18.717638888879602,1024,7.9646066e-05
102.61347222226206,18.59180555554625,1025,2.9677547e-09
102.87680555559544,18.705972222212935,1026,0.00013578802
102.87763888892877,18.522638888879573,1027,0.001674602
102.4351388889287,18.42791666665734,1028,1.0610346e-10
102.57875000003983,18.740138888879606,1029,0.0010303954
102.60152777781762,18.769861111101832,1030,0.00047225
102.67541666670651,18.685138888879596,1031,0.0007903349
102.82486111115098,18.745972222212938,1032,0.00026795236
102.46986111115093,18.587361111101806,1033,0.0020451155
102.42236111115092,18.652361111101815,1034,0.0012372851
102.79263888892875,18.745416666657384,1035,7.481331e-05
102.5154166667065,18.67347222221293,1036,0.0025210462
102.6756944444843,18.62263888887959,1037,4.496598e-09
102.66263888892874,18.484861111101793,1038,1.7087073e-09
102.88875000003988,18.54097222221291,1039,9.056018e-05
102.5879166667065,18.710694444435156,1040,0.00021585482
102.79569444448431,18.746805555546274,1041,0.0006138875
102.87513888892877,18.42930555554623,1042,0.00015907284
102.67541666670651,18.7001388888796,1043,0.0025284179
102.47819444448427,18.39569444443511,1044,7.447187e-09
102.69597222226207,18.661249999990705,1045,2.9863017e-05
102.48625000003982,18.71930555554627,1046,0.008024384
102.53513888892871,18.40986111110178,1047,9.08877e-06
102.7131944444843,18.507083333324015,1048,0.0123013165
102.55069444448428,18.606527777768477,1049,2.2033332e-08
102.63763888892873,18.68374999999071,1050,0.00049763394
102.55069444448428,18.57180555554625,1051,3.3274826e-08
102.52958333337317,18.407916666657336,1052,9.529495e-06
102.82847222226209,18.49791666665735,1053,5.7195102e-05
102.58263888892873,18.75597222221294,1054,8.13558e-06
102.81597222226209,18.68986111110182,1055,0.0003868903
102.43541666670649,18.662361111101816,1056,0.00011408944
102.44569444448426,18.689027777768487,1057,0.00019982597
102.70680555559541,18.50374999999068,1058,0.0003824599
102.77013888892876,18.43624999999067,1059,0.00031831107
102.65875000003984,18.6262499999907,1060,3.8670747e-09
102.4201388889287,18.696527777768488,1061,0.0019360982
102.51958333337316,18.687083333324043,1062,7.0025444e-06
102.73486111115098,18.595972222212918,1063,0.00017454175
102.55625000003984,18.69152777776849,1064,4.3590526e-06
102.77152777781764,18.759583333324052,1065,7.618636e-05
102.82652777781765,18.755694444435164,1066,0.013518419
102.60625000003984,18.63263888887959,1067,0.00014382256
102.52541666670649,18.58291666665736,1068,6.232335e-05
102.52930555559539,18.704305555546267,1069,0.00024862608
102.84819444448432,18.485694444435126,1070,0.00010033331
102.49208333337316,18.458194444435122,1071,7.598069e-05
102.67097222226207,18.595416666657364,1072,3.7771426e-09
102.82541666670654,18.52208333332402,1073,5.7867102e-05
102.47208333337315,18.67597222221293,1074,8.848964e-05
102.87986111115099,18.552916666657357,1075,0.002493982
102.61402777781763,18.488194444435123,1076,1.8259841e-07
102.54513888892872,18.51541666665735,1077,0.00021125586
102.42986111115093,18.714583333324047,1078,0.0001078055
102.64875000003984,18.42124999999067,1079,0.00033972293
102.75041666670653,18.609583333324032,1080,0.0009654564
102.57736111115095,18.702361111101823,1081,0.0001209713
102.53513888892871,18.534583333324022,1082,0.00040469342
102.7959722222621,18.567916666657357,1083,0.015356139
102.73541666670653,18.705972222212935,1084,0.00015719845
102.71847222226208,18.695416666657376,1085,0.00013077317
102.42986111115093,18.479583333324012,1086,3.490359e-06
102.86069444448432,18.757916666657387,1087,0.0021945196
102.51291666670649,18.425972222212895,1088,4.3555037e-06
102.74430555559542,18.628194444435145,1089,0.008240314
102.7118055555954,18.43624999999067,1090,0.000522546
102.80902777781765,18.424305555546226,1091,0.008509291
102.41347222226203,18.58291666665736,1092,3.9984716e-05
102.8834722222621,18.41097222221289,1093,2.7185122e-05
102.57680555559539,18.49541666665735,1094,9.892516e-10
102.7881944444843,18.435972222212897,1095,0.0024822312
102.4840277778176,18.617638888879586,1096,0.00011094443
102.43791666670649,18.622916666657368,1097,3.547229e-05
102.51625000003983,18.6062499999907,1098,0.00014829735
102.90208333337321,18.634861111101813,1099,0.0007597337
102.75097222226208,18.415416666657336,1100,9.5756e-05
102.71236111115097,18.73958333332405,1101,0.0008488879
102.44625000003981,18.564305555546248,1102,0.000118441196
102.60347222226206,18.76624999999072,1103,0.00018083715
102.62736111115096,18.735416666657382,1104,5.0724386e-05
102.68152777781764,18.677638888879596,1105,0.0004311955
102.43958333337315,18.693472222212932,1106,0.00013099056
102.43347222226204,18.503194444435128,1107,0.00011059691
102.70875000003986,18.4634722222129,1108,0.00012592181
102.43597222226204,18.567361111101803,1109,0.0004357479
102.73375000003986,18.47874999999068,1110,0.0002143559
102.53486111115095,18.47236111110179,1111,0.00012427935
102.59625000003984,18.58152777776847,1112,2.7878908e-09
102.62708333337318,18.442083333324007,1113,0.00050045
102.80180555559542,18.392083333324,1114,9.6731455e-05
102.43125000003981,18.578749999990695,1115,6.999114e-06
102.89930555559543,18.70874999999071,1116,0.0042418526
102.55208333337316,18.703194444435155,1117,5.6884706e-05
102.47069444448427,18.584027777768473,1118,9.359715e-05
102.5040277778176,18.65847222221293,1119,0.00012453152
102.8859722222621,18.552083333324024,1120,4.931168e-05
102.60597222226207,18.56263888887958,1121,1.205222e-07
102.55708333337317,18.51152777776846,1122,0.00044399526
102.46486111115094,18.695694444435155,1123,0.00017376883
102.87208333337321,18.745138888879605,1124,0.00014294863
102.79541666670653,18.741249999990718,1125,0.003421381
102.53986111115094,18.618194444435144,1126,1.6837605e-09
102.75736111115097,18.73569444443516,1127,0.004978519
102.50791666670649,18.73930555554627,1128,2.8489833e-10
102.41319444448426,18.53097222221291,1129,3.388954e-06
102.4590277778176,18.561527777768468,1130,2.2977915e-10
102.85125000003987,18.48902777776846,1131,0.00094906916
102.79430555559543,18.741249999990718,1132,4.246197e-05
102.66708333337318,18.75208333332405,1133,0.00039648992
102.84597222226209,18.588472222212918,1134,0.00011741637
102.48513888892872,18.61986111110181,1135,0.000104565996
102.44513888892871,18.738749999990716,1136,0.00016861747
102.6281944444843,18.66319444443515,1137,5.845578e-09
102.75541666670652,18.492361111101793,1138,0.0009293306
102.71402777781763,18.755138888879607,1139,0.0011365355
102.44236111115093,18.488472222212902,1140,8.89789e-05
102.42875000003981,18.654861111101816,1141,0.0010161117
102.56263888892872,18.533749999990686,1142,2.6979592e-09
102.58736111115095,18.566805555546246,1143,7.874317e-05
102.59236111115095,18.398749999990667,1144,2.6120382e-05
102.84013888892876,18.51930555554624,1145,0.00014377214
102.49708333337315,18.669305555546263,1146,5.572727e-05
102.44208333337315,18.660972222212926,1147,0.0009073741
102.72958333337318,18.45319444443512,1148,0.011718084
102.42458333337315,18.389861111101776,1149,3.4959157e-05
102.61736111115096,18.562083333324026,1150,2.5529742e-10
102.70986111115097,18.536805555546245,1151,1.1691156e-09
102.85236111115098,18.652361111101815,1152,0.00023843006
102.7606944444843,18.65180555554626,1153,0.0020303412
102.6906944444843,18.50152777776846,1154,6.934029e-05
102.5668055555954,18.632083333324033,1155,7.194557e-10
102.86736111115098,18.610694444435143,1156,2.9977323e-06
102.44291666670648,18.763472222212943,1157,1.7669105e-05
102.86236111115099,18.707083333324046,1158,9.553185e-05
102.55902777781762,18.497083333324014,1159,5.0804996e-05
102.76569444448431,18.586527777768474,1160,2.3372895e-05
102.87041666670655,18.530416666657352,1161,0.0034998965
102.65069444448429,18.669027777768484,1162,0.0004244692
102.83930555559543,18.43541666665734,1163,0.0005906675
102.43986111115093,18.625416666657365,1164,2.8470692e-10
102.6293055555954,18.58791666665736,1165,8.0938767e-10
102.6881944444843,18.536249999990687,1166,1.9317528e-09
102.58486111115094,18.44708333332401,1167,0.00033953183
102.81902777781765,18.449861111101786,1168,0.29957658
102.6268055555954,18.652916666657372,1169,1.5687214e-09
102.54569444448428,18.764583333324055,1170,4.6491677e-05
102.81263888892876,18.704861111101824,1171,0.0072472333
102.4590277778176,18.449583333324007,1172,2.166574e-06
102.7170833333732,18.573749999990692,1173,3.0359524e-09
102.86625000003988,18.532916666657353,1174,0.00048504007
102.76375000003986,18.756249999990718,1175,0.00049017946
102.84069444448431,18.71402777776849,1176,0.0023102474
102.78375000003986,18.543194444435134,1177,3.8607657e-05
102.70763888892874,18.518472222212907,1178,0.00028587435
102.59152777781762,18.764027777768497,1179,1.1980134e-05
102.43486111115092,18.416527777768447,1180,3.1595198e-06
102.43069444448426,18.437083333324008,1181,2.5328695e-09
102.79902777781764,18.446249999990673,1182,0.0005281578
102.64875000003984,18.673749999990708,1183,0.00039270078
102.89375000003989,18.524861111101796,1184,0.00010765952
102.43208333337314,18.558194444435134,1185,4.6559177e-05
102.59347222226206,18.525972222212907,1186,2.6979592e-09
102.62458333337318,18.41986111110178,1187,2.2117265e-05
102.89208333337321,18.68124999999071,1188,0.00015354846
102.66402777781762,18.50569444443513,1189,5.7850564e-09
102.58236111115095,18.71819444443516,1190,0.0003585202
102.87791666670654,18.600138888879584,1191,9.234265e-05
102.50819444448427,18.669305555546263,1192,9.198021e-05
102.87430555559544,18.58791666665736,1193,0.004053892
102.71291666670652,18.672638888879597,1194,0.0015543759
102.83569444448432,18.498194444435125,1195,2.7779004e-05
102.71013888892874,18.704583333324045,1196,0.0012241473
102.74097222226209,18.55763888887958,1197,1.4389114e-09
102.60458333337317,18.737638888879605,1198,1.8619765e-05
102.78319444448431,18.718749999990713,1199,8.4677675e-05
102.71013888892874,18.74041666665738,1200,7.3842275e-05
102.43597222226204,18.65180555554626,1201,0.019489475
102.5429166667065,18.757638888879608,1202,8.056373e-05
102.72458333337319,18.5448611111018,1203,1.3786681e-09
102.62569444448428,18.606527777768477,1204,5.7556457e-09
102.68763888892875,18.505972222212904,1205,3.454147e-05
102.51208333337316,18.762083333324053,1206,1.7935518e-07
102.8220833333732,18.54624999999069,1207,9.859894e-10
102.81152777781764,18.71041666665738,1208,0.0014769152
102.81986111115098,18.68374999999071,1209,5.0302035e-05
102.44763888892871,18.649861111101814,1210,0.00065937743
102.81263888892876,18.43791666665734,1211,3.70501e-05
102.64625000003984,18.522638888879573,1212,1.3489796e-09
102.58819444448429,18.440972222212896,1213,6.097732e-05
102.55208333337316,18.57791666665736,1214,6.95524e-08
102.77736111115098,18.617638888879586,1215,0.00011112055
102.46625000003982,18.500972222212905,1216,2.697959e-05
102.51236111115094,18.50291666665735,1217,0.00013165224
102.54430555559539,18.69124999999071,1218,8.667261e-06
102.86791666670655,18.46458333332401,1219,7.513569e-05
102.68513888892875,18.61458333332403,1220,9.442856e-09
102.6179166667065,18.513472222212908,1221,5.049066e-09
102.63347222226207,18.76624999999072,1222,0.00067944254
102.49625000003982,18.57791666665736,1223,5.884003e-05
102.65652777781763,18.662083333324038,1224,0.00011470336
102.4940277778176,18.657638888879593,1225,0.0001263993
102.60097222226206,18.40374999999067,1226,6.9936436e-06
102.55319444448428,18.71680555554627,1227,2.1696322e-05
102.76736111115098,18.63013888887959,1228,7.9752455e-05
102.49069444448426,18.516527777768463,1229,5.6098186e-05
102.72291666670652,18.499583333324015,1230,0.0002043988
102.45347222226204,18.569583333324026,1231,1.3071142e-05
102.47236111115093,18.76513888887961,1232,3.116719e-05
102.78291666670653,18.535138888879576,1233,2.2008373e-10
102.4251388889287,18.494305555546237,1234,4.356353e-06
102.61763888892874,18.57791666665736,1235,1.2415006e-08
102.57347222226205,18.68374999999071,1236,0.00042410675
102.61958333337317,18.667916666657373,1237,5.7811496e-07
102.55930555559539,18.714583333324047,1238,5.7285926e-10
102.87986111115099,18.475416666657345,1239,1.0610407e-10
102.80347222226209,18.46319444443512,1240,0.009749138
102.5943055555954,18.57541666665736,1241,4.856326e-09
102.46680555559537,18.50791666665735,1242,5.345369e-05
102.8209722222621,18.710972222212934,1243,0.020632919
102.42041666670649,18.59041666665736,1244,1.4899229e-05
102.59208333337317,18.46236111110179,1245,0.00027703747
102.67597222226208,18.527916666657354,1246,5.183657e-10
102.42430555559537,18.404583333324002,1247,1.0492041e-05
102.90569444448433,18.423749999990672,1248,9.454294e-10
102.50319444448427,18.754027777768496,1249,0.000640701
102.42430555559537,18.74708333332405,1250,9.62533e-05
102.83486111115099,18.557083333324023,1251,0.00028484524
102.89819444448433,18.681805555546262,1252,0.0004236208
102.42597222226203,18.556805555546244,1253,3.72025e-05
102.84597222226209,18.46180555554623,1254,7.775399e-05
102.88180555559543,18.42930555554623,1255,0.00018677789
102.55069444448428,18.531805555546242,1256,1.4227527e-09
102.897361111151,18.766805555546277,1257,0.00016707975
102.76097222226208,18.667916666657373,1258,0.00016105671
102.53652777781761,18.70124999999071,1259,1.9614767e-05
102.75597222226209,18.65569444443515,1260,9.65312e-05
102.82375000003987,18.473194444435123,1261,0.00012488232
102.44208333337315,18.476527777768457,1262,0.000101663245
102.42875000003981,18.509305555546238,1263,2.9971432e-06
102.54569444448428,18.458472222212897,1264,0.00083700987
102.74513888892875,18.585138888879584,1265,5.395918e-10
102.73680555559541,18.458472222212897,1266,0.00032335287
102.55958333337317,18.681527777768487,1267,0.00080293487
102.63958333337318,18.46458333332401,1268,3.382191e-08
102.58013888892873,18.63097222221292,1269,2.8471622e-10
102.68930555559541,18.563194444435137,1270,5.6920585e-10
102.43375000003982,18.573749999990692,1271,7.5898904e-05
102.61263888892873,18.45708333332401,1272,0.0005685997
102.58125000003983,18.754305555546274,1273,7.94322e-05
102.68736111115096,18.524027777768463,1274,2.8611238e-10
102.61958333337317,18.542916666657355,1275,4.946258e-09
102.5604166667065,18.73597222221294,1276,0.00015385472
102.60958333337318,18.609305555546253,1277,5.9355094e-09
102.43152777781759,18.712083333324045,1278,0.00019370495
102.89125000003988,18.620138888879588,1279,0.00011548415
102.55736111115094,18.68097222221293,1280,2.6865497e-05
102.44763888892871,18.581249999990693,1281,4.8374666e-05
102.45680555559538,18.474027777768455,1282,9.186828e-05
102.72375000003986,18.653749999990705,1283,9.937955e-05
102.60375000003984,18.595416666657364,1284,0.0011996409
102.78486111115097,18.760694444435163,1285,3.7346756e-05
102.53986111115094,18.42874999999067,1286,1.2590475e-09
102.82041666670654,18.5398611111018,1287,0.00014580681
102.85319444448432,18.606527777768477,1288,0.0014984021
102.60875000003985,18.584583333324026,1289,1.2590475e-09
102.48541666670648,18.54708333332402,1290,1.1066741e-05
102.8659722222621,18.43402777776845,1291,0.00087566953
102.49458333337316,18.510972222212907,1292,2.3718683e-05
102.79819444448431,18.714861111101825,1293,0.0034019395
102.57458333337317,18.70041666665738,1294,2.5029889e-05
102.49486111115094,18.5373611111018,1295,8.355407e-05
102.6881944444843,18.611249999990697,1296,4.1534818e-06
102.89319444448432,18.525138888879574,1297,0.0001240991
102.73763888892874,18.57402777776847,1298,4.5270174e-09
102.50875000003983,18.660972222212926,1299,0.014477675
102.4865277778176,18.449861111101786,1300,2.8144649e-09
102.70902777781764,18.714305555546268,1301,0.000109477296
102.52958333337317,18.53347222221291,1302,2.942822e-05
102.59541666670651,18.530416666657352,1303,4.5865303e-09
102.64402777781763,18.510694444435128,1304,8.951718e-05
102.75847222226209,18.441805555546228,1305,0.00013001708
102.59791666670651,18.622916666657368,1306,0.0028558755
102.51875000003983,18.428194444435118,1307,3.6951653e-05
102.6956944444843,18.55374999999069,1308,8.0700546e-10
102.51875000003983,18.595416666657364,1309,9.412382e-05
102.47680555559538,18.42736111110178,1310,0.000104447485
102.62569444448428,18.610972222212922,1311,7.1945574e-09
102.76902777781764,18.492916666657347,1312,0.00037257816
102.66625000003985,18.62236111110181,1313,1.0168221e-10
102.4940277778176,18.49791666665735,1314,7.658896e-06
102.54625000003983,18.475416666657345,1315,0.00015791936
102.6581944444843,18.51180555554624,1316,1.6997141e-08
102.42597222226203,18.572083333324027,1317,2.9848456e-05
102.7445833333732,18.549583333324023,1318,2.5613975e-09
102.58069444448428,18.43013888887956,1319,0.0007944011
102.48458333337315,18.62347222221292,1320,1.0881588e-05
102.62902777781763,18.705694444435156,1321,0.00019616607
102.67125000003985,18.653472222212926,1322,0.00092376256
102.89319444448432,18.426805555546228,1323,4.1483458e-05
102.88430555559543,18.49486111110179,1324,0.00043424772
102.6581944444843,18.720694444435157,1325,0.00015103884
102.61625000003984,18.692083333324042,1326,5.216054e-09
102.88402777781766,18.70124999999071,1327,0.00015917543
102.51819444448427,18.483472222212903,1328,2.4862285e-05
102.53430555559538,18.4559722222129,1329,2.2424158e-05
102.44625000003981,18.682916666657373,1330,0.000992262
102.7081944444843,18.62986111110181,1331,0.0059587685
102.66152777781762,18.70930555554627,1332,0.00012047157
102.58819444448429,18.667916666657373,1333,1.4900449e-05
102.69847222226207,18.70791666665738,1334,0.0024000648
102.86402777781765,18.48263888887957,1335,0.0006525834
102.54236111115094,18.44708333332401,1336,0.00023528415
102.73291666670653,18.438472222212894,1337,6.2505926e-05
102.81513888892876,18.747638888879607,1338,0.00051968923
102.62902777781763,18.59958333332403,1339,1.6836288e-10
102.42875000003981,18.54097222221291,1340,3.161798e-06
102.83125000003987,18.40486111110178,1341,0.00011626748
102.82708333337321,18.67486111110182,1342,0.00012096473
102.88069444448432,18.592638888879584,1343,0.00047771045
102.5918055555954,18.652083333324036,1344,9.098563e-11
102.82791666670654,18.699305555546267,1345,9.220478e-05
102.65958333337318,18.46180555554623,1346,4.8251236e-10
102.7945833333732,18.59958333332403,1347,7.247268e-05
102.54375000003984,18.553194444435135,1348,0.0005569316
102.5290277778176,18.529027777768466,1349,3.2160908e-05
102.76902777781764,18.618472222212922,1350,0.0024099022
102.75902777781764,18.4659722222129,1351,0.00051124935
102.76736111115098,18.44569444443512,1352,8.484405e-05
102.51763888892872,18.41374999999067,1353,6.4317607e-10
102.90597222226211,18.74708333332405,1354,0.00081387366
102.5354166667065,18.593749999990695,1355,0.00048628898
102.54875000003983,18.42180555554623,1356,0.00020586274
102.54513888892872,18.720416666657382,1357,0.00016007878
102.62347222226207,18.480972222212902,1358,2.8597386e-10
102.54875000003983,18.477083333324014,1359,2.8046146e-05
102.57736111115095,18.401249999990668,1360,4.765987e-10
102.87180555559543,18.566249999990692,1361,7.757581e-05
102.84625000003987,18.509861111101795,1362,0.00011903255
102.87069444448433,18.594027777768474,1363,0.00026024092
102.46097222226204,18.638472222212926,1364,2.9188064e-05
102.57736111115095,18.65819444443515,1365,2.729642e-05
102.58597222226206,18.76624999999072,1366,0.00016123544
102.84013888892876,18.53069444443513,1367,0.0007194559
102.63069444448429,18.545416666657356,1368,1.7519042e-08
102.6193055555954,18.458472222212897,1369,2.5733495e-09
102.44902777781759,18.38736111110178,1370,1.9564059e-05
102.54347222226205,18.562083333324026,1371,7.002815e-05
102.81513888892876,18.738472222212938,1372,4.277574e-05
102.75986111115097,18.43791666665734,1373,0.00042998124
102.61375000003984,18.753194444435163,1374,0.0035946604
102.48180555559537,18.517083333324017,1375,0.0001076921
102.51125000003982,18.441527777768453,1376,0.00039814593
102.88180555559543,18.415694444435115,1377,1.4898887e-06
102.58013888892873,18.60597222221292,1378,6.2952377e-10
102.61097222226206,18.65847222221293,1379,8.163242e-09
102.52013888892871,18.693472222212932,1380,8.993107e-06
102.45986111115093,18.757638888879608,1381,0.0018278538
102.55847222226205,18.503472222212906,1382,0.00015034147
102.86513888892877,18.577638888879584,1383,0.00028889225
102.69263888892874,18.44541666665734,1384,0.0002892485
102.83958333337321,18.64958333332404,1385,4.281718e-05
102.89069444448432,18.461527777768456,1386,3.763503e-05
102.48486111115093,18.49902777776846,1387,4.4054905e-05
102.66569444448429,18.682916666657373,1388,0.0011716841
102.7820833333732,18.762083333324053,1389,0.00023583969
102.48680555559538,18.47124999999068,1390,5.609081e-06
102.69847222226207,18.73958333332405,1391,0.0012185153
102.57402777781762,18.742638888879604,1392,0.0001415177
102.75763888892875,18.727361111101825,1393,0.00021281307
102.54236111115094,18.694583333324044,1394,3.1496512e-08
102.68791666670651,18.59180555554625,1395,1.9791035e-09
102.85902777781766,18.54124999999069,1396,8.5369894e-10
102.62652777781763,18.431805555546227,1397,0.000210883
102.45763888892871,18.618472222212922,1398,4.803742e-05
102.84569444448432,18.76874999999072,1399,0.00057005574
102.53930555559539,18.42652777776845,1400,1.2950203e-08
102.79763888892876,18.68958333332404,1401,0.0011378304
102.897361111151,18.66847222221293,1402,0.0020407164
102.7056944444843,18.424583333324005,1403,2.0983081e-05
102.73263888892875,18.440694444435117,1404,0.00036978195
102.63013888892873,18.73930555554627,1405,0.0006505994
102.63402777781762,18.604305555546254,1406,1.6836653e-08
102.52986111115094,18.42930555554623,1407,8.705904e-06
102.48291666670649,18.702361111101823,1408,7.0013215e-05
102.69291666670652,18.744305555546273,1409,0.0009153257
102.60569444448429,18.562916666657358,1410,7.082046e-08
102.7231944444843,18.731527777768495,1411,0.00015852277
102.58819444448429,18.762638888879607,1412,1.4901949e-05
102.83875000003988,18.721527777768493,1413,0.005220928
102.43236111115093,18.558472222212913,1414,2.1786436e-06
102.43597222226204,18.443749999990676,1415,0.0014653215
102.59347222226206,18.759305555546273,1416,1.4270929e-05
102.6243055555954,18.65680555554626,1417,7.6556596e-08
102.78597222226209,18.661805555546263,1418,0.00070046296
102.51291666670649,18.64902777776848,1419,0.00012327475
102.59458333337317,18.616805555546254,1420,0.00059375586
102.47263888892871,18.69124999999071,1421,0.0002592811
102.6143055555954,18.57124999999069,1422,0.00012512926
102.79486111115098,18.480972222212902,1423,3.7938804e-05
102.61569444448429,18.47124999999068,1424,2.959963e-08
102.8484722222621,18.75069444443516,1425,0.00061038084
102.60263888892872,18.52180555554624,1426,4.406666e-09
102.6068055555954,18.44041666665734,1427,2.09842e-05
102.79736111115098,18.47986111110179,1428,0.0001824454
102.89541666670655,18.418194444435116,1429,0.00034869573
102.8770833333732,18.643194444435146,1430,0.00016269382
102.79513888892876,18.71652777776849,1431,0.013419768
102.75430555559542,18.55874999999069,1432,6.5066437e-09
102.61875000003984,18.694583333324044,1433,4.496598e-09
102.51847222226205,18.54124999999069,1434,6.534995e-06
102.71847222226208,18.7026388888796,1435,0.00035498146
102.89513888892877,18.74319444443516,1436,0.0020808782
102.43847222226204,18.461249999990677,1437,0.002755016
102.66458333337319,18.536527777768466,1438,4.1368704e-09
102.68152777781764,18.695138888879598,1439,0.03074558
102.5943055555954,18.704861111101824,1440,0.00020647976
102.62708333337318,18.488194444435123,1441,1.648922e-10
102.50180555559538,18.642638888879592,1442,0.00010770053
102.7620833333732,18.434861111101785,1443,0.000988961
102.49791666670649,18.736249999990715,1444,3.1556254e-05
102.66513888892874,18.616527777768475,1445,7.824081e-09
102.79152777781765,18.594861111101807,1446,0.00018302532
102.41875000003981,18.420972222212892,1447,7.403489e-05
102.66347222226207,18.55347222221291,1448,1.5460784e-09
102.83819444448432,18.59180555554625,1449,15.130738
102.69958333337318,18.477083333324014,1450,0.0034564284
102.83013888892876,18.425694444435116,1451,0.00013802691
102.49097222226204,18.526249999990686,1452,2.413438e-10
102.87013888892876,18.647361111101816,1453,0.00014013884
102.68708333337318,18.548194444435133,1454,5.6657137e-09
102.57708333337317,18.49263888887957,1455,1.7986393e-10
102.7118055555954,18.405694444435113,1456,0.0018900353
102.51375000003982,18.74819444443516,1457,7.815027e-05
102.62736111115096,18.725138888879602,1458,0.00011770682
102.71375000003985,18.759305555546273,1459,0.021218183
102.76652777781764,18.49624999999068,1460,0.00011402431
102.68541666670652,18.67486111110182,1461,0.00023065429
102.44347222226205,18.73208333332405,1462,0.00014668422
102.72375000003986,18.761527777768496,1463,0.0020400402
102.51625000003983,18.54847222221291,1464,3.7973386e-05
102.62708333337318,18.756249999990718,1465,3.657759e-05
102.42875000003981,18.49486111110179,1466,3.494768e-06
102.67152777781763,18.392638888879556,1467,0.00015713002
102.4501388889287,18.491805555546236,1468,1.0166514e-05
102.68347222226207,18.728472222212936,1469,0.00011246469
102.5579166667065,18.612638888879587,1470,1.5378365e-08
102.41875000003981,18.58069444443514,1471,3.900193e-05
102.6906944444843,18.643194444435146,1472,1.4236836e-09
102.69180555559541,18.59319444443514,1473,1.095841e-10
102.7093055555954,18.73486111110183,1474,0.00017777478
102.50125000003983,18.578749999990695,1475,8.538482e-05
102.56847222226206,18.4609722222129,1476,9.2531176e-05
102.82902777781764,18.638194444435147,1477,2.0336896e-05
102.51680555559538,18.551527777768467,1478,6.7001645e-05
102.52875000003984,18.466527777768455,1479,1.5318214e-05
102.5554166667065,18.76124999999072,1480,0.00014623406
102.45541666670648,18.635416666657367,1481,2.9799243e-05
102.49708333337315,18.725138888879602,1482,0.0009882204
102.80430555559542,18.534305555546243,1483,0.00017581525
102.62652777781763,18.52847222221291,1484,8.3262006e-05
102.76652777781764,18.511249999990685,1485,4.3341402e-05
102.76986111115097,18.64013888887959,1486,0.004614087
102.8084722222621,18.67986111110182,1487,0.0006572334
102.56125000003983,18.59180555554625,1488,2.0954149e-08
102.7934722222621,18.70152777776849,1489,0.00025524973
102.76319444448431,18.73708333332405,1490,0.00018321788
102.5879166667065,18.50569444443513,1491,2.6840913e-05
102.87291666670654,18.39736111110178,1492,0.00011202499
102.45958333337315,18.476805555546235,1493,4.373702e-05
102.88402777781766,18.750138888879608,1494,0.00041182962
102.48208333337315,18.73430555554627,1495,0.020014597
102.42680555559537,18.493194444435126,1496,1.9869902e-05
102.49208333337316,18.466527777768455,1497,2.3026725e-05
102.62597222226206,18.644305555546257,1498,7.815213e-07
102.79875000003987,18.390972222212888,1499,0.00014923142
102.50819444448427,18.501249999990684,1500,0.00021571953
102.65125000003985,18.72180555554627,1501,0.00020472004
102.61291666670651,18.409305555546226,1502,2.597481e-05
102.64347222226206,18.737361111101826,1503,9.189358e-05
102.50708333337316,18.43763888887956,1504,3.0821738e-09
102.69263888892874,18.449583333324007,1505,0.008273433
102.76569444448431,18.66541666665737,1506,0.00033364518
102.59736111115095,18.669027777768484,1507,9.925856e-06
102.47291666670648,18.50652777776846,1508,0.000111185334
102.65013888892874,18.642638888879592,1509,0.0012025667
102.6281944444843,18.6162499999907,1510,1.8943287e-09
102.6343055555954,18.640694444435148,1511,9.091226e-05
102.82986111115099,18.691805555546264,1512,0.0008186775
102.73236111115096,18.50291666665735,1513,0.00021448339
102.54569444448428,18.423472222212894,1514,1.6563035e-05
102.70152777781763,18.482083333324013,1515,0.005208923
102.45180555559537,18.60763888887959,1516,1.0610589e-05
102.86930555559543,18.4684722222129,1517,5.395918e-10
102.65625000003985,18.63763888887959,1518,3.808182e-10
102.73041666670653,18.504583333324018,1519,0.00011668725
102.84652777781766,18.668749999990705,1520,0.000996777
102.68152777781764,18.513472222212908,1521,2.6443704e-08
102.50375000003983,18.491249999990682,1522,3.6778274e-05
102.8020833333732,18.485694444435126,1523,0.00026586305
102.69597222226207,18.497361111101792,1524,0.00011920863
102.45847222226205,18.747361111101828,1525,6.17309e-05
102.51430555559539,18.524305555546242,1526,3.4988298e-06
102.43097222226204,18.398749999990667,1527,6.7760207e-06
102.65263888892873,18.42152777776845,1528,0.0004304186
102.49819444448427,18.422916666657336,1529,2.697959e-10
102.44513888892871,18.524027777768463,1530,0.012807973
102.56013888892872,18.432361111101784,1531,6.5749477e-09
102.7920833333732,18.65847222221293,1532,1.8406025e-05
102.51763888892872,18.60708333332403,1533,0.0012921127
102.76291666670653,18.405972222212892,1534,4.868731e-05
102.5629166667065,18.39847222221289,1535,0.00015452813
102.75180555559541,18.43402777776845,1536,0.00011418938
102.87930555559544,18.61347222221292,1537,2.5676312e-05
102.83569444448432,18.479027777768458,1538,5.919902e-05
102.45347222226204,18.57041666665736,1539,3.287775e-05
102.43097222226204,18.449305555546232,1540,0.00013891891
102.72347222226207,18.42652777776845,1541,6.382778e-05
102.55069444448428,18.58180555554625,1542,3.0037278e-08
102.64875000003984,18.751805555546273,1543,4.744399e-05
102.62486111115095,18.642638888879592,1544,0.00011648917
102.71458333337318,18.697083333324045,1545,0.00011408958
102.74375000003987,18.640972222212923,1546,0.0004122698
102.88569444448433,18.54097222221291,1547,0.00013200626
102.83125000003987,18.685694444435153,1548,0.00090748153
102.57152777781761,18.474027777768455,1549,4.025384e-05
102.7556944444843,18.410694444435116,1550,9.0254216e-05
102.85708333337321,18.551527777768467,1551,7.975488e-05
102.53513888892871,18.42263888887956,1552,4.8793252e-05
102.45486111115093,18.572361111101802,1553,0.000131417
102.5040277778176,18.442083333324007,1554,9.469975e-06
102.50958333337316,18.566805555546246,1555,1.9608075e-05
102.66347222226207,18.419583333324006,1556,0.009791249
102.5629166667065,18.651527777768482,1557,0.00047152594
102.4551388889287,18.649861111101814,1558,0.00047229862
102.87486111115099,18.635972222212924,1559,0.00023506673
102.49958333337315,18.507361111101794,1560,8.8380904e-05
102.43708333337315,18.618194444435144,1561,1.4986714e-06
102.66736111115097,18.597916666657362,1562,3.6872105e-09
102.51763888892872,18.47374999999068,1563,0.00012721881
102.52152777781761,18.43819444443512,1564,3.7200974e-05
102.50430555559538,18.73458333332405,1565,4.3596377e-11
102.8645833333732,18.698194444435156,1566,0.0005990929
102.48680555559538,18.38736111110178,1567,1.577264e-06
102.5918055555954,18.461249999990677,1568,0.00018967921
102.6079166667065,18.737361111101826,1569,0.00019836398
102.53097222226205,18.393749999990668,1570,9.8174605e-05
102.49152777781761,18.559583333324024,1571,0.0002523349
102.57597222226205,18.564861111101802,1572,2.1619799e-06
102.51513888892872,18.610972222212922,1573,0.00030359958
102.87652777781766,18.424305555546226,1574,4.583207e-05
102.4765277778176,18.50402777776846,1575,3.3226024e-05
102.78652777781764,18.72291666665738,1576,0.0022653427
102.43180555559537,18.564305555546248,1577,3.2679804e-05
102.84986111115099,18.636805555546257,1578,4.670651e-05
102.52819444448427,18.396527777768444,1579,3.5972786e-10
102.61680555559539,18.747916666657385,1580,0.0001584662
102.6068055555954,18.397083333324,1581,4.9690057e-05
102.56347222226206,18.52069444443513,1582,7.972855e-09
102.46319444448426,18.604305555546254,1583,9.9392266e-05
102.82541666670654,18.45319444443512,1584,7.8515535e-05
102.79263888892875,18.75236111110183,1585,0.00011239527
102.61902777781762,18.543749999990688,1586,4.496598e-09
102.65791666670651,18.744305555546273,1587,0.00023978748
102.62208333337318,18.543749999990688,1588,5.216054e-09
102.45125000003982,18.406527777768446,1589,4.3996024e-05
102.75652777781764,18.759583333324052,1590,0.0005649344
102.55208333337316,18.671527777768485,1591,7.646802e-06
102.59375000003983,18.594305555546253,1592,2.2932672e-05
102.7570833333732,18.416805555546226,1593,0.0015127747
102.52430555559539,18.606805555546252,1594,0.0038643721
102.77625000003987,18.657638888879593,1595,8.42076e-05
102.6468055555954,18.685694444435153,1596,0.00023342366
102.88680555559543,18.38736111110178,1597,0.0020455292
102.48069444448427,18.40513888887956,1598,1.5719988e-05
102.60013888892873,18.438472222212894,1599,0.00043872753
102.56347222226206,18.68736111110182,1600,9.892516e-10
102.61347222226206,18.68847222221293,1601,6.2721464e-09
102.6643055555954,18.438472222212894,1602,9.917358e-06
102.80513888892875,18.704861111101824,1603,0.00026704196
102.82319444448432,18.400694444435114,1604,0.0013012309
102.71375000003985,18.539305555546242,1605,2.845631e-10
102.7595833333732,18.44819444443512,1606,0.00067841355
102.76236111115098,18.423472222212894,1607,0.00015218674
102.84430555559543,18.41374999999067,1608,2.177289e-06
102.8384722222621,18.49402777776846,1609,0.00013248807
102.41541666670648,18.632083333324033,1610,0.00019066785
102.80486111115098,18.748749999990718,1611,7.8962825e-05
102.41847222226204,18.484027777768457,1612,0.0049157306
102.53569444448428,18.479027777768458,1613,8.712381e-06
102.46958333337315,18.480694444435123,1614,6.5338877e-06
102.47569444448426,18.58930555554625,1615,1.4899107e-05
102.76486111115098,18.542083333324022,1616,1.0924893e-09
102.67097222226207,18.53347222221291,1617,3.7928523e-09
102.75402777781764,18.644027777768482,1618,0.00033887694
102.70402777781763,18.65069444443515,1619,1.2590475e-09
102.48375000003982,18.511249999990685,1620,0.000109521476
102.59347222226206,18.561527777768468,1621,3.3203343e-10
102.55013888892873,18.7026388888796,1622,2.2704433e-05
102.83430555559544,18.672361111101818,1623,0.00044825478
102.41875000003981,18.50402777776846,1624,5.6097333e-06
102.48625000003982,18.47208333332401,1625,1.626703e-05
102.62375000003985,18.45458333332401,1626,5.8875425e-08
102.89236111115099,18.73208333332405,1627,0.00092222285
102.58541666670651,18.69847222221293,1628,3.021338e-05
102.6204166667065,18.76513888887961,1629,0.00022467774
102.62791666670651,18.388749999990665,1630,3.4955342e-06
102.71847222226208,18.680138888879597,1631,0.00040629256
102.56763888892873,18.40874999999067,1632,2.1219206e-05
102.57680555559539,18.482916666657346,1633,0.00045138504
102.6493055555954,18.468749999990678,1634,7.1046253e-09
102.71486111115097,18.464027777768454,1635,0.00015953499
102.64791666670651,18.514861111101794,1636,2.940617e-08
102.43208333337314,18.614305555546252,1637,1.1515007e-05
102.87208333337321,18.512083333324018,1638,0.00017543143
102.46402777781759,18.58208333332403,1639,2.7113883e-05
102.5993055555954,18.510694444435128,1640,0.00012032334
102.81263888892876,18.460416666657345,1641,0.0007570047
102.52375000003983,18.68124999999071,1642,1.4240029e-05
102.79319444448431,18.52319444443513,1643,7.0864e-05
102.73708333337319,18.47236111110179,1644,0.00019290557
102.73347222226208,18.61208333332403,1645,0.00017994063
102.81263888892876,18.64902777776848,1646,0.0028534546
102.44458333337315,18.661527777768484,1647,0.0011166948
102.48541666670648,18.659861111101815,1648,0.00014484713
102.79013888892875,18.721527777768493,1649,0.00060112064
102.80902777781765,18.534861111101797,1650,0.00057717366
102.54763888892872,18.53069444443513,1651,0.00022250276
102.58402777781761,18.71402777776849,1652,0.00010234984
102.56847222226206,18.46986111110179,1653,2.2436234e-05
102.7445833333732,18.62263888887959,1654,0.00030224049
102.45819444448426,18.65791666665737,1655,0.0006723524
102.46319444448426,18.61513888887959,1656,6.1012364e-05
102.42930555559538,18.510138888879574,1657,4.971242e-06
102.5565277778176,18.594305555546253,1658,1.7536733e-08
102.53263888892872,18.42874999999067,1659,5.7280293e-05
102.64291666670651,18.524027777768463,1660,1.4431929e-05
102.80680555559543,18.599305555546252,1661,0.00034681722
102.5929166667065,18.431805555546227,1662,0.00013149067
102.73236111115096,18.59180555554625,1663,6.03801e-08
102.46125000003983,18.54763888887958,1664,6.436608e-05
102.69763888892874,18.530138888879577,1665,2.4662634e-09
102.49875000003982,18.66319444443515,1666,4.620627e-05
102.68486111115097,18.497361111101792,1667,0.0015704443
102.77513888892875,18.576527777768472,1668,9.29222e-05
102.74208333337319,18.66069444443515,1669,0.00012724363
102.80569444448432,18.554027777768468,1670,0.00018923833
102.70708333337319,18.440972222212896,1671,0.0018315278
102.86791666670655,18.5323611111018,1672,0.000120324636
102.5304166667065,18.619305555546255,1673,0.0022354703
102.76180555559542,18.69902777776849,1674,5.428632e-09
102.70902777781764,18.71819444443516,1675,0.0001486734
102.79736111115098,18.498749999990682,1676,0.0112904515
102.4526388889287,18.67458333332404,1677,0.024973355
102.47625000003983,18.533749999990686,1678,1.4987893e-06
102.81263888892876,18.650972222212925,1679,5.218231e-05
102.78347222226209,18.42624999999067,1680,0.00019926463
102.84736111115099,18.630416666657368,1681,2.1221284e-05
102.44736111115093,18.648472222212927,1682,0.00031733885
102.55402777781761,18.721249999990714,1683,7.4409094e-05
102.81597222226209,18.498749999990682,1684,1.3135126e-05
102.47458333337316,18.52069444443513,1685,6.435633e-05
102.54041666670649,18.4559722222129,1686,0.00013684473
102.6068055555954,18.70736111110182,1687,0.00022639717
102.81513888892876,18.47986111110179,1688,7.011242e-05
102.67736111115096,18.509027777768463,1689,0.0002982251
102.41986111115092,18.488194444435123,1690,9.482572e-06
102.63736111115095,18.465416666657344,1691,3.7428916e-07
102.74902777781764,18.390416666657334,1692,0.00013859445
102.89263888892877,18.469027777768456,1693,0.0028142757
102.7809722222621,18.620138888879588,1694,0.0013095224
102.82513888892876,18.719583333324046,1695,0.00017834187
102.41430555559536,18.511249999990685,1696,2.0053978e-05
102.86236111115099,18.48624999999068,1697,0.000403078
102.65069444448429,18.5448611111018,1698,0.016227059
102.66847222226207,18.66458333332404,1699,0.00025803116
102.61458333337318,18.52347222221291,1700,1.8885713e-09
102.87986111115099,18.713749999990714,1701,0.00013689311
102.6468055555954,18.614305555546252,1702,7.5916884e-10
102.52486111115094,18.557916666657356,1703,6.2349536e-05
102.5029166667065,18.41097222221289,1704,1.3132841e-05
102.59097222226207,18.53958333332402,1705,2.248299e-09
102.85791666670654,18.527361111101797,1706,0.0024220892
102.76347222226208,18.402916666657337,1707,6.9075875e-05
102.7056944444843,18.73458333332405,1708,0.00014988665
102.47347222226205,18.58680555554625,1709,7.906784e-06
102.89069444448432,18.51402777776846,1710,7.578857e-05
102.84041666670655,18.430694444435115,1711,7.759442e-05
102.52013888892871,18.535416666657355,1712,2.8052009e-05
102.79625000003986,18.62486111110181,1713,0.000100285426
102.5943055555954,18.62236111110181,1714,0.00011132138
102.88763888892876,18.6826388888796,1715,0.00010720222
102.54069444448427,18.64013888887959,1716,7.597493e-10
102.88902777781766,18.441805555546228,1717,0.00040471938
102.58930555559539,18.686249999990707,1718,0.00042567964
102.56930555559539,18.72708333332405,1719,2.2854227e-05
102.68458333337318,18.667916666657373,1720,4.9011316e-05
102.67013888892873,18.53847222221291,1721,4.5958006e-09
102.64513888892874,18.63513888887959,1722,1.15152936e-10
102.54013888892872,18.423749999990672,1723,5.1315583e-09
102.87152777781766,18.66819444443515,1724,0.0008686359
102.6293055555954,18.66958333332404,1725,2.3382312e-09
102.42597222226203,18.39624999999067,1726,1.7986415e-05
102.83430555559544,18.46374999999068,1727,7.1105234e-05
102.82902777781764,18.630416666657368,1728,0.00019430523
102.74763888892875,18.401805555546225,1729,0.00014752452
102.84069444448431,18.502083333324016,1730,0.00018113364
102.88958333337321,18.58180555554625,1731,1.6835054e-05
102.54375000003984,18.750416666657383,1732,7.9456455e-05
102.7995833333732,18.467361111101788,1733,0.0010848347
102.5329166667065,18.524861111101796,1734,2.6140477e-05
102.69708333337319,18.484027777768457,1735,0.0077005583
102.75652777781764,18.66319444443515,1736,0.0003188071
102.86569444448432,18.42874999999067,1737,0.00041111658
102.47736111115093,18.59180555554625,1738,0.0016367427
102.65097222226207,18.632083333324033,1739,1.2434053e-05
102.64291666670651,18.657361111101817,1740,4.59569e-10
102.6518055555954,18.69374999999071,1741,0.00025782216
102.70347222226208,18.718472222212934,1742,3.930438e-05
102.62291666670652,18.728749999990715,1743,0.00018137871
102.68125000003985,18.685138888879596,1744,0.00068249286
102.69736111115097,18.57430555554625,1745,6.0108698e-05
102.58763888892872,18.456805555546232,1746,0.00012478084
102.61375000003984,18.42263888887956,1747,9.089327e-06
102.62875000003984,18.663749999990706,1748,1.3309931e-08
102.51708333337317,18.470138888879568,1749,6.296289e-05
102.78986111115098,18.569583333324026,1750,6.5360364e-06
102.58680555559539,18.507638888879573,1751,3.6343605e-05
102.73708333337319,18.435972222212897,1752,0.004134451
102.90486111115099,18.745694444435163,1753,0.001140484
102.48236111115094,18.72708333332405,1754,0.00028121026
102.76652777781764,18.629305555546257,1755,3.7471687e-05
102.66347222226207,18.462638888879567,1756,3.2873164e-08
102.68236111115097,18.54847222221291,1757,5.395918e-10
102.64513888892874,18.429583333324004,1758,0.00010349275
102.62208333337318,18.73569444443516,1759,4.4966022e-05
102.57958333337317,18.601805555546253,1760,2.1583673e-09
102.61486111115096,18.73458333332405,1761,1.6108534e-05
102.84375000003988,18.40347222221289,1762,6.109965e-05
102.60458333337317,18.45958333332401,1763,0.0005197818
102.67680555559541,18.587361111101806,1764,1.2590475e-09
102.66736111115097,18.679027777768486,1765,0.0017113655
102.78180555559543,18.70736111110182,1766,0.0015687025
102.45708333337315,18.585694444435138,1767,0.00023472372
102.8020833333732,18.685694444435153,1768,0.008618501
102.75430555559542,18.551805555546245,1769,3.7944523e-10
102.62986111115096,18.595972222212918,1770,1.1935863e-07
102.83625000003987,18.50652777776846,1771,0.00011915774
102.60458333337317,18.401249999990668,1772,2.8716579e-05
102.70208333337318,18.713749999990714,1773,3.2955468e-05
102.90513888892878,18.595138888879585,1774,0.0022847822
102.46402777781759,18.681527777768487,1775,0.0004732047
102.50791666670649,18.567916666657357,1776,5.4945262e-06
102.71486111115097,18.625972222212923,1777,2.4446803e-05
102.66708333337318,18.5473611111018,1778,0.00010822831
102.84069444448431,18.468194444435124,1779,0.0005234177
102.89180555559544,18.74319444443516,1780,0.96922404
102.86763888892877,18.73458333332405,1781,0.00016122231
102.87958333337322,18.724861111101827,1782,0.00032803454
102.79319444448431,18.736249999990715,1783,0.000116965064
102.57236111115094,18.738194444435162,1784,0.00018699895
102.65097222226207,18.429583333324004,1785,0.00010222593
102.56208333337317,18.70152777776849,1786,2.792548e-05
102.63902777781762,18.519861111101797,1787,1.1691156e-09
102.58986111115095,18.753749999990717,1788,5.615753e-06
102.51847222226205,18.691805555546264,1789,1.3581517e-05
102.50430555559538,18.422916666657336,1790,5.538812e-07
102.53652777781761,18.406527777768446,1791,9.595878e-06
102.81069444448431,18.559305555546246,1792,0.0008830273
102.54569444448428,18.759027777768498,1793,8.341318e-05
102.81375000003987,18.697916666657378,1794,0.00014954843
102.84569444448432,18.50652777776846,1795,3.5162262e-09
102.65513888892873,18.45069444443512,1796,3.9749928e-08
102.79513888892876,18.648749999990702,1797,0.0003004461
102.42736111115093,18.53708333332402,1798,4.346334e-08
102.88319444448433,18.44680555554623,1799,1.4469702
102.57458333337317,18.703749999990713,1800,3.3897668e-05
102.55847222226205,18.643472222212925,1801,2.5360814e-08
102.88569444448433,18.583472222212915,1802,0.00047169707
102.857361111151,18.711249999990713,1803,0.0074133407
102.76763888892876,18.659861111101815,1804,0.00021726356
102.75236111115098,18.666527777768483,1805,0.00090164033
102.43236111115093,18.475416666657345,1806,0.00038541522
102.5904166667065,18.566249999990692,1807,5.8592934e-07
102.7281944444843,18.59208333332403,1808,1.692952e-05
102.52208333337316,18.518194444435128,1809,1.0496232e-05
102.89791666670655,18.544583333324024,1810,0.00022676932
102.5204166667065,18.677638888879596,1811,3.3896729e-06
102.49736111115094,18.39847222221289,1812,2.1775588e-11
102.62291666670652,18.718472222212934,1813,0.00010812244
102.62513888892873,18.50152777776846,1814,1.2292645e-07
102.56486111115095,18.641249999990702,1815,7.194557e-10
102.78236111115098,18.424861111101784,1816,6.169014e-05
102.45875000003981,18.47374999999068,1817,6.9849366e-06
102.78513888892876,18.424305555546226,1818,2.2420643e-05
102.42986111115093,18.53847222221291,1819,9.804933e-06
102.72625000003985,18.50152777776846,1820,0.000119578515
102.61819444448429,18.670694444435153,1821,2.986455e-10
102.65986111115096,18.615694444435142,1822,8.0938767e-10
102.54597222226205,18.64180555554626,1823,4.4823534e-10
102.75458333337319,18.663472222212928,1824,0.000585825
102.6329166667065,18.400694444435114,1825,1.9776218e-08
102.84236111115098,18.695694444435155,1826,0.001449171
102.6043055555954,18.708194444435158,1827,8.196332e-05
102.68152777781764,18.740138888879606,1828,0.0015297915
102.51902777781761,18.6337499999907,1829,0.00013902316
102.70847222226207,18.68847222221293,1830,6.573349e-05
102.89625000003988,18.546527777768468,1831,0.00012584405
102.55458333337317,18.592361111101805,1832,1.8346121e-08
102.82125000003987,18.424305555546226,1833,5.6337343e-05
102.52263888892871,18.563472222212912,1834,3.8439546e-05
102.67791666670652,18.61597222221292,1835,9.262992e-09
102.90652777781766,18.662638888879595,1836,3.935567e-05
102.58263888892873,18.564305555546248,1837,2.8778229e-09
102.64986111115095,18.578749999990695,1838,2.579039e-10
102.75541666670652,18.669027777768484,1839,0.00070276856
102.7206944444843,18.662083333324038,1840,2.056006e-09
102.44291666670648,18.461249999990677,1841,4.95493e-06
102.84625000003987,18.51291666665735,1842,2.7596043e-05
102.56013888892872,18.727638888879603,1843,0.00016496898
102.7895833333732,18.526249999990686,1844,0.00040304053
102.48569444448427,18.533749999990686,1845,0.00010538967
102.51069444448427,18.492361111101793,1846,1.6944183e-05
102.68791666670651,18.466249999990676,1847,0.033804327
102.58569444448428,18.63097222221292,1848,2.6858468e-10
102.60625000003984,18.71541666665738,1849,7.315186e-05
102.46347222226204,18.617638888879586,1850,3.3921402e-05
102.67875000003986,18.65819444443515,1851,0.000113372786
102.8809722222621,18.74986111110183,1852,0.00092819915
102.88708333337321,18.488194444435123,1853,3.1926837e-05
102.4965277778176,18.70041666665738,1854,0.0013251271
102.78986111115098,18.581249999990693,1855,0.00029105498
102.84652777781766,18.42874999999067,1856,0.0002148646
102.8909722222621,18.617916666657365,1857,0.00018802713
102.57263888892872,18.50374999999068,1858,2.0684352e-09
102.71680555559541,18.404583333324002,1859,0.0004945971
102.66041666670651,18.543749999990688,1860,1.3310371e-09
102.73513888892874,18.660416666657373,1861,7.175716e-10
102.4590277778176,18.457638888879565,1862,1.5318208e-05
102.54208333337317,18.49263888887957,1863,0.00013237746
102.5918055555954,18.74180555554627,1864,0.00055636634
102.72708333337319,18.747916666657385,1865,0.020254934
102.53319444448428,18.727916666657382,1866,1.2794437e-09
102.69652777781764,18.670694444435153,1867,0.00015453127
102.54652777781762,18.600138888879584,1868,7.208439e-05
102.58736111115095,18.599027777768473,1869,1.2590475e-09
102.67013888892873,18.567361111101803,1870,8.585529e-10
102.58236111115095,18.58069444443514,1871,5.7005295e-10
102.76819444448431,18.437083333324008,1872,0.00035223368
102.58430555559539,18.524861111101796,1873,4.556802e-09
102.42319444448425,18.434583333324007,1874,1.6824708e-05
102.59513888892873,18.643749999990703,1875,3.6774077e-07
102.63652777781762,18.445972222212898,1876,1.5168432e-09
102.50875000003983,18.52041666665735,1877,4.9000002e-05
102.69291666670652,18.60736111110181,1878,6.881138e-10
102.53597222226205,18.54708333332402,1879,5.886036e-05
102.49319444448427,18.676249999990706,1880,0.00045408373
102.62152777781762,18.39847222221289,1881,4.3550394e-06
102.47763888892871,18.672916666657375,1882,8.069591e-05
102.81486111115098,18.455138888879564,1883,2.1026064e-05
102.86541666670655,18.617638888879586,1884,0.00025418447
102.87319444448433,18.611527777768476,1885,4.0907697e-05
102.64152777781763,18.487083333324016,1886,3.1883676e-08
102.42875000003981,18.40486111110178,1887,7.658958e-06
102.72347222226207,18.71152777776849,1888,0.0011437493
102.70263888892875,18.575138888879582,1889,3.9000767e-10
102.65763888892873,18.519027777768464,1890,1.1601223e-08
102.52625000003982,18.704027777768488,1891,1.0753161e-08
102.73652777781764,18.727916666657382,1892,0.0003470487
102.53486111115095,18.510972222212907,1893,0.00012409044
102.4754166667065,18.61458333332403,1894,0.00016979905
102.49097222226204,18.45458333332401,1895,1.20851e-10
102.63319444448429,18.490972222212903,1896,1.1214606e-05
102.7970833333732,18.725138888879602,1897,8.169345e-05
102.79013888892875,18.729027777768493,1898,0.007870622
102.44291666670648,18.41374999999067,1899,2.1772967e-06
102.51347222226205,18.57402777776847,1900,5.8022437e-05
102.75208333337319,18.430694444435115,1901,0.00020034288
102.42597222226203,18.609583333324032,1902,2.518018e-05
102.63597222226207,18.693472222212932,1903,5.2832416e-05
102.58958333337317,18.477083333324014,1904,0.00013001924
102.90013888892877,18.415972222212893,1905,5.2672807e-05
102.61847222226207,18.746527777768495,1906,2.2978973e-05
102.69875000003985,18.432083333324005,1907,0.00013627292
102.46458333337316,18.522916666657352,1908,1.4143538e-05
102.70486111115096,18.734027777768492,1909,7.986178e-05
102.80125000003987,18.46374999999068,1910,0.0076663136
102.83125000003987,18.585416666657363,1911,0.00014295185
102.59069444448428,18.500138888879572,1912,1.7986393e-10
102.50347222226205,18.55763888887958,1913,1.0756763e-09
102.45458333337315,18.69986111110182,1914,0.00013286546
102.86180555559544,18.55624999999069,1915,0.0006981157
102.87291666670654,18.595138888879585,1916,0.0001022697
102.5654166667065,18.76874999999072,1917,1.6563334e-05
102.42736111115093,18.51291666665735,1918,4.19559e-05
102.81763888892876,18.638194444435147,1919,7.227637e-05
102.79180555559542,18.75347222221294,1920,0.00044645794
102.86625000003988,18.387638888879554,1921,1.918971e-05
102.46708333337315,18.757916666657387,1922,0.00020909192
102.7770833333732,18.74847222221294,1923,0.0035920804
102.65847222226208,18.751527777768494,1924,3.6830097e-05
102.4501388889287,18.670694444435153,1925,0.0016715004
102.47208333337315,18.404583333324002,1926,0.10986179
102.81791666670654,18.55652777776847,1927,0.00023522339
102.63652777781762,18.585416666657363,1928,1.1421359e-08
102.43291666670649,18.43763888887956,1929,0.00073437515
102.47736111115093,18.475694444435124,1930,0.00093090965
102.61958333337317,18.502083333324016,1931,5.216054e-09
102.6968055555954,18.7101388888796,1932,0.0011224361
102.7720833333732,18.543472222212912,1933,3.9409567e-10
102.74180555559542,18.540694444435132,1934,2.2930527e-10
102.64847222226207,18.69624999999071,1935,0.0044583594
102.78680555559542,18.422083333324004,1936,0.00025961784
102.51319444448427,18.745694444435163,1937,6.0489558e-05
102.46180555559538,18.541527777768465,1938,2.9986686e-05
102.73875000003986,18.723472222212937,1939,0.0012599424
102.73402777781763,18.73347222221294,1940,0.0005527375
102.54375000003984,18.747638888879607,1941,6.020088e-05
102.67291666670651,18.728472222212936,1942,0.003948137
102.71152777781764,18.76013888887961,1943,0.0003358723
102.8320833333732,18.47236111110179,1944,0.0007605451
102.72708333337319,18.77013888887961,1945,0.00453239
102.57875000003983,18.76763888887961,1946,0.00038455325
102.42069444448425,18.719861111101824,1947,0.00047484314
102.50097222226205,18.40513888887956,1948,5.9791914e-06
102.72625000003985,18.593749999990695,1949,2.9186226e-10
102.4176388889287,18.669027777768484,1950,0.00039883482
102.7745833333732,18.395138888879558,1951,7.3316216e-05
102.61486111115096,18.53097222221291,1952,1.9785031e-09
102.48180555559537,18.408472222212893,1953,4.347005e-06
102.86263888892877,18.472916666657344,1954,1.8283093e-10
102.72013888892874,18.614027777768477,1955,9.097036e-06
102.51986111115095,18.634305555546256,1956,9.060931e-05
102.5440277778176,18.569583333324026,1957,3.707295e-05
102.41597222226204,18.407361111101782,1958,4.4837645e-05
102.74597222226208,18.525972222212907,1959,9.065758e-06
102.61263888892873,18.59069444443514,1960,2.3382312e-09
102.49986111115093,18.513749999990683,1961,6.0287097e-05
102.41902777781759,18.413194444435113,1962,4.024219e-05
102.80763888892876,18.610972222212922,1963,0.00023762911
102.88125000003988,18.634861111101813,1964,0.0011746963
102.44069444448427,18.609583333324032,1965,2.5446769e-05
102.78013888892876,18.763472222212943,1966,6.7800536e-11
102.52097222226205,18.634583333324034,1967,0.00010752656
102.49486111115094,18.458749999990676,1968,2.4800813e-05
102.66263888892874,18.599305555546252,1969,7.61608e-08
102.81625000003987,18.665138888879596,1970,0.00027491766
102.83930555559543,18.64819444443515,1971,7.083545e-05
102.67958333337319,18.53597222221291,1972,1.7986393e-09
102.6756944444843,18.715972222212937,1973,2.5102257e-05
102.72708333337319,18.675138888879594,1974,3.251874e-10
102.54652777781762,18.643194444435146,1975,4.406666e-09
102.86375000003987,18.624305555546254,1976,5.3715034e-05
102.57125000003984,18.550416666657355,1977,6.865805e-05
102.43125000003981,18.41763888887956,1978,0.00017485338
102.6193055555954,18.609027777768475,1979,8.273741e-09
102.55263888892873,18.545416666657356,1980,1.7323121e-06
102.83930555559543,18.48874999999068,1981,0.00015435136
102.71597222226208,18.48013888887957,1982,0.00027846752
102.85763888892876,18.664861111101818,1983,0.0004993017
102.74347222226208,18.594861111101807,1984,0.0004216506
102.88875000003988,18.400694444435114,1985,0.00054047466
102.62708333337318,18.662361111101816,1986,6.2752346e-09
102.73791666670652,18.7051388888796,1987,0.027033163
102.80736111115098,18.679305555546264,1988,0.0008767593
102.52375000003983,18.492361111101793,1989,9.864276e-05
102.56902777781761,18.42180555554623,1990,0.000106036845
102.61958333337317,18.399861111101778,1991,4.1958607e-05
102.7156944444843,18.64291666665737,1992,8.0313366e-05
102.70402777781763,18.428194444435118,1993,0.0004658761
102.58097222226206,18.464027777768454,1994,0.00012025038
102.78152777781764,18.40374999999067,1995,0.00011228581
102.84430555559543,18.551805555546245,1996,9.920942e-06
102.71625000003985,18.391527777768445,1997,0.019929929
102.5943055555954,18.487083333324016,1998,5.305986e-09
102.902361111151,18.77013888887961,1999,5.3372878e-05
102.52763888892872,18.48513888887957,2000,7.563253e-05
102.86486111115099,18.654861111101816,2001,0.008065809
102.85430555559543,18.391527777768445,2002,0.082443185
102.59069444448428,18.517083333324017,2003,1.2329465e-09
102.8345833333732,18.5373611111018,2004,0.0008218207
102.69041666670653,18.73930555554627,2005,0.0010793846
102.77097222226209,18.69624999999071,2006,0.00032716297
102.66652777781762,18.700972222212933,2007,0.001790478
102.4740277778176,18.536527777768466,2008,0.00015471243
102.49625000003982,18.59319444443514,2009,1.9901381e-05
102.87375000003988,18.592638888879584,2010,0.00030002368
102.7256944444843,18.554027777768468,2011,2.0684352e-09
102.6218055555954,18.681805555546262,2012,5.703913e-10
102.65486111115096,18.594861111101807,2013,3.079835e-08
102.80625000003987,18.546527777768468,2014,0.00018085197
102.83819444448432,18.4659722222129,2015,0.00040602073
102.53375000003983,18.5448611111018,2016,0.00016680444
102.58486111115094,18.536527777768466,2017,1.3196099e-07
102.46597222226204,18.4784722222129,2018,3.4891338e-05
102.54847222226205,18.727638888879603,2019,0.00023842261
102.50847222226204,18.39736111110178,2020,1.4358164e-05
102.70263888892875,18.607916666657363,2021,3.7957018e-10
102.90180555559544,18.52958333332402,2022,0.00014280752
102.7895833333732,18.409027777768447,2023,2.3354061e-05
102.81541666670654,18.567083333324025,2024,0.00011055371
102.84486111115099,18.76513888887961,2025,0.00068016886
102.68402777781763,18.544583333324024,2026,7.194557e-10
102.43458333337315,18.77013888887961,2027,0.00017677467
102.68125000003985,18.522361111101798,2028,2.608027e-09
102.41847222226204,18.762916666657386,2029,0.00039032192
102.90347222226211,18.6337499999907,2030,0.00021871942
102.85458333337321,18.72402777776849,2031,0.00020226435
102.62847222226206,18.645972222212926,2032,2.0499614e-08
102.70152777781763,18.392361111101778,2033,8.447556e-06
102.44597222226204,18.61236111110181,2034,8.048716e-06
102.75902777781764,18.47374999999068,2035,0.00018055688
102.46208333337316,18.715694444435158,2036,0.00022213458
102.84902777781765,18.765416666657387,2037,0.00017839918
102.64097222226206,18.58930555554625,2038,7.1046253e-09
102.5054166667065,18.635694444435146,2039,3.6391542e-05
102.8934722222621,18.474305555546234,2040,1.7986393e-10
102.8634722222621,18.738472222212938,2041,0.0034732302
102.44069444448427,18.576805555546247,2042,8.978339e-05
102.84375000003988,18.490694444435125,2043,1.2994171e-10
102.5415277778176,18.444861111101787,2044,6.5335917e-06
102.5793055555954,18.759583333324052,2045,3.594005e-05
102.90569444448433,18.593749999990695,2046,0.00010665199
102.43625000003982,18.646249999990705,2047,0.00026905272
102.88847222226211,18.610694444435143,2048,6.4204614e-05
102.69402777781764,18.638472222212926,2049,4.5366497e-09
102.80236111115099,18.42402777776845,2050,0.00020331329
102.90013888892877,18.551527777768467,2051,0.00013351634
102.74541666670653,18.45708333332401,2052,0.0029228525
102.45819444448426,18.430694444435115,2053,4.328861e-06
102.89486111115099,18.613194444435145,2054,0.001532573
102.66236111115096,18.73291666665738,2055,0.0004961369
102.76041666670653,18.737916666657384,2056,0.00014576114
102.73152777781763,18.678749999990707,2057,5.2031013e-10
102.84625000003987,18.49902777776846,2058,1.5794275e-06
102.5165277778176,18.447638888879563,2059,7.941495e-05
102.59486111115095,18.525138888879574,2060,2.7878908e-09
102.65375000003985,18.62513888887959,2061,5.6657137e-09
102.67402777781763,18.649861111101814,2062,3.2878204e-05
102.63263888892874,18.713749999990714,2063,3.8451002e-05
102.43013888892871,18.479305555546237,2064,2.2971737e-05
102.7093055555954,18.51319444443513,2065,0.000105111
102.65513888892873,18.5473611111018,2066,3.0576868e-09
102.81986111115098,18.49486111110179,2067,0.0003827589
102.4501388889287,18.769861111101832,2068,2.5919546e-05
102.46597222226204,18.74069444443516,2069,0.0011112897
102.45930555559538,18.633194444435144,2070,0.00022472488
102.80347222226209,18.390416666657334,2071,9.0732865e-05
102.78430555559542,18.559583333324024,2072,1.2094712e-05
102.7670833333732,18.52708333332402,2073,1.5438809e-10
102.43847222226204,18.414583333324003,2074,2.9973385e-06
102.54013888892872,18.6212499999907,2075,6.6497613e-10
102.80180555559542,18.45569444443512,2076,4.6105386e-05
102.81819444448432,18.433472222212895,2077,8.191964e-05
102.48847222226205,18.408194444435114,2078,4.731302e-05
102.89458333337322,18.45430555554623,2079,8.155091e-05
102.7720833333732,18.7101388888796,2080,4.4937035e-05
102.76236111115098,18.745694444435163,2081,0.0004923793
102.85652777781766,18.508749999990684,2082,0.000720322
102.43097222226204,18.676805555546263,2083,0.0003935643
102.80486111115098,18.599305555546252,2084,0.03271491
102.71736111115096,18.459027777768455,2085,0.00022686836
102.48875000003983,18.552916666657357,2086,2.033461e-05
102.58652777781762,18.43680555554623,2087,0.00014563813
102.8470833333732,18.556805555546244,2088,0.0009912213
102.88819444448433,18.72569444443516,2089,0.00018764446
102.72625000003985,18.42624999999067,2090,8.261085e-05
102.86652777781765,18.639305555546258,2091,2.4132007e-05
102.68902777781763,18.45708333332401,2092,0.00035005715
102.55902777781762,18.437083333324008,2093,0.00028602785
102.49236111115094,18.397916666657334,2094,2.1760495e-06
102.90541666670654,18.54097222221291,2095,3.7034715e-05
102.63236111115096,18.650972222212925,2096,9.2112545e-10
102.72958333337318,18.422083333324004,2097,3.8036236e-05
102.64041666670651,18.412083333324002,2098,0.00022482991
102.4604166667065,18.397916666657334,2099,7.897602e-06
102.7581944444843,18.517361111101796,2100,0.00015200545
102.6054166667065,18.744861111101827,2101,3.3482004e-09
102.52402777781761,18.57152777776847,2102,0.00026388033
102.79847222226209,18.525138888879574,2103,0.00040184846
102.52958333337317,18.75986111110183,2104,6.0845938e-05
102.68375000003985,18.43041666665734,2105,7.325086e-05
102.4940277778176,18.597361111101808,2106,3.5845507e-09
102.77875000003986,18.585694444435138,2107,0.018106652
102.85069444448432,18.744027777768494,2108,0.0011034037
102.7495833333732,18.552083333324024,2109,1.7986393e-09
102.8859722222621,18.586249999990695,2110,0.0011028629
102.54486111115094,18.72569444443516,2111,2.8017825e-05
102.89708333337322,18.756805555546276,2112,5.0067865e-05
102.62263888892873,18.763472222212943,2113,3.8136826e-05
102.89875000003988,18.392638888879556,2114,5.769059e-05
102.6818055555954,18.7665277777685,2115,0.0012504882
102.63986111115095,18.730138888879605,2116,7.554237e-05
102.47680555559538,18.50541666665735,2117,0.0001476639
102.7320833333732,18.527361111101797,2118,1.2637737e-08
102.51430555559539,18.632083333324033,2119,0.0008701684
102.48847222226205,18.74069444443516,2120,0.010122289
102.90319444448433,18.742638888879604,2121,9.52632e-05
102.75597222226209,18.41152777776845,2122,0.002527687
102.75847222226209,18.746805555546274,2123,0.00072903524
102.87958333337322,18.39736111110178,2124,9.759587e-05
102.7934722222621,18.557916666657356,2125,8.270647e-05
102.66652777781762,18.399583333324003,2126,0.0028458266
102.66458333337319,18.69152777776849,2127,0.0003504819
102.83180555559542,18.50374999999068,2128,7.415683e-05
102.71208333337319,18.73930555554627,2129,0.0006909907
102.5290277778176,18.669027777768484,2130,1.7890818e-08
102.64347222226206,18.723749999990716,2131,0.00042840966
102.89763888892877,18.458194444435122,2132,9.7184915e-05
102.70513888892874,18.651249999990704,2133,3.5303962e-09
102.82263888892876,18.575138888879582,2134,0.00033727623
102.84013888892876,18.509861111101795,2135,0.00019346095
102.69180555559541,18.71152777776849,2136,2.4189789e-05
102.8170833333732,18.645972222212926,2137,5.337539e-05
102.64902777781762,18.697916666657378,2138,5.8541158e-05
102.57652777781762,18.59680555554625,2139,2.7685327e-09
102.78013888892876,18.491805555546236,2140,0.016619401
102.85625000003988,18.45208333332401,2141,1.3450468
102.63708333337318,18.630694444435147,2142,0.007389943
102.7031944444843,18.401805555546225,2143,0.0007350695
102.61680555559539,18.657361111101817,2144,3.9570063e-09
102.71625000003985,18.72291666665738,2145,0.0004599388
102.47625000003983,18.704861111101824,2146,8.4858024e-05
102.57458333337317,18.69986111110182,2147,0.00010007436
102.82402777781765,18.53124999999069,2148,0.0052609523
102.79263888892875,18.389305555546223,2149,7.0794655e-09
102.49930555559538,18.739861111101828,2150,4.4966114e-11
102.48930555559538,18.654027777768484,2151,3.7270704e-05
102.5579166667065,18.501805555546238,2152,0.0009950777
102.43097222226204,18.730972222212937,2153,0.00017087033
102.45986111115093,18.4534722222129,2154,8.4194835e-05
102.4265277778176,18.493194444435126,2155,6.5275794e-06
102.78347222226209,18.554027777768468,2156,5.367864e-05
102.75236111115098,18.518194444435128,2157,6.0967268e-05
102.62013888892874,18.498749999990682,2158,0.00042188787
102.66236111115096,18.702083333324044,2159,0.00041918852
102.52930555559539,18.74208333332405,2160,3.8298237e-10
102.85930555559543,18.61597222221292,2161,9.175989e-05
102.84430555559543,18.481805555546234,2162,0.007979505
102.41625000003981,18.729583333324047,2163,7.931619e-05
102.77513888892875,18.399027777768445,2164,0.00013299203
102.65541666670651,18.57930555554625,2165,1.7538888e-08
102.4126388889287,18.5523611111018,2166,3.13568e-05
102.52319444448428,18.661249999990705,2167,0.008615144
102.42986111115093,18.46069444443512,2168,9.481073e-06
102.85763888892876,18.551527777768467,2169,5.4318163e-05
102.57958333337317,18.739861111101828,2170,3.829824e-10
102.4415277778176,18.51458333332402,2171,1.531842e-10
102.58152777781761,18.631805555546258,2172,2.7456961e-09
102.61069444448428,18.69124999999071,2173,1.9694485e-07
102.52541666670649,18.736527777768494,2174,3.5487627e-10
102.50013888892872,18.416805555546226,2175,8.707302e-06
102.63625000003985,18.70124999999071,2176,0.11476041
102.72541666670652,18.748749999990718,2177,0.000444047
102.54958333337316,18.631805555546258,2178,1.4928705e-08
102.63986111115095,18.52180555554624,2179,4.4965984e-10
102.68152777781764,18.482361111101792,2180,1.0992629e-05
102.72236111115097,18.70874999999071,2181,0.00031501966
102.60513888892874,18.476527777768457,2182,3.6872105e-09
102.47180555559538,18.63152777776848,2183,3.0350555e-05
102.55347222226206,18.441249999990674,2184,8.946627e-10
102.87986111115099,18.751805555546273,2185,0.0004547767
102.50458333337316,18.697916666657378,2186,0.0006376549
102.5929166667065,18.578749999990695,2187,4.2268025e-09
102.52763888892872,18.548194444435133,2188,0.00043333694
102.64458333337318,18.544305555546245,2189,7.0146933e-09
102.87875000003989,18.570694444435137,2190,0.0003026737
102.6093055555954,18.56124999999069,2191,1.649155e-10
102.70041666670652,18.466527777768455,2192,0.002430911
102.71041666670652,18.587638888879585,2193,4.5956094e-10
102.8984722222621,18.726527777768492,2194,0.00092918
102.67430555559541,18.471527777768458,2195,6.2952377e-10
102.71930555559541,18.52041666665735,2196,0.0005752569
102.6343055555954,18.449305555546232,2197,5.221009e-09
102.58569444448428,18.688194444435155,2198,0.00077357935
102.74597222226208,18.41124999999067,2199,3.1000433e-05
102.50930555559538,18.448749999990675,2200,6.366221e-05
102.86486111115099,18.525138888879574,2201,6.208122e-05
102.44847222226204,18.603194444435143,2202,1.9023146e-05
102.69541666670652,18.48791666665735,2203,0.00064473384
102.87041666670655,18.567083333324025,2204,0.0003232316
102.74652777781763,18.509583333324017,2205,0.00075432454
102.6831944444843,18.634305555546256,2206,2.608027e-09
102.84041666670655,18.675138888879594,2207,0.000455604
102.77486111115097,18.48652777776846,2208,0.0003213555
102.81513888892876,18.43652777776845,2209,0.0006080576
102.78402777781764,18.455416666657342,2210,0.00012587082
102.77180555559542,18.722083333324047,2211,6.60472e-05
102.83902777781765,18.587361111101806,2212,9.151807e-05
102.6556944444843,18.544583333324024,2213,4.3167345e-09
102.67013888892873,18.741249999990718,2214,0.0011887442
102.72041666670653,18.562083333324026,2215,6.8933753e-10
102.81291666670654,18.693194444435154,2216,0.00030242678
102.4815277778176,18.459027777768455,2217,2.6118489e-05
102.56069444448428,18.569583333324026,2218,1.3579727e-08
102.80541666670653,18.390972222212888,2219,0.00011215398
102.7206944444843,18.667638888879594,2220,2.8778229e-09
102.65402777781763,18.59847222221292,2221,7.194557e-10
102.76986111115097,18.612916666657366,2222,0.00049481745
102.82041666670654,18.67347222221293,2223,0.0028546783
102.53958333337316,18.423749999990672,2224,1.7536733e-08
102.62236111115095,18.574583333324025,2225,3.1882124e-08
102.5993055555954,18.517361111101796,2226,1.4389114e-09
102.52875000003984,18.677916666657374,2227,1.1288083e-08
102.56486111115095,18.589861111101808,2228,1.40293865e-08
102.78180555559543,18.754027777768496,2229,2.506503e-05
102.6131944444843,18.66847222221293,2230,8.093877e-09
102.6518055555954,18.5573611111018,2231,1.3489796e-09
102.67902777781762,18.641249999990702,2232,0.0010680732
102.88375000003988,18.694027777768486,2233,0.00023727979
102.44208333337315,18.564583333324023,2234,1.15127405e-05
102.47680555559538,18.44041666665734,2235,3.0054161e-09
102.44263888892871,18.555694444435133,2236,9.921355e-06
102.5993055555954,18.535694444435133,2237,2.428163e-09
102.83236111115099,18.627361111101813,2238,4.205813e-05
102.78125000003986,18.653749999990705,2239,4.552078e-05
102.64958333337319,18.42902777776845,2240,0.0004508192
102.72708333337319,18.70930555554627,2241,0.00033006535
102.43430555559537,18.49374999999068,2242,6.9949456e-06
102.5943055555954,18.65430555554626,2243,1.2645698e-07
102.54763888892872,18.49652777776846,2244,2.4124995e-05
102.80875000003986,18.75097222221294,2245,0.00061774865
102.63791666670652,18.636805555546257,2246,9.659793e-05
102.55958333337317,18.557083333324023,2247,6.7448975e-09
102.60625000003984,18.498749999990682,2248,0.000112195215
102.77930555559541,18.7151388888796,2249,0.001680497
102.83625000003987,18.520138888879575,2250,0.0013458108
102.57486111115095,18.42263888887956,2251,0.0001471787
102.6093055555954,18.724861111101827,2252,0.0002672672
102.59208333337317,18.474583333324013,2253,9.590538e-05
102.6406944444843,18.575138888879582,2254,1.1871019e-08
102.62597222226206,18.398194444435113,2255,0.00023517558
102.59125000003984,18.38819444443511,2256,2.1617299e-07
102.75597222226209,18.412083333324002,2257,0.0026917902
102.63736111115095,18.61513888887959,2258,6.2952377e-10
102.59986111115096,18.66819444443515,2259,7.352625e-05
102.66180555559541,18.558472222212913,2260,1.1764599e-09
102.58597222226206,18.4684722222129,2261,0.0006336678
102.85791666670654,18.453749999990677,2262,0.00022824497
102.74402777781764,18.70624999999071,2263,0.00048595027
102.59125000003984,18.389861111101776,2264,1.9189948e-10
102.41680555559537,18.684027777768485,2265,0.00042382322
102.44958333337316,18.674027777768487,2266,0.004206864
102.82236111115098,18.661805555546263,2267,3.7298538e-05
102.4276388889287,18.638472222212926,2268,0.010362874
102.50347222226205,18.435972222212897,2269,7.659059e-11
102.89902777781766,18.75347222221294,2270,0.0012632752
102.78763888892875,18.707083333324046,2271,0.00013537877
102.66041666670651,18.458194444435122,2272,0.00013625753
102.70013888892875,18.476805555546235,2273,0.00010174805
102.80402777781765,18.562916666657358,2274,0.00016064709
102.47958333337316,18.59208333332403,2275,1.8978046e-05
102.53263888892872,18.678749999990707,2276,3.8293986e-09
102.65486111115096,18.563472222212912,2277,2.2977927e-10
102.90347222226211,18.713749999990714,2278,0.00016702492
102.82708333337321,18.441805555546228,2279,4.4601777e-05
102.87180555559543,18.483472222212903,2280,4.4092107e-05
102.71625000003985,18.619027777768476,2281,2.7201204e-05
102.82652777781765,18.4559722222129,2282,0.00020366233
102.65986111115096,18.629583333324035,2283,5.305986e-09
102.55458333337317,18.423194444435115,2284,1.7654824e-05
102.87652777781766,18.477638888879568,2285,0.00024625528
102.47291666670648,18.762083333324053,2286,5.2581367e-05
102.71791666670653,18.479027777768458,2287,0.0021751267
102.46958333337315,18.57402777776847,2288,3.149324e-05
102.66652777781762,18.45458333332401,2289,0.0010971418
102.66847222226207,18.498472222212904,2290,1.6829196e-10
102.70597222226208,18.564583333324023,2291,1.6576274e-05
102.68152777781764,18.74986111110183,2292,0.00068405754
102.78291666670653,18.696527777768488,2293,0.017768832
102.7995833333732,18.40624999999067,2294,5.4845295e-05
102.62513888892873,18.40513888887956,2295,0.000119240765
102.7445833333732,18.57291666665736,2296,6.7783924e-11
102.88652777781766,18.521249999990687,2297,0.0009397888
102.51458333337317,18.56402777776847,2298,8.9392765e-10
102.74402777781764,18.411805555546227,2299,4.3699725e-05
102.52152777781761,18.585416666657363,2300,0.0007400187
102.68652777781763,18.76597222221294,2301,0.00015033864
102.65652777781763,18.62097222221292,2302,2.9677547e-09
102.6806944444843,18.573472222212914,2303,7.374421e-09
102.90402777781766,18.521527777768462,2304,0.00043531746
102.8709722222621,18.619583333324034,2305,5.8686936e-05
102.58541666670651,18.449027777768453,2306,1.116162e-05
102.71680555559541,18.70736111110182,2307,0.011969868
102.85652777781766,18.593749999990695,2308,2.9435456e-05
102.53763888892873,18.754861111101828,2309,0.001154978
102.52458333337316,18.642083333324035,2310,0.00028255951
102.72263888892874,18.449305555546232,2311,0.00014133033
102.58013888892873,18.459305555546234,2312,6.8947884e-05
102.65875000003984,18.49791666665735,2313,8.0938767e-10
102.43486111115092,18.461249999990677,2314,1.1162407e-05
102.46430555559537,18.504583333324018,2315,0.009038051
102.51319444448427,18.42624999999067,2316,2.1777296e-06
102.61986111115095,18.629583333324035,2317,2.4148494e-10
102.44319444448426,18.73319444443516,2318,0.00012488836
102.47708333337316,18.559583333324024,2319,6.777373e-06
102.68708333337318,18.647083333324037,2320,9.152754e-10
102.52402777781761,18.682916666657373,2321,1.9615197e-10
102.7820833333732,18.507361111101794,2322,7.767663e-05
102.88680555559543,18.570694444435137,2323,0.00020237808
102.43236111115093,18.410694444435116,2324,1.1215318e-05
102.73541666670653,18.50430555554624,2325,9.937868e-05
102.70041666670652,18.54124999999069,2326,1.95774e-09
102.6981944444843,18.522916666657352,2327,1.1166357e-10
102.50486111115094,18.654583333324037,2328,0.00032206398
102.57319444448429,18.5548611111018,2329,2.0234692e-08
102.59986111115096,18.533749999990686,2330,3.3274827e-09
102.50486111115094,18.49680555554624,2331,9.640306e-05
102.48375000003982,18.563194444435137,2332,0.00013952187
102.8495833333732,18.64291666665737,2333,3.575662e-05
102.68125000003985,18.738194444435162,2334,0.00014156972
102.83736111115098,18.44041666665734,2335,9.5512405e-05
102.79736111115098,18.515138888879573,2336,0.00031402806
102.78986111115098,18.455416666657342,2337,8.01644e-05
102.6693055555954,18.66319444443515,2338,0.00039172661
102.47125000003982,18.450416666657343,2339,4.3731132e-05
102.46597222226204,18.6212499999907,2340,8.134294e-06
102.69180555559541,18.573472222212914,2341,3.0637287e-10
102.5004166667065,18.41374999999067,2342,8.448462e-06
102.42625000003981,18.489305555546235,2343,3.1609516e-06
102.51097222226205,18.459027777768455,2344,4.496485e-06
102.90069444448433,18.475694444435124,2345,2.4577154e-10
102.51902777781761,18.696527777768488,2346,1.4241029e-05
102.72763888892875,18.546527777768468,2347,5.4176885e-09
102.78847222226209,18.500138888879572,2348,0.0018471049
102.58763888892872,18.58041666665736,2349,4.7533226e-09
102.63097222226207,18.480416666657348,2350,5.4413603e-09
102.80597222226208,18.70152777776849,2351,0.00040332152
102.59569444448428,18.537638888879577,2352,6.924761e-09
102.4290277778176,18.494305555546237,2353,0.0003548745
102.8934722222621,18.669305555546263,2354,0.00070362515
102.55375000003983,18.65180555554626,2355,1.414838e-05
102.84652777781766,18.551805555546245,2356,0.000114659684
102.89430555559544,18.467916666657345,2357,0.0001658119
102.6281944444843,18.54013888887958,2358,2.0994662e-10
102.6968055555954,18.534027777768465,2359,4.0549885e-08
102.60847222226207,18.59819444443514,2360,1.4363392e-10
102.47291666670648,18.512083333324018,2361,7.527188e-05
102.78347222226209,18.734027777768492,2362,0.00021702581
102.71902777781763,18.452638888879566,2363,0.0006010542
102.7406944444843,18.633472222212923,2364,0.00021546448
102.5929166667065,18.455138888879564,2365,3.301282e-05
102.85569444448431,18.60569444443514,2366,3.3366243e-05
102.70902777781764,18.44430555554623,2367,0.0001491457
102.75597222226209,18.633472222212923,2368,7.756512e-05
102.46986111115093,18.752916666657384,2369,8.3137784e-05
102.60513888892874,18.73291666665738,2370,0.00012841585
102.6981944444843,18.54624999999069,2371,3.2375507e-09
102.83347222226209,18.73180555554627,2372,0.00025974103
102.82986111115099,18.76763888887961,2373,0.0006574437
102.50680555559538,18.561805555546247,2374,8.977099e-06
102.82569444448431,18.60763888887959,2375,0.00010726821
102.89625000003988,18.458749999990676,2376,0.00547418
102.77041666670652,18.760416666657385,2377,0.00013140442
102.51875000003983,18.614027777768477,2378,5.074264e-05
102.60819444448428,18.720972222212936,2379,4.8044654e-05
102.49736111115094,18.528749999990687,2380,7.058157e-05
102.48625000003982,18.516527777768463,2381,2.6378137e-05
102.48319444448427,18.736805555546272,2382,0.0009177306
102.6281944444843,18.660416666657373,2383,6.7448975e-09
102.79541666670653,18.48902777776846,2384,0.0017931628
102.44763888892871,18.58152777776847,2385,2.1782025e-05
102.46180555559538,18.43902777776845,2386,5.4958946e-06
102.8709722222621,18.545694444435135,2387,0.000118152086
102.63402777781762,18.64541666665737,2388,8.458495e-06
102.63958333337318,18.640972222212923,2389,4.0673378e-05
102.8609722222621,18.42152777776845,2390,0.014591219
102.73986111115097,18.56513888887958,2391,1.1811377e-09
102.61902777781762,18.602083333324032,2392,5.7556457e-09
102.60319444448429,18.402916666657337,2393,7.980248e-05
102.58902777781762,18.57402777776847,2394,1.6834482e-10
102.6293055555954,18.695972222212934,2395,4.8961454e-05
102.53319444448428,18.753749999990717,2396,4.931047e-08
102.70875000003986,18.636527777768478,2397,0.00022980136
102.47013888892872,18.52958333332402,2398,8.794953e-05
102.5290277778176,18.42624999999067,2399,7.1865536e-10
102.45347222226204,18.485694444435126,2400,2.9793338e-05
102.82569444448431,18.735138888879604,2401,0.00013373166
102.89513888892877,18.64958333332404,2402,0.01731988
102.4401388889287,18.559861111101803,2403,0.000101051824
102.5154166667065,18.4609722222129,2404,3.6363374e-05
102.8984722222621,18.424583333324005,2405,0.0006565719
102.65041666670652,18.464305555546233,2406,8.993196e-09
102.46569444448427,18.461527777768456,2407,8.9932055e-06
102.83375000003987,18.712638888879603,2408,0.00044314584
102.63958333337318,18.44708333332401,2409,2.6394833e-09
102.56486111115095,18.432638888879563,2410,9.341382e-05
102.81013888892876,18.662916666657374,2411,0.00016724218
102.44180555559538,18.51041666665735,2412,2.1774263e-06
102.8345833333732,18.522361111101798,2413,0.00044060784
102.74041666670652,18.764583333324055,2414,0.0003077586
102.70208333337318,18.552083333324024,2415,1.71163e-06
102.41291666670648,18.398749999990667,2416,7.364484e-05
102.70875000003986,18.558194444435134,2417,8.9931965e-11
102.4879166667065,18.57541666665736,2418,4.7437143e-06
102.5779166667065,18.633472222212923,2419,6.053983e-05
102.59263888892873,18.626527777768477,2420,8.049379e-06
102.83819444448432,18.652361111101815,2421,0.00019337078
102.4840277778176,18.662083333324038,2422,0.005245771
102.84902777781765,18.543749999990688,2423,2.0830146e-09
102.6281944444843,18.423472222212894,2424,9.861756e-05
102.64291666670651,18.409305555546226,2425,0.00013413017
102.50791666670649,18.45458333332401,2426,0.00046086122
102.61680555559539,18.743749999990715,2427,4.4965936e-06
102.49680555559539,18.53819444443513,2428,9.258587e-09
102.86791666670655,18.508472222212905,2429,7.4060066e-05
102.60847222226207,18.393749999990668,2430,3.846498e-05
102.64486111115096,18.483194444435124,2431,2.3382312e-09
102.42486111115093,18.38819444443511,2432,1.1310839e-09
102.71041666670652,18.445138888879562,2433,0.00015688266
102.74263888892875,18.535416666657355,2434,3.4741305e-09
102.63208333337317,18.55513888887958,2435,2.7510334e-08
102.57902777781761,18.68847222221293,2436,2.9801562e-05
102.90597222226211,18.40624999999067,2437,0.00016311239
102.48847222226205,18.65041666665737,2438,0.00019880594
102.43458333337315,18.517083333324017,2439,5.2759046e-09
102.78625000003987,18.609305555546253,2440,0.000956155
102.77291666670654,18.405416666657334,2441,0.29874745
102.42347222226203,18.569305555546247,2442,2.248298e-05
102.72125000003986,18.669305555546263,2443,1.0168834e-10
102.64513888892874,18.524305555546242,2444,1.0791836e-09
102.55402777781761,18.525138888879574,2445,0.00065200316
102.43625000003982,18.668749999990705,2446,0.00016361478
102.81013888892876,18.65652777776848,2447,0.00035480259
102.64541666670651,18.524861111101796,2448,1.7986393e-09
102.41375000003981,18.579861111101806,2449,0.00022717792
102.53875000003983,18.68124999999071,2450,4.7466764e-10
102.4540277778176,18.659861111101815,2451,0.00010027468
102.63458333337317,18.620416666657366,2452,1.1691156e-09
102.64291666670651,18.60097222221292,2453,1.2626181e-08
102.49541666670649,18.64958333332404,2454,0.0003046274
102.70708333337319,18.392638888879556,2455,0.000115268296
102.81375000003987,18.735416666657382,2456,4.141657e-05
102.42958333337315,18.49402777776846,2457,3.4970358e-06
102.90263888892878,18.422916666657336,2458,2.6829494e-10
102.58986111115095,18.442361111101786,2459,8.4882944e-05
102.62208333337318,18.60458333332403,2460,7.2844895e-09
102.73847222226208,18.69097222221293,2461,0.08624234
102.76236111115098,18.741249999990718,2462,0.0005619986
102.81541666670654,18.727916666657382,2463,0.00010984091
102.58486111115094,18.666527777768483,2464,0.00036118273
102.41791666670647,18.424861111101784,2465,4.2086962e-05
102.55152777781761,18.636249999990703,2466,1.078682e-07
102.72291666670652,18.47208333332401,2467,4.066761e-05
102.88013888892877,18.61458333332403,2468,3.2664709e-09
102.86930555559543,18.47236111110179,2469,9.481728e-11
102.69708333337319,18.391805555546224,2470,0.00025398374
102.6131944444843,18.507361111101794,2471,9.455612e-09
102.49319444448427,18.420694444435114,2472,3.496875e-06
102.74041666670652,18.514861111101794,2473,0.0003357933
102.857361111151,18.73208333332405,2474,0.00346886
102.5604166667065,18.492361111101793,2475,0.00019922975
102.77152777781764,18.49263888887957,2476,6.330668e-05
102.55458333337317,18.452638888879566,2477,8.133386e-06
102.79652777781764,18.593472222212917,2478,0.004749463
102.75041666670653,18.670972222212928,2479,0.00062796194
102.60347222226206,18.517916666657353,2480,5.3959184e-09
102.68847222226208,18.449583333324007,2481,0.00028853226
102.71152777781764,18.415416666657336,2482,0.000644698
102.47125000003982,18.4709722222129,2483,1.3461783e-09
102.6668055555954,18.584861111101805,2484,8.5864e-10
102.56375000003983,18.387916666657333,2485,1.0487244e-05
102.72875000003985,18.648472222212927,2486,0.0041342773
102.70708333337319,18.40347222221289,2487,1.7484164e-05
102.49791666670649,18.457916666657344,2488,1.6083288e-05
102.42375000003982,18.765694444435166,2489,0.0032474995
102.73986111115097,18.638472222212926,2490,0.00022793478
102.58986111115095,18.550972222212913,2491,3.5073466e-09
102.67736111115096,18.525416666657353,2492,5.7525726e-09
102.57319444448429,18.594583333324028,2493,7.374421e-09
102.46319444448426,18.68986111110182,2494,0.0024877249
102.88319444448433,18.46208333332401,2495,0.00014910808
102.6543055555954,18.598749999990698,2496,7.194557e-10
102.73097222226208,18.585138888879584,2497,2.6367637e-05
102.62763888892873,18.713194444435157,2498,2.8073919e-05
102.65625000003985,18.516527777768463,2499,1.2770339e-08
102.66208333337318,18.762361111101832,2500,0.00042332386
102.41875000003981,18.60486111110181,2501,3.1631098e-06
102.72736111115097,18.404027777768448,2502,0.0007394038
102.5754166667065,18.462638888879567,2503,2.9830107e-05
102.79486111115098,18.73069444443516,2504,0.00036329989
102.7406944444843,18.480416666657348,2505,5.6225897e-05
102.83680555559543,18.709583333324044,2506,0.000825377
102.57125000003984,18.731249999990716,2507,0.00026629903
102.50513888892871,18.522638888879573,2508,3.511858e-05
102.47486111115093,18.405694444435113,2509,1.4705855e-05
102.41847222226204,18.74458333332405,2510,0.00039290506
102.42625000003981,18.410694444435116,2511,1.2578806e-05
102.60486111115095,18.693194444435154,2512,9.589852e-05
102.68486111115097,18.460416666657345,2513,0.00018602051
102.51986111115095,18.42124999999067,2514,7.194557e-10
102.76013888892875,18.53597222221291,2515,5.881889e-10
102.63763888892873,18.471527777768458,2516,2.0497059e-07
102.47236111115093,18.679027777768486,2517,0.00046181152
102.89958333337322,18.492916666657347,2518,0.0002120795
102.52763888892872,18.485416666657347,2519,7.898779e-05
102.4940277778176,18.67986111110182,2520,8.384304e-05
102.64458333337318,18.73069444443516,2521,0.00024301923
102.43013888892871,18.508194444435127,2522,3.5972786e-10
102.5040277778176,18.68124999999071,2523,0.00011336293
102.83902777781765,18.39597222221289,2524,0.00045730837
102.89319444448432,18.601527777768474,2525,0.00025410633
102.73791666670652,18.667638888879594,2526,0.00028821663
102.74847222226208,18.50569444443513,2527,0.0004497293
102.6493055555954,18.48152777776846,2528,2.9677547e-09
102.67902777781762,18.43013888887956,2529,0.00053630443
102.77263888892875,18.68486111110182,2530,7.534702e-05
102.59875000003984,18.44708333332401,2531,9.0815935e-05
102.62013888892874,18.702916666657377,2532,9.61204e-06
102.85041666670654,18.415416666657336,2533,0.00012830555
102.72625000003985,18.64763888887959,2534,5.1620274e-05
102.83180555559542,18.418194444435116,2535,2.1043546e-05
102.6731944444843,18.630416666657368,2536,2.8473108e-09
102.4904166667065,18.428472222212893,2537,2.7524424e-08
102.73541666670653,18.50680555554624,2538,0.0015295786
102.4526388889287,18.45486111110179,2539,3.9147802e-05
102.57430555559539,18.390694444435113,2540,9.940023e-06
102.50208333337316,18.736249999990715,2541,2.848932e-10
102.42375000003982,18.746249999990717,2542,0.0004422247
102.42486111115093,18.425416666657338,2543,1.1938215e-05
102.82763888892876,18.65819444443515,2544,3.9177034e-05
102.80125000003987,18.652083333324036,2545,0.00048415893
102.51430555559539,18.635694444435146,2546,8.113362e-05
102.47319444448426,18.51152777776846,2547,3.5222027e-05
102.53347222226205,18.570972222212916,2548,0.000783589
102.72097222226208,18.535694444435133,2549,3.5972786e-10
102.43041666670648,18.672638888879597,2550,0.00016465239
102.58569444448428,18.73180555554627,2551,0.0002455112
102.5704166667065,18.480972222212902,2552,0.00033537266
102.80125000003987,18.60763888887959,2553,0.00043336864
102.59902777781761,18.441249999990674,2554,0.0001458566
102.74486111115097,18.59319444443514,2555,0.0002070611
102.62097222226207,18.584583333324026,2556,4.4965984e-10
102.78430555559542,18.454027777768452,2557,8.303656e-05
102.80513888892875,18.625972222212923,2558,0.017327068
102.80680555559543,18.66736111110182,2559,0.00017065997
102.47736111115093,18.585694444435138,2560,8.726538e-05
102.75375000003986,18.456805555546232,2561,0.0007490805
102.56069444448428,18.758194444435162,2562,0.00023552883
102.71680555559541,18.713749999990714,2563,0.00016834159
102.79569444448431,18.702916666657377,2564,0.00022984765
102.73125000003986,18.53097222221291,2565,1.543912e-10
102.79763888892876,18.530416666657352,2566,0.0006330155
102.87791666670654,18.52708333332402,2567,0.0006788787
102.70097222226208,18.58902777776847,2568,2.2978071e-10
102.45375000003982,18.53069444443513,2569,7.860517e-05
102.7195833333732,18.725138888879602,2570,0.00040788815
102.81236111115098,18.409027777768447,2571,7.526799e-05
102.57708333337317,18.410416666657337,2572,2.8084997e-07
102.65402777781763,18.50402777776846,2573,1.992433e-09
102.56819444448428,18.618472222212922,2574,3.561306e-08
102.85458333337321,18.492361111101793,2575,7.270172e-05
102.68402777781763,18.694305555546265,2576,0.00016923324
102.74819444448431,18.601805555546253,2577,0.0002282771
102.59208333337317,18.677361111101817,2578,0.00013196224
102.44097222226203,18.636527777768478,2579,0.0025565783
102.76930555559542,18.48624999999068,2580,0.0027222154
102.46375000003982,18.768194444435164,2581,4.027931e-10
102.44486111115093,18.439861111101784,2582,4.645164e-05
102.81180555559543,18.64902777776848,2583,0.00088438025
102.57680555559539,18.64958333332404,2584,1.2743892e-05
102.81041666670653,18.448749999990675,2585,0.00046273114
102.55263888892873,18.677361111101817,2586,7.663004e-05
102.78513888892876,18.533749999990686,2587,5.6445973e-05
102.887361111151,18.763194444435165,2588,0.0005867409
102.73180555559541,18.58791666665736,2589,0.00023148044
102.87013888892876,18.745972222212938,2590,0.0013944235
102.67597222226208,18.526805555546243,2591,8.042484e-09
102.86513888892877,18.467916666657345,2592,0.0011432808
102.81652777781765,18.447638888879563,2593,0.0027910837
102.4265277778176,18.39597222221289,2594,5.495436e-06
102.79847222226209,18.49624999999068,2595,0.00013052138
102.74430555559542,18.567638888879582,2596,5.7887405e-06
102.8784722222621,18.58819444443514,2597,5.9994793e-05
102.5793055555954,18.483472222212903,2598,0.0005710879
102.5454166667065,18.520972222212908,2599,0.00044003196
102.61041666670651,18.767083333324052,2600,0.00060409756
102.88652777781766,18.491527777768457,2601,5.5420398e-05
102.79819444448431,18.620138888879588,2602,0.005337304
102.49152777781761,18.692083333324042,2603,7.418893e-05
102.47875000003982,18.603194444435143,2604,8.246449e-05
102.67236111115096,18.432916666657338,2605,0.00033254604
102.66041666670651,18.4709722222129,2606,0.00042836435
102.90041666670655,18.73347222221294,2607,0.00048639317
102.54180555559539,18.546805555546246,2608,0.0004496673
102.7645833333732,18.620138888879588,2609,0.0005863652
102.71486111115097,18.459861111101787,2610,0.00011729541
102.87569444448432,18.6162499999907,2611,5.9715105e-05
102.66652777781762,18.42513888887956,2612,0.011756751
102.51069444448427,18.625694444435144,2613,0.0005092281
102.71597222226208,18.498194444435125,2614,6.705492e-05
102.72125000003986,18.521527777768462,2615,0.00010815216
102.66263888892874,18.50291666665735,2616,6.613985e-08
102.49847222226205,18.413472222212892,2617,9.941229e-06
102.58597222226206,18.49263888887957,2618,3.7771426e-09
102.55208333337316,18.595972222212918,2619,1.6817278e-08
102.55208333337316,18.457916666657344,2620,9.490331e-05
102.75430555559542,18.536249999990687,2621,8.045247e-11
102.90458333337321,18.644861111101815,2622,8.1493374e-05
102.77347222226209,18.65652777776848,2623,0.035858024
102.63819444448428,18.45069444443512,2624,9.523092e-10
102.61458333337318,18.659027777768483,2625,3.3007375e-08
102.47763888892871,18.48124999999068,2626,2.8097642e-09
102.67791666670652,18.73180555554627,2627,0.00200062
102.54708333337317,18.763472222212943,2628,2.114228e-05
102.83541666670654,18.41013888887956,2629,9.0059846e-05
102.49208333337316,18.677083333324042,2630,0.00045827156
102.8195833333732,18.73708333332405,2631,2.9977362e-05
102.44263888892871,18.71930555554627,2632,0.00013051857
102.73430555559541,18.442083333324007,2633,6.211236e-05
102.50958333337316,18.45708333332401,2634,6.495871e-06
102.61097222226206,18.509305555546238,2635,3.2157985e-09
102.8170833333732,18.663472222212928,2636,0.00120257
102.42597222226203,18.475138888879567,2637,6.983914e-06
102.42291666670648,18.517638888879574,2638,4.7421277e-06
102.64041666670651,18.597361111101808,2639,4.6764623e-09
102.87486111115099,18.74041666665738,2640,0.00017492635
102.41430555559536,18.643472222212925,2641,0.00020128649
102.66597222226207,18.57124999999069,2642,5.3959184e-09
102.54097222226206,18.730138888879605,2643,0.00024613977
102.71097222226207,18.485416666657347,2644,0.00022930033
102.51013888892872,18.583749999990694,2645,0.00011998834
102.83652777781765,18.57291666665736,2646,0.0004121625
102.76597222226208,18.63152777776848,2647,3.4051922e-05
102.88791666670654,18.559583333324024,2648,6.998864e-05
102.48263888892872,18.74097222221294,2649,7.7312165e-05
102.56486111115095,18.497083333324014,2650,0.00024682653
102.78263888892876,18.594861111101807,2651,0.0009319863
102.44680555559538,18.497361111101792,2652,4.89984e-05
102.7170833333732,18.453749999990677,2653,0.0020944572
102.6443055555954,18.728749999990715,2654,0.00022958737
102.62625000003985,18.445138888879562,2655,0.00026535313
102.75347222226209,18.51152777776846,2656,0.0001953554
102.59986111115096,18.63013888887959,2657,0.005061913
102.65013888892874,18.597916666657362,2658,7.1945574e-09
102.46458333337316,18.51541666665735,2659,4.6110643e-05
102.8620833333732,18.559861111101803,2660,0.00039979847
102.62458333337318,18.422916666657336,2661,1.4635077e-07
102.45930555559538,18.448472222212896,2662,1.579723e-06
102.4651388889287,18.75208333332405,2663,0.0001424356
102.68930555559541,18.728749999990715,2664,0.00017472114
102.61486111115096,18.616805555546254,2665,4.978885e-08
102.63791666670652,18.472916666657344,2666,1.4389114e-09
102.47291666670648,18.603749999990697,2667,0.00014385306
102.75763888892875,18.575694444435136,2668,1.1169725e-10
102.85958333337321,18.71680555554627,2669,0.12147964
102.43569444448426,18.754305555546274,2670,0.00015728215
102.65152777781762,18.50569444443513,2671,1.1902586e-05
102.48569444448427,18.532638888879575,2672,0.0018190425
102.58541666670651,18.617083333324032,2673,4.575929e-05
102.51263888892872,18.713194444435157,2674,1.3307346e-09
102.59763888892873,18.553194444435135,2675,7.266966e-05
102.81541666670654,18.642638888879592,2676,0.0007575839
102.58652777781762,18.469305555546235,2677,0.00018757135
102.76875000003986,18.650972222212925,2678,0.00020701071
102.66708333337318,18.494583333324016,2679,2.8876959e-05
102.52680555559539,18.64291666665737,2680,1.1471658e-05
102.61652777781762,18.63902777776848,2681,2.8778229e-09
102.51513888892872,18.50569444443513,2682,1.6267473e-05
102.85958333337321,18.469027777768456,2683,1.960815e-05
102.8170833333732,18.40486111110178,2684,0.00039076232
102.42597222226203,18.67486111110182,2685,0.00034489614
102.77736111115098,18.738194444435162,2686,0.022567699
102.89680555559544,18.40986111110178,2687,4.3231077e-05
102.48458333337315,18.629305555546257,2688,1.7973045e-05
102.8934722222621,18.727638888879603,2689,0.0004974161
102.48958333337316,18.427083333324006,2690,2.5736748e-09
102.70625000003986,18.63763888887959,2691,0.00023108747
102.4990277778176,18.542916666657355,2692,2.7195318e-05
102.68708333337318,18.53097222221291,2693,2.697959e-10
102.8709722222621,18.66958333332404,2694,0.004795361
102.6131944444843,18.517916666657353,2695,6.2952377e-10
102.67291666670651,18.417361111101783,2696,5.1460087e-05
102.59736111115095,18.437083333324008,2697,9.555315e-05
102.58680555559539,18.4709722222129,2698,5.9589343e-05
102.4690277778176,18.71791666665738,2699,9.1480986e-05
102.73847222226208,18.51180555554624,2700,0.0032647154
102.51486111115094,18.447361111101785,2701,6.122785e-05
102.41902777781759,18.54847222221291,2702,4.742831e-06
102.7406944444843,18.762361111101832,2703,0.0013919789
102.90319444448433,18.427083333324006,2704,6.539311e-05
102.72902777781763,18.54624999999069,2705,4.2268025e-09
102.58263888892873,18.625416666657365,2706,9.994419e-05
102.52986111115094,18.75597222221294,2707,9.810949e-06
102.77986111115098,18.45291666665734,2708,4.907804e-05
102.45236111115094,18.68069444443515,2709,0.00017939795
102.64486111115096,18.69236111110182,2710,0.0010292784
102.6354166667065,18.69986111110182,2711,0.00013455577
102.46180555559538,18.615416666657364,2712,6.604407e-05
102.71902777781763,18.70874999999071,2713,0.0030767275
102.42375000003982,18.42513888887956,2714,9.242761e-05
102.44625000003981,18.73930555554627,2715,0.00021743204
102.77847222226208,18.7151388888796,2716,0.002248596
102.65097222226207,18.713749999990714,2717,0.00026330384
102.85486111115098,18.52847222221291,2718,0.011721848
102.8234722222621,18.639305555546258,2719,5.8886944e-05
102.64736111115096,18.52208333332402,2720,1.5288434e-09
102.8070833333732,18.702916666657377,2721,0.0007376938
102.76402777781765,18.534583333324022,2722,3.4425447e-08
102.80736111115098,18.587361111101806,2723,2.2223994e-09
102.64569444448429,18.610972222212922,2724,1.4076713e-08
102.5454166667065,18.729305555546272,2725,0.00016761506
102.74208333337319,18.498472222212904,2726,0.0034056178
102.83513888892877,18.484027777768457,2727,0.00058453786
102.69708333337319,18.769861111101832,2728,0.0005711781
102.6543055555954,18.619305555546255,2729,7.829675e-09
102.43319444448426,18.769861111101832,2730,0.003318232
102.65986111115096,18.50152777776846,2731,1.5468299e-08
102.79152777781765,18.634305555546256,2732,0.00020567352
102.68958333337319,18.564305555546248,2733,7.106155e-05
102.48986111115093,18.742916666657383,2734,1.1516539e-10
102.6043055555954,18.432083333324005,2735,1.4694146e-05
102.70152777781763,18.73347222221294,2736,0.0005626731
102.42152777781759,18.741527777768493,2737,0.0008751302
102.69263888892874,18.616527777768475,2738,1.649332e-10
102.86041666670654,18.56652777776847,2739,6.0453232e-05
102.61902777781762,18.704583333324045,2740,8.4760876e-07
102.62375000003985,18.53874999999069,2741,6.7347043e-09
102.49958333337315,18.670972222212928,2742,0.0007353132
102.76486111115098,18.550972222212913,2743,1.323184e-09
102.48819444448426,18.618749999990698,2744,9.532363e-05
102.80875000003986,18.52708333332402,2745,8.862834e-05
102.55625000003984,18.495972222212902,2746,4.9565497e-05
102.49430555559537,18.613194444435145,2747,7.000666e-11
102.5904166667065,18.483194444435124,2748,1.528714e-10
102.52986111115094,18.39624999999067,2749,8.703121e-06
102.54569444448428,18.55458333332402,2750,4.6764623e-09
102.74875000003986,18.727916666657382,2751,8.157802e-05
102.58152777781761,18.760694444435163,2752,1.611103e-05
102.82819444448431,18.397916666657334,2753,5.001695e-05
102.54513888892872,18.44541666665734,2754,6.4953574e-06
102.5179166667065,18.5498611111018,2755,0.000111607245
102.49236111115094,18.65430555554626,2756,0.00089695386
102.48208333337315,18.587361111101806,2757,6.969258e-05
102.70097222226208,18.42902777776845,2758,0.00012626105
102.53875000003983,18.6387499999907,2759,6.3851693e-09
102.71097222226207,18.67347222221293,2760,0.0008821461
102.42819444448426,18.729583333324047,2761,0.0003037131
102.52430555559539,18.760416666657385,2762,0.000606945
102.41597222226204,18.405972222212892,2763,3.391839e-05
102.69152777781763,18.54708333332402,2764,5.2518665e-08
102.64736111115096,18.599305555546252,2765,6.5673293e-09
102.69597222226207,18.705972222212935,2766,0.0033148797
102.58152777781761,18.67986111110182,2767,9.493275e-10
102.70041666670652,18.406805555546224,2768,4.2526794e-05
102.5265277778176,18.68736111110182,2769,2.1009494e-10
102.80152777781764,18.587638888879585,2770,1.8976253e-10
102.46236111115093,18.698194444435156,2771,0.00015474147
102.85125000003987,18.64930555554626,2772,9.070556e-05
102.86875000003988,18.491805555546236,2773,4.741368e-06
102.58930555559539,18.74847222221294,2774,0.0002625608
102.67791666670652,18.429861111101783,2775,0.001963127
102.89375000003989,18.534027777768465,2776,9.8054115e-06
102.42208333337315,18.6826388888796,2777,0.72310996
102.49930555559538,18.693472222212932,2778,0.000101999976
102.58680555559539,18.654583333324037,2779,2.3288541e-05
102.87986111115099,18.762083333324053,2780,0.0012693994
102.71541666670652,18.438472222212894,2781,4.704184e-05
102.5993055555954,18.711805555546267,2782,0.0003299339
102.42791666670648,18.536805555546245,2783,5.0828152e-05
102.44347222226205,18.600694444435142,2784,6.715243e-05
102.87152777781766,18.40986111110178,2785,0.00015315867
102.69847222226207,18.441249999990674,2786,0.00947976
102.44625000003981,18.662638888879595,2787,0.0013178531
102.88625000003988,18.557083333324023,2788,0.0003930657
102.89819444448433,18.41874999999067,2789,0.00014777893
102.52680555559539,18.48652777776846,2790,2.524354e-05
102.57847222226206,18.76374999999072,2791,8.265636e-05
102.5368055555954,18.74319444443516,2792,8.993043e-06
102.53069444448427,18.643749999990703,2793,9.1730605e-09
102.81291666670654,18.596527777768475,2794,3.1628737e-05
102.60763888892873,18.71930555554627,2795,0.0002461399
102.8020833333732,18.560694444435136,2796,0.00019423608
102.78402777781764,18.552083333324024,2797,0.00036716452
102.57763888892873,18.466527777768455,2798,6.69763e-05
102.7706944444843,18.65930555554626,2799,0.0023921507
102.7945833333732,18.523749999990685,2800,0.00019937895
102.54680555559538,18.696805555546266,2801,3.3896818e-06
102.78902777781765,18.433194444435117,2802,4.0938237e-05
102.8495833333732,18.396527777768444,2803,0.00072989514
102.67208333337318,18.403194444435112,2804,7.432485e-05
102.5440277778176,18.519027777768464,2805,0.00019586971
102.44291666670648,18.74347222221294,2806,8.753034e-05
102.67708333337319,18.499861111101794,2807,0.0037685
102.46541666670649,18.498749999990682,2808,1.3993629e-05
102.46847222226204,18.477638888879568,2809,3.063658e-10
102.61625000003984,18.43791666665734,2810,0.0026347188
102.8959722222621,18.61513888887959,2811,0.00014688027
102.60319444448429,18.54124999999069,2812,1.2068211e-09
102.72625000003985,18.49513888887957,2813,0.00039574655
102.57319444448429,18.71041666665738,2814,8.7179986e-05
102.49875000003982,18.736249999990715,2815,6.7079534e-05
102.6468055555954,18.471805555546233,2816,5.6657137e-09
102.67680555559541,18.74708333332405,2817,0.0036132082
102.69625000003985,18.670694444435153,2818,0.00011564523
102.76347222226208,18.617083333324032,2819,0.0013739831
102.89263888892877,18.656249999990706,2820,0.0003084148
102.58236111115095,18.765694444435166,2821,8.838549e-05
102.56097222226205,18.617638888879586,2822,2.9227888e-08
102.68958333337319,18.48152777776846,2823,8.8956636e-05
102.53430555559538,18.64819444443515,2824,8.003945e-09
102.90680555559544,18.449861111101786,2825,0.00020300823
102.65458333337318,18.580972222212917,2826,2.1916689e-10
102.42930555559538,18.551805555546245,2827,1.016424e-05
102.6029166667065,18.460138888879566,2828,0.00035464953
102.87569444448432,18.752638888879606,2829,0.0003708908
102.77236111115097,18.600138888879584,2830,0.0006588921
102.84680555559542,18.50263888887957,2831,1.3408042e-09
102.6981944444843,18.452638888879566,2832,0.0017548129
102.73875000003986,18.416527777768447,2833,1.0991306e-05
102.90486111115099,18.757916666657387,2834,6.855347e-05
102.45430555559537,18.489305555546235,2835,2.1781887e-06
102.8409722222621,18.449583333324007,2836,3.6618927e-05
102.86013888892876,18.513472222212908,2837,0.0006320574
102.88875000003988,18.522638888879573,2838,0.0031987687
102.59097222226207,18.686249999990707,2839,0.0001303578
102.85930555559543,18.636805555546257,2840,6.200586e-06
102.74625000003986,18.440972222212896,2841,0.00046063252
102.88680555559543,18.704583333324045,2842,0.00024323368
102.61152777781761,18.57319444443514,2843,5.6978846e-05
102.87652777781766,18.635972222212924,2844,2.5705176e-05
102.4801388889287,18.66847222221293,2845,0.0001658082
102.67902777781762,18.682916666657373,2846,0.00093858066
102.59541666670651,18.610416666657365,2847,3.5366218e-05
102.84680555559542,18.661805555546263,2848,7.579037e-05
102.4740277778176,18.498194444435125,2849,0.00032910425
102.57208333337317,18.62097222221292,2850,4.1757e-09
102.68347222226207,18.753749999990717,2851,0.0016490287
102.65930555559541,18.68847222221293,2852,0.00016099174
102.89930555559543,18.526805555546243,2853,0.0038289393
102.87513888892877,18.51458333332402,2854,0.0002803687
102.47236111115093,18.584027777768473,2855,2.997741e-06
102.72847222226208,18.4684722222129,2856,0.0010122604
102.68486111115097,18.46458333332401,2857,0.6882983
102.76486111115098,18.76513888887961,2858,0.00019512289
102.51763888892872,18.499583333324015,2859,3.5827903e-05
102.45791666670648,18.394583333324,2860,3.0568215e-05
102.50458333337316,18.733749999990717,2861,1.3983637e-05
102.76041666670653,18.485694444435126,2862,0.0038699906
102.66708333337318,18.67319444443515,2863,0.00024585662
102.84513888892876,18.527361111101797,2864,0.00018286024
102.76930555559542,18.660416666657373,2865,0.00041140197
102.44375000003981,18.483472222212903,2866,3.6013127e-05
102.48041666670649,18.755138888879607,2867,0.0002685517
102.87763888892877,18.489305555546235,2868,8.699176e-05
102.72097222226208,18.522361111101798,2869,0.0036700063
102.47791666670649,18.721249999990714,2870,0.00033166743
102.81569444448432,18.501249999990684,2871,2.7482713e-05
102.78152777781764,18.60347222221292,2872,0.00014833795
102.42875000003981,18.51152777776846,2873,3.498638e-06
102.90569444448433,18.732361111101827,2874,0.00012591475
102.42208333337315,18.71930555554627,2875,0.0004708082
102.84763888892877,18.696805555546266,2876,0.0002680844
102.65458333337318,18.510694444435128,2877,1.6830055e-10
102.83402777781765,18.55347222221291,2878,8.12351e-05
102.81680555559542,18.75069444443516,2879,0.0018121293
102.80819444448431,18.75847222221294,2880,7.5869015e-05
102.69347222226207,18.539027777768467,2881,2.3715445e-09
102.70736111115096,18.533749999990686,2882,3.8991776e-10
102.70152777781763,18.73958333332405,2883,7.046725e-05
102.54680555559538,18.752916666657384,2884,2.7621174e-05
102.71597222226208,18.698194444435156,2885,0.003623699
102.70541666670653,18.757916666657387,2886,0.0023621153
102.89430555559544,18.530138888879577,2887,0.0016368919
102.6556944444843,18.72319444443516,2888,0.0006952234
102.90208333337321,18.458194444435122,2889,0.023990411
102.6581944444843,18.531527777768463,2890,1.0611972e-08
102.46458333337316,18.400416666657335,2891,7.793636e-05
102.88430555559543,18.690694444435152,2892,0.00014027154
102.64263888892873,18.459861111101787,2893,8.993196e-09
102.50680555559538,18.49680555554624,2894,1.2994569e-05
102.7006944444843,18.43402777776845,2895,0.0025262022
102.48708333337316,18.75986111110183,2896,1.5292284e-05
102.5165277778176,18.73486111110183,2897,4.6234014e-08
102.80652777781765,18.672361111101818,2898,0.000107968146
102.71680555559541,18.399583333324003,2899,0.0038763888
102.7809722222621,18.482361111101792,2900,0.002355342
102.66097222226207,18.65652777776848,2901,0.00012623884
102.90486111115099,18.56902777776847,2902,1.3997617e-05
102.899861111151,18.49791666665735,2903,3.0364725e-05
102.72625000003985,18.59708333332403,2904,4.7323134e-05
102.51486111115094,18.458194444435122,2905,0.00066107285
102.54125000003984,18.68986111110182,2906,3.687121e-08
102.47680555559538,18.569305555546247,2907,1.6093489e-05
102.7345833333732,18.708194444435158,2908,7.610425e-05
102.75902777781764,18.73569444443516,2909,0.00011051908
102.54097222226206,18.560416666657357,2910,0.0007458047
102.4604166667065,18.579583333324027,2911,0.00041619444
102.60486111115095,18.565694444435135,2912,3.6458115e-08
102.84458333337321,18.59819444443514,2913,4.5886594e-05
102.65763888892873,18.731249999990716,2914,0.0016657795
102.89263888892877,18.458194444435122,2915,0.0002479411
102.74152777781764,18.578194444435137,2916,7.645211e-11
102.55930555559539,18.69236111110182,2917,0.0021050058
102.55736111115094,18.59069444443514,2918,0.00021487428
102.78041666670653,18.456527777768454,2919,0.00026367247
102.45569444448427,18.592361111101805,2920,0.00021243376
102.49458333337316,18.534583333324022,2921,2.2929764e-05
102.66986111115096,18.658749999990704,2922,0.00033780848
102.48347222226205,18.47263888887957,2923,1.551472e-05
102.61652777781762,18.544305555546245,2924,3.6872105e-09
102.87625000003987,18.69124999999071,2925,0.00023723212
102.70208333337318,18.455138888879564,2926,0.0013964346
102.72847222226208,18.75597222221294,2927,0.00070842775
102.46375000003982,18.51402777776846,2928,0.0001528071
102.56458333337316,18.64902777776848,2929,0.00017406851
102.71125000003985,18.478194444435125,2930,0.0003849666
102.7745833333732,18.630416666657368,2931,5.5838624e-05
102.49347222226204,18.519861111101797,2932,1.1165886e-05
102.8534722222621,18.494305555546237,2933,0.00014572694
102.60375000003984,18.67319444443515,2934,6.318283e-05
102.45708333337315,18.69624999999071,2935,7.122528e-05
102.8495833333732,18.40986111110178,2936,1.1215043e-05
102.82291666670653,18.435694444435118,2937,0.0012353972
102.65625000003985,18.559583333324024,2938,2.0996614e-10
102.74875000003986,18.45486111110179,2939,0.000236591
102.90458333337321,18.714583333324047,2940,0.0068550967
102.63958333337318,18.545416666657356,2941,2.1583674e-08
102.84125000003988,18.67347222221293,2942,0.00021735193
102.4865277778176,18.50402777776846,2943,8.746986e-05
102.89486111115099,18.39430555554622,2944,1.4138757e-05
102.4801388889287,18.537916666657356,2945,9.127724e-06
102.44513888892871,18.522638888879573,2946,2.1780559e-06
102.57819444448428,18.67986111110182,2947,6.1583814e-05
102.76569444448431,18.677916666657374,2948,0.0001022982
102.5415277778176,18.46319444443512,2949,0.00019594516
102.80069444448431,18.501805555546238,2950,2.0232184
102.8345833333732,18.430694444435115,2951,0.00019593094
102.60125000003984,18.764305555546276,2952,0.0002574112
102.66902777781763,18.554027777768468,2953,1.1691156e-09
102.61125000003985,18.75097222221294,2954,1.4714168e-05
102.48958333337316,18.501249999990684,2955,6.5345052e-06
102.49875000003982,18.559861111101803,2956,2.7284274e-05
102.54069444448427,18.558194444435134,2957,4.9205108e-05
102.43208333337314,18.64791666665737,2958,5.7060563e-05
102.74791666670653,18.593472222212917,2959,3.1162075e-05
102.81930555559542,18.708194444435158,2960,0.008781779
102.57708333337317,18.499305555546236,2961,8.606777e-10
102.70708333337319,18.551527777768467,2962,5.395918e-10
102.74625000003986,18.761805555546275,2963,0.00046387938
102.5154166667065,18.468194444435124,2964,0.0001000891
102.5415277778176,18.759583333324052,2965,4.767206e-06
102.7281944444843,18.689305555546266,2966,0.00026442407
102.72986111115097,18.610138888879586,2967,9.086248e-05
102.56513888892873,18.446249999990673,2968,0.006568335
102.56347222226206,18.48624999999068,2969,3.1267708e-05
102.50875000003983,18.45319444443512,2970,1.6427892e-05
102.67236111115096,18.568472222212915,2971,5.5757816e-09
102.84430555559543,18.493194444435126,2972,0.00015971446
102.5379166667065,18.75597222221294,2973,5.5568165e-05
102.56736111115094,18.617638888879586,2974,1.0955072e-06
102.75541666670652,18.722638888879604,2975,0.0006101447
102.47319444448426,18.507361111101794,2976,0.014911852
102.89541666670655,18.551249999990688,2977,0.0003131712
102.7856944444843,18.485416666657347,2978,0.00015682599
102.44986111115092,18.695138888879598,2979,0.00030985827
102.51263888892872,18.521527777768462,2980,6.322919e-06
102.50625000003983,18.57541666665736,2981,4.3573446e-06
102.55597222226206,18.42791666665734,2982,1.4298206e-05
102.67041666670652,18.745138888879605,2983,0.00088399346
102.79875000003987,18.659027777768483,2984,0.00044491494
102.87291666670654,18.59041666665736,2985,0.002675319
102.67236111115096,18.446527777768452,2986,0.000825036
102.80986111115098,18.43763888887956,2987,8.552816e-05
102.47958333337316,18.467916666657345,2988,0.06303295
102.63152777781762,18.710694444435156,2989,0.0002557428
102.55569444448427,18.692916666657375,2990,5.70655e-05
102.88680555559543,18.500416666657348,2991,4.670972e-05
102.86541666670655,18.462916666657343,2992,0.0017738213
102.76347222226208,18.441805555546228,2993,0.00041963567
102.70097222226208,18.756249999990718,2994,0.017858718
102.47291666670648,18.433749999990674,2995,2.7268112e-05
102.85513888892876,18.58319444443514,2996,3.4510213e-05
102.69013888892874,18.490416666657346,2997,0.00015184202
102.60208333337317,18.68236111110182,2998,1.1176607e-05
102.7256944444843,18.65958333332404,2999,2.8476418e-10
102.49513888892871,18.500694444435126,3000,2.9971543e-06
102.78541666670654,18.599305555546252,3001,0.00025893343
102.87041666670655,18.66680555554626,3002,0.00034955033
102.52347222226206,18.65541666665737,3003,0.00092672155
102.8784722222621,18.635972222212924,3004,3.597284e-05
102.61236111115095,18.58013888887958,3005,3.0576868e-09
102.66736111115097,18.760694444435163,3006,0.000106371386
102.49097222226204,18.425416666657338,3007,6.893141e-10
102.5279166667065,18.58430555554625,3008,5.7339985e-05
102.70208333337318,18.41097222221289,3009,6.765619e-05
102.48763888892871,18.555694444435133,3010,4.3086944e-05
102.54597222226205,18.59097222221292,3011,0.00051700237
102.48486111115093,18.729027777768493,3012,9.970432e-05
102.65375000003985,18.557083333324023,3013,1.9785031e-09
102.6943055555954,18.494583333324016,3014,0.00028618026
102.90625000003989,18.435694444435118,3015,5.476968e-07
102.64541666670651,18.477916666657347,3016,4.1368704e-09
102.90069444448433,18.6162499999907,3017,0.0010128466
102.70263888892875,18.676527777768484,3018,5.8023357e-05
102.61736111115096,18.57902777776847,3019,8.9931965e-11
102.61986111115095,18.67847222221293,3020,6.2952377e-10
102.87791666670654,18.63152777776848,3021,0.00049899216
102.49986111115093,18.5473611111018,3022,1.9896412e-05
102.74513888892875,18.563472222212912,3023,2.276827e-09
102.84791666670654,18.44291666665734,3024,0.0011408303
102.70736111115096,18.41402777776845,3025,0.00017404364
102.5479166667065,18.52819444443513,3026,0.00011514072
102.72236111115097,18.619583333324034,3027,5.521432e-05
102.75513888892876,18.491805555546236,3028,0.0010269966
102.4526388889287,18.76874999999072,3029,0.0013942254
102.60763888892873,18.414305555546225,3030,2.8435477e-05
102.57375000003984,18.47736111110179,3031,8.493902e-05
102.67152777781763,18.68236111110182,3032,4.0923722e-05
102.88319444448433,18.602638888879586,3033,3.5936373e-05
102.44708333337316,18.759305555546273,3034,6.700816e-05
102.46930555559538,18.65680555554626,3035,0.000343907
102.60763888892873,18.460138888879566,3036,0.0001293064
102.62236111115095,18.676527777768484,3037,8.792217e-08
102.90152777781766,18.769583333324054,3038,0.00046240436
102.64652777781762,18.59680555554625,3039,1.6492689e-10
102.66736111115097,18.684305555546263,3040,0.00039375213
102.52430555559539,18.41124999999067,3041,6.5320464e-06
102.61986111115095,18.46458333332401,3042,2.9677547e-09
102.8734722222621,18.52458333332402,3043,0.00018978321
102.83875000003988,18.66958333332404,3044,0.00024384992
102.72013888892874,18.455416666657342,3045,0.00035774722
102.64291666670651,18.568749999990693,3046,2.8461217e-10
102.59652777781761,18.759027777768498,3047,6.7087196e-05
102.55263888892873,18.566249999990692,3048,4.55729e-06
102.62875000003984,18.424583333324005,3049,0.00013334489
102.44097222226203,18.42041666665734,3050,0.0003003967
102.44875000003982,18.69097222221293,3051,0.002529325
102.59513888892873,18.678749999990707,3052,2.2201486e-05
102.82125000003987,18.456249999990675,3053,2.3957382e-05
102.44763888892871,18.434861111101785,3054,4.544911e-05
102.72263888892874,18.410416666657337,3055,0.00030949715
102.61125000003985,18.611527777768476,3056,1.6187753e-09
102.78652777781764,18.401527777768447,3057,5.8932364e-05
102.8084722222621,18.439583333324006,3058,0.00022644764
102.75486111115097,18.61347222221292,3059,0.0003094281
102.50236111115093,18.41236111110178,3060,3.0496303e-05
102.7106944444843,18.60986111110181,3061,0.00010758785
102.45736111115093,18.619027777768476,3062,2.88711e-05
102.5415277778176,18.441527777768453,3063,0.00067772454
102.75402777781764,18.65680555554626,3064,8.247038e-05
102.5115277778176,18.72708333332405,3065,1.7410102e-05
102.72736111115097,18.688194444435155,3066,0.0021173824
102.73430555559541,18.709583333324044,3067,1.2094882e-05
102.80652777781765,18.43930555554623,3068,0.000111205285
102.78263888892876,18.458749999990676,3069,7.950271e-05
102.45208333337315,18.522916666657352,3070,6.7294495e-05
102.61736111115096,18.52847222221291,3071,3.295973e-08
102.81930555559542,18.629583333324035,3072,0.000833888
102.43430555559537,18.738472222212938,3073,0.00018602585
102.6706944444843,18.50513888887957,3074,1.0791836e-09
102.8209722222621,18.46319444443512,3075,1.1970952e-05
102.55763888892872,18.460138888879566,3076,0.00019549242
102.8234722222621,18.6262499999907,3077,0.0017584853
102.58875000003984,18.6826388888796,3078,2.6898046e-05
102.89125000003988,18.686805555546265,3079,9.5237934e-05
102.53125000003983,18.695972222212934,3080,8.718316e-05
102.85180555559543,18.717361111101823,3081,0.0004978974
102.66486111115096,18.76013888887961,3082,0.0034732448
102.48125000003982,18.493472222212905,3083,8.711156e-06
102.5643055555954,18.54624999999069,3084,2.8418501e-08
102.56097222226205,18.74180555554627,3085,0.00024643508
102.6706944444843,18.605138888879587,3086,6.3851693e-09
102.90652777781766,18.52847222221291,3087,0.0010665014
102.47986111115094,18.405694444435113,3088,0.000440606
102.53097222226205,18.585416666657363,3089,0.00039641495
102.59625000003984,18.572361111101802,3090,1.7087073e-09
102.89819444448433,18.762361111101832,3091,0.0005422552
102.58513888892873,18.57291666665736,3092,8.183809e-09
102.5415277778176,18.630416666657368,3093,5.5757816e-09
102.49263888892871,18.594861111101807,3094,1.35571745e-05
102.72902777781763,18.455138888879564,3095,0.0005000024
102.69513888892874,18.712361111101824,3096,0.00028793767
102.87041666670655,18.657361111101817,3097,0.0054145674
102.48930555559538,18.517638888879574,3098,0.00012230541
102.80875000003986,18.596249999990697,3099,3.88588e-05
102.43375000003982,18.46486111110179,3100,1.9645317e-05
102.53125000003983,18.467083333324013,3101,40.910034
102.54319444448427,18.764583333324055,3102,0.0013844757
102.87263888892876,18.724861111101827,3103,0.0004355641
102.89291666670655,18.526805555546243,3104,0.00085184356
102.76541666670653,18.704861111101824,3105,6.675398e-05
102.54902777781761,18.50291666665735,3106,0.00046838642
102.81125000003988,18.76513888887961,3107,0.00091978913
102.69152777781763,18.637083333324036,3108,1.4236324e-09
102.49375000003982,18.627361111101813,3109,0.0003856839
102.51625000003983,18.673749999990708,3110,3.797173e-10
102.60875000003985,18.404027777768448,3111,9.085161e-06
102.7181944444843,18.5448611111018,3112,1.8936581e-10
102.44791666670649,18.655138888879595,3113,0.00026097533
102.56986111115094,18.483194444435124,3114,1.4578183e-07
102.5643055555954,18.754027777768496,3115,0.0051262705
102.63736111115095,18.6337499999907,3116,9.6978954e-05
102.42597222226203,18.714583333324047,3117,0.0003396556
102.85236111115098,18.717638888879602,3118,0.00041966903
102.87319444448433,18.68236111110182,3119,0.0010981286
102.4415277778176,18.597638888879587,3120,5.7044686e-05
102.78652777781764,18.449305555546232,3121,6.253195e-05
102.5179166667065,18.594583333324028,3122,0.0013098513
102.44791666670649,18.58152777776847,3123,2.1779492e-06
102.65097222226207,18.406527777768446,3124,4.738533e-08
102.90041666670655,18.618472222212922,3125,0.000788633
102.8170833333732,18.68736111110182,3126,8.1169695e-05
102.66347222226207,18.39569444443511,3127,0.0018301299
102.68875000003985,18.64652777776848,3128,1.680428e-09
102.64541666670651,18.69986111110182,3129,8.8983885e-05
102.65763888892873,18.397083333324,3130,0.0003445521
102.48208333337315,18.477083333324014,3131,9.0915155e-06
102.85208333337322,18.728472222212936,3132,0.0018290778
102.51375000003982,18.635416666657367,3133,0.00046207875
102.66402777781762,18.590138888879583,3134,1.825619e-08
102.5040277778176,18.710694444435156,3135,0.0036754108
102.7406944444843,18.71680555554627,3136,0.0008435857
102.46541666670649,18.68847222221293,3137,0.00060977245
102.79013888892875,18.64902777776848,3138,0.0004954446
102.83763888892877,18.449027777768453,3139,0.000109513596
102.62236111115095,18.475694444435124,3140,4.646137e-09
102.68013888892874,18.553194444435135,3141,4.1075378e-08
102.7970833333732,18.567083333324025,3142,0.00012459279
102.44291666670648,18.651249999990704,3143,0.00029479104
102.42097222226204,18.667916666657373,3144,0.0003269846
102.69958333337318,18.448749999990675,3145,3.176122e-05
102.60152777781762,18.432083333324005,3146,5.685972e-07
102.43708333337315,18.68208333332404,3147,0.0007374002
102.81847222226209,18.5523611111018,3148,0.00013279551
102.46708333337315,18.49680555554624,3149,6.5346403e-06
102.42152777781759,18.456249999990675,3150,0.00041380696
102.49597222226205,18.624583333324033,3151,3.548091e-05
102.73291666670653,18.478194444435125,3152,0.00045105064
102.45736111115093,18.435694444435118,3153,3.5972786e-10
102.80513888892875,18.477638888879568,3154,6.583488e-05
102.63347222226207,18.52708333332402,3155,6.2952377e-10
102.68930555559541,18.5298611111018,3156,8.5416824e-10
102.5565277778176,18.387083333324,3157,6.2000304e-06
102.43791666670649,18.718472222212934,3158,0.00028629595
102.41902777781759,18.435972222212897,3159,7.89976e-06
102.56402777781761,18.41236111110178,3160,4.6383986e-09
102.82958333337321,18.655138888879595,3161,8.4890846e-05
102.75791666670654,18.725138888879602,3162,0.0006036013
102.70680555559541,18.713749999990714,3163,0.0010858136
102.50208333337316,18.402916666657337,3164,7.222252e-10
102.57902777781761,18.674305555546262,3165,0.00016118748
102.78597222226209,18.442361111101786,3166,0.0007633885
102.88819444448433,18.60597222221292,3167,0.000100436504
102.89125000003988,18.756805555546276,3168,0.00031445906
102.67958333337319,18.43402777776845,3169,0.0013063345
102.52430555559539,18.67597222221293,3170,1.2896194e-10
102.51597222226205,18.397083333324,3171,1.4983053e-06
102.70541666670653,18.76763888887961,3172,0.00094475184
102.48180555559537,18.43513888887956,3173,2.176183e-06
102.4201388889287,18.53847222221291,3174,1.2231248e-09
102.83013888892876,18.494305555546237,3175,9.081644e-05
102.61041666670651,18.40374999999067,3176,2.6895967e-05
102.50958333337316,18.521249999990687,3177,0.00037948295
102.5643055555954,18.518194444435128,3178,1.7270921e-09
102.62013888892874,18.52819444443513,3179,8.993197e-10
102.8259722222621,18.73208333332405,3180,0.0002557135
102.70375000003986,18.64958333332404,3181,1.5288434e-09
102.55458333337317,18.75847222221294,3182,0.00010064534
102.83680555559543,18.64041666665737,3183,8.9297115e-05
102.58569444448428,18.48513888887957,3184,1.2590475e-09
102.90597222226211,18.578472222212916,3185,0.00013556877
102.48069444448427,18.50291666665735,3186,0.00065780774
102.85013888892877,18.740138888879606,3187,0.00011824285
102.66041666670651,18.45069444443512,3188,4.502793e-05
102.89958333337322,18.524027777768463,3189,0.00033149382
102.80875000003986,18.63513888887959,3190,0.00019118437
102.54680555559538,18.75236111110183,3191,7.129317e-05
102.72986111115097,18.745138888879605,3192,0.0001483512
102.56569444448428,18.599305555546252,3193,0.0024665494
102.49541666670649,18.524861111101796,3194,1.6943578e-06
102.73597222226208,18.50152777776846,3195,5.356059e-05
102.64541666670651,18.449027777768453,3196,1.3489795e-08
102.54347222226205,18.454027777768452,3197,2.6134616e-05
102.60847222226207,18.511249999990685,3198,1.8019372e-09
102.46263888892871,18.638194444435147,3199,4.9622926e-05
102.83347222226209,18.66569444443515,3200,0.001244332
102.72652777781764,18.768472222212942,3201,0.0005059766
102.71013888892874,18.584583333324026,3202,2.1221126e-10
102.46736111115094,18.57930555554625,3203,9.095616e-06
102.47069444448427,18.620694444435145,3204,5.219483e-05
102.89902777781766,18.512083333324018,3205,7.0068694e-05
102.79875000003987,18.501249999990684,3206,0.000424417
102.42930555559538,18.635416666657367,3207,5.0050466e-09
102.44513888892871,18.51569444443513,3208,4.3987248e-07
102.6329166667065,18.620138888879588,3209,1.6837742e-10
102.8620833333732,18.6087499999907,3210,0.00011413839
102.86791666670655,18.5448611111018,3211,2.6273077e-05
102.57263888892872,18.60569444443514,3212,3.7771426e-09
102.89513888892877,18.762083333324053,3213,0.00012588798
102.62597222226206,18.69374999999071,3214,0.00016251522
102.58347222226206,18.51402777776846,3215,1.5248293e-05
102.7870833333732,18.411805555546227,3216,3.1573367e-05
102.48569444448427,18.68069444443515,3217,3.7873375e-05
102.54097222226206,18.629583333324035,3218,4.1368704e-09
102.44208333337315,18.57263888887958,3219,8.7145145e-06
102.90041666670655,18.551249999990688,3220,0.0010256228
102.5029166667065,18.50152777776846,3221,4.4885666e-05
102.79930555559542,18.41263888887956,3222,0.00012230694
102.43958333337315,18.52708333332402,3223,1.6904676e-05
102.6793055555954,18.564583333324023,3224,4.5865303e-09
102.90319444448433,18.402916666657337,3225,0.0003611124
102.8370833333732,18.67347222221293,3226,9.110702e-05
102.76541666670653,18.74708333332405,3227,0.0041435678
102.68652777781763,18.739027777768495,3228,5.2424522e-05
102.6581944444843,18.75708333332405,3229,0.0011586312
102.6568055555954,18.727916666657382,3230,0.00053694507
102.85236111115098,18.41097222221289,3231,0.00015470972
102.42736111115093,18.6212499999907,3232,2.2940645e-05
102.45819444448426,18.5473611111018,3233,0.00052747165
102.70652777781763,18.42930555554623,3234,0.0020943312
102.4840277778176,18.575138888879582,3235,0.00014484646
102.884861111151,18.471805555546233,3236,1.74244e-10
102.74875000003986,18.535694444435133,3237,9.892516e-10
102.61986111115095,18.524861111101796,3238,2.248299e-09
102.8484722222621,18.57180555554625,3239,0.00011574315
102.77847222226208,18.550416666657355,3240,0.00017013741
102.69375000003986,18.4634722222129,3241,0.0009930475
102.65958333337318,18.484583333324014,3242,1.8885713e-09
102.59125000003984,18.517361111101796,3243,9.484219e-10
102.62847222226206,18.755694444435164,3244,8.952384e-05
102.73986111115097,18.58791666665736,3245,2.141405e-05
102.49347222226204,18.75069444443516,3246,4.4965984e-10
102.43263888892871,18.744861111101827,3247,0.00013692564
102.59513888892873,18.41902777776845,3248,1.7116685e-08
102.87513888892877,18.454027777768452,3249,3.6619782e-05
102.58291666670651,18.544305555546245,3250,1.9499585e-06
102.58736111115095,18.438749999990673,3251,9.400998e-05
102.81319444448431,18.642083333324035,3252,0.0009813608
102.8245833333732,18.569305555546247,3253,0.000100220204
102.79041666670653,18.64819444443515,3254,7.005424e-05
102.64152777781763,18.59097222221292,3255,1.25720465e-08
102.7645833333732,18.422083333324004,3256,8.195827e-05
102.84125000003988,18.738749999990716,3257,0.0007197829
102.5904166667065,18.507083333324015,3258,3.9842635e-05
102.66986111115096,18.432361111101784,3259,0.0021138056
102.4754166667065,18.574861111101804,3260,0.00023400424
102.41986111115092,18.43819444443512,3261,0.0002539814
102.76236111115098,18.61986111110181,3262,0.00021683842
102.58958333337317,18.586249999990695,3263,1.6835346e-10
102.68097222226207,18.557083333324023,3264,2.1583673e-09
102.75930555559542,18.47874999999068,3265,0.15781596
102.49375000003982,18.6826388888796,3266,0.00015040416
102.61569444448429,18.504861111101793,3267,2.5918193e-10
102.52347222226206,18.549027777768465,3268,4.1565698e-05
102.59097222226207,18.40874999999067,3269,3.581163e-05
102.75208333337319,18.68347222221293,3270,4.4965984e-10
102.74541666670653,18.419305555546227,3271,5.845077e-05
102.6243055555954,18.458472222212897,3272,2.5162977e-10
102.55958333337317,18.686805555546265,3273,2.1030093e-05
102.77375000003987,18.708472222212933,3274,8.116537e-05
102.89791666670655,18.70152777776849,3275,0.00024571514
102.44736111115093,18.452638888879566,3276,6.746869e-06
102.79847222226209,18.50791666665735,3277,0.0033981835
102.7170833333732,18.43152777776845,3278,0.0138346115
102.42236111115092,18.53874999999069,3279,4.0566145e-05
102.76652777781764,18.63013888887959,3280,0.056487564
102.72652777781764,18.593749999990695,3281,1.6286716e-05
102.51763888892872,18.422083333324004,3282,1.4354318e-08
102.63152777781762,18.535416666657355,3283,2.1875125e-10
102.86736111115098,18.49263888887957,3284,0.00026047876
102.88152777781765,18.74930555554627,3285,0.0002131699
102.872361111151,18.6262499999907,3286,9.806619e-05
102.67625000003986,18.60986111110181,3287,9.868982e-09
102.61458333337318,18.690416666657377,3288,3.5073466e-09
102.61625000003984,18.615416666657364,3289,3.826259e-06
102.72208333337319,18.673749999990708,3290,5.075829e-10
102.58125000003983,18.53874999999069,3291,2.4189641e-09
102.87791666670654,18.73930555554627,3292,0.00010236438
102.61569444448429,18.676805555546263,3293,3.0315166e-09
102.8020833333732,18.568749999990693,3294,0.00014446747
102.66180555559541,18.500416666657348,3295,1.2590475e-09
102.41847222226204,18.39319444443511,3296,3.4840392e-05
102.4251388889287,18.459305555546234,3297,8.390741e-05
102.74652777781763,18.720694444435157,3298,0.0031726717
102.78791666670654,18.745694444435163,3299,0.001029625
102.57458333337317,18.470416666657346,3300,0.00018128667
102.69236111115096,18.705416666657378,3301,0.0005395917
102.47819444448427,18.46180555554623,3302,2.5460156e-05
102.48958333337316,18.40874999999067,3303,4.5336245e-05
102.51902777781761,18.387916666657333,3304,0.008698763
102.46625000003982,18.481805555546234,3305,3.1474166e-05
102.53097222226205,18.717083333324048,3306,1.5886265e-09
102.59513888892873,18.53874999999069,3307,7.1945574e-09
102.51347222226205,18.74347222221294,3308,0.00018251837
102.80680555559543,18.560694444435136,3309,0.000169096
102.69013888892874,18.441249999990674,3310,0.00032625513
102.4290277778176,18.64541666665737,3311,5.135205e-05
102.6393055555954,18.422083333324004,3312,0.00011930012
102.87375000003988,18.66597222221293,3313,0.0040681735
102.71041666670652,18.422916666657336,3314,9.426304e-05
102.8109722222621,18.75347222221294,3315,0.00013674717
102.63569444448429,18.498472222212904,3316,3.4984092e-05
102.47458333337316,18.557916666657356,3317,0.00025195707
102.74041666670652,18.54847222221291,3318,1.4389114e-09
102.42986111115093,18.519861111101797,3319,2.0992084e-05
102.53319444448428,18.70874999999071,3320,7.846719e-10
102.62847222226206,18.6926388888796,3321,1.0610693e-05
102.53708333337316,18.648472222212927,3322,5.276931e-09
102.8859722222621,18.47069444443512,3323,7.194557e-10
102.68958333337319,18.769583333324054,3324,0.0004334384
102.68986111115096,18.730416666657383,3325,0.00015381881
102.83902777781765,18.710972222212934,3326,8.557341e-05
102.78597222226209,18.69124999999071,3327,0.004333946
102.60208333337317,18.642083333324035,3328,0.00011716121
102.72736111115097,18.548194444435133,3329,3.0637117e-09
102.78513888892876,18.478194444435125,3330,0.004913199
102.45097222226204,18.751527777768494,3331,0.0001858832
102.70291666670651,18.626527777768477,3332,0.0015875008
102.79902777781764,18.416527777768447,3333,0.0001421797
102.43541666670649,18.729027777768493,3334,0.0009218908
102.73375000003986,18.56541666665736,3335,7.509319e-09
102.78625000003987,18.451527777768455,3336,0.00019936831
102.87875000003989,18.6337499999907,3337,0.0001573844
102.79291666670653,18.433472222212895,3338,0.00020406599
102.6806944444843,18.43902777776845,3339,0.0005598989
102.63847222226207,18.63013888887959,3340,8.993244e-06
102.70680555559541,18.422916666657336,3341,0.00032707816
102.51486111115094,18.527916666657354,3342,9.310779e-05
102.71930555559541,18.491249999990682,3343,0.0023000995
102.53180555559538,18.655972222212927,3344,6.3663974e-10
102.45347222226204,18.68736111110182,3345,0.0028143905
102.64902777781762,18.548194444435133,3346,5.469815e-09
102.55986111115095,18.673749999990708,3347,1.15112915e-08
102.85236111115098,18.70736111110182,3348,0.00016972295
102.48875000003983,18.58152777776847,3349,1.0167689e-05
102.66569444448429,18.6237499999907,3350,4.7663944e-09
102.6179166667065,18.547916666657358,3351,1.6832644e-10
102.62708333337318,18.457361111101786,3352,1.3802113e-08
102.52125000003983,18.637361111101814,3353,0.0002182291
102.45347222226204,18.765416666657387,3354,0.00039365952
102.85902777781766,18.501249999990684,3355,0.0007647403
102.57708333337317,18.75069444443516,3356,0.00011440955
102.60097222226206,18.501805555546238,3357,4.8769274e-05
102.59986111115096,18.544583333324024,3358,1.2736144e-10
102.57180555559539,18.75874999999072,3359,6.720797e-05
102.41819444448426,18.762638888879607,3360,6.910067e-05
102.82847222226209,18.416527777768447,3361,0.001789442
102.60875000003985,18.480694444435123,3362,8.5339696e-10
102.68041666670652,18.432361111101784,3363,4.681263e-05
102.58680555559539,18.63152777776848,3364,6.439672e-10
102.48458333337315,18.595138888879585,3365,4.3980355e-05
102.63152777781762,18.59986111110181,3366,9.892516e-10
102.72041666670653,18.769583333324054,3367,0.00092981104
102.55458333337317,18.765694444435166,3368,0.00012732766
102.80625000003987,18.72541666665738,3369,0.00012471875
102.4515277778176,18.499861111101794,3370,2.2925384e-05
102.43013888892871,18.469305555546235,3371,9.613545e-05
102.66875000003985,18.72291666665738,3372,0.0016232558
102.67847222226207,18.61597222221292,3373,8.363672e-09
102.63763888892873,18.75236111110183,3374,0.00014513316
102.46263888892871,18.423472222212894,3375,9.916793e-06
102.7181944444843,18.715694444435158,3376,0.0040632733
102.75208333337319,18.6901388888796,3377,2.1583673e-09
102.73986111115097,18.41513888887956,3378,0.0014866422
102.85791666670654,18.69097222221293,3379,0.00014520108
102.4740277778176,18.529027777768466,3380,8.259868e-05
102.7856944444843,18.53597222221291,3381,5.395918e-10
102.76097222226208,18.594027777768474,3382,0.0009943902
102.63763888892873,18.727638888879603,3383,0.0001455739
102.81791666670654,18.723749999990716,3384,8.718059e-05
102.5604166667065,18.5398611111018,3385,3.8670747e-09
102.63875000003985,18.610972222212922,3386,3.492165e-05
102.61486111115096,18.63291666665737,3387,6.121542e-09
102.64291666670651,18.702083333324044,3388,0.00027377246
102.4551388889287,18.42791666665734,3389,1.5071512e-05
102.74625000003986,18.647361111101816,3390,0.00015022204
102.42236111115092,18.48124999999068,3391,6.335531e-10
102.59625000003984,18.508472222212905,3392,0.00017958431
102.48375000003982,18.59986111110181,3393,4.343571e-05
102.87013888892876,18.517916666657353,3394,1.3555849e-05
102.68680555559541,18.757916666657387,3395,0.0005881969
102.48208333337315,18.726527777768492,3396,0.0011662471
102.7706944444843,18.676249999990706,3397,0.00012628733
102.80791666670653,18.489861111101792,3398,6.214499e-05
102.78263888892876,18.57013888887958,3399,3.5075613e-05
102.59708333337318,18.726527777768492,3400,0.0001200763
102.64763888892874,18.680416666657376,3401,0.0009194075
102.54736111115095,18.542638888879576,3402,0.0017267516
102.42041666670649,18.672638888879597,3403,1.7660435e-05
102.66513888892874,18.41291666665734,3404,2.9792855e-05
102.53875000003983,18.617638888879586,3405,7.194557e-10
102.59458333337317,18.476527777768457,3406,1.2320679e-08
102.48569444448427,18.519861111101797,3407,3.2632386e-05
102.87208333337321,18.7076388888796,3408,0.00026890644
102.73736111115097,18.588472222212918,3409,6.2194717e-06
102.41430555559536,18.58319444443514,3410,2.2446884e-05
102.70902777781764,18.73597222221294,3411,0.0052890615
102.44875000003982,18.74958333332405,3412,0.00028863564
102.69319444448429,18.461249999990677,3413,7.2696566e-05
102.69152777781763,18.516249999990684,3414,1.8972156e-10
102.83097222226209,18.389583333324,3415,8.073284e-05
102.85319444448432,18.722361111101826,3416,0.00020437247
102.89541666670655,18.742916666657383,3417,0.0008957246
102.54736111115095,18.46958333332401,3418,3.783012e-05
102.64402777781763,18.541527777768465,3419,5.9355094e-09
102.61680555559539,18.732361111101827,3420,7.52804e-05
102.77236111115097,18.650138888879592,3421,0.0017279227
102.69041666670653,18.552916666657357,3422,2.518095e-09
102.45986111115093,18.488472222212902,3423,0.000103944025
102.76236111115098,18.5323611111018,3424,3.1057563e-05
102.48819444448426,18.75874999999072,3425,4.7286958e-05
102.61402777781763,18.64680555554626,3426,8.993197e-10
102.74597222226208,18.73291666665738,3427,0.00093420374
102.79097222226208,18.58958333332403,3428,4.646389e-05
102.5015277778176,18.72819444443516,3429,7.6477745e-06
102.8834722222621,18.55347222221291,3430,0.00049768505
102.46819444448427,18.701805555546265,3431,0.00010905588
102.45847222226205,18.435694444435118,3432,8.6579785e-06
102.6043055555954,18.755416666657386,3433,0.00037771132
102.6843055555954,18.516527777768463,3434,5.395918e-10
102.43236111115093,18.7076388888796,3435,0.0033867455
102.71013888892874,18.74708333332405,3436,0.00059939444
102.64847222226207,18.594861111101807,3437,8.246313e-09
102.84652777781766,18.76013888887961,3438,5.283605e-05
102.60763888892873,18.43041666665734,3439,1.24002745e-05
102.74291666670652,18.475972222212903,3440,0.0003675397
102.68041666670652,18.567638888879582,3441,5.3959184e-09
102.7406944444843,18.406527777768446,3442,0.00016198937
102.79513888892876,18.73208333332405,3443,0.00035374647
102.44319444448426,18.61986111110181,3444,3.7202306e-05
102.64652777781762,18.74458333332405,3445,0.00015668354
102.62097222226207,18.637083333324036,3446,1.2897523e-05
102.52069444448428,18.602916666657364,3447,0.00042646815
102.83541666670654,18.688194444435155,3448,2.2152088e-05
102.76541666670653,18.516527777768463,3449,0.00017223568
102.79763888892876,18.467083333324013,3450,7.572518e-05
102.61875000003984,18.399027777768445,3451,3.4967636e-06
102.46208333337316,18.602638888879586,3452,4.6163765e-05
102.73791666670652,18.63152777776848,3453,0.0009151659
102.50708333337316,18.60986111110181,3454,3.4383593e-05
102.8859722222621,18.39597222221289,3455,9.485252e-05
102.81847222226209,18.518194444435128,3456,0.00771175
102.55069444448428,18.724861111101827,3457,3.6677236e-05
102.81013888892876,18.59958333332403,3458,0.00022804634
102.53486111115095,18.48152777776846,3459,8.8359004e-05
102.67986111115096,18.64763888887959,3460,6.5078326e-05
102.79569444448431,18.63291666665737,3461,0.0008564024
102.56875000003984,18.424861111101784,3462,0.006480809
102.44430555559538,18.58291666665736,3463,2.0916424e-09
102.8559722222621,18.6287499999907,3464,0.0036507526
102.71486111115097,18.610416666657365,3465,0.00015129022
102.41986111115092,18.65791666665737,3466,0.00018208708
102.71902777781763,18.728749999990715,3467,0.009852746
102.58402777781761,18.471805555546233,3468,0.0008138026
102.47097222226205,18.633472222212923,3469,5.1409243e-05
102.79152777781765,18.680138888879597,3470,0.00018596898
102.55708333337317,18.42624999999067,3471,3.297446e-05
102.4879166667065,18.497361111101792,3472,1.5316822e-05
102.60069444448429,18.429861111101783,3473,2.1776226e-05
102.74013888892875,18.391249999990666,3474,0.00018340796
102.63319444448429,18.568749999990693,3475,1.683411e-10
102.81986111115098,18.49263888887957,3476,0.0015414942
102.77652777781765,18.43819444443512,3477,0.0005913737
102.71930555559541,18.703749999990713,3478,0.0005535986
102.61763888892874,18.51680555554624,3479,5.690513e-10
102.76180555559542,18.72319444443516,3480,0.0025432776
102.5379166667065,18.542916666657355,3481,0.0013766981
102.72291666670652,18.672361111101818,3482,8.993197e-10
102.81208333337321,18.681805555546262,3483,9.131328e-06
102.56763888892873,18.552638888879578,3484,3.2063294e-08
102.75902777781764,18.64652777776848,3485,6.1716666e-05
102.61541666670651,18.456805555546232,3486,0.0002111994
102.50208333337316,18.43819444443512,3487,1.7879776e-07
102.81041666670653,18.599305555546252,3488,9.531294e-05
102.44041666670648,18.528749999990687,3489,9.77865e-11
102.87652777781766,18.678749999990707,3490,0.0008749718
102.78652777781764,18.508194444435127,3491,0.00073537085
102.72930555559542,18.492083333324015,3492,0.0012296295
102.77819444448431,18.57791666665736,3493,0.0011880206
102.57958333337317,18.699583333324043,3494,6.602608e-05
102.41458333337314,18.53708333332402,3495,1.2345471e-09
102.87069444448433,18.39597222221289,3496,1.6895427e-05
102.70541666670653,18.73708333332405,3497,0.00015021066
102.68597222226208,18.441527777768453,3498,0.00028630075
102.68541666670652,18.56652777776847,3499,3.1612704e-05
102.84597222226209,18.426805555546228,3500,0.000114432136
102.46597222226204,18.540694444435132,3501,0.001301662
102.44569444448426,18.703749999990713,3502,7.7975295e-05
102.50791666670649,18.7076388888796,3503,0.00015924667
102.73513888892874,18.424583333324005,3504,0.000110489615
102.83958333337321,18.619027777768476,3505,7.459438e-05
102.66069444448429,18.573472222212914,3506,6.1513816e-08
102.83625000003987,18.447638888879563,3507,0.00016580599
102.90013888892877,18.67208333332404,3508,0.00012604776
102.46263888892871,18.709861111101823,3509,0.00021367859
102.84875000003987,18.398749999990667,3510,0.0046006558
102.65736111115096,18.517916666657353,3511,1.3669658e-08
102.8584722222621,18.539027777768467,3512,1.1465162e-10
102.6568055555954,18.65041666665737,3513,4.471319e-05
102.80236111115099,18.53124999999069,3514,0.0018063793
102.58902777781762,18.619027777768476,3515,0.0001921502
102.5229166667065,18.718749999990713,3516,1.01694595e-05
102.87958333337322,18.625972222212923,3517,0.00050038815
102.44458333337315,18.694027777768486,3518,0.0007807248
102.45625000003982,18.454027777768452,3519,2.609763e-05
102.66208333337318,18.451527777768455,3520,1.8055658e-05
102.90625000003989,18.73208333332405,3521,0.0009852925
102.49125000003983,18.57013888887958,3522,5.995452e-06
102.56069444448428,18.6926388888796,3523,1.2594876e-05
102.59236111115095,18.464027777768454,3524,0.002341344
102.45458333337315,18.73569444443516,3525,0.00021995342
102.63402777781762,18.759305555546273,3526,3.487982e-05
102.61041666670651,18.534027777768465,3527,6.4751013e-09
102.49680555559539,18.508194444435127,3528,1.8967516e-05
102.79125000003987,18.7151388888796,3529,0.001673273
102.54430555559539,18.429583333324004,3530,2.2320739e-05
102.41958333337315,18.640694444435148,3531,7.398574e-05
102.85152777781765,18.596527777768475,3532,8.3532286e-05
102.65625000003985,18.5423611111018,3533,4.406666e-09
102.80152777781764,18.551527777768467,3534,0.0023627125
102.4665277778176,18.569583333324026,3535,2.1782737e-06
102.70597222226208,18.507638888879573,3536,0.00023697132
102.65930555559541,18.642083333324035,3537,7.7309924e-05
102.58513888892873,18.550694444435134,3538,4.1368704e-09
102.71791666670653,18.638194444435147,3539,3.965903e-05
102.43736111115093,18.560138888879578,3540,1.8938017e-05
102.77680555559542,18.574861111101804,3541,0.00013966448
102.49875000003982,18.66958333332404,3542,0.00021635367
102.84902777781765,18.642083333324035,3543,4.9243416e-05
102.64152777781763,18.625972222212923,3544,4.0813e-05
102.41347222226203,18.457638888879565,3545,4.3078973e-05
102.55013888892873,18.697916666657378,3546,0.00013413142
102.6393055555954,18.432916666657338,3547,0.001144829
102.82847222226209,18.726527777768492,3548,8.121459e-05
102.9009722222621,18.43541666665734,3549,7.418831e-07
102.88625000003988,18.42041666665734,3550,0.00088055216
102.5040277778176,18.6087499999907,3551,8.86998e-05
102.69736111115097,18.638194444435147,3552,5.6657137e-09
102.87319444448433,18.616805555546254,3553,4.1367373e-05
102.61152777781761,18.5473611111018,3554,1.6128788e-09
102.48069444448427,18.595138888879585,3555,3.44959e-05
102.63319444448429,18.395416666657333,3556,0.00014697174
102.5654166667065,18.560416666657357,3557,6.545767e-08
102.53652777781761,18.727638888879603,3558,6.539321e-11
102.8220833333732,18.48013888887957,3559,4.8344882e-05
102.7093055555954,18.600138888879584,3560,5.6932925e-10
102.66652777781762,18.467083333324013,3561,5.4214655e-09
102.49569444448427,18.711805555546267,3562,0.0001386512
102.89513888892877,18.565972222212913,3563,0.00039663396
102.76569444448431,18.566805555546246,3564,6.778335e-05
102.4615277778176,18.40347222221289,3565,1.1400264e-08
102.49569444448427,18.68736111110182,3566,0.0022832332
102.70652777781763,18.738194444435162,3567,0.00042598162
102.45375000003982,18.549027777768465,3568,7.2041636e-05
102.8509722222621,18.54874999999069,3569,0.00013938159
102.69625000003985,18.74208333332405,3570,0.0005071466
102.53652777781761,18.582638888879583,3571,7.315314e-05
102.5379166667065,18.72819444443516,3572,3.466566e-05
102.7320833333732,18.587361111101806,3573,1.6768256e-05
102.58847222226206,18.652083333324036,3574,0.00011826305
102.44680555559538,18.48874999999068,3575,1.6431486e-05
102.81847222226209,18.75847222221294,3576,9.52262e-05
102.86625000003988,18.601249999990696,3577,7.6593795e-05
102.50486111115094,18.517083333324017,3578,0.00010046532
102.64736111115096,18.411805555546227,3579,0.0019181011
102.62958333337318,18.694861111101822,3580,0.00015254029
102.43180555559537,18.474305555546234,3581,4.6540776e-05
102.5354166667065,18.457361111101786,3582,0.00014087942
102.66902777781763,18.74986111110183,3583,0.00027009833
102.60152777781762,18.51152777776846,3584,6.761234e-05
102.85986111115099,18.51430555554624,3585,4.6551617e-05
102.73736111115097,18.666527777768483,3586,4.765258e-06
102.57513888892872,18.499305555546236,3587,1.6187753e-09
102.49236111115094,18.43402777776845,3588,7.812456e-10
102.89819444448433,18.766805555546277,3589,0.0061845384
102.48347222226205,18.593749999990695,3590,4.68373e-08
102.52763888892872,18.47124999999068,3591,0.00017417944
102.53180555559538,18.61236111110181,3592,0.00041889693
102.65097222226207,18.556805555546244,3593,4.5726062e-10
102.61541666670651,18.40874999999067,3594,3.2973396e-05
102.73347222226208,18.655972222212927,3595,0.00017910336
102.73236111115096,18.745138888879605,3596,0.00015547371
102.78875000003987,18.71541666665738,3597,0.0031752351
102.53319444448428,18.49652777776846,3598,0.00010513399
102.84263888892876,18.743749999990715,3599,0.0008462333
102.45819444448426,18.447638888879563,3600,1.6563055e-10
102.89708333337322,18.408194444435114,3601,0.00010925651
102.68236111115097,18.459861111101787,3602,0.00017795643
102.61875000003984,18.478194444435125,3603,4.551384e-09
102.84180555559543,18.731527777768495,3604,0.0028849114
102.42541666670648,18.627361111101813,3605,4.0269984e-05
102.87180555559543,18.687083333324043,3606,8.763668e-05
102.44125000003982,18.611805555546255,3607,0.00019064778
102.56347222226206,18.40986111110178,3608,0.00037867462
102.54680555559538,18.501249999990684,3609,1.2583956e-05
102.4526388889287,18.742638888879604,3610,0.00012531964
102.77375000003987,18.559861111101803,3611,0.012941548
102.66652777781762,18.700694444435154,3612,0.0008332707
102.49819444448427,18.761805555546275,3613,0.00022373204
102.79402777781765,18.412083333324002,3614,3.521796e-05
102.55347222226206,18.717361111101823,3615,0.00011560859
102.46402777781759,18.42736111110178,3616,6.199632e-06
102.53430555559538,18.567083333324025,3617,0.00028238777
102.49180555559538,18.661805555546263,3618,0.00011336752
102.49791666670649,18.711249999990713,3619,0.0010623541
102.52458333337316,18.422083333324004,3620,6.200127e-06
102.56347222226206,18.534027777768465,3621,2.8131552e-08
102.42486111115093,18.45708333332401,3622,0.00010837833
102.56402777781761,18.57180555554625,3623,2.0324626e-08
102.47625000003983,18.43041666665734,3624,8.040453e-11
102.50013888892872,18.42930555554623,3625,1.2893683e-10
102.5804166667065,18.711805555546267,3626,0.00025848838
102.5004166667065,18.489861111101792,3627,3.4540866e-05
102.6431944444843,18.418472222212895,3628,0.007445479
102.73013888892875,18.62513888887959,3629,0.0006182533
102.57152777781761,18.748749999990718,3630,8.6800086e-05
102.50513888892871,18.567916666657357,3631,2.3263656e-05
102.55930555559539,18.470138888879568,3632,5.2271716e-05
102.73541666670653,18.731249999990716,3633,0.00080585433
102.53069444448427,18.561805555546247,3634,0.00021939175
102.74986111115098,18.602361111101807,3635,0.0004298888
102.42958333337315,18.647083333324037,3636,2.9991466e-05
102.58097222226206,18.422361111101782,3637,0.00015552934
102.45875000003981,18.43152777776845,3638,6.493652e-05
102.64597222226207,18.58041666665736,3639,5.1706603e-09
102.43430555559537,18.433194444435117,3640,1.57993e-06
102.46402777781759,18.624583333324033,3641,0.00017152712
102.52680555559539,18.528749999990687,3642,4.916494e-05
102.68097222226207,18.568194444435136,3643,5.7556457e-09
102.84902777781765,18.645972222212926,3644,6.327333e-06
102.55263888892873,18.40624999999067,3645,2.1998103e-10
102.7556944444843,18.636527777768478,3646,6.811345e-05
102.58263888892873,18.420972222212892,3647,9.532097e-10
102.8659722222621,18.637083333324036,3648,4.062429e-05
102.4540277778176,18.75236111110183,3649,0.00034648116
102.8734722222621,18.760972222212942,3650,0.00027642163
102.78597222226209,18.768472222212942,3651,0.00013456387
102.6693055555954,18.483472222212903,3652,7.4148765e-10
102.70180555559541,18.527916666657354,3653,8.82013e-10
102.82513888892876,18.473194444435123,3654,6.612024e-05
102.87625000003987,18.588749999990696,3655,5.0503364e-05
102.73041666670653,18.629027777768478,3656,0.00060821057
102.66736111115097,18.639583333324037,3657,4.4491215e-05
102.89458333337322,18.631805555546258,3658,5.8653513e-05
102.58013888892873,18.747916666657385,3659,0.00026015393
102.57819444448428,18.550416666657355,3660,1.6224659e-08
102.61375000003984,18.524305555546242,3661,1.2590475e-09
102.71486111115097,18.750416666657383,3662,0.000340657
102.81791666670654,18.474305555546234,3663,0.00016790272
102.8109722222621,18.694027777768486,3664,0.0023920927
102.8534722222621,18.66597222221293,3665,0.00026454483
102.76875000003986,18.584583333324026,3666,2.178836e-06
102.6406944444843,18.409027777768447,3667,0.00041397125
102.7281944444843,18.440138888879563,3668,0.00012177992
102.41430555559536,18.69236111110182,3669,0.000131808
102.54486111115094,18.68847222221293,3670,4.3875022e-07
102.44625000003981,18.510138888879574,3671,3.4893863e-05
102.51902777781761,18.61347222221292,3672,0.00014019814
102.59875000003984,18.452638888879566,3673,1.9607432e-05
102.88180555559543,18.656249999990706,3674,0.00018538714
102.65513888892873,18.52819444443513,3675,9.262992e-09
102.41375000003981,18.478194444435125,3676,3.1515818e-05
102.44458333337315,18.524305555546242,3677,1.918939e-09
102.83236111115099,18.66958333332404,3678,0.0005387609
102.4665277778176,18.48902777776846,3679,2.5286285e-05
102.7081944444843,18.719583333324046,3680,0.00029617525
102.67458333337318,18.65541666665737,3681,4.977027e-06
102.43180555559537,18.700972222212933,3682,0.0008574018
102.86875000003988,18.415694444435115,3683,0.0040627914
102.75763888892875,18.653749999990705,3684,5.8217043e-05
102.45597222226205,18.75736111110183,3685,0.00026109678
102.5315277778176,18.568194444435136,3686,0.00044830306
102.86625000003988,18.43680555554623,3687,0.00015916226
102.56986111115094,18.570972222212916,3688,2.1943398e-08
102.5454166667065,18.532916666657353,3689,0.0007840114
102.41513888892871,18.40624999999067,3690,0.00013756099
102.73013888892875,18.41152777776845,3691,0.0017816729
102.50652777781761,18.71541666665738,3692,1.5453345e-05
102.75013888892875,18.485694444435126,3693,0.00015342061
102.5379166667065,18.652361111101815,3694,1.0104034e-08
102.77263888892875,18.747361111101828,3695,0.00019265995
102.65902777781763,18.52041666665735,3696,9.532789e-09
102.62791666670651,18.662083333324038,3697,1.3489796e-09
102.68986111115096,18.58319444443514,3698,1.1691156e-09
102.77430555559542,18.471805555546233,3699,0.0005882434
102.63736111115095,18.472916666657344,3700,1.8864948e-07
102.53736111115094,18.476527777768457,3701,0.00027516452
102.77763888892875,18.466249999990676,3702,0.00024174355
102.84625000003987,18.390416666657334,3703,0.0004750705
102.88013888892877,18.46486111110179,3704,4.479453e-05
102.8170833333732,18.517638888879574,3705,0.00012835259
102.70763888892874,18.47874999999068,3706,0.00013529282
102.86180555559544,18.690416666657377,3707,0.00033986082
102.4140277778176,18.49013888887957,3708,1.5247193e-05
102.48375000003982,18.426805555546228,3709,1.4966564e-06
102.65736111115096,18.51152777776846,3710,1.7087073e-09
102.86763888892877,18.653749999990705,3711,0.0008142815
102.81013888892876,18.54013888887958,3712,0.00013947515
102.81375000003987,18.710972222212934,3713,0.00026791886
102.89930555559543,18.757916666657387,3714,0.0016530367
102.65708333337318,18.43763888887956,3715,0.00019994081
102.7495833333732,18.76763888887961,3716,0.00489106
102.8534722222621,18.75347222221294,3717,0.00025124568
102.46986111115093,18.413194444435113,3718,0.0003489947
102.67458333337318,18.668749999990705,3719,0.00014379769
102.49958333337315,18.457638888879565,3720,1.0992227e-05
102.5304166667065,18.629583333324035,3721,2.428163e-09
102.48069444448427,18.453749999990677,3722,1.1870238e-09
102.63319444448429,18.729027777768493,3723,4.478692e-05
102.68930555559541,18.75069444443516,3724,0.015638871
102.6581944444843,18.694583333324044,3725,0.00074337766
102.71930555559541,18.44041666665734,3726,0.000109080596
102.57458333337317,18.650972222212925,3727,2.6893042e-05
102.5304166667065,18.64763888887959,3728,8.723401e-09
102.73180555559541,18.404027777768448,3729,0.00028335088
102.5179166667065,18.543472222212912,3730,9.173538e-10
102.82263888892876,18.703472222212934,3731,0.00033717824
102.79291666670653,18.686805555546265,3732,0.00033659826
102.81347222226209,18.48874999999068,3733,4.0946943e-05
102.5054166667065,18.716249999990712,3734,4.978605e-06
102.66319444448429,18.477916666657347,3735,3.6872105e-09
102.83736111115098,18.737916666657384,3736,4.6892852e-05
102.89819444448433,18.769861111101832,3737,9.528727e-05
102.90347222226211,18.4559722222129,3738,0.036371004
102.49958333337315,18.742638888879604,3739,1.240175e-10
102.57819444448428,18.668749999990705,3740,0.00046781756
102.63319444448429,18.62486111110181,3741,3.0637704e-05
102.77569444448432,18.69874999999071,3742,0.00024223162
102.44597222226204,18.512361111101796,3743,1.543769e-05
102.73402777781763,18.59569444443514,3744,0.0005589983
102.68097222226207,18.69152777776849,3745,0.0011131293
102.56902777781761,18.762916666657386,3746,4.9304555e-05
102.66208333337318,18.52847222221291,3747,6.7448975e-09
102.7231944444843,18.481805555546234,3748,0.0010879027
102.83041666670654,18.72680555554627,3749,0.00016887617
102.79541666670653,18.49680555554624,3750,2.8445402e-05
102.75597222226209,18.59819444443514,3751,0.0013028181
102.4904166667065,18.440694444435117,3752,1.6604087e-08
102.63763888892873,18.69874999999071,3753,6.0287843e-05
102.72152777781764,18.593749999990695,3754,1.15148176e-10
102.69513888892874,18.483472222212903,3755,0.00024498618
102.57208333337317,18.665138888879596,3756,0.0001084935
102.87180555559543,18.484583333324014,3757,0.000121631274
102.82125000003987,18.71041666665738,3758,0.0021006605
102.87263888892876,18.639861111101812,3759,0.00021462361
102.62597222226206,18.43513888887956,3760,0.000667629
102.44513888892871,18.566249999990692,3761,0.0012570116
102.85930555559543,18.686527777768486,3762,0.0006637799
102.85958333337321,18.61736111110181,3763,5.2508727e-05
102.51125000003982,18.56513888887958,3764,2.9283111e-09
102.7995833333732,18.760972222212942,3765,0.00030506132
102.75180555559541,18.592916666657363,3766,5.9111495e-05
102.58291666670651,18.611249999990697,3767,4.4965984e-10
102.81986111115098,18.587361111101806,3768,0.00044966018
102.59236111115095,18.578749999990695,3769,3.311195e-08
102.41625000003981,18.69097222221293,3770,0.00040597047
102.80069444448431,18.491527777768457,3771,0.0303034
102.57263888892872,18.731249999990716,3772,0.00010144809
102.47847222226204,18.64680555554626,3773,2.179227e-06
102.51069444448427,18.390972222212888,3774,0.00020629671
102.85541666670655,18.69152777776849,3775,4.6354526e-05
102.42819444448426,18.754305555546274,3776,0.00047855184
102.68513888892875,18.584027777768473,3777,1.9335372e-08
102.8259722222621,18.438749999990673,3778,0.00048851664
102.73152777781763,18.597916666657362,3779,0.00013459421
102.6643055555954,18.649861111101814,3780,0.00012418831
102.79569444448431,18.498194444435125,3781,0.00026922728
102.902361111151,18.48624999999068,3782,0.003620555
102.66736111115097,18.587361111101806,3783,2.697959e-10
102.52208333337316,18.423194444435115,3784,6.0974144e-05
102.44375000003981,18.59819444443514,3785,0.0002582268
102.57847222226206,18.484861111101793,3786,0.0010346965
102.5115277778176,18.615694444435142,3787,5.271021e-05
102.44513888892871,18.618194444435144,3788,8.924978e-05
102.75263888892876,18.756249999990718,3789,0.00023735675
102.52375000003983,18.561805555546247,3790,4.3573244e-05
102.4126388889287,18.516249999990684,3791,4.7416047e-06
102.59847222226206,18.560972222212914,3792,2.6848693e-10
102.74680555559542,18.661527777768484,3793,0.00014139996
102.44097222226203,18.66597222221293,3794,0.00070521084
102.41597222226204,18.402916666657337,3795,3.0014251e-05
102.56513888892873,18.46319444443512,3796,6.6252265e-05
102.8584722222621,18.387638888879554,3797,0.00015026725
102.42847222226204,18.394027777768446,3798,6.728752e-05
102.77430555559542,18.43541666665734,3799,0.1657994
102.79847222226209,18.750138888879608,3800,0.009106417
102.55069444448428,18.76513888887961,3801,3.1062886e-05
102.88680555559543,18.619583333324034,3802,0.00014061898
102.7731944444843,18.704861111101824,3803,0.00028525922
102.84041666670655,18.57541666665736,3804,0.00032923557
102.60708333337317,18.6312499999907,3805,1.0342177e-08
102.4904166667065,18.738194444435162,3806,0.00016009193
102.80041666670654,18.49513888887957,3807,4.5955047e-05
102.88263888892877,18.634861111101813,3808,0.0017864642
102.52680555559539,18.66708333332404,3809,4.223578e-10
102.46291666670649,18.64541666665737,3810,7.307776e-05
102.48847222226205,18.745972222212938,3811,6.597803e-05
102.58236111115095,18.73319444443516,3812,0.0006040247
102.55013888892873,18.545694444435135,3813,4.1908297e-08
102.57708333337317,18.721249999990714,3814,4.773842e-10
102.9009722222621,18.645972222212926,3815,0.00022254357
102.41347222226203,18.61458333332403,3816,0.0001378692
102.59541666670651,18.67319444443515,3817,4.1380914e-05
102.48375000003982,18.582361111101804,3818,8.0472355e-06
102.79902777781764,18.41902777776845,3819,2.5675577e-05
102.44375000003981,18.689305555546266,3820,8.071122e-05
102.6443055555954,18.418194444435116,3821,0.00079182105
102.44736111115093,18.71041666665738,3822,0.0002660881
102.89375000003989,18.713194444435157,3823,0.0015608924
102.6054166667065,18.39319444443511,3824,7.642038e-06
102.76125000003987,18.41124999999067,3825,0.00010072507
102.72152777781764,18.63402777776848,3826,0.003596696
102.77736111115098,18.651527777768482,3827,0.0012108844
102.6881944444843,18.717361111101823,3828,0.00024238092
102.4140277778176,18.56263888887958,3829,0.0002122087
102.87486111115099,18.686249999990707,3830,0.0013249107
102.84291666670654,18.422083333324004,3831,0.0011083916
102.89402777781766,18.539305555546242,3832,3.350216e-05
102.7456944444843,18.61208333332403,3833,0.0019610014
102.84763888892877,18.717638888879602,3834,0.0030578012
102.63486111115095,18.444861111101787,3835,1.5168334e-09
102.65847222226208,18.609583333324032,3836,9.083129e-09
102.52097222226205,18.398194444435113,3837,3.4965888e-06
102.44041666670648,18.557083333324023,3838,2.8812165e-05
102.56375000003983,18.43763888887956,3839,2.0660598e-05
102.7118055555954,18.447361111101785,3840,0.0012863379
102.64597222226207,18.51541666665735,3841,1.8076008e-09
102.70375000003986,18.509305555546238,3842,0.00017846125
102.65125000003985,18.65430555554626,3843,0.0003711085
102.76569444448431,18.638194444435147,3844,0.00021550969
102.86069444448432,18.542083333324022,3845,6.3865155e-05
102.46958333337315,18.64541666665737,3846,4.606166e-05
102.50597222226205,18.517083333324017,3847,2.1676791e-05
102.66069444448429,18.46208333332401,3848,3.365945e-09
102.60569444448429,18.54708333332402,3849,1.4389114e-09
102.47680555559538,18.451249999990676,3850,1.9549247e-05
102.58375000003984,18.578749999990695,3851,2.0684352e-09
102.89263888892877,18.510694444435128,3852,6.016544e-05
102.65069444448429,18.676249999990706,3853,0.00058641104
102.63402777781762,18.392083333324,3854,0.0002706083
102.77541666670653,18.632083333324033,3855,6.308747e-05
102.43847222226204,18.628194444435145,3856,5.8881367e-05
102.63763888892873,18.759583333324052,3857,0.00018960406
102.872361111151,18.74986111110183,3858,0.00018022259
102.68708333337318,18.508749999990684,3859,0.00012652292
102.81430555559542,18.534861111101797,3860,6.382892e-05
102.52625000003982,18.675694444435152,3861,4.5865303e-09
102.44736111115093,18.4859722222129,3862,4.347807e-06
102.87541666670654,18.398194444435113,3863,1.4988683e-06
102.51458333337317,18.6212499999907,3864,0.00031358842
102.56569444448428,18.412083333324002,3865,1.099121e-10
102.7456944444843,18.4709722222129,3866,0.000102920356
102.76375000003986,18.76013888887961,3867,0.0014809951
102.88402777781766,18.539305555546242,3868,3.8684368e-05
102.85263888892877,18.657361111101817,3869,0.0013732812
102.8384722222621,18.66541666665737,3870,0.00016835786
102.81041666670653,18.51152777776846,3871,0.00012264683
102.49958333337315,18.388749999990665,3872,2.8715895e-05
102.76375000003986,18.409305555546226,3873,9.549277e-05
102.73763888892874,18.72597222221294,3874,6.811965e-05
102.68236111115097,18.416805555546226,3875,0.00020633325
102.54486111115094,18.440694444435117,3876,0.0015310479
102.41958333337315,18.510694444435128,3877,2.7380296e-05
102.63902777781762,18.503472222212906,3878,1.0993137e-10
102.64791666670651,18.76013888887961,3879,0.0002933703
102.81763888892876,18.760972222212942,3880,1.4988278e-06
102.51013888892872,18.732638888879606,3881,1.1589674e-08
102.76875000003986,18.717361111101823,3882,1.6487527e-05
102.58958333337317,18.535138888879576,3883,8.633469e-09
102.69319444448429,18.7001388888796,3884,0.00013582288
102.61458333337318,18.627361111101813,3885,8.0995864e-07
102.76652777781764,18.479583333324012,3886,2.7778571e-05
102.50069444448427,18.48874999999068,3887,1.8389585e-05
102.52986111115094,18.498749999990682,3888,0.00041481396
102.84513888892876,18.747361111101828,3889,0.004286728
102.4890277778176,18.621527777768478,3890,1.1942661e-09
102.77541666670653,18.49624999999068,3891,0.0016761123
102.82708333337321,18.672638888879597,3892,8.809263e-05
102.62208333337318,18.569583333324026,3893,5.4729714e-09
102.81763888892876,18.57263888887958,3894,9.799018e-05
102.78791666670654,18.59708333332403,3895,0.00078421703
102.48319444448427,18.55652777776847,3896,8.992857e-06
102.52347222226206,18.65819444443515,3897,0.00029667965
102.76180555559542,18.762361111101832,3898,0.00080579036
102.45236111115094,18.407361111101782,3899,6.49409e-06
102.70625000003986,18.396527777768444,3900,0.0003297263
102.8959722222621,18.589861111101808,3901,0.00021306484
102.60263888892872,18.604305555546254,3902,9.007214e-05
102.66152777781762,18.738194444435162,3903,0.0004717782
102.79152777781765,18.425416666657338,3904,5.5263907e-05
102.89041666670654,18.401527777768447,3905,0.00012894116
102.72097222226208,18.71819444443516,3906,0.00010498719
102.67013888892873,18.509027777768463,3907,0.00041045257
102.58763888892872,18.645972222212926,3908,0.00036175823
102.66652777781762,18.392638888879556,3909,8.118896e-05
102.87319444448433,18.560416666657357,3910,0.03186081
102.4604166667065,18.729583333324047,3911,0.054321915
102.57875000003983,18.744027777768494,3912,0.00011489475
102.8559722222621,18.52347222221291,3913,0.00084991317
102.83513888892877,18.658749999990704,3914,0.00043244983
102.7206944444843,18.527638888879576,3915,1.1381747e-09
102.67486111115096,18.49763888887957,3916,5.4200314e-05
102.83875000003988,18.639861111101812,3917,4.2443742e-05
102.54847222226205,18.50263888887957,3918,0.00028851838
102.53402777781761,18.477638888879568,3919,0.000100191966
102.6581944444843,18.737638888879605,3920,0.0007261734
102.67791666670652,18.488472222212902,3921,0.00027548385
102.5668055555954,18.76791666665739,3922,0.0008560518
102.69375000003986,18.635972222212924,3923,3.2511638e-10
102.58958333337317,18.658749999990704,3924,1.490029e-05
102.77125000003987,18.464305555546233,3925,4.896984e-05
102.41791666670647,18.591527777768473,3926,0.0013943808
102.75069444448431,18.4784722222129,3927,5.386779e-05
102.57875000003983,18.64541666665737,3928,7.430734e-05
102.5793055555954,18.721249999990714,3929,0.00016832097
102.51625000003983,18.494305555546237,3930,1.04920055e-05
102.73930555559542,18.76624999999072,3931,0.00074697897
102.56180555559538,18.40097222221289,3932,8.132873e-06
102.46180555559538,18.691805555546264,3933,0.00080907147
102.62847222226206,18.60486111110181,3934,3.3274827e-09
102.52513888892872,18.39319444443511,3935,4.4949797e-06
102.43041666670648,18.687916666657376,3936,0.0074079414
102.82875000003988,18.45569444443512,3937,4.176147e-05
102.45180555559537,18.547916666657358,3938,0.0007355162
102.64986111115095,18.62263888887959,3939,9.892516e-10
102.44708333337316,18.73319444443516,3940,0.00016439827
102.88208333337322,18.76513888887961,3941,0.037494116
102.56958333337317,18.549027777768465,3942,1.3759591e-08
102.5879166667065,18.409305555546226,3943,0.00013065405
102.77402777781764,18.552638888879578,3944,4.8217316e-05
102.4890277778176,18.611805555546255,3945,3.8297007e-10
102.64875000003984,18.74236111110183,3946,7.315402e-05
102.72347222226207,18.62236111110181,3947,0.0004993787
102.54875000003983,18.67958333332404,3948,6.6520395e-10
102.5804166667065,18.44041666665734,3949,4.567152e-05
102.52513888892872,18.48652777776846,3950,1.0722826e-09
102.42430555559537,18.444583333324008,3951,0.000104397266
102.77680555559542,18.423472222212894,3952,8.1547245e-05
102.89069444448432,18.484861111101793,3953,2.4189216e-05
102.43680555559537,18.457361111101786,3954,0.0034657044
102.85013888892877,18.519027777768464,3955,0.0005363914
102.55125000003983,18.587083333324028,3956,2.2752788e-08
102.55152777781761,18.711249999990713,3957,0.00014415782
102.44986111115092,18.43624999999067,3958,2.2977198e-10
102.5793055555954,18.467083333324013,3959,1.9488723e-05
102.66513888892874,18.519027777768464,3960,7.1945574e-09
102.49680555559539,18.64152777776848,3961,0.04285456
102.73513888892874,18.648749999990702,3962,3.2321614e-06
102.6393055555954,18.58819444443514,3963,7.464353e-09
102.65319444448428,18.74069444443516,3964,0.00034821194
102.47597222226204,18.41374999999067,3965,7.6059114e-05
102.74763888892875,18.62402777776848,3966,0.050999507
102.63319444448429,18.43819444443512,3967,9.089934e-06
102.5793055555954,18.522638888879573,3968,3.069039e-05
102.53625000003983,18.508749999990684,3969,2.2926533e-05
102.49791666670649,18.39430555554622,3970,6.529271e-06
102.67791666670652,18.40347222221289,3971,0.0007303656
102.57680555559539,18.566249999990692,3972,8.6688023e-10
102.77541666670653,18.415694444435115,3973,0.00019245743
102.69513888892874,18.53597222221291,3974,6.778076e-11
102.6281944444843,18.417083333324005,3975,2.7709737e-05
102.44208333337315,18.620416666657366,3976,7.1513314e-05
102.7795833333732,18.398194444435113,3977,4.8891136e-05
102.6068055555954,18.52319444443513,3978,1.1390331e-08
102.68097222226207,18.489305555546235,3979,0.0007504282
102.85763888892876,18.73180555554627,3980,0.00028052437
102.77930555559541,18.620138888879588,3981,0.00057138345
102.5229166667065,18.44541666665734,3982,0.00013955456
102.45875000003981,18.61458333332403,3983,6.326433e-06
102.50347222226205,18.76013888887961,3984,0.0001240183
102.54513888892872,18.615416666657364,3985,8.0717943e-10
102.57402777781762,18.5423611111018,3986,3.7771426e-09
102.75875000003987,18.587083333324028,3987,6.2952377e-10
102.60625000003984,18.41263888887956,3988,1.0490944e-05
102.74347222226208,18.458749999990676,3989,5.496108e-06
102.48125000003982,18.714305555546268,3990,0.0012086378
102.84041666670655,18.42402777776845,3991,0.00052238
102.73819444448431,18.676805555546263,3992,2.1692391e-10
102.83013888892876,18.69097222221293,3993,8.547222e-05
102.8684722222621,18.440694444435117,3994,0.0025200725
102.4176388889287,18.563472222212912,3995,7.1144685e-05
102.87319444448433,18.46458333332401,3996,0.006288867
102.66569444448429,18.414583333324003,3997,0.006483122
102.90597222226211,18.458194444435122,3998,0.00026331496
102.41708333337314,18.50263888887957,3999,0.00044080868
102.71430555559542,18.46486111110179,4000,0.0014365214
102.90013888892877,18.60708333332403,4001,0.00015040408
102.85208333337322,18.762638888879607,4002,0.0003837297
102.89930555559543,18.578749999990695,4003,8.123914e-05
102.7006944444843,18.74986111110183,4004,0.00033964915
102.47291666670648,18.58958333332403,4005,4.37341e-05
102.88708333337321,18.534027777768465,4006,4.742556e-06
102.67708333337319,18.499305555546236,4007,0.00028396692
102.68013888892874,18.4559722222129,4008,0.0036200949
102.75319444448431,18.717361111101823,4009,0.0001875763
102.86041666670654,18.469027777768456,4010,7.605761e-05
102.6204166667065,18.43930555554623,4011,0.00011911354
102.41375000003981,18.73930555554627,4012,3.7171565e-05
102.4815277778176,18.667916666657373,4013,0.00085377647
102.4526388889287,18.745138888879605,4014,0.00025715513
102.58875000003984,18.41124999999067,4015,9.508571e-05
102.84180555559543,18.56652777776847,4016,3.323817e-05
102.48430555559538,18.57124999999069,4017,4.4375045e-10
102.77347222226209,18.5623611111018,4018,0.00043428421
102.64291666670651,18.407361111101782,4019,0.00015914578
102.68958333337319,18.69624999999071,4020,7.834909e-05
102.84291666670654,18.551527777768467,4021,0.00012509656
102.85152777781765,18.64930555554626,4022,4.0469276e-05
102.47069444448427,18.479583333324012,4023,1.2399779e-05
102.52458333337316,18.724861111101827,4024,1.7157503e-05
102.69847222226207,18.68124999999071,4025,0.0001766339
102.50958333337316,18.75347222221294,4026,4.7041104e-07
102.87152777781766,18.41874999999067,4027,1.8600325e-05
102.54902777781761,18.660416666657373,4028,2.61702e-08
102.41458333337314,18.6387499999907,4029,0.00028760292
102.75402777781764,18.516527777768463,4030,8.6096385e-05
102.82902777781764,18.546805555546246,4031,1.90841e-08
102.83875000003988,18.65847222221293,4032,0.0016049078
102.5154166667065,18.62263888887959,4033,7.611746e-05
102.8984722222621,18.473194444435123,4034,0.00027400008
102.56069444448428,18.7665277777685,4035,0.00016114366
102.42430555559537,18.617638888879586,4036,5.3859007e-05
102.57347222226205,18.705972222212935,4037,0.0013544458
102.61736111115096,18.76013888887961,4038,4.470574e-05
102.57625000003983,18.747638888879607,4039,0.00013892725
102.84597222226209,18.42902777776845,4040,2.6365775e-05
102.71513888892875,18.51263888887957,4041,0.00019636822
102.67541666670651,18.4659722222129,4042,0.010125303
102.45486111115093,18.534861111101797,4043,1.6787719e-05
102.7731944444843,18.439861111101784,4044,0.0062411516
102.43625000003982,18.42930555554623,4045,5.576146e-09
102.49847222226205,18.716249999990712,4046,0.00012525571
102.81569444448432,18.650972222212925,4047,0.00086833
102.45819444448426,18.484861111101793,4048,0.005115503
102.85680555559543,18.687916666657376,4049,4.4053533e-05
102.86930555559543,18.725138888879602,4050,0.00012295325
102.79125000003987,18.70902777776849,4051,0.00060933013
102.76291666670653,18.70152777776849,4052,4.183783e-09
102.76625000003986,18.64152777776848,4053,0.0099765025
102.70013888892875,18.669861111101817,4054,0.00019659777
102.67236111115096,18.65930555554626,4055,8.313535e-05
102.86763888892877,18.401805555546225,4056,6.231745e-05
102.84430555559543,18.71402777776849,4057,0.0007485133
102.5993055555954,18.501805555546238,4058,0.0016152253
102.87680555559544,18.679027777768486,4059,0.0006959671
102.75986111115097,18.753194444435163,4060,0.0009409702
102.68458333337318,18.590138888879583,4061,1.7536733e-08
102.84541666670654,18.703472222212934,4062,0.28331056
102.77375000003987,18.475138888879567,4063,0.0003669945
102.88236111115098,18.59986111110181,4064,7.739483e-05
102.7181944444843,18.511249999990685,4065,0.00010327635
102.81541666670654,18.67958333332404,4066,0.0009143478
102.67458333337318,18.681527777768487,4067,5.2777697e-05
102.86263888892877,18.589861111101808,4068,0.0012476613
102.56736111115094,18.64291666665737,4069,2.1920559e-09
102.54430555559539,18.45958333332401,4070,0.00014915454
102.70013888892875,18.559305555546246,4071,4.2136983e-07
102.72652777781764,18.726527777768492,4072,0.0003919238
102.50069444448427,18.392916666657335,4073,4.7375206e-06
102.8359722222621,18.7151388888796,4074,0.00036264493
102.52763888892872,18.69097222221293,4075,2.5361394e-10
102.45347222226204,18.660972222212926,4076,7.593338e-05
102.75847222226209,18.402083333324,4077,2.1668007e-05
102.71986111115096,18.720694444435157,4078,0.00020596568
102.4665277778176,18.49541666665735,4079,9.8047485e-06
102.5579166667065,18.443749999990676,4080,3.479824e-05
102.81736111115099,18.399861111101778,4081,0.00063608796
102.5315277778176,18.495972222212902,4082,5.3959182e-05
102.43402777781759,18.443194444435118,4083,4.6104247e-05
102.74819444448431,18.70902777776849,4084,0.00010052913
102.83041666670654,18.452638888879566,4085,0.00016145442
102.53069444448427,18.75597222221294,4086,7.274085e-05
102.49013888892871,18.544305555546245,4087,1.2590475e-09
102.65013888892874,18.75347222221294,4088,5.4776025e-05
102.7945833333732,18.452361111101787,4089,0.00020934783
102.44347222226205,18.566805555546246,4090,1.6268375e-05
102.4715277778176,18.633194444435144,4091,0.0003612107
102.6293055555954,18.54763888887958,4092,5.762154e-10
102.65875000003984,18.720972222212936,4093,0.00016234168
102.63458333337317,18.66597222221293,4094,1.4241903e-09
102.90263888892878,18.69374999999071,4095,0.018330267
102.67180555559541,18.722083333324047,4096,0.0008850583
102.78736111115097,18.389583333324,4097,0.007262594
102.87125000003988,18.489305555546235,4098,5.656916e-05
102.47069444448427,18.653472222212926,4099,0.00014167433
102.54458333337317,18.711249999990713,4100,0.00065645133
102.5604166667065,18.461249999990677,4101,1.4298514e-05
102.51708333337317,18.403194444435112,4102,3.8963718e-10
102.71458333337318,18.578194444435137,4103,1.2002101e-08
102.64708333337317,18.585694444435138,4104,4.406666e-09
102.47430555559538,18.566805555546246,4105,4.2198895e-05
102.50513888892871,18.46958333332401,4106,0.00014015136
102.88847222226211,18.63152777776848,4107,0.0009758142
102.90513888892878,18.572361111101802,4108,0.007785627
102.7670833333732,18.66736111110182,4109,6.639972e-05
102.57819444448428,18.674305555546262,4110,0.00017301063
102.8559722222621,18.73180555554627,4111,0.00064988574
102.77736111115098,18.491805555546236,4112,0.0032389392
102.8370833333732,18.623194444435143,4113,0.0009767269
102.81541666670654,18.73319444443516,4114,0.00061453506
102.46708333337315,18.690416666657377,4115,0.00029817654
102.71597222226208,18.686527777768486,4116,0.0033561902
102.74597222226208,18.62347222221292,4117,7.923035e-05
102.49069444448426,18.44680555554623,4118,7.455034e-05
102.58625000003984,18.51569444443513,4119,0.00046235256
102.7106944444843,18.637083333324036,4120,0.023460476
102.70180555559541,18.45069444443512,4121,0.0002736652
102.8859722222621,18.53708333332402,4122,2.9976658e-05
102.55013888892873,18.491527777768457,4123,0.00024815704
102.73430555559541,18.62486111110181,4124,0.0045291716
102.77125000003987,18.619027777768476,4125,0.0007645266
102.74125000003986,18.549583333324023,4126,8.9931965e-11
102.68541666670652,18.618472222212922,4127,8.273741e-09
102.54125000003984,18.425416666657338,4128,0.00024182131
102.44625000003981,18.51402777776846,4129,4.8265403e-10
102.45125000003982,18.434583333324007,4130,6.533393e-05
102.70041666670652,18.58930555554625,4131,1.1810163e-06
102.65236111115095,18.656249999990706,4132,0.0004933146
102.72652777781764,18.424583333324005,4133,6.028673e-05
102.59263888892873,18.72819444443516,4134,0.0003185064
102.64513888892874,18.67347222221293,4135,0.00021900992
102.75625000003986,18.68097222221293,4136,0.00036460217
102.78375000003986,18.64791666665737,4137,5.1164796e-05
102.69708333337319,18.49541666665735,4138,0.0005000736
102.43847222226204,18.6137499999907,4139,1.9615118e-05
102.56875000003984,18.609583333324032,4140,3.3005033e-08
102.78347222226209,18.467638888879566,4141,0.00017693693
102.56625000003983,18.431249999990673,4142,9.759877e-10
102.4551388889287,18.500138888879572,4143,4.355761e-06
102.76625000003986,18.645972222212926,4144,5.075103e-05
102.56652777781761,18.524861111101796,4145,6.85265e-08
102.45458333337315,18.764305555546276,4146,0.00050781993
102.76430555559541,18.390694444435113,4147,1.5631602e-05
102.82902777781764,18.415416666657336,4148,4.4962194e-06
102.43291666670649,18.678749999990707,4149,4.7617257e-05
102.4351388889287,18.519583333324018,4150,1.1972476e-05
102.4501388889287,18.489305555546235,4151,0.00028839184
102.8734722222621,18.7001388888796,4152,8.7494904e-05
102.49375000003982,18.551249999990688,4153,8.699915e-06
102.79847222226209,18.469305555546235,4154,6.466155e-05
102.82652777781765,18.488472222212902,4155,7.584801e-05
102.48291666670649,18.40624999999067,4156,3.7927435e-05
102.61708333337317,18.590138888879583,4157,2.5803803e-07
102.86319444448432,18.605416666657366,4158,8.918382e-05
102.8759722222621,18.717361111101823,4159,0.0006618509
102.55430555559539,18.486805555546237,4160,0.00013227512
102.44347222226205,18.484027777768457,4161,0.00020771116
102.65763888892873,18.462916666657343,4162,2.8122445e-08
102.54069444448427,18.732361111101827,4163,0.00015770164
102.60513888892874,18.489861111101792,4164,2.8801268e-09
102.54708333337317,18.440972222212896,4165,9.778628e-05
102.44319444448426,18.447638888879563,4166,2.005357e-05
102.89763888892877,18.467916666657345,4167,0.001067239
102.4465277778176,18.458749999990676,4168,7.182208e-10
102.44847222226204,18.61513888887959,4169,0.00018001867
102.82263888892876,18.687916666657376,4170,0.0002518892
102.81180555559543,18.747361111101828,4171,0.002296774
102.76652777781764,18.646249999990705,4172,0.0002648584
102.61486111115096,18.59958333332403,4173,1.7915092e-07
102.79569444448431,18.450138888879565,4174,0.00030411818
102.43069444448426,18.70124999999071,4175,0.007846632
102.80430555559542,18.434305555546228,4176,0.000507665
102.50097222226205,18.585694444435138,4177,2.4940043e-09
102.51041666670649,18.45569444443512,4178,1.2893934e-05
102.5704166667065,18.52458333332402,4179,7.1945574e-09
102.67375000003985,18.41513888887956,4180,0.00010008661
102.64902777781762,18.567361111101803,4181,1.0958272e-10
102.89763888892877,18.594027777768474,4182,3.59248e-05
102.58930555559539,18.402916666657337,4183,2.2165827e-05
102.47819444448427,18.579861111101806,4184,0.00025245763
102.73402777781763,18.48791666665735,4185,0.000108136206
102.88541666670655,18.395416666657333,4186,0.0006924231
102.64458333337318,18.419583333324006,4187,0.00048642888
102.79680555559543,18.552916666657357,4188,0.00026489282
102.79263888892875,18.554027777768468,4189,0.00041877083
102.41736111115092,18.48736111110179,4190,4.7327917e-06
102.57625000003983,18.577361111101805,4191,2.0177668e-08
102.75069444448431,18.392083333324,4192,1.7115283e-08
102.44736111115093,18.762916666657386,4193,0.0002092809
102.65958333337318,18.75597222221294,4194,0.00016527834
102.88458333337321,18.56124999999069,4195,6.156533e-05
102.54236111115094,18.633194444435144,4196,1.0873044e-08
102.43125000003981,18.447916666657342,4197,3.383213e-05
102.5565277778176,18.492916666657347,4198,1.9024897e-05
102.54652777781762,18.450138888879565,4199,4.359983e-05
102.61458333337318,18.41124999999067,4200,2.0773838e-05
102.53513888892871,18.440972222212896,4201,0.0006404508
102.5368055555954,18.599305555546252,4202,6.0174738e-05
102.5579166667065,18.69986111110182,4203,1.20948735e-05
102.70902777781764,18.43013888887956,4204,0.00073181395
102.73097222226208,18.413194444435113,4205,2.5084559e-05
102.60013888892873,18.7026388888796,4206,1.906768e-05
102.82263888892876,18.66069444443515,4207,0.0028398668
102.50902777781761,18.53847222221291,4208,0.00017448522
102.90041666670655,18.65791666665737,4209,0.00038034315
102.7581944444843,18.474583333324013,4210,0.00011607472
102.65513888892873,18.727361111101825,4211,9.308263e-05
102.49486111115094,18.69152777776849,4212,0.0030913248
102.51708333337317,18.44819444443512,4213,8.174235e-05
102.60208333337317,18.41152777776845,4214,1.7139694e-08
102.79486111115098,18.66736111110182,4215,0.0008864306
102.57069444448427,18.512083333324018,4216,3.3274827e-09
102.54819444448428,18.59986111110181,4217,4.9274277e-08
102.45041666670649,18.389305555546223,4218,1.6265854e-05
102.65986111115096,18.44541666665734,4219,0.00012465384
102.63902777781762,18.500694444435126,4220,1.2481318e-09
102.6981944444843,18.405694444435113,4221,5.6773668e-05
102.5904166667065,18.535416666657355,4222,5.845578e-09
102.73569444448431,18.58319444443514,4223,1.3000805e-10
102.50791666670649,18.594861111101807,4224,5.882818e-05
102.5968055555954,18.727638888879603,4225,7.9975085e-05
102.52375000003983,18.568749999990693,4226,0.00020122506
102.47291666670648,18.76763888887961,4227,2.8884524e-05
102.87902777781765,18.660138888879594,4228,0.0006359712
102.46569444448427,18.70902777776849,4229,5.8772574e-05
102.8759722222621,18.491527777768457,4230,0.00014577992
102.67180555559541,18.737638888879605,4231,0.0005670584
102.5554166667065,18.754583333324053,4232,8.952347e-05
102.48180555559537,18.486805555546237,4233,8.8663055e-06
102.48875000003983,18.583749999990694,4234,3.3670363e-05
102.66180555559541,18.615416666657364,4235,2.6979592e-09
102.60263888892872,18.503472222212906,4236,0.00011909641
102.49680555559539,18.535694444435133,4237,3.331438e-05
102.47847222226204,18.74097222221294,4238,0.0001668932
102.80180555559542,18.475138888879567,4239,0.00026084582
102.6293055555954,18.631805555546258,4240,1.2653979e-05
102.76347222226208,18.662083333324038,4241,0.015781358
102.67847222226207,18.639861111101812,4242,6.2952377e-10
102.7870833333732,18.40486111110178,4243,0.0002894143
102.58430555559539,18.568194444435136,4244,8.993197e-10
102.8234722222621,18.7665277777685,4245,0.0049168873
102.56847222226206,18.58291666665736,4246,2.41917e-08
102.63875000003985,18.600138888879584,4247,3.5073466e-09
102.50930555559538,18.585416666657363,4248,0.00015120977
102.73597222226208,18.480694444435123,4249,0.00036661956
102.64875000003984,18.746527777768495,4250,0.0002573416
102.43013888892871,18.677638888879596,4251,0.018083831
102.72958333337318,18.644027777768482,4252,0.00038454318
102.47625000003983,18.477916666657347,4253,2.9890089e-05
102.71430555559542,18.429861111101783,4254,3.5753477e-05
102.77569444448432,18.690694444435152,4255,0.00012420032
102.90458333337321,18.635972222212924,4256,0.0002447172
102.44041666670648,18.408472222212893,4257,1.8943849e-05
102.42347222226203,18.633472222212923,4258,0.00020425749
102.81569444448432,18.689027777768487,4259,6.600579e-05
102.68236111115097,18.413194444435113,4260,0.00011994068
102.45625000003982,18.732361111101827,4261,5.4167638e-05
102.60902777781762,18.755694444435164,4262,9.9290755e-06
102.62263888892873,18.70930555554627,4263,6.815274e-05
102.78847222226209,18.69902777776849,4264,0.00014811462
102.5668055555954,18.52847222221291,4265,3.0343506e-06
102.56125000003983,18.762083333324053,4266,0.00033007574
102.62513888892873,18.692916666657375,4267,3.868915e-05
102.61097222226206,18.7026388888796,4268,4.9685776e-05
102.74263888892875,18.769583333324054,4269,0.0022265525
102.85652777781766,18.57013888887958,4270,9.816324e-05
102.88708333337321,18.74319444443516,4271,0.00045139148
102.65041666670652,18.54013888887958,4272,4.5865303e-09
102.70958333337319,18.576249999990694,4273,1.1947233e-10
102.65152777781762,18.57124999999069,4274,3.4174146e-09
102.6204166667065,18.567916666657357,4275,9.555714e-09
102.60458333337317,18.440694444435117,4276,1.4069526e-09
102.69180555559541,18.434861111101785,4277,8.9931935e-05
102.73902777781764,18.398194444435113,4278,9.4608644e-05
102.66847222226207,18.56541666665736,4279,4.406666e-09
102.81486111115098,18.731249999990716,4280,0.00059122907
102.52680555559539,18.432916666657338,4281,7.65906e-10
102.50097222226205,18.480972222212902,4282,2.0391535e-05
102.6568055555954,18.457638888879565,4283,3.8975412e-10
102.71458333337318,18.57319444443514,4284,3.4154348e-09
102.53402777781761,18.588472222212918,4285,1.990093e-05
102.84791666670654,18.71402777776849,4286,0.0010611608
102.4604166667065,18.68374999999071,4287,0.00018856824
102.80347222226209,18.71680555554627,4288,0.00089829124
102.83486111115099,18.424305555546226,4289,0.0033652335
102.51597222226205,18.39736111110178,4290,7.5857237e-10
102.70430555559541,18.645694444435147,4291,2.9677547e-09
102.58541666670651,18.58680555554625,4292,3.5972787e-09
102.55236111115094,18.4684722222129,4293,4.0745945e-05
102.64708333337317,18.510138888879574,4294,3.9974395e-08
102.74680555559542,18.73458333332405,4295,0.0024447388
102.8859722222621,18.670416666657374,4296,8.7647124e-05
102.72541666670652,18.562916666657358,4297,2.3544346e-05
102.78930555559542,18.509305555546238,4298,0.00028730172
102.84236111115098,18.75597222221294,4299,0.00073192385
102.8959722222621,18.602361111101807,4300,0.0021179214
102.82680555559543,18.647083333324037,4301,0.0011714092
102.52819444448427,18.500972222212905,4302,0.00021845812
102.4990277778176,18.68986111110182,4303,0.00092540757
102.90041666670655,18.62208333332403,4304,0.000116165545
102.63763888892873,18.713749999990714,4305,0.00015454942
102.87041666670655,18.750416666657383,4306,0.00048746463
102.89875000003988,18.425694444435116,4307,1.9484232e-05
102.49791666670649,18.523749999990685,4308,5.2429685e-05
102.49986111115093,18.428472222212893,4309,2.4216671e-08
102.80041666670654,18.68208333332404,4310,0.0011969756
102.70486111115096,18.517638888879574,4311,0.0003623483
102.82513888892876,18.440972222212896,4312,7.060301e-05
102.69986111115097,18.422916666657336,4313,0.0021783267
102.66986111115096,18.763194444435165,4314,0.0005301053
102.86902777781765,18.57791666665736,4315,3.4997374e-05
102.89875000003988,18.73486111110183,4316,0.0009615124
102.64986111115095,18.546805555546246,4317,5.7556457e-09
102.80430555559542,18.58208333332403,4318,3.2189332e-10
102.53736111115094,18.735416666657382,4319,8.4624106e-11
102.57347222226205,18.662083333324038,4320,0.00029031618
102.49263888892871,18.593749999990695,4321,1.581445e-06
102.79402777781765,18.696805555546266,4322,0.0015914124
102.47291666670648,18.711249999990713,4323,0.00064776844
102.62236111115095,18.70902777776849,4324,6.676058e-05
102.85930555559543,18.585416666657363,4325,4.0512252e-05
102.54430555559539,18.515972222212906,4326,0.00014858494
102.7881944444843,18.402638888879558,4327,0.015904034
102.65347222226207,18.59847222221292,4328,3.8781245e-08
102.86875000003988,18.528749999990687,4329,0.00027942375
102.58208333337318,18.51291666665735,4330,0.00020154734
102.7470833333732,18.452361111101787,4331,0.00022230034
102.63958333337318,18.624305555546254,4332,0.0001529198
102.85458333337321,18.64652777776848,4333,8.4202264e-05
102.80513888892875,18.535416666657355,4334,3.0637002e-05
102.4551388889287,18.70041666665738,4335,0.0003941003
102.81986111115098,18.483472222212903,4336,0.00013340852
102.79569444448431,18.522638888879573,4337,6.306865e-05
102.7031944444843,18.702916666657377,4338,0.0026991183
102.82180555559543,18.692083333324042,4339,0.000105688894
102.58513888892873,18.753749999990717,4340,2.7413675e-05
102.77347222226209,18.68097222221293,4341,0.00040026722
102.62513888892873,18.457638888879565,4342,2.5162883e-10
102.51180555559539,18.406805555546224,4343,0.00047953866
102.47569444448426,18.527638888879576,4344,1.9204812e-05
102.66236111115096,18.68736111110182,4345,0.001087634
102.7445833333732,18.41763888887956,4346,3.6458507e-05
102.48541666670648,18.47874999999068,4347,1.5318288e-05
102.8409722222621,18.600694444435142,4348,0.0001596758
102.73125000003986,18.69236111110182,4349,0.0007640909
102.43791666670649,18.652361111101815,4350,0.0008928502
102.50708333337316,18.40374999999067,4351,1.390098e-09
102.66013888892874,18.72708333332405,4352,6.886304e-05
102.62569444448428,18.724861111101827,4353,2.2023762e-05
102.90680555559544,18.400416666657335,4354,6.676546e-05
102.46319444448426,18.654583333324037,4355,0.00011990773
102.66125000003984,18.521249999990687,4356,2.2637635e-06
102.83069444448432,18.43013888887956,4357,0.010498373
102.66902777781763,18.746249999990717,4358,4.302938e-05
102.61236111115095,18.605416666657366,4359,3.5972787e-09
102.64097222226206,18.729305555546272,4360,0.00049176667
102.65236111115095,18.531527777768463,4361,2.3382312e-09
102.8634722222621,18.61236111110181,4362,3.592649e-05
102.43819444448427,18.676527777768484,4363,8.3167644e-05
102.51375000003982,18.568194444435136,4364,9.260982e-05
102.6681944444843,18.434583333324007,4365,1.8179622e-05
102.64791666670651,18.585972222212916,4366,6.7936945e-09
102.6568055555954,18.45291666665734,4367,3.8974396e-10
102.82486111115098,18.524027777768463,4368,0.001896204
102.70097222226208,18.764305555546276,4369,0.000984918
102.69736111115097,18.603194444435143,4370,1.620875e-08
102.65902777781763,18.524305555546242,4371,8.273741e-09
102.74013888892875,18.766805555546277,4372,0.0005517282
102.77597222226208,18.45069444443512,4373,0.0008018772
102.68847222226208,18.39430555554622,4374,0.0018653983
102.82125000003987,18.67319444443515,4375,0.015533785
102.8559722222621,18.716249999990712,4376,9.824551e-05
102.50625000003983,18.535694444435133,4377,0.000291751
102.52680555559539,18.431805555546227,4378,9.458318e-06
102.66208333337318,18.732361111101827,4379,0.02082265
102.42375000003982,18.51041666665735,4380,3.0496023e-05
102.82375000003987,18.600138888879584,4381,2.0054524e-05
102.69986111115097,18.75736111110183,4382,0.0015842601
102.4440277778176,18.534861111101797,4383,3.390921e-05
102.90291666670655,18.480972222212902,4384,1.6902705e-09
102.68541666670652,18.616527777768475,4385,8.903265e-09
102.74180555559542,18.69097222221293,4386,2.199429e-05
102.73152777781763,18.731527777768495,4387,0.0034057086
102.6906944444843,18.51541666665735,4388,2.0992161e-10
102.66986111115096,18.595972222212918,4389,3.4542436e-06
102.85236111115098,18.39624999999067,4390,0.00026207344
102.6818055555954,18.75874999999072,4391,0.004204023
102.81819444448432,18.70736111110182,4392,0.0038153136
102.55708333337317,18.662083333324038,4393,2.1583673e-09
102.43347222226204,18.47986111110179,4394,4.8248115e-05
102.57458333337317,18.72569444443516,4395,5.48645e-10
102.67625000003986,18.5523611111018,4396,1.1691156e-09
102.70708333337319,18.54847222221291,4397,4.5408577e-10
102.49208333337316,18.60097222221292,4398,1.8192995e-05
102.61847222226207,18.413472222212892,4399,4.4966177e-06
102.7281944444843,18.49486111110179,4400,1.90651e-05
102.6693055555954,18.709861111101823,4401,0.007529949
102.54736111115095,18.497361111101792,4402,2.8606819e-05
102.82541666670654,18.58680555554625,4403,0.0037879483
102.61236111115095,18.70624999999071,4404,0.00074520137
102.5943055555954,18.60097222221292,4405,7.979518e-05
102.72041666670653,18.499583333324015,4406,0.015140123
102.88125000003988,18.50430555554624,4407,0.0002908443
102.74847222226208,18.661249999990705,4408,0.00448631
102.64208333337318,18.711249999990713,4409,3.5969064e-05
102.52347222226206,18.54708333332402,4410,0.00010642889
102.59347222226206,18.760972222212942,4411,4.80923e-05
102.7456944444843,18.6137499999907,4412,0.0021618183
102.6093055555954,18.49791666665735,4413,2.9984547e-05
102.46930555559538,18.6287499999907,4414,0.000120379045
102.66652777781762,18.489861111101792,4415,1.3135016e-05
102.70902777781764,18.63236111110181,4416,6.5751745e-05
102.60875000003985,18.48124999999068,4417,8.5339963e-10
102.52319444448428,18.712361111101824,4418,1.471202e-10
102.88875000003988,18.53069444443513,4419,5.179535e-05
102.85708333337321,18.44291666665734,4420,0.00036198337
102.90069444448433,18.512361111101796,4421,0.0001655669
102.89541666670655,18.75847222221294,4422,7.450947e-05
102.6668055555954,18.51152777776846,4423,7.194557e-10
102.64013888892873,18.637083333324036,4424,3.9908348e-09
102.85430555559543,18.713472222212935,4425,0.0039772405
102.7556944444843,18.71541666665738,4426,9.3835406e-05
102.60875000003985,18.72458333332405,4427,0.00013250163
102.6368055555954,18.446249999990673,4428,5.429875e-08
102.7745833333732,18.41874999999067,4429,4.0968644e-05
102.76319444448431,18.466249999990676,4430,0.0001897758
102.68930555559541,18.664861111101818,4431,0.00011990932
102.60513888892874,18.5423611111018,4432,8.383522e-09
102.6943055555954,18.498472222212904,4433,0.0003576596
102.70597222226208,18.390694444435113,4434,1.6070328e-05
102.55930555559539,18.69736111110182,4435,8.15869e-05
102.42430555559537,18.752638888879606,4436,0.00038598033
102.75069444448431,18.620416666657366,4437,8.4520434e-05
102.83041666670654,18.633472222212923,4438,0.00012501955
102.43875000003982,18.439583333324006,4439,3.1633954e-05
102.7093055555954,18.50291666665735,4440,0.00032307213
102.74791666670653,18.676805555546263,4441,2.6147572e-05
102.58236111115095,18.41986111110178,4442,5.3959182e-05
102.45208333337315,18.745138888879605,4443,4.8289392e-05
102.67625000003986,18.64819444443515,4444,0.00333908
102.67902777781762,18.517083333324017,4445,1.6490138e-10
102.6318055555954,18.519583333324018,4446,6.4884493e-06
102.82152777781765,18.650972222212925,4447,0.0005224176
102.55569444448427,18.48513888887957,4448,0.00023054001
102.84263888892876,18.449305555546232,4449,0.013488123
102.60652777781762,18.737638888879605,4450,3.9075258e-05
102.42458333337315,18.451249999990676,4451,6.259378e-05
102.7320833333732,18.659861111101815,4452,4.429676e-09
102.4904166667065,18.584027777768473,4453,0.00016054297
102.50013888892872,18.695972222212934,4454,0.00031645742
102.77486111115097,18.687083333324043,4455,0.0003417738
102.54458333337317,18.45708333332401,4456,7.236914e-05
102.58680555559539,18.544027777768466,4457,5.7556457e-09
102.55347222226206,18.735416666657382,4458,4.7826e-05
102.85263888892877,18.651527777768482,4459,0.00016807274
102.887361111151,18.506249999990683,4460,0.0002405672
102.67430555559541,18.458194444435122,4461,0.0031566105
102.48319444448427,18.53097222221291,4462,1.7986395e-05
102.82541666670654,18.625972222212923,4463,0.00014146049
102.84569444448432,18.4659722222129,4464,0.00022491875
102.78152777781764,18.660138888879594,4465,0.0001919592
102.6981944444843,18.450138888879565,4466,0.000118778036
102.57652777781762,18.762083333324053,4467,0.0006817817
102.76375000003986,18.764027777768497,4468,0.00025512176
102.47180555559538,18.704305555546267,4469,0.00067284575
102.84625000003987,18.54708333332402,4470,2.1988135e-05
102.88291666670655,18.41236111110178,4471,8.7513225e-05
102.77986111115098,18.415416666657336,4472,4.5445235e-05
102.81263888892876,18.769583333324054,4473,0.00011151277
102.76763888892876,18.527916666657354,4474,1.1412635e-09
102.46847222226204,18.621527777768478,4475,0.000107268796
102.74375000003987,18.73319444443516,4476,0.00021345043
102.83430555559544,18.705416666657378,4477,0.00041231106
102.6643055555954,18.741249999990718,4478,0.00016696958
102.90430555559544,18.49541666665735,4479,1.4298826e-05
102.84736111115099,18.676805555546263,4480,0.013643326
102.89152777781766,18.482916666657346,4481,0.00029377802
102.42458333337315,18.745416666657384,4482,0.002181699
102.45208333337315,18.63097222221292,4483,1.3999127e-05
102.66375000003985,18.66319444443515,4484,0.00028829853
102.48041666670649,18.53708333332402,4485,8.6229324e-05
102.63875000003985,18.722361111101826,4486,6.719644e-05
102.63263888892874,18.38847222221289,4487,4.738546e-06
102.55013888892873,18.695416666657376,4488,0.00071720354
102.6493055555954,18.72597222221294,4489,0.00014186172
102.82013888892877,18.423194444435115,4490,0.00049486
102.83486111115099,18.642361111101813,4491,5.3171316e-05
102.72541666670652,18.39736111110178,4492,0.001982689
102.88430555559543,18.597361111101808,4493,0.00010958017
102.76402777781765,18.68347222221293,4494,5.2243442e-05
102.89375000003989,18.485416666657347,4495,7.616864e-05
102.47180555559538,18.392083333324,4496,8.985502e-06
102.66791666670652,18.548194444435133,4497,1.7986393e-10
102.8170833333732,18.516249999990684,4498,0.0017104793
102.68152777781764,18.503472222212906,4499,2.884559e-05
102.75597222226209,18.76736111110183,4500,0.0020900944
102.60180555559539,18.406527777768446,4501,0.00016896136
102.44902777781759,18.452361111101787,4502,9.07704e-06
102.76819444448431,18.629305555546257,4503,4.6756333e-05
102.50625000003983,18.534027777768465,4504,0.00016386686
102.66541666670652,18.47874999999068,4505,3.3274827e-09
102.45736111115093,18.526249999990686,4506,0.0021095043
102.41347222226203,18.619027777768476,4507,0.04701751
102.7820833333732,18.654583333324037,4508,0.0002057827
102.59986111115096,18.482916666657346,4509,3.5972787e-09
102.69291666670652,18.708472222212933,4510,0.0030425128
102.83763888892877,18.763194444435165,4511,0.000253885
102.80125000003987,18.51569444443513,4512,0.0003616139
102.82125000003987,18.425972222212895,4513,2.6677064e-05
102.65513888892873,18.672638888879597,4514,0.0010486145
102.52486111115094,18.542083333324022,4515,7.4559204e-05
102.88013888892877,18.613194444435145,4516,0.00010314096
102.54736111115095,18.424583333324005,4517,3.4971814e-05
102.44958333337316,18.610138888879586,4518,1.9648018e-05
102.67041666670652,18.703472222212934,4519,0.00062038907
102.57875000003983,18.627361111101813,4520,1.708524e-09
102.49319444448427,18.441249999990674,4521,3.4950222e-06
102.52986111115094,18.46319444443512,4522,0.00020366948
102.87791666670654,18.584861111101805,4523,0.014026895
102.46486111115094,18.63013888887959,4524,2.8295073e-05
102.43819444448427,18.51041666665735,4525,2.697959e-10
102.51708333337317,18.543472222212912,4526,3.3368407e-05
102.48041666670649,18.41124999999067,4527,8.058925e-10
102.73013888892875,18.627916666657367,4528,0.00011014653
102.54652777781762,18.655138888879595,4529,5.395918e-10
102.82513888892876,18.71402777776849,4530,0.00021857444
102.48958333337316,18.589861111101808,4531,8.223072e-05
102.63208333337317,18.681527777768487,4532,4.919583e-05
102.5429166667065,18.49763888887957,4533,4.1292413e-05
102.41458333337314,18.58902777776847,4534,1.0894042e-05
102.62291666670652,18.587638888879585,4535,4.496598e-09
102.63902777781762,18.6312499999907,4536,2.1202552e-06
102.7959722222621,18.516527777768463,4537,0.0002186815
102.81652777781765,18.645972222212926,4538,0.00089449814
102.79263888892875,18.569305555546247,4539,0.00018691781
102.73847222226208,18.456805555546232,4540,0.00026048304
102.65930555559541,18.648749999990702,4541,3.4867768e-05
102.8345833333732,18.542083333324022,4542,3.5972786e-10
102.49347222226204,18.745416666657384,4543,2.5151645e-05
102.62569444448428,18.452638888879566,4544,1.990934e-09
102.78041666670653,18.484027777768457,4545,3.652406e-05
102.54069444448427,18.769583333324054,4546,0.0001588798
102.4604166667065,18.470138888879568,4547,1.09577395e-05
102.4526388889287,18.609305555546253,4548,1.6836937e-05
102.67819444448429,18.74319444443516,4549,0.0005531313
102.42291666670648,18.414583333324003,4550,0.0019744032
102.71486111115097,18.530138888879577,4551,8.9931965e-11
102.62458333337318,18.530138888879577,4552,8.347221e-09
102.8684722222621,18.483749999990682,4553,0.0028442962
102.75736111115097,18.520972222212908,4554,0.00017731769
102.66958333337318,18.43902777776845,4555,0.00023482056
102.5504166667065,18.65819444443515,4556,4.6764623e-09
102.46263888892871,18.61513888887959,4557,1.3138501e-05
102.59208333337317,18.585972222212916,4558,2.4172746e-06
102.62263888892873,18.59180555554625,4559,1.9335372e-08
102.59847222226206,18.390416666657334,4560,7.658974e-11
102.65125000003985,18.638472222212926,4561,2.9677547e-09
102.5429166667065,18.532638888879575,4562,3.263352e-05
102.56986111115094,18.61597222221292,4563,1.6837448e-10
102.81875000003987,18.76736111110183,4564,0.0015281371
102.72680555559542,18.621527777768478,4565,9.521055e-05
102.62208333337318,18.524861111101796,4566,1.1331427e-08
102.66791666670652,18.751527777768494,4567,0.0007027282
102.60402777781762,18.54013888887958,4568,8.2567e-05
102.88013888892877,18.489305555546235,4569,4.4845474e-05
102.54375000003984,18.72541666665738,4570,9.296972e-05
102.66097222226207,18.542083333324022,4571,1.0791836e-09
102.54597222226205,18.525694444435132,4572,0.00019168983
102.87652777781766,18.48736111110179,4573,4.7412683e-05
102.84597222226209,18.68097222221293,4574,0.0010243887
102.55263888892873,18.541527777768465,4575,1.2050592e-06
102.80486111115098,18.45708333332401,4576,0.0002843273
102.87930555559544,18.46958333332401,4577,1.1380386e-09
102.78236111115098,18.433194444435117,4578,0.0039005133
102.51375000003982,18.66847222221293,4579,0.0010991257
102.47236111115093,18.57402777776847,4580,1.5812277e-11
102.44625000003981,18.69097222221293,4581,0.0034758304
102.48763888892871,18.413194444435113,4582,2.8778229e-09
102.47625000003983,18.515972222212906,4583,4.481543e-05
102.68597222226208,18.757916666657387,4584,0.00083838607
102.72680555559542,18.58041666665736,4585,7.8473485e-09
102.54652777781762,18.440972222212896,4586,8.132603e-05
102.42625000003981,18.695972222212934,4587,0.00022774652
102.54125000003984,18.65652777776848,4588,1.0923302e-08
102.75319444448431,18.675694444435152,4589,0.00010294293
102.44180555559538,18.418194444435116,4590,8.925838e-11
102.6756944444843,18.522361111101798,4591,6.43122e-09
102.59486111115095,18.527638888879576,4592,3.5972787e-09
102.78069444448431,18.41124999999067,4593,0.00016254552
102.59208333337317,18.663749999990706,4594,0.00022664777
102.88319444448433,18.636527777768478,4595,3.3352986e-05
102.57125000003984,18.672361111101818,4596,3.318731e-05
102.56013888892872,18.61513888887959,4597,2.8148705e-08
102.82708333337321,18.6287499999907,4598,4.68696e-05
102.8645833333732,18.409305555546226,4599,2.1025236e-05
102.83902777781765,18.676805555546263,4600,0.0040531433
102.60625000003984,18.604305555546254,4601,1.4389114e-09
102.85541666670655,18.391805555546224,4602,0.00019254202
102.47875000003982,18.749027777768497,4603,3.9417122e-05
102.53236111115095,18.579583333324027,4604,0.0007748824
102.64708333337317,18.401527777768447,4605,0.0002423132
102.49625000003982,18.71819444443516,4606,0.00012841393
102.41541666670648,18.633194444435144,4607,0.000107888154
102.53652777781761,18.58180555554625,4608,8.9513094e-05
102.7456944444843,18.67847222221293,4609,1.3953815e-09
102.84041666670655,18.416249999990672,4610,0.0007037628
102.44069444448427,18.745972222212938,4611,0.0018939121
102.71597222226208,18.70791666665738,4612,0.01336939
102.53125000003983,18.49791666665735,4613,8.28146e-05
102.69847222226207,18.679027777768486,4614,0.08027751
102.73291666670653,18.628194444435145,4615,4.781264e-05
102.72041666670653,18.62208333332403,4616,1.2401171e-05
102.64125000003985,18.447361111101785,4617,4.3529824e-09
102.42097222226204,18.691805555546264,4618,0.00035457
102.53736111115094,18.686527777768486,4619,8.035567e-09
102.50680555559538,18.456805555546232,4620,6.876023e-05
102.58708333337317,18.48763888887957,4621,2.428163e-09
102.4590277778176,18.53597222221291,4622,3.0070474e-05
102.76597222226208,18.619027777768476,4623,0.004388078
102.89180555559544,18.62097222221292,4624,0.0015852564
102.73625000003986,18.758194444435162,4625,0.0013142431
102.47013888892872,18.525416666657353,4626,4.139051e-05
102.87986111115099,18.424583333324005,4627,0.00014846344
102.70402777781763,18.407361111101782,4628,0.00021747916
102.7995833333732,18.624583333324033,4629,0.00029496124
102.48541666670648,18.55513888887958,4630,9.094651e-06
102.42291666670648,18.721527777768493,4631,0.00015153918
102.5329166667065,18.687083333324043,4632,8.742663e-09
102.77652777781765,18.537638888879577,4633,8.5368096e-10
102.67902777781762,18.405972222212892,4634,0.0001925467
102.71680555559541,18.530416666657352,4635,2.1213333e-09
102.90569444448433,18.515972222212906,4636,4.3736658e-05
102.69486111115097,18.662638888879595,4637,6.444684e-05
102.77930555559541,18.41291666665734,4638,0.00023759219
102.902361111151,18.582361111101804,4639,0.0003001834
102.53263888892872,18.635972222212924,4640,5.03619e-09
102.47930555559537,18.634305555546256,4641,5.200101e-05
102.8370833333732,18.57263888887958,4642,0.00013147746
102.56736111115094,18.676249999990706,4643,8.7471664e-05
102.86180555559544,18.721527777768493,4644,0.021896753
102.43652777781759,18.53097222221291,4645,1.9065535e-10
102.45319444448427,18.64013888887959,4646,3.217569e-05
102.58236111115095,18.432638888879563,4647,7.642704e-06
102.58680555559539,18.51152777776846,4648,9.1707575e-10
102.70208333337318,18.67347222221293,4649,0.00026914655
102.72513888892874,18.564305555546248,4650,6.640778e-10
102.79569444448431,18.427083333324006,4651,0.0053382646
102.7495833333732,18.509861111101795,4652,0.00021074867
102.70597222226208,18.591527777768473,4653,1.301502e-09
102.86958333337321,18.660972222212926,4654,4.1160234e-05
102.81263888892876,18.687638888879597,4655,6.316636e-05
102.83680555559543,18.57902777776847,4656,4.873088e-05
102.54958333337316,18.741527777768493,4657,0.00018142383
102.61263888892873,18.560694444435136,4658,4.9689547e-10
102.85402777781765,18.40986111110178,4659,0.0012300055
102.78541666670654,18.443194444435118,4660,0.0020272834
102.8620833333732,18.76736111110183,4661,0.00018161502
102.8320833333732,18.48652777776846,4662,0.00012864431
102.49263888892871,18.50680555554624,4663,3.3889235e-06
102.66402777781762,18.46986111110179,4664,7.1046253e-09
102.6806944444843,18.53097222221291,4665,7.5938983e-10
102.87263888892876,18.49791666665735,4666,2.611401e-05
102.81597222226209,18.456805555546232,4667,1.3417111e-05
102.6731944444843,18.58013888887958,4668,9.643673e-10
102.74125000003986,18.561805555546247,4669,1.4853112e-08
102.74763888892875,18.75847222221294,4670,0.0015699122
102.83347222226209,18.48791666665735,4671,0.0010265188
102.47180555559538,18.43791666665734,4672,1.1041141e-05
102.4240277778176,18.7690277777685,4673,4.1812098e-05
102.87430555559544,18.42124999999067,4674,4.1305208e-05
102.55347222226206,18.526805555546243,4675,0.000660739
102.76097222226208,18.600694444435142,4676,0.00019629116
102.55458333337317,18.532638888879575,4677,8.657025e-08
102.68902777781763,18.517916666657353,4678,1.6773363e-09
102.87763888892877,18.7690277777685,4679,2.3835639e-05
102.84319444448433,18.514861111101794,4680,4.5743065e-05
102.44986111115092,18.54097222221291,4681,2.2183598e-05
102.70375000003986,18.695972222212934,4682,3.0143912e-05
102.87569444448432,18.466805555546234,4683,6.491475e-06
102.47180555559538,18.641249999990702,4684,3.2252974e-09
102.90513888892878,18.447916666657342,4685,0.00010716755
102.77236111115097,18.587638888879585,4686,2.1788232e-05
102.51458333337317,18.53874999999069,4687,3.1491232e-05
102.90125000003988,18.595972222212918,4688,1.3582217e-05
102.71791666670653,18.634861111101813,4689,3.777464e-05
102.46069444448426,18.432361111101784,4690,5.9595263e-06
102.49291666670649,18.450138888879565,4691,2.4124022e-10
102.89930555559543,18.50513888887957,4692,3.8296042e-05
102.67402777781763,18.52180555554624,4693,3.7927665e-09
102.81819444448432,18.680138888879597,4694,0.0012440439
102.72208333337319,18.604305555546254,4695,6.5167886e-05
102.6079166667065,18.746249999990717,4696,1.1478147e-05
102.52569444448427,18.40986111110178,4697,3.8295053e-10
102.72013888892874,18.573749999990692,4698,4.4965984e-10
102.71125000003985,18.610694444435143,4699,0.000108509004
102.45069444448426,18.52819444443513,4700,0.0011305782
102.56069444448428,18.51402777776846,4701,0.0011744723
102.54236111115094,18.595138888879585,4702,4.4279856e-05
102.55819444448427,18.416527777768447,4703,7.194557e-10
102.857361111151,18.470138888879568,4704,0.00027440378
102.83541666670654,18.722361111101826,4705,0.0007156447
102.62847222226206,18.729305555546272,4706,0.00031256527
102.77902777781765,18.46180555554623,4707,0.0001361796
102.72875000003985,18.68236111110182,4708,1.743518e-05
102.69958333337318,18.439583333324006,4709,0.00045960498
102.869861111151,18.602916666657364,4710,4.4050023e-05
102.71236111115097,18.654861111101816,4711,3.2202588e-10
102.69958333337318,18.459861111101787,4712,0.0016223489
102.52708333337316,18.583749999990694,4713,0.00012970275
102.69402777781764,18.667916666657373,4714,5.4382966e-05
102.52402777781761,18.587361111101806,4715,5.7371733e-05
102.86013888892876,18.67458333332404,4716,0.0001451363
102.57902777781761,18.550972222212913,4717,7.893961e-08
102.72875000003985,18.410694444435116,4718,0.0009630119
102.69486111115097,18.60569444443514,4719,3.8354697e-09
102.65013888892874,18.419583333324006,4720,3.1156964e-05
102.69097222226208,18.61986111110181,4721,2.253858e-10
102.5879166667065,18.49624999999068,4722,5.3959184e-09
102.83236111115099,18.632083333324033,4723,5.4526372e-05
102.72125000003986,18.717083333324048,4724,0.0015644187
102.89541666670655,18.476527777768457,4725,2.697959e-10
102.53263888892872,18.730416666657383,4726,1.5040567e-09
102.63069444448429,18.583472222212915,4727,5.395918e-10
102.87180555559543,18.446527777768452,4728,1.0491928e-05
102.88625000003988,18.429583333324004,4729,8.4456515e-05
102.63152777781762,18.462916666657343,4730,4.856326e-09
102.82541666670654,18.45958333332401,4731,7.187287e-05
102.78680555559542,18.614305555546252,4732,0.003976445
102.45763888892871,18.40097222221289,4733,6.634453e-10
102.86569444448432,18.468749999990678,4734,3.183235e-10
102.81430555559542,18.51041666665735,4735,0.00012466982
102.87680555559544,18.480694444435123,4736,0.0003653981
102.62236111115095,18.534027777768465,4737,8.453605e-09
102.81263888892876,18.6237499999907,4738,0.030659897
102.61486111115096,18.534027777768465,4739,2.9677547e-09
102.42680555559537,18.745138888879605,4740,0.0006946887
102.73430555559541,18.573472222212914,4741,9.0991337e-10
102.89319444448432,18.40374999999067,4742,0.0003131488
102.81680555559542,18.691805555546264,4743,0.00057348685
102.69930555559542,18.610138888879586,4744,1.7653558e-10
102.72763888892875,18.433472222212895,4745,0.00010546557
102.68791666670651,18.530138888879577,4746,7.5938605e-10
102.83152777781766,18.695416666657376,4747,0.00045314903
102.52958333337317,18.582361111101804,4748,0.010166217
102.85013888892877,18.693472222212932,4749,0.052427925
102.8534722222621,18.42513888887956,4750,6.3077e-05
102.47791666670649,18.399861111101778,4751,9.335577e-05
102.81291666670654,18.719861111101824,4752,0.0014074086
102.83680555559543,18.644305555546257,4753,4.091507e-05
102.72375000003986,18.516527777768463,4754,9.339386e-05
102.53958333337316,18.711249999990713,4755,8.4122637e-10
102.67041666670652,18.713194444435157,4756,0.002768463
102.80486111115098,18.462916666657343,4757,0.00020234697
102.68541666670652,18.7001388888796,4758,0.000109072294
102.61263888892873,18.62208333332403,4759,0.0001075093
102.68263888892874,18.44041666665734,4760,0.00311989
102.71847222226208,18.597361111101808,4761,1.48620875e-05
102.58458333337317,18.68069444443515,4762,7.025954e-05
102.69902777781763,18.559027777768467,4763,1.6154252e-09
102.68041666670652,18.73930555554627,4764,0.0002277859
102.85291666670655,18.714861111101825,4765,0.00023407095
102.61597222226206,18.648749999990702,4766,1.2590475e-09
102.88208333337322,18.63902777776848,4767,9.574792e-05
102.87569444448432,18.701805555546265,4768,0.00037073347
102.66291666670652,18.415416666657336,4769,1.7670081e-05
102.80736111115098,18.5448611111018,4770,9.0920075e-05
102.46319444448426,18.520138888879575,4771,0.00042644923
102.76680555559543,18.48263888887957,4772,0.00039520356
102.42069444448425,18.727361111101825,4773,6.1413244e-05
102.5754166667065,18.523749999990685,4774,2.0240915e-08
102.54736111115095,18.441249999990674,4775,2.8440018e-05
102.81930555559542,18.432083333324005,4776,0.04351647
102.56930555559539,18.520138888879575,4777,4.3167345e-09
102.50736111115094,18.70152777776849,4778,0.00010353182
102.59875000003984,18.423194444435115,4779,4.1546948e-05
102.72597222226209,18.557916666657356,4780,3.7770603e-10
102.41708333337314,18.4709722222129,4781,3.3887636e-06
102.81319444448431,18.497361111101792,4782,3.6748726e-05
102.78902777781765,18.653749999990705,4783,0.0002068812
102.68625000003985,18.636527777768478,4784,6.1153735e-09
102.71680555559541,18.49374999999068,4785,0.0005448986
102.89041666670654,18.72402777776849,4786,0.002003259
102.71875000003986,18.72458333332405,4787,0.00057185383
102.46319444448426,18.52347222221291,4788,0.00013640085
102.74152777781764,18.498194444435125,4789,0.004104311
102.66791666670652,18.74069444443516,4790,0.002859867
102.75041666670653,18.42624999999067,4791,0.00031737398
102.78875000003987,18.395416666657333,4792,0.00040799743
102.46597222226204,18.45708333332401,4793,3.1001015e-05
102.66125000003984,18.57013888887958,4794,3.7523937e-10
102.88513888892876,18.669861111101817,4795,0.00023425378
102.52541666670649,18.57263888887958,4796,0.00043667437
102.54097222226206,18.603749999990697,4797,0.00046609214
102.69986111115097,18.7101388888796,4798,0.00063329656
102.82013888892877,18.56374999999069,4799,6.998958e-05
102.69486111115097,18.70624999999071,4800,0.0010178268
102.51236111115094,18.697083333324045,4801,7.5944634e-05
102.42736111115093,18.55874999999069,4802,3.2635813e-05
102.7031944444843,18.609027777768475,4803,8.7963214e-10
102.46069444448426,18.42513888887956,4804,3.8968254e-05
102.63791666670652,18.750416666657383,4805,0.025594754
102.64152777781763,18.49013888887957,4806,6.777688e-06
102.86291666670654,18.42402777776845,4807,0.0001593518
102.55986111115095,18.63013888887959,4808,3.0486937e-08
102.41513888892871,18.4859722222129,4809,3.1550462e-06
102.60736111115095,18.516249999990684,4810,2.2927484e-10
102.44486111115093,18.668749999990705,4811,4.7350677e-05
102.67680555559541,18.39736111110178,4812,0.0005664023
102.42486111115093,18.534861111101797,4813,3.497284e-06
102.68458333337318,18.42736111110178,4814,0.0007967757
102.54513888892872,18.507638888879573,4815,0.0003534262
102.5204166667065,18.44541666665734,4816,4.766131e-06
102.46736111115094,18.468749999990678,4817,0.00020870926
102.63319444448429,18.42624999999067,4818,0.0005091976
102.67847222226207,18.719861111101824,4819,8.944126e-05
102.84541666670654,18.741249999990718,4820,0.00040429473
102.6329166667065,18.60486111110181,4821,1.6121174e-08
102.78791666670654,18.70124999999071,4822,0.0076988814
102.58069444448428,18.389305555546223,4823,6.2000177e-06
102.70236111115096,18.469305555546235,4824,0.00014388537
102.5368055555954,18.618472222212922,4825,7.644217e-09
102.77847222226208,18.561527777768468,4826,0.00052352383
102.90291666670655,18.507361111101794,4827,1.5214202e-07
102.44819444448426,18.575694444435136,4828,4.5688637e-05
102.83263888892876,18.441527777768453,4829,8.265602e-05
102.43625000003982,18.435694444435118,4830,6.531535e-05
102.77375000003987,18.429861111101783,4831,0.31399995
102.68208333337319,18.51541666665735,4832,9.903874e-10
102.81930555559542,18.6901388888796,4833,0.002556535
102.79930555559542,18.443749999990676,4834,0.0028039496
102.7731944444843,18.75986111110183,4835,0.000569353
102.90597222226211,18.416249999990672,4836,7.4089694e-05
102.61125000003985,18.535416666657355,4837,8.110985e-08
102.66402777781762,18.413472222212892,4838,0.0002709667
102.57569444448428,18.51180555554624,4839,3.6872105e-09
102.79291666670653,18.697083333324045,4840,0.06510115
102.66069444448429,18.735138888879604,4841,0.0012491386
102.6329166667065,18.42791666665734,4842,0.00036328688
102.4540277778176,18.434305555546228,4843,1.4693831e-05
102.53847222226206,18.50291666665735,4844,9.669474e-05
102.67458333337318,18.670972222212928,4845,0.00031399075
102.53986111115094,18.58319444443514,4846,0.0008006
102.63375000003984,18.611805555546255,4847,1.6086556e-10
102.60597222226207,18.477916666657347,4848,4.741017e-10
102.70402777781763,18.72458333332405,4849,0.00020260044
102.51458333337317,18.523749999990685,4850,2.831878e-05
102.45208333337315,18.629583333324035,4851,7.4451373e-10
102.49013888892871,18.56263888887958,4852,1.9022e-05
102.43375000003982,18.66458333332404,4853,0.00026441683
102.67125000003985,18.450972222212897,4854,0.0009714114
102.7031944444843,18.600416666657363,4855,9.2167936e-09
102.85041666670654,18.64763888887959,4856,8.660026e-05
102.7845833333732,18.646249999990705,4857,0.00031848872
102.86152777781766,18.53819444443513,4858,1.3279525e-09
102.90291666670655,18.389305555546223,4859,3.1663308e-09
102.47847222226204,18.68069444443515,4860,0.00021321603
102.58402777781761,18.68069444443515,4861,1.2746188e-05
102.69902777781763,18.684583333324042,4862,0.0003847067
102.7995833333732,18.679305555546264,4863,0.00062243995
102.58486111115094,18.599027777768473,4864,9.805058e-10
102.74402777781764,18.671527777768485,4865,0.022460228
102.50097222226205,18.542638888879576,4866,5.3614885e-10
102.8345833333732,18.41013888887956,4867,0.00015790481
102.74402777781764,18.401805555546225,4868,5.8932394e-05
102.897361111151,18.695972222212934,4869,0.0016078037
102.6906944444843,18.489583333324013,4870,0.000120322904
102.63513888892874,18.509583333324017,4871,1.0432166e-09
102.89013888892877,18.570972222212916,4872,0.17840798
102.62125000003984,18.39486111110178,4873,0.027491948
102.71458333337318,18.73208333332405,4874,0.0011172055
102.60347222226206,18.547916666657358,4875,3.794366e-10
102.5643055555954,18.52458333332402,4876,8.0938767e-10
102.7456944444843,18.52180555554624,4877,0.0002629528
102.87180555559543,18.62986111110181,4878,0.5838717
102.68097222226207,18.755694444435164,4879,0.013175075
102.6406944444843,18.498749999990682,4880,4.7770343e-10
102.6318055555954,18.636249999990703,4881,5.245319e-09
102.43958333337315,18.484027777768457,4882,1.1461721e-05
102.84486111115099,18.709861111101823,4883,0.08651834
102.62541666670651,18.65541666665737,4884,8.0938767e-10
102.69013888892874,18.564305555546248,4885,1.50673995e-05
102.65069444448429,18.69097222221293,4886,9.587466e-05
102.57458333337317,18.644583333324036,4887,0.00019320198
102.44291666670648,18.619027777768476,4888,0.00046836882
102.85208333337322,18.58680555554625,4889,0.0022127656
102.78986111115098,18.65180555554626,4890,7.594849e-05
102.53458333337316,18.717083333324048,4891,7.194557e-10
102.47597222226204,18.648472222212927,4892,6.4179876e-05
102.66458333337319,18.4534722222129,4893,1.6637158e-07
102.68347222226207,18.55624999999069,4894,4.2268025e-09
102.59597222226206,18.634861111101813,4895,4.6309215e-05
102.56125000003983,18.497361111101792,4896,0.002796376
102.81847222226209,18.62097222221292,4897,0.00049651525
102.52180555559538,18.6162499999907,4898,2.1513853e-05
102.54486111115094,18.676805555546263,4899,1.684176e-10
102.5479166667065,18.509583333324017,4900,4.56984e-05
102.78513888892876,18.552916666657357,4901,9.820722e-05
102.6318055555954,18.49541666665735,4902,9.483003e-10
102.46208333337316,18.524027777768463,4903,3.6388472e-05
102.57236111115094,18.389027777768444,4904,0.00018676312
102.46930555559538,18.736249999990715,4905,0.0006577974
102.74041666670652,18.487083333324016,4906,0.00015667947
102.6443055555954,18.74986111110183,4907,0.005135783
102.79791666670654,18.4534722222129,4908,0.00016145331
102.64097222226206,18.70652777776849,4909,0.0032596705
102.61041666670651,18.65680555554626,4910,8.5435365e-09
102.45736111115093,18.707083333324046,4911,6.8637746e-05
102.49791666670649,18.62208333332403,4912,0.00012285299
102.56597222226206,18.528749999990687,4913,6.715277e-08
102.50430555559538,18.467361111101788,4914,0.0016356576
102.69597222226207,18.414305555546225,4915,6.568977e-05
102.85208333337322,18.585416666657363,4916,0.00064751
102.65152777781762,18.43541666665734,4917,0.00032584034
102.60625000003984,18.440694444435117,4918,4.3555232e-05
102.66402777781762,18.531527777768463,4919,1.0167042e-10
102.5204166667065,18.59097222221292,4920,0.0013421616
102.43958333337315,18.59041666665736,4921,8.715313e-05
102.63069444448429,18.685972222212932,4922,1.6842411e-10
102.89819444448433,18.75847222221294,4923,0.00023160559
102.84291666670654,18.513472222212908,4924,9.823484e-06
102.85902777781766,18.667638888879594,4925,0.014413435
102.84986111115099,18.537916666657356,4926,6.998138e-11
102.44291666670648,18.6337499999907,4927,0.00011400621
102.5415277778176,18.72319444443516,4928,3.923536e-10
102.86791666670655,18.7051388888796,4929,0.0014154312
102.53902777781761,18.513472222212908,4930,0.0003105973
102.76875000003986,18.53874999999069,4931,6.6397843e-10
102.64902777781762,18.522916666657352,4932,1.3464706e-09
102.89208333337321,18.672638888879597,4933,0.0014169231
102.78291666670653,18.531805555546242,4934,0.00070251303
102.54375000003984,18.74208333332405,4935,0.00011391368
102.42819444448426,18.703749999990713,4936,0.31507164
102.48375000003982,18.768472222212942,4937,0.0010267256
102.54208333337317,18.460416666657345,4938,1.9570653e-05
102.55152777781761,18.433472222212895,4939,7.4943373e-06
102.77680555559542,18.460416666657345,4940,0.0005700003
102.61347222226206,18.389027777768444,4941,7.142692e-05
102.44625000003981,18.387083333324,4942,4.652873e-05
102.80986111115098,18.664861111101818,4943,0.00012597522
102.84291666670654,18.638194444435147,4944,0.0004571945
102.72486111115097,18.585416666657363,4945,1.1765573e-09
102.80069444448431,18.725138888879602,4946,0.0015273063
102.90291666670655,18.399305555546224,4947,1.5796166e-10
102.69319444448429,18.705694444435156,4948,0.0004719254
102.80763888892876,18.689027777768487,4949,0.00035528303
102.46263888892871,18.452361111101787,4950,0.00074336736
102.79319444448431,18.752638888879606,4951,0.0007978682
102.76430555559541,18.401805555546225,4952,2.098409e-05
102.82930555559543,18.68097222221293,4953,0.00020494699
102.79041666670653,18.769861111101832,4954,0.00010654671
102.61208333337318,18.672638888879597,4955,1.0162313e-08
102.46875000003982,18.764027777768497,4956,9.6587224e-05
102.49208333337316,18.48736111110179,4957,2.1116331e-05
102.87680555559544,18.42013888887956,4958,0.00016115002
102.46402777781759,18.508472222212905,4959,0.0012582424
102.57680555559539,18.679305555546264,4960,0.00022183234
102.7881944444843,18.525416666657353,4961,0.00011312924
102.8220833333732,18.56263888887958,4962,0.00024287902
102.60986111115095,18.502083333324016,4963,4.434201e-05
102.49013888892871,18.74069444443516,4964,4.5886638e-05
102.57763888892873,18.490416666657346,4965,1.293014e-07
102.90680555559544,18.511249999990685,4966,0.00011821903
102.58708333337317,18.676527777768484,4967,0.00013127446
102.51680555559538,18.42013888887956,4968,2.4508895e-09
102.66708333337318,18.695416666657376,4969,0.00083602284
102.50708333337316,18.62236111110181,4970,0.00015578973
102.43013888892871,18.447916666657342,4971,6.267851e-05
102.69291666670652,18.593749999990695,4972,1.649259e-10
102.65263888892873,18.57291666665736,4973,3.0637284e-09
102.87180555559543,18.765416666657387,4974,0.00036572333
102.86513888892877,18.420694444435114,4975,0.000104127044
102.58013888892873,18.510138888879574,4976,4.406666e-09
102.45625000003982,18.441805555546228,4977,2.166954e-05
102.79375000003986,18.423472222212894,4978,0.0007863765
102.49430555559537,18.429861111101783,4979,1.2061872e-09
102.72402777781764,18.577361111101805,4980,1.3489796e-09
102.8145833333732,18.595972222212918,4981,0.0004967356
102.7081944444843,18.747638888879607,4982,4.0580213e-05
102.57125000003984,18.74236111110183,4983,0.00018491
102.69847222226207,18.718749999990713,4984,0.00024084603
102.54125000003984,18.550138888879577,4985,0.0003766979
102.52180555559538,18.743749999990715,4986,6.998224e-06
102.80875000003986,18.612916666657366,4987,0.00016268968
102.44430555559538,18.724861111101827,4988,0.017227713
102.63402777781762,18.566805555546246,4989,6.228582e-08
102.71236111115097,18.583472222212915,4990,4.0671647e-10
102.83819444448432,18.47986111110179,4991,0.00062820653
102.6668055555954,18.553194444435135,4992,1.3071576e-10
102.86263888892877,18.56374999999069,4993,0.00049908564
102.85041666670654,18.600138888879584,4994,3.850497e-05
102.67819444448429,18.698194444435156,4995,0.0007742031
102.6443055555954,18.73208333332405,4996,7.691013e-05
102.63486111115095,18.493472222212905,4997,1.991408e-09
102.80819444448431,18.694861111101822,4998,0.00013546628
102.82680555559543,18.755694444435164,4999,9.7509976e-05
102.50013888892872,18.413472222212892,5000,6.777026e-06
102.81986111115098,18.40486111110178,5001,0.00024305366
102.52097222226205,18.7665277777685,5002,6.0561375e-05
102.4551388889287,18.736527777768494,5003,8.787805e-05
102.8734722222621,18.701805555546265,5004,3.3897628e-05
102.42236111115092,18.727638888879603,5005,7.444535e-05
102.64097222226206,18.634583333324034,5006,2.0020522e-08
102.63513888892874,18.69097222221293,5007,5.4794673e-05
102.48541666670648,18.4859722222129,5008,4.7660556e-06
102.66652777781762,18.696527777768488,5009,0.002351754
102.8209722222621,18.41124999999067,5010,0.0006999509
102.70986111115097,18.671527777768485,5011,7.916081e-05
102.53458333337316,18.698194444435156,5012,2.6613869e-05
102.63625000003985,18.576805555546247,5013,1.6367618e-08
102.56263888892872,18.492361111101793,5014,0.0052133207
102.80625000003987,18.644583333324036,5015,0.00048001253
102.83069444448432,18.46458333332401,5016,8.0261045e-05
102.78041666670653,18.743749999990715,5017,0.0059229876
102.87513888892877,18.674027777768487,5018,0.0010017047
102.5279166667065,18.42124999999067,5019,6.775904e-06
102.64541666670651,18.499305555546236,5020,3.9916536e-05
102.82013888892877,18.754027777768496,5021,0.00013504113
102.46097222226204,18.58958333332403,5022,1.43110265e-05
102.81263888892876,18.458749999990676,5023,8.598548e-05
102.72625000003985,18.44541666665734,5024,0.0005456616
102.42847222226204,18.479583333324012,5025,4.352387e-06
102.56069444448428,18.42902777776845,5026,6.4948904e-06
102.77375000003987,18.407638888879557,5027,6.977114e-05
102.76180555559542,18.663749999990706,5028,0.00030730708
102.7031944444843,18.68486111110182,5029,0.0010339834
102.887361111151,18.572083333324027,5030,0.00058732304
102.46819444448427,18.728472222212936,5031,0.00011844407
102.86236111115099,18.515138888879573,5032,0.007633619
102.52986111115094,18.687083333324043,5033,1.6495591e-10
102.8645833333732,18.48513888887957,5034,0.00026354642
102.43847222226204,18.681805555546262,5035,3.098244e-05
102.57375000003984,18.707083333324046,5036,5.1714447e-05
102.8020833333732,18.761527777768496,5037,0.0046276296
102.6293055555954,18.66541666665737,5038,3.6872105e-09
102.51069444448427,18.534027777768465,5039,5.6105278e-06
102.6068055555954,18.674305555546262,5040,6.2952377e-10
102.7795833333732,18.396527777768444,5041,8.447731e-06
102.70263888892875,18.407083333324003,5042,0.015711643
102.51013888892872,18.497083333324014,5043,4.356464e-06
102.79625000003986,18.478194444435125,5044,2.033243e-05
102.8409722222621,18.6901388888796,5045,0.00062066835
102.71402777781763,18.563472222212912,5046,0.0019496821
102.77263888892875,18.618749999990698,5047,0.016712595
102.75402777781764,18.418194444435116,5048,0.00011160194
102.79291666670653,18.534305555546243,5049,2.2764381e-09
102.60236111115096,18.659027777768483,5050,5.593768e-08
102.53569444448428,18.69736111110182,5051,1.5256946e-05
102.70097222226208,18.720138888879603,5052,0.0005595958
102.86152777781766,18.57319444443514,5053,2.9988092e-05
102.5604166667065,18.755138888879607,5054,0.00069715985
102.90625000003989,18.56652777776847,5055,9.3002964e-05
102.6518055555954,18.459861111101787,5056,7.1046253e-09
102.72930555559542,18.418472222212895,5057,0.0033765093
102.8834722222621,18.497083333324014,5058,0.0007833067
102.48319444448427,18.692083333324042,5059,0.0003276908
102.6543055555954,18.480416666657348,5060,3.4551478e-05
102.83791666670653,18.597916666657362,5061,9.950991e-06
102.62486111115095,18.552916666657357,5062,1.6092011e-10
102.47986111115094,18.43541666665734,5063,5.603521e-06
102.77597222226208,18.42624999999067,5064,2.6558899e-05
102.85513888892876,18.704861111101824,5065,0.0017809761
102.64958333337319,18.6137499999907,5066,9.48958e-10
102.60708333337317,18.48736111110179,5067,2.0392174e-10
102.81125000003988,18.711805555546267,5068,0.0022287676
102.43263888892871,18.579861111101806,5069,8.992427e-06
102.65402777781763,18.423749999990672,5070,0.0007560113
102.61152777781761,18.67319444443515,5071,9.532789e-09
102.56986111115094,18.70736111110182,5072,4.5957477e-10
102.56930555559539,18.75069444443516,5073,0.00053779245
102.51319444448427,18.59208333332403,5074,0.0035517782
102.86152777781766,18.767083333324052,5075,1.6445892e-05
102.82069444448432,18.619305555546255,5076,0.00029048268
102.66708333337318,18.68236111110182,5077,0.0046247127
102.79875000003987,18.480416666657348,5078,4.586117e-05
102.81652777781765,18.4859722222129,5079,8.4860156e-05
102.63625000003985,18.429583333324004,5080,0.0029771524
102.90652777781766,18.569305555546247,5081,5.0127135e-05
102.44347222226205,18.5623611111018,5082,3.1607212e-06
102.88013888892877,18.525138888879574,5083,0.0047350046
102.47958333337316,18.71930555554627,5084,0.00023742982
102.74736111115097,18.641249999990702,5085,0.00024844857
102.42986111115093,18.500972222212905,5086,6.9968787e-06
102.7320833333732,18.521249999990687,5087,7.098677e-05
102.43986111115093,18.712916666657378,5088,0.00032740805
102.77597222226208,18.4684722222129,5089,0.00072932435
102.6818055555954,18.619583333324034,5090,7.1046253e-09
102.62791666670651,18.652083333324036,5091,4.5865303e-09
102.89375000003989,18.551249999990688,5092,9.656406e-05
102.4715277778176,18.712638888879603,5093,0.0010386837
102.62597222226206,18.738749999990716,5094,0.0002085028
102.71875000003986,18.586249999990695,5095,8.539242e-10
102.89291666670655,18.519861111101797,5096,0.00074565713
102.47680555559538,18.39736111110178,5097,2.1762664e-06
102.87375000003988,18.524305555546242,5098,0.0009912087
102.90041666670655,18.701805555546265,5099,0.00015744849
102.79152777781765,18.564583333324023,5100,1.7658953e-05
102.86430555559544,18.58180555554625,5101,3.1476175e-05
102.77652777781765,18.459305555546234,5102,8.746624e-05
102.5029166667065,18.491249999990682,5103,0.0005590677
102.88180555559543,18.64930555554626,5104,0.00033834597
102.65513888892873,18.62486111110181,5105,1.1286781e-08
102.77291666670654,18.684027777768485,5106,0.00015719468
102.74652777781763,18.739861111101828,5107,0.00012420527
102.67263888892874,18.648749999990702,5108,0.00035018875
102.4126388889287,18.75097222221294,5109,0.048791174
102.6204166667065,18.476805555546235,5110,1.9602742e-10
102.43236111115093,18.41236111110178,5111,0.00013789155
102.54680555559538,18.642638888879592,5112,4.406666e-09
102.57430555559539,18.40236111110178,5113,0.0012891244
102.7118055555954,18.560138888879578,5114,2.456908e-05
102.49763888892872,18.60763888887959,5115,0.0015557858
102.49152777781761,18.45430555554623,5116,2.2977302e-10
102.4965277778176,18.57791666665736,5117,2.872563e-05
102.44097222226203,18.508749999990684,5118,1.2733504e-05
102.77347222226209,18.39597222221289,5119,8.667135e-05
102.42430555559537,18.655138888879595,5120,0.00021176098
102.77986111115098,18.46236111110179,5121,0.00031250983
102.68708333337318,18.597638888879587,5122,3.2875302e-10
102.90152777781766,18.458749999990676,5123,0.010546097
102.62069444448429,18.7690277777685,5124,0.0008110195
102.82319444448432,18.709583333324044,5125,0.00020997955
102.8084722222621,18.73708333332405,5126,0.00021813012
102.78152777781764,18.41402777776845,5127,0.12766382
102.81402777781764,18.587083333324028,5128,0.0003036215
102.58847222226206,18.768472222212942,5129,9.890312e-05
102.77375000003987,18.71402777776849,5130,0.0003322504
102.45458333337315,18.540416666657354,5131,1.3365274e-05
102.67708333337319,18.55763888887958,5132,1.6187753e-08
102.5290277778176,18.510694444435128,5133,0.00016657417
102.5704166667065,18.621527777768478,5134,3.6872105e-09
102.58597222226206,18.389027777768444,5135,2.3277425e-07
102.74402777781764,18.396805555546223,5136,6.9867556e-06
102.65097222226207,18.432916666657338,5137,0.00012837032
102.50930555559538,18.526527777768464,5138,5.550195e-05
102.68708333337318,18.684583333324042,5139,0.00020240611
102.8509722222621,18.703749999990713,5140,0.00047086683
102.84875000003987,18.635416666657367,5141,0.00028205587
102.8509722222621,18.55374999999069,5142,2.5363435e-05
102.67013888892873,18.710972222212934,5143,0.0002936137
102.89319444448432,18.465138888879565,5144,8.943568e-05
102.67652777781763,18.445972222212898,5145,9.528342e-05
102.90013888892877,18.397083333324,5146,0.0009025836
102.8095833333732,18.40624999999067,5147,0.0015534732
102.47875000003982,18.733749999990717,5148,5.708034e-05
102.42180555559537,18.72569444443516,5149,0.00038966595
102.61847222226207,18.64680555554626,5150,6.2952377e-10
102.7731944444843,18.645972222212926,5151,0.00024322596
102.57208333337317,18.522638888879573,5152,1.9515237e-08
102.5015277778176,18.551527777768467,5153,3.4397828e-05
102.70347222226208,18.661249999990705,5154,4.6347417e-05
102.4515277778176,18.614027777768477,5155,3.8337962e-08
102.56819444448428,18.39597222221289,5156,5.42732e-05
102.8659722222621,18.537638888879577,5157,2.5941137e-05
102.53819444448428,18.441249999990674,5158,4.7312674e-06
102.90208333337321,18.702361111101823,5159,0.00021322511
102.60736111115095,18.416249999990672,5160,2.5453217e-05
102.57347222226205,18.561527777768468,5161,1.1241496e-08
102.6793055555954,18.56374999999069,5162,4.3167345e-09
102.70375000003986,18.404583333324002,5163,0.0073386417
102.88902777781766,18.543472222212912,5164,0.00015496158
102.49680555559539,18.407361111101782,5165,4.344627e-06
102.64236111115096,18.576527777768472,5166,2.8462516e-10
102.48875000003983,18.706805555546268,5167,7.918005e-05
102.80236111115099,18.638194444435147,5168,0.001484661
102.59902777781761,18.48013888887957,5169,5.9355094e-09
102.77402777781764,18.678194444435153,5170,0.00013245482
102.90569444448433,18.49486111110179,5171,0.00061942433
102.69875000003985,18.600694444435142,5172,8.993197e-10
102.6354166667065,18.718472222212934,5173,4.1575433e-05
102.67625000003986,18.595972222212918,5174,1.8885713e-09
102.6329166667065,18.476527777768457,5175,4.4965984e-10
102.7745833333732,18.758194444435162,5176,0.00051641866
102.88291666670655,18.731527777768495,5177,2.3958315e-05
102.5029166667065,18.522638888879573,5178,0.0002506635
102.90541666670654,18.76486111110183,5179,0.00012409144
102.49763888892872,18.64902777776848,5180,0.0001784281
102.77263888892875,18.6062499999907,5181,0.0011061641
102.41430555559536,18.66069444443515,5182,0.00013855904
102.43597222226204,18.545138888879578,5183,4.4671033e-05
102.5368055555954,18.705694444435156,5184,1.7986393e-10
102.69013888892874,18.5498611111018,5185,1.6081979e-10
102.67791666670652,18.402916666657337,5186,0.00027218607
102.64013888892873,18.462916666657343,5187,5.3959184e-09
102.73736111115097,18.616805555546254,5188,0.00035597186
102.60486111115095,18.552638888879578,5189,2.4664057e-09
102.74791666670653,18.534305555546243,5190,5.395918e-10
102.83541666670654,18.44569444443512,5191,3.847919e-05
102.82319444448432,18.5298611111018,5192,0.00044216553
102.4990277778176,18.575138888879582,5193,0.0021111919
102.67097222226207,18.573749999990692,5194,6.3851693e-09
102.4240277778176,18.71541666665738,5195,0.0003631926
102.81625000003987,18.45069444443512,5196,0.0002810453
102.75847222226209,18.533194444435132,5197,3.7946826e-10
102.48041666670649,18.59208333332403,5198,2.1916347e-05
102.4865277778176,18.71402777776849,5199,0.0011415884
102.87291666670654,18.518194444435128,5200,0.00027667795
102.67430555559541,18.767083333324052,5201,0.00035810858
102.73402777781763,18.675694444435152,5202,1.644831e-10
102.42458333337315,18.60763888887959,5203,2.179017e-06
102.6443055555954,18.61986111110181,5204,1.7890195e-06
102.8145833333732,18.536527777768466,5205,3.868432e-05
102.72541666670652,18.426805555546228,5206,0.0005690598
102.72541666670652,18.6062499999907,5207,0.0018846996
102.79513888892876,18.49013888887957,5208,0.009191787
102.88458333337321,18.741527777768493,5209,0.0009901006
102.71541666670652,18.672916666657375,5210,2.8778229e-09
102.4765277778176,18.759305555546273,5211,5.039484e-05
102.8734722222621,18.516249999990684,5212,5.093631e-05
102.87041666670655,18.660138888879594,5213,0.00024964902
102.62208333337318,18.58208333332403,5214,0.00016658481
102.71986111115096,18.645138888879593,5215,0.00030637832
102.6956944444843,18.399305555546224,5216,3.354737e-05
102.81763888892876,18.482916666657346,5217,0.000112591246
102.85958333337321,18.61347222221292,5218,0.00012433516
102.50847222226204,18.456249999990675,5219,8.72302e-05
102.61402777781763,18.417916666657337,5220,4.050564e-05
102.4226388889287,18.42013888887956,5221,1.335882e-05
102.85875000003988,18.510694444435128,5222,0.00014884194
102.59458333337317,18.714583333324047,5223,0.00045762715
102.54041666670649,18.64930555554626,5224,1.9907413e-10
102.52736111115094,18.474583333324013,5225,0.00012766905
102.59541666670651,18.728749999990715,5226,0.00095478026
102.49736111115094,18.609027777768475,5227,1.3406244e-09
102.82541666670654,18.687916666657376,5228,0.00023573729
102.81291666670654,18.689027777768487,5229,8.0706275e-05
102.48513888892872,18.404027777768448,5230,5.528813e-05
102.70263888892875,18.74458333332405,5231,0.00014565699
102.44708333337316,18.620416666657366,5232,7.261091e-05
102.53847222226206,18.76763888887961,5233,9.17035e-05
102.6981944444843,18.5573611111018,5234,1.1067512e-10
102.82652777781765,18.64958333332404,5235,0.0008417039
102.43125000003981,18.56902777776847,5236,7.645059e-06
102.7606944444843,18.760694444435163,5237,0.0007426985
102.54180555559539,18.428472222212893,5238,8.492687e-05
102.41458333337314,18.490972222212903,5239,1.19421e-05
102.51680555559538,18.46958333332401,5240,2.3271792e-05
102.67819444448429,18.387916666657333,5241,0.0012947213
102.50708333337316,18.614027777768477,5242,5.1393057e-05
102.77930555559541,18.71930555554627,5243,0.0004347552
102.6968055555954,18.48791666665735,5244,0.025354177
102.51486111115094,18.53874999999069,5245,7.7464094e-05
102.84152777781765,18.56402777776847,5246,0.00036585383
102.67263888892874,18.617916666657365,5247,4.4746008e-05
102.56319444448428,18.67958333332404,5248,2.41917e-08
102.64097222226206,18.433194444435117,5249,0.00056189066
102.4965277778176,18.625416666657365,5250,1.798628e-05
102.42875000003981,18.74819444443516,5251,0.00020729889
102.77375000003987,18.6062499999907,5252,3.351516e-05
102.4401388889287,18.766805555546277,5253,6.2009276e-05
102.62097222226207,18.6312499999907,5254,0.0008625504
102.90486111115099,18.62986111110181,5255,2.0617239e-05
102.52069444448428,18.75708333332405,5256,9.831635e-05
102.55625000003984,18.4559722222129,5257,0.0012741482
102.50347222226205,18.56263888887958,5258,8.046266e-06
102.70097222226208,18.52069444443513,5259,2.2221415e-05
102.4740277778176,18.543194444435134,5260,2.6348345e-05
102.6443055555954,18.442361111101786,5261,1.0791836e-09
102.62375000003985,18.620138888879588,5262,1.3665507e-08
102.42875000003981,18.413194444435113,5263,4.289428e-05
102.64152777781763,18.70930555554627,5264,5.4384574e-05
102.41347222226203,18.503472222212906,5265,9.4868126e-05
102.61263888892873,18.718472222212934,5266,1.2590475e-09
102.74902777781764,18.422083333324004,5267,0.005642737
102.48625000003982,18.472916666657344,5268,0.0002765389
102.45708333337315,18.592638888879584,5269,6.988239e-05
102.73236111115096,18.499583333324015,5270,8.8683355e-06
102.58208333337318,18.55624999999069,5271,2.428163e-09
102.44208333337315,18.473194444435123,5272,6.3162384e-05
102.56958333337317,18.70041666665738,5273,0.0004973058
102.74819444448431,18.754861111101828,5274,0.0016505916
102.66597222226207,18.58208333332403,5275,5.2140752e-08
102.73291666670653,18.400416666657335,5276,0.00016730902
102.89513888892877,18.73180555554627,5277,0.00036879972
102.56875000003984,18.423472222212894,5278,1.2579517e-05
102.54458333337317,18.672916666657375,5279,3.0900096e-10
102.48736111115093,18.58013888887958,5280,3.703733e-05
102.4565277778176,18.466249999990676,5281,0.00012715501
102.77902777781765,18.550972222212913,5282,9.325409e-05
102.62013888892874,18.625972222212923,5283,1.6098672e-10
102.57402777781762,18.552916666657357,5284,2.0864215e-08
102.81597222226209,18.389583333324,5285,0.0006747714
102.49291666670649,18.567361111101803,5286,1.3071209e-05
102.88819444448433,18.70652777776849,5287,0.0042935633
102.60652777781762,18.754583333324053,5288,5.95453e-05
102.48569444448427,18.62486111110181,5289,2.1760413e-06
102.72041666670653,18.71152777776849,5290,0.0025360447
102.50819444448427,18.58180555554625,5291,0.0004097198
102.83791666670653,18.508749999990684,5292,0.00079538074
102.80625000003987,18.517916666657353,5293,0.0012485023
102.4390277778176,18.600138888879584,5294,0.00013143371
102.68680555559541,18.74347222221294,5295,0.0004409011
102.69736111115097,18.45208333332401,5296,0.000392025
102.60875000003985,18.750416666657383,5297,2.9786654e-05
102.44069444448427,18.41902777776845,5298,2.2948769e-05
102.63263888892874,18.391805555546224,5299,0.00014806575
102.43541666670649,18.63902777776848,5300,1.6839223e-05
102.69486111115097,18.456249999990675,5301,6.901786e-05
102.73097222226208,18.470138888879568,5302,0.000100057434
102.90208333337321,18.445972222212898,5303,0.00023000868
102.53486111115095,18.752916666657384,5304,5.486618e-10
102.77263888892875,18.49263888887957,5305,3.1660085e-05
102.55458333337317,18.73180555554627,5306,8.0541744e-05
102.59513888892873,18.387638888879554,5307,2.17742e-06
102.61486111115096,18.42736111110178,5308,1.3359234e-05
102.54513888892872,18.48013888887957,5309,6.361428e-05
102.7895833333732,18.743749999990715,5310,0.002484484
102.53263888892872,18.429861111101783,5311,0.00043772685
102.71930555559541,18.51180555554624,5312,0.00021342517
102.81541666670654,18.541527777768465,5313,7.421824e-08
102.69763888892874,18.637916666657368,5314,5.845578e-09
102.61263888892873,18.437361111101783,5315,1.1458813e-05
102.42486111115093,18.717083333324048,5316,0.000643366
102.59069444448428,18.522361111101798,5317,1.2458138e-08
102.90208333337321,18.720138888879603,5318,7.281454e-05
102.71680555559541,18.730138888879605,5319,0.001022492
102.89152777781766,18.50541666665735,5320,0.0017317486
102.77375000003987,18.42402777776845,5321,0.00057775504
102.42847222226204,18.610138888879586,5322,0.00042842707
102.87986111115099,18.401249999990668,5323,4.8953665e-05
102.56625000003983,18.4709722222129,5324,2.955423e-05
102.49708333337315,18.547916666657358,5325,4.3570246e-05
102.75652777781764,18.535416666657355,5326,8.0452166e-11
102.44680555559538,18.67847222221293,5327,0.0007617472
102.58375000003984,18.60763888887959,5328,1.7083259e-09
102.48875000003983,18.70652777776849,5329,0.00025810828
102.83541666670654,18.7076388888796,5330,0.00010539507
102.4765277778176,18.677638888879596,5331,0.00011557224
102.84069444448431,18.50291666665735,5332,8.399677e-05
102.81347222226209,18.517361111101796,5333,5.8455702e-05
102.57708333337317,18.64763888887959,5334,2.8330014e-05
102.67180555559541,18.540694444435132,5335,5.305986e-09
102.79986111115097,18.50513888887957,5336,0.0002895133
102.69736111115097,18.576805555546247,5337,5.0177907e-05
102.52097222226205,18.448749999990675,5338,8.041294e-06
102.64402777781763,18.517638888879574,5339,6.2952377e-10
102.78125000003986,18.625972222212923,5340,0.00015667871
102.6281944444843,18.73930555554627,5341,2.5362007e-05
102.42208333337315,18.410416666657337,5342,7.65839e-06
102.63041666670651,18.474027777768455,5343,1.2590475e-09
102.8209722222621,18.597916666657362,5344,5.0809966e-05
102.70347222226208,18.395416666657333,5345,0.011184302
102.5668055555954,18.475138888879567,5346,1.9019566e-05
102.76541666670653,18.620694444435145,5347,0.0002095053
102.82847222226209,18.38847222221289,5348,3.5972633e-05
102.73180555559541,18.70902777776849,5349,5.835146e-05
102.5140277778176,18.552638888879578,5350,0.00019635353
102.51263888892872,18.467916666657345,5351,5.478416e-05
102.56069444448428,18.695416666657376,5352,5.432849e-05
102.44291666670648,18.649861111101814,5353,0.0007697608
102.71208333337319,18.66708333332404,5354,3.8688322e-05
102.89319444448432,18.42013888887956,5355,1.1159778e-10
102.6443055555954,18.46486111110179,5356,7.914013e-09
102.81902777781765,18.5573611111018,5357,0.00020155357
102.83347222226209,18.42652777776845,5358,0.0001596101
102.4515277778176,18.441249999990674,5359,7.756324e-06
102.43152777781759,18.64152777776848,5360,6.933977e-05
102.51875000003983,18.520138888879575,5361,2.942356e-05
102.64013888892873,18.54097222221291,5362,2.3022583e-08
102.64875000003984,18.755138888879607,5363,9.273863e-05
102.64708333337317,18.39430555554622,5364,4.2222386e-05
102.62847222226206,18.485694444435126,5365,2.3230845e-05
102.86569444448432,18.428472222212893,5366,0.000379879
102.6118055555954,18.636527777768478,5367,4.3167345e-09
102.76236111115098,18.689305555546266,5368,0.00022540109
102.82902777781764,18.476249999990678,5369,0.002864768
102.43347222226204,18.65069444443515,5370,0.00095996587
102.78263888892876,18.713749999990714,5371,2.8871535e-05
102.8359722222621,18.65569444443515,5372,0.00014473092
102.43541666670649,18.51180555554624,5373,1.2397082e-05
102.47458333337316,18.7690277777685,5374,3.210684e-05
102.57958333337317,18.42402777776845,5375,5.9142127e-05
102.79263888892875,18.396805555546223,5376,0.0006761535
102.77625000003987,18.502361111101795,5377,0.00030708945
102.52958333337317,18.746805555546274,5378,8.8137895e-05
102.86041666670654,18.633472222212923,5379,1.7659955e-05
102.6329166667065,18.504861111101793,5380,0.00017136024
102.58458333337317,18.404305555546223,5381,2.256778e-05
102.53930555559539,18.686249999990707,5382,1.5288434e-09
102.63819444448428,18.414583333324003,5383,0.00010511672
102.41736111115092,18.736249999990715,5384,0.00024015286
102.62375000003985,18.759027777768498,5385,0.00015039116
102.69736111115097,18.498194444435125,5386,0.00024222814
102.88180555559543,18.722361111101826,5387,8.610265e-05
102.53319444448428,18.429861111101783,5388,4.0662457e-05
102.47847222226204,18.567361111101803,5389,0.00018171786
102.50875000003983,18.44569444443512,5390,0.000105132145
102.7281944444843,18.651249999990704,5391,7.659497e-06
102.57652777781762,18.465138888879565,5392,4.481211e-05
102.86680555559543,18.670416666657374,5393,0.038780924
102.53208333337317,18.69236111110182,5394,6.779413e-10
102.8170833333732,18.45208333332401,5395,0.0006142024
102.47458333337316,18.66319444443515,5396,0.0002020897
102.49680555559539,18.43402777776845,5397,1.8261849e-10
102.75458333337319,18.560416666657357,5398,0.0063419105
102.46736111115094,18.727916666657382,5399,0.00057065
102.73569444448431,18.670416666657374,5400,2.8478236e-10
102.79486111115098,18.489861111101792,5401,0.0031571242
102.65847222226208,18.7001388888796,5402,0.0031746982
102.73013888892875,18.46374999999068,5403,0.024406169
102.69958333337318,18.5548611111018,5404,9.448256e-10
102.57319444448429,18.51152777776846,5405,5.4858496e-09
102.63819444448428,18.763194444435165,5406,0.0006060172
102.51486111115094,18.703749999990713,5407,4.766209e-06
102.90680555559544,18.466805555546234,5408,5.395918e-10
102.55513888892872,18.761527777768496,5409,0.00031613768
102.53597222226205,18.50513888887957,5410,2.5131434e-05
102.57180555559539,18.64652777776848,5411,4.186682e-05
102.64541666670651,18.732638888879606,5412,0.00016743083
102.53347222226205,18.695416666657376,5413,6.7785236e-06
102.5479166667065,18.63152777776848,5414,6.453658e-09
102.57319444448429,18.677638888879596,5415,0.0004878147
102.68902777781763,18.659861111101815,5416,3.8815044e-05
102.69041666670653,18.650972222212925,5417,1.0502901e-05
102.45708333337315,18.420972222212892,5418,8.710809e-06
102.72902777781763,18.51263888887957,5419,0.0013862752
102.48625000003982,18.685416666657375,5420,3.7974372e-05
102.84597222226209,18.65708333332404,5421,0.0010564462
102.85819444448433,18.451527777768455,5422,0.00018025005
102.5754166667065,18.407083333324003,5423,1.6896365e-05
102.82847222226209,18.66708333332404,5424,0.024558408
102.46291666670649,18.6212499999907,5425,6.604601e-05
102.87652777781766,18.687083333324043,5426,0.00011073964
102.4740277778176,18.475416666657345,5427,1.0859539e-05
102.59819444448428,18.63763888887959,5428,4.345331e-05
102.53625000003983,18.609305555546253,5429,0.0001258222
102.6806944444843,18.72819444443516,5430,0.0003249463
102.75347222226209,18.76013888887961,5431,9.255212e-05
102.79486111115098,18.741527777768493,5432,0.00010132486
102.82708333337321,18.591527777768473,5433,0.00029686518
102.64847222226207,18.63013888887959,5434,2.7646803e-09
102.67208333337318,18.49624999999068,5435,7.971726e-05
102.85791666670654,18.615416666657364,5436,2.918714e-05
102.89263888892877,18.731527777768495,5437,8.7088076e-05
102.77597222226208,18.41374999999067,5438,4.024426e-05
102.68236111115097,18.389027777768444,5439,0.00014155987
102.61986111115095,18.597361111101808,5440,4.3167345e-09
102.69013888892874,18.39624999999067,5441,6.162218e-05
102.54097222226206,18.507638888879573,5442,7.9706806e-05
102.73125000003986,18.728472222212936,5443,0.00011755699
102.84263888892876,18.717083333324048,5444,0.00011772056
102.7495833333732,18.45208333332401,5445,4.8339945e-05
102.6131944444843,18.653749999990705,5446,3.3274827e-09
102.70375000003986,18.52041666665735,5447,0.0046481187
102.79569444448431,18.434305555546228,5448,0.0010243021
102.83180555559542,18.74819444443516,5449,0.00021310982
102.67375000003985,18.681805555546262,5450,0.000118297
102.76013888892875,18.41513888887956,5451,0.00033195937
102.50069444448427,18.76374999999072,5452,0.0003746656
102.6443055555954,18.399583333324003,5453,4.7746642e-05
102.82152777781765,18.661805555546263,5454,6.335546e-05
102.69597222226207,18.65652777776848,5455,4.6469257e-05
102.82069444448432,18.544027777768466,5456,1.4389114e-09
102.41847222226204,18.68124999999071,5457,0.0006997359
102.79652777781764,18.716249999990712,5458,0.0003728065
102.43569444448426,18.718749999990713,5459,0.00013254458
102.6731944444843,18.585138888879584,5460,1.5288434e-09
102.83930555559543,18.405416666657334,5461,0.0009606052
102.55347222226206,18.473194444435123,5462,2.2426046e-05
102.75291666670653,18.627916666657367,5463,0.00038526932
102.67291666670651,18.399861111101778,5464,0.002068737
102.72763888892875,18.74847222221294,5465,0.00045047145
102.75513888892876,18.519583333324018,5466,7.9940604e-05
102.7870833333732,18.677361111101817,5467,0.0003796406
102.64652777781762,18.568194444435136,5468,6.536082e-11
102.52625000003982,18.398749999990667,5469,1.198821e-05
102.53430555559538,18.433749999990674,5470,6.994305e-06
102.69902777781763,18.613194444435145,5471,3.3850397e-10
102.49763888892872,18.594027777768474,5472,0.0014798169
102.58958333337317,18.759027777768498,5473,0.00016457477
102.68736111115096,18.6087499999907,5474,2.5791005e-10
102.63597222226207,18.721527777768493,5475,0.001231604
102.84652777781766,18.736527777768494,5476,0.16372506
102.88152777781765,18.717083333324048,5477,0.00041864702
102.51041666670649,18.651527777768482,5478,0.00027566683
102.58819444448429,18.490416666657346,5479,3.5972787e-09
102.7181944444843,18.545138888879578,5480,8.9931965e-11
102.83819444448432,18.584583333324026,5481,0.00015865304
102.50208333337316,18.44680555554623,5482,5.0915907e-05
102.43791666670649,18.47208333332401,5483,0.0004344905
102.49236111115094,18.75124999999072,5484,4.7486415e-10
102.90347222226211,18.722638888879604,5485,0.0017372636
102.6093055555954,18.409305555546226,5486,9.477775e-06
102.4801388889287,18.642638888879592,5487,2.1748563e-06
102.5779166667065,18.466805555546234,5488,2.939268e-05
102.65875000003984,18.47069444443512,5489,7.914013e-09
102.78652777781764,18.52958333332402,5490,3.4393714e-05
102.59708333337318,18.664861111101818,5491,0.002579082
102.61458333337318,18.646249999990705,5492,1.7513173e-08
102.67402777781763,18.457361111101786,5493,0.00018896295
102.64013888892873,18.507361111101794,5494,7.7941004e-05
102.48736111115093,18.727361111101825,5495,0.048233952
102.65208333337318,18.545694444435135,5496,6.4751013e-09
102.87902777781765,18.584861111101805,5497,8.093883e-05
102.6956944444843,18.447916666657342,5498,0.00047715902
102.71625000003985,18.559305555546246,5499,9.889126e-09
102.6731944444843,18.704861111101824,5500,0.0032786678
102.68013888892874,18.697083333324045,5501,0.00021744121
102.69347222226207,18.512361111101796,5502,5.8387715e-05
102.55513888892872,18.6901388888796,5503,5.6142426e-06
102.50236111115093,18.62402777776848,5504,0.0001129117
102.64541666670651,18.66958333332404,5505,0.0001002502
102.8620833333732,18.729583333324047,5506,0.00100027
102.62347222226207,18.678749999990707,5507,1.0791836e-09
102.86819444448432,18.710972222212934,5508,0.00019960682
102.83652777781765,18.536249999990687,5509,3.5010147e-05
102.43319444448426,18.452361111101787,5510,9.543446e-05
102.6218055555954,18.757638888879608,5511,2.7712604e-05
102.82375000003987,18.41374999999067,5512,0.00021245053
102.72652777781764,18.680138888879597,5513,1.4988597e-06
102.58930555559539,18.55874999999069,5514,8.0938767e-10
102.56763888892873,18.476527777768457,5515,2.6253105e-05
102.59986111115096,18.517361111101796,5516,1.3489796e-09
102.6843055555954,18.440972222212896,5517,0.00041201655
102.50736111115094,18.713194444435157,5518,7.692107e-05
102.8084722222621,18.714305555546268,5519,0.0020807825
102.64736111115096,18.709583333324044,5520,3.72757e-05
102.7181944444843,18.595138888879585,5521,4.744271e-10
102.4815277778176,18.592638888879584,5522,1.8626499e-05
102.7281944444843,18.6826388888796,5523,5.98799e-08
102.90458333337321,18.402083333324,5524,0.00012894352
102.64763888892874,18.42402777776845,5525,0.0015437108
102.65791666670651,18.585694444435138,5526,1.7986393e-09
102.81069444448431,18.48874999999068,5527,2.8876288e-05
102.74291666670652,18.726249999990713,5528,0.0004204458
102.76347222226208,18.650972222212925,5529,0.0015282235
102.47875000003982,18.57402777776847,5530,3.5972684e-05
102.8909722222621,18.753194444435163,5531,0.0007199245
102.46597222226204,18.410416666657337,5532,5.2259787e-05
102.5993055555954,18.708472222212933,5533,0.00040561054
102.5554166667065,18.559027777768467,5534,8.093877e-09
102.43486111115092,18.564305555546248,5535,0.0027485443
102.45430555559537,18.71680555554627,5536,0.001561981
102.49791666670649,18.764305555546276,5537,2.4606026e-05
102.86819444448432,18.607916666657363,5538,0.0014251197
102.55875000003984,18.387083333324,5539,1.8821042e-20
102.7470833333732,18.455138888879564,5540,6.748754e-05
102.56902777781761,18.505972222212904,5541,8.691327e-09
102.66097222226207,18.653749999990705,5542,0.00015231728
102.48930555559538,18.529027777768466,5543,0.0011039908
102.53736111115094,18.597638888879587,5544,0.00042347162
102.85902777781766,18.519583333324018,5545,0.00018424403
102.50513888892871,18.68374999999071,5546,9.294835e-05
102.67180555559541,18.4659722222129,5547,3.8652608e-05
102.64375000003984,18.474583333324013,5548,4.5865303e-09
102.89041666670654,18.47236111110179,5549,2.697959e-10
102.56263888892872,18.624305555546254,5550,3.089051e-08
102.88958333337321,18.400416666657335,5551,0.0006262541
102.88069444448432,18.57402777776847,5552,0.00821499
102.88013888892877,18.69736111110182,5553,0.00032806874
102.53208333337317,18.742916666657383,5554,2.1431879e-05
102.57319444448429,18.69847222221293,5555,0.0001225151
102.75986111115097,18.4609722222129,5556,8.2572085e-05
102.59486111115095,18.416805555546226,5557,8.5307955e-10
102.67652777781763,18.43680555554623,5558,0.00011726231
102.71680555559541,18.42180555554623,5559,0.0005060454
102.77402777781764,18.741249999990718,5560,0.011756882
102.46708333337315,18.647361111101816,5561,6.811357e-05
102.61375000003984,18.413194444435113,5562,1.7421236e-05
102.86319444448432,18.593472222212917,5563,0.0002950583
102.68541666670652,18.654861111101816,5564,0.00028895368
102.44736111115093,18.512361111101796,5565,2.3363735e-05
102.66958333337318,18.619305555546255,5566,2.6979592e-09
102.42125000003982,18.432083333324005,5567,7.093752e-05
102.49013888892871,18.425694444435116,5568,1.3066435e-10
102.48736111115093,18.612638888879587,5569,2.9855257e-10
102.8909722222621,18.561805555546247,5570,0.0024942309
102.42569444448426,18.40874999999067,5571,6.453785e-05
102.64125000003985,18.6137499999907,5572,3.795832e-09
102.6293055555954,18.693194444435154,5573,4.230283e-05
102.46958333337315,18.409305555546226,5574,8.4800195e-05
102.84875000003987,18.733749999990717,5575,5.2190622e-05
102.78486111115097,18.62513888887959,5576,0.0010845764
102.59375000003983,18.484583333324014,5577,6.0254415e-09
102.88541666670655,18.465694444435123,5578,0.00015434947
102.7845833333732,18.543472222212912,5579,1.8060799e-05
102.78319444448431,18.47124999999068,5580,5.8325062e-05
102.77569444448432,18.4534722222129,5581,0.0006304102
102.90069444448433,18.55597222221291,5582,0.0010765545
102.54930555559538,18.550694444435134,5583,3.2375507e-09
102.87208333337321,18.712361111101824,5584,4.618753e-05
102.43430555559537,18.52930555554624,5585,3.1055472e-09
102.84680555559542,18.751527777768494,5586,0.008881101
102.43486111115092,18.68847222221293,5587,0.00021023497
102.48819444448426,18.39597222221289,5588,3.0629828e-05
102.55152777781761,18.615416666657364,5589,1.2747238e-07
102.61486111115096,18.610416666657365,5590,1.8981154e-09
102.58513888892873,18.68236111110182,5591,0.0003290642
102.47569444448426,18.455138888879564,5592,1.150768e-05
102.48041666670649,18.50402777776846,5593,0.00014910578
102.46736111115094,18.62513888887959,5594,2.9412762e-05
102.4251388889287,18.637083333324036,5595,0.000100962054
102.89708333337322,18.765694444435166,5596,0.0020492196
102.78152777781764,18.695416666657376,5597,0.0001861517
102.61402777781763,18.4609722222129,5598,1.5318216e-09
102.82513888892876,18.693194444435154,5599,0.0019930687
102.88819444448433,18.739027777768495,5600,0.0015362061
102.88513888892876,18.595972222212918,5601,0.00013150099
102.81763888892876,18.643749999990703,5602,4.803608e-05
102.7445833333732,18.626805555546255,5603,0.00051228673
102.58208333337318,18.6262499999907,5604,8.1616385e-09
102.87375000003988,18.720694444435157,5605,6.358706e-05
102.71458333337318,18.50652777776846,5606,0.0018931302
102.64819444448429,18.515972222212906,5607,3.2375507e-09
102.68375000003985,18.592638888879584,5608,2.2213195e-08
102.47013888892872,18.569861111101805,5609,6.2004656e-05
102.58930555559539,18.595138888879585,5610,2.0203206e-09
102.6468055555954,18.722361111101826,5611,2.7409396e-05
102.6243055555954,18.408194444435114,5612,0.00014589768
102.71125000003985,18.56124999999069,5613,2.8459968e-10
102.60986111115095,18.546805555546246,5614,1.7087073e-09
102.69625000003985,18.633194444435144,5615,7.464353e-09
102.42097222226204,18.417361111101783,5616,1.5430425e-05
102.77402777781764,18.526527777768464,5617,7.25019e-05
102.55597222226206,18.438472222212894,5618,2.1976677e-05
102.49458333337316,18.52041666665735,5619,1.3067693e-05
102.7281944444843,18.58208333332403,5620,9.0386925e-09
102.74486111115097,18.594861111101807,5621,0.000111191344
102.81402777781764,18.47736111110179,5622,0.000169024
102.59069444448428,18.575138888879582,5623,9.352925e-09
102.87902777781765,18.627916666657367,5624,0.00013459781
102.85236111115098,18.499305555546236,5625,0.0007631818
102.71458333337318,18.473194444435123,5626,3.46528e-05
102.7106944444843,18.631805555546258,5627,3.5049747e-05
102.65541666670651,18.70874999999071,5628,0.0007216249
102.71263888892875,18.614027777768477,5629,0.002288477
102.83486111115099,18.6162499999907,5630,4.7133e-05
102.75347222226209,18.656249999990706,5631,0.00013029415
102.45125000003982,18.561527777768468,5632,4.9300404e-05
102.49347222226204,18.595416666657364,5633,1.6487578e-05
102.51513888892872,18.686805555546265,5634,6.431999e-05
102.86152777781766,18.692916666657375,5635,7.096992e-05
102.85763888892876,18.708194444435158,5636,4.4919558e-05
102.88819444448433,18.580972222212917,5637,2.5345e-05
102.68847222226208,18.527916666657354,5638,2.5096778e-08
102.75986111115097,18.548194444435133,5639,0.00019753118
102.55930555559539,18.55763888887958,5640,6.5650334e-09
102.4690277778176,18.72291666665738,5641,0.01495113
102.62208333337318,18.603749999990697,5642,7.0146933e-09
102.49458333337316,18.682916666657373,5643,6.535735e-05
102.53930555559539,18.47374999999068,5644,0.00038197477
102.60958333337318,18.723749999990716,5645,0.00017355788
102.71902777781763,18.449027777768453,5646,0.0038183269
102.60263888892872,18.638472222212926,5647,8.4581825e-06
102.54986111115095,18.546805555546246,5648,0.013263741
102.6756944444843,18.58319444443514,5649,5.395918e-10
102.51819444448427,18.753749999990717,5650,0.00012719864
102.4565277778176,18.703194444435155,5651,6.0083898e-05
102.43263888892871,18.544027777768466,5652,8.620924e-05
102.49930555559538,18.677083333324042,5653,6.7189365e-05
102.64263888892873,18.400416666657335,5654,3.2621963e-05
102.77402777781764,18.66680555554626,5655,0.0017688711
102.49291666670649,18.71402777776849,5656,0.00108881
102.79375000003986,18.492916666657347,5657,0.00014145968
102.43180555559537,18.653749999990705,5658,0.00030704503
102.77847222226208,18.507083333324015,5659,6.930909e-05
102.85569444448431,18.721527777768493,5660,1.8465809
102.51125000003982,18.574861111101804,5661,0.0010084145
102.87180555559543,18.626527777768477,5662,0.00035703267
102.76097222226208,18.72597222221294,5663,0.002103493
102.84986111115099,18.515972222212906,5664,0.0007527937
102.46097222226204,18.47236111110179,5665,2.3382438e-09
102.81875000003987,18.52958333332402,5666,0.002220989
102.78736111115097,18.663749999990706,5667,0.000105826366
102.48763888892871,18.51458333332402,5668,1.30694925e-05
102.45763888892871,18.581249999990693,5669,2.1787737e-06
102.86125000003987,18.49791666665735,5670,0.0007804187
102.56569444448428,18.63513888887959,5671,6.0840903e-05
102.72680555559542,18.434583333324007,5672,0.00019817987
102.76541666670653,18.714861111101825,5673,0.0016794157
102.7195833333732,18.466249999990676,5674,4.681393e-05
102.7645833333732,18.558472222212913,5675,3.389111e-06
102.6193055555954,18.57930555554625,5676,1.2821815e-07
102.75763888892875,18.65041666665737,5677,0.0002507405
102.65986111115096,18.409583333324004,5678,0.0005887911
102.4126388889287,18.426805555546228,5679,4.9581602e-05
102.7945833333732,18.425972222212895,5680,4.6305944e-05
102.80486111115098,18.617916666657365,5681,0.0060299956
102.76152777781763,18.480694444435123,5682,0.19976668
102.65125000003985,18.64180555554626,5683,0.00051927497
102.59791666670651,18.594305555546253,5684,0.001384777
102.53708333337316,18.559305555546246,5685,0.000905344
102.41597222226204,18.58819444443514,5686,0.00026379648
102.66291666670652,18.63152777776848,5687,7.2844895e-09
102.7306944444843,18.390138888879555,5688,2.1775011e-05
102.6668055555954,18.67986111110182,5689,0.00090357114
102.69319444448429,18.58430555554625,5690,2.1347862e-08
102.75375000003986,18.457916666657344,5691,5.2231226e-05
102.60375000003984,18.5298611111018,5692,1.7087073e-09
102.54375000003984,18.652916666657372,5693,3.5009987e-10
102.45097222226204,18.459861111101787,5694,1.8967813e-10
102.5354166667065,18.67458333332404,5695,6.1975527e-07
102.6204166667065,18.521249999990687,5696,1.1691156e-09
102.78847222226209,18.54597222221291,5697,3.4489094e-05
102.87402777781766,18.768194444435164,5698,0.0031066127
102.69875000003985,18.550972222212913,5699,3.5695493e-08
102.80541666670653,18.751527777768494,5700,9.044996e-05
102.77597222226208,18.591527777768473,5701,0.00032074723
102.55458333337317,18.614305555546252,5702,2.5450747e-08
102.70791666670652,18.445972222212898,5703,0.0028095308
102.58402777781761,18.64791666665737,5704,0.00022505673
102.83263888892876,18.654583333324037,5705,0.003179174
102.44986111115092,18.587638888879585,5706,8.4875624e-05
102.53708333337316,18.60708333332403,5707,0.001525012
102.897361111151,18.550138888879577,5708,0.00025594473
102.57013888892872,18.610694444435143,5709,3.553261e-08
102.68736111115096,18.654583333324037,5710,0.00022945544
102.53208333337317,18.670972222212928,5711,6.3851693e-09
102.80652777781765,18.609027777768475,5712,0.0005874837
102.63597222226207,18.552638888879578,5713,2.6847502e-10
102.77097222226209,18.418472222212895,5714,0.015842156
102.4690277778176,18.702361111101823,5715,0.00011020903
102.45097222226204,18.42763888887956,5716,8.133143e-06
102.8195833333732,18.408472222212893,5717,0.0017076427
102.42291666670648,18.544027777768466,5718,2.5789665e-05
102.75402777781764,18.45708333332401,5719,0.00082900515
102.66791666670652,18.512083333324018,5720,7.194557e-10
102.75597222226209,18.60986111110181,5721,0.00031182825
102.56263888892872,18.498194444435125,5722,0.0009200455
102.8709722222621,18.744027777768494,5723,4.196826e-05
102.73902777781764,18.484027777768457,5724,5.2380947e-05
102.55680555559539,18.758194444435162,5725,0.0020279277
102.87375000003988,18.75097222221294,5726,0.0023821231
102.42958333337315,18.72541666665738,5727,2.4189863e-05
102.64263888892873,18.5498611111018,5728,7.1945574e-09
102.52625000003982,18.710694444435156,5729,0.013700644
102.47208333337315,18.470138888879568,5730,3.994903e-10
102.47375000003983,18.612916666657366,5731,7.157398e-05
102.90069444448433,18.766805555546277,5732,6.4379885e-05
102.46069444448426,18.58819444443514,5733,4.4610577e-05
102.89152777781766,18.754027777768496,5734,0.00049477577
102.68680555559541,18.694305555546265,5735,7.344918e-05
102.64625000003984,18.720416666657382,5736,0.0006293745
102.68541666670652,18.467638888879566,5737,6.896588e-05
102.42458333337315,18.6337499999907,5738,3.0202986e-05
102.4240277778176,18.68486111110182,5739,9.721862e-05
102.77847222226208,18.585416666657363,5740,0.00021802234
102.76291666670653,18.546805555546246,5741,3.8972336e-09
102.82069444448432,18.57541666665736,5742,0.3713515
102.7706944444843,18.629305555546257,5743,0.0003429301
102.82708333337321,18.432638888879563,5744,0.00019956352
102.51930555559538,18.62402777776848,5745,0.00033554068
102.74125000003986,18.41013888887956,5746,0.0029814984
102.90513888892878,18.6826388888796,5747,2.033803e-10
102.69902777781763,18.6387499999907,5748,5.4858496e-09
102.86041666670654,18.732361111101827,5749,0.00043115887
102.77013888892876,18.45180555554623,5750,0.007706488
102.81263888892876,18.41152777776845,5751,0.00038954857
102.80986111115098,18.425416666657338,5752,0.00069169205
102.66347222226207,18.687916666657376,5753,0.0004835279
102.857361111151,18.627638888879588,5754,0.0004689315
102.62319444448428,18.588749999990696,5755,5.1261217e-09
102.60375000003984,18.48624999999068,5756,2.292374e-10
102.6643055555954,18.389861111101776,5757,9.144224e-05
102.66513888892874,18.540694444435132,5758,3.8060288e-10
102.81819444448432,18.543749999990688,5759,5.6914096e-10
102.80041666670654,18.677361111101817,5760,0.0038634224
102.8959722222621,18.632083333324033,5761,0.0003075943
102.75930555559542,18.504861111101793,5762,0.0008363673
102.64597222226207,18.55374999999069,5763,1.7559781e-09
102.49625000003982,18.41124999999067,5764,1.30354665e-05
102.50625000003983,18.47263888887957,5765,1.8600653e-05
102.54375000003984,18.64180555554626,5766,3.1778868e-10
102.65208333337318,18.40374999999067,5767,0.0015439558
102.79930555559542,18.642638888879592,5768,0.00034744418
102.70097222226208,18.45319444443512,5769,0.0007678738
102.67819444448429,18.635972222212924,5770,1.0971699e-08
102.70847222226207,18.594027777768474,5771,1.2590475e-09
102.89875000003988,18.737361111101826,5772,4.7440044e-05
102.49513888892871,18.644027777768482,5773,0.00014773184
102.48708333337316,18.402916666657337,5774,1.0159622e-05
102.63375000003984,18.60986111110181,5775,1.6837014e-10
102.4651388889287,18.58291666665736,5776,0.00046636298
102.49569444448427,18.59958333332403,5777,4.83791e-10
102.5040277778176,18.640694444435148,5778,0.00025705915
102.66319444448429,18.47069444443512,5779,6.0254415e-09
102.74763888892875,18.519583333324018,5780,0.0021128263
102.60208333337317,18.473194444435123,5781,7.0146933e-09
102.78652777781764,18.691805555546264,5782,6.172883e-05
102.85458333337321,18.46208333332401,5783,0.00038329215
102.53736111115094,18.64819444443515,5784,3.2151037e-09
102.6131944444843,18.604305555546254,5785,3.9570063e-09
102.74930555559541,18.527638888879576,5786,3.2250715e-05
102.5290277778176,18.61513888887959,5787,0.00033141708
102.85791666670654,18.476527777768457,5788,0.0001877558
102.48486111115093,18.42652777776845,5789,7.75165e-06
102.79069444448432,18.593472222212917,5790,0.00041903855
102.56097222226205,18.64652777776848,5791,0.00094507885
102.66180555559541,18.768194444435164,5792,0.0007987603
102.88902777781766,18.550694444435134,5793,1.9497793e-05
102.63097222226207,18.453749999990677,5794,5.0763277e-10
102.58125000003983,18.442083333324007,5795,1.15131015e-05
102.5804166667065,18.61347222221292,5796,3.1829295e-05
102.80902777781765,18.742916666657383,5797,7.6107484e-05
102.84013888892876,18.764305555546276,5798,0.01035185
102.53736111115094,18.619027777768476,5799,6.457115e-08
102.58763888892872,18.715972222212937,5800,0.0012404688
102.90041666670655,18.479583333324012,5801,2.2977445e-10
102.47597222226204,18.75069444443516,5802,0.0019157853
102.57986111115095,18.429861111101783,5803,3.0494384e-05
102.5643055555954,18.405694444435113,5804,6.294355e-05
102.48319444448427,18.397916666657334,5805,1.5281585e-05
102.84319444448433,18.595138888879585,5806,0.00024788396
102.8534722222621,18.645972222212926,5807,4.7669466e-05
102.66291666670652,18.520138888879575,5808,8.541198e-10
102.57180555559539,18.526527777768464,5809,1.0162313e-08
102.70208333337318,18.579861111101806,5810,1.9900025e-10
102.50569444448428,18.450416666657343,5811,0.0048610377
102.51708333337317,18.728749999990715,5812,1.3059737e-05
102.68541666670652,18.754861111101828,5813,0.015553482
102.56513888892873,18.519861111101797,5814,2.8283538e-09
102.50097222226205,18.74819444443516,5815,2.127801e-08
102.5993055555954,18.554027777768468,5816,0.00010548448
102.60458333337317,18.41291666665734,5817,1.5797254e-06
102.42458333337315,18.694305555546265,5818,0.0002858199
102.66986111115096,18.602916666657364,5819,3.51386e-06
102.83819444448432,18.639305555546258,5820,0.000647123
102.8495833333732,18.459861111101787,5821,0.00019601728
102.79180555559542,18.472916666657344,5822,4.197584e-05
102.84652777781766,18.4709722222129,5823,0.19216956
102.58458333337317,18.49652777776846,5824,4.1368704e-09
102.83236111115099,18.558472222212913,5825,0.0014883822
102.75347222226209,18.585138888879584,5826,4.0219744e-05
102.73152777781763,18.587638888879585,5827,3.3163917e-05
102.56013888892872,18.527638888879576,5828,1.0300645e-07
102.86125000003987,18.730138888879605,5829,0.00014982844
102.86930555559543,18.518194444435128,5830,3.2490396e-05
102.68958333337319,18.531805555546242,5831,1.9894932e-10
102.89680555559544,18.517916666657353,5832,4.57215e-05
102.87152777781766,18.477638888879568,5833,0.00025605867
102.50430555559538,18.706805555546268,5834,0.00014199642
102.61513888892873,18.61736111110181,5835,8.9931965e-11
102.74930555559541,18.524027777768463,5836,0.00019486914
102.61569444448429,18.71541666665738,5837,0.0006380679
102.4790277778176,18.642083333324035,5838,2.623018e-09
102.51847222226205,18.406805555546224,5839,4.970438e-06
102.72263888892874,18.63763888887959,5840,4.687153e-05
102.58680555559539,18.619305555546255,5841,7.241633e-05
102.66569444448429,18.52180555554624,5842,2.3454257e-07
102.67819444448429,18.408194444435114,5843,0.00019501394
102.62986111115096,18.7690277777685,5844,0.00011793389
102.60125000003984,18.4684722222129,5845,0.000904621
102.59847222226206,18.699583333324043,5846,6.779489e-11
102.48513888892872,18.575694444435136,5847,2.5790336e-05
102.66041666670651,18.588749999990696,5848,1.7087073e-09
102.66263888892874,18.565694444435135,5849,2.5924248e-08
102.89319444448432,18.646249999990705,5850,0.00029123714
102.70736111115096,18.539027777768467,5851,1.6832018e-10
102.45930555559538,18.68847222221293,5852,0.00020684215
102.42736111115093,18.49624999999068,5853,0.15856768
102.884861111151,18.7001388888796,5854,0.0009257271
102.90069444448433,18.461249999990677,5855,5.421942e-05
102.42680555559537,18.705972222212935,5856,0.0007644631
102.5479166667065,18.662083333324038,5857,1.6840714e-10
102.48569444448427,18.410416666657337,5858,1.4530062e-10
102.4904166667065,18.42263888887956,5859,1.0479939e-05
102.82708333337321,18.54624999999069,5860,7.6262946e-10
102.68347222226207,18.68124999999071,5861,5.6303095e-05
102.7320833333732,18.64819444443515,5862,0.00012156368
102.86958333337321,18.55347222221291,5863,0.00030693703
102.84013888892876,18.642638888879592,5864,0.008502799
102.6643055555954,18.53819444443513,5865,1.0438218e-09
102.63041666670651,18.677083333324042,5866,2.999486e-05
102.81236111115098,18.616805555546254,5867,7.223169e-05
102.67958333337319,18.594583333324028,5868,1.6187753e-08
102.44597222226204,18.747916666657385,5869,6.4257234e-05
102.79763888892876,18.407916666657336,5870,5.394152e-05
102.50069444448427,18.424861111101784,5871,3.4174146e-09
102.68347222226207,18.484861111101793,5872,0.00021901425
102.61375000003984,18.72597222221294,5873,7.2617106e-05
102.72097222226208,18.670972222212928,5874,5.7433795e-07
102.884861111151,18.672361111101818,5875,0.0015090344
102.41958333337315,18.396805555546223,5876,5.995499e-06
102.90486111115099,18.696805555546266,5877,0.00015237747
102.79097222226208,18.610416666657365,5878,0.00013339146
102.8084722222621,18.602083333324032,5879,0.0002921983
102.5379166667065,18.452638888879566,5880,3.3883675e-06
102.71375000003985,18.604027777768476,5881,6.6732536e-10
102.66763888892874,18.754027777768496,5882,8.0632664e-05
102.75402777781764,18.704027777768488,5883,0.00013630508
102.67152777781763,18.730416666657383,5884,0.0018518474
102.4690277778176,18.575972222212915,5885,3.3891276e-06
102.86319444448432,18.437083333324008,5886,0.00023265921
102.84430555559543,18.684027777768485,5887,0.0029272758
102.7118055555954,18.47986111110179,5888,0.00018332143
102.78180555559543,18.449027777768453,5889,0.07606152
102.5265277778176,18.534583333324022,5890,1.7645974e-05
102.69875000003985,18.5373611111018,5891,6.222631e-08
102.85541666670655,18.41874999999067,5892,0.0003270583
102.5440277778176,18.5423611111018,5893,0.00026919652
102.87763888892877,18.64902777776848,5894,0.0009935079
102.46819444448427,18.562916666657358,5895,4.744156e-06
102.57458333337317,18.726249999990713,5896,2.1211948e-05
102.82875000003988,18.57013888887958,5897,0.0008794453
102.4879166667065,18.611805555546255,5898,8.457011e-10
102.52513888892872,18.6087499999907,5899,0.00011281389
102.44708333337316,18.63097222221292,5900,0.0001363327
102.897361111151,18.666527777768483,5901,0.00012154056
102.49486111115094,18.652083333324036,5902,0.00015486401
102.49708333337315,18.468194444435124,5903,1.3068141e-05
102.51958333337316,18.69847222221293,5904,1.0505179e-05
102.82875000003988,18.54874999999069,5905,5.4899796e-09
102.85375000003988,18.77013888887961,5906,0.00017657063
102.70125000003985,18.524861111101796,5907,3.4607963e-09
102.61736111115096,18.522361111101798,5908,1.3489796e-09
102.71152777781764,18.43902777776845,5909,6.4295404e-05
102.7606944444843,18.437361111101783,5910,3.5469773e-05
102.69652777781764,18.669861111101817,5911,0.009365236
102.72347222226207,18.404305555546223,5912,2.5156869e-05
102.60236111115096,18.406527777768446,5913,1.0990958e-05
102.80680555559543,18.43152777776845,5914,0.00096981175
102.4740277778176,18.47486111110179,5915,5.986938e-06
102.42541666670648,18.65041666665737,5916,7.948509e-05
102.49819444448427,18.69847222221293,5917,0.00021860312
102.7181944444843,18.53874999999069,5918,1.4988727e-11
102.82875000003988,18.655138888879595,5919,6.435911e-05
102.67152777781763,18.477916666657347,5920,1.2590475e-09
102.7845833333732,18.645694444435147,5921,0.0001141212
102.59263888892873,18.73569444443516,5922,0.00068618497
102.75541666670652,18.66430555554626,5923,0.0001740864
102.66208333337318,18.517361111101796,5924,1.0342177e-08
102.72930555559542,18.442361111101786,5925,0.00026352014
102.77236111115097,18.754583333324053,5926,0.0012815605
102.71930555559541,18.4784722222129,5927,0.00012732494
102.79819444448431,18.51041666665735,5928,0.000103531325
102.49680555559539,18.60597222221292,5929,1.0993507e-05
102.82236111115098,18.635972222212924,5930,0.00027993947
102.67486111115096,18.68958333332404,5931,0.0055960678
102.43680555559537,18.57430555554625,5932,5.497333e-06
102.42041666670649,18.637916666657368,5933,0.00042008926
102.48208333337315,18.76624999999072,5934,3.080388e-05
102.67263888892874,18.49374999999068,5935,0.0001294743
102.7331944444843,18.47263888887957,5936,5.448037e-05
102.52069444448428,18.413472222212892,5937,3.5899106e-10
102.71652777781763,18.768194444435164,5938,0.0023772903
102.869861111151,18.728472222212936,5939,0.0030586517
102.58986111115095,18.54874999999069,5940,4.2268025e-09
102.46097222226204,18.7151388888796,5941,0.0008044724
102.49125000003983,18.500416666657348,5942,0.00025679244
102.63013888892873,18.618749999990698,5943,2.6856753e-10
102.73180555559541,18.65819444443515,5944,1.5637887e-10
102.67847222226207,18.45208333332401,5945,0.00054489623
102.84513888892876,18.472916666657344,5946,0.0045842174
102.85541666670655,18.520972222212908,5947,0.00036456904
102.6581944444843,18.71152777776849,5948,0.00043381122
102.48375000003982,18.406805555546224,5949,1.4358525e-05
102.74986111115098,18.406805555546224,5950,6.861764e-05
102.78402777781764,18.612916666657366,5951,0.00040420593
102.60986111115095,18.74958333332405,5952,6.200882e-06
102.7895833333732,18.72458333332405,5953,0.00042002523
102.44486111115093,18.48902777776846,5954,2.0333013e-05
102.6293055555954,18.667638888879594,5955,2.9677547e-09
102.65458333337318,18.45208333332401,5956,4.1368704e-09
102.49458333337316,18.759027777768498,5957,3.0802923e-05
102.8209722222621,18.535694444435133,5958,0.008308459
102.52069444448428,18.72458333332405,5959,1.0898746e-05
102.75458333337319,18.73180555554627,5960,0.00011911656
102.5968055555954,18.690416666657377,5961,7.4943637e-06
102.55763888892872,18.50263888887957,5962,0.00014402164
102.58208333337318,18.545138888879578,5963,2.8778229e-09
102.84486111115099,18.720694444435157,5964,0.0016343367
102.42430555559537,18.684305555546263,5965,0.00013603905
102.41430555559536,18.744861111101827,5966,0.001433069
102.48291666670649,18.659027777768483,5967,0.00028553474
102.45208333337315,18.72819444443516,5968,0.00011374055
102.74652777781763,18.455416666657342,5969,0.00038930948
102.74986111115098,18.549027777768465,5970,6.6401834e-10
102.86569444448432,18.38847222221289,5971,3.126318e-05
102.82430555559543,18.76013888887961,5972,0.0001775009
102.89458333337322,18.576527777768472,5973,4.900428e-05
102.78597222226209,18.456249999990675,5974,0.00062841165
102.84930555559544,18.70902777776849,5975,0.0017940825
102.79319444448431,18.469305555546235,5976,0.00018968446
102.89402777781766,18.709583333324044,5977,0.011227128
102.59263888892873,18.479583333324012,5978,1.1421359e-08
102.42986111115093,18.650138888879592,5979,2.7610293e-05
102.87736111115099,18.41124999999067,5980,0.00011725234
102.71013888892874,18.451527777768455,5981,0.0008001696
102.62125000003984,18.43402777776845,5982,4.372744e-05
102.70597222226208,18.63291666665737,5983,0.06430266
102.6354166667065,18.44569444443512,5984,1.9908535e-09
102.66791666670652,18.686527777768486,5985,7.978508e-05
102.75041666670653,18.601805555546253,5986,8.286676e-05
102.72902777781763,18.47486111110179,5987,0.001060324
102.61263888892873,18.468194444435124,5988,1.813744e-09
102.68486111115097,18.512361111101796,5989,0.0001660055
102.52375000003983,18.74097222221294,5990,7.0037618e-06
102.52847222226205,18.73569444443516,5991,2.6157813e-05
102.43569444448426,18.501249999990684,5992,0.00011436612
102.70708333337319,18.483472222212903,5993,0.00026837888
102.89541666670655,18.53097222221291,5994,8.7849345e-05
102.71680555559541,18.42902777776845,5995,0.00015776911
102.78430555559542,18.725138888879602,5996,0.0005903516
102.69763888892874,18.629027777768478,5997,1.4389114e-09
102.82708333337321,18.60708333332403,5998,6.121863e-05
102.77597222226208,18.73069444443516,5999,0.008192063
102.68013888892874,18.439583333324006,6000,0.0036940272
102.54486111115094,18.684027777768485,6001,1.6842272e-10
102.88430555559543,18.435972222212897,6002,4.525947e-05
102.58263888892873,18.74319444443516,6003,0.000119504664
102.66375000003985,18.491249999990682,6004,5.157722e-05
102.61486111115096,18.542638888879576,6005,1.4701172e-10
102.7706944444843,18.57263888887958,6006,6.0151262e-05
102.88402777781766,18.652638888879594,6007,0.00012549509
102.49541666670649,18.49791666665735,6008,1.9603807e-05
102.87486111115099,18.468194444435124,6009,2.122082e-10
102.60513888892874,18.635416666657367,6010,1.2401211e-05
102.49152777781761,18.594861111101807,6011,4.4060926e-05
102.70125000003985,18.76597222221294,6012,0.00065661804
102.63569444448429,18.610138888879586,6013,5.845578e-09
102.49625000003982,18.5423611111018,6014,1.0610437e-05
102.80430555559542,18.545694444435135,6015,7.695812e-05
102.58930555559539,18.58041666665736,6016,1.986526e-08
102.6493055555954,18.555694444435133,6017,1.6187753e-09
102.58708333337317,18.536249999990687,6018,3.3274827e-09
102.7670833333732,18.527361111101797,6019,1.8934974e-10
102.89791666670655,18.62486111110181,6020,0.0038539348
102.50097222226205,18.704583333324045,6021,0.00015546927
102.51986111115095,18.751527777768494,6022,6.5398076e-10
102.68291666670652,18.59569444443514,6023,1.4928705e-08
102.6418055555954,18.576527777768472,6024,9.487506e-11
102.81625000003987,18.600416666657363,6025,2.4403302e-05
102.80569444448432,18.72819444443516,6026,0.0017586995
102.85319444448432,18.768472222212942,6027,0.00018650993
102.84180555559543,18.472916666657344,6028,0.00024450853
102.77625000003987,18.52347222221291,6029,0.0008622254
102.67430555559541,18.49402777776846,6030,0.00065284484
102.72347222226207,18.643194444435146,6031,5.7503483e-05
102.69958333337318,18.430694444435115,6032,0.00014909764
102.49680555559539,18.633472222212923,6033,9.846088e-05
102.80736111115098,18.466805555546234,6034,1.826197e-05
102.84486111115099,18.673749999990708,6035,6.9759924e-05
102.44097222226203,18.711805555546267,6036,3.7337297e-05
102.60986111115095,18.712361111101824,6037,2.9109387e-05
102.85125000003987,18.594583333324028,6038,0.00012665546
102.66125000003984,18.635416666657367,6039,3.7963155e-10
102.81013888892876,18.56652777776847,6040,5.3330656e-05
102.79430555559543,18.654027777768484,6041,1.050311e-05
102.43958333337315,18.723472222212937,6042,2.0787935e-05
102.68986111115096,18.492916666657347,6043,0.0004280035
102.73375000003986,18.656249999990706,6044,6.822354e-05
102.48291666670649,18.739861111101828,6045,6.0016348e-05
102.47708333337316,18.531527777768463,6046,6.20723e-05
102.76652777781764,18.510138888879574,6047,0.002294893
102.43597222226204,18.7101388888796,6048,0.00013193827
102.87930555559544,18.745972222212938,6049,0.002286683
102.5479166667065,18.74236111110183,6050,5.73078e-05
102.5454166667065,18.601805555546253,6051,0.00012334796
102.79402777781765,18.480694444435123,6052,0.001308153
102.45847222226205,18.70791666665738,6053,6.4424734e-05
102.68708333337318,18.49680555554624,6054,0.00066568155
102.68375000003985,18.695138888879598,6055,0.0001438188
102.82819444448431,18.737638888879605,6056,0.0030445855
102.56513888892873,18.554305555546247,6057,2.5360814e-08
102.7106944444843,18.625694444435144,6058,1.9585577e-05
102.79152777781765,18.68347222221293,6059,0.00079608714
102.63375000003984,18.554305555546247,6060,1.4701892e-10
102.48319444448427,18.58069444443514,6061,3.0379028e-05
102.47819444448427,18.435694444435118,6062,6.7722926e-06
102.62569444448428,18.647361111101816,6063,1.0168547e-10
102.73708333337319,18.68124999999071,6064,1.7653613e-09
102.89541666670655,18.64930555554626,6065,0.00025082377
102.66458333337319,18.729305555546272,6066,0.003804242
102.8484722222621,18.54624999999069,6067,0.00022766275
102.43319444448426,18.42013888887956,6068,2.075513e-05
102.64125000003985,18.591527777768473,6069,1.8147414e-06
102.43041666670648,18.66819444443515,6070,9.019235e-05
102.54180555559539,18.445138888879562,6071,4.355601e-06
102.68458333337318,18.69624999999071,6072,0.00017009131
102.66402777781762,18.42902777776845,6073,0.0007589029
102.8384722222621,18.54874999999069,6074,0.00010125109
102.47736111115093,18.47236111110179,6075,1.8698876e-10
102.67208333337318,18.470416666657346,6076,5.4993397e-09
102.88152777781765,18.708194444435158,6077,0.0005469962
102.75791666670654,18.45430555554623,6078,0.000104395
102.82263888892876,18.556805555546244,6079,0.00020136083
102.45680555559538,18.48152777776846,6080,5.0789928e-05
102.81319444448431,18.688194444435155,6081,0.00016670347
102.69236111115096,18.664861111101818,6082,0.00014241315
102.82236111115098,18.69236111110182,6083,0.0006798805
102.86930555559543,18.59097222221292,6084,0.00015665944
102.5793055555954,18.560138888879578,6085,3.4885637e-05
102.6093055555954,18.399861111101778,6086,5.5935467e-05
102.56652777781761,18.55458333332402,6087,2.697959e-08
102.68736111115096,18.467916666657345,6088,7.657818e-05
102.77680555559542,18.39736111110178,6089,7.178216e-05
102.76569444448431,18.46486111110179,6090,0.00071998604
102.8020833333732,18.552638888879578,6091,9.64894e-05
102.77930555559541,18.731249999990716,6092,0.0005552086
102.79430555559543,18.651527777768482,6093,0.00026967126
102.48291666670649,18.65847222221293,6094,0.0018837429
102.5204166667065,18.74208333332405,6095,2.9200493e-09
102.72847222226208,18.670972222212928,6096,5.569811e-10
102.7795833333732,18.417361111101783,6097,0.00020001797
102.46958333337315,18.70152777776849,6098,0.0002792367
102.64847222226207,18.671805555546264,6099,9.4928555e-06
102.69930555559542,18.559861111101803,6100,6.7782786e-11
102.81291666670654,18.714861111101825,6101,8.166302e-05
102.66319444448429,18.517361111101796,6102,2.198746e-07
102.49736111115094,18.71791666665738,6103,6.9265065e-05
102.74513888892875,18.594583333324028,6104,2.1990145e-05
102.74041666670652,18.71652777776849,6105,0.014336886
102.72875000003985,18.67958333332404,6106,9.0431634e-10
102.83430555559544,18.74180555554627,6107,5.0913368e-05
102.51513888892872,18.5448611111018,6108,1.1990962e-05
102.85986111115099,18.515972222212906,6109,0.00044376228
102.83902777781765,18.624305555546254,6110,6.994663e-05
102.6806944444843,18.524027777768463,6111,3.651238e-08
102.87958333337322,18.745138888879605,6112,0.00016619652
102.82958333337321,18.39486111110178,6113,8.702086e-05
102.78986111115098,18.542083333324022,6114,3.3283643e-05
102.68458333337318,18.677638888879596,6115,0.00047191695
102.44430555559538,18.58680555554625,6116,6.200526e-06
102.50902777781761,18.764583333324055,6117,1.7986393e-10
102.85236111115098,18.438749999990673,6118,0.02193515
102.61458333337318,18.499583333324015,6119,7.7040626e-05
102.55013888892873,18.450972222212897,6120,2.6561964e-05
102.74125000003986,18.40874999999067,6121,3.5972786e-10
102.57402777781762,18.649861111101814,6122,3.7148253e-05
102.53430555559538,18.531527777768463,6123,0.00013467994
102.66013888892874,18.564583333324023,6124,7.194557e-10
102.70875000003986,18.665138888879596,6125,5.0289695e-05
102.57597222226205,18.467083333324013,6126,1.6313914e-05
102.54513888892872,18.45208333332401,6127,3.9670864e-05
102.85291666670655,18.595416666657364,6128,0.0002333332
102.57625000003983,18.75124999999072,6129,1.8620696e-05
102.85930555559543,18.59069444443514,6130,0.0021340016
102.77847222226208,18.391527777768445,6131,3.388448e-06
102.52708333337316,18.716249999990712,6132,2.1797008e-05
102.65986111115096,18.675138888879594,6133,0.00020541169
102.48430555559538,18.577361111101805,6134,1.9580957e-05
102.88791666670654,18.6312499999907,6135,0.0002334047
102.63819444448428,18.530416666657352,6136,2.697959e-10
102.64486111115096,18.74069444443516,6137,0.00016205256
102.80791666670653,18.53847222221291,6138,0.00014973772
102.7970833333732,18.764583333324055,6139,7.627317e-05
102.68375000003985,18.76791666665739,6140,0.001458003
102.66486111115096,18.544583333324024,6141,4.490557e-07
102.6079166667065,18.644861111101815,6142,1.9785033e-07
102.51486111115094,18.747916666657385,6143,4.5957985e-10
102.67180555559541,18.483194444435124,6144,3.9593383e-06
102.58541666670651,18.62347222221292,6145,2.380287e-05
102.46625000003982,18.64541666665737,6146,0.00013461069
102.67875000003986,18.404583333324002,6147,6.979779e-05
102.60986111115095,18.532916666657353,6148,1.1691156e-09
102.50236111115093,18.561805555546247,6149,5.446522e-05
102.89375000003989,18.44430555554623,6150,0.0001369642
102.70402777781763,18.500972222212905,6151,0.00093315967
102.6706944444843,18.57013888887958,6152,1.3566923e-08
102.67486111115096,18.468194444435124,6153,2.0859294e-09
102.5415277778176,18.555416666657358,6154,0.0005009068
102.7731944444843,18.730416666657383,6155,0.0017935821
102.8834722222621,18.657361111101817,6156,0.00018290871
102.61125000003985,18.521249999990687,6157,1.9785031e-09
102.87486111115099,18.756527777768497,6158,0.0004657289
102.5140277778176,18.74986111110183,6159,3.5523129e-09
102.67458333337318,18.66680555554626,6160,4.3523964e-05
102.57208333337317,18.669861111101817,6161,0.00060762913
102.4126388889287,18.409583333324004,6162,0.0003373673
102.89125000003988,18.762083333324053,6163,0.0008935456
102.65097222226207,18.48736111110179,6164,3.667765e-05
102.59375000003983,18.502083333324016,6165,3.5972786e-10
102.67263888892874,18.478194444435125,6166,8.41388e-10
102.89763888892877,18.41291666665734,6167,0.00020852595
102.41375000003981,18.62263888887959,6168,7.857195e-05
102.62263888892873,18.75847222221294,6169,0.025232662
102.83569444448432,18.61208333332403,6170,0.0003666427
102.5290277778176,18.746805555546274,6171,0.00016997539
102.54458333337317,18.615416666657364,6172,1.6837438e-10
102.46875000003982,18.492083333324015,6173,4.972422e-06
102.46819444448427,18.542083333324022,6174,0.00012596883
102.58680555559539,18.388749999990665,6175,9.646286e-10
102.89513888892877,18.751527777768494,6176,0.011700978
102.70041666670652,18.73347222221294,6177,0.00031967892
102.44625000003981,18.635694444435146,6178,4.5271045e-05
102.6443055555954,18.609305555546253,6179,3.0890268e-10
102.87069444448433,18.670694444435153,6180,6.779238e-05
102.6343055555954,18.74041666665738,6181,1.4323552e-05
102.81930555559542,18.428194444435118,6182,0.00014278563
102.77902777781765,18.70152777776849,6183,0.00022801457
102.58458333337317,18.527916666657354,6184,1.4660778e-08
102.86958333337321,18.602361111101807,6185,8.655003e-05
102.65236111115095,18.727916666657382,6186,0.00043859065
102.80763888892876,18.61597222221292,6187,0.019894255
102.70625000003986,18.765416666657387,6188,0.0003888077
102.41486111115093,18.62402777776848,6189,0.00043540372
102.68013888892874,18.753749999990717,6190,0.0013781077
102.82819444448431,18.75736111110183,6191,0.055113286
102.66375000003985,18.431249999990673,6192,0.00012109389
102.52125000003983,18.398194444435113,6193,9.477211e-06
102.62125000003984,18.654027777768484,6194,2.697959e-10
102.75430555559542,18.65791666665737,6195,7.001059e-05
102.72986111115097,18.451527777768455,6196,0.00026761828
102.85458333337321,18.467361111101788,6197,0.00010513143
102.75736111115097,18.397083333324,6198,8.9931986e-05
102.63763888892873,18.673749999990708,6199,7.91634e-05
102.48069444448427,18.470138888879568,6200,3.3887588e-06
102.78625000003987,18.580972222212917,6201,0.00071583164
102.72402777781764,18.676527777768484,6202,1.0168928e-10
102.75263888892876,18.408472222212893,6203,0.00016586758
102.59013888892872,18.677361111101817,6204,9.5356416e-05
102.90208333337321,18.42041666665734,6205,1.4231858e-09
102.87208333337321,18.399861111101778,6206,0.00068439136
102.49430555559537,18.392638888879556,6207,4.9700793e-06
102.4401388889287,18.729027777768493,6208,4.43589e-05
102.83291666670654,18.739027777768495,6209,9.08726e-05
102.88013888892877,18.685972222212932,6210,1.8199882e-05
102.89013888892877,18.522361111101798,6211,0.0025265883
102.67513888892874,18.47736111110179,6212,3.2149198e-06
102.83486111115099,18.746249999990717,6213,0.00038663295
102.78125000003986,18.397083333324,6214,1.8963023e-05
102.5454166667065,18.727638888879603,6215,7.404127e-05
102.44291666670648,18.731249999990716,6216,0.00015385218
102.86930555559543,18.609583333324032,6217,1.6269025e-05
102.67541666670651,18.718749999990713,6218,0.0013658237
102.60263888892872,18.712916666657378,6219,0.00048722344
102.62069444448429,18.51680555554624,6220,1.9109865e-09
102.86319444448432,18.533194444435132,6221,0.00012434702
102.7495833333732,18.500138888879572,6222,0.0001026688
102.56402777781761,18.528749999990687,6223,1.8885713e-09
102.53958333337316,18.71402777776849,6224,1.1229612e-10
102.81402777781764,18.65819444443515,6225,0.00014762407
102.53763888892873,18.63236111110181,6226,6.1153735e-09
102.70708333337319,18.694861111101822,6227,0.0011545946
102.47208333337315,18.644583333324036,6228,2.1792287e-06
102.89930555559543,18.48624999999068,6229,0.00048373608
102.81652777781765,18.585416666657363,6230,0.016431462
102.46069444448426,18.605138888879587,6231,1.3045886e-05
102.74236111115097,18.41097222221289,6232,6.366193e-05
102.48625000003982,18.404027777768448,6233,5.9644273e-05
102.67902777781762,18.469027777768456,6234,1.0584992e-07
102.89041666670654,18.504861111101793,6235,1.3167572e-07
102.47986111115094,18.647083333324037,6236,0.00022405785
102.67597222226208,18.48152777776846,6237,0.019095914
102.68375000003985,18.60708333332403,6238,1.7536733e-08
102.63875000003985,18.58291666665736,6239,9.083129e-09
102.85902777781766,18.406805555546224,6240,0.00035827514
102.4126388889287,18.41013888887956,6241,0.00014371978
102.71625000003985,18.53819444443513,6242,7.551672e-10
102.869861111151,18.484861111101793,6243,7.1823786e-05
102.74291666670652,18.48874999999068,6244,0.00046021715
102.89152777781766,18.523749999990685,6245,3.0018964e-05
102.49263888892871,18.696805555546266,6246,0.0022245091
102.45986111115093,18.618194444435144,6247,2.1221209e-05
102.4226388889287,18.675694444435152,6248,0.00047333768
102.51236111115094,18.66069444443515,6249,0.004646209
102.6354166667065,18.47069444443512,6250,1.3068231e-10
102.76791666670653,18.597361111101808,6251,0.00049265294
102.89791666670655,18.428194444435118,6252,0.0016741836
102.78847222226209,18.471805555546233,6253,0.0005945117
102.82069444448432,18.674305555546262,6254,0.00081713236
102.56597222226206,18.433749999990674,6255,0.00015285464
102.4501388889287,18.602638888879586,6256,9.177556e-05
102.85375000003988,18.551805555546245,6257,0.0007903038
102.71763888892875,18.73430555554627,6258,5.435983e-05
102.69763888892874,18.650972222212925,6259,1.6187753e-09
102.71625000003985,18.596249999990697,6260,1.4994208e-06
102.78541666670654,18.404027777768448,6261,3.0018906e-05
102.72597222226209,18.387638888879554,6262,0.00145945
102.52875000003984,18.47124999999068,6263,0.00012391811
102.5329166667065,18.51263888887957,6264,4.184028e-05
102.73041666670653,18.7690277777685,6265,0.000702033
102.63986111115095,18.45569444443512,6266,7.033351e-08
102.72763888892875,18.464027777768454,6267,0.0007094575
102.78152777781764,18.59180555554625,6268,3.785507e-05
102.82236111115098,18.510138888879574,6269,8.811753e-05
102.5454166667065,18.475972222212903,6270,9.172124e-05
102.872361111151,18.75736111110183,6271,0.00039867233
102.60875000003985,18.516527777768463,6272,9.708071e-09
102.6943055555954,18.577361111101805,6273,2.4126678e-09
102.89486111115099,18.512083333324018,6274,3.6567762e-05
102.51236111115094,18.431805555546227,6275,1.1935361e-05
102.85458333337321,18.55652777776847,6276,0.00020697573
102.56847222226206,18.480694444435123,6277,3.391144e-05
102.77236111115097,18.51569444443513,6278,0.0007747363
102.86263888892877,18.650972222212925,6279,0.12592854
102.63597222226207,18.68986111110182,6280,0.00015256605
102.4126388889287,18.419583333324006,6281,1.5284984e-05
102.6818055555954,18.57013888887958,6282,7.1046253e-09
102.85402777781765,18.69124999999071,6283,0.0012579246
102.7920833333732,18.47208333332401,6284,3.3180142e-05
102.53958333337316,18.662361111101816,6285,2.1637147e-08
102.61763888892874,18.484861111101793,6286,1.9729756e-08
102.77986111115098,18.760416666657385,6287,0.00011001572
102.70236111115096,18.502361111101795,6288,0.00093795714
102.5140277778176,18.46458333332401,6289,0.00029554166
102.53236111115095,18.576249999990694,6290,0.00018898085
102.89402777781766,18.44680555554623,6291,7.721958e-05
102.87875000003989,18.638472222212926,6292,6.117277e-05
102.46680555559537,18.68208333332404,6293,0.00056360906
102.63569444448429,18.564861111101802,6294,2.0504487e-08
102.79569444448431,18.576249999990694,6295,0.0016006171
102.62458333337318,18.70930555554627,6296,0.0022885108
102.81236111115098,18.762361111101832,6297,6.207201e-05
102.41458333337314,18.641249999990702,6298,0.00013317961
102.6731944444843,18.585972222212916,6299,1.7986393e-09
102.47291666670648,18.61236111110181,6300,1.8285917e-05
102.53958333337316,18.68069444443515,6301,1.8986643e-10
102.82847222226209,18.48902777776846,6302,6.5747176e-05
102.48819444448426,18.645694444435147,6303,0.00011113118
102.4465277778176,18.654583333324037,6304,0.000103385435
102.73236111115096,18.4559722222129,6305,0.00014393745
102.7495833333732,18.593472222212917,6306,4.4049688e-05
102.60180555559539,18.509305555546238,6307,1.5876225e-05
102.51263888892872,18.46986111110179,6308,3.556442e-05
102.62208333337318,18.736805555546272,6309,6.0287974e-05
102.89236111115099,18.480416666657348,6310,2.171282e-06
102.65125000003985,18.392083333324,6311,3.2972355e-05
102.7720833333732,18.38847222221289,6312,2.1774573e-05
102.63652777781762,18.394027777768446,6313,4.7387043e-06
102.76402777781765,18.56541666665736,6314,2.8290166e-05
102.69402777781764,18.747916666657385,6315,0.0059020827
102.51736111115093,18.648472222212927,6316,0.001765238
102.48763888892871,18.620416666657366,6317,2.2533317e-05
102.78597222226209,18.54847222221291,6318,1.1514343e-05
102.5629166667065,18.534861111101797,6319,3.3274827e-09
102.5140277778176,18.587638888879585,6320,0.00033592305
102.5529166667065,18.764583333324055,6321,7.1853254e-05
102.84680555559542,18.702361111101823,6322,0.00021546209
102.42208333337315,18.720694444435157,6323,0.0023591598
102.48263888892872,18.39847222221289,6324,4.288781e-05
102.67763888892874,18.57180555554625,6325,8.32688e-05
102.43597222226204,18.56263888887958,6326,7.9960235e-05
102.81819444448432,18.616805555546254,6327,3.1443516e-05
102.54430555559539,18.48624999999068,6328,0.006842733
102.80875000003986,18.719027777768492,6329,0.0005561517
102.68347222226207,18.62208333332403,6330,7.0146933e-09
102.61152777781761,18.49791666665735,6331,0.00030157788
102.72930555559542,18.76374999999072,6332,0.0005226284
102.81597222226209,18.45430555554623,6333,0.0001017286
102.41652777781759,18.59958333332403,6334,5.9954796e-06
102.45208333337315,18.499861111101794,6335,0.00015146268
102.80319444448432,18.466249999990676,6336,1.5318255e-05
102.60236111115096,18.686249999990707,6337,1.4552547e-05
102.72375000003986,18.47124999999068,6338,3.725728e-05
102.6418055555954,18.707083333324046,6339,0.0008117194
102.69097222226208,18.710972222212934,6340,0.00020072651
102.57625000003983,18.521249999990687,6341,2.697959e-10
102.48069444448427,18.652638888879594,6342,7.803592e-05
102.51013888892872,18.605416666657366,6343,3.193684e-05
102.49291666670649,18.62263888887959,6344,6.1223785e-05
102.85291666670655,18.432361111101784,6345,0.007280236
102.74402777781764,18.744027777768494,6346,0.0010119716
102.8584722222621,18.51319444443513,6347,0.00018915755
102.51625000003983,18.651527777768482,6348,2.5707433e-05
102.61375000003984,18.49902777776846,6349,0.00015668127
102.72430555559541,18.587361111101806,6350,8.9931965e-11
102.74680555559542,18.745138888879605,6351,0.00038975672
102.85930555559543,18.70152777776849,6352,0.00032336087
102.88569444448433,18.74708333332405,6353,0.0017968165
102.56152777781762,18.396805555546223,6354,2.3872459e-05
102.70402777781763,18.572361111101802,6355,3.7949094e-10
102.70152777781763,18.47208333332401,6356,3.0062762e-05
102.63513888892874,18.499583333324015,6357,2.7111058e-05
102.52541666670649,18.458472222212897,6358,6.0981467e-05
102.70097222226208,18.627916666657367,6359,0.0014169972
102.82375000003987,18.591527777768473,6360,0.00017963458
102.49013888892871,18.409305555546226,6361,5.4908223e-06
102.72208333337319,18.653472222212926,6362,1.9064837e-05
102.51125000003982,18.61986111110181,6363,0.00040129764
102.67902777781762,18.60986111110181,6364,1.1781087e-08
102.79736111115098,18.467083333324013,6365,0.00015947386
102.42208333337315,18.678749999990707,6366,0.0002210879
102.80930555559543,18.401805555546225,6367,0.000104207415
102.71847222226208,18.53708333332402,6368,7.194557e-10
102.74486111115097,18.480694444435123,6369,0.00022185975
102.67402777781763,18.762916666657386,6370,0.00076052704
102.74652777781763,18.53069444443513,6371,4.4667328e-09
102.87291666670654,18.577083333324026,6372,6.31725e-05
102.84486111115099,18.61597222221292,6373,0.00021585051
102.80430555559542,18.63236111110181,6374,5.884803e-05
102.82652777781765,18.75874999999072,6375,0.00073496933
102.68125000003985,18.392916666657335,6376,9.940143e-05
102.65652777781763,18.564305555546248,6377,1.2999467e-09
102.51041666670649,18.50541666665735,6378,4.74091e-06
102.88541666670655,18.502083333324016,6379,0.00010695157
102.7595833333732,18.46374999999068,6380,0.0023613959
102.4140277778176,18.76513888887961,6381,7.7970486e-05
102.70291666670651,18.482083333324013,6382,0.002406265
102.42486111115093,18.467916666657345,6383,0.00012590503
102.56819444448428,18.566249999990692,6384,1.870585e-08
102.67708333337319,18.612916666657366,6385,8.813332e-09
102.81208333337321,18.704027777768488,6386,0.00026929608
102.76513888892875,18.693472222212932,6387,3.1634867e-05
102.43208333337314,18.73347222221294,6388,0.00025253443
102.69875000003985,18.69374999999071,6389,0.0019797282
102.54625000003983,18.476527777768457,6390,3.4510103e-05
102.87152777781766,18.681527777768487,6391,0.014758118
102.47680555559538,18.5473611111018,6392,4.2087166e-05
102.76569444448431,18.6901388888796,6393,0.00012040453
102.5704166667065,18.547916666657358,6394,1.4748842e-08
102.63708333337318,18.708194444435158,6395,3.127814e-05
102.63319444448429,18.685694444435153,6396,0.00016437481
102.6243055555954,18.452361111101787,6397,0.00029187254
102.50930555559538,18.735138888879604,6398,8.546739e-10
102.6906944444843,18.768472222212942,6399,0.0014828767
102.79569444448431,18.399305555546224,6400,0.007930595
102.69347222226207,18.73486111110183,6401,0.00036051043
102.83958333337321,18.704305555546267,6402,0.00013181765
102.6268055555954,18.554305555546247,6403,1.2736857e-10
102.53958333337316,18.390972222212888,6404,2.6599022e-05
102.77652777781765,18.769583333324054,6405,0.0004580544
102.76013888892875,18.42902777776845,6406,0.0005996243
102.48486111115093,18.56513888887958,6407,1.0994457e-05
102.4765277778176,18.42152777776845,6408,5.4944826e-06
102.84430555559543,18.50569444443513,6409,0.00010748047
102.5015277778176,18.472916666657344,6410,1.1161319e-05
102.56819444448428,18.467083333324013,6411,5.2271353e-05
102.62263888892873,18.428472222212893,6412,6.95929e-05
102.49541666670649,18.62402777776848,6413,0.0004912605
102.61152777781761,18.454027777768452,6414,0.0009505047
102.67652777781763,18.434583333324007,6415,0.00024240834
102.60847222226207,18.673749999990708,6416,3.0576868e-09
102.41430555559536,18.745138888879605,6417,0.0015109724
102.48569444448427,18.649861111101814,6418,0.00012732773
102.87958333337322,18.500694444435126,6419,2.1026846e-05
102.4465277778176,18.602083333324032,6420,1.9485171e-05
102.49319444448427,18.740138888879606,6421,0.000112308255
102.62569444448428,18.420972222212892,6422,1.1969671e-05
102.47986111115094,18.760972222212942,6423,0.00016825156
102.66347222226207,18.654583333324037,6424,3.560122e-05
102.5704166667065,18.65791666665737,6425,0.00032989008
102.88069444448432,18.696527777768488,6426,5.924435e-05
102.54847222226205,18.435694444435118,6427,2.7186987e-05
102.6293055555954,18.573749999990692,6428,5.9355094e-09
102.43125000003981,18.74819444443516,6429,0.00027267018
102.4840277778176,18.63097222221292,6430,2.9941434e-06
102.82152777781765,18.45958333332401,6431,0.00032101286
102.6881944444843,18.537916666657356,6432,1.4361842e-10
102.70236111115096,18.63152777776848,6433,0.00011242369
102.69458333337319,18.39569444443511,6434,0.00065605924
102.6756944444843,18.520138888879575,6435,4.6172666e-09
102.76236111115098,18.508749999990684,6436,0.00016917146
102.64652777781762,18.39486111110178,6437,0.00011083824
102.50069444448427,18.702916666657377,6438,0.00014653157
102.87958333337322,18.68236111110182,6439,0.00059247727
102.78986111115098,18.392361111101778,6440,6.019124e-05
102.76763888892876,18.671249999990707,6441,0.0020646008
102.47847222226204,18.50374999999068,6442,6.601766e-05
102.76041666670653,18.73569444443516,6443,0.0011589241
102.62986111115096,18.41902777776845,6444,1.9644445e-05
102.69958333337318,18.49541666665735,6445,0.00059047
102.86069444448432,18.53069444443513,6446,6.503439e-05
102.58958333337317,18.63263888887959,6447,1.5185014e-09
102.84319444448433,18.620416666657366,6448,0.00014028896
102.48680555559538,18.512361111101796,6449,6.1961895e-05
102.46319444448426,18.746527777768495,6450,0.00026379805
102.65402777781763,18.401527777768447,6451,0.00010192289
102.43263888892871,18.551527777768467,6452,0.00033982735
102.84791666670654,18.507361111101794,6453,0.000252204
102.5229166667065,18.395416666657333,6454,1.8281547e-10
102.59513888892873,18.765416666657387,6455,0.00014712189
102.7445833333732,18.60486111110181,6456,0.00081785413
102.5265277778176,18.480416666657348,6457,17.434504
102.6343055555954,18.660972222212926,6458,8.0938767e-10
102.45375000003982,18.621805555546256,6459,5.7455934e-10
102.63569444448429,18.556805555546244,6460,2.3112515e-08
102.50013888892872,18.488194444435123,6461,0.00015523753
102.51375000003982,18.40986111110178,6462,3.9478964e-05
102.87263888892876,18.69152777776849,6463,0.0024333424
102.90597222226211,18.534861111101797,6464,2.2933324e-05
102.50458333337316,18.64041666665737,6465,0.0006242385
102.66986111115096,18.500694444435126,6466,2.608027e-09
102.6493055555954,18.561527777768468,6467,9.131132e-11
102.66486111115096,18.72819444443516,6468,0.0014998537
102.50513888892871,18.450138888879565,6469,0.00040268843
102.86430555559544,18.480416666657348,6470,9.010822e-05
102.81152777781764,18.639861111101812,6471,0.12472526
102.8345833333732,18.39430555554622,6472,0.00115448
102.79375000003986,18.531527777768463,6473,7.5880036e-10
102.45625000003982,18.67347222221293,6474,0.00435261
102.81263888892876,18.515972222212906,6475,0.0009907978
102.50652777781761,18.561527777768468,6476,0.00039822308
102.54930555559538,18.649861111101814,6477,0.007772729
102.78347222226209,18.482361111101792,6478,0.00019520635
102.83902777781765,18.75986111110183,6479,0.014605065
102.70625000003986,18.754305555546274,6480,0.0004300225
102.68680555559541,18.455416666657342,6481,0.00035113867
102.902361111151,18.677916666657374,6482,0.001318688
102.9009722222621,18.73958333332405,6483,0.00018614379
102.61402777781763,18.637083333324036,6484,1.5288434e-09
102.50625000003983,18.40513888887956,6485,2.248299e-09
102.74208333337319,18.664027777768485,6486,0.00027369134
102.77902777781765,18.754027777768496,6487,0.00022673803
102.52986111115094,18.680416666657376,6488,4.4965984e-10
102.45736111115093,18.68736111110182,6489,0.00057458086
102.52013888892871,18.43402777776845,6490,2.1134012e-08
102.64597222226207,18.670694444435153,6491,7.627811e-05
102.63597222226207,18.51291666665735,6492,0.0001002029
102.74486111115097,18.57902777776847,6493,1.8262306e-10
102.44902777781759,18.55374999999069,6494,8.454436e-06
102.67902777781762,18.7076388888796,6495,7.4673044e-05
102.48930555559538,18.70791666665738,6496,0.0006470311
102.90013888892877,18.475416666657345,6497,2.844569e-10
102.84625000003987,18.684305555546263,6498,0.0022640543
102.8634722222621,18.74069444443516,6499,8.814395e-05
102.44708333337316,18.62347222221292,6500,0.00023828707
102.46319444448426,18.45708333332401,6501,0.00013544383
102.47875000003982,18.700972222212933,6502,0.0008195903
102.50875000003983,18.54097222221291,6503,0.00032883175
102.88569444448433,18.766805555546277,6504,0.016597545
102.74763888892875,18.597916666657362,6505,0.00021342562
102.83486111115099,18.736527777768494,6506,0.0021192285
102.85791666670654,18.644583333324036,6507,6.9388705e-05
102.4715277778176,18.76791666665739,6508,4.4966314e-06
102.59347222226206,18.524305555546242,6509,2.1583673e-09
102.62875000003984,18.40374999999067,6510,8.9466404e-05
102.85430555559543,18.595138888879585,6511,6.911085e-05
102.76263888892875,18.74208333332405,6512,0.021311345
102.49180555559538,18.501805555546238,6513,9.092491e-06
102.7845833333732,18.42874999999067,6514,0.000116911586
102.67291666670651,18.57013888887958,6515,6.5650334e-09
102.48763888892871,18.585694444435138,6516,1.6563186e-05
102.5529166667065,18.55874999999069,6517,1.8830951e-08
102.85541666670655,18.49680555554624,6518,0.00010988656
102.81736111115099,18.57013888887958,6519,6.653904e-05
102.78930555559542,18.458472222212897,6520,8.051471e-05
102.83902777781765,18.47486111110179,6521,0.00016360384
102.86402777781765,18.57263888887958,6522,0.0003326994
102.81875000003987,18.430694444435115,6523,6.307693e-05
102.68847222226208,18.73430555554627,6524,0.0013331481
102.41541666670648,18.64291666665737,6525,0.000102432896
102.84541666670654,18.597638888879587,6526,0.0005791116
102.42375000003982,18.526805555546243,6527,9.532625e-06
102.54375000003984,18.448472222212896,6528,9.9534656e-05
102.42375000003982,18.721249999990714,6529,0.00033669942
102.7093055555954,18.753749999990717,6530,0.0010797695
102.45041666670649,18.510138888879574,6531,0.00012620687
102.66375000003985,18.639305555546258,6532,8.4963736e-05
102.57208333337317,18.53874999999069,6533,1.4299182e-08
102.73152777781763,18.768472222212942,6534,0.005192825
102.67263888892874,18.59319444443514,6535,3.9570063e-09
102.56930555559539,18.558472222212913,6536,1.6727345e-08
102.80736111115098,18.658749999990704,6537,0.0010800409
102.5290277778176,18.736527777768494,6538,0.00016207635
102.857361111151,18.413194444435113,6539,3.6303576e-05
102.7895833333732,18.50541666665735,6540,8.4174295e-05
102.76819444448431,18.649861111101814,6541,0.0004393436
102.51458333337317,18.49374999999068,6542,1.2249503e-05
102.8934722222621,18.55458333332402,6543,0.00021883435
102.53097222226205,18.61236111110181,6544,0.00028917578
102.85763888892876,18.603749999990697,6545,6.536809e-06
102.86625000003988,18.65069444443515,6546,0.0023345274
102.46791666670649,18.48874999999068,6547,3.1001433e-05
102.73180555559541,18.746249999990717,6548,0.00037182885
102.75291666670653,18.703749999990713,6549,0.0003047422
102.83180555559542,18.548194444435133,6550,9.4859294e-11
102.55875000003984,18.68374999999071,6551,2.8601102e-05
102.81930555559542,18.48152777776846,6552,2.167343e-05
102.83625000003987,18.46208333332401,6553,3.0183974e-05
102.4590277778176,18.399027777768445,6554,8.528293e-05
102.71291666670652,18.44708333332401,6555,0.00046695775
102.54458333337317,18.769861111101832,6556,7.6175274e-05
102.66402777781762,18.457638888879565,6557,1.5174138e-09
102.46125000003983,18.646249999990705,6558,5.2715895e-05
102.67180555559541,18.487083333324016,6559,2.0053778e-05
102.42041666670649,18.608194444435142,6560,5.8821253e-05
102.88930555559544,18.765416666657387,6561,5.5808254e-05
102.61125000003985,18.50402777776846,6562,0.00013924556
102.47291666670648,18.624583333324033,6563,0.008490237
102.57263888892872,18.409305555546226,6564,9.953648e-05
102.4240277778176,18.64791666665737,6565,0.0020211022
102.87763888892877,18.408194444435114,6566,5.5910845e-05
102.86430555559544,18.47124999999068,6567,1.6308934e-06
102.76763888892876,18.685138888879596,6568,0.00087954703
102.61569444448429,18.401249999990668,6569,0.00026342671
102.87125000003988,18.535416666657355,6570,0.001781164
102.47180555559538,18.690694444435152,6571,7.8210505e-05
102.64958333337319,18.635972222212924,6572,2.9677547e-09
102.52097222226205,18.728749999990715,6573,0.00029385896
102.64791666670651,18.695138888879598,6574,5.8229914e-05
102.73180555559541,18.489305555546235,6575,0.00012028369
102.6043055555954,18.626805555546255,6576,0.0005233639
102.68625000003985,18.721249999990714,6577,0.002329972
102.7706944444843,18.471527777768458,6578,0.00037111042
102.44180555559538,18.75597222221294,6579,0.0013550075
102.53319444448428,18.471805555546233,6580,3.631489e-05
102.64569444448429,18.40624999999067,6581,1.895616e-09
102.43430555559537,18.704861111101824,6582,0.000111063695
102.49819444448427,18.620138888879588,6583,0.000108733715
102.5504166667065,18.583472222212915,6584,2.886816e-08
102.77569444448432,18.49624999999068,6585,0.0015064355
102.7156944444843,18.708194444435158,6586,0.00064714445
102.4465277778176,18.6212499999907,6587,2.8327684e-05
102.46819444448427,18.534583333324022,6588,4.4491975e-05
102.81902777781765,18.600138888879584,6589,0.0009339682
102.55430555559539,18.669027777768484,6590,6.179897e-05
102.56097222226205,18.48513888887957,6591,1.42236595e-05
102.65236111115095,18.433749999990674,6592,0.00042879346
102.60513888892874,18.450416666657343,6593,6.200017e-05
102.88875000003988,18.57180555554625,6594,0.0002414059
102.53958333337316,18.57402777776847,6595,0.0006451408
102.85708333337321,18.440138888879563,6596,1.748722e-05
102.43402777781759,18.51458333332402,6597,1.9893097e-05
102.8070833333732,18.68874999999071,6598,0.001524982
102.44125000003982,18.49541666665735,6599,4.9681253e-06
102.64125000003985,18.52180555554624,6600,7.6592295e-11
102.61736111115096,18.489861111101792,6601,1.728077e-09
102.74152777781764,18.394027777768446,6602,0.00025303636
102.54069444448427,18.601805555546253,6603,4.1399562e-05
102.52375000003983,18.51180555554624,6604,0.003752622
102.64819444448429,18.559583333324024,6605,7.955166e-05
102.66513888892874,18.573749999990692,6606,4.174542e-09
102.62513888892873,18.72180555554627,6607,0.00043177788
102.58958333337317,18.662638888879595,6608,3.851277e-05
102.44125000003982,18.434583333324007,6609,1.767133e-05
102.4440277778176,18.541805555546244,6610,2.4869983e-05
102.7131944444843,18.53597222221291,6611,1.3005516e-08
102.81291666670654,18.520138888879575,6612,4.474397e-05
102.75208333337319,18.413194444435113,6613,0.00038883576
102.89569444448432,18.541527777768465,6614,1.643632e-05
102.52708333337316,18.588749999990696,6615,0.005424383
102.53625000003983,18.432361111101784,6616,4.765902e-06
102.80513888892875,18.610972222212922,6617,0.0001272781
102.44180555559538,18.451527777768455,6618,4.0107072e-05
102.65041666670652,18.70874999999071,6619,0.00023575625
102.8195833333732,18.70930555554627,6620,0.00017588618
102.48486111115093,18.46986111110179,6621,8.016905e-05
102.81513888892876,18.76374999999072,6622,0.00023960361
102.75097222226208,18.694583333324044,6623,0.0019795918
102.84180555559543,18.65041666665737,6624,0.00024506717
102.76680555559543,18.399027777768445,6625,0.00012257545
102.67347222226208,18.634305555546256,6626,6.5308916e-07
102.57180555559539,18.41236111110178,6627,0.00021602071
102.56125000003983,18.547916666657358,6628,6.7448975e-09
102.4140277778176,18.442083333324007,6629,0.0046645803
102.44458333337315,18.677916666657374,6630,4.5881592e-05
102.77930555559541,18.38847222221289,6631,1.983062e-05
102.76958333337319,18.73458333332405,6632,0.0003102455
102.62958333337318,18.50541666665735,6633,4.586371e-10
102.43291666670649,18.58152777776847,6634,4.8283844e-10
102.90347222226211,18.677638888879596,6635,0.0038864
102.4551388889287,18.745694444435163,6636,9.1023485e-06
102.64791666670651,18.591527777768473,6637,4.3942272e-08
102.63652777781762,18.59319444443514,6638,8.903265e-09
102.78375000003986,18.709583333324044,6639,0.00023537841
102.44902777781759,18.66319444443515,6640,0.0002588405
102.51930555559538,18.432638888879563,6641,2.5840519e-08
102.66902777781763,18.585694444435138,6642,1.0791836e-09
102.5429166667065,18.62347222221292,6643,7.6196255e-10
102.69763888892874,18.595138888879585,6644,6.200528e-10
102.81180555559543,18.476249999990678,6645,0.00012972522
102.77680555559542,18.57180555554625,6646,0.0007057684
102.74736111115097,18.76763888887961,6647,0.0012824605
102.5029166667065,18.476527777768457,6648,0.00033581254
102.54041666670649,18.48263888887957,6649,0.000100179604
102.61625000003984,18.458472222212897,6650,3.7771426e-09
102.42430555559537,18.42763888887956,6651,5.495714e-06
102.59152777781762,18.471805555546233,6652,0.00020686773
102.61458333337318,18.700694444435154,6653,9.002217e-05
102.49263888892871,18.577083333324026,6654,6.2004756e-06
102.86569444448432,18.405416666657334,6655,0.002863256
102.7195833333732,18.750138888879608,6656,6.04538e-05
102.75680555559542,18.693194444435154,6657,1.58942e-10
102.63125000003984,18.465416666657344,6658,4.0469383e-09
102.47013888892872,18.50541666665735,6659,1.8185303e-05
102.67375000003985,18.676527777768484,6660,0.00012288784
102.51569444448427,18.685416666657375,6661,6.237709e-05
102.53097222226205,18.549027777768465,6662,2.8341605e-05
102.5818055555954,18.624305555546254,6663,1.6443706e-05
102.86625000003988,18.491527777768457,6664,8.157037e-05
102.72208333337319,18.399583333324003,6665,0.00023425493
102.88458333337321,18.534861111101797,6666,4.9659473e-05
102.43736111115093,18.62347222221292,6667,0.000692487
102.47791666670649,18.60347222221292,6668,0.00011220197
102.8634722222621,18.539027777768467,6669,6.639795e-10
102.70680555559541,18.617083333324032,6670,5.470439e-05
102.55597222226206,18.684583333324042,6671,0.00011319193
102.49291666670649,18.73708333332405,6672,0.00024941217
102.42736111115093,18.68736111110182,6673,3.800436e-05
102.7970833333732,18.467638888879566,6674,0.00021030221
102.85513888892876,18.550138888879577,6675,0.00019262201
102.81319444448431,18.592916666657363,6676,5.730716e-05
102.7970833333732,18.42041666665734,6677,0.0001500946
102.43319444448426,18.60736111110181,6678,5.590056e-05
102.4604166667065,18.540694444435132,6679,5.1059455e-05
102.89458333337322,18.553194444435135,6680,0.0040885517
102.72791666670652,18.43513888887956,6681,0.00012024613
102.61652777781762,18.578749999990695,6682,2.7269168e-08
102.63486111115095,18.459027777768455,6683,5.305986e-09
102.59986111115096,18.72569444443516,6684,0.00019412923
102.8259722222621,18.65680555554626,6685,0.00023408467
102.85152777781765,18.670972222212928,6686,0.07278065
102.48625000003982,18.678749999990707,6687,2.444709e-05
102.88069444448432,18.672361111101818,6688,0.00026325576
102.74291666670652,18.617638888879586,6689,0.0012626003
102.77625000003987,18.47069444443512,6690,0.00015243553
102.67208333337318,18.566805555546246,6691,4.946258e-09
102.43041666670648,18.504861111101793,6692,0.0011672024
102.81652777781765,18.757916666657387,6693,0.00053580076
102.46430555559537,18.405972222212892,6694,2.177477e-05
102.49430555559537,18.637361111101814,6695,0.0003530242
102.59791666670651,18.768194444435164,6696,0.00032015514
102.79652777781764,18.597916666657362,6697,0.00015387172
102.73708333337319,18.43680555554623,6698,0.003771527
102.4801388889287,18.7076388888796,6699,0.00016824405
102.43569444448426,18.641249999990702,6700,2.3356357e-05
102.74180555559542,18.41763888887956,6701,0.041111708
102.54625000003983,18.583749999990694,6702,4.306842e-07
102.77236111115097,18.689027777768487,6703,0.00020020819
102.75013888892875,18.50402777776846,6704,0.0020322746
102.75263888892876,18.43152777776845,6705,0.00010036775
102.63625000003985,18.485694444435126,6706,1.46589105e-08
102.83736111115098,18.524305555546242,6707,5.215633e-05
102.56847222226206,18.662361111101816,6708,9.92561e-06
102.71458333337318,18.387083333324,6709,3.5887944e-05
102.55875000003984,18.659027777768483,6710,4.0469383e-09
102.68791666670651,18.38819444443511,6711,6.329847e-05
102.61041666670651,18.769861111101832,6712,5.932704e-05
102.54069444448427,18.490972222212903,6713,2.9159793e-05
102.87402777781766,18.433472222212895,6714,3.7584658e-05
102.41958333337315,18.506249999990683,6715,0.00011780685
102.83791666670653,18.634861111101813,6716,0.002714028
102.50013888892872,18.63152777776848,6717,8.149336e-05
102.42041666670649,18.636805555546257,6718,7.6867975e-05
102.88152777781765,18.429861111101783,6719,0.00024671198
102.82375000003987,18.498194444435125,6720,0.0003795537
102.89791666670655,18.43541666665734,6721,1.00026e-07
102.60486111115095,18.41902777776845,6722,3.3472726e-05
102.90069444448433,18.536249999990687,6723,5.395918e-10
102.6281944444843,18.64041666665737,6724,9.930508e-10
102.60763888892873,18.686249999990707,6725,2.8871316e-05
102.51486111115094,18.61736111110181,6726,1.8285331e-05
102.49125000003983,18.457361111101786,6727,0.00032524482
102.82625000003988,18.42930555554623,6728,2.3698385e-05
102.75486111115097,18.405972222212892,6729,3.9069128e-05
102.66236111115096,18.76374999999072,6730,3.976618e-05
102.8559722222621,18.49902777776846,6731,0.001959955
102.57069444448427,18.763194444435165,6732,0.00017704211
102.87986111115099,18.52208333332402,6733,0.00034154602
102.61291666670651,18.398194444435113,6734,0.00017087098
102.84680555559542,18.5573611111018,6735,0.00029930263
102.85125000003987,18.673749999990708,6736,0.0005515826
102.45680555559538,18.512361111101796,6737,3.103396e-05
102.65402777781763,18.450416666657343,6738,4.3167345e-09
102.55763888892872,18.42263888887956,6739,1.6823862e-05
102.52875000003984,18.64902777776848,6740,0.0080300085
102.5654166667065,18.535138888879576,6741,7.194557e-10
102.79736111115098,18.575694444435136,6742,0.0001652387
102.62902777781763,18.747916666657385,6743,0.14560242
102.85319444448432,18.522916666657352,6744,0.0012238013
102.88125000003988,18.636527777768478,6745,3.5006751e-06
102.43152777781759,18.708194444435158,6746,0.00031163456
102.42319444448425,18.479305555546237,6747,2.716412e-10
102.6093055555954,18.47736111110179,6748,5.689203e-10
102.60847222226207,18.525138888879574,6749,8.5435365e-09
102.77680555559542,18.58013888887958,6750,0.00010242409
102.47041666670648,18.413194444435113,6751,2.0331057e-05
102.48875000003983,18.392916666657335,6752,1.0987968e-05
102.52819444448427,18.715972222212937,6753,3.3897766e-06
102.65791666670651,18.719027777768492,6754,0.06576302
102.62125000003984,18.730138888879605,6755,2.9431096e-05
102.78486111115097,18.53208333332402,6756,0.0005768819
102.7620833333732,18.700694444435154,6757,4.4965984e-10
102.869861111151,18.7051388888796,6758,0.0002117657
102.90152777781766,18.404305555546223,6759,0.00054984813
102.6581944444843,18.695416666657376,6760,0.0046953144
102.84791666670654,18.475416666657345,6761,0.00011461189
102.89486111115099,18.655972222212927,6762,0.00051847094
102.61541666670651,18.458472222212897,6763,8.993197e-10
102.62458333337318,18.628472222212924,6764,6.723402e-05
102.57513888892872,18.72708333332405,6765,1.9617895e-05
102.7195833333732,18.567638888879582,6766,2.3112538e-08
102.71458333337318,18.456527777768454,6767,0.0015439299
102.83652777781765,18.56513888887958,6768,0.00021003115
102.63263888892874,18.751527777768494,6769,9.903908e-05
102.69902777781763,18.409027777768447,6770,0.0007116637
102.55486111115094,18.65180555554626,6771,5.953358e-05
102.42208333337315,18.462916666657343,6772,0.00015358321
102.59847222226206,18.645972222212926,6773,1.6100495e-10
102.58541666670651,18.497361111101792,6774,4.856326e-09
102.82430555559543,18.416805555546226,6775,7.2903196e-05
102.55263888892873,18.392083333324,6776,5.0465213e-05
102.6193055555954,18.757916666657387,6777,0.0003045219
102.84986111115099,18.40347222221289,6778,0.00039042498
102.83652777781765,18.448749999990675,6779,6.696954e-05
102.55569444448427,18.752916666657384,6780,0.0010084516
102.75597222226209,18.40097222221289,6781,0.0004896853
102.45375000003982,18.532916666657353,6782,0.00015473683
102.81208333337321,18.519583333324018,6783,0.0001504389
102.71513888892875,18.6137499999907,6784,7.524188e-05
102.90652777781766,18.640972222212923,6785,0.00018798813
102.45791666670648,18.559027777768467,6786,2.457103e-09
102.75180555559541,18.503194444435128,6787,0.00034641477
102.68652777781763,18.617638888879586,6788,4.7543586e-10
102.43375000003982,18.765416666657387,6789,8.0760314e-05
102.6518055555954,18.49624999999068,6790,1.6267442e-05
102.872361111151,18.654583333324037,6791,0.0001897271
102.60069444448429,18.491249999990682,6792,1.9890647e-10
102.85152777781765,18.422916666657336,6793,0.00061669626
102.52486111115094,18.582638888879583,6794,0.00022515417
102.65513888892873,18.539305555546242,6795,5.6657137e-09
102.80986111115098,18.478194444435125,6796,0.0025218672
102.54069444448427,18.554305555546247,6797,4.8276383e-05
102.83819444448432,18.7665277777685,6798,0.00025704334
102.79736111115098,18.5298611111018,6799,0.00045075873
102.90291666670655,18.617083333324032,6800,0.00070247316
102.83819444448432,18.53708333332402,6801,0.00028320306
102.44180555559538,18.47069444443512,6802,6.3078565e-05
102.89763888892877,18.624583333324033,6803,0.000856146
102.6243055555954,18.64930555554626,6804,1.6839807e-09
102.84375000003988,18.50541666665735,6805,4.9080973e-05
102.78236111115098,18.717361111101823,6806,7.726747e-05
102.66875000003985,18.737916666657384,6807,0.00019635326
102.6468055555954,18.51152777776846,6808,3.134063e-09
102.64763888892874,18.74236111110183,6809,0.09624632
102.67513888892874,18.702083333324044,6810,0.002417233
102.49597222226205,18.395416666657333,6811,3.4966553e-05
102.45097222226204,18.604305555546254,6812,7.90999e-05
102.85763888892876,18.42152777776845,6813,6.190401e-05
102.42430555559537,18.6387499999907,6814,0.007644036
102.71652777781763,18.44680555554623,6815,0.15135883
102.64458333337318,18.720138888879603,6816,0.00034198485
102.74180555559542,18.699305555546267,6817,0.00033944388
102.4226388889287,18.65680555554626,6818,0.0008304341
102.45208333337315,18.73708333332405,6819,0.0016617097
102.66569444448429,18.45708333332401,6820,5.3808596e-10
102.5415277778176,18.408194444435114,6821,1.6187753e-09
102.50430555559538,18.524305555546242,6822,0.0010491933
102.62291666670652,18.628472222212924,6823,0.0075793
102.66736111115097,18.716249999990712,6824,0.0027631312
102.50097222226205,18.567083333324025,6825,8.9032646e-08
102.5040277778176,18.575138888879582,6826,2.2589387e-10
102.4890277778176,18.48152777776846,6827,0.0028918537
102.7206944444843,18.566249999990692,6828,9.9492824e-11
102.4515277778176,18.475416666657345,6829,1.489743e-05
102.8634722222621,18.64291666665737,6830,3.796483e-10
102.74125000003986,18.766805555546277,6831,0.0016496977
102.4879166667065,18.713749999990714,6832,0.00014906509
102.57152777781761,18.679305555546264,6833,9.060214e-05
102.5779166667065,18.71541666665738,6834,3.923446e-05
102.57208333337317,18.635972222212924,6835,1.7986393e-10
102.81541666670654,18.58958333332403,6836,0.00020067608
102.8170833333732,18.563472222212912,6837,0.00020889394
102.66708333337318,18.507361111101794,6838,4.1368704e-09
102.57097222226206,18.434583333324007,6839,2.9064024e-05
102.71986111115096,18.499861111101794,6840,0.00047422724
102.42819444448426,18.711249999990713,6841,8.0191596e-05
102.87402777781766,18.63291666665737,6842,0.0070045777
102.50263888892871,18.471527777768458,6843,6.321131e-06
102.60125000003984,18.627083333324034,6844,0.00020534304
102.80569444448432,18.711805555546267,6845,0.0002504137
102.89819444448433,18.483194444435124,6846,9.819509e-05
102.57875000003983,18.729861111101826,6847,4.98999e-06
102.75291666670653,18.637083333324036,6848,0.03216429
102.51013888892872,18.474305555546234,6849,6.8932193e-10
102.42319444448425,18.739861111101828,6850,7.012792e-05
102.72486111115097,18.471805555546233,6851,5.658656e-05
102.81986111115098,18.536805555546245,6852,4.3085536e-05
102.49375000003982,18.753749999990717,6853,3.923801e-05
102.6329166667065,18.629583333324035,6854,1.531887e-05
102.78402777781764,18.412083333324002,6855,2.1668322e-05
102.66708333337318,18.499861111101794,6856,1.7087073e-09
102.58319444448428,18.765694444435166,6857,0.000836632
102.44125000003982,18.474027777768455,6858,2.8594322e-05
102.43152777781759,18.416249999990672,6859,3.3478464e-05
102.45347222226204,18.656249999990706,6860,0.00047285823
102.44180555559538,18.487083333324016,6861,2.1781316e-06
102.88958333337321,18.390416666657334,6862,6.366172e-05
102.53375000003983,18.448749999990675,6863,2.6979592e-09
102.89069444448432,18.605138888879587,6864,0.0344882
102.69958333337318,18.58819444443514,6865,1.4745593e-09
102.49347222226204,18.572083333324027,6866,9.533049e-06
102.59736111115095,18.564861111101802,6867,0.00010984486
102.57847222226206,18.409027777768447,6868,0.00038319628
102.6193055555954,18.684027777768485,6869,7.647041e-06
102.44486111115093,18.734027777768492,6870,0.0001277802
102.79986111115097,18.397916666657334,6871,0.00014158619
102.82180555559543,18.661249999990705,6872,6.8544265e-05
102.8384722222621,18.714861111101825,6873,0.0022280205
102.6093055555954,18.42763888887956,6874,6.2950174e-05
102.50458333337316,18.679027777768486,6875,0.00054050155
102.64625000003984,18.631805555546258,6876,1.649381e-10
102.88902777781766,18.60736111110181,6877,2.2343165e-05
102.41625000003981,18.720138888879603,6878,0.0003232986
102.71013888892874,18.59680555554625,6879,1.3490516e-05
102.4740277778176,18.516527777768463,6880,7.6589065e-05
102.67625000003986,18.390416666657334,6881,4.4717643e-05
102.6431944444843,18.752916666657384,6882,0.00021446939
102.46069444448426,18.534305555546243,6883,0.00024661276
102.58625000003984,18.694305555546265,6884,0.00094912265
102.42041666670649,18.738194444435162,6885,7.8386016e-05
102.43180555559537,18.41236111110178,6886,0.0004224951
102.54819444448428,18.557083333324023,6887,4.1368704e-09
102.54736111115095,18.5298611111018,6888,0.00016175026
102.41847222226204,18.54097222221291,6889,9.165912e-05
102.63486111115095,18.576805555546247,6890,1.5288434e-08
102.50930555559538,18.72180555554627,6891,9.953861e-06
102.43125000003981,18.560138888879578,6892,0.0005196543
102.55097222226206,18.509583333324017,6893,0.00045021262
102.54041666670649,18.45958333332401,6894,3.2856507e-05
102.52180555559538,18.549305555546244,6895,5.7621826e-05
102.55236111115094,18.751527777768494,6896,4.875414e-05
102.48625000003982,18.551805555546245,6897,1.6317601e-05
102.4265277778176,18.518472222212907,6898,8.711958e-06
102.82291666670653,18.573749999990692,6899,0.00064676715
102.85069444448432,18.418194444435116,6900,0.00022730377
102.60763888892873,18.603194444435143,6901,2.7878908e-09
102.69875000003985,18.43902777776845,6902,0.0017767888
102.66569444448429,18.616805555546254,6903,7.0146933e-09
102.54680555559538,18.677916666657374,6904,8.453605e-09
102.82375000003987,18.70041666665738,6905,0.00031933188
102.67625000003986,18.629027777768478,6906,2.2455274e-06
102.51208333337316,18.4859722222129,6907,4.7919126e-05
102.66791666670652,18.73930555554627,6908,7.619969e-05
102.56847222226206,18.536249999990687,6909,9.083129e-09
102.69347222226207,18.577361111101805,6910,3.0637315e-10
102.46625000003982,18.642083333324035,6911,1.9066858e-05
102.82486111115098,18.651527777768482,6912,3.064916e-05
102.59652777781761,18.597361111101808,6913,1.715656e-05
102.44708333337316,18.482916666657346,6914,1.7671333e-05
102.70986111115097,18.423472222212894,6915,3.990195e-05
102.7606944444843,18.65680555554626,6916,0.00018374197
102.54958333337316,18.424861111101784,6917,1.5244196e-05
102.77430555559542,18.625694444435144,6918,0.0009937934
102.8609722222621,18.409305555546226,6919,0.002631407
102.44819444448426,18.410694444435116,6920,0.00016549826
102.45041666670649,18.661527777768484,6921,0.00018163637
102.4790277778176,18.40986111110178,6922,2.8121764e-08
102.6706944444843,18.720416666657382,6923,0.0019545748
102.65013888892874,18.48736111110179,6924,1.2590475e-09
102.77041666670652,18.45486111110179,6925,0.000116924384
102.87791666670654,18.68958333332404,6926,0.004562604
102.45708333337315,18.672638888879597,6927,0.00014616465
102.75875000003987,18.659027777768483,6928,0.0051467344
102.89625000003988,18.549305555546244,6929,7.817659e-05
102.72652777781764,18.63513888887959,6930,0.0007503091
102.77569444448432,18.630416666657368,6931,0.00021005592
102.61263888892873,18.72819444443516,6932,4.0653056e-05
102.79097222226208,18.675138888879594,6933,0.00077634706
102.69958333337318,18.560416666657357,6934,1.2332593e-09
102.52597222226206,18.469305555546235,6935,7.212429e-05
102.62763888892873,18.46208333332401,6936,9.892516e-10
102.90569444448433,18.630416666657368,6937,0.00030513352
102.88791666670654,18.66708333332404,6938,0.0003240681
102.42208333337315,18.507083333324015,6939,2.1777225e-06
102.67541666670651,18.443749999990676,6940,0.00028479923
102.64097222226206,18.637916666657368,6941,8.541835e-10
102.5793055555954,18.49486111110179,6942,1.4918267e-10
102.50458333337316,18.650138888879592,6943,0.00037007284
102.43652777781759,18.715694444435158,6944,0.00030010176
102.75986111115097,18.470138888879568,6945,0.0009892518
102.61847222226207,18.542638888879576,6946,1.6832272e-10
102.59763888892873,18.409027777768447,6947,0.000109691
102.68347222226207,18.51180555554624,6948,1.8967823e-09
102.6243055555954,18.674027777768487,6949,1.8837676e-07
102.46819444448427,18.67958333332404,6950,0.00014869582
102.6543055555954,18.756249999990718,6951,0.0007785365
102.53097222226205,18.731527777768495,6952,5.2593145e-06
102.59013888892872,18.66458333332404,6953,9.808833e-05
102.57680555559539,18.56541666665736,6954,1.7680917e-07
102.69625000003985,18.471805555546233,6955,0.0036221768
102.64152777781763,18.560416666657357,6956,2.9740535e-08
102.63375000003984,18.406805555546224,6957,1.6486636e-05
102.73736111115097,18.449861111101786,6958,0.003811537
102.69319444448429,18.763194444435165,6959,0.051350225
102.6568055555954,18.554305555546247,6960,6.0487448e-05
102.44236111115093,18.546527777768468,6961,0.00024178186
102.50819444448427,18.729027777768493,6962,1.4366759e-05
102.83791666670653,18.610694444435143,6963,0.00023551467
102.70875000003986,18.53597222221291,6964,1.6831803e-10
102.52597222226206,18.44819444443512,6965,0.000102269245
102.4965277778176,18.716249999990712,6966,0.0004264398
102.80263888892875,18.454027777768452,6967,8.3907384e-05
102.72763888892875,18.745416666657384,6968,0.00038491594
102.57847222226206,18.39736111110178,6969,5.448832e-05
102.69847222226207,18.555694444435133,6970,9.362506e-08
102.44041666670648,18.764027777768497,6971,0.005247277
102.63625000003985,18.74041666665738,6972,8.093927e-05
102.80569444448432,18.46208333332401,6973,0.00019104627
102.57069444448427,18.67986111110182,6974,0.00018060097
102.62541666670651,18.48513888887957,6975,4.7818453e-08
102.48375000003982,18.705416666657378,6976,0.00020909066
102.52013888892871,18.71652777776849,6977,2.7106898e-05
102.68986111115096,18.66458333332404,6978,0.00012032982
102.4376388889287,18.580972222212917,6979,2.9375464e-05
102.50236111115093,18.7665277777685,6980,0.0002920344
102.48680555559538,18.410694444435116,6981,1.4530085e-10
102.77486111115097,18.415416666657336,6982,0.02000808
102.48625000003982,18.450416666657343,6983,1.4114361e-05
102.46597222226204,18.59180555554625,6984,3.795597e-05
102.81847222226209,18.699305555546267,6985,0.0005714591
102.63708333337318,18.439861111101784,6986,0.0008800473
102.5793055555954,18.448472222212896,6987,0.00028474935
102.52013888892871,18.549305555546244,6988,0.020606961
102.68763888892875,18.755138888879607,6989,0.00017983327
102.75652777781764,18.712083333324045,6990,0.00012779917
102.79569444448431,18.678194444435153,6991,0.00027148818
102.70763888892874,18.71152777776849,6992,0.000106816544
102.68736111115096,18.44402777776845,6993,0.00012959076
102.88847222226211,18.627916666657367,6994,0.00026610828
102.66958333337318,18.5298611111018,6995,1.6490546e-10
102.4690277778176,18.559027777768467,6996,0.00013085554
102.75791666670654,18.587638888879585,6997,3.1043284e-05
102.4904166667065,18.674027777768487,6998,0.0001419859
102.88847222226211,18.457361111101786,6999,5.5549397e-05
102.47375000003983,18.44430555554623,7000,8.710502e-06
102.79152777781765,18.55458333332402,7001,2.5341134e-05
102.65069444448429,18.498749999990682,7002,3.297911e-10
102.5929166667065,18.648749999990702,7003,7.845288e-05
102.72263888892874,18.4734722222129,7004,0.0001403086
102.58513888892873,18.563472222212912,7005,3.1533054e-05
102.70180555559541,18.485416666657347,7006,0.00010583899
102.87958333337322,18.575972222212915,7007,0.00034180007
102.46486111115094,18.525416666657353,7008,9.1731665e-05
102.77097222226209,18.452638888879566,7009,0.0043665674
102.76319444448431,18.630416666657368,7010,5.2433643e-05
102.87013888892876,18.56513888887958,7011,8.746102e-05
102.62097222226207,18.696805555546266,7012,2.2941756e-05
102.65513888892873,18.70902777776849,7013,0.00039646856
102.67402777781763,18.424305555546226,7014,0.028775385
102.87541666670654,18.73180555554627,7015,0.00016739286
102.6831944444843,18.618472222212922,7016,7.734149e-09
102.62736111115096,18.63902777776848,7017,9.533478e-06
102.43375000003982,18.618194444435144,7018,1.6563226e-10
102.53486111115095,18.673749999990708,7019,2.697959e-10
102.75902777781764,18.555416666657358,7020,1.5318576e-10
102.52069444448428,18.690694444435152,7021,2.9867753e-10
102.63625000003985,18.717638888879602,7022,3.0217825e-05
102.57569444448428,18.602916666657364,7023,5.216054e-09
102.73680555559541,18.53847222221291,7024,0.00031961367
102.52458333337316,18.657361111101817,7025,0.00018382723
102.8320833333732,18.568194444435136,7026,0.00026041915
102.76291666670653,18.606805555546252,7027,0.00012676379
102.5779166667065,18.45208333332401,7028,2.8502332e-05
102.55819444448427,18.55624999999069,7029,2.9677547e-09
102.52847222226205,18.392361111101778,7030,4.3524988e-06
102.43458333337315,18.739027777768495,7031,0.0010341665
102.47458333337316,18.43152777776845,7032,1.4389114e-09
102.85375000003988,18.55458333332402,7033,5.8322643e-05
102.8709722222621,18.617638888879586,7034,8.870026e-06
102.5415277778176,18.664027777768485,7035,4.3475794e-08
102.67763888892874,18.389583333324,7036,0.00029899614
102.53236111115095,18.751805555546273,7037,0.00022088252
102.58902777781762,18.490972222212903,7038,1.6828672e-10
102.85791666670654,18.58319444443514,7039,1.897734e-05
102.80402777781765,18.636527777768478,7040,0.02368419
102.78152777781764,18.70902777776849,7041,8.079209e-05
102.42819444448426,18.459305555546234,7042,2.7392824e-05
102.62597222226206,18.445138888879562,7043,0.00020935034
102.60513888892874,18.402916666657337,7044,3.4370052e-05
102.66041666670651,18.429861111101783,7045,0.00013374067
102.72402777781764,18.58319444443514,7046,2.9850564e-10
102.79069444448432,18.477638888879568,7047,0.00019049417
102.6393055555954,18.558472222212913,7048,1.7087073e-08
102.77041666670652,18.559305555546246,7049,7.274563e-05
102.52819444448427,18.676805555546263,7050,7.914013e-09
102.83513888892877,18.530416666657352,7051,0.0018021958
102.80236111115099,18.58930555554625,7052,9.655868e-05
102.57986111115095,18.72597222221294,7053,7.0071736e-05
102.51263888892872,18.75986111110183,7054,2.697959e-10
102.54513888892872,18.718749999990713,7055,9.4850344e-05
102.56652777781761,18.70791666665738,7056,1.6106176e-10
102.6668055555954,18.387083333324,7057,0.0003168101
102.46847222226204,18.68874999999071,7058,0.00064161635
102.85902777781766,18.43402777776845,7059,1.1970032e-05
102.82958333337321,18.677638888879596,7060,0.0007065482
102.76569444448431,18.751527777768494,7061,3.504291e-05
102.72791666670652,18.585138888879584,7062,7.5903855e-10
102.43569444448426,18.510138888879574,7063,5.690291e-10
102.83763888892877,18.475416666657345,7064,0.00016140615
102.76958333337319,18.475972222212903,7065,6.1633065e-05
102.72347222226207,18.527916666657354,7066,1.5031127e-09
102.90486111115099,18.75847222221294,7067,0.0010175962
102.55902777781762,18.55347222221291,7068,5.1261217e-09
102.53208333337317,18.47874999999068,7069,0.007704434
102.5579166667065,18.720694444435157,7070,6.0166025e-05
102.52541666670649,18.495694444435127,7071,3.725919e-05
102.90680555559544,18.668749999990705,7072,0.0004631709
102.52736111115094,18.472916666657344,7073,4.349647e-05
102.50069444448427,18.42736111110178,7074,5.495766e-11
102.7106944444843,18.550416666657355,7075,2.697959e-10
102.50513888892871,18.54763888887958,7076,4.79225e-05
102.85680555559543,18.43513888887956,7077,0.0004478451
102.49236111115094,18.75874999999072,7078,2.8116528e-05
102.51291666670649,18.45569444443512,7079,0.0013349435
102.57263888892872,18.729305555546272,7080,7.345094e-05
102.5329166667065,18.65930555554626,7081,2.3382312e-09
102.73013888892875,18.597638888879587,7082,0.003354479
102.48569444448427,18.489861111101792,7083,4.7412736e-06
102.50125000003983,18.537638888879577,7084,4.4076194e-05
102.52958333337317,18.63902777776848,7085,5.5757816e-09
102.5329166667065,18.619305555546255,7086,8.5409e-10
102.54347222226205,18.4859722222129,7087,9.085281e-05
102.7745833333732,18.68736111110182,7088,5.766781e-05
102.42041666670649,18.43680555554623,7089,6.9947537e-06
102.88041666670655,18.65541666665737,7090,0.00014060525
102.44180555559538,18.52930555554624,7091,3.3359633e-05
102.83625000003987,18.481805555546234,7092,0.00016679624
102.71652777781763,18.704861111101824,7093,0.0006649922
102.78652777781764,18.708194444435158,7094,0.0020583442
102.50763888892871,18.53874999999069,7095,2.724889e-05
102.5643055555954,18.616805555546254,7096,5.5757816e-09
102.86375000003987,18.395416666657333,7097,3.3738776e-05
102.65347222226207,18.502361111101795,7098,2.0774284e-08
102.70375000003986,18.57930555554625,7099,4.74383e-10
102.65625000003985,18.43513888887956,7100,5.4217646e-05
102.4390277778176,18.52708333332402,7101,1.5807984e-05
102.43736111115093,18.76013888887961,7102,0.0002393677
102.7345833333732,18.610416666657365,7103,0.00010231819
102.62708333337318,18.47874999999068,7104,1.14860885e-08
102.45236111115094,18.652916666657372,7105,0.0882631
102.74652777781763,18.50291666665735,7106,3.70556e-05
102.56819444448428,18.754027777768496,7107,0.00035166403
102.58763888892872,18.456527777768454,7108,0.0009539334
102.85958333337321,18.49013888887957,7109,0.000351582
102.77736111115098,18.47208333332401,7110,0.00011319705
102.90402777781766,18.452638888879566,7111,7.761648e-05
102.81791666670654,18.483749999990682,7112,0.0005328914
102.4401388889287,18.618749999990698,7113,3.4998168e-06
102.49847222226205,18.579861111101806,7114,0.00020176765
102.58569444448428,18.652083333324036,7115,1.5318927e-05
102.7281944444843,18.669861111101817,7116,4.5368598e-09
102.74263888892875,18.515972222212906,7117,0.05602013
102.50819444448427,18.72819444443516,7118,9.5240684e-05
102.62763888892873,18.58902777776847,7119,0.013200114
102.8384722222621,18.528749999990687,7120,0.00036504676
102.7570833333732,18.519027777768464,7121,5.4786415e-05
102.87763888892877,18.41402777776845,7122,0.00012795224
102.84152777781765,18.636527777768478,7123,0.00027664404
102.53180555559538,18.39624999999067,7124,6.9934267e-06
102.5704166667065,18.554027777768468,7125,1.6727345e-08
102.82013888892877,18.725138888879602,7126,0.00017748623
102.62902777781763,18.7665277777685,7127,0.00012237534
102.52236111115094,18.490972222212903,7128,3.2625205e-05
102.78180555559543,18.460416666657345,7129,0.00018757129
102.70708333337319,18.48652777776846,7130,0.0002051812
102.62291666670652,18.745138888879605,7131,4.9792193e-06
102.57430555559539,18.554305555546247,7132,2.059442e-08
102.89402777781766,18.76124999999072,7133,0.0010487603
102.48097222226204,18.43541666665734,7134,5.606575e-06
102.83819444448432,18.500694444435126,7135,0.00013957264
102.79263888892875,18.497361111101792,7136,0.00056505785
102.80375000003987,18.711805555546267,7137,0.0031455578
102.89263888892877,18.56124999999069,7138,0.00055644
102.71236111115097,18.744027777768494,7139,0.0003218625
102.43625000003982,18.66430555554626,7140,0.00076099334
102.86708333337322,18.630694444435147,7141,0.0009725946
102.58319444448428,18.43819444443512,7142,0.00014415992
102.5604166667065,18.60986111110181,7143,2.6529928e-08
102.89208333337321,18.63513888887959,7144,7.628339e-05
102.58708333337317,18.49013888887957,7145,3.2375507e-09
102.70958333337319,18.599027777768473,7146,2.510362e-05
102.8145833333732,18.57263888887958,7147,0.007008566
102.53375000003983,18.702083333324044,7148,1.329233e-09
102.54986111115095,18.51569444443513,7149,5.0091858e-05
102.90319444448433,18.61986111110181,7150,9.799962e-05
102.68208333337319,18.595138888879585,7151,1.5288434e-08
102.47763888892871,18.466527777768455,7152,4.489217e-06
102.75208333337319,18.493194444435126,7153,0.114885
102.52708333337316,18.671249999990707,7154,7.6468255e-11
102.81680555559542,18.745972222212938,7155,0.00020413075
102.63208333337317,18.596527777768475,7156,1.5310844e-08
102.62569444448428,18.65708333332404,7157,3.3223353e-09
102.62069444448429,18.409027777768447,7158,2.736646e-05
102.45541666670648,18.433749999990674,7159,5.9666705e-05
102.47958333337316,18.671249999990707,7160,0.00031558555
102.60458333337317,18.757916666657387,7161,4.595807e-05
102.90152777781766,18.660416666657373,7162,0.0008782599
102.81263888892876,18.44041666665734,7163,0.0003622534
102.83930555559543,18.424861111101784,7164,0.00012340289
102.78430555559542,18.490972222212903,7165,0.0030626287
102.47680555559538,18.550694444435134,7166,7.657804e-05
102.75041666670653,18.446527777768452,7167,0.00020993633
102.78986111115098,18.582361111101804,7168,0.0022667875
102.72791666670652,18.70152777776849,7169,0.00047164405
102.8984722222621,18.446249999990673,7170,0.0018498381
102.8584722222621,18.522916666657352,7171,5.9569367e-05
102.4201388889287,18.647361111101816,7172,0.00016128452
102.45097222226204,18.58791666665736,7173,9.960607e-05
102.50569444448428,18.7051388888796,7174,0.0003996889
102.44541666670648,18.45486111110179,7175,9.569715e-08
102.7056944444843,18.48736111110179,7176,0.0003811864
102.61625000003984,18.400416666657335,7177,8.44783e-06
102.87180555559543,18.524027777768463,7178,0.00031065734
102.5643055555954,18.678194444435153,7179,1.2344775e-09
102.81847222226209,18.64180555554626,7180,0.0012920343
102.77375000003987,18.722638888879604,7181,0.0005878328
102.59736111115095,18.722083333324047,7182,4.2835418e-05
102.72847222226208,18.525972222212907,7183,0.00048281782
102.51069444448427,18.66708333332404,7184,0.00029845707
102.83097222226209,18.729305555546272,7185,0.00034840032
102.4879166667065,18.42402777776845,7186,2.5347677e-10
102.4990277778176,18.49902777776846,7187,0.00012842588
102.4754166667065,18.560138888879578,7188,5.4786055e-05
102.65263888892873,18.645138888879593,7189,5.9716484e-05
102.49597222226205,18.59986111110181,7190,1.801139e-09
102.5040277778176,18.42902777776845,7191,7.194557e-10
102.7870833333732,18.486805555546237,7192,0.00043485503
102.43875000003982,18.6212499999907,7193,2.3959159e-05
102.4665277778176,18.722361111101826,7194,2.8522472e-05
102.68125000003985,18.55874999999069,7195,2.8778229e-09
102.90625000003989,18.597361111101808,7196,0.0002119348
102.53402777781761,18.56902777776847,7197,0.0006504556
102.53597222226205,18.54874999999069,7198,0.0003470492
102.5265277778176,18.557083333324023,7199,6.506324e-05
102.49763888892872,18.533749999990686,7200,1.649063e-05
102.5643055555954,18.686805555546265,7201,6.55726e-08
102.79930555559542,18.706805555546268,7202,0.00031744657
102.75847222226209,18.633472222212923,7203,0.00037529517
102.77847222226208,18.58152777776847,7204,0.0005592086
102.84569444448432,18.57541666665736,7205,0.019165456
102.73680555559541,18.516249999990684,7206,6.110497e-05
102.68902777781763,18.645694444435147,7207,3.150791e-09
102.44541666670648,18.738194444435162,7208,0.0002518095
102.6118055555954,18.641249999990702,7209,0.0003581341
102.42041666670649,18.600694444435142,7210,3.3893587e-06
102.85291666670655,18.438749999990673,7211,0.00016298404
102.43625000003982,18.64791666665737,7212,0.013149277
102.61347222226206,18.53069444443513,7213,8.0938767e-10
102.44791666670649,18.558194444435134,7214,0.00018182136
102.4526388889287,18.713749999990714,7215,7.118596e-05
102.54958333337316,18.42124999999067,7216,5.9955246e-06
102.53652777781761,18.60708333332403,7217,0.0010280389
102.60708333337317,18.737361111101826,7218,8.965938e-05
102.49347222226204,18.546805555546246,7219,1.999909e-08
102.67625000003986,18.617916666657365,7220,5.3807707e-06
102.87902777781765,18.464027777768454,7221,0.00010109452
102.55125000003983,18.7051388888796,7222,6.387985e-05
102.67041666670652,18.68069444443515,7223,8.00051e-05
102.5643055555954,18.685694444435153,7224,4.6542787e-09
102.71986111115096,18.747361111101828,7225,0.00047151954
102.45319444448427,18.522361111101798,7226,3.1441923e-05
102.66319444448429,18.48736111110179,7227,6.2952377e-10
102.58930555559539,18.744027777768494,7228,0.00024225643
102.79319444448431,18.420694444435114,7229,0.004050024
102.58652777781762,18.490694444435125,7230,3.4174146e-09
102.76263888892875,18.41124999999067,7231,0.000233541
102.5729166667065,18.495972222212902,7232,8.627151e-08
102.83736111115098,18.49763888887957,7233,3.4368524e-05
102.85930555559543,18.567916666657357,7234,8.9468966e-05
102.4226388889287,18.546527777768468,7235,7.348294e-05
102.6079166667065,18.708194444435158,7236,4.0145584e-05
102.71597222226208,18.714305555546268,7237,0.0031242333
102.69763888892874,18.584583333324026,7238,4.496598e-09
102.45569444448427,18.721527777768493,7239,4.1878495e-05
102.4265277778176,18.488194444435123,7240,3.2940407e-05
102.59513888892873,18.50541666665735,7241,9.04141e-05
102.48430555559538,18.470138888879568,7242,2.0598087e-05
102.74736111115097,18.630416666657368,7243,5.738103e-05
102.44347222226205,18.75597222221294,7244,0.0007194553
102.47180555559538,18.60097222221292,7245,6.200509e-06
102.69513888892874,18.613194444435145,7246,1.1515042e-10
102.61958333337317,18.432916666657338,7247,2.6979591e-05
102.55069444448428,18.68347222221293,7248,1.8879298e-05
102.48041666670649,18.751805555546273,7249,0.00031987822
102.81041666670653,18.542638888879576,7250,9.4856165e-11
102.4690277778176,18.73430555554627,7251,5.5718792e-05
102.5943055555954,18.670416666657374,7252,0.000520189
102.46708333337315,18.62263888887959,7253,3.4815883e-05
102.8859722222621,18.694861111101822,7254,1.8986024e-05
102.45430555559537,18.443472222212897,7255,6.7415153e-06
102.43291666670649,18.677361111101817,7256,0.00046009666
102.82791666670654,18.405416666657334,7257,7.58416e-05
102.7645833333732,18.625694444435144,7258,0.025165234
102.83097222226209,18.691805555546264,7259,5.584797e-05
102.77541666670653,18.658749999990704,7260,0.00092394295
102.69125000003986,18.50680555554624,7261,0.00027418716
102.67625000003986,18.411805555546227,7262,7.0600145e-05
102.66708333337318,18.62513888887959,7263,1.2410611e-08
102.45236111115094,18.4784722222129,7264,4.761326e-06
102.73597222226208,18.527361111101797,7265,9.8491975e-05
102.80236111115099,18.42152777776845,7266,4.1102663e-05
102.55736111115094,18.521527777768462,7267,0.0017451375
102.869861111151,18.577083333324026,7268,0.0027004587
102.75986111115097,18.542083333324022,7269,4.7427956e-10
102.59069444448428,18.73291666665738,7270,0.0008504477
102.72652777781764,18.68736111110182,7271,0.00045870047
102.79736111115098,18.441527777768453,7272,0.0015214895
102.43569444448426,18.644861111101815,7273,1.4900095e-05
102.49347222226204,18.593749999990695,7274,5.4785924e-05
102.50819444448427,18.419305555546227,7275,1.9913475e-09
102.77902777781765,18.53208333332402,7276,2.6483512e-08
102.52819444448427,18.500416666657348,7277,0.00019716678
102.53597222226205,18.660138888879594,7278,1.3489796e-09
102.69208333337319,18.428194444435118,7279,0.00057148654
102.89763888892877,18.73180555554627,7280,0.00047956084
102.48430555559538,18.637083333324036,7281,6.9664275e-05
102.74986111115098,18.494583333324016,7282,0.0009305461
102.83986111115098,18.604305555546254,7283,9.124612e-05
102.74902777781764,18.407361111101782,7284,0.00017398334
102.4590277778176,18.577361111101805,7285,3.4997329e-06
102.69708333337319,18.54847222221291,7286,2.518095e-09
102.7118055555954,18.43763888887956,7287,0.00075748505
102.89763888892877,18.656249999990706,7288,0.00015187867
102.48569444448427,18.59819444443514,7289,2.3724484e-05
102.68875000003985,18.70930555554627,7290,0.0005140963
102.82625000003988,18.473194444435123,7291,9.972973e-05
102.57875000003983,18.467083333324013,7292,1.0890043e-05
102.41736111115092,18.572083333324027,7293,7.1497597e-10
102.73680555559541,18.40513888887956,7294,5.1573716e-05
102.82791666670654,18.662916666657374,7295,0.0011179055
102.46847222226204,18.509583333324017,7296,4.9512866e-05
102.51041666670649,18.5448611111018,7297,2.3981813e-05
102.7706944444843,18.708194444435158,7298,3.7979456e-10
102.85513888892876,18.435694444435118,7299,0.009863246
102.60875000003985,18.449305555546232,7300,1.0991539e-05
102.74597222226208,18.435972222212897,7301,0.00024163186
102.90402777781766,18.56513888887958,7302,0.0002172346
102.62847222226206,18.399305555546224,7303,2.0484104e-05
102.60819444448428,18.575694444435136,7304,0.0002839713
102.50319444448427,18.65930555554626,7305,0.000103006016
102.79097222226208,18.683194444435152,7306,0.0003106069
102.4351388889287,18.730138888879605,7307,0.0007712669
102.79847222226209,18.677361111101817,7308,0.000744987
102.57680555559539,18.39430555554622,7309,8.710052e-06
102.41986111115092,18.5398611111018,7310,3.8777195e-09
102.48569444448427,18.578749999990695,7311,1.4899034e-05
102.77291666670654,18.503472222212906,7312,0.0010829819
102.61347222226206,18.73458333332405,7313,1.6788652e-05
102.56458333337316,18.44541666665734,7314,0.00023955475
102.72958333337318,18.68347222221293,7315,8.536259e-05
102.8509722222621,18.747916666657385,7316,0.00030509615
102.60402777781762,18.517916666657353,7317,5.845578e-09
102.67208333337318,18.745972222212938,7318,0.0020076567
102.83013888892876,18.423749999990672,7319,0.00030192826
102.44930555559537,18.60486111110181,7320,2.5139803e-05
102.4465277778176,18.58791666665736,7321,7.063698e-05
102.56486111115095,18.42736111110178,7322,2.1777648e-06
102.62763888892873,18.595972222212918,7323,3.5583467e-09
102.7181944444843,18.468749999990678,7324,0.00024015174
102.4890277778176,18.50263888887957,7325,3.4984541e-06
102.43208333337314,18.400138888879557,7326,1.3552745e-05
102.84486111115099,18.702361111101823,7327,0.00083675707
102.62958333337318,18.730416666657383,7328,0.00032580874
102.46875000003982,18.40624999999067,7329,2.3057664e-05
102.79319444448431,18.76791666665739,7330,0.043863803
102.84152777781765,18.68236111110182,7331,0.00050985266
102.5379166667065,18.722361111101826,7332,0.00066656474
102.6193055555954,18.499305555546236,7333,0.00021402778
102.62097222226207,18.49402777776846,7334,0.00025212677
102.55347222226206,18.517361111101796,7335,0.001750122
102.61902777781762,18.408194444435114,7336,0.000113738344
102.52458333337316,18.46208333332401,7337,1.0493415e-05
102.42541666670648,18.49486111110179,7338,2.9977389e-06
102.73347222226208,18.420694444435114,7339,0.00017191924
102.50236111115093,18.727916666657382,7340,4.52794e-05
102.60875000003985,18.48763888887957,7341,1.1464186e-08
102.87986111115099,18.676805555546263,7342,0.00089106977
102.51125000003982,18.609583333324032,7343,4.5926852e-05
102.78347222226209,18.6976388888796,7344,0.00014293684
102.8020833333732,18.53847222221291,7345,0.00020181174
102.50680555559538,18.7151388888796,7346,0.00013781595
102.80763888892876,18.388749999990665,7347,4.3549276e-06
102.67097222226207,18.399861111101778,7348,8.9158224e-05
102.70513888892874,18.51430555554624,7349,0.00026347427
102.68291666670652,18.732638888879606,7350,0.0018760812
102.79819444448431,18.39624999999067,7351,0.0006375649
102.83236111115099,18.602916666657364,7352,0.00053876906
102.44625000003981,18.53208333332402,7353,0.00013520381
102.80291666670654,18.40986111110178,7354,0.00037000864
102.86875000003988,18.583472222212915,7355,0.00013612275
102.73680555559541,18.726249999990713,7356,4.4943336e-05
102.5004166667065,18.66708333332404,7357,3.4419623e-05
102.68791666670651,18.41124999999067,7358,0.00011671541
102.67430555559541,18.46486111110179,7359,0.00016710638
102.6906944444843,18.442638888879564,7360,4.289672e-05
102.50680555559538,18.596249999990697,7361,6.810784e-05
102.67347222226208,18.4709722222129,7362,7.659132e-10
102.69902777781763,18.415416666657336,7363,0.00065185636
102.86875000003988,18.729583333324047,7364,0.00084967
102.52930555559539,18.76791666665739,7365,0.0002441421
102.84486111115099,18.729027777768493,7366,0.012537307
102.57152777781761,18.67597222221293,7367,8.956819e-10
102.88875000003988,18.476249999990678,7368,1.8037704e-09
102.53402777781761,18.677083333324042,7369,1.0791836e-09
102.4415277778176,18.4609722222129,7370,6.3139505e-06
102.63819444448428,18.57041666665736,7371,9.532977e-05
102.5643055555954,18.444583333324008,7372,8.4494395e-06
102.60347222226206,18.545694444435135,7373,8.9931965e-11
102.77291666670654,18.709583333324044,7374,9.147086e-05
102.61402777781763,18.60569444443514,7375,1.1691156e-08
102.59513888892873,18.73319444443516,7376,5.7077876e-05
102.57847222226206,18.54763888887958,7377,2.1532887e-06
102.48041666670649,18.6826388888796,7378,0.00023725319
102.7206944444843,18.61513888887959,7379,4.889349e-05
102.50263888892871,18.570972222212916,7380,2.0151774e-05
102.70291666670651,18.6087499999907,7381,9.658254e-10
102.46236111115093,18.662083333324038,7382,0.001262387
102.57680555559539,18.415416666657336,7383,3.674406e-05
102.6343055555954,18.395416666657333,7384,2.997758e-06
102.78152777781764,18.492916666657347,7385,0.0034757429
102.62763888892873,18.655972222212927,7386,3.3274827e-09
102.75152777781764,18.437361111101783,7387,7.820173e-05
102.54319444448427,18.41124999999067,7388,1.7420933e-05
102.51013888892872,18.422083333324004,7389,6.2000954e-06
102.77152777781764,18.74958333332405,7390,0.0018621043
102.52819444448427,18.768472222212942,7391,0.022843078
102.65402777781763,18.446249999990673,7392,2.9677547e-09
102.86958333337321,18.664861111101818,7393,0.105664775
102.68458333337318,18.64791666665737,7394,0.00030364937
102.88375000003988,18.717638888879602,7395,0.000898949
102.8759722222621,18.76624999999072,7396,0.0007502675
102.71736111115096,18.679027777768486,7397,0.012166752
102.48597222226205,18.54013888887958,7398,0.0002714423
102.49847222226205,18.732361111101827,7399,0.00027213347
102.70791666670652,18.552638888879578,7400,4.5104105e-08
102.88291666670655,18.56541666665736,7401,0.00056886167
102.82263888892876,18.494305555546237,7402,0.0016723233
102.60375000003984,18.48263888887957,7403,2.0988893e-10
102.68263888892874,18.609305555546253,7404,1.0342177e-08
102.50375000003983,18.73430555554627,7405,6.5800524e-17
102.47236111115093,18.46374999999068,7406,9.090986e-06
102.66847222226207,18.588749999990696,7407,1.5288434e-09
102.8095833333732,18.43791666665734,7408,4.2247517e-05
102.53708333337316,18.43041666665734,7409,6.200135e-06
102.76736111115098,18.759305555546273,7410,0.00028522065
102.54763888892872,18.539305555546242,7411,0.00024869657
102.46708333337315,18.747361111101828,7412,0.00011012809
102.85902777781766,18.731527777768495,7413,0.00015454608
102.75208333337319,18.40513888887956,7414,0.00015510664
102.8470833333732,18.69374999999071,7415,0.0013529933
102.71013888892874,18.630694444435147,7416,0.00012007616
102.58708333337317,18.73180555554627,7417,7.0046844e-06
102.51347222226205,18.720138888879603,7418,1.4982668e-06
102.6793055555954,18.53069444443513,7419,8.273741e-09
102.46180555559538,18.606805555546252,7420,9.3496865e-06
102.84319444448433,18.51541666665735,7421,1.7076436e-09
102.70291666670651,18.45430555554623,7422,0.00017335455
102.44819444448426,18.756249999990718,7423,0.00011523695
102.59152777781762,18.416527777768447,7424,2.4188703e-05
102.64347222226206,18.459027777768455,7425,9.532789e-09
102.84652777781766,18.670416666657374,7426,0.0005457087
102.73736111115097,18.50791666665735,7427,0.00013493384
102.6693055555954,18.653472222212926,7428,8.313521e-05
102.89180555559544,18.642083333324035,7429,0.0013534492
102.71680555559541,18.726527777768492,7430,0.0137428455
102.8534722222621,18.40236111110178,7431,0.0005317303
102.49291666670649,18.443194444435118,7432,9.480117e-11
102.83902777781765,18.663749999990706,7433,0.00034779456
102.83041666670654,18.614027777768477,7434,0.00024019345
102.72208333337319,18.59708333332403,7435,4.0240086e-10
102.72680555559542,18.519583333324018,7436,0.0007088694
102.75402777781764,18.74347222221294,7437,1.8438435
102.71652777781763,18.54597222221291,7438,2.5362507e-10
102.4840277778176,18.416249999990672,7439,2.175055e-06
102.75013888892875,18.568472222212915,7440,8.510773e-06
102.73763888892874,18.727361111101825,7441,0.0005525976
102.50819444448427,18.490694444435125,7442,7.8433935e-05
102.83958333337321,18.676249999990706,7443,0.00034825478
102.89541666670655,18.712916666657378,7444,0.000212531
102.69291666670652,18.714583333324047,7445,0.00045791536
102.79847222226209,18.68847222221293,7446,0.0034521203
102.42291666670648,18.477638888879568,7447,0.00015875326
102.47847222226204,18.73430555554627,7448,0.0006687868
102.73152777781763,18.507083333324015,7449,3.925795e-05
102.67791666670652,18.585416666657363,7450,1.4389114e-09
102.57347222226205,18.759305555546273,7451,0.0007712066
102.86291666670654,18.54097222221291,7452,2.1246897e-05
102.83625000003987,18.476527777768457,7453,8.364688e-05
102.71263888892875,18.75097222221294,7454,0.0005476787
102.79791666670654,18.67319444443515,7455,0.0057277973
102.79430555559543,18.630416666657368,7456,0.0010121958
102.41680555559537,18.511249999990685,7457,3.5972786e-10
102.43680555559537,18.695416666657376,7458,0.00036569007
102.60347222226206,18.704305555546267,7459,4.840356e-05
102.51958333337316,18.53208333332402,7460,0.00014813116
102.50375000003983,18.739861111101828,7461,1.4201753e-06
102.88847222226211,18.502083333324016,7462,0.00014373705
102.7556944444843,18.642361111101813,7463,5.697882e-05
102.62763888892873,18.717638888879602,7464,1.0492103e-05
102.89902777781766,18.419583333324006,7465,6.144634e-05
102.61513888892873,18.603194444435143,7466,4.3650386e-09
102.48180555559537,18.410694444435116,7467,2.411869e-10
102.79069444448432,18.755694444435164,7468,0.0045736977
102.86763888892877,18.57791666665736,7469,8.6612665e-05
102.89513888892877,18.52347222221291,7470,8.390981e-05
102.54708333337317,18.72541666665738,7471,4.0122275e-05
102.81236111115098,18.640694444435148,7472,0.00010730015
102.45736111115093,18.65541666665737,7473,5.193084e-05
102.85791666670654,18.500416666657348,7474,0.0011317193
102.71013888892874,18.652916666657372,7475,3.8085224e-10
102.66208333337318,18.507083333324015,7476,3.6872105e-09
102.90680555559544,18.575694444435136,7477,1.1068695e-05
102.45347222226204,18.719861111101824,7478,0.0005028758
102.54930555559538,18.597361111101808,7479,0.00925972
102.41291666670648,18.407916666657336,7480,2.231792e-05
102.56763888892873,18.622916666657368,7481,8.066633e-09
102.66402777781762,18.399027777768445,7482,0.00030717475
102.56125000003983,18.46374999999068,7483,7.055557e-05
102.70236111115096,18.73069444443516,7484,0.0004270939
102.79680555559543,18.577083333324026,7485,4.1234463e-05
102.70097222226208,18.69124999999071,7486,0.03332336
102.56958333337317,18.501249999990684,7487,2.370831e-10
102.54708333337317,18.485694444435126,7488,1.4142159e-05
102.41680555559537,18.711805555546267,7489,0.0008482805
102.4615277778176,18.53819444443513,7490,5.7063953e-05
102.6856944444843,18.41097222221289,7491,5.217001e-05
102.55680555559539,18.73430555554627,7492,0.0002435576
102.88319444448433,18.449305555546232,7493,0.0007772928
102.54875000003983,18.630694444435147,7494,2.3382312e-09
102.51291666670649,18.74180555554627,7495,1.7421802e-05
102.46263888892871,18.742916666657383,7496,0.00071279076
102.57652777781762,18.533194444435132,7497,7.742538e-09
102.66513888892874,18.579861111101806,7498,2.0875073e-09
102.61902777781762,18.525138888879574,7499,1.8885713e-09
102.64291666670651,18.471527777768458,7500,5.305986e-09
102.78291666670653,18.442638888879564,7501,4.0247633e-05
102.73541666670653,18.5298611111018,7502,4.2897463e-10
102.68458333337318,18.71541666665738,7503,0.013161657
102.6693055555954,18.751527777768494,7504,6.820638e-05
102.51597222226205,18.72458333332405,7505,2.6440838e-09
102.56875000003984,18.51930555554624,7506,3.7771426e-09
102.75263888892876,18.450416666657343,7507,7.349206e-05
102.67291666670651,18.44680555554623,7508,0.00019942179
102.66013888892874,18.41263888887956,7509,0.00019656682
102.89041666670654,18.516527777768463,7510,4.970666e-05
102.56930555559539,18.686249999990707,7511,0.00027411128
102.54930555559538,18.706805555546268,7512,0.001715723
102.58541666670651,18.7151388888796,7513,0.00047636736
102.4990277778176,18.513472222212908,7514,1.0166831e-05
102.48458333337315,18.479027777768458,7515,1.0992439e-05
102.61958333337317,18.66319444443515,7516,1.3647295e-06
102.6643055555954,18.57041666665736,7517,2.3472243e-08
102.60847222226207,18.51541666665735,7518,0.000105698484
102.79791666670654,18.620138888879588,7519,0.0012202646
102.90597222226211,18.628194444435145,7520,0.0009946735
102.81902777781765,18.67486111110182,7521,0.0009144099
102.90180555559544,18.49652777776846,7522,5.9109076e-05
102.61208333337318,18.726249999990713,7523,0.0009705648
102.84152777781765,18.42736111110178,7524,4.5267374e-05
102.4651388889287,18.627361111101813,7525,5.8190606e-05
102.72652777781764,18.57263888887958,7526,1.6268505e-10
102.89763888892877,18.49624999999068,7527,0.00043897482
102.66236111115096,18.719027777768492,7528,0.0009673279
102.84180555559543,18.696805555546266,7529,9.386902e-05
102.46736111115094,18.56263888887958,7530,5.591138e-06
102.78069444448431,18.515138888879573,7531,4.8567337e-05
102.56958333337317,18.645972222212926,7532,0.0029387625
102.6043055555954,18.748749999990718,7533,3.7983948e-05
102.50736111115094,18.747916666657385,7534,3.717314e-05
102.86513888892877,18.5573611111018,7535,0.0001185053
102.54569444448428,18.75708333332405,7536,7.293598e-05
102.48319444448427,18.388749999990665,7537,2.292425e-05
102.84208333337321,18.669305555546263,7538,0.0008597301
102.67986111115096,18.712083333324045,7539,1.1077591e-05
102.83319444448432,18.586249999990695,7540,8.829625e-05
102.48180555559537,18.49402777776846,7541,3.978187e-10
102.6731944444843,18.56124999999069,7542,1.3040135e-08
102.4176388889287,18.470416666657346,7543,2.697961e-05
102.44069444448427,18.41263888887956,7544,1.1221198e-07
102.68097222226207,18.70124999999071,7545,0.00018516017
102.72180555559541,18.604305555546254,7546,1.0866128e-08
102.67125000003985,18.67847222221293,7547,0.00047763804
102.89041666670654,18.526527777768464,7548,0.00035374652
102.87152777781766,18.76874999999072,7549,0.0008004756
102.81069444448431,18.400694444435114,7550,4.670585e-05
102.64986111115095,18.501249999990684,7551,1.6489635e-10
102.44180555559538,18.66847222221293,7552,6.288879e-05
102.58375000003984,18.612638888879587,7553,0.0036660235
102.7620833333732,18.568749999990693,7554,2.8114096e-05
102.51125000003982,18.502361111101795,7555,2.1781339e-06
102.61152777781761,18.509027777768463,7556,2.1878879e-09
102.4415277778176,18.536527777768466,7557,0.00011094686
102.71875000003986,18.556805555546244,7558,5.6918453e-10
102.86041666670654,18.685694444435153,7559,0.00012616473
102.67736111115096,18.62097222221292,7560,6.4751013e-09
102.60152777781762,18.765416666657387,7561,8.02983e-05
102.46430555559537,18.730138888879605,7562,6.7181114e-05
102.86625000003988,18.59708333332403,7563,0.0014509041
102.5668055555954,18.566249999990692,7564,2.2033332e-08
102.62652777781763,18.485416666657347,7565,4.981166e-08
102.86402777781765,18.644305555546257,7566,0.000121872676
102.63597222226207,18.559027777768467,7567,2.1134012e-08
102.62291666670652,18.608194444435142,7568,1.1151563e-08
102.86736111115098,18.407916666657336,7569,0.0003070273
102.44902777781759,18.63152777776848,7570,0.00020424525
102.8345833333732,18.68374999999071,7571,0.00088768924
102.70347222226208,18.731249999990716,7572,0.009598952
102.89458333337322,18.723472222212937,7573,0.010592503
102.75652777781764,18.465694444435123,7574,8.267794e-05
102.88375000003988,18.722361111101826,7575,9.331504e-05
102.8684722222621,18.650138888879592,7576,0.00017885263
102.90680555559544,18.683194444435152,7577,0.00019324699
102.78902777781765,18.441527777768453,7578,0.00061752804
102.4690277778176,18.731527777768495,7579,0.0006117982
102.7895833333732,18.445138888879562,7580,0.0006285335
102.57263888892872,18.558194444435134,7581,0.0004892711
102.66152777781762,18.42902777776845,7582,4.224558e-05
102.73097222226208,18.526805555546243,7583,2.0838922e-06
102.8384722222621,18.512361111101796,7584,0.00051355676
102.85986111115099,18.420972222212892,7585,0.00023352951
102.73930555559542,18.769583333324054,7586,0.0077899857
102.6318055555954,18.46236111110179,7587,5.03619e-09
102.4290277778176,18.660416666657373,7588,0.007828729
102.65291666670652,18.752638888879606,7589,0.0010285687
102.42319444448425,18.398194444435113,7590,1.5719868e-05
102.48569444448427,18.518472222212907,7591,0.0004894794
102.73930555559542,18.573472222212914,7592,2.337716e-09
102.63263888892874,18.610694444435143,7593,2.9854924e-10
102.72152777781764,18.557916666657356,7594,6.2952377e-10
102.55708333337317,18.559027777768467,7595,3.5523126e-08
102.65763888892873,18.70902777776849,7596,0.21499735
102.72097222226208,18.742916666657383,7597,0.0004299879
102.86958333337321,18.523749999990685,7598,0.00010093475
102.53013888892872,18.41263888887956,7599,8.863903e-06
102.73347222226208,18.483194444435124,7600,3.991344e-05
102.71236111115097,18.432916666657338,7601,0.00024879942
102.43402777781759,18.59319444443514,7602,8.7114975e-05
102.8584722222621,18.402916666657337,7603,0.00070881646
102.55319444448428,18.466527777768455,7604,2.3881325e-05
102.66486111115096,18.494305555546237,7605,0.0001618826
102.82986111115099,18.65041666665737,7606,0.00026253946
102.53513888892871,18.595138888879585,7607,0.00084257644
102.79763888892876,18.634583333324034,7608,0.00037010806
102.78180555559543,18.769583333324054,7609,0.00017024858
102.42541666670648,18.489861111101792,7610,8.9931965e-11
102.6354166667065,18.39597222221289,7611,1.9017403e-05
102.76847222226209,18.468194444435124,7612,0.0002437715
102.6943055555954,18.482916666657346,7613,0.045020845
102.43736111115093,18.753194444435163,7614,0.007844595
102.80430555559542,18.451249999990676,7615,0.26180354
102.87486111115099,18.630694444435147,7616,0.00012676208
102.54263888892872,18.76791666665739,7617,8.758014e-05
102.8559722222621,18.452638888879566,7618,0.18349712
102.53847222226206,18.500138888879572,7619,6.681556e-05
102.4226388889287,18.4609722222129,7620,0.000105011575
102.86652777781765,18.670694444435153,7621,0.00015846206
102.81652777781765,18.615416666657364,7622,0.00050041784
102.69875000003985,18.558472222212913,7623,1.5318598e-10
102.73402777781763,18.664861111101818,7624,2.179118e-05
102.88069444448432,18.612916666657366,7625,0.15985145
102.52458333337316,18.58069444443514,7626,0.0009307172
102.66208333337318,18.457638888879565,7627,1.0342177e-08
102.90652777781766,18.58680555554625,7628,0.00049117976
102.56236111115095,18.593749999990695,7629,8.561436e-05
102.69375000003986,18.59041666665736,7630,8.0938767e-10
102.65708333337318,18.39486111110178,7631,0.00048030264
102.45847222226205,18.52180555554624,7632,7.160211e-05
102.84041666670655,18.389583333324,7633,0.00044438356
102.45291666670649,18.747361111101828,7634,2.5253916e-05
102.76180555559542,18.712916666657378,7635,6.7216926e-05
102.62847222226206,18.46986111110179,7636,2.608027e-09
102.87375000003988,18.710972222212934,7637,0.0011687111
102.77819444448431,18.757638888879608,7638,5.9862115e-09
102.78013888892876,18.51930555554624,7639,9.6737094e-05
102.51819444448427,18.52458333332402,7640,3.4973743e-06
102.84041666670655,18.73069444443516,7641,0.5123867
102.84236111115098,18.543749999990688,7642,4.4965984e-10
102.68541666670652,18.68347222221293,7643,0.24010345
102.54875000003983,18.489583333324013,7644,0.00019423767
102.73930555559542,18.45319444443512,7645,0.005709373
102.8209722222621,18.420694444435114,7646,0.00013891737
102.87541666670654,18.467916666657345,7647,5.1361365e-10
102.72097222226208,18.460138888879566,7648,2.7109654e-05
102.87263888892876,18.49624999999068,7649,8.709936e-05
102.7106944444843,18.541805555546244,7650,2.1816835e-09
102.5329166667065,18.58791666665736,7651,2.985135e-05
102.8759722222621,18.745694444435163,7652,0.0003061985
102.49680555559539,18.59986111110181,7653,0.00012600151
102.87263888892876,18.44041666665734,7654,0.00020993645
102.70097222226208,18.54763888887958,7655,3.2866563e-09
102.45958333337315,18.65930555554626,7656,0.000794444
102.66736111115097,18.751527777768494,7657,0.001359192
102.70680555559541,18.77013888887961,7658,0.0009932481
102.56791666670651,18.40513888887956,7659,0.00056602457
102.70541666670653,18.446527777768452,7660,4.1516494e-05
102.65263888892873,18.51569444443513,7661,1.2584745e-09
102.79986111115097,18.677638888879596,7662,0.00020196968
102.70097222226208,18.62513888887959,7663,0.0004556673
102.54513888892872,18.413472222212892,7664,4.3547234e-06
102.85708333337321,18.446527777768452,7665,6.438674e-05
102.75736111115097,18.71541666665738,7666,0.0017202863
102.78625000003987,18.585972222212916,7667,5.771537e-05
102.64513888892874,18.404027777768448,7668,0.00038235344
102.75541666670652,18.482083333324013,7669,0.00034658652
102.43180555559537,18.49902777776846,7670,1.0988023e-05
102.75125000003986,18.449861111101786,7671,0.00032550658
102.76847222226209,18.457916666657344,7672,0.0011757719
102.65902777781763,18.693472222212932,7673,0.0012979087
102.64458333337318,18.676805555546263,7674,0.00045895253
102.88180555559543,18.432083333324005,7675,0.00032809257
102.88125000003988,18.443194444435118,7676,0.005543731
102.78902777781765,18.544305555546245,7677,1.116771e-10
102.44097222226203,18.745416666657384,7678,0.0007070473
102.76736111115098,18.461527777768456,7679,1.9570727e-05
102.87041666670655,18.523749999990685,7680,0.0003725511
102.58263888892873,18.708194444435158,7681,0.001113277
102.62569444448428,18.606805555546252,7682,5.845578e-09
102.4790277778176,18.42513888887956,7683,4.4863584e-05
102.74791666670653,18.59041666665736,7684,7.453294e-05
102.74208333337319,18.73569444443516,7685,0.00043595632
102.7959722222621,18.59708333332403,7686,0.00018585939
102.84208333337321,18.48152777776846,7687,0.0031752717
102.87069444448433,18.65930555554626,7688,0.00030917136
102.88819444448433,18.4784722222129,7689,0.00058563123
102.53986111115094,18.74958333332405,7690,1.8502e-05
102.46208333337316,18.76874999999072,7691,7.559549e-05
102.90319444448433,18.670416666657374,7692,7.222335e-05
102.75319444448431,18.49902777776846,7693,0.00012862751
102.55486111115094,18.7026388888796,7694,0.00036304866
102.76736111115098,18.42124999999067,7695,0.00017443331
102.80430555559542,18.661805555546263,7696,5.7452187e-05
102.73736111115097,18.717638888879602,7697,0.0046774605
102.73152777781763,18.530138888879577,7698,1.3278899e-09
102.62013888892874,18.669861111101817,7699,3.4174146e-09
102.89236111115099,18.465138888879565,7700,0.00018653012
102.80041666670654,18.676249999990706,7701,0.00010372542
102.8609722222621,18.61236111110181,7702,7.0249596e-05
102.64736111115096,18.653472222212926,7703,0.00035188283
102.8709722222621,18.68124999999071,7704,0.0002223935
102.46013888892871,18.42152777776845,7705,6.772244e-06
102.77541666670653,18.387083333324,7706,1.048938e-05
102.74236111115097,18.435972222212897,7707,0.0011868525
102.7856944444843,18.701805555546265,7708,0.00021212871
102.68208333337319,18.600416666657363,7709,1.3579727e-08
102.65375000003985,18.531527777768463,7710,1.02522435e-08
102.58875000003984,18.692916666657375,7711,0.00015961373
102.82875000003988,18.67958333332404,7712,0.0009834416
102.77180555559542,18.475138888879567,7713,0.0008262996
102.5554166667065,18.712638888879603,7714,1.436635e-10
102.71513888892875,18.616805555546254,7715,0.0004889349
102.50736111115094,18.39486111110178,7716,2.0054827e-08
102.4351388889287,18.49486111110179,7717,7.7933946e-05
102.41541666670648,18.434861111101785,7718,4.496502e-06
102.72041666670653,18.602361111101807,7719,3.2193018e-10
102.44986111115092,18.6262499999907,7720,6.5342945e-05
102.47569444448426,18.676249999990706,7721,8.7519526e-05
102.46458333337316,18.660972222212926,7722,0.000116657546
102.49680555559539,18.65180555554626,7723,6.514645e-05
102.8659722222621,18.448749999990675,7724,0.00043078756
102.63208333337317,18.558194444435134,7725,2.6467314e-08
102.6293055555954,18.684027777768485,7726,4.925547e-10
102.66986111115096,18.407638888879557,7727,4.9215494e-05
102.66569444448429,18.4659722222129,7728,9.936148e-06
102.61708333337317,18.630416666657368,7729,4.6037756e-09
102.84263888892876,18.605138888879587,7730,0.00014174898
102.44458333337315,18.579861111101806,7731,0.0012563755
102.45236111115094,18.737361111101826,7732,0.0020041177
102.70125000003985,18.567083333324025,7733,3.2995198e-05
102.54736111115095,18.5398611111018,7734,5.81819e-05
102.56152777781762,18.760972222212942,7735,0.0007000589
102.41875000003981,18.484305555546236,7736,3.155581e-05
102.52736111115094,18.649861111101814,7737,2.3728991e-05
102.75625000003986,18.600138888879584,7738,0.00021059313
102.5454166667065,18.50513888887957,7739,9.902524e-05
102.7845833333732,18.515972222212906,7740,0.00014694547
102.48375000003982,18.399305555546224,7741,1.3062986e-05
102.58986111115095,18.65041666665737,7742,1.09587166e-10
102.55680555559539,18.460138888879566,7743,1.8928704e-05
102.65486111115096,18.42513888887956,7744,0.00039788114
102.61152777781761,18.756249999990718,7745,0.001831247
102.45680555559538,18.687638888879597,7746,0.004622914
102.64041666670651,18.440694444435117,7747,1.689924e-10
102.73013888892875,18.659027777768483,7748,6.60514e-05
102.5943055555954,18.582361111101804,7749,2.608027e-09
102.47791666670649,18.765694444435166,7750,0.0019424564
102.66875000003985,18.730972222212937,7751,0.0008319274
102.43263888892871,18.737361111101826,7752,3.4230903e-05
102.6143055555954,18.630694444435147,7753,3.5073466e-09
102.53652777781761,18.387083333324,7754,1.5795043e-06
102.81236111115098,18.661249999990705,7755,8.298034e-05
102.43625000003982,18.55347222221291,7756,5.7703946e-05
102.77291666670654,18.609583333324032,7757,0.00015343503
102.52958333337317,18.539305555546242,7758,0.00020334312
102.66347222226207,18.5373611111018,7759,1.2650111e-08
102.41347222226203,18.564583333324023,7760,8.44558e-05
102.82625000003988,18.600416666657363,7761,5.2188123e-05
102.75236111115098,18.497361111101792,7762,0.0016722186
102.80819444448431,18.46958333332401,7763,0.00011519173
102.72375000003986,18.611805555546255,7764,0.003193084
102.83013888892876,18.47236111110179,7765,0.00022962246
102.8620833333732,18.52208333332402,7766,0.00015255662
102.85208333337322,18.643472222212925,7767,9.9379446e-05
102.62986111115096,18.603749999990697,7768,1.1766255e-09
102.58930555559539,18.754027777768496,7769,7.765881e-06
102.8859722222621,18.674305555546262,7770,0.00011061696
102.71736111115096,18.527916666657354,7771,9.4848046e-11
102.58708333337317,18.391527777768445,7772,4.3817363e-05
102.52097222226205,18.528749999990687,7773,1.683132e-05
102.71847222226208,18.765416666657387,7774,0.00043429967
102.87319444448433,18.43930555554623,7775,8.656507e-05
102.45819444448426,18.40374999999067,7776,2.9736699e-05
102.45680555559538,18.42763888887956,7777,1.0888443e-05
102.89180555559544,18.72569444443516,7778,0.0010376048
102.6693055555954,18.71152777776849,7779,0.00020710148
102.87541666670654,18.664861111101818,7780,0.00030396588
102.45430555559537,18.526805555546243,7781,5.026649e-05
102.54208333337317,18.700972222212933,7782,1.6843478e-10
102.5704166667065,18.720972222212936,7783,7.859073e-05
102.65652777781763,18.4559722222129,7784,3.1569765e-08
102.68541666670652,18.47236111110179,7785,0.00046049684
102.8045833333732,18.568472222212915,7786,0.00024428536
102.50097222226205,18.39736111110178,7787,2.5974909e-05
102.70513888892874,18.75124999999072,7788,0.0002939106
102.89263888892877,18.525972222212907,7789,0.00039932525
102.66763888892874,18.639583333324037,7790,0.000103198916
102.75097222226208,18.484027777768457,7791,4.4852855e-05
102.88875000003988,18.73458333332405,7792,0.0007949078
102.78625000003987,18.56902777776847,7793,0.0030696956
102.78486111115097,18.61513888887959,7794,0.00022989967
102.89819444448433,18.675694444435152,7795,0.0053359345
102.62458333337318,18.684305555546263,7796,1.4016959e-08
102.78291666670653,18.579861111101806,7797,8.7249166e-05
102.86763888892877,18.760694444435163,7798,0.0045176237
102.79819444448431,18.483472222212903,7799,7.575044e-05
102.66763888892874,18.518194444435128,7800,2.8778229e-09
102.63013888892873,18.54847222221291,7801,1.0743811e-06
102.72541666670652,18.684583333324042,7802,0.00022225949
102.69847222226207,18.45291666665734,7803,0.00087901263
102.83236111115099,18.397083333324,7804,0.0017629716
102.68263888892874,18.652916666657372,7805,2.1792652e-05
102.71041666670652,18.510694444435128,7806,7.560085e-05
102.7920833333732,18.715694444435158,7807,0.0009763203
102.71541666670652,18.563472222212912,7808,9.580721e-06
102.84486111115099,18.72291666665738,7809,0.00065059453
102.81402777781764,18.50680555554624,7810,0.00015312173
102.47375000003983,18.685694444435153,7811,3.2208267e-05
102.90319444448433,18.68097222221293,7812,6.537345e-05
102.42208333337315,18.594583333324028,7813,3.657108e-05
102.58541666670651,18.46208333332401,7814,0.0002749495
102.59958333337318,18.585694444435138,7815,2.3382312e-09
102.62013888892874,18.684305555546263,7816,1.9740555e-05
102.5004166667065,18.554305555546247,7817,7.759106e-06
102.54513888892872,18.726527777768492,7818,0.0012175994
102.52875000003984,18.526249999990686,7819,1.612401e-09
102.81375000003987,18.52819444443513,7820,0.0067524347
102.79180555559542,18.456527777768454,7821,5.7022604e-05
102.5165277778176,18.489583333324013,7822,4.356301e-05
102.53319444448428,18.646249999990705,7823,7.17513e-10
102.87986111115099,18.648472222212927,7824,6.673434e-05
102.47236111115093,18.462638888879567,7825,0.0001202392
102.53430555559538,18.615416666657364,7826,0.0009682548
102.54208333337317,18.576805555546247,7827,0.0027924927
102.52819444448427,18.654027777768484,7828,2.179281e-06
102.75236111115098,18.657361111101817,7829,0.002001941
102.72236111115097,18.41236111110178,7830,0.0010215365
102.44930555559537,18.585972222212916,7831,1.25887245e-05
102.68902777781763,18.490972222212903,7832,2.0778825e-05
102.65458333337318,18.402638888879558,7833,7.600132e-05
102.68625000003985,18.583472222212915,7834,2.0731067e-08
102.53125000003983,18.504583333324018,7835,0.0011629142
102.887361111151,18.588749999990696,7836,0.0001858594
102.59097222226207,18.55763888887958,7837,1.6187753e-09
102.68375000003985,18.41374999999067,7838,0.0002503516
102.71402777781763,18.720416666657382,7839,0.00023836353
102.86736111115098,18.74236111110183,7840,0.0007185624
102.70013888892875,18.40874999999067,7841,0.027680108
102.51041666670649,18.482916666657346,7842,8.41355e-05
102.88625000003988,18.432083333324005,7843,0.00043003916
102.74652777781763,18.635416666657367,7844,6.140508e-05
102.87902777781765,18.58041666665736,7845,0.00015533707
102.78902777781765,18.504583333324018,7846,0.00057609525
102.72791666670652,18.58680555554625,7847,1.586521e-05
102.5818055555954,18.714305555546268,7848,9.681192e-05
102.5179166667065,18.752638888879606,7849,4.8977556e-05
102.68458333337318,18.55763888887958,7850,5.1261217e-09
102.74819444448431,18.677083333324042,7851,4.74656e-10
102.56458333337316,18.574583333324025,7852,1.915551e-08
102.79680555559543,18.713749999990714,7853,0.019561742
102.72652777781764,18.43680555554623,7854,0.00015006718
102.58902777781762,18.613194444435145,7855,2.8664032e-05
102.88680555559543,18.564305555546248,7856,0.00022977925
102.80986111115098,18.70652777776849,7857,8.26349e-05
102.66375000003985,18.73180555554627,7858,0.00048417537
102.66875000003985,18.605416666657366,7859,7.374421e-09
102.79680555559543,18.701805555546265,7860,0.0012323181
102.45708333337315,18.484305555546236,7861,4.5954948e-10
102.57402777781762,18.65041666665737,7862,0.00069513725
102.88125000003988,18.647083333324037,7863,0.00013028954
102.47125000003982,18.435694444435118,7864,5.9691207e-05
102.67625000003986,18.542083333324022,7865,1.1061632e-08
102.68708333337318,18.675138888879594,7866,0.00013941238
102.55986111115095,18.70041666665738,7867,6.715421e-05
102.54597222226205,18.64958333332404,7868,2.3382312e-09
102.58125000003983,18.455138888879564,7869,1.8961508e-05
102.44180555559538,18.41152777776845,7870,2.1745773e-06
102.65513888892873,18.642083333324035,7871,0.00040722475
102.77291666670654,18.639861111101812,7872,0.012264895
102.75375000003986,18.517638888879574,7873,0.00042234742
102.71986111115096,18.57013888887958,7874,1.1169366e-10
102.56263888892872,18.58152777776847,7875,1.6271576e-08
102.64375000003984,18.722361111101826,7876,0.00014406118
102.8259722222621,18.51319444443513,7877,0.0032323617
102.44236111115093,18.74819444443516,7878,0.034010146
102.49319444448427,18.555416666657358,7879,3.4312456e-10
102.49541666670649,18.459305555546234,7880,1.0972558e-09
102.70902777781764,18.70624999999071,7881,0.0022289786
102.61458333337318,18.617083333324032,7882,1.4795802e-06
102.81513888892876,18.456249999990675,7883,1.9607573e-05
102.47958333337316,18.418472222212895,7884,4.148308e-05
102.79013888892875,18.477916666657347,7885,0.00027151406
102.85875000003988,18.423749999990672,7886,0.00013131919
102.73430555559541,18.65041666665737,7887,0.00022203645
102.78291666670653,18.630694444435147,7888,0.00020984579
102.86680555559543,18.511249999990685,7889,0.00020166562
102.69375000003986,18.510138888879574,7890,0.0003753195
102.67180555559541,18.654027777768484,7891,0.013928461
102.79819444448431,18.48874999999068,7892,0.00034249827
102.42069444448425,18.643749999990703,7893,0.00017407007
102.48708333337316,18.406805555546224,7894,3.151788e-05
102.59763888892873,18.6087499999907,7895,1.6086315e-05
102.48736111115093,18.625972222212923,7896,6.207375e-05
102.60986111115095,18.721527777768493,7897,6.366448e-05
102.50347222226205,18.62402777776848,7898,0.0001697699
102.43736111115093,18.628194444435145,7899,1.4363905e-05
102.57152777781761,18.546527777768468,7900,1.7359108e-08
102.59069444448428,18.76374999999072,7901,3.0520067e-05
102.82125000003987,18.500416666657348,7902,0.009561057
102.6318055555954,18.6926388888796,7903,0.00018129409
102.59125000003984,18.54847222221291,7904,0.000110051005
102.82013888892877,18.409305555546226,7905,0.004381017
102.7934722222621,18.67319444443515,7906,0.00096723833
102.47375000003983,18.46458333332401,7907,1.5873076e-05
102.88069444448432,18.57152777776847,7908,6.7186345e-05
102.85152777781765,18.659027777768483,7909,0.000104302104
102.65541666670651,18.73958333332405,7910,0.0013609385
102.64875000003984,18.523749999990685,7911,3.0369227e-10
102.69541666670652,18.708472222212933,7912,0.0022860542
102.86152777781766,18.549583333324023,7913,6.4474574e-05
102.71625000003985,18.41124999999067,7914,0.00037782372
102.49236111115094,18.448749999990675,7915,5.4374468e-05
102.42847222226204,18.765694444435166,7916,0.00027712644
102.64791666670651,18.76486111110183,7917,0.00090054167
102.77097222226209,18.65680555554626,7918,0.0011998547
102.86375000003987,18.65708333332404,7919,0.0001765549
102.72541666670652,18.479583333324012,7920,0.00087349885
102.81847222226209,18.71041666665738,7921,0.01117885
102.77680555559542,18.49402777776846,7922,0.8753574
102.82291666670653,18.7690277777685,7923,0.001910335
102.5554166667065,18.536805555546245,7924,8.993197e-10
102.80736111115098,18.482083333324013,7925,0.00068735814
102.75513888892876,18.56513888887958,7926,7.256828e-05
102.62736111115096,18.585416666657363,7927,9.079105e-08
102.67708333337319,18.58069444443514,7928,2.3781353e-05
102.79013888892875,18.618749999990698,7929,0.002211932
102.5440277778176,18.47736111110179,7930,1.2993199e-05
102.87041666670655,18.633194444435144,7931,8.432928e-05
102.59847222226206,18.396527777768444,7932,8.993197e-10
102.53930555559539,18.635416666657367,7933,2.5990339e-08
102.6393055555954,18.476805555546235,7934,6.2952377e-10
102.80541666670653,18.548194444435133,7935,4.5868186e-05
102.59569444448428,18.49791666665735,7936,1.0791836e-09
102.54597222226205,18.644861111101815,7937,3.8670747e-09
102.50513888892871,18.694305555546265,7938,5.6827907e-05
102.84375000003988,18.404583333324002,7939,0.0014444507
102.43819444448427,18.609027777768475,7940,5.4292534e-05
102.88319444448433,18.65819444443515,7941,0.00019567843
102.88930555559544,18.65819444443515,7942,0.0013235171
102.48763888892871,18.43624999999067,7943,1.6073409e-05
102.6443055555954,18.73958333332405,7944,5.999283e-05
102.42680555559537,18.64652777776848,7945,4.36479e-05
102.60347222226206,18.574861111101804,7946,0.00027747676
102.42569444448426,18.576249999990694,7947,0.0004667583
102.60625000003984,18.6087499999907,7948,0.0001810617
102.45319444448427,18.754027777768496,7949,0.00022639414
102.50013888892872,18.676527777768484,7950,1.2094854e-05
102.76791666670653,18.40374999999067,7951,0.0006206004
102.57347222226205,18.68958333332404,7952,0.0004616674
102.88986111115099,18.560694444435136,7953,0.00018872325
102.87513888892877,18.434583333324007,7954,6.743218e-05
102.82430555559543,18.75708333332405,7955,0.00047404037
102.46402777781759,18.46958333332401,7956,1.1447288e-05
102.47708333337316,18.754027777768496,7957,2.1031343e-05
102.51819444448427,18.721249999990714,7958,1.7984896e-05
102.67458333337318,18.60763888887959,7959,1.6836889e-10
102.44125000003982,18.578194444435137,7960,6.5362024e-06
102.59708333337318,18.392638888879556,7961,2.980388e-09
102.55458333337317,18.560694444435136,7962,8.093877e-09
102.81041666670653,18.488472222212902,7963,0.0115563
102.75763888892875,18.73319444443516,7964,0.00033316007
102.8409722222621,18.74319444443516,7965,0.00052041997
102.86875000003988,18.57791666665736,7966,1.4299557e-05
102.8584722222621,18.61986111110181,7967,1.8285982e-05
102.64013888892873,18.42041666665734,7968,4.4863245e-05
102.77347222226209,18.7101388888796,7969,0.00010293823
102.60597222226207,18.55652777776847,7970,2.5789937e-10
102.5918055555954,18.71819444443516,7971,1.8990913e-05
102.81541666670654,18.4734722222129,7972,0.00029825597
102.73902777781764,18.488194444435123,7973,4.5156743e-05
102.77875000003986,18.65069444443515,7974,0.0003316413
102.71986111115096,18.561805555546247,7975,5.7234983e-10
102.74791666670653,18.60458333332403,7976,0.00013235846
102.65486111115096,18.587083333324028,7977,5.5757816e-09
102.43180555559537,18.630416666657368,7978,3.807898e-05
102.52180555559538,18.60847222221292,7979,0.0005312713
102.84819444448432,18.467638888879566,7980,5.7194295e-05
102.68097222226207,18.62263888887959,7981,7.914013e-09
102.89263888892877,18.64930555554626,7982,0.040413525
102.7706944444843,18.479305555546237,7983,0.000108334105
102.41375000003981,18.50374999999068,7984,3.5117308e-05
102.44458333337315,18.57124999999069,7985,0.00013822342
102.59875000003984,18.660416666657373,7986,2.2198621e-11
102.73013888892875,18.47069444443512,7987,0.0011670035
102.72958333337318,18.452638888879566,7988,0.00010466389
102.7006944444843,18.416805555546226,7989,0.0011796193
102.78013888892876,18.686527777768486,7990,0.0001901549
102.68708333337318,18.70736111110182,7991,0.0038510454
102.54569444448428,18.751527777768494,7992,0.002375099
102.46708333337315,18.42513888887956,7993,2.177768e-06
102.83319444448432,18.429861111101783,7994,5.15701e-05
102.41625000003981,18.389861111101776,7995,0.00016966269
102.80680555559543,18.568749999990693,7996,0.00029792805
102.83625000003987,18.491527777768457,7997,6.777692e-11
102.57819444448428,18.58069444443514,7998,4.4965984e-10
102.5943055555954,18.6387499999907,7999,5.6591354e-05
102.62652777781763,18.619027777768476,8000,1.6098038e-10
102.62152777781762,18.594861111101807,8001,3.6872105e-09
102.65208333337318,18.407083333324003,8002,0.00056364964
102.59125000003984,18.40986111110178,8003,6.781261e-05
102.47958333337316,18.692083333324042,8004,5.6696947e-05
102.48125000003982,18.550972222212913,8005,6.655469e-05
102.65763888892873,18.758194444435162,8006,8.2472165e-05
102.50486111115094,18.59569444443514,8007,7.4533236e-05
102.86013888892876,18.719861111101824,8008,0.00049156183
102.86375000003987,18.438749999990673,8009,0.00027361244
102.50208333337316,18.767083333324052,8010,0.00030448023
102.71375000003985,18.661249999990705,8011,5.69534e-10
102.82152777781765,18.714861111101825,8012,0.00020054693
102.63958333337318,18.400416666657335,8013,1.1936708e-05
102.55152777781761,18.6337499999907,8014,1.1022083e-07
102.47819444448427,18.600416666657363,8015,5.4514643e-05
102.49430555559537,18.48124999999068,8016,0.0002790502
102.46486111115094,18.592916666657363,8017,5.6119416e-06
102.42430555559537,18.58069444443514,8018,3.1002448e-05
102.49069444448426,18.54874999999069,8019,3.165931e-05
102.45236111115094,18.50791666665735,8020,2.6344975e-05
102.74513888892875,18.610138888879586,8021,0.00037624713
102.81902777781765,18.435972222212897,8022,0.0019834498
102.55625000003984,18.545138888879578,8023,3.8670747e-09
102.46819444448427,18.634583333324034,8024,3.6391393e-05
102.69486111115097,18.442083333324007,8025,0.00044813872
102.49263888892871,18.484861111101793,8026,3.2859374e-05
102.80319444448432,18.416249999990672,8027,1.8599247e-05
102.60736111115095,18.543194444435134,8028,8.347858e-09
102.86013888892876,18.397916666657334,8029,2.1774624e-05
102.88819444448433,18.5623611111018,8030,0.00014573355
102.42180555559537,18.501249999990684,8031,3.4974184e-06
102.8609722222621,18.504583333324018,8032,4.951261e-05
102.64097222226206,18.747916666657385,8033,0.00048073233
102.60486111115095,18.641249999990702,8034,3.1838725e-05
102.60097222226206,18.47236111110179,8035,4.4965984e-10
102.82236111115098,18.68374999999071,8036,0.000371139
102.61041666670651,18.526527777768464,8037,3.1476188e-09
102.44069444448427,18.649861111101814,8038,0.00011161172
102.46625000003982,18.628472222212924,8039,1.6269323e-05
102.52152777781761,18.407361111101782,8040,0.00013064146
102.81986111115098,18.53708333332402,8041,2.731075e-05
102.49625000003982,18.60708333332403,8042,0.00014279815
102.57958333337317,18.422361111101782,8043,1.4531052e-05
102.7445833333732,18.52180555554624,8044,2.7111791e-05
102.88208333337322,18.720694444435157,8045,0.0010797016
102.81930555559542,18.592361111101805,8046,0.0011831535
102.78875000003987,18.39624999999067,8047,0.00030913786
102.45125000003982,18.407916666657336,8048,3.2530632e-05
102.79486111115098,18.51541666665735,8049,0.0013536445
102.51902777781761,18.71680555554627,8050,3.7981387e-09
102.84041666670655,18.637916666657368,8051,0.00013655024
102.56819444448428,18.75708333332405,8052,6.971622e-05
102.62013888892874,18.76513888887961,8053,0.0018545396
102.67097222226207,18.524861111101796,8054,1.6490387e-10
102.68625000003985,18.45180555554623,8055,0.00086965837
102.47236111115093,18.75708333332405,8056,0.010947325
102.47236111115093,18.7051388888796,8057,0.0048146886
102.45930555559538,18.712638888879603,8058,6.571392e-05
102.56736111115094,18.526249999990686,8059,3.1581916e-05
102.64513888892874,18.553194444435135,8060,1.9298672e-09
102.72958333337318,18.710972222212934,8061,0.00402709
102.61902777781762,18.654027777768484,8062,9.892516e-10
102.6329166667065,18.573472222212914,8063,8.3577284e-08
102.48375000003982,18.612916666657366,8064,4.139828e-05
102.71513888892875,18.710694444435156,8065,0.0014747229
102.90541666670654,18.741249999990718,8066,0.00072995503
102.75402777781764,18.511249999990685,8067,0.0009453637
102.7809722222621,18.483472222212903,8068,3.9145416e-05
102.77736111115098,18.50263888887957,8069,0.0006542697
102.44819444448426,18.542916666657355,8070,3.095863e-05
102.44819444448426,18.605416666657366,8071,1.0492056e-05
102.53763888892873,18.5523611111018,8072,0.00061390956
102.64875000003984,18.711249999990713,8073,0.00025778168
102.65347222226207,18.712916666657378,8074,0.0008879076
102.62319444448428,18.762083333324053,8075,0.0007884109
102.66208333337318,18.542638888879576,8076,2.1583673e-09
102.85291666670655,18.730416666657383,8077,0.0015845427
102.64597222226207,18.696527777768488,8078,0.00026693437
102.54625000003983,18.516527777768463,8079,0.00026567274
102.82041666670654,18.720416666657382,8080,0.00014670627
102.67402777781763,18.500972222212905,8081,0.0006701534
102.86680555559543,18.560138888879578,8082,6.596615e-05
102.88847222226211,18.620416666657366,8083,0.00014146038
102.51486111115094,18.437361111101783,8084,0.000121958095
102.51375000003982,18.586527777768474,8085,0.00051626074
102.70513888892874,18.391527777768445,8086,6.793699e-05
102.6043055555954,18.57291666665736,8087,0.00021814127
102.887361111151,18.567916666657357,8088,0.00019845384
102.46069444448426,18.745138888879605,8089,0.00013012587
102.71236111115097,18.58902777776847,8090,3.1070253e-05
102.48597222226205,18.55874999999069,8091,0.00010444858
102.48347222226205,18.491249999990682,8092,1.9062907e-05
102.44708333337316,18.6137499999907,8093,6.634141e-05
102.76319444448431,18.592361111101805,8094,3.5049423e-05
102.46541666670649,18.477916666657347,8095,1.4301805e-05
102.7770833333732,18.49680555554624,8096,0.00010773683
102.63597222226207,18.587638888879585,8097,1.1871019e-08
102.58319444448428,18.564305555546248,8098,2.7878908e-09
102.7056944444843,18.59180555554625,8099,1.11707414e-10
102.74847222226208,18.58291666665736,8100,4.063474e-05
102.55597222226206,18.713194444435157,8101,6.330096e-11
102.87736111115099,18.438749999990673,8102,8.154006e-05
102.80069444448431,18.497361111101792,8103,0.00012199934
102.5179166667065,18.476249999990678,8104,0.00022612402
102.86402777781765,18.713749999990714,8105,0.0758945
102.5629166667065,18.735416666657382,8106,4.8977152e-05
102.63041666670651,18.39624999999067,8107,6.99342e-05
102.47819444448427,18.60569444443514,8108,0.00014949491
102.5265277778176,18.612638888879587,8109,8.71565e-06
102.50125000003983,18.460138888879566,8110,9.371108e-05
102.73236111115096,18.387638888879554,8111,0.00027423966
102.65319444448428,18.399027777768445,8112,0.0008604011
102.65347222226207,18.416527777768447,8113,0.000105562576
102.48680555559538,18.58902777776847,8114,3.4900437e-05
102.49847222226205,18.736527777768494,8115,0.0001000881
102.42097222226204,18.75124999999072,8116,0.0003397762
102.85541666670655,18.681527777768487,8117,0.00027927398
102.83513888892877,18.42930555554623,8118,7.055624e-05
102.70625000003986,18.442361111101786,8119,0.0010040349
102.7320833333732,18.440694444435117,8120,0.014781451
102.71041666670652,18.574583333324025,8121,1.061055e-10
102.46013888892871,18.704583333324045,8122,0.0015760995
102.59208333337317,18.645972222212926,8123,1.9066956e-10
102.76736111115098,18.72291666665738,8124,0.0041609094
102.44430555559538,18.602916666657364,8125,2.4403387e-05
102.63402777781762,18.42041666665734,8126,0.00011781804
102.88263888892877,18.603194444435143,8127,1.240108e-05
102.59569444448428,18.50680555554624,8128,0.00012650462
102.49458333337316,18.54708333332402,8129,3.350365e-10
102.62152777781762,18.43763888887956,8130,0.0006396968
102.86902777781765,18.459305555546234,8131,0.00095494685
102.69152777781763,18.425416666657338,8132,0.00084480393
102.84513888892876,18.663472222212928,8133,7.279281e-05
102.65486111115096,18.527638888879576,8134,9.532789e-09
102.47125000003982,18.500416666657348,8135,1.7958082e-05
102.70013888892875,18.704027777768488,8136,0.008767274
102.76347222226208,18.4709722222129,8137,0.00043442292
102.77486111115097,18.726249999990713,8138,0.00045907745
102.57152777781761,18.711249999990713,8139,1.8353903e-07
102.80902777781765,18.592361111101805,8140,9.672872e-05
102.86625000003988,18.69874999999071,8141,0.00028595334
102.55319444448428,18.762083333324053,8142,0.000303477
102.69180555559541,18.546805555546246,8143,1.1861105e-09
102.8495833333732,18.68874999999071,8144,0.0020909158
102.77680555559542,18.539305555546242,8145,2.7507767e-09
102.67513888892874,18.609027777768475,8146,3.7612562e-08
102.66180555559541,18.756249999990718,8147,0.0003225315
102.71430555559542,18.702916666657377,8148,0.00046529522
102.81430555559542,18.567083333324025,8149,0.00040867782
102.87041666670655,18.57902777776847,8150,5.3564145e-05
102.56402777781761,18.577638888879584,8151,1.8436053e-08
102.44847222226204,18.42263888887956,8152,2.0320493e-05
102.6029166667065,18.65958333332404,8153,5.3005897e-07
102.57013888892872,18.585416666657363,8154,1.565807e-09
102.74208333337319,18.5448611111018,8155,5.6993354e-10
102.48708333337316,18.57430555554625,8156,0.00019316518
102.6493055555954,18.43513888887956,8157,6.967717e-05
102.77013888892876,18.627638888879588,8158,0.0015944439
102.47986111115094,18.66819444443515,8159,0.00039018007
102.47375000003983,18.717361111101823,8160,0.000114087576
102.54958333337316,18.632083333324033,8161,1.4838775e-08
102.58569444448428,18.70902777776849,8162,0.00042331367
102.86291666670654,18.56124999999069,8163,0.00090045924
102.56708333337316,18.61736111110181,8164,5.03619e-09
102.43402777781759,18.63263888887959,8165,8.389675e-10
102.74375000003987,18.686249999990707,8166,0.00021645287
102.82847222226209,18.488472222212902,8167,0.00024395424
102.5929166667065,18.45486111110179,8168,4.2441377e-05
102.74097222226209,18.47263888887957,8169,0.00023594944
102.83625000003987,18.568472222212915,8170,0.00040245065
102.41819444448426,18.401805555546225,8171,1.817696e-05
102.5229166667065,18.549305555546244,8172,4.2433203e-05
102.76930555559542,18.44402777776845,8173,0.00013293588
102.52930555559539,18.58430555554625,8174,7.32947e-05
102.72986111115097,18.539305555546242,8175,1.7986393e-10
102.69097222226208,18.443194444435118,8176,0.00043770202
102.81152777781764,18.542916666657355,8177,4.7428184e-10
102.88513888892876,18.6337499999907,8178,9.80612e-05
102.5968055555954,18.703194444435155,8179,6.432046e-05
102.81847222226209,18.432361111101784,8180,8.4846804e-05
102.6793055555954,18.507638888879573,8181,0.0003747998
102.76319444448431,18.63291666665737,8182,7.8672114e-05
102.45347222226204,18.653472222212926,8183,0.0011430592
102.76319444448431,18.50374999999068,8184,0.00051685027
102.50486111115094,18.42652777776845,8185,1.6080559e-10
102.43680555559537,18.452638888879566,8186,0.0038428262
102.49708333337315,18.74708333332405,8187,3.5938974e-10
102.45458333337315,18.557916666657356,8188,3.8991984e-05
102.5668055555954,18.60736111110181,8189,8.723401e-09
102.82236111115098,18.440138888879563,8190,0.00013149371
102.57819444448428,18.484861111101793,8191,0.000486503
102.78041666670653,18.618472222212922,8192,6.031958e-05
102.89930555559543,18.742638888879604,8193,0.0004718303
102.7556944444843,18.7001388888796,8194,9.250062e-08
102.79152777781765,18.50513888887957,8195,0.0017091286
102.89541666670655,18.60736111110181,8196,0.00018525812
102.74486111115097,18.448472222212896,8197,3.4890512e-05
102.61541666670651,18.56374999999069,8198,1.15144734e-10
102.74791666670653,18.492083333324015,8199,0.07300769
102.84986111115099,18.70652777776849,8200,0.0001523007
102.8484722222621,18.41402777776845,8201,0.00027017127
102.71347222226208,18.452638888879566,8202,0.0013909738
102.81236111115098,18.425972222212895,8203,0.005971826
102.80763888892876,18.500416666657348,8204,0.00083565316
102.65486111115096,18.66319444443515,8205,0.0001929937
102.5040277778176,18.761805555546275,8206,4.1267516e-08
102.59513888892873,18.74319444443516,8207,0.00014025733
102.77263888892875,18.523749999990685,8208,0.00038599453
102.47013888892872,18.433194444435117,8209,9.53213e-06
102.67902777781762,18.432638888879563,8210,0.00021181574
102.70152777781763,18.582361111101804,8211,1.6152477e-05
102.55097222226206,18.484583333324014,8212,3.1607997e-05
102.79847222226209,18.492361111101793,8213,0.0007851709
102.74902777781764,18.640972222212923,8214,0.00032393547
102.80625000003987,18.54013888887958,8215,5.009027e-05
102.5754166667065,18.624583333324033,8216,2.608027e-09
102.65041666670652,18.713749999990714,8217,8.1874496e-05
102.85486111115098,18.7101388888796,8218,0.0001117764
102.46819444448427,18.396527777768444,8219,3.0143117e-05
102.6818055555954,18.546805555546246,8220,0.010996582
102.84597222226209,18.574583333324025,8221,0.00012996748
102.47986111115094,18.64930555554626,8222,9.0107125e-05
102.73152777781763,18.396805555546223,8223,0.0010607356
102.87875000003989,18.65541666665737,8224,0.00055000966
102.47069444448427,18.736805555546272,8225,0.0012631881
102.51986111115095,18.519583333324018,8226,4.766349e-05
102.45958333337315,18.559305555546246,8227,3.6569636e-10
102.90263888892878,18.45458333332401,8228,6.173304e-05
102.58736111115095,18.51041666665735,8229,1.3350276e-05
102.6318055555954,18.47069444443512,8230,2.3382312e-09
102.77013888892876,18.64958333332404,8231,0.0008659736
102.41652777781759,18.600416666657363,8232,2.5369567e-05
102.42930555559538,18.713472222212935,8233,0.76405144
102.79402777781765,18.387083333324,8234,6.31767e-06
102.5529166667065,18.66597222221293,8235,4.943515e-05
102.50791666670649,18.742638888879604,8236,3.0638614e-10
102.75125000003986,18.663749999990706,8237,0.00028023982
102.62291666670652,18.714861111101825,8238,4.3766107e-05
102.89902777781766,18.68486111110182,8239,0.011424903
102.60902777781762,18.625694444435144,8240,3.0433834e-05
102.84652777781766,18.601527777768474,8241,0.00014422847
102.50958333337316,18.751527777768494,8242,0.00020412046
102.51180555559539,18.44430555554623,8243,0.00014718763
102.68347222226207,18.489305555546235,8244,0.0003833567
102.41958333337315,18.660972222212926,8245,0.00021719764
102.57819444448428,18.53347222221291,8246,4.5445385e-09
102.41875000003981,18.640972222212923,8247,7.03892e-05
102.8084722222621,18.696805555546266,8248,0.009698084
102.65069444448429,18.41402777776845,8249,0.00017358664
102.66513888892874,18.506249999990683,8250,3.0576868e-09
102.49986111115093,18.566249999990692,8251,2.697959e-10
102.87208333337321,18.533749999990686,8252,0.00013544364
102.57236111115094,18.59986111110181,8253,0.00027157832
102.89541666670655,18.401249999990668,8254,0.0002716179
102.58930555559539,18.715694444435158,8255,0.00017102453
102.81902777781765,18.543472222212912,8256,1.176405e-09
102.4290277778176,18.733749999990717,8257,9.962659e-05
102.76652777781764,18.64930555554626,8258,0.1847705
102.45875000003981,18.491805555546236,8259,0.007865709
102.56013888892872,18.615694444435142,8260,2.8328568e-08
102.79652777781764,18.621805555546256,8261,0.00057310244
102.8484722222621,18.51263888887957,8262,0.00013126737
102.54958333337316,18.762083333324053,8263,1.92994e-07
102.50986111115094,18.65041666665737,8264,9.0393376e-05
102.90625000003989,18.534861111101797,8265,8.713805e-06
102.80597222226208,18.606805555546252,8266,0.000120135526
102.53513888892871,18.687083333324043,8267,1.3558765e-10
102.43236111115093,18.638472222212926,8268,6.391874e-10
102.58208333337318,18.534027777768465,8269,5.514661e-09
102.49875000003982,18.746249999990717,8270,1.5256077e-05
102.4401388889287,18.576527777768472,8271,0.000465749
102.68458333337318,18.668749999990705,8272,5.2831027e-05
102.8320833333732,18.551527777768467,8273,6.642213e-05
102.47319444448426,18.593472222212917,8274,0.00023663911
102.67152777781763,18.614305555546252,8275,1.007238e-08
102.66541666670652,18.696527777768488,8276,0.0011149957
102.77152777781764,18.615694444435142,8277,0.000103976214
102.43125000003981,18.692083333324042,8278,0.06586196
102.67375000003985,18.432638888879563,8279,4.3337277e-05
102.54486111115094,18.625416666657365,8280,1.7986393e-09
102.81069444448431,18.650972222212925,8281,0.00029898126
102.89930555559543,18.71041666665738,8282,0.0017806164
102.56791666670651,18.613194444435145,8283,3.381442e-08
102.73597222226208,18.499583333324015,8284,0.030017395
102.75097222226208,18.752638888879606,8285,0.00036206483
102.74347222226208,18.64152777776848,8286,0.03428888
102.7645833333732,18.645694444435147,8287,0.00013072888
102.5704166667065,18.650972222212925,8288,3.1050946e-05
102.87069444448433,18.675138888879594,8289,0.00016823922
102.58513888892873,18.559861111101803,8290,1.1691156e-09
102.69041666670653,18.55624999999069,8291,1.4389114e-09
102.86291666670654,18.440694444435117,8292,0.0007349724
102.86041666670654,18.429583333324004,8293,0.0003689953
102.41513888892871,18.477083333324014,8294,6.5342338e-06
102.89958333337322,18.66569444443515,8295,8.118577e-05
102.4840277778176,18.643194444435146,8296,0.00010103643
102.56569444448428,18.41874999999067,8297,2.0591971e-10
102.76652777781764,18.488472222212902,8298,0.00012802411
102.50652777781761,18.486805555546237,8299,0.00016383441
102.79375000003986,18.593749999990695,8300,4.6129553e-05
102.47708333337316,18.53347222221291,8301,8.744888e-05
102.54569444448428,18.76736111110183,8302,7.306591e-05
102.50208333337316,18.692916666657375,8303,0.00015272372
102.46875000003982,18.720416666657382,8304,2.725527e-07
102.47763888892871,18.453749999990677,8305,2.7701557e-05
102.73902777781764,18.4634722222129,8306,1.2992164e-05
102.52819444448427,18.467638888879566,8307,4.1331677e-05
102.42625000003981,18.74958333332405,8308,0.0001719496
102.58680555559539,18.425972222212895,8309,1.4520093e-06
102.7895833333732,18.724861111101827,8310,0.0003407077
102.47208333337315,18.617638888879586,8311,4.0592764e-05
102.42791666670648,18.755694444435164,8312,0.00013041106
102.66708333337318,18.456249999990675,8313,0.00040884857
102.66236111115096,18.50541666665735,8314,3.0576868e-09
102.43069444448426,18.4559722222129,8315,7.643121e-06
102.90486111115099,18.727638888879603,8316,0.0016640656
102.73375000003986,18.401805555546225,8317,0.023377148
102.64736111115096,18.484583333324014,8318,1.3489796e-09
102.50902777781761,18.433472222212895,8319,1.1455505e-05
102.55402777781761,18.524027777768463,8320,0.0025078217
102.68208333337319,18.562083333324026,8321,4.6764623e-09
102.7670833333732,18.710694444435156,8322,0.0010472497
102.70625000003986,18.497083333324014,8323,0.0007037262
102.57097222226206,18.623194444435143,8324,3.3274827e-09
102.60013888892873,18.59680555554625,8325,6.0957682e-05
102.41708333337314,18.524027777768463,8326,9.144445e-05
102.76513888892875,18.688194444435155,8327,9.519429e-05
102.5729166667065,18.65958333332404,8328,0.00014914114
102.89263888892877,18.425694444435116,8329,0.0005770663
102.74013888892875,18.76486111110183,8330,6.5093984e-05
102.884861111151,18.55763888887958,8331,3.127116e-05
102.43263888892871,18.438472222212894,8332,0.0003636975
102.56958333337317,18.744305555546273,8333,0.0015129893
102.83680555559543,18.737638888879605,8334,0.46856156
102.47486111115093,18.566249999990692,8335,9.13705e-05
102.48680555559538,18.741249999990718,8336,0.00032261596
102.65902777781763,18.625972222212923,8337,3.8670747e-09
102.89541666670655,18.509861111101795,8338,0.00032640397
102.4540277778176,18.687916666657376,8339,0.00033588544
102.80541666670653,18.73180555554627,8340,7.83418e-05
102.70791666670652,18.648472222212927,8341,3.3274827e-09
102.79930555559542,18.428194444435118,8342,0.00034644193
102.63569444448429,18.600138888879584,8343,9.083129e-09
102.61708333337317,18.67847222221293,8344,4.0469383e-09
102.73402777781763,18.757916666657387,8345,0.0045534167
102.79486111115098,18.726527777768492,8346,0.001007954
102.85291666670655,18.587638888879585,8347,0.00013490178
102.64013888892873,18.69902777776849,8348,0.00035551883
102.54513888892872,18.42902777776845,8349,4.024458e-05
102.63791666670652,18.444583333324008,8350,8.532648e-09
102.89486111115099,18.6212499999907,8351,0.00040493018
102.8934722222621,18.751527777768494,8352,0.00043766887
102.75263888892876,18.72319444443516,8353,0.0036446473
102.49541666670649,18.7026388888796,8354,0.00015356111
102.63513888892874,18.45208333332401,8355,3.123135e-08
102.55347222226206,18.51569444443513,8356,1.8600964e-05
102.72041666670653,18.603749999990697,8357,3.5479655e-10
102.56263888892872,18.461527777768456,8358,6.743748e-05
102.48041666670649,18.610972222212922,8359,6.601676e-05
102.48319444448427,18.443194444435118,8360,6.533572e-11
102.59708333337318,18.6087499999907,8361,7.604744e-05
102.77291666670654,18.46458333332401,8362,0.00032649914
102.90513888892878,18.553194444435135,8363,0.0019006365
102.79319444448431,18.41236111110178,8364,5.017816e-05
102.49736111115094,18.729583333324047,8365,0.00015722497
102.4276388889287,18.721527777768493,8366,0.00074881053
102.63263888892874,18.65819444443515,8367,4.032933e-09
102.46597222226204,18.68069444443515,8368,0.00026681685
102.87819444448432,18.659027777768483,8369,0.010069958
102.54652777781762,18.63291666665737,8370,1.160489e-06
102.52097222226205,18.509583333324017,8371,0.0001190385
102.48986111115093,18.619305555546255,8372,1.4001737e-10
102.67513888892874,18.46236111110179,8373,0.00041339794
102.67986111115096,18.567916666657357,8374,0.014924547
102.75513888892876,18.620694444435145,8375,0.0018213735
102.49097222226204,18.586527777768474,8376,1.7739323e-05
102.47041666670648,18.41013888887956,8377,3.3645927e-05
102.86569444448432,18.604305555546254,8378,0.00022357873
102.84069444448431,18.516527777768463,8379,0.0006819756
102.67375000003985,18.725138888879602,8380,5.2566436e-05
102.67263888892874,18.42041666665734,8381,3.8295126e-05
102.53763888892873,18.58208333332403,8382,0.0010755486
102.88208333337322,18.70152777776849,8383,0.00014321042
102.74013888892875,18.7051388888796,8384,0.00527877
102.6093055555954,18.50652777776846,8385,0.00017550365
102.64902777781762,18.498472222212904,8386,1.4389114e-09
102.69513888892874,18.451249999990676,8387,0.00033827222
102.48069444448427,18.583472222212915,8388,2.716431e-05
102.89902777781766,18.58430555554625,8389,0.00019368432
102.63708333337318,18.723749999990716,8390,0.002070655
102.74430555559542,18.508472222212905,8391,2.546703e-05
102.65375000003985,18.449861111101786,8392,4.946258e-09
102.57180555559539,18.387083333324,8393,6.9931057e-06
102.81236111115098,18.71930555554627,8394,0.0006270973
102.61041666670651,18.708472222212933,8395,0.00024477718
102.87319444448433,18.6287499999907,8396,9.6771015e-05
102.89763888892877,18.729861111101826,8397,0.7438234
102.56902777781761,18.702083333324044,8398,0.00023952736
102.54763888892872,18.391249999990666,8399,1.9597242e-05
102.74430555559542,18.74319444443516,8400,0.00014972068
102.42986111115093,18.486805555546237,8401,0.07413588
102.52152777781761,18.445138888879562,8402,0.00011085621
102.65486111115096,18.655972222212927,8403,0.00040575242
102.49847222226205,18.470416666657346,8404,1.6901792e-10
102.53625000003983,18.465138888879565,8405,3.819096e-05
102.76347222226208,18.559027777768467,8406,2.4585526e-05
102.4240277778176,18.654861111101816,8407,8.341612e-05
102.75541666670652,18.477916666657347,8408,5.9676357e-05
102.75513888892876,18.66708333332404,8409,0.0017318466
102.80041666670654,18.404583333324002,8410,0.00017996403
102.81680555559542,18.676805555546263,8411,0.00020165167
102.8484722222621,18.60708333332403,8412,1.9774469
102.64847222226207,18.69124999999071,8413,0.007071892
102.52708333337316,18.663749999990706,8414,1.1515624e-10
102.89708333337322,18.493194444435126,8415,0.00014672142
102.84541666670654,18.615416666657364,8416,0.0011291968
102.69625000003985,18.69236111110182,8417,0.23843564
102.75763888892875,18.64958333332404,8418,0.0003419755
102.55208333337316,18.389861111101776,8419,1.9879964e-10
102.5368055555954,18.456527777768454,8420,5.668957e-05
102.72513888892874,18.619027777768476,8421,1.09956145e-05
102.5643055555954,18.71652777776849,8422,0.00019605884
102.73708333337319,18.708194444435158,8423,0.00034408004
102.43597222226204,18.49902777776846,8424,7.956357e-05
102.77486111115097,18.719027777768492,8425,7.7041164e-05
102.71930555559541,18.522361111101798,8426,7.384112e-05
102.85875000003988,18.74347222221294,8427,0.00037557146
102.7995833333732,18.586527777768474,8428,3.1442327e-05
102.66458333337319,18.604305555546254,8429,1.1241496e-08
102.77097222226209,18.645694444435147,8430,0.0005442481
102.71680555559541,18.456527777768454,8431,0.00019965584
102.8959722222621,18.493472222212905,8432,0.0005484227
102.49430555559537,18.443472222212897,8433,4.0663636e-10
102.57263888892872,18.750416666657383,8434,0.0002267125
102.67263888892874,18.702083333324044,8435,0.000411508
102.79541666670653,18.414305555546225,8436,0.00028408226
102.75430555559542,18.46486111110179,8437,0.00013417647
102.86152777781766,18.534305555546243,8438,0.0007384174
102.4176388889287,18.61597222221292,8439,0.00011990927
102.86875000003988,18.469027777768456,8440,2.5455307e-09
102.42819444448426,18.765416666657387,8441,0.00011729615
102.47680555559538,18.746527777768495,8442,0.006042026
102.50513888892871,18.502361111101795,8443,0.00076395244
102.50263888892871,18.392638888879556,8444,5.8743757e-09
102.56458333337316,18.598749999990698,8445,1.1331427e-08
102.41680555559537,18.760416666657385,8446,0.00012345189
102.84236111115098,18.671249999990707,8447,0.0011795003
102.53430555559538,18.681805555546262,8448,8.229323e-09
102.87486111115099,18.43902777776845,8449,0.0023517895
102.59319444448428,18.401249999990668,8450,2.697959e-10
102.46847222226204,18.74347222221294,8451,0.0003648349
102.52263888892871,18.7001388888796,8452,2.9869235e-10
102.8234722222621,18.405416666657334,8453,0.00017377254
102.74402777781764,18.392083333324,8454,5.388097e-05
102.63597222226207,18.697916666657378,8455,5.4794848e-05
102.7820833333732,18.5323611111018,8456,8.536546e-10
102.5204166667065,18.465694444435123,8457,2.841886e-05
102.79430555559543,18.73597222221294,8458,0.00031723917
102.45541666670648,18.636527777768478,8459,6.602594e-05
102.43375000003982,18.769305555546275,8460,5.282849e-05
102.8070833333732,18.58180555554625,8461,0.00013935444
102.5929166667065,18.439583333324006,8462,0.00010095024
102.87152777781766,18.60097222221292,8463,0.00020744218
102.59319444448428,18.579583333324027,8464,3.8670747e-09
102.75541666670652,18.48124999999068,8465,5.5783956e-05
102.77569444448432,18.69624999999071,8466,0.00038625946
102.51347222226205,18.59569444443514,8467,0.0006482912
102.5729166667065,18.415416666657336,8468,5.2202733e-05
102.84180555559543,18.562083333324026,8469,0.0034440942
102.62791666670651,18.4609722222129,8470,7.194557e-10
102.43097222226204,18.694583333324044,8471,0.00078760623
102.4590277778176,18.61236111110181,8472,1.3505127e-08
102.8220833333732,18.45458333332401,8473,0.00012586113
102.90319444448433,18.642638888879592,8474,0.00017851271
102.83347222226209,18.672638888879597,8475,0.0005990095
102.50125000003983,18.72458333332405,8476,9.154884e-05
102.60763888892873,18.563194444435137,8477,2.0996967e-10
102.8684722222621,18.74958333332405,8478,0.001663819
102.61125000003985,18.495972222212902,8479,5.1119063e-05
102.88069444448432,18.581249999990693,8480,8.434266e-05
102.55097222226206,18.52041666665735,8481,0.00066057313
102.58819444448429,18.679305555546264,8482,1.9935813e-09
102.43319444448426,18.53124999999069,8483,1.6487518e-05
102.53402777781761,18.6901388888796,8484,4.466501e-06
102.45791666670648,18.599027777768473,8485,0.00017115258
102.56986111115094,18.618472222212922,8486,4.053001e-08
102.75458333337319,18.62236111110181,8487,0.00017584811
102.90569444448433,18.588749999990696,8488,0.0009809462
102.62541666670651,18.754027777768496,8489,9.810931e-06
102.69763888892874,18.6062499999907,8490,2.2401365e-09
102.81875000003987,18.769583333324054,8491,0.0005004979
102.76013888892875,18.737638888879605,8492,0.00036009608
102.83736111115098,18.53069444443513,8493,0.0012009289
102.60319444448429,18.61597222221292,8494,1.6086871e-05
102.71097222226207,18.699583333324043,8495,0.00060152524
102.58708333337317,18.41124999999067,8496,1.7633662e-05
102.83347222226209,18.739027777768495,8497,5.5347464e-05
102.43347222226204,18.390416666657334,8498,2.3223922e-05
102.73902777781764,18.63902777776848,8499,5.526188e-05
102.7331944444843,18.57319444443514,8500,5.584784e-10
102.66791666670652,18.515972222212906,8501,1.9785031e-09
102.8709722222621,18.59569444443514,8502,8.5671745e-05
102.6329166667065,18.38819444443511,8503,3.0635852e-05
102.8209722222621,18.577361111101805,8504,0.0004423727
102.52125000003983,18.62402777776848,8505,0.0002474035
102.53180555559538,18.497361111101792,8506,1.4223908e-05
102.897361111151,18.419583333324006,8507,1.3489796e-09
102.73430555559541,18.44291666665734,8508,0.0009142386
102.41569444448426,18.536805555546245,8509,1.8022064e-09
102.55152777781761,18.394027777768446,8510,4.7387043e-06
102.6881944444843,18.708194444435158,8511,0.0030337374
102.90291666670655,18.70041666665738,8512,0.0012531873
102.89291666670655,18.750416666657383,8513,0.00016631332
102.50708333337316,18.391249999990666,8514,1.50709375e-05
102.68986111115096,18.462638888879567,8515,0.0013505641
102.44569444448426,18.751527777768494,8516,0.0023075263
102.70430555559541,18.727916666657382,8517,0.0002069021
102.85208333337322,18.549305555546244,8518,0.0002083753
102.71041666670652,18.415694444435115,8519,0.0018668051
102.74930555559541,18.763472222212943,8520,0.0016206119
102.70125000003985,18.618194444435144,8521,0.0002832466
102.47041666670648,18.560416666657357,8522,1.0498025e-05
102.62208333337318,18.40874999999067,8523,1.8177556e-05
102.55763888892872,18.643749999990703,8524,1.0444682e-09
102.47069444448427,18.493194444435126,8525,1.3993292e-05
102.86375000003987,18.43624999999067,8526,3.0497273e-05
102.42430555559537,18.76763888887961,8527,0.00047857047
102.84736111115099,18.462916666657343,8528,3.934939e-05
102.47263888892871,18.45958333332401,8529,1.004586e-09
102.78291666670653,18.4609722222129,8530,0.0003887696
102.68125000003985,18.68097222221293,8531,0.0006656773
102.66513888892874,18.58152777776847,8532,1.5183413e-09
102.61569444448429,18.644583333324036,8533,4.5570476e-05
102.56125000003983,18.476805555546235,8534,0.0015902896
102.67819444448429,18.736249999990715,8535,0.0029398927
102.86958333337321,18.47986111110179,8536,0.0001634051
102.45041666670649,18.41152777776845,8537,2.9945852e-06
102.65902777781763,18.43652777776845,8538,0.0015985832
102.6079166667065,18.70902777776849,8539,2.1787166e-05
102.50652777781761,18.524861111101796,8540,1.264618e-05
102.53430555559538,18.49652777776846,8541,4.1427073e-05
102.61347222226206,18.74069444443516,8542,2.0339512e-05
102.4551388889287,18.760416666657385,8543,6.579558e-05
102.65097222226207,18.55597222221291,8544,1.9515237e-08
102.86680555559543,18.767083333324052,8545,0.00020897693
102.58486111115094,18.47069444443512,8546,5.4547523e-05
102.5329166667065,18.673749999990708,8547,1.6919427e-10
102.869861111151,18.42152777776845,8548,0.011363963
102.857361111151,18.41986111110178,8549,0.00031065303
102.84625000003987,18.42180555554623,8550,0.00025185422
102.60847222226207,18.43819444443512,8551,2.3026096e-05
102.55402777781761,18.642638888879592,8552,6.738813e-09
102.64013888892873,18.619305555546255,8553,6.3142084e-05
102.50791666670649,18.541805555546244,8554,1.961167e-05
102.86541666670655,18.4559722222129,8555,0.00026082183
102.8609722222621,18.741527777768493,8556,0.0011298647
102.58708333337317,18.42791666665734,8557,3.3790002e-05
102.55402777781761,18.60708333332403,8558,1.6817278e-08
102.63125000003984,18.686527777768486,8559,3.3936335e-08
102.78986111115098,18.56402777776847,8560,1.19909e-05
102.55736111115094,18.741527777768493,8561,0.00020083228
102.89652777781765,18.413194444435113,8562,9.753796e-05
102.88069444448432,18.524861111101796,8563,0.00071835174
102.49236111115094,18.457638888879565,8564,5.2536518e-05
102.75375000003986,18.690416666657377,8565,1.2342026e-09
102.80180555559542,18.550416666657355,8566,0.00053242146
102.44097222226203,18.57041666665736,8567,0.00011608677
102.7556944444843,18.64041666665737,8568,1.1643633e-09
102.57597222226205,18.670972222212928,8569,2.2483018e-05
102.70513888892874,18.566249999990692,8570,7.528799e-06
102.5165277778176,18.429861111101783,8571,4.020204e-05
102.71930555559541,18.584583333324026,8572,3.3944845e-05
102.58847222226206,18.388749999990665,8573,1.6264314e-09
102.65319444448428,18.434305555546228,8574,0.0072047445
102.73013888892875,18.532638888879575,8575,5.72253e-09
102.74597222226208,18.452361111101787,8576,0.00025518765
102.58708333337317,18.611249999990697,8577,6.2952377e-10
102.50375000003983,18.647361111101816,8578,0.00012857452
102.8909722222621,18.769583333324054,8579,0.00014147742
102.8234722222621,18.444583333324008,8580,3.479999e-05
102.85430555559543,18.41291666665734,8581,0.0001857779
102.64208333337318,18.45569444443512,8582,8.0938767e-10
102.61597222226206,18.6826388888796,8583,2.0636167e-08
102.74430555559542,18.75708333332405,8584,0.00043184395
102.57902777781761,18.68486111110182,8585,0.0004794318
102.84819444448432,18.69847222221293,8586,0.00014949768
102.45291666670649,18.408472222212893,8587,3.1593852e-06
102.70902777781764,18.409583333324004,8588,0.0056802346
102.78319444448431,18.645972222212926,8589,0.0008476119
102.7809722222621,18.692083333324042,8590,0.00016396356
102.857361111151,18.5423611111018,8591,1.3786682e-09
102.54736111115095,18.754861111101828,8592,2.7582135e-07
102.82263888892876,18.56263888887958,8593,8.416669e-05
102.71347222226208,18.544583333324024,8594,8.993197e-10
102.41847222226204,18.534027777768465,8595,2.8612905e-05
102.43708333337315,18.44402777776845,8596,0.00010501138
102.60236111115096,18.482083333324013,8597,1.6878433e-08
102.4840277778176,18.71652777776849,8598,0.0010190794
102.54125000003984,18.53874999999069,8599,0.0010100118
102.49569444448427,18.60736111110181,8600,0.00012732015
102.63263888892874,18.413472222212892,8601,8.445117e-05
102.6204166667065,18.6901388888796,8602,0.00015817427
102.49625000003982,18.66597222221293,8603,5.137087e-05
102.8209722222621,18.712916666657378,8604,0.0053766062
102.8784722222621,18.600416666657363,8605,0.00011672805
102.83430555559544,18.703749999990713,8606,0.009257252
102.5968055555954,18.723472222212937,8607,0.00018745802
102.42541666670648,18.585416666657363,8608,2.4873236e-05
102.42291666670648,18.635972222212924,8609,0.016489651
102.41958333337315,18.503194444435128,8610,9.804904e-06
102.89930555559543,18.648472222212927,8611,0.000449027
102.86541666670655,18.45958333332401,8612,0.00044833147
102.61597222226206,18.580972222212917,8613,5.3636824e-09
102.88319444448433,18.555694444435133,8614,5.1468687e-05
102.7959722222621,18.727638888879603,8615,0.00021588904
102.41541666670648,18.745972222212938,8616,0.0013163352
102.49486111115094,18.584027777768473,8617,2.9406943e-05
102.56513888892873,18.534861111101797,8618,5.395918e-10
102.81736111115099,18.458472222212897,8619,0.00028328577
102.54736111115095,18.475138888879567,8620,1.1461185e-05
102.44986111115092,18.434861111101785,8621,6.494978e-06
102.5140277778176,18.58069444443514,8622,0.00011246268
102.8759722222621,18.59680555554625,8623,6.5764936e-05
102.87819444448432,18.716249999990712,8624,0.0010339053
102.66569444448429,18.41013888887956,8625,2.2421344e-05
102.45236111115094,18.446527777768452,8626,9.5100195e-06
102.79125000003987,18.73291666665738,8627,0.0030024603
102.66597222226207,18.765416666657387,8628,0.0015617748
102.67763888892874,18.58069444443514,8629,1.2904789e-07
102.56958333337317,18.640972222212923,8630,4.1562825e-10
102.66847222226207,18.677361111101817,8631,0.00016406499
102.61986111115095,18.714583333324047,8632,0.00012727022
102.46930555559538,18.4684722222129,8633,4.2555443e-05
102.89013888892877,18.567083333324025,8634,0.00013972672
102.4690277778176,18.702083333324044,8635,0.00032304085
102.53569444448428,18.523749999990685,8636,0.00021777095
102.41569444448426,18.64013888887959,8637,0.0002099903
102.82625000003988,18.74041666665738,8638,3.8507292
102.80013888892876,18.402083333324,8639,0.00069830735
102.66319444448429,18.61208333332403,8640,9.712652e-09
102.63263888892874,18.662083333324038,8641,4.4965984e-10
102.49819444448427,18.65958333332404,8642,0.00059517345
102.88652777781766,18.724861111101827,8643,8.4268606e-05
102.48041666670649,18.425416666657338,8644,6.5307654e-06
102.7995833333732,18.616805555546254,8645,0.0010025213
102.42541666670648,18.729583333324047,8646,0.00016527955
102.71986111115096,18.405416666657334,8647,0.00017775845
102.84902777781765,18.42624999999067,8648,0.0014870685
102.61513888892873,18.466249999990676,8649,1.6187753e-09
102.61347222226206,18.483194444435124,8650,9.2926795e-09
102.72152777781764,18.620694444435145,8651,0.00012530506
102.48180555559537,18.75874999999072,8652,8.746663e-05
102.67847222226207,18.579861111101806,8653,1.7986393e-10
102.57597222226205,18.39847222221289,8654,3.29727e-05
102.88513888892876,18.695138888879598,8655,5.8667858e-05
102.76597222226208,18.484027777768457,8656,0.17675763
102.67125000003985,18.59680555554625,8657,4.3167345e-09
102.71597222226208,18.476249999990678,8658,0.00018002365
102.66097222226207,18.567361111101803,8659,5.438111e-09
102.56847222226206,18.510972222212907,8660,8.993197e-10
102.68902777781763,18.696527777768488,8661,0.0009763274
102.90291666670655,18.47374999999068,8662,8.214526e-05
102.44708333337316,18.663472222212928,8663,0.0001169544
102.56930555559539,18.753194444435163,8664,0.016902477
102.58013888892873,18.76791666665739,8665,0.00056837086
102.79291666670653,18.45569444443512,8666,0.00082717196
102.72236111115097,18.718749999990713,8667,0.0022431877
102.6131944444843,18.479027777768458,8668,2.465345e-09
102.59347222226206,18.469305555546235,8669,8.016883e-05
102.49791666670649,18.561527777768468,8670,1.5318306e-05
102.75625000003986,18.724861111101827,8671,0.002832441
102.42486111115093,18.519583333324018,8672,5.844946e-05
102.65402777781763,18.464027777768454,8673,8.723401e-09
102.72208333337319,18.45569444443512,8674,6.308288e-05
102.46430555559537,18.437083333324008,8675,5.986342e-06
102.83513888892877,18.503472222212906,8676,5.697959e-05
102.7231944444843,18.442361111101786,8677,0.00011884168
102.42791666670648,18.50152777776846,8678,4.5474975e-05
102.44486111115093,18.522361111101798,8679,0.0080526015
102.44763888892871,18.433472222212895,8680,1.4985964e-06
102.46847222226204,18.434861111101785,8681,0.000104661965
102.5479166667065,18.667638888879594,8682,1.6841109e-10
102.52763888892872,18.585416666657363,8683,3.933806e-05
102.78125000003986,18.756249999990718,8684,0.00038931612
102.53125000003983,18.492916666657347,8685,0.00016035272
102.81625000003987,18.617916666657365,8686,0.0001360565
102.80819444448431,18.47374999999068,8687,0.00031988847
102.90597222226211,18.712638888879603,8688,0.00093044323
102.6268055555954,18.74180555554627,8689,1.589873e-05
102.7456944444843,18.448472222212896,8690,1.9569563e-05
102.61819444448429,18.600694444435142,8691,1.1781087e-08
102.63875000003985,18.5498611111018,8692,1.9785032e-08
102.89319444448432,18.441527777768453,8693,0.00014033701
102.6318055555954,18.677638888879596,8694,9.262576e-05
102.66069444448429,18.423749999990672,8695,0.01127543
102.50319444448427,18.557083333324023,8696,2.8459274e-10
102.69541666670652,18.684305555546263,8697,0.0007218344
102.8734722222621,18.628194444435145,8698,0.001111027
102.89069444448432,18.413194444435113,8699,0.0005855828
102.67847222226207,18.579583333324027,8700,8.9931965e-11
102.41458333337314,18.53097222221291,8701,1.749474e-05
102.62486111115095,18.39624999999067,8702,1.5795832e-06
102.65958333337318,18.394583333324,8703,0.00010437245
102.58097222226206,18.748749999990718,8704,0.00035595437
102.5154166667065,18.543749999990688,8705,0.0011998606
102.5204166667065,18.75097222221294,8706,1.862903e-09
102.59208333337317,18.736527777768494,8707,0.00035339707
102.41652777781759,18.55513888887958,8708,4.224922e-05
102.89958333337322,18.52819444443513,8709,0.00014978753
102.81819444448432,18.44708333332401,8710,7.584483e-05
102.67208333337318,18.52708333332402,8711,2.8598235e-10
102.5415277778176,18.575694444435136,8712,4.5077017e-05
102.55958333337317,18.63763888887959,8713,3.2825167e-08
102.56652777781761,18.665138888879596,8714,1.8885713e-09
102.9009722222621,18.72319444443516,8715,0.00023562579
102.51708333337317,18.41513888887956,8716,1.4956779e-05
102.52152777781761,18.560138888879578,8717,2.997741e-06
102.63347222226207,18.449027777768453,8718,9.856588e-10
102.67430555559541,18.57402777776847,8719,6.834829e-09
102.56597222226206,18.530416666657352,8720,6.664754e-08
102.41819444448426,18.639583333324037,8721,0.000110167006
102.6968055555954,18.45180555554623,8722,7.305468e-05
102.72625000003985,18.625416666657365,8723,0.0005118191
102.5115277778176,18.439583333324006,8724,4.766116e-06
102.80763888892876,18.633472222212923,8725,0.059574787
102.5329166667065,18.652638888879594,8726,8.0938767e-10
102.64097222226206,18.464027777768454,8727,5.305986e-09
102.64263888892873,18.703472222212934,8728,0.0004574282
102.74875000003986,18.447361111101785,8729,0.00044302878
102.50347222226205,18.603749999990697,8730,6.311819e-05
102.81180555559543,18.564583333324023,8731,8.398837e-05
102.76097222226208,18.664027777768485,8732,0.00063664065
102.7045833333732,18.638472222212926,8733,0.111557506
102.78680555559542,18.67208333332404,8734,4.6134508e-05
102.56819444448428,18.53874999999069,8735,9.802584e-09
102.5265277778176,18.424305555546226,8736,9.799792e-10
102.69708333337319,18.742638888879604,8737,0.0105230985
102.75263888892876,18.636805555546257,8738,7.833614e-05
102.82875000003988,18.69236111110182,8739,0.00037946744
102.59708333337318,18.694027777768486,8740,0.00042050343
102.71986111115096,18.503472222212906,8741,0.0022044508
102.45486111115093,18.7026388888796,8742,0.0008335582
102.45041666670649,18.43902777776845,8743,1.3854994e-05
102.7895833333732,18.40374999999067,8744,0.021332992
102.42180555559537,18.7665277777685,8745,0.0002879358
102.75180555559541,18.424861111101784,8746,2.1043505e-05
102.42486111115093,18.590138888879583,8747,2.2424374e-05
102.7093055555954,18.55874999999069,8748,9.622497e-06
102.44041666670648,18.588472222212918,8749,6.92374e-05
102.59069444448428,18.504583333324018,8750,0.00019231948
102.76597222226208,18.484583333324014,8751,0.0055694464
102.71013888892874,18.69847222221293,8752,0.00028028784
102.76125000003987,18.5623611111018,8753,4.837893e-05
102.50819444448427,18.71041666665738,8754,8.256995e-05
102.85152777781765,18.69624999999071,8755,0.00018048933
102.65458333337318,18.710972222212934,8756,7.03846e-05
102.67347222226208,18.75708333332405,8757,0.00019454167
102.5643055555954,18.63263888887959,8758,4.4965984e-10
102.58763888892872,18.566249999990692,8759,0.00014747056
102.54819444448428,18.705694444435156,8760,4.4318804e-05
102.85569444448431,18.39736111110178,8761,0.00092146976
102.87791666670654,18.59819444443514,8762,7.0001e-06
102.46736111115094,18.58958333332403,8763,1.6084921e-05
102.77930555559541,18.726249999990713,8764,0.0021525496
102.41680555559537,18.702361111101823,8765,0.00011335884
102.7820833333732,18.507638888879573,8766,4.289687e-05
102.81263888892876,18.754027777768496,8767,0.0009829217
102.81597222226209,18.500694444435126,8768,0.49899894
102.78041666670653,18.54624999999069,8769,6.2952377e-10
102.83236111115099,18.611527777768476,8770,7.3143514e-05
102.76652777781764,18.516527777768463,8771,0.00036330064
102.58097222226206,18.499861111101794,8772,3.9570063e-09
102.74930555559541,18.4684722222129,8773,0.050177123
102.88430555559543,18.76597222221294,8774,6.441072e-05
102.57819444448428,18.686805555546265,8775,0.00050315185
102.47930555559537,18.681805555546262,8776,0.0005609933
102.63041666670651,18.726527777768492,8777,0.00041408354
102.69236111115096,18.754305555546274,8778,0.00060748
102.88680555559543,18.524861111101796,8779,9.363236e-05
102.7770833333732,18.412083333324002,8780,0.0001971067
102.74986111115098,18.537916666657356,8781,1.7087073e-09
102.63791666670652,18.495694444435127,8782,9.452757e-05
102.66625000003985,18.424861111101784,8783,0.011280528
102.57513888892872,18.53597222221291,8784,2.7878908e-09
102.66263888892874,18.73347222221294,8785,0.00012353591
102.5529166667065,18.66430555554626,8786,8.0938767e-10
102.41902777781759,18.5448611111018,8787,1.8491502e-05
102.85986111115099,18.495972222212902,8788,0.00010367235
102.81430555559542,18.41013888887956,8789,6.672259e-05
102.83319444448432,18.712083333324045,8790,0.00024133838
102.53347222226205,18.5473611111018,8791,0.0038955372
102.70347222226208,18.617638888879586,8792,0.0001222886
102.58847222226206,18.456527777768454,8793,3.46185e-05
102.69152777781763,18.59041666665736,8794,1.04976735e-07
102.57847222226206,18.466249999990676,8795,8.867854e-06
102.58291666670651,18.621527777768478,8796,8.806159e-05
102.69597222226207,18.69152777776849,8797,0.00068456185
102.55319444448428,18.54763888887958,8798,2.0684352e-09
102.71013888892874,18.67847222221293,8799,0.0020330416
102.67875000003986,18.53124999999069,8800,8.093877e-09
102.55625000003984,18.600416666657363,8801,1.5468299e-08
102.67347222226208,18.551249999990688,8802,1.0162313e-08
102.75402777781764,18.554305555546247,8803,2.2134625e-10
102.4415277778176,18.585694444435138,8804,2.3372804e-05
102.72402777781764,18.671805555546264,8805,1.01688664e-10
102.86513888892877,18.44569444443512,8806,0.00029494264
102.75736111115097,18.540694444435132,8807,4.742757e-10
102.8209722222621,18.57124999999069,8808,0.00013127402
102.89652777781765,18.746249999990717,8809,0.00032384088
102.90402777781766,18.54624999999069,8810,0.0054268194
102.77041666670652,18.58152777776847,8811,0.00054424274
102.48486111115093,18.574861111101804,8812,1.1169689e-05
102.56513888892873,18.71152777776849,8813,1.990775e-05
102.54430555559539,18.46374999999068,8814,2.5911364e-05
102.81652777781765,18.65958333332404,8815,0.02569161
102.86375000003987,18.42041666665734,8816,5.580105e-05
102.78375000003986,18.672916666657375,8817,0.00017322764
102.85513888892876,18.47874999999068,8818,0.00017338473
102.87819444448432,18.606527777768477,8819,8.465793e-05
102.4265277778176,18.644305555546257,8820,0.0003332609
102.4990277778176,18.685972222212932,8821,7.4667434e-05
102.52263888892871,18.73208333332405,8822,2.8959948e-10
102.69902777781763,18.43819444443512,8823,0.0032126128
102.7118055555954,18.424583333324005,8824,0.00014879828
102.53569444448428,18.729305555546272,8825,2.9873905e-05
102.53569444448428,18.545138888879578,8826,0.00034801784
102.74013888892875,18.75069444443516,8827,0.0003921928
102.72736111115097,18.598749999990698,8828,2.3952622e-05
102.68986111115096,18.711805555546267,8829,0.00010198812
102.49263888892871,18.532916666657353,8830,1.738777e-05
102.44180555559538,18.43152777776845,8831,1.6080992e-05
102.51291666670649,18.761805555546275,8832,1.06068865e-05
102.6204166667065,18.7051388888796,8833,2.86886e-05
102.87319444448433,18.44402777776845,8834,0.015756065
102.8659722222621,18.534583333324022,8835,0.00012048173
102.45930555559538,18.472916666657344,8836,2.3354687e-05
102.5729166667065,18.584583333324026,8837,1.0971699e-08
102.64263888892873,18.467361111101788,8838,6.5650334e-09
102.42847222226204,18.694305555546265,8839,0.00014997074
102.43180555559537,18.701805555546265,8840,4.117014e-05
102.63263888892874,18.576527777768472,8841,2.984948e-10
102.61569444448429,18.64013888887959,8842,2.1654785e-05
102.71930555559541,18.704861111101824,8843,0.011560569
102.6668055555954,18.66319444443515,8844,0.00043215873
102.67986111115096,18.60708333332403,8845,1.2950203e-08
102.81763888892876,18.5298611111018,8846,0.00034320075
102.50930555559538,18.727916666657382,8847,6.471146e-05
102.78930555559542,18.41374999999067,8848,4.5267017e-05
102.66291666670652,18.754027777768496,8849,6.882474e-05
102.7795833333732,18.70624999999071,8850,4.1284195e-05
102.71847222226208,18.5623611111018,8851,8.500247e-06
102.72375000003986,18.462638888879567,8852,5.9140428e-05
102.88402777781766,18.766805555546277,8853,8.264019e-05
102.50902777781761,18.546527777768468,8854,6.038133e-05
102.6968055555954,18.467083333324013,8855,0.00039878555
102.869861111151,18.487083333324016,8856,0.0023967675
102.46263888892871,18.39624999999067,8857,1.491009e-05
102.56125000003983,18.59041666665736,8858,2.0504487e-08
102.52958333337317,18.605416666657366,8859,0.00028598553
102.57708333337317,18.709861111101823,8860,0.00020795254
102.65402777781763,18.573472222212914,8861,3.3274827e-09
102.64652777781762,18.695138888879598,8862,0.00065941556
102.52152777781761,18.424583333324005,8863,6.3070706e-06
102.69375000003986,18.401805555546225,8864,9.831582e-05
102.47791666670649,18.392361111101778,8865,2.8431948e-10
102.51013888892872,18.53874999999069,8866,3.287081e-05
102.5054166667065,18.435694444435118,8867,7.534328e-09
102.5879166667065,18.67347222221293,8868,0.00029849398
102.67597222226208,18.725138888879602,8869,0.0001525698
102.88041666670655,18.476527777768457,8870,9.394029e-09
102.53569444448428,18.458472222212897,8871,2.5910791e-05
102.45597222226205,18.595416666657364,8872,2.1990181e-05
102.44041666670648,18.42402777776845,8873,4.0076957e-05
102.81597222226209,18.49652777776846,8874,0.00019635358
102.78319444448431,18.43680555554623,8875,0.00014004766
102.52875000003984,18.585416666657363,8876,7.2803115e-05
102.65152777781762,18.443472222212897,8877,1.5288434e-09
102.60736111115095,18.599027777768473,8878,9.533186e-10
102.6468055555954,18.466805555546234,8879,6.834829e-09
102.46347222226204,18.754583333324053,8880,2.602665e-05
102.80986111115098,18.525138888879574,8881,0.00014103531
102.57458333337317,18.443472222212897,8882,3.5314704e-05
102.44930555559537,18.462638888879567,8883,5.107609e-06
102.61902777781762,18.41152777776845,8884,4.241824e-05
102.6204166667065,18.4734722222129,8885,8.9931965e-11
102.49736111115094,18.719583333324046,8886,0.03246553
102.72347222226207,18.764583333324055,8887,0.00049902283
102.8259722222621,18.743749999990715,8888,0.00013725275
102.47513888892871,18.526249999990686,8889,0.0045500095
102.41513888892871,18.61513888887959,8890,0.00010018114
102.82069444448432,18.505972222212904,8891,0.00011038136
102.57236111115094,18.443749999990676,8892,1.4988655e-05
102.6329166667065,18.417361111101783,8893,0.0016007419
102.46402777781759,18.428194444435118,8894,6.980168e-05
102.5518055555954,18.73458333332405,8895,0.0013053004
102.74263888892875,18.557916666657356,8896,5.395918e-10
102.59236111115095,18.700694444435154,8897,0.0007414199
102.59152777781762,18.40874999999067,8898,3.3884878e-06
102.62125000003984,18.67486111110182,8899,1.8586672e-07
102.76180555559542,18.745972222212938,8900,0.0011256456
102.82152777781765,18.433194444435117,8901,3.630741e-05
102.51930555559538,18.485694444435126,8902,8.0429345e-06
102.59597222226206,18.69736111110182,8903,0.00021440492
102.77347222226209,18.647361111101816,8904,4.626551e-05
102.86069444448432,18.76374999999072,8905,0.0010577145
102.41875000003981,18.746805555546274,8906,0.00016620307
102.51263888892872,18.491527777768457,8907,0.0041003367
102.67430555559541,18.550972222212913,8908,1.1151563e-08
102.82152777781765,18.618472222212922,8909,0.00027201168
102.55069444448428,18.739027777768495,8910,0.00020261918
102.57236111115094,18.38847222221289,8911,6.524183e-05
102.44708333337316,18.598749999990698,8912,4.357798e-06
102.44541666670648,18.642083333324035,8913,4.889288e-05
102.57680555559539,18.429583333324004,8914,0.0005715503
102.42375000003982,18.601805555546253,8915,2.846674e-10
102.57625000003983,18.575138888879582,8916,6.6479616e-10
102.81402777781764,18.68847222221293,8917,0.000116760464
102.75069444448431,18.681527777768487,8918,7.847164e-05
102.82652777781765,18.65041666665737,8919,0.00017987756
102.44263888892871,18.422083333324004,8920,5.758034e-05
102.56875000003984,18.629583333324035,8921,3.441254e-10
102.83013888892876,18.620416666657366,8922,5.5422963e-05
102.49597222226205,18.396527777768444,8923,1.2399847e-05
102.90597222226211,18.674027777768487,8924,0.0004972526
102.44375000003981,18.409027777768447,8925,0.00039801022
102.4690277778176,18.410694444435116,8926,3.312305e-05
102.63069444448429,18.407916666657336,8927,3.5897636e-05
102.86430555559544,18.630416666657368,8928,0.00041987322
102.43791666670649,18.698194444435156,8929,0.0002946609
102.69875000003985,18.63263888887959,8930,9.314615e-05
102.79902777781764,18.418194444435116,8931,0.00018050958
102.66263888892874,18.608194444435142,8932,2.2817601e-05
102.81291666670654,18.4659722222129,8933,7.182257e-05
102.64263888892873,18.619305555546255,8934,2.0560107e-08
102.6281944444843,18.600416666657363,8935,4.6764623e-09
102.53569444448428,18.696527777768488,8936,1.0897684e-05
102.86263888892877,18.559861111101803,8937,0.00036540534
102.45875000003981,18.57319444443514,8938,4.7428082e-05
102.6329166667065,18.670694444435153,8939,2.0684352e-09
102.85652777781766,18.76874999999072,8940,0.00055007887
102.59569444448428,18.58291666665736,8941,2.3382312e-09
102.47347222226205,18.634583333324034,8942,0.00010791842
102.68541666670652,18.692083333324042,8943,0.0011223682
102.50680555559538,18.551805555546245,8944,3.8296433e-10
102.80791666670653,18.60347222221292,8945,0.00010491268
102.6193055555954,18.579583333324027,8946,1.9234348e-07
102.7281944444843,18.720694444435157,8947,7.76869e-05
102.85180555559543,18.38736111110178,8948,0.00021024903
102.50069444448427,18.628194444435145,8949,0.00016559183
102.70152777781763,18.75347222221294,8950,0.0003283274
102.68708333337318,18.69124999999071,8951,0.0008278714
102.67513888892874,18.5373611111018,8952,7.0146933e-09
102.4840277778176,18.569861111101805,8953,1.1221149e-05
102.81291666670654,18.74819444443516,8954,8.966069e-05
102.56458333337316,18.59986111110181,8955,1.0971699e-08
102.56847222226206,18.67597222221293,8956,0.00015819313
102.84930555559544,18.629305555546257,8957,5.2732725e-05
102.77430555559542,18.69874999999071,8958,0.0010432652
102.6843055555954,18.64819444443515,8959,0.00019779545
102.70680555559541,18.535138888879576,8960,2.5086226e-08
102.53180555559538,18.70624999999071,8961,4.940421e-06
102.83819444448432,18.5373611111018,8962,8.713945e-05
102.77430555559542,18.545138888879578,8963,2.7253777e-09
102.83069444448432,18.7026388888796,8964,0.0026991793
102.55375000003983,18.41097222221289,8965,6.776945e-06
102.76847222226209,18.594305555546253,8966,0.0023918163
102.75013888892875,18.664027777768485,8967,3.253965e-05
102.41458333337314,18.764305555546276,8968,5.6677534e-05
102.87013888892876,18.59319444443514,8969,0.00022498885
102.56763888892873,18.39624999999067,8970,1.4980118e-06
102.45375000003982,18.6926388888796,8971,8.906581e-05
102.82430555559543,18.566249999990692,8972,4.705459e-05
102.75486111115097,18.5498611111018,8973,0.00015365933
102.46875000003982,18.411805555546227,8974,1.272092e-05
102.41847222226204,18.726249999990713,8975,0.00011248284
102.60319444448429,18.498194444435125,8976,0.00011604272
102.69180555559541,18.41097222221289,8977,1.6486763e-05
102.4551388889287,18.47374999999068,8978,6.496455e-06
102.68930555559541,18.612638888879587,8979,1.2101894e-09
102.77486111115097,18.676527777768484,8980,0.00049885194
102.65013888892874,18.415972222212893,8981,3.8128284e-05
102.49263888892871,18.521249999990687,8982,6.9934235e-06
102.62708333337318,18.596249999990697,8983,1.6836084e-10
102.60625000003984,18.548194444435133,8984,7.594662e-10
102.46819444448427,18.58208333332403,8985,7.462587e-05
102.87791666670654,18.7051388888796,8986,0.00011365996
102.75097222226208,18.625972222212923,8987,0.00019926782
102.86152777781766,18.52347222221291,8988,4.0952415e-05
102.65847222226208,18.46486111110179,8989,6.924761e-09
102.61847222226207,18.63402777776848,8990,9.573575e-05
102.60819444448428,18.519861111101797,8991,5.377155e-08
102.7595833333732,18.737916666657384,8992,0.0001366263
102.71763888892875,18.508472222212905,8993,0.0007781004
102.4790277778176,18.50680555554624,8994,0.00015649256
102.79430555559543,18.613194444435145,8995,0.0005452801
102.86569444448432,18.484027777768457,8996,0.0022089134
102.46847222226204,18.4609722222129,8997,2.9831188e-05
102.63791666670652,18.502361111101795,8998,5.690033e-10
102.8659722222621,18.39319444443511,8999,0.00013270919
102.4940277778176,18.49541666665735,9000,1.8965997e-05
102.55486111115094,18.42624999999067,9001,3.4971467e-06
102.60847222226207,18.51680555554624,9002,9.093097e-11
102.77847222226208,18.498194444435125,9003,0.00010656605
102.42625000003981,18.393749999990668,9004,2.1775246e-05
102.50263888892871,18.73597222221294,9005,2.2978905e-10
102.47430555559538,18.642083333324035,9006,1.4428642e-10
102.63986111115095,18.527361111101797,9007,1.7539845e-08
102.76319444448431,18.72458333332405,9008,0.000802113
102.60875000003985,18.468749999990678,9009,1.7090653e-05
102.5229166667065,18.759583333324052,9010,0.00014387017
102.61986111115095,18.620138888879588,9011,2.1002701e-10
102.74347222226208,18.683194444435152,9012,6.538415e-11
102.72402777781764,18.495972222212902,9013,0.00013069258
102.68263888892874,18.701805555546265,9014,0.0001736845
102.51736111115093,18.42513888887956,9015,4.7395604e-10
102.8084722222621,18.449305555546232,9016,0.0012446938
102.41736111115092,18.510694444435128,9017,6.595879e-05
102.67541666670651,18.517083333324017,9018,1.0432624e-09
102.8834722222621,18.719861111101824,9019,0.0016561806
102.54597222226205,18.591527777768473,9020,0.0006035455
102.82819444448431,18.661249999990705,9021,0.000325974
102.55986111115095,18.493472222212905,9022,0.0002657396
102.42569444448426,18.479305555546237,9023,0.00015657161
102.76791666670653,18.609583333324032,9024,0.00045076807
102.80625000003987,18.392638888879556,9025,7.615008e-05
102.4390277778176,18.431805555546227,9026,1.31330735e-05
102.68458333337318,18.401805555546225,9027,7.65899e-06
102.6179166667065,18.4734722222129,9028,1.0282525e-08
102.73736111115097,18.425694444435116,9029,0.0003506257
102.45180555559537,18.760972222212942,9030,0.0009119502
102.68708333337318,18.550138888879577,9031,5.03619e-09
102.51819444448427,18.745416666657384,9032,1.3012612e-10
102.71402777781763,18.545138888879578,9033,4.2876172e-06
102.71236111115097,18.400694444435114,9034,0.0001946789
102.61125000003985,18.537638888879577,9035,9.9783865e-06
102.56263888892872,18.551805555546245,9036,8.5435365e-09
102.78847222226209,18.508194444435127,9037,7.896013e-05
102.78236111115098,18.439861111101784,9038,7.222261e-05
102.80375000003987,18.549027777768465,9039,4.971357e-05
102.71208333337319,18.407916666657336,9040,0.00019848644
102.60652777781762,18.578472222212916,9041,3.885775e-05
102.68736111115096,18.459305555546234,9042,0.00024076877
102.59152777781762,18.48124999999068,9043,1.9486811e-07
102.75319444448431,18.490694444435125,9044,5.7195175e-05
102.6054166667065,18.757916666657387,9045,0.0022806113
102.58069444448428,18.442638888879564,9046,0.00067266903
102.75458333337319,18.46180555554623,9047,1.0889908e-05
102.70652777781763,18.628472222212924,9048,9.1557835e-05
102.72986111115097,18.602638888879586,9049,0.0019336442
102.83180555559542,18.53069444443513,9050,0.001559362
102.5429166667065,18.443749999990676,9051,4.355688e-06
102.80263888892875,18.602361111101807,9052,0.0031644015
102.81625000003987,18.537916666657356,9053,2.5436742e-05
102.81819444448432,18.424861111101784,9054,3.0311141e-05
102.85652777781766,18.72180555554627,9055,0.0006776339
102.83569444448432,18.71652777776849,9056,0.0002642771
102.71875000003986,18.51152777776846,9057,0.0002916513
102.65708333337318,18.409305555546226,9058,1.7633436e-05
102.54680555559538,18.719861111101824,9059,1.22538195e-05
102.87208333337321,18.55458333332402,9060,0.00012910631
102.56847222226206,18.418194444435116,9061,4.352421e-06
102.59208333337317,18.524305555546242,9062,2.299761e-05
102.74986111115098,18.52180555554624,9063,8.279648e-05
102.58847222226206,18.59097222221292,9064,1.7087073e-09
102.69625000003985,18.74347222221294,9065,0.0006142088
102.46097222226204,18.392083333324,9066,1.2094611e-05
102.68541666670652,18.65819444443515,9067,4.8951653e-05
102.83902777781765,18.39736111110178,9068,0.0032043373
102.6318055555954,18.759027777768498,9069,1.0998643e-05
102.66708333337318,18.722638888879604,9070,0.00082815404
102.81791666670654,18.64902777776848,9071,0.00013787043
102.57375000003984,18.509027777768463,9072,6.1153735e-09
102.6568055555954,18.472916666657344,9073,3.3723388e-10
102.69208333337319,18.396527777768444,9074,0.00011923485
102.50486111115094,18.564583333324023,9075,1.3555292e-05
102.60986111115095,18.751527777768494,9076,6.1729355e-05
102.81819444448432,18.73430555554627,9077,0.0006983885
102.8534722222621,18.60708333332403,9078,0.00016099925
102.84569444448432,18.68958333332404,9079,0.0004119442
102.48180555559537,18.45319444443512,9080,4.0630755e-05
102.81625000003987,18.7690277777685,9081,0.00028015726
102.7670833333732,18.474027777768455,9082,4.5716533e-05
102.68375000003985,18.44402777776845,9083,0.0015738095
102.6831944444843,18.64958333332404,9084,2.4678108e-09
102.83652777781765,18.416805555546226,9085,0.00012189143
102.66152777781762,18.605138888879587,9086,2.2388011e-09
102.79791666670654,18.482916666657346,9087,5.72529e-05
102.83319444448432,18.41513888887956,9088,4.35392e-06
102.89458333337322,18.43791666665734,9089,3.8867283e-09
102.8409722222621,18.63291666665737,9090,4.4699627e-05
102.69152777781763,18.73958333332405,9091,0.00050236954
102.57208333337317,18.689305555546266,9092,0.0003395424
102.69847222226207,18.53069444443513,9093,8.0938767e-10
102.85319444448432,18.4609722222129,9094,0.00015172723
102.55430555559539,18.660138888879594,9095,9.725241e-05
102.62791666670651,18.58430555554625,9096,3.2835823e-09
102.65041666670652,18.676805555546263,9097,0.00051917654
102.57208333337317,18.454027777768452,9098,0.0034821092
102.88958333337321,18.558472222212913,9099,6.862497e-05
102.89180555559544,18.567361111101803,9100,0.00013269586
102.71986111115096,18.585972222212916,9101,0.0011466817
102.76291666670653,18.59069444443514,9102,0.0002829879
102.43597222226204,18.399861111101778,9103,1.6821949e-05
102.74875000003986,18.476527777768457,9104,6.1540646e-05
102.82125000003987,18.75069444443516,9105,0.00043813506
102.70347222226208,18.607916666657363,9106,6.642478e-10
102.61875000003984,18.551805555546245,9107,7.069838e-09
102.75236111115098,18.74986111110183,9108,0.00054402306
102.57819444448428,18.602638888879586,9109,2.7878908e-09
102.69402777781764,18.689027777768487,9110,0.06702078
102.48930555559538,18.540416666657354,9111,4.9282316e-05
102.51569444448427,18.525972222212907,9112,3.7938788e-10
102.51819444448427,18.60486111110181,9113,0.0001751963
102.80263888892875,18.48013888887957,9114,0.00029794968
102.81597222226209,18.660416666657373,9115,0.0013270819
102.59708333337318,18.459861111101787,9116,0.0026135524
102.65541666670651,18.54097222221291,9117,4.946258e-09
102.76986111115097,18.41263888887956,9118,0.10419527
102.79736111115098,18.753194444435163,9119,0.0002868342
102.82986111115099,18.567083333324025,9120,0.00043190777
102.70375000003986,18.760694444435163,9121,0.0032139686
102.66180555559541,18.416805555546226,9122,0.00012622932
102.48319444448427,18.46208333332401,9123,1.4987891e-06
102.82486111115098,18.76736111110183,9124,0.0014567677
102.67708333337319,18.41902777776845,9125,0.0003426369
102.53652777781761,18.619583333324034,9126,7.194557e-10
102.86791666670655,18.40986111110178,9127,0.00019988314
102.52263888892871,18.478194444435125,9128,0.00019786699
102.80819444448431,18.53958333332402,9129,0.00047029674
102.872361111151,18.73458333332405,9130,0.0011864408
102.71541666670652,18.457361111101786,9131,0.00040011524
102.90402777781766,18.659861111101815,9132,0.0012349571
102.66013888892874,18.653749999990705,9133,0.00021897857
102.6731944444843,18.677916666657374,9134,0.0010058385
102.59847222226206,18.659027777768483,9135,3.3895638e-05
102.42041666670649,18.391249999990666,9136,4.9700984e-06
102.66291666670652,18.399583333324003,9137,0.0003830087
102.49819444448427,18.5398611111018,9138,2.4402053e-10
102.58847222226206,18.509027777768463,9139,4.5090762e-09
102.84569444448432,18.513472222212908,9140,0.0001440937
102.72125000003986,18.563472222212912,9141,1.960796e-10
102.47347222226205,18.508472222212905,9142,0.0061200527
102.8234722222621,18.398194444435113,9143,0.00015508638
102.64736111115096,18.465416666657344,9144,1.517311e-09
102.66569444448429,18.54763888887958,9145,0.00013610048
102.75236111115098,18.687083333324043,9146,9.493679e-10
102.76125000003987,18.46374999999068,9147,1.45343665e-05
102.76041666670653,18.52069444443513,9148,0.0001800976
102.69652777781764,18.597638888879587,9149,1.4389114e-09
102.6193055555954,18.718749999990713,9150,0.0003047322
102.82986111115099,18.414583333324003,9151,1.0888325e-08
102.71625000003985,18.535694444435133,9152,1.1691156e-09
102.64708333337317,18.720416666657382,9153,0.00017848874
102.80013888892876,18.43930555554623,9154,0.00053628185
102.82569444448431,18.600694444435142,9155,0.00012449612
102.8709722222621,18.54624999999069,9156,7.952817e-05
102.61236111115095,18.41236111110178,9157,3.3885062e-05
102.8645833333732,18.57152777776847,9158,0.0003335404
102.88291666670655,18.41291666665734,9159,0.00033640547
102.65152777781762,18.677083333324042,9160,0.0014901814
102.60819444448428,18.657638888879593,9161,8.273741e-09
102.5565277778176,18.606527777768477,9162,1.3579727e-08
102.82541666670654,18.53069444443513,9163,0.0013484042
102.69097222226208,18.59319444443514,9164,3.5611585e-09
102.42736111115093,18.407916666657336,9165,1.3413702e-05
102.63375000003984,18.677083333324042,9166,3.1243064e-05
102.77430555559542,18.6337499999907,9167,0.0012243098
102.71208333337319,18.6162499999907,9168,0.00015171425
102.45180555559537,18.56652777776847,9169,6.364176e-05
102.57847222226206,18.387083333324,9170,5.054418e-10
102.88041666670655,18.486805555546237,9171,6.45109e-05
102.74847222226208,18.676527777768484,9172,8.713837e-06
102.74930555559541,18.76486111110183,9173,5.7750232e-05
102.69402777781764,18.74708333332405,9174,0.00016524947
102.41347222226203,18.44291666665734,9175,3.1742096e-05
102.67875000003986,18.542083333324022,9176,1.1781087e-08
102.63236111115096,18.41874999999067,9177,0.00018372119
102.4615277778176,18.509861111101795,9178,1.1943231e-05
102.41541666670648,18.751527777768494,9179,9.906279e-05
102.87430555559544,18.569583333324026,9180,0.0004914504
102.81847222226209,18.60458333332403,9181,0.0020194345
102.82875000003988,18.721527777768493,9182,0.0007970249
102.50736111115094,18.694861111101822,9183,4.440717e-05
102.57458333337317,18.743749999990715,9184,2.8602228e-05
102.78263888892876,18.568749999990693,9185,6.778344e-06
102.58402777781761,18.644305555546257,9186,7.206403e-05
102.79541666670653,18.583749999990694,9187,9.3566356e-05
102.72458333337319,18.584027777768473,9188,9.383013e-09
102.897361111151,18.74208333332405,9189,0.44252515
102.7406944444843,18.766805555546277,9190,0.0022509377
102.44097222226203,18.39347222221289,9191,2.0330372e-05
102.45291666670649,18.567916666657357,9192,1.5290088e-05
102.44875000003982,18.712083333324045,9193,0.00021726008
102.46097222226204,18.63236111110181,9194,0.00013990248
102.84263888892876,18.57152777776847,9195,0.001771012
102.5943055555954,18.43013888887956,9196,8.132153e-06
102.81986111115098,18.508194444435127,9197,0.054259136
102.89291666670655,18.46319444443512,9198,0.0016924301
102.63847222226207,18.65041666665737,9199,2.9634741e-06
102.75125000003986,18.56124999999069,9200,0.000141612
102.43069444448426,18.419305555546227,9201,1.6787553e-05
102.49847222226205,18.433749999990674,9202,7.6590435e-11
102.43541666670649,18.693194444435154,9203,4.5530833e-05
102.82236111115098,18.667638888879594,9204,0.0016855758
102.65125000003985,18.38819444443511,9205,4.3549903e-06
102.6831944444843,18.449305555546232,9206,3.374331e-05
102.7181944444843,18.456527777768454,9207,0.00057570345
102.87569444448432,18.545138888879578,9208,0.00029430457
102.60847222226207,18.510972222212907,9209,1.4225798e-09
102.64902777781762,18.664027777768485,9210,0.000938881
102.4590277778176,18.6826388888796,9211,0.00075179315
102.5429166667065,18.401249999990668,9212,0.00021730023
102.72097222226208,18.568749999990693,9213,8.538365e-10
102.79986111115097,18.480972222212902,9214,0.020265399
102.79013888892875,18.744305555546273,9215,0.0036782308
102.68736111115096,18.671805555546264,9216,2.8431788e-05
102.57736111115095,18.527638888879576,9217,8.425158e-10
102.5290277778176,18.564861111101802,9218,0.00012695121
102.76291666670653,18.63097222221292,9219,0.00025759795
102.74513888892875,18.745416666657384,9220,7.576187e-05
102.87180555559543,18.689305555546266,9221,0.0011786415
102.56708333337316,18.440138888879563,9222,0.0001761578
102.45625000003982,18.748749999990718,9223,0.00030336625
102.67791666670652,18.660416666657373,9224,0.0075721922
102.53708333337316,18.755694444435164,9225,4.991224e-08
102.74486111115097,18.57791666665736,9226,7.590066e-10
102.6793055555954,18.684305555546263,9227,0.0038395736
102.67819444448429,18.730972222212937,9228,0.00021133373
102.48291666670649,18.582638888879583,9229,3.896757e-05
102.75347222226209,18.694583333324044,9230,1.9785031e-09
102.47708333337316,18.44541666665734,9231,4.9593178e-05
102.8409722222621,18.67347222221293,9232,0.00020745095
102.72180555559541,18.490694444435125,9233,0.000117805306
102.67736111115096,18.47069444443512,9234,1.749512e-09
102.44125000003982,18.727916666657382,9235,0.00015342793
102.8934722222621,18.7151388888796,9236,0.000285224
102.52513888892872,18.52458333332402,9237,0.00022479394
102.56208333337317,18.686527777768486,9238,1.6449274e-05
102.50458333337316,18.497361111101792,9239,2.3960385e-05
102.68902777781763,18.620416666657366,9240,9.607556e-06
102.87791666670654,18.65791666665737,9241,0.0021928276
102.44125000003982,18.483194444435124,9242,3.803956e-05
102.83763888892877,18.61347222221292,9243,5.9975344e-05
102.71597222226208,18.47208333332401,9244,0.00086704583
102.63763888892873,18.75597222221294,9245,0.00018455909
102.62402777781762,18.719027777768492,9246,2.916539e-05
102.87763888892877,18.53819444443513,9247,2.178465e-05
102.4604166667065,18.57791666665736,9248,0.00020236234
102.80763888892876,18.456249999990675,9249,0.00052776124
102.41958333337315,18.542916666657355,9250,0.0002883902
102.83125000003987,18.56263888887958,9251,0.00028471882
102.6518055555954,18.6162499999907,9252,8.525049e-09
102.68930555559541,18.579583333324027,9253,6.0569727e-09
102.88180555559543,18.655138888879595,9254,0.00019763703
102.64402777781763,18.584861111101805,9255,3.6283072e-09
102.56125000003983,18.515972222212906,9256,3.898796e-10
102.59402777781762,18.60347222221292,9257,1.7450831e-10
102.64986111115095,18.76124999999072,9258,0.000111515095
102.63097222226207,18.556805555546244,9259,3.7771426e-09
102.7920833333732,18.74208333332405,9260,0.002646786
102.73930555559542,18.634305555546256,9261,7.819742e-05
102.62375000003985,18.72430555554627,9262,0.00012606388
102.59958333337318,18.706805555546268,9263,0.0007351591
102.65347222226207,18.621805555546256,9264,2.608027e-09
102.67402777781763,18.636805555546257,9265,6.024807e-07
102.50486111115094,18.460416666657345,9266,0.00013936039
102.43069444448426,18.717638888879602,9267,0.00021598682
102.44569444448426,18.635416666657367,9268,0.00032216244
102.72708333337319,18.433194444435117,9269,0.00019585018
102.75319444448431,18.62208333332403,9270,0.0017487236
102.70791666670652,18.401527777768447,9271,0.00013704848
102.8509722222621,18.690416666657377,9272,0.00011789699
102.62513888892873,18.72291666665738,9273,0.00011744639
102.52013888892871,18.563194444435137,9274,0.0006889383
102.81652777781765,18.525138888879574,9275,0.0014211304
102.67375000003985,18.579861111101806,9276,2.428163e-09
102.79319444448431,18.525416666657353,9277,6.902033e-05
102.57069444448427,18.452638888879566,9278,1.2991439e-05
102.75736111115097,18.472916666657344,9279,7.0984795e-05
102.70180555559541,18.640694444435148,9280,1.1691156e-09
102.8909722222621,18.728472222212936,9281,0.00045172105
102.83736111115098,18.456805555546232,9282,7.659141e-06
102.68541666670652,18.452361111101787,9283,0.015935602
102.77347222226209,18.537916666657356,9284,2.9426447e-10
102.88263888892877,18.744305555546273,9285,0.00016901732
102.5729166667065,18.536249999990687,9286,2.6619862e-08
102.57430555559539,18.542638888879576,9287,4.496598e-09
102.53986111115094,18.597916666657362,9288,0.00072575896
102.56347222226206,18.476805555546235,9289,0.00020390977
102.55430555559539,18.430972222212894,9290,7.6589695e-06
102.8495833333732,18.49374999999068,9291,3.6524045e-05
102.56513888892873,18.749027777768497,9292,7.622113e-05
102.62513888892873,18.483749999990682,9293,1.960316e-10
102.71291666670652,18.640972222212923,9294,4.679049e-05
102.49125000003983,18.5473611111018,9295,2.031067e-10
102.86069444448432,18.435694444435118,9296,0.00031960825
102.86791666670655,18.721527777768493,9297,3.0106778e-05
102.56513888892873,18.675138888879594,9298,7.2156845e-09
102.87402777781766,18.6312499999907,9299,0.0005331318
102.76680555559543,18.626805555546255,9300,0.00011416706
102.61958333337317,18.486805555546237,9301,1.6828365e-10
102.56319444448428,18.475416666657345,9302,4.605387e-05
102.66458333337319,18.477916666657347,9303,1.3068521e-10
102.65236111115095,18.693194444435154,9304,0.00011754588
102.8045833333732,18.480972222212902,9305,0.0002418385
102.46319444448426,18.452638888879566,9306,0.0003682629
102.52208333337316,18.7151388888796,9307,0.010629635
102.74430555559542,18.50541666665735,9308,0.012033902
102.64791666670651,18.445972222212898,9309,1.40293865e-08
102.64458333337318,18.44819444443512,9310,1.32384275e-05
102.77180555559542,18.518194444435128,9311,0.0006044912
102.62236111115095,18.41097222221289,9312,0.00012238568
102.51263888892872,18.684027777768485,9313,1.5502616e-07
102.60402777781762,18.522361111101798,9314,4.406666e-09
102.58625000003984,18.487083333324016,9315,2.1583673e-09
102.62708333337318,18.5498611111018,9316,1.9785031e-09
102.42986111115093,18.38736111110178,9317,5.8341757e-05
102.58430555559539,18.743749999990715,9318,0.00022951589
102.44069444448427,18.458749999990676,9319,8.672377e-05
102.88902777781766,18.727361111101825,9320,5.9558304e-05
102.43708333337315,18.700972222212933,9321,0.00055478135
102.89569444448432,18.583749999990694,9322,4.615969e-05
102.61041666670651,18.43013888887956,9323,7.5862146e-05
102.7470833333732,18.567083333324025,9324,1.1384376e-09
102.41847222226204,18.53597222221291,9325,4.434025e-05
102.49930555559538,18.763472222212943,9326,0.01799484
102.54458333337317,18.49374999999068,9327,8.693422e-05
102.53458333337316,18.64152777776848,9328,5.845578e-09
102.6393055555954,18.49791666665735,9329,5.3877625e-06
102.88652777781766,18.732361111101827,9330,0.0011512331
102.54819444448428,18.60763888887959,9331,1.1422546e-09
102.55875000003984,18.399305555546224,9332,1.678747e-05
102.44347222226205,18.769305555546275,9333,8.0957856e-05
102.48569444448427,18.41986111110178,9334,7.642446e-06
102.88180555559543,18.72708333332405,9335,0.00039760233
102.77736111115098,18.423472222212894,9336,0.021156393
102.66041666670651,18.41402777776845,9337,0.0004913341
102.5279166667065,18.73486111110183,9338,2.1798824e-06
102.90208333337321,18.729583333324047,9339,0.0038207357
102.69291666670652,18.602361111101807,9340,6.834829e-09
102.6079166667065,18.415416666657336,9341,6.9940406e-06
102.77430555559542,18.758194444435162,9342,0.00043951796
102.56458333337316,18.4859722222129,9343,0.00011430781
102.75041666670653,18.690694444435152,9344,1.3517247e-05
102.4604166667065,18.434861111101785,9345,5.9685076e-06
102.41930555559537,18.392916666657335,9346,5.7730937e-05
102.79486111115098,18.54013888887958,9347,1.3077903e-08
102.81430555559542,18.61486111110181,9348,0.011683404
102.77375000003987,18.703194444435155,9349,0.00022399046
102.66013888892874,18.483194444435124,9350,2.248299e-09
102.45208333337315,18.43791666665734,9351,0.00036696086
102.48319444448427,18.451249999990676,9352,1.688287e-05
102.78597222226209,18.61458333332403,9353,0.0001587087
102.86958333337321,18.764027777768497,9354,0.0005698347
102.4715277778176,18.640694444435148,9355,0.00024755232
102.59513888892873,18.578194444435137,9356,3.8670747e-09
102.67986111115096,18.64541666665737,9357,6.2428764e-05
102.47041666670648,18.63013888887959,9358,5.6128342e-06
102.85125000003987,18.643749999990703,9359,7.2417264e-05
102.6831944444843,18.71680555554627,9360,4.8090034e-05
102.71680555559541,18.627638888879588,9361,8.149328e-05
102.87291666670654,18.406805555546224,9362,2.7107852e-05
102.59763888892873,18.43624999999067,9363,0.0008201401
102.90125000003988,18.638472222212926,9364,0.0012448998
102.59402777781762,18.51319444443513,9365,0.0005788164
102.86930555559543,18.45430555554623,9366,0.00016403515
102.54513888892872,18.602638888879586,9367,0.00047521456
102.65763888892873,18.76791666665739,9368,0.0005441714
102.80680555559543,18.391805555546224,9369,0.00010375732
102.57180555559539,18.60736111110181,9370,6.321871e-08
102.50375000003983,18.64958333332404,9371,6.782081e-05
102.8370833333732,18.417916666657337,9372,4.624891e-05
102.75430555559542,18.449583333324007,9373,0.0003531325
102.42125000003982,18.517361111101796,9374,0.00078317366
102.55513888892872,18.475694444435124,9375,6.099794e-05
102.69902777781763,18.41986111110178,9376,0.0016972175
102.79041666670653,18.526527777768464,9377,0.0010966021
102.89208333337321,18.561805555546247,9378,0.00048684666
102.51486111115094,18.694305555546265,9379,0.0004819422
102.83958333337321,18.479305555546237,9380,0.0009973455
102.60902777781762,18.576805555546247,9381,7.758011e-05
102.74819444448431,18.62402777776848,9382,0.00051470264
102.51097222226205,18.52180555554624,9383,1.1163575e-09
102.73013888892875,18.400416666657335,9384,0.00021731148
102.80625000003987,18.686249999990707,9385,0.0006228849
102.86875000003988,18.754305555546274,9386,6.737152e-05
102.55125000003983,18.64180555554626,9387,5.03619e-09
102.5379166667065,18.51541666665735,9388,0.00014822623
102.80097222226209,18.639583333324037,9389,0.007296958
102.57902777781761,18.57124999999069,9390,3.5073466e-09
102.84486111115099,18.41874999999067,9391,0.00018147677
102.43458333337315,18.65069444443515,9392,0.0014787081
102.88125000003988,18.486805555546237,9393,2.4801042e-05
102.43625000003982,18.734027777768492,9394,3.7505026e-05
102.58486111115094,18.722361111101826,9395,0.00022825433
102.52763888892872,18.74819444443516,9396,0.00018709588
102.54097222226206,18.75597222221294,9397,3.629465e-05
102.80347222226209,18.62513888887959,9398,0.0008587438
102.8659722222621,18.652638888879594,9399,0.00016907613
102.62875000003984,18.617638888879586,9400,4.123155e-10
102.44069444448427,18.42041666665734,9401,2.1113361e-05
102.6668055555954,18.52347222221291,9402,2.6856941e-09
102.52958333337317,18.763194444435165,9403,5.3854157e-05
102.4879166667065,18.664861111101818,9404,0.00073126296
102.82263888892876,18.7151388888796,9405,0.40368733
102.42986111115093,18.603749999990697,9406,7.64565e-06
102.5504166667065,18.69374999999071,9407,7.62802e-05
102.62125000003984,18.515138888879573,9408,4.3167345e-09
102.82652777781765,18.74236111110183,9409,0.00012378523
102.73236111115096,18.6237499999907,9410,4.4305936e-05
102.63069444448429,18.636527777768478,9411,1.8333168e-09
102.65708333337318,18.627083333324034,9412,4.946258e-09
102.56125000003983,18.661249999990705,9413,1.0203193e-08
102.45986111115093,18.49402777776846,9414,3.8049322e-05
102.71847222226208,18.73458333332405,9415,0.021976782
102.68763888892875,18.423472222212894,9416,0.0004984422
102.44791666670649,18.737638888879605,9417,0.0007011801
102.5054166667065,18.44819444443512,9418,7.349183e-05
102.71236111115097,18.65069444443515,9419,2.697959e-10
102.4840277778176,18.630694444435147,9420,5.2476167e-05
102.50875000003983,18.75208333332405,9421,5.7075256e-05
102.74152777781764,18.601527777768474,9422,0.0002809726
102.56069444448428,18.441527777768453,9423,0.00011536589
102.8384722222621,18.603749999990697,9424,0.005952433
102.9009722222621,18.48791666665735,9425,0.00049452455
102.71125000003985,18.5573611111018,9426,6.127438e-10
102.63652777781762,18.739861111101828,9427,0.00014323565
102.67819444448429,18.74819444443516,9428,0.0013747046
102.47375000003983,18.66069444443515,9429,0.0008229307
102.72347222226207,18.446527777768452,9430,5.86119e-05
102.64958333337319,18.439583333324006,9431,5.395918e-10
102.5154166667065,18.71791666665738,9432,0.00010846831
102.79236111115098,18.54763888887958,9433,5.1709474e-05
102.85875000003988,18.54708333332402,9434,0.00016303333
102.6218055555954,18.549305555546244,9435,3.3274827e-09
102.61291666670651,18.652083333324036,9436,3.0576868e-09
102.57680555559539,18.769583333324054,9437,0.000114337214
102.76319444448431,18.58041666665736,9438,6.666146e-06
102.49458333337316,18.49013888887957,9439,0.00015295786
102.42847222226204,18.477916666657347,9440,1.7409076e-05
102.64458333337318,18.433749999990674,9441,3.2704621e-09
102.8359722222621,18.52208333332402,9442,7.555961e-05
102.76291666670653,18.662083333324038,9443,0.00057919556
102.75291666670653,18.565694444435135,9444,1.0893378e-05
102.86875000003988,18.72319444443516,9445,0.004508492
102.57736111115095,18.509583333324017,9446,3.6872105e-09
102.59069444448428,18.64930555554626,9447,0.00010386813
102.60819444448428,18.559583333324024,9448,3.2874692e-10
102.76680555559543,18.601805555546253,9449,7.241559e-05
102.76319444448431,18.390416666657334,9450,3.2848675e-05
102.7870833333732,18.619305555546255,9451,0.00075259176
102.75458333337319,18.50152777776846,9452,0.0015283587
102.77541666670653,18.43652777776845,9453,0.00023575335
102.7856944444843,18.681527777768487,9454,2.843243e-05
102.76930555559542,18.400694444435114,9455,3.2847664e-05
102.61263888892873,18.490972222212903,9456,6.877291e-10
102.85791666670654,18.663472222212928,9457,0.076114215
102.46069444448426,18.42930555554623,9458,6.9027345e-05
102.41513888892871,18.476249999990678,9459,2.6836922e-05
102.68458333337318,18.550416666657355,9460,2.7878908e-09
102.86402777781765,18.63763888887959,9461,0.00084767665
102.82319444448432,18.462638888879567,9462,0.0025705546
102.6493055555954,18.540416666657354,9463,1.8044872e-09
102.6043055555954,18.588472222212918,9464,3.1228927e-05
102.78625000003987,18.712361111101824,9465,0.0070829364
102.78375000003986,18.677638888879596,9466,7.3082985e-05
102.6343055555954,18.729861111101826,9467,5.486472e-05
102.86263888892877,18.400694444435114,9468,0.000101217585
102.62625000003985,18.74319444443516,9469,2.2973856e-05
102.57597222226205,18.512083333324018,9470,3.3274827e-09
102.90486111115099,18.704861111101824,9471,0.00033425505
102.52930555559539,18.65708333332404,9472,3.665138e-07
102.65236111115095,18.658749999990704,9473,0.0017082538
102.51736111115093,18.42402777776845,9474,1.5772523e-06
102.50791666670649,18.479027777768458,9475,0.00076239207
102.76569444448431,18.713472222212935,9476,0.0041381735
102.88069444448432,18.45458333332401,9477,0.00015737805
102.55680555559539,18.640972222212923,9478,5.7826256e-08
102.6856944444843,18.467638888879566,9479,0.0001870751
102.58013888892873,18.42763888887956,9480,8.0938767e-10
102.52875000003984,18.5423611111018,9481,1.7962228e-05
102.49597222226205,18.66319444443515,9482,0.00030661977
102.62541666670651,18.637361111101814,9483,9.097976e-06
102.52986111115094,18.663472222212928,9484,4.496598e-09
102.77763888892875,18.659027777768483,9485,0.0004199778
102.6054166667065,18.701805555546265,9486,0.0002200317
102.78513888892876,18.479027777768458,9487,0.000660479
102.74097222226209,18.639305555546258,9488,3.2199656e-05
102.62847222226206,18.387638888879554,9489,1.4211036e-05
102.82791666670654,18.459861111101787,9490,0.00030632972
102.87541666670654,18.409583333324004,9491,0.00023286081
102.90125000003988,18.446527777768452,9492,0.0003883687
102.66347222226207,18.58791666665736,9493,1.7986393e-10
102.5604166667065,18.690416666657377,9494,8.698641e-06
102.7495833333732,18.456527777768454,9495,0.00011036091
102.62791666670651,18.413472222212892,9496,8.822499e-05
102.42569444448426,18.6237499999907,9497,0.000525078
102.77625000003987,18.53097222221291,9498,3.2981198e-10
102.63458333337317,18.59569444443514,9499,1.2206132e-07
102.70513888892874,18.626527777768477,9500,1.649355e-05
102.6681944444843,18.663749999990706,9501,7.051492e-05
102.89763888892877,18.723749999990716,9502,0.00015190565
102.7945833333732,18.46486111110179,9503,0.00024300134
102.84902777781765,18.72430555554627,9504,0.0021900896
102.52069444448428,18.559861111101803,9505,9.92106e-06
102.50319444448427,18.428194444435118,9506,2.7266847e-09
102.66375000003985,18.544027777768466,9507,4.362274e-10
102.64902777781762,18.527916666657354,9508,1.0791836e-09
102.41347222226203,18.739027777768495,9509,3.7239548e-05
102.70291666670651,18.507361111101794,9510,0.00071008713
102.64041666670651,18.648472222212927,9511,3.314998e-05
102.54708333337317,18.400694444435114,9512,2.8307173e-05
102.64013888892873,18.580972222212917,9513,1.007238e-08
102.87013888892876,18.458749999990676,9514,0.0036351325
102.54625000003983,18.737916666657384,9515,9.418898e-05
102.55513888892872,18.44819444443512,9516,4.740196e-11
102.47986111115094,18.533749999990686,9517,3.6568636e-05
102.60847222226207,18.51041666665735,9518,5.488301e-05
102.75486111115097,18.64652777776848,9519,6.548813e-05
102.45180555559537,18.657638888879593,9520,0.0001923477
102.5804166667065,18.652638888879594,9521,2.078473e-05
102.48458333337315,18.42013888887956,9522,2.9948054e-05
102.6793055555954,18.58208333332403,9523,6.76463e-05
102.5315277778176,18.64291666665737,9524,7.2844895e-09
102.87430555559544,18.67208333332404,9525,0.053240754
102.79986111115097,18.659027777768483,9526,0.00024233093
102.66708333337318,18.41902777776845,9527,0.04954746
102.85208333337322,18.66319444443515,9528,8.4389794e-05
102.59375000003983,18.49902777776846,9529,1.3489796e-09
102.59375000003983,18.58430555554625,9530,2.1583673e-09
102.88402777781766,18.531805555546242,9531,4.9306327e-05
102.78875000003987,18.69097222221293,9532,0.00333643
102.6418055555954,18.629027777768478,9533,2.6254476e-05
102.59263888892873,18.415416666657336,9534,0.00012527696
102.7595833333732,18.534027777768465,9535,9.317903e-06
102.67125000003985,18.73458333332405,9536,0.0002618394
102.45430555559537,18.71652777776849,9537,3.1553656e-05
102.4651388889287,18.737361111101826,9538,0.0006070232
102.63319444448429,18.498194444435125,9539,3.2938223
102.78930555559542,18.44541666665734,9540,5.531933e-05
102.6543055555954,18.495694444435127,9541,6.698519e-05
102.56763888892873,18.484861111101793,9542,0.0010169664
102.58930555559539,18.636527777768478,9543,4.4699864e-05
102.82319444448432,18.75847222221294,9544,0.0016693225
102.70263888892875,18.509305555546238,9545,0.0028787414
102.53013888892872,18.717361111101823,9546,1.3078205e-10
102.88569444448433,18.414861111101782,9547,0.00015855687
102.50680555559538,18.745972222212938,9548,1.1231132e-10
102.58708333337317,18.466249999990676,9549,0.00020213395
102.49930555559538,18.42624999999067,9550,9.532135e-11
102.80875000003986,18.73069444443516,9551,0.00010111963
102.62291666670652,18.434305555546228,9552,0.00019658403
102.81541666670654,18.43819444443512,9553,0.000113123184
102.55152777781761,18.49652777776846,9554,0.00018184565
102.76347222226208,18.545138888879578,9555,1.897152e-10
102.88291666670655,18.492916666657347,9556,0.0001503541
102.62236111115095,18.678194444435153,9557,3.757277e-08
102.46180555559538,18.655972222212927,9558,8.6419175e-05
102.89291666670655,18.564583333324023,9559,0.00013475538
102.49375000003982,18.415694444435115,9560,4.5609475e-05
102.52236111115094,18.442083333324007,9561,7.658497e-06
102.59763888892873,18.741249999990718,9562,5.3945812e-05
102.59625000003984,18.4709722222129,9563,0.00028053523
102.8809722222621,18.595138888879585,9564,0.00024222869
102.46958333337315,18.61236111110181,9565,0.00039845682
102.47513888892871,18.42624999999067,9566,4.35176e-06
102.43291666670649,18.638194444435147,9567,7.19116e-05
102.74652777781763,18.760972222212942,9568,6.651162e-05
102.54319444448427,18.425416666657338,9569,6.598548e-08
102.4126388889287,18.705972222212935,9570,3.33665e-05
102.41541666670648,18.60847222221292,9571,0.00010150809
102.44125000003982,18.47208333332401,9572,1.1460922e-05
102.72902777781763,18.405416666657334,9573,0.00052306755
102.44902777781759,18.5448611111018,9574,6.922698e-05
102.51180555559539,18.620416666657366,9575,0.00018108537
102.76180555559542,18.68986111110182,9576,8.8565735e-05
102.50513888892871,18.68124999999071,9577,0.005960014
102.52097222226205,18.670694444435153,9578,0.00072791113
102.75680555559542,18.55624999999069,9579,3.7999566e-08
102.47625000003983,18.645138888879593,9580,2.1004907e-05
102.90625000003989,18.476527777768457,9581,0.00072123046
102.61513888892873,18.433194444435117,9582,5.7583515e-05
102.8770833333732,18.387916666657333,9583,0.00017629622
102.57013888892872,18.618749999990698,9584,4.496598e-09
102.79652777781764,18.4634722222129,9585,0.00027244844
102.70763888892874,18.722638888879604,9586,0.00020890484
102.67236111115096,18.54013888887958,9587,5.3959184e-09
102.76680555559543,18.670972222212928,9588,0.0013196057
102.57236111115094,18.673749999990708,9589,0.00068541913
102.51930555559538,18.761527777768496,9590,2.104377e-05
102.49875000003982,18.482083333324013,9591,5.395918e-10
102.57902777781761,18.687638888879597,9592,0.00021165672
102.65041666670652,18.730972222212937,9593,0.0004004778
102.52013888892871,18.401249999990668,9594,1.4989025e-06
102.56402777781761,18.66569444443515,9595,0.00016691144
102.66513888892874,18.484027777768457,9596,2.0684352e-09
102.87125000003988,18.47069444443512,9597,6.4338157e-10
102.60375000003984,18.768194444435164,9598,0.0010560475
102.60152777781762,18.549583333324023,9599,2.0033983e-07
102.63652777781762,18.47874999999068,9600,1.8713513e-07
102.4904166667065,18.472916666657344,9601,0.00021283132
102.74430555559542,18.687916666657376,9602,6.3291536e-06
102.47236111115093,18.745138888879605,9603,6.438594e-05
102.72152777781764,18.534583333324022,9604,1.7986393e-10
102.8734722222621,18.68486111110182,9605,0.0055184355
102.61486111115096,18.637361111101814,9606,4.6031827e-09
102.88791666670654,18.67486111110182,9607,0.00018417172
102.65791666670651,18.63013888887959,9608,5.0062365e-08
102.80125000003987,18.44708333332401,9609,7.6046104e-05
102.45597222226205,18.5373611111018,9610,2.748463e-05
102.62708333337318,18.577083333324026,9611,3.7771426e-09
102.63736111115095,18.544027777768466,9612,0.0005766874
102.5379166667065,18.72541666665738,9613,3.5022563e-06
102.53708333337316,18.479305555546237,9614,1.4697149e-05
102.52402777781761,18.540416666657354,9615,0.00014743872
102.51291666670649,18.536249999990687,9616,2.440414e-09
102.59402777781762,18.614305555546252,9617,0.00019536674
102.72875000003985,18.471805555546233,9618,0.0013756108
102.79902777781764,18.596527777768475,9619,9.00209e-05
102.4226388889287,18.448472222212896,9620,0.00035005662
102.68263888892874,18.40486111110178,9621,0.00018726653
102.57902777781761,18.69902777776849,9622,0.00023720489
102.74513888892875,18.53708333332402,9623,1.1954887e-08
102.77625000003987,18.475694444435124,9624,0.00055755005
102.58625000003984,18.535694444435133,9625,2.8778229e-09
102.67180555559541,18.557916666657356,9626,1.6187753e-09
102.44625000003981,18.72430555554627,9627,0.035930075
102.49152777781761,18.438749999990673,9628,1.0453569e-09
102.5929166667065,18.579861111101806,9629,3.8670747e-09
102.71486111115097,18.513472222212908,9630,0.00014304744
102.8234722222621,18.535694444435133,9631,0.00015014561
102.74541666670653,18.447638888879563,9632,9.943054e-06
102.65763888892873,18.4659722222129,9633,3.2740036e-08
102.71375000003985,18.609027777768475,9634,0.00040054775
102.75430555559542,18.649861111101814,9635,0.0007858915
102.78597222226209,18.736249999990715,9636,0.00029127343
102.53125000003983,18.734027777768492,9637,5.5757816e-09
102.53652777781761,18.4659722222129,9638,0.0018699375
102.89625000003988,18.604305555546254,9639,0.0001317849
102.67263888892874,18.41013888887956,9640,0.0113785
102.60180555559539,18.602638888879586,9641,1.7986393e-10
102.53569444448428,18.5498611111018,9642,5.270864e-05
102.42125000003982,18.54124999999069,9643,0.0001070433
102.72458333337319,18.703472222212934,9644,9.533824e-06
102.79013888892875,18.45958333332401,9645,0.00050673133
102.64125000003985,18.634861111101813,9646,1.6493909e-10
102.75430555559542,18.58819444443514,9647,7.4943546e-06
102.73652777781764,18.532916666657353,9648,5.3947468e-05
102.60736111115095,18.475694444435124,9649,7.6253737e-06
102.6643055555954,18.66458333332404,9650,0.00027848047
102.64236111115096,18.583749999990694,9651,9.895361e-10
102.6193055555954,18.45180555554623,9652,0.00051201583
102.87041666670655,18.50263888887957,9653,0.030956093
102.46125000003983,18.416249999990672,9654,3.8440615e-09
102.49708333337315,18.639305555546258,9655,4.9844562e-05
102.89125000003988,18.717361111101823,9656,0.00862876
102.66541666670652,18.46374999999068,9657,4.697718e-05
102.71152777781764,18.562916666657358,9658,3.477072e-05
102.77402777781764,18.475138888879567,9659,0.12542939
102.58402777781761,18.626805555546255,9660,6.643216e-10
102.53013888892872,18.509583333324017,9661,5.244442e-05
102.80625000003987,18.530416666657352,9662,0.00034307558
102.48041666670649,18.559583333324024,9663,0.00095415296
102.63902777781762,18.477083333324014,9664,4.4965984e-10
102.45569444448427,18.60708333332403,9665,1.6946651e-05
102.87069444448433,18.468194444435124,9666,6.777492e-11
102.53819444448428,18.532638888879575,9667,1.798544e-05
102.81569444448432,18.61597222221292,9668,0.0007599251
102.6443055555954,18.655972222212927,9669,1.8405743e-05
102.43013888892871,18.64152777776848,9670,7.413584e-05
102.67402777781763,18.647361111101816,9671,0.00015594291
102.85263888892877,18.744305555546273,9672,0.0002694891
102.85486111115098,18.483472222212903,9673,5.2746887e-05
102.4740277778176,18.404305555546223,9674,2.3459017e-09
102.62319444448428,18.401527777768447,9675,5.0047294e-07
102.53263888892872,18.39569444443511,9676,0.0002939654
102.54180555559539,18.483194444435124,9677,0.000547639
102.89791666670655,18.699305555546267,9678,0.0017618606
102.46208333337316,18.657638888879593,9679,8.0742175e-05
102.4604166667065,18.512083333324018,9680,0.00043625623
102.51569444448427,18.570972222212916,9681,0.00014658258
102.55486111115094,18.459027777768455,9682,0.0026640333
102.88263888892877,18.75347222221294,9683,0.00297862
102.887361111151,18.74180555554627,9684,0.00015503904
102.45319444448427,18.46458333332401,9685,1.673369e-09
102.50125000003983,18.398749999990667,9686,1.1990719e-05
102.63319444448429,18.58208333332403,9687,1.6835053e-10
102.89375000003989,18.606527777768477,9688,6.5691325e-05
102.55680555559539,18.549027777768465,9689,0.0001747033
102.57458333337317,18.59819444443514,9690,6.2053056e-09
102.42097222226204,18.69152777776849,9691,8.273269e-05
102.6093055555954,18.482916666657346,9692,1.7542275e-08
102.67430555559541,18.653194444435147,9693,0.035994098
102.53513888892871,18.423749999990672,9694,2.613273e-05
102.56236111115095,18.74069444443516,9695,0.00017273633
102.65236111115095,18.525694444435132,9696,4.4965984e-10
102.5479166667065,18.485416666657347,9697,0.002155568
102.42986111115093,18.585138888879584,9698,8.114171e-05
102.43847222226204,18.606527777768477,9699,1.1975307e-05
102.60708333337317,18.577083333324026,9700,0.00013797366
102.43069444448426,18.540694444435132,9701,1.2250386e-05
102.45763888892871,18.719861111101824,9702,0.00065322133
102.8684722222621,18.573472222212914,9703,0.0006680773
102.62569444448428,18.753194444435163,9704,0.000116606876
102.6293055555954,18.713194444435157,9705,0.00016774343
102.64569444448429,18.449583333324007,9706,2.9617108e-06
102.67763888892874,18.668749999990705,9707,5.385108e-05
102.82013888892877,18.38847222221289,9708,9.517555e-08
102.71791666670653,18.394583333324,9709,0.0001896596
102.73680555559541,18.531527777768463,9710,7.842415e-10
102.86958333337321,18.719027777768492,9711,6.0294402e-05
102.81541666670654,18.760972222212942,9712,0.0001097703
102.67847222226207,18.580972222212917,9713,5.395918e-10
102.5754166667065,18.760972222212942,9714,0.0005567916
102.80652777781765,18.718472222212934,9715,0.0005825105
102.85402777781765,18.416527777768447,9716,0.0003048069
102.78041666670653,18.443194444435118,9717,4.8592137e-05
102.897361111151,18.462638888879567,9718,1.5514119e-05
102.53069444448427,18.648472222212927,9719,1.0701903e-08
102.87902777781765,18.398749999990667,9720,1.1214799e-05
102.56402777781761,18.671805555546264,9721,0.00010345601
102.49791666670649,18.479305555546237,9722,4.4965984e-10
102.53930555559539,18.616805555546254,9723,4.4965984e-10
102.60625000003984,18.45458333332401,9724,3.317906e-05
102.6943055555954,18.693472222212932,9725,0.00035109138
102.68375000003985,18.5573611111018,9726,4.7663944e-09
102.86708333337322,18.6901388888796,9727,0.0009316718
102.90402777781766,18.48736111110179,9728,0.00010711882
102.49208333337316,18.49791666665735,9729,1.6944241e-05
102.5290277778176,18.5573611111018,9730,7.644811e-06
102.49069444448426,18.395138888879558,9731,1.088603e-05
102.75486111115097,18.599027777768473,9732,0.0009064992
102.89375000003989,18.517083333324017,9733,0.0006622226
102.7595833333732,18.423749999990672,9734,0.0015908423
102.87930555559544,18.721527777768493,9735,5.9695776e-05
102.47625000003983,18.397083333324,9736,1.7410328e-05
102.58763888892872,18.498194444435125,9737,5.0550573e-09
102.41902777781759,18.455138888879564,9738,8.493291e-05
102.50791666670649,18.574583333324025,9739,0.00010167074
102.75541666670652,18.61513888887959,9740,0.001159511
102.7431944444843,18.407361111101782,9741,1.1215206e-10
102.58486111115094,18.7665277777685,9742,2.0488296e-05
102.56069444448428,18.54597222221291,9743,5.9355094e-09
102.71402777781763,18.602083333324032,9744,6.893439e-10
102.67041666670652,18.650138888879592,9745,3.050946e-05
102.46125000003983,18.399305555546224,9746,3.1697328e-10
102.43125000003981,18.74708333332405,9747,0.0006173174
102.80430555559542,18.55374999999069,9748,0.0017156175
102.88875000003988,18.690694444435152,9749,0.00016932833
102.65125000003985,18.660138888879594,9750,0.00075628376
102.49986111115093,18.57152777776847,9751,0.00026453473
102.73236111115096,18.410694444435116,9752,0.00036303076
102.74041666670652,18.675694444435152,9753,1.31402285e-05
102.44847222226204,18.557083333324023,9754,4.5483528e-05
102.56486111115095,18.536805555546245,9755,1.0791836e-09
102.79291666670653,18.652916666657372,9756,3.0086981e-05
102.51208333337316,18.76597222221294,9757,1.3562254e-08
102.80041666670654,18.644861111101815,9758,0.0039898134
102.902361111151,18.423472222212894,9759,3.7916084e-09
102.62097222226207,18.492916666657347,9760,0.0003442268
102.69347222226207,18.726249999990713,9761,9.821608e-05
102.74597222226208,18.47986111110179,9762,0.00032962745
102.74125000003986,18.432083333324005,9763,0.00027954573
102.80597222226208,18.430694444435115,9764,0.04050532
102.89125000003988,18.42041666665734,9765,0.00035175908
102.72763888892875,18.410694444435116,9766,0.0010475392
102.8584722222621,18.6926388888796,9767,0.00051988976
102.50708333337316,18.567638888879582,9768,0.00018505214
102.67513888892874,18.618194444435144,9769,2.8778229e-09
102.84430555559543,18.699305555546267,9770,0.00016729136
102.5643055555954,18.617083333324032,9771,5.4858496e-09
102.77263888892875,18.61458333332403,9772,0.0001219176
102.60986111115095,18.45708333332401,9773,0.00042747654
102.72986111115097,18.60708333332403,9774,0.00050880975
102.6793055555954,18.53597222221291,9775,4.430606e-05
102.47291666670648,18.559861111101803,9776,1.7497065e-05
102.69791666670652,18.637083333324036,9777,5.5757816e-09
102.46375000003982,18.462638888879567,9778,3.1515818e-05
102.43652777781759,18.41013888887956,9779,5.4876454e-09
102.63763888892873,18.75124999999072,9780,2.440662e-05
102.4526388889287,18.586527777768474,9781,8.993183e-05
102.7970833333732,18.689027777768487,9782,0.00043056966
102.52486111115094,18.57402777776847,9783,0.00018888345
102.57763888892873,18.586249999990695,9784,8.7152625e-11
102.84180555559543,18.598749999990698,9785,0.00022098927
102.6118055555954,18.623194444435143,9786,3.4837678e-05
102.55763888892872,18.685694444435153,9787,2.4156221e-05
102.60152777781762,18.610416666657365,9788,0.0003401066
102.58263888892873,18.697916666657378,9789,5.4197037e-05
102.44541666670648,18.73347222221294,9790,6.371305e-05
102.7195833333732,18.417083333324005,9791,5.4178185e-05
102.71402777781763,18.576249999990694,9792,2.697959e-10
102.67041666670652,18.49263888887957,9793,0.00019639281
102.87763888892877,18.53097222221291,9794,0.039443213
102.77819444448431,18.59958333332403,9795,0.0031697995
102.81847222226209,18.497361111101792,9796,9.6708645e-05
102.85291666670655,18.76736111110183,9797,0.0005891077
102.66791666670652,18.60097222221292,9798,5.305986e-09
102.7556944444843,18.53958333332402,9799,1.3296962e-08
102.55125000003983,18.730416666657383,9800,5.847714e-05
102.4890277778176,18.4559722222129,9801,2.4124813e-10
102.56763888892873,18.449027777768453,9802,1.9196389e-10
102.51625000003983,18.575694444435136,9803,0.00024348784
102.43708333337315,18.637361111101814,9804,0.8760564
102.50347222226205,18.753749999990717,9805,5.0420866e-05
102.46069444448426,18.521527777768462,9806,1.7452616e-05
102.60652777781762,18.428472222212893,9807,2.2916573e-05
102.74402777781764,18.425694444435116,9808,0.001809122
102.83402777781765,18.71402777776849,9809,9.585003e-05
102.73375000003986,18.680138888879597,9810,8.543961e-10
102.73180555559541,18.553194444435135,9811,4.5865303e-09
102.47458333337316,18.414583333324003,9812,2.608556e-05
102.47791666670649,18.622916666657368,9813,2.6975727e-05
102.43930555559537,18.50291666665735,9814,1.1219705e-05
102.82680555559543,18.741527777768493,9815,0.00054683
102.44513888892871,18.676527777768484,9816,5.5353317e-05
102.76597222226208,18.67486111110182,9817,0.00014767742
102.61013888892873,18.44041666665734,9818,4.408402e-05
102.50069444448427,18.64041666665737,9819,6.506643e-05
102.41875000003981,18.423194444435115,9820,3.1738597e-05
102.6831944444843,18.72569444443516,9821,0.00037584515
102.82291666670653,18.594305555546253,9822,0.0002200873
102.56402777781761,18.4734722222129,9823,4.01074e-05
102.67791666670652,18.57319444443514,9824,1.6834456e-10
102.78625000003987,18.65819444443515,9825,4.9191065e-05
102.55347222226206,18.555416666657358,9826,4.21963e-08
102.69541666670652,18.687083333324043,9827,0.10211116
102.57236111115094,18.73291666665738,9828,0.00019111557
102.79736111115098,18.60986111110181,9829,6.6972265e-05
102.75152777781764,18.42624999999067,9830,5.870487e-05
102.73680555559541,18.618472222212922,9831,5.2296702e-05
102.8559722222621,18.417083333324005,9832,6.965556e-05
102.65041666670652,18.69736111110182,9833,0.0003344499
102.5315277778176,18.68097222221293,9834,2.697959e-10
102.80291666670654,18.5398611111018,9835,0.0004996582
102.71736111115096,18.619305555546255,9836,1.6946973e-05
102.52069444448428,18.520972222212908,9837,4.244182e-05
102.58291666670651,18.63263888887959,9838,8.870341e-11
102.8220833333732,18.43013888887956,9839,0.00021464373
102.59541666670651,18.387083333324,9840,0.09595108
102.56486111115095,18.74069444443516,9841,2.8539966e-05
102.75291666670653,18.50291666665735,9842,5.910936e-05
102.62652777781763,18.392916666657335,9843,1.0163877e-05
102.4801388889287,18.69236111110182,9844,0.006400571
102.79736111115098,18.467638888879566,9845,0.00045795532
102.66402777781762,18.567361111101803,9846,2.5630609e-08
102.6029166667065,18.607916666657363,9847,0.0012762818
102.59708333337318,18.714861111101825,9848,0.00021277921
102.65847222226208,18.53097222221291,9849,6.2952377e-09
102.90652777781766,18.702361111101823,9850,0.00015136745
102.80097222226209,18.70152777776849,9851,4.747246e-05
102.44763888892871,18.480416666657348,9852,6.637521e-10
102.78652777781764,18.576527777768472,9853,8.2090715e-05
102.46402777781759,18.458194444435122,9854,2.2484555e-08
102.73125000003986,18.42930555554623,9855,0.00066569285
102.77875000003986,18.690416666657377,9856,0.2345893
102.84597222226209,18.69736111110182,9857,0.00015153752
102.45208333337315,18.74180555554627,9858,0.00020897685
102.65541666670651,18.476805555546235,9859,3.4144418e-09
102.66097222226207,18.60763888887959,9860,5.554303e-08
102.83069444448432,18.49513888887957,9861,4.013242e-05
102.55069444448428,18.619305555546255,9862,1.7896461e-08
102.53375000003983,18.406527777768446,9863,1.239597e-05
102.7031944444843,18.53097222221291,9864,3.439396e-10
102.41430555559536,18.74930555554627,9865,0.0006284467
102.54597222226205,18.560416666657357,9866,3.1476188e-09
102.63847222226207,18.64291666665737,9867,0.0009735553
102.42597222226203,18.58013888887958,9868,7.659291e-06
102.63208333337317,18.49791666665735,9869,0.00036938954
102.83791666670653,18.493472222212905,9870,0.00048200184
102.89152777781766,18.562083333324026,9871,0.0012719558
102.90291666670655,18.53597222221291,9872,1.2585499e-05
102.80902777781765,18.514861111101794,9873,0.0010501393
102.45069444448426,18.397083333324,9874,4.4943054e-06
102.88041666670655,18.73597222221294,9875,0.0048351763
102.82986111115099,18.429583333324004,9876,0.00013163919
102.56347222226206,18.612638888879587,9877,7.374421e-09
102.82180555559543,18.69236111110182,9878,0.00021675121
102.80041666670654,18.647361111101816,9879,0.00010104011
102.49208333337316,18.389861111101776,9880,1.1056709e-05
102.58958333337317,18.617638888879586,9881,5.0362214e-05
102.48958333337316,18.704027777768488,9882,0.00012520119
102.8409722222621,18.63263888887959,9883,2.2538536e-05
102.82569444448431,18.407361111101782,9884,0.00045080882
102.54263888892872,18.532638888879575,9885,3.2341093e-05
102.7720833333732,18.736805555546272,9886,8.6271095e-05
102.46458333337316,18.705972222212935,9887,0.008272462
102.53402777781761,18.537916666657356,9888,9.592744e-05
102.86041666670654,18.60597222221292,9889,9.807336e-06
102.64402777781763,18.607916666657363,9890,2.5420102e-08
102.56125000003983,18.66819444443515,9891,2.9193274e-07
102.4276388889287,18.558194444435134,9892,1.8607485e-05
102.49819444448427,18.617638888879586,9893,0.00033961685
102.83430555559544,18.599027777768473,9894,0.00014324616
102.57069444448427,18.517916666657353,9895,5.216054e-09
102.62152777781762,18.53874999999069,9896,6.6549655e-09
102.49125000003983,18.49680555554624,9897,8.993184e-06
102.75263888892876,18.491249999990682,9898,0.00021132409
102.46430555559537,18.543472222212912,9899,9.948084e-06
102.76819444448431,18.46319444443512,9900,0.0006949475
102.53902777781761,18.73291666665738,9901,0.00024195843
102.7431944444843,18.445972222212898,9902,0.0009845129
102.58097222226206,18.606805555546252,9903,1.6268953e-10
102.8145833333732,18.670416666657374,9904,9.168533e-05
102.52486111115094,18.502361111101795,9905,1.745071e-05
102.75291666670653,18.5423611111018,9906,8.770285e-09
102.68013888892874,18.455138888879564,9907,0.0005147443
102.62902777781763,18.72569444443516,9908,0.00027867165
102.72875000003985,18.719583333324046,9909,0.002062532
102.43375000003982,18.74097222221294,9910,0.00053002645
102.41902777781759,18.638194444435147,9911,0.004904987
102.83763888892877,18.728472222212936,9912,0.00035267082
102.53208333337317,18.698194444435156,9913,7.0035185e-06
102.46819444448427,18.655972222212927,9914,0.0002801424
102.60819444448428,18.75236111110183,9915,0.00012851616
102.73875000003986,18.747638888879607,9916,0.0003347778
102.51708333337317,18.575972222212915,9917,0.00010447292
102.7706944444843,18.66819444443515,9918,0.00011917011
102.58958333337317,18.407083333324003,9919,0.00046706968
102.74430555559542,18.562916666657358,9920,3.218584e-10
102.48125000003982,18.465138888879565,9921,3.1604561e-06
102.74263888892875,18.713472222212935,9922,0.0005395918
102.72736111115097,18.466805555546234,9923,3.3575405e-05
102.57013888892872,18.63763888887959,9924,6.172539e-05
102.54458333337317,18.398194444435113,9925,1.0791836e-09
102.62125000003984,18.40236111110178,9926,9.0426765e-05
102.55875000003984,18.64291666665737,9927,2.518095e-08
102.60263888892872,18.53958333332402,9928,0.00015515894
102.60402777781762,18.533749999990686,9929,0.00046826084
102.43486111115092,18.449583333324007,9930,1.9196457e-05
102.68736111115096,18.69374999999071,9931,0.00013849098
102.82847222226209,18.397916666657334,9932,0.0009782632
102.4465277778176,18.40486111110178,9933,0.00017833937
102.89569444448432,18.678194444435153,9934,0.0015059998
102.7281944444843,18.698194444435156,9935,0.00018212841
102.84902777781765,18.470416666657346,9936,0.00041989805
102.8209722222621,18.75736111110183,9937,0.00014651591
102.51986111115095,18.500138888879572,9938,0.00045323692
102.61875000003984,18.63402777776848,9939,2.1939468e-05
102.74236111115097,18.494305555546237,9940,5.3961077e-05
102.62958333337318,18.55597222221291,9941,4.4965984e-10
102.72152777781764,18.62986111110181,9942,0.00029635904
102.61236111115095,18.68986111110182,9943,2.6350067e-08
102.63458333337317,18.39847222221289,9944,1.7632392e-05
102.54819444448428,18.727638888879603,9945,0.000110260364
102.47513888892871,18.57402777776847,9946,1.6910755e-05
102.84875000003987,18.52208333332402,9947,9.480702e-05
102.83375000003987,18.659027777768483,9948,0.003957005
102.81486111115098,18.518749999990685,9949,9.8446995e-05
102.62458333337318,18.712361111101824,9950,3.0402152e-05
102.70208333337318,18.40513888887956,9951,0.015726713
102.66208333337318,18.592916666657363,9952,3.3140484e-08
102.50513888892871,18.426805555546228,9953,3.5048356e-10
102.61625000003984,18.762916666657386,9954,6.972524e-05
102.42680555559537,18.531805555546242,9955,5.328819e-09
102.80680555559543,18.549027777768465,9956,0.0009851218
102.73263888892875,18.768194444435164,9957,0.0014376483
102.52875000003984,18.439583333324006,9958,2.697959e-05
102.62513888892873,18.521527777768462,9959,8.993197e-10
102.7256944444843,18.467638888879566,9960,0.00010565736
102.79291666670653,18.769861111101832,9961,0.0022667337
102.42152777781759,18.610138888879586,9962,3.3890976e-06
102.84013888892876,18.757638888879608,9963,3.461896e-05
102.74986111115098,18.471805555546233,9964,2.7890554e-05
102.59263888892873,18.59208333332403,9965,4.874329e-08
102.51486111115094,18.60763888887959,9966,0.00020252577
102.62625000003985,18.592638888879584,9967,1.3489796e-09
102.84180555559543,18.65541666665737,9968,0.00015854248
102.59569444448428,18.59569444443514,9969,0.00022407563
102.48319444448427,18.563194444435137,9970,0.00031694616
102.86375000003987,18.769583333324054,9971,0.00041392748
102.47847222226204,18.443749999990676,9972,0.000100505174
102.55375000003983,18.57430555554625,9973,6.1153735e-09
102.68513888892875,18.466527777768455,9974,0.00013497897
102.68763888892875,18.58958333332403,9975,4.744116e-10
102.61625000003984,18.652083333324036,9976,2.2565606e-08
102.78430555559542,18.397916666657334,9977,3.317789e-05
102.82236111115098,18.43902777776845,9978,0.0053735967
102.60375000003984,18.617083333324032,9979,0.00012601235
102.43625000003982,18.629305555546257,9980,0.00012669593
102.89930555559543,18.410694444435116,9981,0.0002986011
102.8959722222621,18.489861111101792,9982,1.6529814e-06
102.75791666670654,18.483749999990682,9983,4.5155604e-05
102.49791666670649,18.440972222212896,9984,2.9827996e-10
102.82625000003988,18.605416666657366,9985,4.8251135e-05
102.6068055555954,18.57319444443514,9986,0.00012467042
102.7606944444843,18.651249999990704,9987,0.0015291405
102.83180555559542,18.400416666657335,9988,0.00038625047
102.67430555559541,18.417083333324005,9989,2.1512635e-05
102.73486111115098,18.527916666657354,9990,1.9434741e-05
102.69097222226208,18.615416666657364,9991,2.0160151e-09
102.59819444448428,18.544027777768466,9992,5.011812e-05
102.67402777781763,18.43930555554623,9993,0.00715618
102.8709722222621,18.695694444435155,9994,0.0032691676
102.71986111115096,18.59208333332403,9995,3.121813e-05
102.54652777781762,18.55374999999069,9996,9.892516e-10
102.54819444448428,18.563194444435137,9997,6.1153735e-09
102.62736111115096,18.646249999990705,9998,2.1005346e-10
102.46208333337316,18.398194444435113,9999,5.4950956e-06
102.56402777781761,18.603194444435143,10000,1.0162313e-08
