X,Y,id,SAMPLE_1
103.4469787630023,19.09220914374163,1,764.0
103.09960024263329,18.80681437797686,2,1167.0
103.0680693761607,18.43086943157284,3,400.0
103.04893526060894,18.507944882950294,4,710.0
102.3248033100802,18.53435535230341,5,228.0
103.26830385299093,18.525462030990624,6,1164.0
103.42461071242772,19.005431887295686,7,462.0
103.11819536901456,18.485307337790484,8,537.0
102.2496143207994,18.581516904719685,9,306.0
103.30226017073065,18.966355172436486,10,952.0
102.30405222701704,18.74833405298068,11,260.0
102.39109897804822,18.98818423384059,12,1498.0
102.22239536769057,18.985489287988234,13,388.0
102.44230294924303,18.613856254947986,14,183.0
103.34349284227173,19.077117446968426,15,396.0
102.45389121640817,18.576935496770673,16,187.0
102.26255006089072,18.411735316021094,17,311.0
102.84762280543775,19.00138946851715,18,710.0
102.56869590971864,18.59418315022577,19,208.007
103.31627388916291,18.752376471759217,20,1179.0
102.49512388794926,18.528426471428222,21,178.001
103.27962262557084,18.98818423384059,22,1443.0
102.20622569257642,18.711682789388604,23,259.0
102.36522749786558,18.530043438939636,24,250.0
102.3781632379569,18.9461430785438,25,770.0
102.51237154140435,18.404997951390197,26,174.0
102.32291684798355,18.92916491967394,27,796.0
103.33433002637372,18.958539829464648,28,1091.0
102.62394229969199,18.72812195908799,29,346.0
102.65304771489747,18.606849395731857,30,208.024
103.43242605539956,19.015942176119886,31,322.0
102.21296305720732,19.036154270012574,32,583.0
103.4281141420358,18.591488204373412,33,1545.0
102.27306034971491,18.68392484710931,34,235.0
102.99476684897654,18.51090932338789,35,670.0
103.38957641634707,18.41092683226539,36,171.0
103.4491347196842,18.674492536626055,37,366.0
103.27153778801376,18.603615460709026,38,781.0
102.80800710140808,19.002736941443327,39,689.0
103.41760385321159,19.097329540861114,40,809.0
102.79345439380535,18.5688506592136,41,270.0
103.03896396095521,19.094904089593992,42,993.0
102.66409699289214,19.091400659985926,43,1209.0
102.57785872561666,18.42521004528289,44,194.0
103.34753526105027,19.039927194205877,45,435.0
103.2974092681964,18.44003224747086,46,157.001
102.47787623449416,18.598495063589542,47,189.0
103.1402939250039,18.643770153909166,48,660.0
103.39766125390415,18.832416363574268,49,932.0
103.43107858247339,18.59202719354388,50,1678.0
102.54471089163266,18.678534955404594,51,208.006
103.32058580252668,18.864216724632097,52,580.0
102.81932587398799,18.965277194095545,53,1141.0
102.79587984507248,18.74968152590686,54,649.0
103.04920475519418,18.84454361990988,55,1521.0
102.41292803945232,18.461052825119257,56,211.0
102.97159031464625,18.956653367367995,57,1430.0
103.4335040337405,18.83996221196087,58,274.0
103.29633128985546,18.943987121861912,59,1066.0
103.19419284205107,18.587445785594873,60,413.0
103.24512731866065,18.99168766344866,61,871.0
102.95056973699785,18.471563113943454,62,420.0
102.65385619865317,19.01567268153465,63,1091.0
103.31896883501527,18.710335316462423,64,951.0
103.37394573040339,18.789836219107002,65,789.0
103.20982352799474,19.045317085910593,66,1577.0
103.17478923191409,18.59202719354388,67,683.0
102.68996847307479,18.950185497322337,68,734.0
103.0470487985123,18.615203727874167,69,619.0
102.89128092824596,18.59283567729959,70,440.0
102.65223923114176,18.49905156163751,71,208.05
102.49539338253449,18.819480623482946,72,307.0
102.55360421294544,18.409579359339208,73,177.0
102.55171775084878,18.756418890537756,74,217.0
103.03546053134716,18.514951742166428,75,667.0
103.38041360044905,19.05394091263814,76,404.0
102.91284049506484,18.971206074970734,77,1115.0
103.08666450254196,18.65670589400049,78,306.0
102.3579511440642,18.907874847440308,79,269.0
102.21700547598586,18.59606961232242,80,268.0
102.70559915901846,18.700094522223463,81,799.0
102.4113110719409,19.08978369247451,82,324.0
103.4116749723364,18.806275388806387,83,369.0
102.58324861732139,19.067415641899935,84,885.0
103.21521341969947,18.812204269681576,85,1476.0
103.22761017062031,18.915151201241674,86,922.0
103.11496143399172,18.801424486272143,87,1164.0
102.49135096375595,18.71707268109332,88,517.0
102.74898778724143,18.666677193654216,89,397.0
102.53393110822321,18.715994702752376,90,209.0
102.37735475420119,18.952880443174696,91,1071.0
102.58001468229855,18.784985316572754,92,459.0
102.77566775117978,18.46994614643204,93,1284.0
102.34851883358095,18.93751925181625,94,289.0
103.4221852611606,18.627869973380253,95,1476.0
102.61693544047587,18.975517988334506,96,415.001
103.17478923191409,18.53112141728058,97,1091.0
102.33073219095539,18.67664849330794,98,210.0
102.42990619832219,18.561843799997465,99,205.0
102.82309879818129,18.817055172215824,100,723.0
103.39307984595513,18.713299756900017,101,334.0
102.59672334658318,18.54082322234907,102,208.034
102.9201168488662,18.524114558064447,103,434.0
102.4743728048861,18.541901200690013,104,180.0
102.33962551226817,18.556184413707513,105,215.0
102.29866233531232,18.64996852936959,106,210.0
102.56977388805959,18.54540463029808,107,208.008
102.26012460962359,18.93293784386724,108,824.0
102.39729735350865,18.448117085027935,109,201.0
102.48084067493176,19.011091273585638,110,723.0
103.06941684908686,19.05528838556432,111,1497.0
102.63957298563568,19.089244703304036,112,1764.0
103.0907069213205,18.931590370941063,113,1517.0
103.29687027902592,19.03965769962064,114,726.0
102.84223291373304,19.056366363905262,115,822.0
103.18691648824971,18.431138926158077,116,167.0
102.98883796810135,19.06822412565564,117,809.0
102.98802948434565,18.831877374403795,118,1000.0
103.44455331173518,18.84454361990988,119,306.0
103.32624518881664,18.93886672474243,120,1084.0
102.88050114483653,18.77043260897002,121,713.0
102.32965421261444,18.77258856565191,122,252.0
102.52908020568897,18.450003547124588,123,176.0
103.35939302280065,18.8574793600012,124,818.0
102.57004338264483,18.64754307810247,125,261.0
102.47410331030086,18.769354630629078,126,251.0
103.14541432212337,18.45108152546553,127,324.0
102.77566775117978,19.020254089483657,128,898.0
103.29471432234405,18.672067085358933,129,664.0
102.86379248055191,18.96743315077743,130,1097.0
102.90286919541111,18.46913766267633,131,678.0
102.72581125291116,18.59283567729959,132,208.057
102.20433923047977,18.89790354778658,133,336.0
103.14083291417437,18.88954921564427,134,1581.0
102.75303020601997,19.049359504689132,135,907.0
102.3293847180292,18.89466961276375,136,531.0
102.32453381549496,18.604154449879495,137,220.0
102.71772641535408,18.443805171664163,138,783.0
102.66813941167068,18.966624667021723,139,358.0
102.5134495197453,18.60927484699898,140,221.0
102.81932587398799,18.9499160027371,141,1075.0
103.43027009871768,18.415508240214397,142,155.001
102.74171143344006,18.91030029870743,143,345.0
102.39271594555963,18.873379540530117,144,568.0
103.08100511625202,18.500399034563692,145,802.0
103.023872264182,19.036962753768282,146,1488.0
102.91284049506484,18.63838026220445,147,529.0
102.2789892305901,19.04370011839918,148,653.0
103.07669320288824,18.62679199503931,149,397.0
102.65196973655652,19.08008188740602,150,1589.0
102.97751919552144,18.935632789719598,151,1166.0
103.2966007844407,18.662904269460913,152,905.0
102.36361053035417,18.81328224802252,153,239.0
103.34645728270932,18.964468710339837,154,1161.0
102.40160926687241,18.502824485830814,155,200.0
103.44751775217277,18.705214919342943,156,307.0
102.37196486249647,18.705753908513415,157,806.0
102.38624807551398,18.72030661611615,158,475.0
102.2436854399242,18.746447590884028,159,240.0
103.14002443041866,18.51225679631407,160,945.0
102.42748074705506,19.079273403650312,161,323.0
103.10364266141183,18.422245604845294,162,233.0
103.18233508030069,19.002197952272855,163,1707.0
102.38490060258779,18.64673459434676,164,529.0
103.29228887107692,18.559148854145107,165,402.0
102.77405078366837,18.8679896488254,166,487.0
103.05270818480224,19.040196688791113,167,1182.0
103.43889392544523,18.74779506381021,168,431.0
103.20524212004574,18.661556796534732,169,521.0
102.24125998865708,18.502824485830814,170,231.0
102.80692912306715,18.84912502785889,171,335.006
102.27332984430015,18.681768890427424,172,226.0
102.771355837816,18.512795785484542,173,595.0
102.58648255234421,18.583133872231098,174,208.035
102.80477316638526,18.48422935944954,175,912.0
102.4848830937103,19.070649576922765,176,440.0
103.11496143399172,18.546752103224257,177,281.0
102.4067296639919,18.97659596667545,178,784.0
102.28033670351628,18.632720875914497,179,195.0
103.38634248132423,18.84831654410318,180,716.0
103.15188219216904,18.626522500454072,181,664.0
103.37098128996578,19.012169251926583,182,449.0
102.62852370764101,18.628139467965486,183,218.0
102.26820944718067,18.5012075183194,184,256.0
102.78132713746973,18.420089648163405,185,967.0
102.88184861776271,18.96500769951031,186,976.0
102.57273832849718,18.69174019008115,187,209.0
102.8487007837787,18.92458351172493,188,862.0
103.0659134194788,18.698747049297282,189,509.0
102.69832280521709,18.727043980747048,190,1094.0
102.30162677574991,18.528695966013455,191,221.0
102.4247858012027,18.79118369203318,192,237.0
102.8772672098137,18.80762286173257,193,948.0
102.68538706512577,18.524923041820156,194,208.04
102.37789374337166,18.722462572798037,195,250.0
102.42801973622552,18.749142536736386,196,927.0
103.05621161441032,18.91622917958262,197,2007.0
102.38085818380925,18.65993982902332,198,604.0
102.57408580142337,19.046664558836774,199,645.0
102.22023941100868,18.652124486051477,200,400.0
102.54147695660983,18.890357699399974,201,503.0
102.52342081939902,19.089514197889272,202,589.0
102.39460240765628,18.76908513604384,203,252.0
102.67433778713111,18.81597719387488,204,933.0
102.37061738957028,18.917846147094032,205,279.0
102.79992226385102,18.99007069593724,206,1117.0
103.4243412178425,18.513873763825483,207,925.0
103.23838995402974,19.052323945126727,208,872.0
102.32911522344396,19.04423910756965,209,1045.0
102.89505385243926,18.68904524422879,210,1313.0
102.99234139770941,18.50578892626841,211,689.0
103.43027009871768,18.925391995480638,212,768.0
103.03330457466527,18.824601020602426,213,1443.0
102.27306034971491,18.44003224747086,214,344.0
102.41912641491274,18.956114378197526,215,328.001
103.44590078466136,18.44596112834605,216,159.0
102.28626558439147,18.522767085138266,217,229.0
103.39200186761418,18.914881706656438,218,1276.0
103.14433634378244,18.40284199470831,219,163.0
102.6676004225002,18.54621311405379,220,208.029
102.31914392379024,18.973631526237856,221,459.0
103.29687027902592,18.61358676036275,222,523.0
102.77189482698648,18.82163658016483,223,335.003
103.1508042138281,18.467790189750154,224,484.0
102.50886811179629,18.57019813213978,225,181.0
103.01713489955111,18.470215641017276,226,528.0
102.26147208254977,18.837536760693748,227,526.0
102.42586377954365,18.917846147094032,228,255.0
103.07884915957013,18.500399034563692,229,795.0
103.2079370658981,19.022949035336016,230,1906.0
102.45982009728336,18.958809324049884,231,348.0
102.36280204659845,19.07280553360465,232,1615.0
102.43448760627119,18.984141815062053,233,248.0
102.94544933987838,18.535163836059116,234,234.0
102.81905637940275,18.8003465079312,235,611.0
103.19877425000008,18.595800117737184,236,632.0
103.31250096496962,19.036154270012574,237,646.0
103.19607930414772,18.9251225008954,238,982.0
102.23991251573091,18.632990370499734,239,228.0
103.35211666899929,19.090861670815453,240,451.0
102.70074825648422,18.799268529590258,241,893.0
102.64307641524374,19.045317085910593,242,1275.0
102.9087980762863,19.046395064251538,243,533.0
102.31644897793788,18.932129360111535,244,829.0
102.39541089141198,18.902754450320824,245,329.0
103.44643977383183,18.551603005758505,246,444.0
103.44536179549088,19.081698854917434,247,578.0
102.6096590866745,18.60253748236808,248,208.037
103.16832136186842,18.86071329502403,249,1567.0
103.1230462715488,18.997077555153375,250,2296.0
102.49323742585261,18.52195860138256,251,178.001
102.74548435763337,18.725696507820867,252,1114.0
103.11765637984409,19.09759903544635,253,1505.0
103.38203056796046,18.948299035225684,254,944.0
102.65439518782365,18.748064558395445,255,446.0
103.43215656081433,18.405806435145905,256,161.0
103.37798814918192,18.40688441348685,257,170.0
102.27494681181156,18.89925102071276,258,581.0
103.36397443074966,18.89143567774092,259,1394.0
102.35822063864944,18.84643008200653,260,295.0
102.27252136054445,18.617090189970817,261,248.0
103.34861323939121,18.45350697673265,262,159.0
102.41643146906038,18.952071959418987,263,328.001
102.38328363507638,18.67799596623412,264,434.0
102.61989988091347,18.728930442843698,265,276.0
102.27845024141963,18.822714558505776,266,413.0
102.31321504291505,19.03049488372262,267,726.0
103.38364753547188,18.634876832596383,268,1331.0
102.72904518793398,18.880655894331486,269,1063.0
102.42343832827652,18.84265715781323,270,410.0
103.05432515231367,19.057713836831443,271,1052.0
102.82229031442559,19.057444342246207,272,1146.0
102.97698020635097,18.68069091208648,273,1458.0
102.67245132503444,18.670989107017988,274,430.0
103.2553681128996,18.70871834895101,275,1049.0
102.933591578128,18.846699576591767,276,832.0
102.97239879840195,18.417394702311046,277,441.0
102.78644753458921,18.854514919563606,278,338.0
103.44104988212712,19.084393800769792,279,717.0
103.10256468307088,18.61628170621511,280,612.0
103.32678417798711,18.67422304204082,281,762.0
103.243240856564,18.959348313220357,282,1105.0
102.78456107249256,18.95584488361229,283,532.0
103.24216287822306,18.486924305301898,284,1111.0
102.80935457433426,19.031842356648802,285,628.0
102.65008327445987,18.695782608859687,286,514.0
103.33298255344754,18.528695966013455,287,1282.0
103.31007551370249,19.08789723037786,288,541.0
102.77512876200932,19.04693405342201,289,966.0
102.64523237192563,18.954766905271345,290,676.0
102.97832767927714,18.62490553294266,291,383.0
103.11280547730983,18.717611670263793,292,1095.0
103.44293634422377,18.826217988113843,293,445.0
102.52449879773997,18.696591092615396,294,208.008
102.8667569209895,18.744830623372614,295,465.0
102.96485295001536,18.660748312779027,296,1071.0
103.2003912175115,18.856670876245495,297,1470.0
103.043275874319,18.530043438939636,298,351.0
102.88562154195601,18.701172500564404,299,1407.0
103.44104988212712,18.801154991686907,300,434.0
103.13382605495823,18.67287556911464,301,718.0
102.37978020546831,18.651046507710536,302,640.0
102.46520998898808,18.781751381549924,303,234.0
102.67514627088681,19.082237844087906,304,1415.0
103.20443363629003,18.78525481115799,305,1605.0
102.60184374370266,18.444613655419868,306,210.0
103.44266684963853,18.532468890206758,307,724.0
103.35615908777781,19.049898493859605,308,355.0
102.63580006144237,18.646465099761524,309,208.031
102.68700403263719,18.48153441359718,310,251.0
103.26291396128622,18.74510011795785,311,1192.0
102.62933219139671,18.420628637333877,312,202.0
103.2020081850229,18.703058962661057,313,498.0
102.80261720970337,18.91110878246314,314,335.009
102.24449392367991,18.757227374293464,315,282.0
103.2499782211949,18.506866904609353,316,1143.0
102.22212587310534,18.821367085579595,317,596.0
103.3116924812139,18.78525481115799,318,962.0
102.32318634256877,18.465634233068265,319,369.0
102.89559284160974,18.407423402657322,320,686.0
103.0486657660237,18.73216437786653,321,1126.0
103.17748417776644,18.768007157702897,322,1774.0
103.2011997012672,18.742674666690725,323,771.0
102.82660222778937,18.964468710339837,324,1288.0
102.3835531296616,19.00192845768762,325,967.0
103.30172118156017,18.792800659544596,326,903.0
103.42919212037674,18.433833872010435,327,156.001
102.68969897848955,18.437067807033266,328,1088.0
102.64172894231756,18.94263964893573,329,1053.0
102.33396612597822,18.93886672474243,330,700.0
102.56303652342869,19.05852232058715,331,596.0
102.57408580142337,18.957461851123703,332,1141.0
103.1432583654415,18.834572320256154,333,1508.0
103.22437623559749,18.511717807143597,334,1194.0
103.12358526071928,18.482073402767654,335,572.0
102.50428670384727,18.4478475904427,336,181.0
103.10175619931518,18.860982789609267,337,1301.0
102.64226793148804,18.559418348730343,338,208.023
103.08558652420102,18.838614739034693,339,1395.0
102.54120746202459,18.89466961276375,340,656.0
103.3747542141591,19.089244703304036,341,737.0
102.25662118001553,18.785793800328463,342,324.0
102.72176883413262,18.935363295134366,343,335.01
103.16158399723753,18.560496327071288,344,432.0
102.67514627088681,19.071727555263706,345,1269.0
102.91526594633196,18.515760225922136,346,612.0
103.31196197579914,18.59418315022577,347,548.0
103.41814284238207,18.411735316021094,348,159.0
102.38328363507638,18.645117626835347,349,555.0
103.08639500795672,18.888471237303325,350,1171.0
102.42289933910605,18.41092683226539,351,183.0
103.22060331140418,18.775283511504266,352,1534.0
102.4676354402552,19.035345786256865,353,530.0
103.26992082050235,18.73216437786653,354,945.0
103.10849356394607,18.40688441348685,355,211.0
102.45119627055581,18.82244506392054,356,312.0
102.31267605374458,18.843735136154173,357,327.0
103.42353273408678,18.42035914274864,358,155.001
102.73578255256487,18.438954269129916,359,986.0
102.76057605440657,18.75857484721964,360,672.0
102.39891432102006,18.848855533273653,361,295.0
103.35966251738589,18.65724488317096,362,763.0
102.83792100036926,18.83403333108568,363,335.008
102.38301414049114,18.598495063589542,364,239.0
102.79507136131677,18.42763549655001,365,1024.0
102.33827803934199,18.525462030990624,366,398.0
102.98533453849328,19.082237844087906,367,880.0
102.20972912218448,18.58043892637874,368,416.0
103.38876793259136,18.674492536626055,369,593.0
102.40699915857714,18.948299035225684,370,557.0
103.18179609113022,18.575857518429732,371,490.0
103.40062569434174,18.825948493528607,372,789.0
102.24503291285038,18.88146437808719,373,447.0
102.76084554899181,19.001119973931914,374,664.0
102.26228056630548,19.06229524478045,375,982.0
103.31519591082197,18.907874847440308,376,835.0
102.85436017006866,19.088975208718804,377,808.0
103.01578742662493,18.442188204152746,378,460.0
103.05082172270559,18.595800117737184,379,489.0
103.17694518859598,18.57343206716261,380,590.0
103.12035132569645,18.526809503916805,381,987.0
102.60480818414025,18.925661490065874,382,1366.0
102.3239948263245,18.874727013456297,383,401.0
102.77485926742408,18.70144199514964,384,429.0
102.81474446603899,18.600381525686196,385,273.0
102.85355168631294,18.88820174271809,386,461.0
102.71880439369502,18.822714558505776,387,603.0
103.15107370841334,18.662634774875677,388,541.0
103.11873435818502,18.855323403319314,389,1680.0
102.76785240820794,18.52654000933157,390,208.046
102.34420692021718,18.83295535274474,391,277.0
102.89047244449026,18.502824485830814,392,693.0
102.45766414060147,18.675570514967,393,802.0
103.40655457521693,18.82837394479573,394,687.0
103.33891143432272,18.41200481060633,395,154.001
102.64792731777798,19.010282789829933,396,980.0
103.11765637984409,19.071727555263706,397,1105.0
103.2995652248783,18.612778276607045,398,501.0
103.00473814863027,18.850741995370306,399,1135.0
102.7306621554454,18.57127611048072,400,208.051
102.44445890592492,18.809509323829218,401,264.0
103.43431251749621,18.89008820481474,402,785.0
102.27764175766391,18.974440009993565,403,485.0
102.97859717386238,18.54540463029808,404,232.0
102.52395980856949,18.706292897683888,405,208.008
102.70128724565468,18.446230622931285,406,438.0
103.3612794848973,18.998964017250024,407,817.0
103.03977244471092,18.886584775206675,408,1174.0
103.17829266152215,18.751837482588744,409,1068.0
102.61666594589063,18.546482608639025,410,208.045
102.71961287745073,18.628408962550722,411,440.0
102.25177027748128,19.084932789940265,412,881.0
102.33800854475675,18.911647771633607,413,1047.0
102.25554320167458,19.0671461473147,414,1226.0
102.40214825604289,18.87391852970059,415,446.0
103.1440668491972,18.456471417170246,416,364.0
102.2466498803618,18.8108567967554,417,364.0
102.69023796766001,19.04370011839918,418,961.0
102.84277190290351,18.898442536957052,419,434.0
102.59807081950936,18.905449396173182,420,603.0
102.52800222734803,18.574240550918315,421,316.0
103.41221396150688,19.04801203176295,422,409.0
102.65762912284647,18.921080082116863,423,455.0
103.4297311095472,18.93374632762295,424,563.0
103.42326323950155,18.945873583958562,425,506.0
102.64253742607328,18.41092683226539,426,318.0
103.27584970137754,19.041005172546818,427,870.0
103.37879663293764,18.57531852925926,428,428.0
103.05702009816602,18.538397771081947,429,242.0
102.8982877874621,18.67610950413747,430,1153.0
102.48596107205124,18.724618529479923,431,463.0
103.0184823724773,18.66829416116563,432,814.0
102.58540457400326,18.853436941222665,433,321.0
103.41329193984782,18.60711889031709,434,1632.0
102.39082948346298,18.669102644921338,435,399.0
102.92766269725281,18.551603005758505,436,507.0
102.66867840084115,18.545674124883316,437,208.029
103.27773616347419,19.05205445054149,438,608.0
103.28231757142319,18.606310406561384,439,559.0
103.2305746110579,18.977134955845923,440,1267.0
102.58809951985563,18.986028277158706,441,669.0
103.13436504412871,18.910569793292666,442,1471.0
103.18125710195974,18.637032789278273,443,700.0
103.20012172292626,18.51144831255836,444,419.0
102.65385619865317,18.685541814620723,445,628.0
102.72661973666686,18.903293439491296,446,448.0
102.32534229925066,18.612239287436573,447,212.0
102.31402352667077,18.466981705994446,448,518.0
103.17398074815839,18.997077555153375,449,1949.0
102.69293291351238,19.091939649156398,450,1224.0
102.98587352766376,18.857209865415964,451,999.0
102.44338092758397,18.50390246417176,452,188.0
102.93413056729847,18.736476291230304,453,1154.0
102.29812334614185,18.6117002982661,454,216.0
102.82255980901083,18.872840551359644,455,551.0
103.05863706567743,18.599573041930487,456,450.0
103.28070060391178,18.90571889075842,457,1055.0
102.57678074727572,19.060678277269037,458,745.0
103.08720349171243,18.402572500123075,459,273.0
102.22239536769057,18.527348493087278,460,240.0
103.02872316671625,18.61951564123794,461,566.0
103.33001811300994,19.08062087657649,462,657.0
102.76919988113413,18.445422139175577,463,1298.0
102.44176396007256,18.60065102027143,464,194.0
103.1718247914765,18.53166040645105,465,1131.0
102.45308273265246,18.404728456804964,466,171.0
102.4361045737826,18.96231275365795,467,487.0
102.7630015056737,18.71303026231478,468,356.0
103.2289576435465,18.482881886523362,469,999.0
102.53797352700175,18.62274957626077,470,208.012
102.46143706479478,18.569659142969307,471,183.0
102.72823670417827,18.990340190522478,472,335.011
102.3571426603085,18.758305352634405,473,225.0
102.27117388761826,18.72300156196851,474,235.0
103.3041466328273,18.942370154350495,475,933.0
103.42191576657537,18.779864919453274,476,491.0
103.31034500828773,18.50821437753553,477,1136.0
102.3277677505178,18.586637301839165,478,206.0
102.80180872594767,18.481803908182417,479,942.0
102.21296305720732,18.50902286129124,480,256.0
103.28555150644603,18.520072139285908,481,1020.0
102.68538706512577,18.75480192302634,482,1064.0
102.4428419384135,19.078464919894603,483,425.0
102.76785240820794,18.556184413707513,484,267.0
103.36747786035772,19.076578457797954,485,655.0
102.78429157790733,18.60846636324327,486,772.0
102.22967172149194,18.82109759099436,487,443.0
102.84950926753442,18.558340370389402,488,330.0
102.56977388805959,18.748603547565914,489,240.0
103.21090150633569,18.46536473848303,490,543.0
103.06079302235932,18.867720154240164,491,1324.0
102.31052009706269,18.746447590884028,492,269.0
102.9125710004796,18.90437141783224,493,1018.0
102.94814428573073,18.8108567967554,494,1230.0
102.46035908645383,18.869067627166345,495,234.0
102.99395836522083,18.96366022658413,496,1219.0
102.31752695627883,18.782290370720396,497,265.0
102.97590222801003,18.822175569335304,498,1214.0
102.87214681269423,18.518455171774495,499,770.0
102.84816179460823,18.954766905271345,500,1233.0
103.35858453904494,18.755610406782047,501,857.0
102.80477316638526,18.667755171995157,502,1220.0
103.39981721058602,18.606849395731857,503,929.0
102.36819193830317,19.09436510042352,504,801.0
103.13517352788442,18.90437141783224,505,1320.0
103.39550529722226,18.952341454004223,506,896.0
102.3458238877286,18.851011489955543,507,263.0
102.8201343577437,18.904640912417477,508,364.0
102.50563417677346,18.848855533273653,509,234.0
102.51668345476813,18.985489287988234,510,940.0
103.31196197579914,19.043969612984412,511,524.0
102.84007695705115,18.56615571336124,512,395.0
102.57192984474148,18.83807574986422,513,289.0
103.29067190356551,18.98252484755064,514,1390.0
102.5067121551144,19.0671461473147,515,503.0
102.30432172160226,19.058791815172388,516,752.0
103.34025890724891,18.60711889031709,517,508.0
102.8621755130405,19.059600298928093,518,1081.0
103.10256468307088,18.952880443174696,519,1301.0
102.2264377864691,18.620593619578884,520,306.0
102.37573778668977,18.45566293341454,521,206.0
102.83630403285785,18.988453728425828,522,632.0
102.25203977206651,18.523036579723502,523,239.0
102.6923939243419,19.01297773568229,524,977.0
102.23991251573091,18.638110767619214,525,225.0
103.40305114560886,18.46536473848303,526,174.0
103.38068309503429,18.89332213983757,527,1180.0
102.51883941145002,18.99680806056814,528,950.0
102.58621305775898,18.478030983989115,529,265.0
102.69050746224525,18.664521236972327,530,245.0
102.70182623482516,18.64242268098299,531,208.059
103.0726507841097,18.53570282522959,532,266.0
102.22535980812816,18.65481943190384,533,334.0
102.4067296639919,18.87957791599054,534,257.0
102.43394861710071,18.453776471317887,535,217.0
102.84277190290351,18.859904811268326,536,518.0
102.64631035026657,18.798729540419785,537,495.0
103.00662461072692,18.514951742166428,538,533.0
102.26362803923166,18.720037121530915,539,248.0
102.21026811135496,18.9251225008954,540,679.0
102.95299518826498,18.670180623262283,541,1281.0
102.21242406803684,19.038579721279696,542,618.0
102.95434266119116,18.45242899839171,543,404.001
102.84142442997734,18.76773766311766,544,676.0
102.43125367124836,18.896286580275163,545,429.0
102.59214193863417,18.916498674167855,546,748.0
102.82363778735177,18.408501380998263,547,914.0
103.26345295045668,18.4906972294952,548,971.0
102.26201107172024,19.036962753768282,549,826.0
103.4402413983714,18.775553006089503,550,506.0
103.39334934054037,18.634876832596383,551,1384.0
102.45173525972628,18.54944704907662,552,195.0
102.88643002571172,18.80816185090304,553,1142.0
103.35049970148786,18.673684052870346,554,820.0
102.80396468262956,18.65670589400049,555,1154.0
103.07857966498489,18.51818567718926,556,880.0
102.91903887052526,18.94452611103238,557,1212.0
103.26965132591711,18.738093258741717,558,1069.0
102.37627677586025,18.875535497212002,559,361.0
102.21404103554826,18.60065102027143,560,283.0
102.22212587310534,18.855053908734078,561,349.0
102.46682695649949,18.768007157702897,562,260.0
103.29767876278164,18.842118168642756,563,681.0
102.82121233608464,18.79980751876073,564,630.0
102.80827659599332,18.495009142858976,565,591.0
102.37843273254214,18.796034594567427,566,243.0
102.9486832749012,18.922427555043043,567,1023.0
102.88023165025129,19.064990190632813,568,800.0
103.13490403329918,18.609544341584215,569,972.0
102.5600720829911,18.679073944575066,570,208.006
102.64226793148804,18.600920514856664,571,208.024
102.257160169186,18.539745244008127,572,240.0
103.33136558593613,18.627600478795017,573,586.0
103.02117731832965,18.977943439601628,574,1345.0
103.33998941266367,18.882811851013372,575,1063.0
103.12142930403739,18.515221236751664,576,852.0
103.13948544124818,18.483959864864303,577,460.0
103.37610168708527,18.76531221185054,578,1266.0
103.09609681302521,18.997886038909083,579,1936.0
102.795340855902,18.513065280069778,580,378.0
103.0470487985123,19.03507629167163,581,1430.0
102.89128092824596,18.77690047901568,582,938.0
102.27575529556727,18.626522500454072,583,198.0
102.92954915934946,18.892244161496627,584,689.0
103.44401432256471,18.619246146652703,585,1419.0
102.31995240754595,18.756957879708228,586,253.0
102.90502515209299,18.885776291450966,587,634.0
103.17694518859598,18.599573041930487,588,402.0
102.92496775140044,18.794148132470774,589,685.0
103.1898809286873,18.622480081675533,590,486.0
102.64927479070417,18.563460767508882,591,208.023
103.14757027880526,18.801154991686907,592,1275.0
102.97751919552144,19.060947771854273,593,725.0
103.0982527697071,18.64161419722728,594,396.0
102.45739464601624,18.92970390884441,595,243.0
102.54821432124072,19.038579721279696,596,1281.0
103.17532822108456,18.868528637995873,597,1689.0
102.80477316638526,18.82433152601719,598,621.0
103.07103381659829,18.74887304215115,599,1303.0
102.83468706534643,18.510100839632184,600,614.0
102.49215944751167,18.65266347522195,601,234.0
103.01039753492022,18.718420154019498,602,708.0
102.97401576591338,18.58502033432775,603,763.0
103.29094139815074,18.748603547565914,604,1340.0
102.50455619843251,18.535433330644352,605,179.0
102.30593868911369,18.700094522223463,606,295.0
102.36846143288841,18.668833150336102,607,731.0
102.64226793148804,19.04289163464347,608,1221.0
102.53393110822321,18.446769612101757,609,169.001
103.19311486371012,18.75345445010016,610,855.0
102.84331089207399,18.82055860182389,611,387.0
102.38166666756496,18.46159181428973,612,186.001
102.50509518760299,18.696052103444924,613,315.0
102.99611432190271,19.06957159858182,614,1055.0
102.41831793115703,18.627600478795017,615,225.0
102.62663724554436,18.478030983989115,616,208.016
102.96754789586771,18.59418315022577,617,609.0
102.60938959208926,19.04693405342201,618,951.0
102.24988381538462,18.783907338231813,619,318.0
102.90475565750776,18.683655352524074,620,1104.0
102.27198237137397,18.422245604845294,621,331.0
102.92254230013333,18.699286038467754,622,1357.0
102.43098417666312,18.951532970248515,623,708.0
102.50051377965397,19.06364271770663,624,522.0
102.47140836444851,19.088975208718804,625,342.0
102.36280204659845,18.592296688129117,626,592.0
102.8629839967962,18.997616544323847,627,518.0
103.29040240898027,18.980907880039222,628,1312.0
103.23488652442168,18.50390246417176,629,1185.0
102.48084067493176,18.709526832706715,630,807.0
103.02117731832965,18.627600478795017,631,391.0
102.45227424889676,18.578821958867326,632,211.0
102.87160782352375,18.905449396173182,633,817.0
102.54444139704742,18.884967807695258,634,379.0
103.37098128996578,18.560765821656524,635,445.0
102.64415439358469,18.99680806056814,636,691.0
103.34888273397645,18.98656726632918,637,1097.0
103.3011821923897,18.924044522554457,638,1086.0
102.68700403263719,18.725966002406103,639,1290.0
103.27396323928089,19.068763114826112,640,737.0
102.36253255201322,18.696860587200632,641,423.0
102.21727497057108,18.589062753106287,642,292.0
102.89990475497352,18.731086399525584,643,602.0
102.57893670395761,18.99492159847149,644,1015.0
102.74656233597432,18.482073402767654,645,1348.0
103.37367623581815,18.77609199525997,646,1054.0
102.98210060347046,18.8108567967554,647,1150.0
103.28447352810508,18.59526112856671,648,594.0
103.33891143432272,18.544326651957135,649,1136.0
103.06429645196738,18.894130623593277,650,1165.0
102.35687316572326,18.772049576481436,651,268.0
102.77081684864554,18.623019070846006,652,666.0
102.90529464667823,18.563460767508882,653,621.0
102.72203832871784,18.894939107348986,654,636.0
103.43323453915528,18.57397105633308,655,843.0
103.16185349182277,18.683655352524074,656,485.0
102.75572515187233,18.68823676047308,657,208.062
103.3327130588623,18.7574968688787,658,1274.0
103.3965832755632,18.43167791532855,659,163.0
102.96835637962342,18.867720154240164,660,866.0
103.41598688570018,18.942909143520968,661,523.0
102.25284825582222,19.05313242888243,662,997.0
103.41140547775117,18.789836219107002,663,278.0
103.17047731855031,18.619246146652703,664,577.0
103.3259756942314,18.69551311427445,665,597.0
103.1764061994255,18.902215461150355,666,1201.0
102.61397100003828,18.87957791599054,667,1517.0
103.20254717419338,18.87634398096771,668,1502.0
102.61181504335639,18.8041194321245,669,1027.0
102.67568526005728,18.794956616226482,670,1180.0
102.7209603503769,18.495548132029445,671,1168.0
103.38849843800612,19.07415300653083,672,589.0
102.50266973633586,18.738901742497426,673,211.002
103.1192733473555,18.559957337900816,674,970.0
102.93844248066225,18.663712753216622,675,1214.0
102.59995728160601,18.592566182714354,676,234.0
103.40224266185315,18.81139578592587,677,471.0
102.69778381604662,19.037501742938755,678,1111.0
102.44715385177727,18.8679896488254,679,396.0
102.81824789564705,18.607388384902325,680,335.0
102.44580637885109,18.87715246472342,681,233.0
102.7524912168495,18.971745064141203,682,530.0
102.81420547686851,18.650507518540064,683,644.0
103.20712858214239,19.095982067934933,684,633.0
102.63876450187996,18.44084073122657,685,208.015
103.30738056785013,19.086280262866442,686,592.0
103.03249609090956,19.008665822318516,687,1440.0
102.3819361621502,18.896825569445635,688,264.0
102.79668832882818,18.49986004539322,689,553.0
102.36684446537699,18.98171636379493,690,871.0
103.13193959286158,18.592296688129117,691,655.0
102.23371414027048,18.58259488306063,692,287.0
102.49781883380162,19.016211670705122,693,902.0
102.962158004163,19.08708874662215,694,1055.0
102.83226161407931,18.964738204925073,695,1158.0
103.12466323906021,19.00974380065946,696,1808.0
103.33702497222608,18.648351561858178,697,966.0
102.90691161418964,18.941561670594787,698,896.0
103.39307984595513,18.78471582198752,699,755.0
102.26524500674307,19.031842356648802,700,640.0
103.24162388905258,18.47398856521058,701,880.0
103.04354536890422,18.755879901367283,702,1417.0
103.14676179504956,19.080890371161725,703,979.0
102.3037827324318,18.61628170621511,704,212.0
102.79426287756105,18.80600589422115,705,389.0
102.85355168631294,18.466442716823973,706,615.0
102.20972912218448,18.955305894441818,707,500.0
102.43340962793025,18.67422304204082,708,363.0
102.47868471824987,18.589871236861995,709,186.0
103.07103381659829,18.61035282533992,710,491.0
102.58729103609991,18.956114378197526,711,896.0
103.38149157878999,18.439493258300388,712,148.003
102.45550818391959,18.81139578592587,713,305.0
102.95515114494687,19.06121726643951,714,592.0
102.5676179313777,18.675301020381763,715,208.008
102.85705511592101,18.5049804425127,716,613.0
103.11199699355413,18.926200479236346,717,1451.0
102.67757172215393,18.769354630629078,718,618.0
102.70694663194465,18.73863224791219,719,1061.0
103.42730565828009,18.513604269240247,720,912.0
102.89936576580304,18.912725749974552,721,786.0
103.11334446648031,18.538667265667183,722,282.0
102.5571076425535,18.72434903489469,723,222.0
102.22158688393486,18.90113748280941,724,483.0
102.23910403197519,18.700364016808695,725,326.0
103.25267316704725,18.784446327402286,726,1068.0
102.88130962859223,18.52896546059869,727,332.0
102.30243525950561,18.963121237413656,728,604.0
102.96727840128247,18.714377735240962,729,1070.0
102.59133345487845,19.032650840404507,730,558.0
103.36747786035772,18.43086943157284,731,156.0
103.3087280407763,18.99923351183526,732,1240.0
102.49808832838686,18.78282935989087,733,236.0
102.75895908689516,18.657783872341433,734,432.0
102.26982641469208,19.060947771854273,735,944.0
103.2499782211949,18.76369524433912,736,1016.0
103.2974092681964,19.090861670815453,737,651.0
102.63391359934572,18.791992175788888,738,498.0
102.681075151762,18.73458982913365,739,1374.0
103.18476053156782,18.89062719398521,740,1287.0
103.44832623592848,18.412274305191566,741,156.0
102.88939446614931,19.06121726643951,742,502.0
103.27342425011041,18.468868168091095,743,327.0
103.35049970148786,18.804388926709738,744,737.0
102.68889049473384,18.63191239215879,745,208.058
102.46359302147667,18.69713008178587,746,655.0
103.02953165047197,19.02160156240984,747,1332.0
102.50617316594392,18.43545083952185,748,173.001
102.93305258895752,18.993035136374836,749,1318.0
102.54012948368364,18.822714558505776,750,293.0
103.18637749907923,18.874727013456297,751,1561.0
102.51371901433053,18.807083872562096,752,422.0
102.7314706392011,18.990340190522478,753,335.011
103.39065439468801,18.670180623262283,754,706.0
102.47922370742035,18.523575568893975,755,205.0
102.36145457367228,18.50578892626841,756,230.0
103.4461702792466,18.782559865305632,757,282.0
102.32884572885874,18.751298493418275,758,240.0
102.30620818369893,18.60065102027143,759,229.0
102.90071323872922,18.40095553261166,760,693.0
103.05782858192173,18.57720499135591,761,269.0
102.51075457389294,18.622210587090297,762,267.0
102.20811215467307,18.611969792851337,763,334.0
102.99018544102752,18.569659142969307,764,253.0
103.17910114527785,18.73027791576988,765,737.0
102.66544446581833,18.644578637664875,766,378.0
102.26497551215783,18.844274125324645,767,416.0
102.60804211916309,18.713299756900017,768,284.0
103.43781594710428,18.742135677520256,769,580.0
103.02710619920484,19.028338927040735,770,1309.0
102.771355837816,18.833763836500445,771,620.0
103.31654338374815,18.714108240655726,772,758.0
102.89181991741644,18.995191093056725,773,717.0
103.17020782396507,18.766659684776716,774,1699.0
103.18287406947117,18.48557683237572,775,355.0
102.41858742574227,18.618437662896998,776,189.0
102.21916143266775,18.991957158033895,777,577.0
102.53473959197893,18.9213495767021,778,830.0
102.27952821976058,18.732703367037,779,316.0
102.80073074760672,18.630295424647375,780,1138.0
102.80612063931143,18.542979179030958,781,208.049
102.35633417655279,19.05906130975762,782,1618.0
103.10552912350848,18.768815641458605,783,1343.0
103.20820656048333,18.912995244559788,784,946.0
102.90125222789969,18.524384052649683,785,437.0
103.26048851001909,19.091400659985926,786,632.0
103.41436991818877,18.704136941001998,787,312.0
102.98829897893087,18.482612391938126,788,611.0
103.15781107304423,19.004892898125213,789,2353.0
102.23587009695237,18.97929091252781,790,493.0
103.28150908766749,19.020254089483657,791,654.0
103.16697388894225,19.048551020933424,792,1500.0
103.44455331173518,18.657514377756197,793,947.0
103.39119338385848,19.012708241097055,794,385.0
102.38490060258779,18.617090189970817,795,268.0
102.58756053068515,18.45431546048836,796,189.0
102.61989988091347,19.080351381991253,797,1362.0
102.60534717331072,18.994382609301017,798,608.0
102.52719374359232,18.913264739145024,799,588.0
102.7697388703046,18.660748312779027,800,771.0
102.86460096430761,18.410387843094917,801,878.0
102.58998598195228,18.84130968488705,802,449.0
102.36118507908704,18.92000210377592,803,272.0
102.2609330933793,18.60199849319761,804,248.0
102.48299663161364,18.4906972294952,805,175.0
102.92820168642328,18.7965735837379,806,797.0
102.77378128908313,18.661017807364264,807,882.0
102.86352298596667,18.509831345046948,808,771.0
103.33217406969183,18.620593619578884,809,698.0
102.94275439402601,18.66829416116563,810,1281.0
102.52557677608091,18.56804217545789,811,233.0
102.31510150501171,18.634876832596383,812,196.0
102.83926847329545,18.973901020823092,813,813.0
102.67029536835257,18.80600589422115,814,1098.0
102.72500276915544,19.083585317014084,815,1328.0
102.8869690148822,18.707640370610065,816,1193.0
102.8743027693761,18.801154991686907,817,770.0
102.93116612686087,18.831068890648087,818,755.0
102.65089175821558,18.650507518540064,819,458.0
102.41292803945232,18.634068348840675,820,237.0
102.80315619887384,18.865294702973042,821,422.0
102.41158056652614,18.82109759099436,822,255.0
103.37421522498862,18.5154907313369,823,823.0
102.30135728116467,18.939136219327665,824,786.0
102.75087424933808,18.651854991466244,825,359.0
102.77216432157172,19.06121726643951,826,1398.0
102.41292803945232,18.822984053091012,827,261.0
102.46278453772095,18.99168766344866,828,345.0
103.03546053134716,18.638110767619214,829,353.0
103.386072986739,18.951532970248515,830,926.0
102.35902912240515,18.984141815062053,831,595.0
102.93332208354276,18.952341454004223,832,1327.0
102.2264377864691,18.823523042261485,833,415.0
102.74925728182667,18.54944704907662,834,208.05
103.15430764343616,18.449464557954116,835,305.0
102.55117876167832,18.721923583627564,836,213.0
102.65735962826125,18.613317265777514,837,208.027
102.93170511603134,18.77285806023714,838,579.0
102.45173525972628,18.865025208387806,839,444.0
103.00069572985173,18.998425028079556,840,1230.0
102.34474590938765,18.62005463040841,841,470.0
102.20218327379789,18.55375896244039,842,259.0
103.3680168495282,18.67152809618846,843,570.0
103.30306865448635,19.01432520860847,844,880.0
102.2819536710277,18.90571889075842,845,538.0
102.54039897826888,18.530582428110108,846,178.001
102.26551450132831,18.98683676091441,847,863.0
102.4369130575383,18.619785135823175,848,186.0
103.26857334757617,18.71707268109332,849,978.0
103.11738688525885,18.540553727763836,850,308.0
103.35157767982881,18.571545605065957,851,517.0
102.41912641491274,18.50174650748987,852,178.0
103.20632009838668,18.420628637333877,853,173.0
102.46170655938,18.835919793182335,854,248.0
103.4070935643874,19.07738694155366,855,1001.0
102.65116125280082,19.004892898125213,856,732.0
103.02629771544913,18.433025388254727,857,389.0
102.41319753403755,18.898981526127525,858,244.0
102.31375403208553,18.693896146763038,859,304.0
102.31105908623317,18.60199849319761,860,212.0
102.38436161341733,18.56938964838407,861,199.0
102.23209717275905,18.709526832706715,862,319.0
103.11334446648031,19.076308963212718,863,1283.0
103.15781107304423,18.744291634202142,864,1267.0
103.03384356383573,19.001119973931914,865,1457.0
102.29893182989755,18.623827554601714,866,211.0
102.27871973600486,18.59094921520294,867,369.0
103.17209428606174,18.62921744630643,868,431.0
102.4999747904835,19.061486761024746,869,593.0
103.00554663238597,18.453776471317887,870,461.0
102.6021132382879,18.771241092725727,871,391.0
102.6150489783792,19.00408441436951,872,471.0
102.86513995347809,18.537858781911474,873,208.051
102.21538850847443,18.753723944685397,874,269.0
103.27962262557084,18.50713639919459,875,793.0
103.34861323939121,18.597686579833837,876,710.0
103.44724825758753,18.82163658016483,877,578.0
102.8629839967962,18.687697771302613,878,1617.0
102.54713634289978,18.866372681313983,879,308.0
103.05378616314319,18.79333964871507,880,1411.0
103.0155179320397,18.57127611048072,881,241.0
102.75033526016762,18.692548673836857,882,208.062
103.24970872660965,18.58448134515728,883,1029.0
102.27629428473774,18.682307879597893,884,226.0
103.4469787630023,18.825948493528607,885,385.0
102.96916486337913,18.445691633760813,886,411.0
103.29282786024739,18.49797358329657,887,999.0
103.43512100125193,18.483690370279067,888,351.0
103.26372244504192,18.62086311416412,889,690.0
102.44823183011822,18.826217988113843,890,288.0
102.34043399602388,18.487732789057606,891,433.0
102.63041016973766,19.024566002847433,892,717.0
102.995305838147,18.68581130920596,893,1151.0
103.17128580230602,18.611430803680864,894,524.0
102.80342569345908,19.083315822428847,895,1154.0
102.92793219183804,18.694165641348274,896,1455.0
102.61558796754969,18.731086399525584,897,299.0
103.27800565805941,19.07873441447984,898,627.0
102.99692280565843,18.47506654355152,899,582.0
103.243240856564,18.63245138132926,900,611.0
103.357506560704,18.773936038578086,901,1495.0
102.21458002471873,18.98818423384059,902,626.0
102.9125710004796,18.606310406561384,903,492.0
102.27413832805586,18.590679720617704,904,297.0
103.07103381659829,18.905988385343655,905,1429.0
103.40628508063169,18.77366654399285,906,740.0
103.1974267770739,18.757227374293464,907,841.0
102.48542208288076,18.444883150005104,908,182.0
102.33423562056345,19.001658963102386,909,789.0
102.62502027803293,18.824601020602426,910,859.0
102.52557677608091,19.07873441447984,911,410.0
102.8713383289385,18.437876290788974,912,685.0
103.12062082028169,18.660209323608555,913,696.0
103.2801616147413,18.99815553349432,914,1167.0
102.54875331041119,18.423054088601,915,183.0
103.43970240920093,18.759113836390114,916,452.0
102.40780764233284,18.40607592973114,917,200.0
102.35390872528566,18.46671221140921,918,210.0
102.23667858070807,18.63514632718162,919,214.0
102.83280060324978,18.94263964893573,920,1033.0
102.72069085579167,19.04370011839918,921,978.0
103.10418165058229,18.558340370389402,922,662.0
102.32264735339831,18.50902286129124,923,480.0
102.9982702785846,18.89790354778658,924,1027.0
102.4037652235543,18.997616544323847,925,1463.0
102.30513020535798,19.065259685218045,926,963.0
102.31698796710836,18.993574125545308,927,354.0
103.00096522443695,18.815707699289643,928,1012.0
103.05055222812035,18.97336203165262,929,1347.0
102.62906269681147,18.942909143520968,930,1358.0
102.39460240765628,18.996269071397666,931,1507.0
102.71152803989365,19.0461255696663,932,1174.0
103.12439374447499,18.450812030880293,933,502.0
102.57893670395761,18.63325986508497,934,213.0
102.65520367157936,18.52896546059869,935,208.036
102.7659659461113,18.9394057139129,936,335.01
103.14945674090191,18.972823042482148,937,2550.0
102.54309392412124,18.550794522002796,938,346.0
102.51102406847818,18.575588023844496,939,196.0
103.2214117951599,18.625714016698364,940,978.0
103.41571739111494,18.76261726599818,941,465.0
102.59537587365699,18.96878062370361,942,686.0
103.08801197546813,19.0604087826838,943,1876.0
103.37421522498862,18.704136941001998,944,596.0
102.514258003501,18.66829416116563,945,428.0
102.20326125213883,19.073344522775123,946,826.0
102.62178634301011,18.72030661611615,947,265.0
102.94248489944079,18.67745697706365,948,1486.0
102.67191233586398,18.77285806023714,949,763.0
103.29471432234405,18.829990912307142,950,888.0
103.18476053156782,18.978751923357336,951,1990.0
103.05944554943314,18.893591634422805,952,1165.0
102.53662605407558,18.70602340309865,953,211.0
102.71206702906412,18.883889829354317,954,713.0
102.40699915857714,18.75534091219681,955,241.0
102.77836269703214,18.725696507820867,956,213.0
102.67325980879016,18.63568531635209,957,208.035
102.90556414126347,18.953419432345168,958,1090.0
102.81824789564705,19.08466329535503,959,1185.0
102.70263471858087,18.89871203154229,960,416.0
102.58594356317374,18.70602340309865,961,368.0
102.26389753381689,18.88954921564427,962,539.0
103.20389464711955,18.91137827704837,963,965.0
102.66409699289214,18.864216724632097,964,501.0
103.30387713824206,18.991957158033895,965,1590.0
102.8734942856204,18.529504449769163,966,439.0
102.92981865393469,18.659400839852847,967,1144.0
102.94005944817366,18.4659037276535,968,450.0
102.88130962859223,18.834302825670918,969,1008.0
102.75356919519044,19.081698854917434,970,1330.0
103.24539681324588,19.079003909065076,971,929.0
103.05028273353513,19.066607158144226,972,935.0
102.41185006111138,19.053401923467668,973,751.0
102.46197605396524,18.433833872010435,974,173.007
103.35211666899929,18.606849395731857,975,723.0
102.45550818391959,18.711413294803368,976,663.0
102.2331751511,18.867450659654928,977,415.0
103.19634879873296,18.507405893779826,978,326.0
102.57004338264483,18.472910586869634,979,222.0
102.6676004225002,18.85235896288172,980,336.0
102.43340962793025,19.07738694155366,981,286.0
102.62582876178865,18.869337121751578,982,889.0
102.57839771478713,18.621402103334592,983,208.036
103.44131937671234,18.897634053201344,984,475.0
103.28959392522457,18.56938964838407,985,421.0
102.69293291351238,19.00974380065946,986,1011.0
102.41211955569662,18.836458782352803,987,284.0
103.31303995414008,18.57397105633308,988,405.0
103.07184230035399,19.10083297046918,989,1228.0
102.87187731810899,18.452698492976946,990,651.0
103.26533941255333,18.430060947817132,991,157.002
102.2865350789767,18.582864377645862,992,306.0
102.28869103565859,18.879308421405305,993,373.0
102.87915367191036,18.943178638106204,994,1008.0
102.23694807529331,18.450812030880293,995,217.0
102.49269843668213,19.066876652729462,996,449.0
103.18529952073828,18.482073402767654,997,244.0
103.44239735505329,18.94668206771427,998,376.0
103.12035132569645,18.943987121861912,999,1702.0
103.2936363440031,19.021062573239366,1000,606.0
103.29174988190645,18.78202087613516,1001,1274.0
102.20811215467307,18.855862392489787,1002,372.0
102.83037515198266,18.687428276717377,1003,1426.0
103.00042623526649,18.5726235834069,1004,268.0
103.11576991774743,18.572354088821665,1005,653.0
102.44823183011822,18.82109759099436,1006,276.0
102.49108146917072,18.432486399084254,1007,173.001
103.07157280576875,19.05986979351333,1008,1236.0
103.22033381681895,18.883081345598608,1009,1158.0
103.37502370874432,19.002197952272855,1010,554.0
102.74305890636624,18.64242268098299,1011,250.0
102.88723850946742,18.662634774875677,1012,933.0
102.68889049473384,18.831338385233323,1013,754.0
103.18799446659064,18.976056977504978,1014,1752.0
102.41939590949798,18.46159181428973,1015,200.0
102.60912009750402,18.764234233509594,1016,546.0
103.20066071209673,18.892513656081864,1017,1120.0
102.41562298530468,18.83349434191521,1018,262.0
102.39460240765628,18.50578892626841,1019,206.0
103.17613670484026,18.496895604955625,1020,828.0
102.30162677574991,18.555375929951808,1021,218.0
102.62448128886247,18.619785135823175,1022,208.025
103.34942172314692,18.976865461260687,1023,1195.0
102.33181016929633,18.637302283863505,1024,186.0
102.34932731733666,18.858557338342145,1025,309.0
102.45577767850482,18.471024124772985,1026,175.0
102.54740583748502,18.584750839742515,1027,208.014
103.32301125379381,19.010282789829933,1028,1273.0
102.4315231658336,18.8927831506671,1029,239.0
102.3037827324318,18.915151201241674,1030,555.0
102.51964789520572,18.714108240655726,1031,211.0
102.26389753381689,18.729199937428934,1032,259.0
102.59834031409459,18.413891272702983,1033,180.0
102.49188995292643,18.495278637444212,1034,190.0
102.59726233575364,18.821367085579595,1035,588.0
103.34430132602743,18.939675208498137,1036,1262.0
102.73227912295681,18.656436399415252,1037,209.0
102.90125222789969,19.04370011839918,1038,702.0
102.84277190290351,18.684463836279782,1039,1642.0
102.8667569209895,18.80358044295403,1040,704.0
102.84331089207399,18.93751925181625,1041,1081.0
103.4364684741781,18.43491185035138,1042,148.001
103.22572370852366,19.039388205035404,1043,1270.0
102.63957298563568,18.703328457246293,1044,313.0
102.95757659621398,18.878769432234833,1045,782.0
102.56303652342869,18.78202087613516,1046,385.0
102.64145944773233,18.631373402988316,1047,208.026
102.26740096342496,18.56480824043506,1048,231.0
102.56303652342869,18.801154991686907,1049,463.0
102.33046269637015,18.532738384791994,1050,295.0
102.67029536835257,18.506866904609353,1051,208.042
102.29165547609618,18.58502033432775,1052,266.0
102.27548580098204,18.675840009552235,1053,256.0
103.40898002648404,18.7860632949137,1054,501.0
102.88454356361507,18.947490551469976,1055,980.0
103.16724338352748,19.090053187059745,1056,1151.0
102.26228056630548,18.552141994928977,1057,229.0
102.97024284172007,18.69713008178587,1058,1387.0
102.38463110800255,18.745908601713555,1059,228.0
102.52719374359232,18.46401726555685,1060,191.0
103.07426775162111,18.545674124883316,1061,229.004
102.41373652320803,18.740249215423603,1062,835.0
102.80396468262956,18.44919506336888,1063,977.0
103.20308616336385,18.77043260897002,1064,1048.0
102.23074969983288,18.543248673616194,1065,251.0
102.94895276948644,19.01809813280177,1066,777.0
102.31537099959694,19.087627735792623,1067,983.0
103.12035132569645,18.948838024396156,1068,1952.0
102.57246883391194,18.43922376371515,1069,215.0
102.72311630705879,18.48153441359718,1070,1433.0
103.41005800482499,18.435181344936613,1071,157.0
103.2515951887063,18.983602825891584,1072,1215.0
102.88723850946742,19.011091273585638,1073,729.0
103.25024771578013,18.64619560517629,1074,814.0
102.31402352667077,18.973092537067384,1075,986.0
103.24755276992776,18.768276652288133,1076,978.0
103.42461071242772,18.73027791576988,1077,392.0
102.26632298508402,18.7469865800545,1078,233.0
103.3087280407763,18.402033510952602,1079,153.0
102.26201107172024,18.478569973159587,1080,221.0
102.61208453794161,19.002197952272855,1081,501.0
102.55818562089445,18.80600589422115,1082,289.0
102.65008327445987,18.569928637554543,1083,208.023
103.04947424977941,18.723271056553745,1084,907.0
103.35804554987448,18.86286925170592,1085,1014.0
103.34807425022075,18.82163658016483,1086,561.0
102.53285312988228,18.876613475552947,1087,389.0
102.51075457389294,18.859096327512617,1088,232.0
102.93925096441795,18.923505533383985,1089,1141.0
103.14514482753815,18.99007069593724,1090,2154.0
103.11361396106555,18.840231706546106,1091,1634.0
102.99638381648795,18.490966724080437,1092,596.0
103.31627388916291,18.450542536295057,1093,158.0
102.75680313021327,18.57612701301497,1094,208.05
103.04624031475659,18.809509323829218,1095,1493.0
102.35579518738231,18.766659684776716,1096,276.0
103.2154829142847,19.094634595008756,1097,836.0
102.66221053079549,18.56938964838407,1098,208.028
103.10795457477559,18.68392484710931,1099,584.0
103.15942804055564,18.637841273033978,1100,797.0
102.5112935630634,18.973631526237856,1101,1138.0
102.70640764277417,18.67799596623412,1102,358.0
102.8381904949545,18.629486940891667,1103,323.0
103.21386594677328,18.833224847329973,1104,1477.0
103.18206558571545,19.090861670815453,1105,966.0
103.16212298640801,18.629486940891667,1106,480.0
103.19473183122155,18.603615460709026,1107,523.0
102.62906269681147,18.877421959308656,1108,895.0
103.27531071220706,18.42035914274864,1109,157.002
102.49808832838686,18.96285174282842,1110,716.0
102.26605349049878,18.68796726588785,1111,280.0
103.26480042338287,18.994652103886253,1112,1370.0
102.58783002527039,18.938058240986724,1113,586.0
102.79830529633959,18.96743315077743,1114,335.01
102.85058724587535,18.97147556955597,1115,796.0
102.2256293027134,18.897364558616108,1116,547.0
102.20730367091737,19.09544307876446,1117,685.0
102.73982497134341,18.403919973049256,1118,823.0
102.5743552960086,18.820828096409127,1119,374.0
102.92927966476422,18.98252484755064,1120,1397.0
102.91903887052526,18.825409504358134,1121,656.0
102.2054172088207,18.517107698848314,1122,259.0
102.8487007837787,18.96608567785125,1123,799.0
102.40214825604289,18.91865463084974,1124,246.0
103.21602190345517,18.404997951390197,1125,158.001
103.23812045944452,18.46024434136355,1126,436.0
102.2361395915376,19.027799937870263,1127,563.0
102.80639013389667,18.558340370389402,1128,279.0
103.00797208365309,18.59202719354388,1129,259.0
102.42182136076511,18.704945424757707,1130,471.0
103.10660710184942,18.67422304204082,1131,332.0
103.38472551381282,18.626522500454072,1132,1328.0
102.83872948412497,19.084393800769792,1133,1055.0
102.61477948379398,18.489888745739492,1134,208.015
102.78644753458921,18.54540463029808,1135,208.048
102.36441901410987,18.874727013456297,1136,416.0
102.92766269725281,18.504171958756995,1137,524.0
102.85166522421629,18.467790189750154,1138,618.0
103.1974267770739,19.047742537177715,1139,1049.0
102.37304284083741,19.04962899927437,1140,1195.0
102.64065096397663,18.824601020602426,1141,402.0
103.12870565783875,18.78013441403851,1142,1373.0
103.25914103709292,18.43598982869232,1143,160.0
102.77836269703214,19.02537448660314,1144,991.0
102.42721125246982,18.9251225008954,1145,257.0
102.62124735383964,18.604154449879495,1146,208.048
103.38337804088664,18.976865461260687,1147,1020.0
102.88454356361507,18.47722250023341,1148,446.0
103.08531702961578,18.613047771192278,1149,587.0
102.79668832882818,18.850203006199834,1150,335.005
102.50644266052916,18.964468710339837,1151,782.0
103.08073562166678,18.40095553261166,1152,204.0
102.76461847318511,18.88685426979191,1153,601.0
103.44185836588282,18.666677193654216,1154,504.0
102.3894820105368,18.488541272813315,1155,205.0
103.06779988157545,19.061756255609982,1156,1153.0
102.5037477146768,18.876882970138183,1157,418.0
103.12547172281593,18.53112141728058,1158,717.0
102.74952677641191,18.9070663636846,1159,377.0
103.35885403363018,18.91110878246314,1160,1457.0
102.49539338253449,18.55968784331558,1161,178.002
102.66786991708544,19.033998313330688,1162,1136.0
102.51479699267148,18.995730082227197,1163,830.0
102.30108778657944,19.011360768170874,1164,718.0
102.99422785980606,18.673145063699877,1165,669.0
102.97212930381673,18.548369070735674,1166,237.0
102.59295042238988,18.684194341694546,1167,223.0
103.26210547753051,18.650507518540064,1168,733.0
102.64118995314709,18.465095243897796,1169,208.02
102.83765150578402,18.423054088601,1170,773.0
102.32830673968826,18.857209865415964,1171,334.0
103.23084410564314,18.83672827693804,1172,1232.0
103.30010421404876,18.684463836279782,1173,572.0
102.7314706392011,18.895478096519458,1174,614.0
102.65358670406795,18.604962933635203,1175,208.024
102.50401720926205,18.903293439491296,1176,338.0
102.52584627066615,19.0175591436313,1177,866.0
102.4773372453237,18.96285174282842,1178,437.0
102.57651125269048,18.406345424316378,1179,183.0
103.30226017073065,18.878499937649597,1180,726.0
103.37529320332956,18.93105138177059,1181,897.0
103.34160638017508,18.780403908623747,1182,1199.0
102.485691577466,19.094634595008756,1183,565.0
102.93925096441795,18.713569251485254,1184,1221.0
102.82821919530078,18.43275589366949,1185,691.0
103.13652100081059,18.622210587090297,1186,641.0
103.36963381703961,18.62490553294266,1187,958.0
102.57705024186096,18.48099542442671,1188,295.0
103.20389464711955,18.444613655419868,1189,270.0
102.81231901477186,18.81786365597153,1190,769.0
102.28976901399953,18.404458962219728,1191,224.0
103.26318345587144,18.455393438829304,1192,454.0
102.35687316572326,18.79576509998219,1193,289.0
103.13517352788442,18.958809324049884,1194,1903.0
103.39092388927324,18.875266002626766,1195,859.0
103.11361396106555,18.60334596612379,1196,909.0
102.77270331074219,18.892513656081864,1197,438.0
102.28249266019817,18.402572500123075,1198,264.0
103.4003561997565,18.449734052539352,1199,148.003
102.35390872528566,18.914881706656438,1200,278.0
102.43583507919737,18.87203206760394,1201,312.0
102.43098417666312,18.836458782352803,1202,286.0
103.30926702994678,18.891166183155683,1203,707.0
103.09555782385475,18.61682069538558,1204,579.0
102.5323141407118,19.083315822428847,1205,574.0
102.87834518815464,18.45242899839171,1206,620.0
102.67622424922776,18.649160045613883,1207,227.0
102.92793219183804,18.58771528018011,1208,680.0
102.96781739045295,18.72623549699134,1209,886.0
102.67191233586398,18.999772501005733,1210,922.0
102.9117625167239,18.96554668868078,1211,1104.0
103.39604428639272,18.59526112856671,1212,753.0
102.26497551215783,18.459166363022604,1213,238.0
103.24458832949017,18.79899903500502,1214,1108.0
102.81582244437993,18.57855246428209,1215,397.0
102.51102406847818,19.101102465054417,1216,299.003
102.98883796810135,18.749412031321622,1217,1117.0
103.38068309503429,18.538667265667183,1218,1355.0
102.30647767828415,19.092478638326867,1219,962.0
103.11765637984409,18.86071329502403,1220,1325.0
102.29542840028948,18.8965560748604,1221,389.0
103.02144681291489,18.801963475442616,1222,1033.0
102.771355837816,18.82972141772191,1223,481.0
102.94760529656025,18.900059504468466,1224,619.0
102.62798471847053,18.658592356097138,1225,208.031
102.26147208254977,18.611969792851337,1226,208.0
103.42568869076867,18.641344702642044,1227,1671.0
102.20999861676972,18.903293439491296,1228,418.0
102.59726233575364,18.90760535285507,1229,585.0
103.05189970104654,18.457279900925954,1230,479.0
102.70425168609228,18.976056977504978,1231,985.0
102.56950439347435,18.978212934186864,1232,652.0
102.5743552960086,18.978751923357336,1233,567.0
103.19877425000008,18.69308766300733,1234,485.0
103.42461071242772,19.094095605838284,1235,909.0
102.41643146906038,19.084393800769792,1236,300.0
103.23946793237069,18.517646688018786,1237,1342.0
102.64604085568133,18.526270514746333,1238,208.021
102.79561035048724,18.48881076739855,1239,886.0
102.51587497101242,18.7469865800545,1240,212.0
103.04731829309753,19.041274667132054,1241,1092.0
102.91796089218431,18.959887302390825,1242,1118.0
103.20847605506857,19.05986979351333,1243,1093.0
103.05109121729083,18.804388926709738,1244,1206.0
102.22050890559392,18.74051871000884,1245,284.0
102.34339843646147,18.879847410575778,1246,405.0
102.22239536769057,18.506866904609353,1247,225.001
103.26237497211574,18.78148188696469,1248,1320.0
103.3545421202664,18.559957337900816,1249,478.0
103.42056829364918,18.75534091219681,1250,445.0
103.44832623592848,18.918385136264504,1251,623.0
102.57839771478713,18.85424542497837,1252,299.0
103.36532190367583,19.05528838556432,1253,337.0
102.2436854399242,18.974440009993565,1254,608.0
103.14649230046432,18.75614939595252,1255,1629.0
103.01336197535781,18.842387663227992,1256,1059.0
103.3297486184247,18.681768890427424,1257,595.0
102.22455132437246,18.41604722938487,1258,545.0
102.49647136087543,19.013516724852764,1259,793.0
102.52584627066615,18.60199849319761,1260,295.0
103.4356599904224,18.466173222238737,1261,156.0
102.37546829210454,18.579091453452563,1262,373.0
102.79641883424294,18.74186618293502,1263,307.0
103.20658959297192,18.967972139947904,1264,1663.0
103.2268016868646,19.035345786256865,1265,1483.0
103.06187100070026,18.958539829464648,1266,1731.0
103.44724825758753,18.947490551469976,1267,413.0
103.1305921199354,18.589332247691523,1268,671.0
102.5112935630634,18.63191239215879,1269,671.0
102.5810926606395,18.980907880039222,1270,527.0
103.19257587453966,18.599842536515723,1271,400.0
102.78159663205497,18.870415100092522,1272,335.006
103.0982527697071,18.910030804122194,1273,1448.0
102.48676955580694,18.62194109250506,1274,181.001
102.20945962759924,18.85424542497837,1275,335.0
102.29812334614185,18.594722139396243,1276,297.0
102.98075313054427,18.617898673726526,1277,592.0
103.12358526071928,18.8041194321245,1278,1226.0
102.514258003501,18.763964738924358,1279,212.001
102.60992858125974,18.563191272923646,1280,208.038
103.25698508041103,18.97417051540833,1281,1172.0
102.89694031453593,18.640805713471572,1282,503.0
102.88885547697885,18.509831345046948,1283,694.0
102.28033670351628,18.924044522554457,1284,622.0
103.42056829364918,18.969858602044553,1285,547.0
102.24314645075373,18.41523874562916,1286,432.0
102.92981865393469,18.94452611103238,1287,1240.0
102.26982641469208,18.561304810826996,1288,220.0
103.02036883457394,18.537858781911474,1289,229.001
103.34106739100461,18.837267266108512,1290,574.0
102.54848381582596,18.68473333086502,1291,208.006
103.33082659676565,18.84265715781323,1292,585.0
103.10849356394607,18.589062753106287,1293,486.0
102.5991487978503,18.68796726588785,1294,223.0
103.07399825703588,18.7221930782128,1295,1219.0
102.89208941200167,18.996269071397666,1296,680.0
102.63633905061285,18.545674124883316,1297,208.049
102.88319609068888,18.6011900094419,1298,435.0
103.00581612697121,18.457279900925954,1299,444.0
102.40511269648049,18.54459614654237,1300,201.0
102.88481305820031,18.406345424316378,1301,778.0
102.94652731821931,18.86394723004686,1302,825.0
103.25186468329154,19.019445605727952,1303,1110.0
102.55117876167832,18.605771417390912,1304,208.003
103.36774735494296,18.52519253640539,1305,1212.0
103.06294897904121,18.84831654410318,1306,1327.0
102.48380511536935,18.952341454004223,1307,367.0
103.14137190334485,18.46913766267633,1308,461.0
102.34258995270577,18.613856254947986,1309,648.0
102.5277327327628,18.732433872451765,1310,211.0
103.2184473547223,18.819480623482946,1311,1733.0
102.60426919496977,18.690662211740207,1312,238.0
102.6554731661646,18.81328224802252,1313,491.0
102.3827446459059,18.554836940781335,1314,186.0
103.13032262535017,18.420089648163405,1315,185.0
103.37691017084099,18.514951742166428,1316,899.0
103.40062569434174,18.593374666470062,1317,807.0
102.84438887041493,18.752376471759217,1318,408.0
102.51587497101242,18.80600589422115,1319,358.0
103.33998941266367,18.85155047912601,1320,831.0
102.48353562078411,18.4831513811086,1321,177.0
102.54659735372931,18.624366543772187,1322,208.013
102.21754446515632,19.071997049848942,1323,946.0
103.37367623581815,18.98575878257347,1324,803.0
103.01524843745446,18.827834955625256,1325,1293.0
102.20919013301402,18.99734704973861,1326,770.0
102.68646504346671,18.664790731557563,1327,281.0
102.83630403285785,18.81139578592587,1328,778.0
103.09501883468427,18.40688441348685,1329,255.0
102.2676704580102,18.75426293385587,1330,563.0
102.34151197436482,18.489888745739492,1331,384.0
102.70613814818893,18.474527554381048,1332,930.0
102.55171775084878,18.73728477498601,1333,216.0
102.5352785811494,18.84912502785889,1334,239.0
102.61666594589063,18.595530623151948,1335,208.046
103.09960024263329,19.095982067934933,1336,1507.0
102.84142442997734,18.51414325841072,1337,482.0
103.08908995380908,18.460513835948785,1338,566.0
102.46359302147667,18.759922320145822,1339,260.0
102.25230926665175,18.520880623041617,1340,226.0
103.19095890702823,18.565077735020296,1341,574.0
102.32722876134731,18.963929721169364,1342,310.0
103.17694518859598,18.656436399415252,1343,552.0
102.84088544080686,18.79064470286271,1344,674.0
103.22491522476795,18.624636038357423,1345,1072.0
103.27019031508758,18.5440571573719,1346,946.0
102.96781739045295,19.015133692364177,1347,801.0
103.16373995391942,18.754532428441106,1348,1071.0
103.11684789608837,18.565077735020296,1349,899.0
102.69724482687614,18.440571236641333,1350,678.0
103.17478923191409,18.9146122120712,1351,983.0
102.25230926665175,19.07361401736036,1352,1045.0
102.98533453849328,18.673953547455582,1353,954.0
103.42946161496197,18.476953005648173,1354,203.0
103.11307497189507,18.763156255168653,1355,1384.0
102.41643146906038,18.649160045613883,1356,227.0
103.42056829364918,18.991418168863422,1357,540.0
103.00985854574974,18.62517502752789,1358,596.0
102.71125854530841,18.97982990169828,1359,908.0
103.26264446670098,19.065798674388517,1360,834.0
103.28905493605409,18.715455713581903,1361,905.0
103.28097009849701,19.059600298928093,1362,524.0
103.02791468296054,19.016750659875594,1363,1507.0
102.21484951930397,18.990340190522478,1364,618.0
102.69967027814327,18.732433872451765,1365,1113.0
103.30899753536154,18.52707899850204,1366,1260.0
102.27009590927732,19.0852022845255,1367,1459.0
103.28635999020173,18.900059504468466,1368,748.0
102.73874699300247,18.57774398052638,1369,208.052
102.7352435633944,18.74186618293502,1370,797.0
102.49781883380162,18.933476833037712,1371,412.0
102.78510006166304,18.57666600218544,1372,297.0
102.20730367091737,19.02591347577361,1373,728.0
102.24018201031613,18.903293439491296,1374,415.0
103.13652100081059,18.639997229715867,1375,803.0
102.6818836355177,18.647273583517233,1376,220.0
102.56707894220723,18.437337301618502,1377,214.0
102.92119482720715,18.782290370720396,1378,633.0
102.4999747904835,18.982255352965403,1379,775.0
103.08100511625202,18.9461430785438,1380,1386.0
102.23748706446378,18.424940550697652,1381,437.0
103.13625150622536,18.88820174271809,1382,1503.0
102.2474583641175,18.83403333108568,1383,544.0
103.22922713813173,18.603076471538554,1384,581.0
103.4335040337405,18.62005463040841,1385,1642.0
102.50832912262581,18.993574125545308,1386,766.0
102.81097154184567,18.552141994928977,1387,233.0
102.55818562089445,18.94533459478809,1388,923.0
102.21727497057108,18.693357157592565,1389,274.0
103.42326323950155,18.525462030990624,1390,1218.0
102.72608074749638,18.950724486492806,1391,439.0
102.30647767828415,18.836189287767567,1392,284.0
102.5638450071844,19.101102465054417,1393,299.005
102.9419459102703,18.45242899839171,1394,404.001
102.27117388761826,18.461861308874965,1395,349.0
103.1982352608296,18.42440156152718,1396,168.0
102.26659247966926,18.525462030990624,1397,230.0
102.69104645141573,18.893052645252336,1398,378.0
102.7239247908145,18.88550679686573,1399,1176.0
102.54147695660983,18.708448854365773,1400,210.0
102.28141468185723,18.60065102027143,1401,255.0
102.52207334647284,18.796843078323132,1402,287.0
103.1734417589879,18.759652825560586,1403,1239.0
102.21754446515632,18.794956616226482,1404,362.0
102.2684789417659,19.098407519202055,1405,1122.0
102.45658616226054,18.54270968444572,1406,216.0
103.00527713780073,19.07684795238319,1407,979.0
102.36280204659845,18.840501201131342,1408,367.0
102.3571426603085,18.447578095857462,1409,194.0
102.30513020535798,18.561304810826996,1410,217.0
102.71314500740506,18.843735136154173,1411,528.0
102.67999717342106,18.435720334107085,1412,940.0
103.21898634389277,18.56938964838407,1413,815.0
102.51856991686478,18.98818423384059,1414,966.0
103.40898002648404,18.47398856521058,1415,192.0
102.72419428539973,18.551603005758505,1416,208.047
102.42370782286176,18.445422139175577,1417,182.0
102.57678074727572,18.686350298376432,1418,388.0
102.82417677652224,18.80681437797686,1419,640.0
103.10633760726418,18.815438204704407,1420,1377.0
102.823907281937,18.819480623482946,1421,676.0
103.01767388872159,19.09867701378729,1422,851.0
102.995305838147,18.83484181484139,1423,996.0
103.05189970104654,18.461322319704493,1424,545.0
102.47652876156798,18.78471582198752,1425,247.0
102.23587009695237,18.423054088601,1426,424.0
102.65277822031223,18.9461430785438,1427,496.0
103.27881414181513,18.936441273475307,1428,1179.0
102.31590998876742,19.040735677961585,1429,917.0
102.40646016940666,18.60334596612379,1430,192.0
102.28222316561293,18.839423222790398,1431,335.0
103.11711739067361,18.451620514636,1432,497.0
103.37367623581815,19.00408441436951,1433,519.0
102.56923489888912,18.443535677078927,1434,214.0
102.41346702862279,18.721654089042328,1435,509.0
102.91149302213866,18.70548441392818,1436,1054.0
102.54551937538837,18.991148674278186,1437,1441.0
103.30522461116824,18.93293784386724,1438,906.0
102.52719374359232,18.868528637995873,1439,242.0
102.38624807551398,18.56103531624176,1440,188.0
102.49674085546067,18.925391995480638,1441,449.0
103.27746666888895,18.634607338011147,1442,483.0
103.25321215621773,18.941831165180023,1443,1134.0
102.68700403263719,18.8108567967554,1444,856.0
102.27036540386256,18.706292897683888,1445,279.0
103.43377352832574,18.90302394490606,1446,559.0
102.35633417655279,18.797112572908368,1447,307.0
103.33540800471465,18.69955553305299,1448,524.0
102.24988381538462,18.479378456915295,1449,225.0
103.21251847384711,18.506058420853645,1450,802.0
102.55279572918973,18.564538745849827,1451,208.002
102.481110169517,18.692009684666385,1452,789.0
103.2499782211949,18.534085857718175,1453,1117.0
102.8877774986379,18.72542701323563,1454,1161.0
103.19041991785777,18.78282935989087,1455,1748.0
102.92254230013333,18.522228095967797,1456,562.0
103.35588959319259,18.82567899894337,1457,518.0
103.02872316671625,19.051784955956254,1458,1014.0
102.80665962848191,18.597147590663365,1459,279.0
102.49162045834119,19.006779360221866,1460,743.0
103.19392334746583,19.036962753768282,1461,1378.0
102.76623544069653,18.918924125434977,1462,420.0
103.23919843778546,18.643770153909166,1463,880.0
103.41706486404112,18.46805968433539,1464,159.001
103.18664699366447,18.505249937097936,1465,588.0
102.76704392445224,18.485846326960957,1466,815.0
103.39604428639272,18.859365822097853,1467,567.0
103.38903742717659,18.466981705994446,1468,182.0
102.35148327401855,18.576396507600204,1469,214.0
102.95218670450927,18.4335643774252,1470,387.001
102.42801973622552,18.939944703083373,1471,290.0
103.01039753492022,18.87580499179724,1472,1071.0
103.2003912175115,18.86987611092205,1473,1601.0
102.20784266008783,18.619246146652703,1474,303.0
102.88535204737077,18.723271056553745,1475,1211.0
102.23883453738996,18.579899937208268,1476,281.0
102.41158056652614,19.056905353075734,1477,609.0
103.41221396150688,18.912456255389316,1478,894.0
103.01336197535781,18.50632791543888,1479,572.0
103.32355024296427,19.07415300653083,1480,559.0
102.56519248011058,18.759922320145822,1481,427.0
102.32507280466542,18.63972773513063,1482,186.001
102.47383381571562,18.812204269681576,1483,373.0
102.84304139748875,18.744830623372614,1484,735.0
102.80450367180002,18.769893619799547,1485,929.0
102.41939590949798,18.87957791599054,1486,247.0
102.55387370753067,18.889279721059033,1487,466.0
102.2541957287484,18.74779506381021,1488,235.0
102.5562991587978,18.645926110591056,1489,208.005
102.88966396073455,18.936441273475307,1490,998.0
103.1898809286873,18.57451004550355,1491,441.0
102.87457226396134,19.06364271770663,1492,950.0
102.20865114384354,18.736206796645067,1493,248.0
103.18718598283493,18.67880444998983,1494,444.0
102.54093796743935,18.416855713140578,1495,168.001
103.36963381703961,18.580169431793504,1496,496.0
102.59645385199794,18.452698492976946,1497,200.0
102.89505385243926,18.804388926709738,1498,1201.0
102.96269699333347,18.85882683292738,1499,1193.0
102.25311775040745,19.01243874651182,1500,715.0
102.48299663161364,18.896286580275163,1501,279.0
102.4067296639919,18.626253005868836,1502,225.0
103.42164627199013,18.520880623041617,1503,1089.0
102.6923939243419,18.528695966013455,1504,208.044
103.16239248099323,18.654549937318603,1505,539.0
102.84789230002299,18.902484955735588,1506,470.0
103.1801791236188,18.82379253684672,1507,1254.0
102.27925872517534,19.064181706877104,1508,1008.0
103.37529320332956,19.026452464944082,1509,369.0
103.2936363440031,19.0032759306138,1510,1063.0
102.27710276849345,18.870145605507286,1511,416.0
103.17128580230602,19.031572862063566,1512,1260.0
102.87753670439893,18.87391852970059,1513,630.0
102.72203832871784,18.645117626835347,1514,282.0
102.4067296639919,18.883350840183844,1515,246.0
102.23587009695237,19.033459324160216,1516,527.0
102.82471576569272,18.866372681313983,1517,675.0
103.00958905116451,18.99923351183526,1518,1454.0
102.63202713724907,18.818941634312473,1519,621.0
102.6630190145512,18.667216182824685,1520,461.0
102.40969410442949,18.61951564123794,1521,250.0
102.86729591015998,18.450542536295057,1522,469.0
103.31250096496962,18.845352103665586,1523,710.0
103.07426775162111,19.079273403650312,1524,1636.0
102.39379392390057,19.0746919957013,1525,1229.0
102.81878688481753,18.824601020602426,1526,648.0
103.22626269769414,18.705214919342943,1527,814.0
102.61558796754969,19.07145806067847,1528,1144.0
103.37879663293764,18.708179359780537,1529,497.0
102.79803580175437,18.82433152601719,1530,692.0
102.30782515121034,18.60388495529426,1531,227.0
102.36495800328034,18.71572520816714,1532,260.0
102.50051377965397,18.45620192258501,1533,189.0
102.38301414049114,18.90517990158795,1534,292.0
103.047857282268,18.977943439601628,1535,1326.0
102.89128092824596,18.725696507820867,1536,995.0
103.28609049561649,18.447039106686994,1537,172.0
102.74413688470719,18.427096507379538,1538,1018.0
102.84681432168205,18.74968152590686,1539,455.0
102.56950439347435,18.438954269129916,1540,211.0
102.30270475409085,18.793070154129833,1541,345.0
102.36441901410987,18.552680984099446,1542,201.0
103.1650874268456,18.519802644700672,1543,1070.0
102.33342713680774,19.017828638216535,1544,849.0
103.39200186761418,19.085741273695973,1545,775.0
102.73308760671252,18.727582969917517,1546,1049.0
102.34043399602388,18.917307157923563,1547,917.0
102.22131738934962,18.84831654410318,1548,363.0
102.79776630716913,18.96500769951031,1549,335.01
102.2218563785201,18.486924305301898,1550,220.0
103.3545421202664,18.826756977284315,1551,532.0
102.59780132492412,18.637032789278273,1552,208.029
102.78536955624827,18.575049034674024,1553,301.0
103.26129699377479,18.523036579723502,1554,1076.0
102.93790349149177,18.503363475001287,1555,404.003
103.3680168495282,18.8679896488254,1556,1028.0
103.44967370885466,18.450812030880293,1557,159.0
102.77485926742408,18.95961780780559,1558,706.0
102.56276702884345,18.70979632729195,1559,214.001
103.18449103698258,18.486115821546193,1560,357.0
102.73308760671252,18.926739468406815,1561,335.009
102.22751576481005,18.55510643536657,1562,249.0
103.3747542141591,18.49339217534756,1563,446.0
103.2499782211949,19.09032268164498,1564,788.0
102.31240655915934,19.01486419777894,1565,464.0
102.80342569345908,18.592566182714354,1566,310.0
103.41517840194447,18.500129539978456,1567,696.0
102.43367912251549,18.903562934076533,1568,434.0
102.52072587354667,19.012708241097055,1569,671.0
103.18206558571545,18.727852464502753,1570,642.0
102.84277190290351,18.589062753106287,1571,404.0
102.28087569268675,19.01971510031319,1572,803.0
103.08370006210437,19.084393800769792,1573,1923.0
102.35525619821185,19.013786219438,1574,1355.0
103.43835493627475,18.7574968688787,1575,499.0
102.79048995336775,18.588523763935818,1576,419.0
103.35023020690262,18.70063351139393,1577,469.0
102.95811558538446,18.779595424868038,1578,1016.0
102.44203345465779,18.727313475332284,1579,457.0
102.46790493484043,19.088166724963095,1580,401.0
102.22751576481005,18.99411311471578,1581,497.0
103.18799446659064,18.63838026220445,1582,775.0
103.17775367235168,19.041813656302526,1583,964.0
103.35858453904494,18.560496327071288,1584,487.0
103.43916342003047,18.517916182604022,1585,1138.0
103.44940421426942,19.029686399966913,1586,395.0
103.3583150444597,18.8822728618429,1587,1121.0
103.12142930403739,18.654280442733366,1588,725.0
102.80692912306715,18.4087708755835,1589,931.0
103.13598201164012,18.775283511504266,1590,1500.0
102.90745060336012,18.785524305743227,1591,966.0
102.77351179449789,18.995730082227197,1592,996.0
103.0448928418304,18.663712753216622,1593,514.0
102.72149933954738,18.51872466635973,1594,399.0
102.98937695727182,18.61116130909563,1595,296.0
102.64038146939139,18.799538024175494,1596,470.0
103.16158399723753,18.753184955514925,1597,1171.0
103.17128580230602,18.84400463073941,1598,1627.0
102.64765782319274,18.81516871011917,1599,417.0
103.0907069213205,19.100024486713473,1600,1699.0
102.25769915835647,18.41469975645869,1601,355.0
102.87565024230229,18.572893077992138,1602,493.0
102.7163789424279,18.769893619799547,1603,1174.0
102.61316251628256,18.899520515297993,1604,943.0
103.04165890680757,18.517107698848314,1605,731.0
102.27413832805586,18.938597230157193,1606,752.0
102.51722244393859,18.79253116495936,1607,292.0
102.59106396029323,18.844274125324645,1608,377.0
103.00150421360743,19.055827374734793,1609,1020.0
103.0486657660237,18.92916491967394,1610,1756.0
102.8953233470245,18.894400118178513,1611,980.0
102.4067296639919,18.862599757120684,1612,328.0
103.22437623559749,18.715455713581903,1613,571.0
102.24503291285038,19.08008188740602,1614,811.0
102.2579686529417,18.478839467744823,1615,218.0
103.10472063975277,18.6793434391603,1616,397.0
102.62232533218058,19.02672195952932,1617,534.0
102.67406829254587,18.67287556911464,1618,504.0
102.78833399668586,18.64296167015346,1619,1006.0
103.20982352799474,18.992496147204367,1620,1199.0
103.28851594688362,18.522228095967797,1621,999.0
102.94167641568507,18.96366022658413,1622,1183.0
102.66706143332974,18.6973995763711,1623,1192.0
102.75087424933808,18.821367085579595,1624,500.0
103.39038490010277,18.86610318672875,1625,792.0
102.51183255223388,18.637302283863505,1626,585.0
103.3801441058638,18.518994160944967,1627,1035.0
102.45362172182294,19.066607158144226,1628,686.0
103.09043742673526,18.491775207836145,1629,641.0
103.17317226440267,18.548908059906147,1630,330.0
102.55306522377496,18.52788748225775,1631,208.0
103.16859085645366,18.70063351139393,1632,472.0
102.26362803923166,18.86987611092205,1633,388.0
103.04246739056327,18.969858602044553,1634,1598.0
103.33621648847037,18.84265715781323,1635,596.0
103.16589591060131,18.69174019008115,1636,496.0
103.11576991774743,18.72111509987186,1637,1193.0
102.9915329139537,18.934015822208185,1638,995.0
103.25887154250768,18.883889829354317,1639,930.0
102.58055367146902,18.737015280400772,1640,217.0
103.10660710184942,18.684194341694546,1641,604.0
102.91688291384337,19.05474939639385,1642,767.0
102.81366648769804,18.794956616226482,1643,724.0
102.2932724436076,18.43167791532855,1644,303.0
102.92927966476422,18.62194109250506,1645,695.0
102.30728616203986,19.04370011839918,1646,945.0
102.86136702928479,18.938597230157193,1647,1450.0
102.76839139737841,18.461322319704493,1648,1467.0
102.8592110726029,18.783637843646577,1649,679.0
102.2361395915376,19.009474306074225,1650,787.0
103.19230637995442,18.66182629111997,1651,468.0
103.39900872683032,18.668024666580394,1652,985.0
102.33073219095539,18.647273583517233,1653,222.0
103.0448928418304,18.89008820481474,1654,1165.001
102.34771034982525,18.537319792741005,1655,440.0
102.24449392367991,18.532468890206758,1656,239.0
102.58756053068515,18.86394723004686,1657,390.0
102.9193083651105,18.636224305522564,1658,563.0
102.44688435719203,18.901406977394647,1659,236.0
103.14298887085626,18.961234775317006,1660,2048.0
102.51776143310907,18.667755171995157,1661,310.0
102.21053760594019,18.738362753326953,1662,274.0
102.79426287756105,18.440301742056096,1663,1258.0
102.36900042205887,18.699286038467754,1664,740.0
102.64442388816992,18.696860587200632,1665,374.0
102.79102894253823,18.84589109283606,1666,335.005
102.88589103654125,18.622480081675533,1667,470.0
102.96835637962342,18.98171636379493,1668,1252.0
102.77081684864554,19.05528838556432,1669,1398.0
103.05432515231367,18.783907338231813,1670,1145.0
102.41400601779327,18.58367286140157,1671,212.0
103.42946161496197,18.573162572577374,1672,883.0
103.16050601889658,18.44326618249369,1673,256.0
103.13517352788442,19.02214055158031,1674,1270.0
103.41517840194447,18.611969792851337,1675,1938.0
103.03168760715384,19.011899757341347,1676,1489.0
102.35498670362661,18.84265715781323,1677,292.0
103.34564879895362,18.870954089262995,1678,1060.0
102.30782515121034,18.60065102027143,1679,210.0
102.2865350789767,18.888471237303325,1680,372.0
103.43862443085999,18.687697771302613,1681,317.0
102.45577767850482,18.929434414259173,1682,244.0
102.76515746235559,19.07873441447984,1683,1617.0
103.34187587476032,18.73863224791219,1684,756.0
102.49054248000024,18.94344813269144,1685,356.0
102.3210303858869,18.99734704973861,1686,347.0
103.18934193951682,18.72300156196851,1687,627.0
103.34888273397645,18.536511308985297,1688,1117.0
103.29040240898027,19.038040732109224,1689,878.0
102.29488941111902,18.399877554270716,1690,148.045
103.34591829353886,19.043430623813943,1691,384.0
102.38867352678109,18.87823044306436,1692,554.0
102.40565168565095,18.664521236972327,1693,329.0
102.2962368840452,18.678265460819357,1694,261.0
102.53096666778562,18.797112572908368,1695,272.0
103.34214536934556,18.696052103444924,1696,454.0
102.69266341892714,18.87203206760394,1697,493.0
103.02656721003437,18.416316723970105,1698,327.0
103.11388345565078,18.545674124883316,1699,277.0
102.48757803956265,18.676378998722704,1700,512.0
102.58836901444086,18.440571236641333,1701,195.0
103.07238128952446,18.726504991576576,1702,1202.0
102.31159807540364,18.865025208387806,1703,333.0
103.07992713791107,18.552680984099446,1704,250.0
102.46655746191426,18.548099576150438,1705,196.0
102.7923764154644,18.55510643536657,1706,278.0
102.41885692032751,18.81732466680106,1707,242.0
102.22320385144627,19.00570138188092,1708,466.0
102.31752695627883,18.805197410465446,1709,284.0
103.09717479136616,18.46671221140921,1710,552.0
103.37502370874432,18.53624181440006,1711,1451.0
102.83522605451691,18.685272320035487,1712,1504.0
102.9936888706356,18.537589287326238,1713,228.0
103.40978851023975,18.65724488317096,1714,1078.0
102.24099049407184,18.912725749974552,1715,528.0
102.5848655848328,18.706292897683888,1716,375.0
103.07238128952446,18.662634774875677,1717,363.0
103.15673309470328,18.744561128787378,1718,1314.0
102.84897027836394,18.744561128787378,1719,563.0
103.36882533328391,18.820019612653418,1720,591.0
102.61154554877115,19.071997049848942,1721,1091.0
103.4326955499848,18.40041654344119,1722,154.0
102.72042136120643,18.40418946763449,1723,1057.0
103.41383092901829,18.78660228408417,1724,379.0
103.41248345609212,19.02537448660314,1725,323.0
103.04516233641564,19.016750659875594,1726,1999.0
102.81204952018662,18.655627915659544,1727,789.0
102.64900529611893,19.067415641899935,1728,1596.0
102.49781883380162,18.60199849319761,1729,181.0
102.6894294839043,18.42763549655001,1730,864.0
102.80450367180002,18.401494521782134,1731,825.0
103.00851107282357,18.440301742056096,1732,342.0
102.41454500696373,18.546482608639025,1733,189.0
103.25051721036536,18.428982969476188,1734,165.0
102.38624807551398,18.80816185090304,1735,246.0
102.54093796743935,18.819480623482946,1736,372.0
102.6802666680063,18.526001020161097,1737,208.04
102.62582876178865,18.851819973711248,1738,756.0
102.21431053013349,18.628139467965486,1739,241.0
102.78078814829927,18.913803728315496,1740,335.008
102.37331233542265,19.070919071508,1741,1185.0
103.40143417809745,18.60065102027143,1742,906.0
102.4369130575383,18.505249937097936,1743,177.001
102.73335710129776,18.755071417611575,1744,951.0
103.41571739111494,18.487193799887134,1745,545.0
102.69697533229092,19.011899757341347,1746,902.0
103.06779988157545,18.794148132470774,1747,1168.0
102.2579686529417,18.835380804011862,1748,542.0
102.44769284094775,18.621132608749356,1749,188.0
102.75195222767903,18.442457698737982,1750,1397.0
103.16104500806706,18.842926652398464,1751,1535.0
103.21709988179612,18.860443800438794,1752,1338.0
102.81797840106181,18.705753908513415,1753,1123.0
103.10714609101989,18.937788746401488,1754,1255.0
103.05459464689889,18.572354088821665,1755,261.0
102.83603453827261,18.731894883281292,1756,534.0
102.85678562133577,18.6259835112836,1757,326.0
103.04300637973375,18.688506255058318,1758,863.0
102.47329482654516,18.73216437786653,1759,645.0
103.40951901565452,18.61628170621511,1760,1670.0
102.36010710074609,18.95584488361229,1761,977.0
103.3831085463014,18.564538745849827,1762,473.0
103.08666450254196,18.681229901256952,1763,361.0
103.00446865404503,18.844274125324645,1764,1307.0
102.90259970082587,18.75857484721964,1765,754.0
103.15053471924286,18.99734704973861,1766,2254.0
103.03546053134716,18.828643439380965,1767,1499.0
103.09690529678092,18.8822728618429,1768,1210.0
103.22761017062031,18.50390246417176,1769,1132.0
102.93466955646893,18.811126291340635,1770,831.0
102.9125710004796,18.8289129339662,1771,638.0
102.43960800339067,18.775283511504266,1772,262.0
102.89694031453593,18.769354630629078,1773,784.0
102.88535204737077,19.093826111253048,1774,880.0
103.10849356394607,18.752376471759217,1775,1591.0
102.78051865371403,18.605771417390912,1776,882.0
102.7276977150078,18.730816904940347,1777,1029.0
102.33962551226817,18.537589287326238,1778,235.0
103.02441125335248,18.783098854476105,1779,1235.0
102.82687172237459,19.02726094869979,1780,837.0
102.60480818414025,18.891705172326155,1781,1045.0
102.89370637951309,18.758844341804878,1782,905.0
102.20272226296835,18.554836940781335,1783,280.0
102.2676704580102,18.518455171774495,1784,227.0
102.2962368840452,18.461322319704493,1785,486.0
102.28330114395388,18.703867446416762,1786,214.0
102.50832912262581,18.40769289724256,1787,171.0
102.6150489783792,18.73917123708266,1788,240.0
102.52315132481378,18.456471417170246,1789,212.0
102.59187244404893,18.548099576150438,1790,208.034
102.86352298596667,18.545943619468552,1791,247.0
102.58648255234421,18.88685426979191,1792,460.0
102.38840403219585,19.05205445054149,1793,759.0
102.42532479037317,18.535972319814825,1794,183.0
102.65735962826125,18.536780803570533,1795,208.033
102.68889049473384,18.6402667243011,1796,208.058
102.61558796754969,18.456471417170246,1797,215.0
102.82282930359605,18.94263964893573,1798,1218.0
102.36711395996223,18.628408962550722,1799,235.0
102.9163439246729,18.462130803460198,1800,578.0
102.47302533195992,18.626522500454072,1801,198.0
102.3331576422225,18.949107518981393,1802,297.0
103.14002443041866,18.700094522223463,1803,767.0
102.67433778713111,18.984141815062053,1804,399.0
102.70155674023992,18.62086311416412,1805,259.0
103.19176739078395,18.918115641679268,1806,899.0
103.00985854574974,18.95773134570894,1807,1286.0
102.3541782198709,18.75210697717398,1808,221.0
102.2541957287484,18.463747770971615,1809,220.0
103.35562009860735,18.761539287657236,1810,1043.0
103.24512731866065,18.742135677520256,1811,945.0
102.84977876211964,19.09355661666781,1812,797.0
103.1260107119864,19.016211670705122,1813,1455.0
102.70290421316611,19.049898493859605,1814,1366.0
102.35822063864944,18.52330607430874,1815,301.0
103.04273688514851,18.47506654355152,1816,579.0
103.29687027902592,18.445691633760813,1817,160.0
102.69428038643855,19.07684795238319,1818,1117.0
102.89855728204734,19.069841093167057,1819,607.0
102.76407948401464,18.93832773557196,1820,345.0
102.73335710129776,19.0032759306138,1821,605.0
103.13948544124818,18.531390911865817,1822,931.0
103.24270186739352,18.865025208387806,1823,1246.0
102.7163789424279,19.075769974042245,1824,1339.0
103.29255836566216,18.65913134526761,1825,919.0
103.31061450287297,18.731625388696056,1826,847.0
103.09205439424667,18.6364938001078,1827,586.0
103.14891775173145,18.75345445010016,1828,1368.0
103.39523580263702,18.62409704918695,1829,1711.0
102.90583363584871,18.73054741035511,1830,913.0
102.61585746213493,18.64161419722728,1831,225.0
102.71691793159836,18.464556254727324,1832,1045.0
103.07292027869494,18.444883150005104,1833,408.0
103.03114861798338,18.637302283863505,1834,336.001
102.2113460896959,18.941022681424318,1835,882.0
102.49889681214256,18.805466905050682,1836,415.0
103.12439374447499,18.466173222238737,1837,462.0
103.21871684930753,18.572354088821665,1838,629.0
102.47302533195992,18.609005352413742,1839,197.0
103.43997190378617,18.828104450210493,1840,422.0
102.74710132514478,18.864216724632097,1841,603.0
103.14352786002672,18.850741995370306,1842,1741.0
102.85193471880153,18.796304089152663,1843,845.0
102.89397587409833,18.709257338121482,1844,1089.0
103.25994952084862,18.679612933745535,1845,1290.0
103.27423273386611,19.090592176230217,1846,675.0
103.1486482571462,18.68904524422879,1847,540.0
102.8621755130405,18.615473222459404,1848,293.0
103.14649230046432,18.85316744663743,1849,1679.0
102.39163796721868,18.617359684556053,1850,186.0
103.0990612534628,18.63514632718162,1851,541.0
103.357506560704,18.462939287215907,1852,215.0
102.7961493396577,18.582055893890157,1853,333.0
102.5285412165185,18.428174485720483,1854,176.0
103.07804067581442,18.96878062370361,1855,1635.0
102.36361053035417,18.55645390829275,1856,197.0
103.03842497178475,18.427366001964774,1857,403.0
102.48434410453983,18.801424486272143,1858,310.0
102.82687172237459,18.91218676080408,1859,452.0
102.85166522421629,18.88954921564427,1860,406.0
102.39163796721868,18.718150659434265,1861,778.0
103.40655457521693,18.543248673616194,1862,928.0
103.15969753514088,18.6831163633536,1863,548.0
102.7840220833221,19.070919071508,1864,1359.0
103.33082659676565,18.602806976953318,1865,601.0
102.79561035048724,18.54621311405379,1866,240.0
103.30738056785013,18.914073222900733,1867,814.0
103.31762136208908,18.77366654399285,1868,1210.0
103.28123959308225,18.820019612653418,1869,987.0
103.16535692143083,18.647812572687705,1870,444.0
103.13679049539583,18.726774486161812,1871,1169.0
102.44149446548732,18.90760535285507,1872,355.0
103.41194446692164,18.53812827649671,1873,1082.0
102.48542208288076,18.815707699289643,1874,284.0
102.6344525885162,18.51737719343355,1875,222.0
103.02710619920484,18.77097159814049,1876,905.0
102.69805331063186,18.44326618249369,1877,567.0
102.22428182978722,18.82325354767625,1878,475.0
102.47491179405657,19.0604087826838,1879,735.0
102.33100168554063,18.70737087602483,1880,220.0
102.55063977250785,18.47964795150053,1881,277.0
102.46979139693708,18.703597951831526,1882,679.0
102.59537587365699,18.72866094825846,1883,331.0
103.15996702972612,19.03238134581927,1884,1788.0
102.40861612608855,18.439762752885624,1885,187.0
102.56492298552534,18.874727013456297,1886,251.0
103.0621404952855,18.52465354723492,1887,692.0
103.37987461127858,19.055018890979085,1888,387.0
102.36226305742798,18.46859867350586,1889,202.0
102.8982877874621,18.94425661644715,1890,1203.0
102.41265854486709,18.463747770971615,1891,184.001
102.60319121662883,18.578821958867326,1892,223.0
103.43916342003047,18.40176401636737,1893,153.0
103.01659591038064,18.956653367367995,1894,1398.0
102.89694031453593,18.973631526237856,1895,962.0
103.36666937660202,18.855053908734078,1896,812.0
103.02791468296054,18.51656870967784,1897,667.0
102.58082316605426,18.72030661611615,1898,279.0
103.4297311095472,19.061756255609982,1899,543.0
103.19230637995442,18.4583578792669,1900,394.0
102.62151684842487,18.884428818524785,1901,1222.0
103.11603941233267,18.515221236751664,1902,930.0
102.39002099970727,18.781212392379455,1903,262.0
102.71476197491648,19.02214055158031,1904,777.0
102.94302388861125,18.442457698737982,1905,404.0
103.26749536923522,18.773127554822377,1906,1644.0
102.5856740685885,19.00138946851715,1907,1057.0
103.10418165058229,18.955575389027054,1908,1320.0
103.11873435818502,18.937788746401488,1909,1395.0
102.22131738934962,18.905988385343655,1910,531.0
103.16185349182277,18.985489287988234,1911,2431.0
103.06456594655262,18.41011834850968,1912,293.0
102.87295529644993,19.013786219438,1913,497.0
102.46305403230619,18.766659684776716,1914,271.0
102.40457370731,18.443805171664163,1915,204.0
103.07130331118351,18.816785677630588,1916,1074.0
102.39325493473011,18.513065280069778,1917,214.0
103.02414175876724,18.435181344936613,1918,408.0
102.95676811245828,19.04046618337635,1919,856.0
102.81447497145375,18.660748312779027,1920,922.0
103.35993201197113,18.62733098420978,1921,857.0
102.23263616192953,18.544326651957135,1922,264.0
103.01309248077257,18.993843620130544,1923,1518.0
102.56627045845153,18.400686038026425,1924,148.034
102.67676323839822,18.544865641127608,1925,208.033
103.05755908733649,18.82837394479573,1926,1441.0
103.19554031497725,18.669372139506574,1927,446.0
102.77270331074219,18.96608567785125,1928,802.0
102.21943092725297,18.566694702531713,1929,265.0
102.20029681170124,19.05906130975762,1930,634.0
103.35184717441405,18.631373402988316,1931,752.0
102.97320728215766,18.731894883281292,1932,611.0
102.5894469927818,18.73027791576988,1933,306.0
103.2470137807573,18.723810045724218,1934,580.0
102.78267461039592,18.680960406671716,1935,666.0
102.64657984485181,18.626253005868836,1936,218.0
102.6840395921996,18.96015679697606,1937,500.0
103.23838995402974,18.756957879708228,1938,869.0
103.15188219216904,19.02726094869979,1939,1746.0
103.30468562199778,18.84265715781323,1940,862.0
102.95515114494687,19.081698854917434,1941,996.0
102.26793995259543,18.56938964838407,1942,224.0
103.36424392533489,18.80816185090304,1943,684.0
102.66248002538073,19.079003909065076,1944,1484.0
102.65682063909077,18.703328457246293,1945,708.0
103.33433002637372,18.541901200690013,1946,1108.0
102.92793219183804,18.454584955073596,1947,488.0
102.64819681236322,18.40230300553784,1948,289.0
102.70047876189898,18.476144521892465,1949,764.0
102.95595962870257,18.601459504027137,1950,706.0
102.2789892305901,18.563460767508882,1951,222.0
103.07857966498489,18.746447590884028,1952,1380.0
103.12412424988975,18.556723402877985,1953,892.0
102.70128724565468,18.42763549655001,1954,969.0
102.22023941100868,18.42952195864666,1955,340.0
102.79803580175437,18.76342574975389,1956,868.0
103.38256955713094,19.056096869320026,1957,496.0
102.65978507952836,18.947221056884743,1958,369.0
103.33783345598178,18.953419432345168,1959,1333.0
103.12843616325353,18.666677193654216,1960,721.0
102.64711883402228,18.681499395842188,1961,446.0
103.03761648802903,18.87311004594488,1962,1136.0
103.35777605528924,18.417394702311046,1963,154.001
103.08908995380908,18.714916724411435,1964,907.0
102.36603598162128,18.502824485830814,1965,213.0
102.69832280521709,19.03965769962064,1966,1129.0
102.69751432146138,18.568581164628363,1967,208.055
102.37600728127501,18.782559865305632,1968,256.0
102.2038002413093,18.67341455828511,1969,250.0
102.45685565684576,18.950724486492806,1970,261.0
102.93574753480988,19.069302103996584,1971,832.0
102.43960800339067,18.732972861622237,1972,528.0
103.05809807650697,18.852089468296484,1973,1205.0
102.64738832860752,18.47910896233006,1974,208.05
102.20433923047977,18.826756977284315,1975,529.0
102.30539969994321,18.810317807584926,1976,276.0
102.9869515060047,18.820828096409127,1977,1056.0
102.50779013345534,19.050437483030073,1978,522.0
102.20784266008783,18.521150117626853,1979,246.0
103.0936713617581,18.922158060457807,1980,1233.0
102.71152803989365,19.019445605727952,1981,776.0
103.1057986180937,18.46347827638638,1982,514.0
103.32274175920857,18.59930354734525,1983,707.0
102.34097298519434,18.93886672474243,1984,286.0
102.99557533273224,18.502824485830814,1985,656.0
102.64523237192563,18.76019181473106,1986,363.0
102.38382262424685,18.414430261873452,1987,211.0
102.90637262501917,19.08789723037786,1988,1080.0
103.13517352788442,18.900059504468466,1989,1384.0
103.09259338341715,18.886584775206675,1990,1150.0
103.12735818491258,19.056096869320026,1991,1442.0
102.26686197425448,18.900867988224174,1992,680.0
102.49754933921638,18.843735136154173,1993,260.0
103.33756396139654,18.90113748280941,1994,1338.0
103.33190457510659,18.63757177844874,1995,947.0
102.73416558505346,18.65993982902332,1996,209.0
102.83926847329545,18.502285496660342,1997,573.0
103.10957154228701,18.84831654410318,1998,1722.0
103.1470312896348,18.858557338342145,1999,1793.0
102.76839139737841,18.44596112834605,2000,1306.0
102.97239879840195,19.05528838556432,2001,912.0
102.98479554932281,18.53381636313294,2002,235.0
103.19527082039201,19.100024486713473,2003,818.0
102.58998598195228,18.504441453342228,2004,240.0
103.02063832915918,18.441649214982274,2005,449.0
103.36100999031207,18.77770896277139,2006,1466.0
103.00716359989738,19.055018890979085,2007,1032.0
102.64226793148804,18.62409704918695,2008,220.0
103.33459952095895,18.443805171664163,2009,156.003
102.85894157801766,19.070649576922765,2010,987.0
102.9155354409172,19.062834233950923,2011,720.0
102.92173381637762,18.894130623593277,2012,526.0
102.60157424911742,18.727043980747048,2013,346.0
102.38867352678109,18.882811851013372,2014,260.0
103.32543670506094,18.405267445975433,2015,159.0
103.13705998998107,18.560765821656524,2016,1125.0
102.42289933910605,19.01998459489842,2017,857.0
103.09421035092856,19.058791815172388,2018,1572.0
103.3995477160008,18.587445785594873,2019,636.0
102.54605836455883,18.988723223011064,2020,1473.0
102.75949807606563,18.81274325885205,2021,547.0
102.83980746246591,18.895478096519458,2022,410.0
102.84384988124445,18.793878637885538,2023,650.0
102.72931468251922,18.72488802406516,2024,1143.0
102.9705123363053,19.081698854917434,2025,612.0
103.26075800460433,18.958000840294176,2026,921.0
102.59321991697512,18.751298493418275,2027,230.0
102.2714433822035,19.09301762749734,2028,1202.0
102.3789717217126,18.51037033421742,2029,273.0
102.67083435752303,18.603076471538554,2030,208.034
103.34942172314692,18.896825569445635,2031,1258.0
102.88508255278555,19.09544307876446,2032,804.0
102.21458002471873,18.65481943190384,2033,382.0
102.99126341936847,18.983333331306348,2034,1425.0
103.17155529689126,18.97767394501639,2035,2107.0
102.21781395974156,18.701711489734876,2036,248.0
102.73955547675818,18.688775749643554,2037,211.0
102.41185006111138,18.652124486051477,2038,267.0
102.78375258873686,19.015403186949413,2039,912.0
102.94814428573073,18.71383874607049,2040,1184.0
102.67406829254587,19.01890661655748,2041,849.0
102.56330601801393,18.613047771192278,2042,208.004
103.17667569401074,18.519533150115436,2043,1118.0
102.65089175821558,18.541631706104777,2044,208.022
103.42784464745056,19.068763114826112,2045,771.0
102.34771034982525,18.62490553294266,2046,365.0
102.77755421327643,18.569928637554543,2047,275.0
103.42838363662102,18.707640370610065,2048,262.0
102.63175764266384,18.73863224791219,2049,262.0
103.2583325533372,18.441649214982274,2050,168.0
102.64361540441422,18.88739325896238,2051,935.0
102.74952677641191,18.885237302280494,2052,734.0
102.75895908689516,18.421437121089586,2053,972.0
102.38678706468444,18.640536218886336,2054,468.0
102.24260746158326,18.918924125434977,2055,597.0
102.23991251573091,18.862599757120684,2056,411.0
102.64388489899945,18.532468890206758,2057,208.022
102.4142755123785,18.81274325885205,2058,261.0
103.26587840172381,18.663443258631386,2059,900.0
102.99261089229465,18.40041654344119,2060,148.019
103.39793074848937,19.089244703304036,2061,685.0
102.21404103554826,19.096521057105406,2062,699.0
102.59402840073082,18.727582969917517,2063,342.0
103.4108664885807,19.04477809674012,2064,471.0
103.00419915945979,18.571545605065957,2065,240.0
102.2210478947644,18.624636038357423,2066,349.0
102.2781807468344,19.07226654443418,2067,1071.0
103.4491347196842,18.63514632718162,2068,1348.0
102.45820312977195,18.670180623262283,2069,600.0
102.39460240765628,18.605501922805676,2070,236.0
102.49862731755732,18.412543799776802,2071,172.0
102.45658616226054,18.448117085027935,2072,175.0
103.31789085667432,18.43598982869232,2073,148.006
102.82471576569272,18.764773222680066,2074,708.0
102.91688291384337,18.665868709898508,2075,1061.0
103.09474934009904,19.071997049848942,2076,1618.0
102.3579511440642,18.61493423328893,2077,706.0
103.08855096463861,18.450003547124588,2078,470.0
102.62448128886247,18.637032789278273,2079,220.0
102.32291684798355,18.459166363022604,2080,337.0
102.95569013411733,18.515221236751664,2081,598.0
102.2054172088207,18.582864377645862,2082,439.0
102.26443652298737,18.63245138132926,2083,203.0
103.08935944839432,18.604154449879495,2084,496.0
102.69724482687614,18.61762917914129,2085,208.059
102.72311630705879,18.49851257246704,2086,1101.0
102.49135096375595,18.541901200690013,2087,185.0
102.29650637863043,18.624636038357423,2088,216.0
102.41508399613421,19.096521057105406,2089,611.0
102.91849988135479,18.848047049517945,2090,556.0
103.38634248132423,18.97982990169828,2091,789.0
103.06079302235932,18.985489287988234,2092,1527.0
102.64631035026657,18.984141815062053,2093,709.0
102.64065096397663,18.547560586979966,2094,208.049
103.29794825736687,18.511717807143597,2095,905.0
103.37367623581815,18.70144199514964,2096,495.0
103.06860836533116,18.6507770131253,2097,328.0
102.76354049484416,18.958809324049884,2098,519.0
103.35238616358451,18.869606616336814,2099,1130.0
102.58890800361134,18.71249127314431,2100,300.0
102.61612695672015,18.77097159814049,2101,552.0
102.9087980762863,18.67610950413747,2102,1100.0
102.78267461039592,18.663982247801858,2103,968.0
103.26776486382046,18.53705029815577,2104,1422.0
103.15188219216904,18.670180623262283,2105,862.0
102.56734843679247,18.543787662786663,2106,208.009
103.02710619920484,18.95314993775993,2107,1524.0
102.24206847241278,18.784985316572754,2108,377.0
102.55171775084878,18.47910896233006,2109,266.0
103.43889392544523,19.09355661666781,2110,873.0
102.63957298563568,19.017289649046063,2111,846.0
102.98210060347046,18.88820174271809,2112,1520.0
103.13652100081059,19.02726094869979,2113,1173.0
102.94733580197503,18.50956185046171,2114,538.0
102.65008327445987,18.901406977394647,2115,779.0
102.73659103632059,18.519533150115436,2116,342.0
102.24826684787321,18.80492791588021,2117,516.0
103.20335565794909,18.807353367147332,2118,1356.0
102.60184374370266,18.900867988224174,2119,646.0
102.98883796810135,18.772049576481436,2120,745.0
103.41329193984782,19.050976472200546,2121,482.0
103.10822406936083,18.71788116484903,2122,1141.0
102.98910746268658,18.834572320256154,2123,995.0
102.49889681214256,18.54971654366185,2124,181.0
102.99934825692554,18.60334596612379,2125,338.0
103.44563129007612,18.434372861180908,2126,148.001
103.28959392522457,18.828104450210493,2127,998.0
103.32651468340187,18.91865463084974,2128,1122.0
102.97994464678857,18.415777734799633,2129,445.0
103.06726089240497,18.9461430785438,2130,1482.001
102.81582244437993,18.481264919011945,2131,767.0
103.1297836361797,18.975787482919742,2132,2600.0
103.00500764321549,18.99222665261913,2133,1596.0
102.74305890636624,18.522767085138266,2134,252.0
103.39523580263702,18.6936266521778,2135,397.0
102.95569013411733,19.065798674388517,2136,586.0
103.2755802067923,18.900598493638938,2137,772.0
103.0801966324963,18.794687121641246,2138,1040.0
102.66167154162501,18.832416363574268,2139,411.0
103.09124591049097,18.668833150336102,2140,346.0
103.4356599904224,18.864216724632097,2141,366.0
102.84034645163639,18.744830623372614,2142,577.0
103.39496630805178,18.57531852925926,2143,506.0
102.91769139759909,18.92458351172493,2144,695.0
103.13975493583342,18.585828818083456,2145,766.0
103.10714609101989,18.919193620020213,2146,1375.0
102.84977876211964,18.736206796645067,2147,508.0
103.37340674123291,18.85559289790455,2148,739.0
102.61989988091347,19.05205445054149,2149,838.0
102.68161414093247,19.088166724963095,2150,1329.0
103.32193327545286,19.05528838556432,2151,369.0
102.59052497112275,18.605501922805676,2152,237.0
103.33217406969183,19.065798674388517,2153,473.0
103.41517840194447,18.77043260897002,2154,509.0
102.39217695638916,18.482612391938126,2155,192.0
103.33621648847037,18.81732466680106,2156,1023.0
102.67191233586398,18.548099576150438,2157,208.031
102.69886179438757,18.622480081675533,2158,217.0
103.02602822086389,18.723271056553745,2159,952.0
103.23488652442168,18.73054741035511,2160,695.0
103.06429645196738,18.879847410575778,2161,1170.0
102.36603598162128,18.573701561747846,2162,496.0
102.91742190301385,19.05906130975762,2163,804.0
102.79210692087918,18.49851257246704,2164,584.0
102.25096179372557,18.95773134570894,2165,437.0
102.20433923047977,18.732703367037,2166,241.0
103.42353273408678,18.621402103334592,2167,1628.0
103.20066071209673,18.59283567729959,2168,545.0
102.92981865393469,18.81786365597153,2169,701.0
102.83872948412497,18.65266347522195,2170,473.0
102.60022677619123,18.562382789167938,2171,208.039
102.25177027748128,18.605771417390912,2172,217.0
102.41697045823086,18.677187482478413,2173,360.0
102.25096179372557,18.661017807364264,2174,229.0
102.70937208321176,18.505519431683172,2175,702.0
103.15296017050999,18.980099396283517,2176,2773.0
103.2003912175115,18.92593098465111,2177,959.0
102.39406341848581,18.783098854476105,2178,263.0
103.14595331129385,18.45242899839171,2179,316.0
102.57974518771331,18.52896546059869,2180,208.032
102.75303020601997,18.995191093056725,2181,379.0
103.13463453871394,18.847508060347476,2182,1691.0
102.92442876222998,19.067415641899935,2183,829.0
103.24162388905258,18.513873763825483,2184,1174.0
102.77216432157172,19.02995589455215,2185,900.0
103.13705998998107,18.53489434147388,2186,739.0
103.03357406925049,19.00974380065946,2187,1522.0
102.81582244437993,18.40365047846402,2188,1008.0
102.66625294957403,18.681768890427424,2189,799.0
102.34043399602388,18.77366654399285,2190,243.0
103.24458832949017,18.634876832596383,2191,636.0
103.05351666855795,18.880925388916722,2192,1229.0
102.94895276948644,18.5012075183194,2193,545.0
103.2974092681964,18.74563910712832,2194,1106.0
103.019290856233,18.438954269129916,2195,451.0
102.5075206388701,18.895747591104694,2196,280.0
102.97320728215766,19.083315822428847,2197,606.0
103.03626901510286,18.488541272813315,2198,585.0
102.90394717375204,18.59418315022577,2199,439.0
102.69940078355803,19.083046327843615,2200,1234.0
103.33298255344754,18.472371597699162,2201,456.0
102.45227424889676,18.707640370610065,2202,646.0
103.21332695760282,18.767468168532424,2203,1290.0
102.68269211927341,18.510100839632184,2204,233.0
102.8306446465679,18.484768348620012,2205,667.0
102.92954915934946,18.428174485720483,2206,508.0
103.13867695749248,18.73135589411082,2207,1289.0
103.29552280609975,18.731086399525584,2208,867.0
102.47949320200557,18.472641092284398,2209,174.0
102.34016450143864,18.723810045724218,2210,219.0
103.05189970104654,18.983333331306348,2211,1459.0
102.72877569334875,18.844813114495118,2212,475.0
103.17694518859598,19.033459324160216,2213,1045.0
102.48973399624454,18.940753186839082,2214,326.0
102.83172262490883,18.681229901256952,2215,1600.0
103.29848724653735,18.65589741024478,2216,711.0
102.9524561990945,19.011091273585638,2217,953.0
102.22077840017916,18.591488204373412,2218,249.0
102.96754789586771,18.97201455872644,2219,1197.0
103.21440493594376,18.447039106686994,2220,290.0
103.39900872683032,18.83484181484139,2221,844.0
102.42236034993557,18.793878637885538,2222,249.0
102.49162045834119,18.60927484699898,2223,181.0
103.30926702994678,18.873649035115353,2224,739.0
102.73847749841724,18.88954921564427,2225,954.0
102.73012316627492,18.787680262425116,2226,1305.0
102.49458489877878,18.45754939551119,2227,190.0
102.58783002527039,18.610622319925156,2228,208.036
102.2188919380825,18.945873583958562,2229,719.0
102.31968291296072,18.694435135933507,2230,229.0
102.50913760638151,18.797921056664077,2231,334.0
103.02333327501154,18.443535677078927,2232,466.0
102.32749825593255,18.827295966454784,2233,280.0
102.4600895918686,18.64350065932393,2234,194.0
103.38849843800612,19.074961490286537,2235,583.0
102.995305838147,18.77097159814049,2236,855.0
102.9944973543913,18.47722250023341,2237,575.0
102.98560403307852,18.835919793182335,2238,990.0
102.4819186532727,18.881733872672427,2239,254.0
102.8117800256014,19.063912212291868,2240,1250.0
103.39604428639272,18.64808206727294,2241,1073.0
102.39136847263345,19.07684795238319,2242,1389.0
102.65762912284647,18.457818890096426,2243,208.022
102.67622424922776,18.70548441392818,2244,1386.0
103.11954284194074,18.618707157482234,2245,722.0
103.36586089284631,18.61574271704464,2246,744.0
103.12520222823069,19.074422501116064,2247,1076.0
103.24351035114923,19.058791815172388,2248,1020.0
102.92415926764474,18.69039271715497,2249,1526.0
102.39810583726435,18.97012809662979,2250,1028.0
103.18556901532352,18.65589741024478,2251,502.0
102.3075556566251,18.43221690449902,2252,219.0
103.03573002593238,18.825948493528607,2253,1526.0
103.37098128996578,18.611430803680864,2254,790.0
103.10148670472994,18.55968784331558,2255,691.0
102.75734211938375,18.738901742497426,2256,703.0
103.4402413983714,18.974440009993565,2257,571.0
103.3823000625457,18.748603547565914,2258,911.0
102.84465836500016,18.491236218665673,2259,481.0
103.42649717452437,18.644578637664875,2260,1368.0
102.36873092747364,18.934824305963893,2261,273.0
102.50725114428487,18.52249759055303,2262,188.0
102.6848480759553,18.913264739145024,2263,552.0
103.21817786013706,19.00408441436951,2264,1378.0
103.09501883468427,18.928356435918232,2265,1309.0
102.38786504302539,18.4192811644077,2266,217.0
102.75680313021327,19.033459324160216,2267,809.0
102.30647767828415,18.62490553294266,2268,213.0
102.77701522410597,18.710065821877187,2269,338.0
102.8697213614271,18.671258601603224,2270,917.0
102.33639157724534,19.069032609411348,2271,1267.0
103.21413544135852,18.906796869099363,2272,970.0
102.56842641513342,18.797921056664077,2273,598.0
103.00231269736314,18.506597410024117,2274,668.0
102.95973255289587,18.794687121641246,2275,1143.0
102.6180134188168,18.622210587090297,2276,208.026
103.23919843778546,18.559418348730343,2277,333.0
102.2474583641175,18.998425028079556,2278,687.0
103.4251497015982,19.0356152808421,2279,529.0
103.40305114560886,18.424940550697652,2280,158.0
102.23452262402618,18.772049576481436,2281,301.0
102.64523237192563,18.992496147204367,2282,506.0
103.05836757109219,19.075230984871773,2283,1154.0
102.89289789575739,18.907335858269835,2284,1044.0
102.46655746191426,18.791453186618416,2285,232.0
102.90610313043393,19.050167988444837,2286,669.0
102.30216576492039,19.007587843977575,2287,718.0
102.69643634312044,18.884967807695258,2288,459.0
102.43044518749265,18.939944703083373,2289,242.0
103.20712858214239,18.81193477509634,2290,1291.0
102.50186125258016,18.43922376371515,2291,173.001
102.51830042227954,18.957461851123703,2292,1067.0
102.30539969994321,18.876074486382475,2293,371.0
102.4037652235543,18.55780138121893,2294,188.0
102.23640908612283,18.47830047857435,2295,219.0
102.23479211861142,18.8927831506671,2296,586.0
103.23731197568881,18.798729540419785,2297,1158.0
103.21332695760282,19.091939649156398,2298,741.0
102.3008182919942,18.882542356428136,2299,397.0
102.67325980879016,18.41200481060633,2300,418.0
102.73766901466153,19.01890661655748,2301,683.0
102.62394229969199,18.643231164738694,2302,209.0
103.44832623592848,18.537589287326238,2303,462.0
102.89640132536545,18.9641992157546,2304,962.0
103.37313724664767,18.95961780780559,2305,1677.0
103.12466323906021,18.872571056774408,2306,1264.0
102.93844248066225,18.89601708568993,2307,767.0
102.4210128770094,18.495009142858976,2308,176.0
102.70101775106946,18.769624125214314,2309,1616.0
102.6848480759553,18.55887935955987,2310,208.039
102.58836901444086,18.75668838512299,2311,231.0
103.13598201164012,18.468868168091095,2312,463.0
102.39594988058246,18.74375264503167,2313,228.0
102.6209778592544,18.48099542442671,2314,208.015
103.1155004231622,18.497704088711334,2315,749.0
102.91149302213866,18.71114380021813,2316,993.0
103.35481161485164,18.753184955514925,2317,829.0
103.34915222856169,18.721384594457096,2318,559.0
102.90286919541111,18.807083872562096,2319,961.0
102.30782515121034,19.063373223121395,2320,909.0
102.8877774986379,18.797921056664077,2321,951.0
102.37465980834882,18.989262212181536,2322,1204.0
103.32435872671999,18.892244161496627,2323,1021.0
102.59537587365699,18.877960948479128,2324,662.0
102.65412569323841,18.53947574942289,2325,208.022
102.83684302202832,18.535972319814825,2326,269.0
103.17236378064696,18.96554668868078,2327,1626.0
102.87538074771705,19.094904089593992,2328,718.0
102.96539193918582,18.486924305301898,2329,531.0
103.22060331140418,18.52519253640539,2330,1217.0
103.15349915968045,18.685541814620723,2331,568.0
103.11496143399172,18.57855246428209,2332,603.0
102.7209603503769,18.46347827638638,2333,1069.0
102.70748562111511,18.940483692253846,2334,380.0
103.09771378053664,18.672067085358933,2335,319.0
102.6676004225002,18.906796869099363,2336,835.0
103.32004681335621,18.53300787937723,2337,867.0
102.21754446515632,18.974440009993565,2338,407.0
103.14649230046432,18.421437121089586,2339,177.0
102.23937352656043,18.909222320366485,2340,451.0
103.29875674112257,18.70871834895101,2341,1129.0
102.92523724598568,18.97740445043116,2342,1127.0
102.88885547697885,18.438415279959443,2343,582.0
102.39029049429251,18.79441762705601,2344,276.0
102.62448128886247,18.74563910712832,2345,250.0
102.84789230002299,18.707640370610065,2346,1139.0
102.64145944773233,18.782559865305632,2347,412.0
103.23731197568881,18.594991633981476,2348,829.0
102.79480186673153,18.625714016698364,2349,1136.0
102.43664356295308,18.728930442843698,2350,455.0
102.4789542128351,18.573162572577374,2351,191.0
103.34268435851602,18.74375264503167,2352,947.0
102.80800710140808,18.54351816820143,2353,208.049
102.93493905105417,18.87391852970059,2354,478.0
102.21296305720732,18.562652283753174,2355,254.0
102.53420060280845,18.789836219107002,2356,240.0
103.3087280407763,18.52195860138256,2357,995.0
102.75680313021327,18.774744522333794,2358,546.0
102.37573778668977,18.472102103113926,2359,191.0
102.33989500685341,18.676917987893177,2360,224.0
102.6419984369028,18.545674124883316,2361,208.022
103.36074049572683,19.05717484766097,2362,367.0
103.19257587453966,18.633798854255442,2363,715.0
103.37879663293764,18.890357699399974,2364,1222.0
103.40924952106928,18.496895604955625,2365,553.0
102.40107027770195,18.45943585760784,2366,184.002
103.1478397733905,18.617898673726526,2367,537.0
103.16400944850466,18.766390190191483,2368,1491.0
103.3364859830556,18.525462030990624,2369,1284.0
103.36020150655635,18.93751925181625,2370,1203.0
102.68296161385865,18.865564197558278,2371,395.0
102.66490547664785,19.06364271770663,2372,1050.0
102.49943580131303,18.665329720728035,2373,278.0
103.41410042360353,18.83672827693804,2374,385.0
102.22832424856576,19.098946508372528,2375,702.0
102.3466323714843,18.70871834895101,2376,214.0
102.71395349116077,18.70979632729195,2377,1227.0
102.84735331085253,19.08385481159932,2378,890.0
102.43745204670878,19.049090010103896,2379,391.0
103.14271937627102,19.048281526348187,2380,1079.0
102.57489428517907,18.468329178920623,2381,203.0
102.98802948434565,18.777439468186152,2382,838.0
102.38894302136633,18.794687121641246,2383,265.0
103.21467443052899,19.02860842162597,2384,1903.0
102.99773128941413,18.98063838545399,2385,1417.0
102.32156937505736,18.98656726632918,2386,335.0
103.34106739100461,19.083315822428847,2387,430.0
102.57624175810525,19.032111851234035,2388,780.0
102.92712370808233,18.627061489624545,2389,628.0
102.77701522410597,18.518994160944967,2390,382.0
102.54524988080313,18.413621778117747,2391,178.0
102.81986486315846,18.4087708755835,2392,955.0
102.85220421338677,18.904910407002713,2393,657.0
102.84843128919347,18.78525481115799,2394,803.0
102.61936089174299,18.936710768060543,2395,1452.0
102.20433923047977,18.423323583186235,2396,207.001
103.26129699377479,18.969589107459317,2397,1012.0
103.2214117951599,18.84400463073941,2398,1578.0
103.31735186750386,18.7221930782128,2399,514.0
102.73416558505346,19.04423910756965,2400,712.0
103.3839170300571,18.981985858380167,2401,874.0
103.3297486184247,18.840501201131342,2402,516.0
102.3819361621502,18.964468710339837,2403,1215.0
102.20272226296835,18.406345424316378,2404,205.0
102.35875962781991,18.85316744663743,2405,306.0
102.67757172215393,18.96931961287408,2406,448.0
102.81824789564705,19.033998313330688,2407,630.0
103.0448928418304,18.543787662786663,2408,229.002
102.9915329139537,18.85640138166026,2409,1072.0
102.38382262424685,19.0852022845255,2410,1200.0
102.89020294990502,18.606040911976148,2411,376.0
102.81366648769804,18.547021597809493,2412,225.0
102.39729735350865,18.8927831506671,2413,254.0
102.36953941122935,18.682307879597893,2414,744.0
102.97212930381673,18.953419432345168,2415,1310.0
102.91445746257625,18.42521004528289,2416,563.0
103.27504121762182,18.72434903489469,2417,825.0
102.50132226340968,18.599842536515723,2418,178.003
103.24243237280828,19.0671461473147,2419,1170.0
102.83468706534643,18.86610318672875,2420,649.0
103.08774248088291,18.720845605286623,2421,1174.0
103.23165258939885,18.864216724632097,2422,1291.0
103.02953165047197,18.457279900925954,2423,508.0
102.52207334647284,18.617359684556053,2424,198.0
103.36532190367583,19.090592176230217,2425,581.0
103.25105619953584,18.76585120102101,2426,1052.0
103.43053959330291,18.78202087613516,2427,261.0
102.23182767817383,18.67341455828511,2428,330.0
103.16158399723753,18.433025388254727,2429,169.0
102.77405078366837,18.711682789388604,2430,262.0
103.11415295023602,18.44272719332322,2431,402.0
103.24728327534254,18.733781345377942,2432,977.0
103.1478397733905,18.529504449769163,2433,1087.0
102.3218388696426,18.645387121420583,2434,202.0
103.18934193951682,18.844813114495118,2435,1668.0
103.26533941255333,18.784985316572754,2436,1511.0
102.60076576536171,18.91353423373026,2437,924.0
102.8465448270968,19.039927194205877,2438,831.0
103.32381973754951,18.7965735837379,2439,958.0
103.04677930392705,18.862330262535448,2440,1408.0
103.14433634378244,18.87203206760394,2441,1437.0
103.08127461083724,18.91110878246314,2442,1397.0
102.28680457356194,18.922966544213516,2443,559.0
103.05378616314319,18.413082788947275,2444,325.0
102.75114374392332,18.83996221196087,2445,382.0
103.12951414159447,19.00462340353998,2446,1821.0
103.23623399734787,18.97147556955597,2447,1383.0
103.39739175931891,18.84265715781323,2448,649.0
102.714222985746,18.837267266108512,2449,666.0
103.39900872683032,18.78148188696469,2450,762.0
103.43808544168952,18.54944704907662,2451,380.0
102.28087569268675,18.640805713471572,2452,194.0
103.0012347190222,18.525462030990624,2453,658.0
103.271807282599,18.585559323498224,2454,993.0
103.07184230035399,18.872301562189172,2455,1218.0
103.06294897904121,18.421437121089586,2456,371.0
102.2587771366974,19.034267807915924,2457,593.0
102.96377497167441,18.826217988113843,2458,1242.0
102.71179753447889,18.429791453231896,2459,702.0
102.28168417644245,18.427366001964774,2460,363.0
103.09394085634332,18.545674124883316,2461,245.0
103.38283905171618,19.10029398129871,2462,352.001
103.25267316704725,18.83672827693804,2463,918.0
102.92415926764474,18.405806435145905,2464,589.0
103.26938183133187,18.836458782352803,2465,753.0
103.39038490010277,18.522767085138266,2466,1280.0
102.43098417666312,18.66559921531327,2467,342.0
103.06294897904121,18.514951742166428,2468,732.0
102.71179753447889,18.854514919563606,2469,548.0
102.59753183033888,18.904640912417477,2470,601.0
102.74764031431525,18.890357699399974,2471,973.0
102.55171775084878,18.623288565431242,2472,208.003
102.2496143207994,18.6650602261428,2473,256.0
103.03222659632432,18.896286580275163,2474,1638.0
102.38543959175826,18.876074486382475,2475,613.0
103.01093652409068,19.04558658049583,2476,1267.0
103.20470313087527,18.739440731667898,2477,733.0
102.85786359967672,18.734050839963178,2478,778.0
103.18529952073828,18.698477554712046,2479,500.0
102.58459609024756,18.775553006089503,2480,549.0
102.51237154140435,18.44838657961317,2481,191.0
102.91688291384337,18.74051871000884,2482,880.0
103.3041466328273,19.062564739365687,2483,465.0
102.6277152238853,18.957192356538467,2484,967.0
102.78267461039592,18.895478096519458,2485,335.007
103.0306096288129,18.466442716823973,2486,576.0
103.29525331151451,18.97659596667545,2487,1159.0
103.27746666888895,18.961234775317006,2488,909.0
103.1012172101447,18.63110390840308,2489,481.0
102.2819536710277,18.682846868768365,2490,232.0
102.49835782297208,18.89466961276375,2491,351.0
103.25213417787678,18.569120153798835,2492,533.0
102.67972767883582,18.61493423328893,2493,208.037
103.26641739089428,18.745908601713555,2494,1319.0
102.93466955646893,18.43545083952185,2495,467.0
102.6667919387445,18.638649756789686,2496,223.0
102.73982497134341,18.587176291009637,2497,210.0
102.59834031409459,18.480725929841473,2498,208.012
102.9688953687939,18.59014073144723,2499,617.0
103.28609049561649,18.993304630960072,2500,1285.0
103.29821775195211,18.558340370389402,2501,368.0
102.3646885086951,19.02483549743267,2502,991.0
102.4579336351867,18.756957879708228,2503,355.0
102.96377497167441,19.032920334989743,2504,1030.0
103.24297136197876,18.515760225922136,2505,1282.0
102.82579374403365,18.855323403319314,2506,459.0
103.04812677685324,18.652393980636713,2507,383.0
102.5067121551144,18.73728477498601,2508,212.0
102.69050746224525,18.804388926709738,2509,934.0
103.15861955679993,18.484768348620012,2510,653.0
102.46790493484043,18.912456255389316,2511,251.0
103.21144049550617,18.79118369203318,2512,1588.0
102.40349572896906,18.830529901477615,2513,297.0
103.03303508008003,18.63918874596016,2514,357.0
103.22841865437603,18.450812030880293,2515,370.0
102.71368399657554,18.71518621899667,2516,1247.0
102.2706348984478,18.829451923136673,2517,492.0
103.42164627199013,18.612239287436573,2518,1915.0
102.88804699322314,18.66236528029044,2519,930.0
103.36855583869867,18.654549937318603,2520,669.0
102.89694031453593,18.681768890427424,2521,1269.0
102.73551305797965,18.809509323829218,2522,698.0
102.60615565706642,18.684194341694546,2523,208.029
103.15215168675428,18.870954089262995,2524,1565.0
102.60858110833355,18.406614918901614,2525,179.0
103.25968002626338,18.733242356207473,2526,819.0
102.98937695727182,19.03318982957498,2527,1512.0
102.59591486282747,18.706292897683888,2528,287.0
102.48218814785794,18.95449741068611,2529,387.0
102.83549554910215,18.67152809618846,2530,1187.0
102.46871341859614,18.470485135602512,2531,173.003
102.88616053112648,18.404997951390197,2532,757.0
102.93871197524747,18.772319071066672,2533,739.0
103.44482280632042,18.442188204152746,2534,158.0
102.98344807639663,18.56022683248605,2535,308.0
102.36441901410987,18.779595424868038,2536,309.0
103.1222377877931,19.096790551690642,2537,1646.0
102.93871197524747,18.759113836390114,2538,658.0
102.35660367113803,19.08196834950267,2539,1034.0
102.62259482676582,18.753993439270634,2540,261.0
103.33621648847037,18.53812827649671,2541,1149.0
102.23155818358859,18.952071959418987,2542,538.0
102.66571396040355,18.536511308985297,2543,208.033
102.25473471791888,19.082237844087906,2544,1023.0
102.52261233564332,18.758844341804878,2545,226.0
102.69724482687614,19.10029398129871,2546,1150.0
102.82660222778937,18.70144199514964,2547,993.0
103.37717966542621,18.779325930282802,2548,983.0
103.16993832937985,19.063373223121395,2549,991.0
103.10552912350848,18.740788204594075,2550,1574.0
102.29138598151096,18.488541272813315,2551,255.0
103.0230637804263,18.497704088711334,2552,596.0
102.66140204703979,18.48234289735289,2553,208.023
102.78348309415162,18.822984053091012,2554,450.0
103.02845367213102,19.04693405342201,2555,1178.0
103.3537336365107,18.43922376371515,2556,148.005
102.42262984452081,18.73216437786653,2557,568.0
103.42029879906396,18.681499395842188,2558,421.0
102.26713146883972,18.949107518981393,2559,439.0
102.85516865382436,18.629486940891667,2560,323.0
103.18125710195974,18.645117626835347,2561,435.001
102.40807713691808,18.67233657994417,2562,550.0
103.20820656048333,18.980099396283517,2563,1686.0
102.68700403263719,18.48557683237572,2564,263.0
103.00689410531214,19.043430623813943,2565,1417.0
102.57705024186096,19.06121726643951,2566,719.0
103.3499607123174,18.903562934076533,2567,1399.0
102.61397100003828,19.091939649156398,2568,1153.0
102.27036540386256,18.789566724521766,2569,1000.0
102.7201518666212,18.863677735461625,2570,677.0
102.59106396029323,18.727313475332284,2571,319.0
102.79641883424294,18.783637843646577,2572,947.0
103.2259932031089,19.081698854917434,2573,892.0
102.76812190279318,18.96500769951031,2574,755.0
102.72257731788832,18.614664738703695,2575,466.0
103.24135439446735,18.41793369148152,2576,174.0
102.75949807606563,19.088166724963095,2577,1336.0
103.37205926830673,18.743483150446433,2578,1114.0
102.96781739045295,18.890357699399974,2579,1049.0
102.60049627077647,18.427366001964774,2580,182.0
102.90017424955875,18.496895604955625,2581,670.0
103.20955403340952,18.99923351183526,2582,1251.0
102.32830673968826,18.87580499179724,2583,333.0
103.23758147027404,18.97524849374927,2584,1504.0
102.83765150578402,18.84912502785889,2585,498.0
102.72176883413262,18.872301562189172,2586,761.0
103.2974092681964,18.549986038247088,2587,695.0
103.04462334724516,18.6402667243011,2588,373.0
103.18745547742017,18.684463836279782,2589,468.0
103.04731829309753,18.790914197447943,2590,1363.0
102.82687172237459,18.474797048966284,2591,800.0
102.41804843657181,18.901406977394647,2592,431.0
102.56492298552534,18.530312933524872,2593,208.002
102.25823814752694,18.46159181428973,2594,219.0
103.05890656026267,18.402033510952602,2595,242.0
102.72715872583733,18.63838026220445,2596,333.0
103.37502370874432,18.80681437797686,2597,531.0
103.01443995369875,18.918924125434977,2598,1577.0
102.5773197364462,18.637841273033978,2599,208.028
103.21197948467663,18.980368890868753,2600,1623.0
103.06321847362645,18.848855533273653,2601,1291.0
102.49431540419354,18.898173042371816,2602,435.0
102.9494917586569,18.399877554270716,2603,148.02
102.34258995270577,18.459974846778312,2604,211.0
102.7306621554454,18.72866094825846,2605,1057.0
102.9403289427589,18.842387663227992,2606,1258.0
102.39163796721868,18.563460767508882,2607,185.002
102.65062226363034,18.66236528029044,2608,270.0
102.67218183044922,18.9251225008954,2609,354.0
102.59591486282747,18.563460767508882,2610,220.0
103.2327305677398,18.411735316021094,2611,173.0
102.90772009794536,19.092748132912103,2612,1122.0
103.14514482753815,18.88874073188856,2613,1661.0
102.46709645108473,19.09220914374163,2614,411.0
103.17398074815839,18.510100839632184,2615,987.0
103.3499607123174,18.67422304204082,2616,830.0
103.13382605495823,18.77609199525997,2617,1516.0
102.40214825604289,18.775553006089503,2618,224.0
102.25203977206651,19.05313242888243,2619,992.0
103.25024771578013,19.100563475883945,2620,639.0
102.62448128886247,18.984141815062053,2621,428.0
102.95272569367974,18.705753908513415,2622,1314.0
102.87753670439893,18.855323403319314,2623,403.0
103.16778237269796,18.491775207836145,2624,702.0
102.37223435708171,18.83026040689238,2625,274.0
102.8449278595854,18.717342175678557,2626,839.0
102.72715872583733,18.605501922805676,2627,262.0
102.72311630705879,18.519533150115436,2628,384.0
102.9974617948289,19.03723224835352,2629,1476.0
102.21269356262208,18.51872466635973,2630,246.0
102.74036396051389,18.519533150115436,2631,319.0
103.21683038721088,18.48934975656902,2632,887.0
102.90098273331445,18.469676651846804,2633,621.0
103.44563129007612,18.865025208387806,2634,381.0
102.6676004225002,18.892513656081864,2635,514.0
102.55683814796826,18.73917123708266,2636,231.0
103.06294897904121,19.07415300653083,2637,1376.0
103.3823000625457,18.86718116506969,2638,905.0
103.05486414148413,18.410657337680153,2639,341.0
103.41814284238207,18.656436399415252,2640,1231.0
102.29111648692572,18.647004088931997,2641,198.0
102.93978995358842,18.94210065976526,2642,1485.0
103.17047731855031,18.859096327512617,2643,1551.0
102.82902767905648,18.662904269460913,2644,799.0
103.10148670472994,18.868528637995873,2645,1234.0
103.1974267770739,18.46347827638638,2646,467.0
102.92146432179239,18.527617987672514,2647,449.0
102.71691793159836,19.07792593072413,2648,1316.0
103.31627388916291,18.49258369159185,2649,998.0
102.26686197425448,18.778517446527097,2650,375.0
103.16616540518653,18.768276652288133,2651,1528.0
103.21763887096658,18.522767085138266,2652,1197.0
103.44347533339423,18.90383242866177,2653,643.0
103.0944798455138,18.95584488361229,2654,1550.0
102.51883941145002,18.534624846888644,2655,190.0
103.05270818480224,18.71976762694568,2656,770.0
102.79641883424294,18.5621132945827,2657,274.0
102.92200331096285,18.550255532832324,2658,475.0
103.047857282268,18.985219793402997,2659,1500.0
103.33621648847037,18.499321056222747,2660,727.0
102.77324229991267,19.09220914374163,2661,1312.0
102.7352435633944,18.72946943201417,2662,1068.0
102.57785872561666,19.02914741079644,2663,727.0
103.32840114549853,18.776630984430444,2664,1146.0
102.75788110855422,18.67799596623412,2665,304.0
102.8743027693761,18.557262392048457,2666,380.0
103.32435872671999,18.564538745849827,2667,369.0
102.8772672098137,18.604693439049967,2668,363.0
102.27009590927732,18.46994614643204,2669,227.0
103.41194446692164,18.852089468296484,2670,343.0
102.97185980923149,18.922427555043043,2671,938.0
102.66598345498879,18.528156976842986,2672,208.036
102.21404103554826,19.091939649156398,2673,716.0
102.36980890581458,19.051784955956254,2674,1365.0
102.76030655982134,18.483690370279067,2675,1172.0
103.24431883490493,18.83996221196087,2676,908.0
102.33288814763728,18.595530623151948,2677,217.0
102.38597858092874,19.035884775427338,2678,658.0
102.87457226396134,19.03049488372262,2679,660.0
102.71287551281983,18.513334774655014,2680,516.0
102.85166522421629,19.039388205035404,2681,730.0
102.33962551226817,18.782290370720396,2682,278.0
102.31725746169359,18.972284053311675,2683,618.0
103.12654970115688,18.840231706546106,2684,1650.0
102.738208003832,19.009474306074225,2685,483.0
102.56276702884345,18.901676471979883,2686,351.0
102.40888562067379,18.65508892648907,2687,256.0
102.61828291340204,18.675570514967,2688,208.029
102.97698020635097,18.587176291009637,2689,712.0
103.0222552966706,18.95126347566328,2690,1349.0
102.8554381484096,19.012169251926583,2691,979.0
103.29255836566216,18.825948493528607,2692,1103.0
102.81070204726045,18.444883150005104,2693,981.0
102.52503778691043,18.833224847329973,2694,353.0
102.89855728204734,18.94263964893573,2695,1152.0
103.03923345554045,18.90949181495172,2696,1839.0
102.49943580131303,18.574240550918315,2697,185.0
102.88346558527412,18.651585496881008,2698,518.0
102.27467731722632,18.729199937428934,2699,315.0
102.76812190279318,18.724618529479923,2700,399.0
102.59214193863417,18.90194596656512,2701,463.0
103.12708869032734,18.789566724521766,2702,1242.0
102.84384988124445,18.990340190522478,2703,428.0
103.16347045933418,18.997077555153375,2704,2200.0
102.68835150556336,19.090053187059745,2705,1261.0
102.39729735350865,18.455932427999777,2706,184.002
102.78752551293016,18.6011900094419,2707,603.0
103.19095890702823,18.614664738703695,2708,441.0
103.32705367257235,18.61816816831176,2709,708.0
103.04731829309753,18.65481943190384,2710,357.0
102.84977876211964,18.569120153798835,2711,314.0
103.31465692165149,18.89466961276375,2712,943.0
103.14164139793007,18.49797358329657,2713,750.0
102.41211955569662,18.807353367147332,2714,236.0
103.36774735494296,18.55645390829275,2715,545.0
102.8058511447262,18.75668838512299,2716,856.0
102.22023941100868,18.56022683248605,2717,244.0
103.31061450287297,18.438954269129916,2718,160.0
103.21197948467663,18.682846868768365,2719,522.0
102.89128092824596,18.88954921564427,2720,676.0
102.61909139715775,18.764773222680066,2721,394.0
103.25294266163249,18.477491994818642,2722,837.0
102.3218388696426,19.089244703304036,2723,1076.0
102.31779645086407,18.889818710229505,2724,458.0
103.2402764161264,18.88874073188856,2725,898.0
103.01767388872159,18.64808206727294,2726,393.0
102.78240511581068,19.06445120146234,2727,1291.0
102.45658616226054,18.61951564123794,2728,188.0
103.21763887096658,18.832416363574268,2729,1491.0
102.91364897882055,18.487732789057606,2730,404.005
102.97536323883955,18.681768890427424,2731,1599.0
102.93682551315082,19.041813656302526,2732,785.0
103.06860836533116,18.893052645252336,2733,1167.0
102.65439518782365,18.7717800818962,2734,444.0
102.69751432146138,18.586098312668693,2735,208.056
103.35669807694829,19.038849215864932,2736,488.0
103.32840114549853,18.467790189750154,2737,322.0
103.0990612534628,19.01243874651182,2738,2332.0
102.7705473540603,18.761539287657236,2739,529.0
103.4499432034399,19.06310372853616,2740,570.0
102.30189627033515,19.071997049848942,2741,925.0
103.38337804088664,18.686889287546904,2742,496.0
103.05567262523984,19.09517358417923,2743,1271.0
102.51776143310907,19.04154416171729,2744,478.0
102.38463110800255,19.09113116540069,2745,1378.0
103.16131450265229,18.835919793182335,2746,1536.0
103.34241486393078,18.94425661644715,2747,1265.0
103.00635511614168,18.84130968488705,2748,1139.0
102.40241775062812,18.85424542497837,2749,316.0
102.36037659533133,18.402033510952602,2750,207.0
102.26255006089072,18.627869973380253,2751,211.0
103.32920962925424,18.960426291561298,2752,1097.0
103.22545421393843,18.970397591215026,2753,1489.0
103.27019031508758,18.750759504247803,2754,1727.0
102.61882190257252,18.665329720728035,2755,208.029
102.75168273309379,18.92700896299205,2756,335.009
102.91284049506484,19.058252826001915,2757,710.0
103.27234627176946,18.63757177844874,2758,513.0
102.32318634256877,18.855862392489787,2759,317.0
102.65762912284647,18.835111309426626,2760,377.0
103.0020432027779,18.627869973380253,2761,610.0
103.07184230035399,19.017828638216535,2762,1622.0
102.35660367113803,18.966355172436486,2763,1297.0
102.26201107172024,18.47964795150053,2764,216.0
103.08423905127484,18.58178639930492,2765,452.0
102.8344175707612,18.548099576150438,2766,208.051
103.16212298640801,19.005970876466158,2767,2206.0
102.6705648629378,18.517916182604022,2768,208.042
103.28555150644603,19.05986979351333,2769,460.0
103.05297767938748,18.870145605507286,2770,1325.0
103.07938814874059,18.762886760583417,2771,1267.0
102.30944211872175,18.51037033421742,2772,300.0
102.28896053024383,18.458627373852135,2773,355.0
102.55171775084878,18.80600589422115,2774,287.0
103.24755276992776,18.406614918901614,2775,164.0
103.19931323917055,18.541092716934305,2776,331.0
102.36307154118369,19.049898493859605,2777,1362.0
102.26228056630548,18.721384594457096,2778,244.0
103.02090782374441,18.773397049407613,2779,1038.0
102.55845511547969,19.068763114826112,2780,573.0
102.4210128770094,18.652932969807186,2781,197.0
102.64038146939139,18.858557338342145,2782,815.0
102.65439518782365,18.416855713140578,2783,291.0
102.91903887052526,18.715455713581903,2784,1200.0
103.0801966324963,18.837267266108512,2785,1323.0
102.97185980923149,18.92862593050347,2786,1069.0
102.56869590971864,19.00650986563663,2787,1497.0
103.00312118111884,18.696052103444924,2788,1198.0
102.21323255179256,18.495009142858976,2789,249.0
102.83522605451691,18.832416363574268,2790,335.007
102.69481937560903,18.936441273475307,2791,562.0
102.78914248044158,18.83295535274474,2792,535.0
102.86513995347809,18.519802644700672,2793,839.0
103.33837244515225,18.84723856576224,2794,772.0
102.66436648747738,18.899520515297993,2795,600.0
103.40655457521693,18.95584488361229,2796,753.0
102.3781632379569,18.870954089262995,2797,371.0
102.97536323883955,18.768276652288133,2798,614.001
102.44715385177727,18.983602825891584,2799,255.0
103.29040240898027,18.998425028079556,2800,1230.0
102.73659103632059,19.06445120146234,2801,882.0
102.82444627110748,18.813821237192993,2802,811.0
102.52530728149567,18.520880623041617,2803,209.0
103.34537930436838,18.82379253684672,2804,512.0
102.34905782275142,18.85882683292738,2805,326.0
103.1801791236188,18.6936266521778,2806,491.0
103.08046612708154,18.709526832706715,2807,836.0
103.40170367268267,18.41119632685062,2808,164.0
103.03815547719951,18.71895914318997,2809,824.0
102.84438887041493,18.67341455828511,2810,1179.0
102.58675204692945,18.926739468406815,2811,744.0
102.65789861743171,18.628139467965486,2812,208.026
103.25348165080295,18.83079939606285,2813,1123.0
102.77297280532743,18.67610950413747,2814,530.0
102.30513020535798,18.574779540088787,2815,220.0
103.047857282268,18.471563113943454,2816,589.0
102.31564049418218,18.471293619358217,2817,505.0
103.24674428617206,18.459705352193076,2818,570.0
102.76461847318511,18.917307157923563,2819,345.0
102.73174013378635,18.708448854365773,2820,530.0
103.15053471924286,18.70467593017247,2821,836.0
102.23721756987854,18.426557518209066,2822,464.0
103.38203056796046,18.807083872562096,2823,559.0
102.40915511525903,18.672606074529405,2824,523.0
102.24557190202086,18.677187482478413,2825,262.0
102.4495793030444,18.84130968488705,2826,284.0
102.94356287778172,18.9641992157546,2827,1194.0
102.77216432157172,18.9394057139129,2828,335.009
102.63660854519809,18.712760767729545,2829,317.0
103.28770746312792,18.64296167015346,2830,585.0
102.40861612608855,18.68392484710931,2831,624.0
102.76354049484416,18.5012075183194,2832,910.0
103.26965132591711,19.049898493859605,2833,569.0
103.32408923213475,18.831877374403795,2834,655.0
102.29947081906802,18.76019181473106,2835,228.001
102.83872948412497,18.587445785594873,2836,404.0
103.06618291406404,18.806275388806387,2837,1029.0
102.41185006111138,18.88874073188856,2838,259.0
102.29677587321567,18.8289129339662,2839,300.0
102.40241775062812,18.433294882839963,2840,207.0
102.46520998898808,18.885776291450966,2841,230.002
102.51479699267148,18.61493423328893,2842,186.0
103.35049970148786,18.54082322234907,2843,1190.0
103.14676179504956,19.038849215864932,2844,1242.0
103.26668688547952,18.94210065976526,2845,1097.0
103.21736937638136,18.680421417501243,2846,573.0
103.35885403363018,18.824062031431954,2847,507.0
102.86864338308615,18.622480081675533,2848,298.0
102.33935601768293,18.814899215533934,2849,277.0
102.93493905105417,18.827295966454784,2850,828.0
103.1944623366363,18.850741995370306,2851,1733.0
102.47059988069279,18.658592356097138,2852,321.0
102.33558309348963,18.546752103224257,2853,218.0
103.30468562199778,18.43545083952185,2854,154.0
103.42649717452437,18.796034594567427,2855,446.0
102.51075457389294,19.01998459489842,2856,850.0
103.3747542141591,18.731086399525584,2857,634.0
102.23182767817383,19.00408441436951,2858,500.0
102.51910890603524,18.611430803680864,2859,212.0
103.26156648836003,18.78660228408417,2860,1415.0
102.52746323817756,18.72111509987186,2861,210.0
103.12250728237834,18.402033510952602,2862,179.0
102.92631522432663,18.980099396283517,2863,1187.0
102.76731341903748,18.413082788947275,2864,846.0
102.80126973677719,18.472641092284398,2865,938.0
103.03007063964243,18.409579359339208,2866,334.0
102.46116757020954,18.450812030880293,2867,173.007
102.4390690142202,18.89143567774092,2868,235.0
102.80342569345908,18.877691453893892,2869,511.0
103.38176107337523,18.402033510952602,2870,171.0
102.98587352766376,18.413082788947275,2871,411.0
103.07777118122918,19.006240371051394,2872,1954.0
102.77162533240124,19.014055714023232,2873,869.0
103.13921594666296,18.53705029815577,2874,712.0
103.16293147016371,19.03831022669446,2875,1627.0
102.67379879796063,18.602267987782845,2876,208.034
103.0117450078464,18.84912502785889,2877,1199.0
103.36397443074966,18.917846147094032,2878,1431.0
102.89990475497352,19.087627735792623,2879,995.0
103.32381973754951,18.463747770971615,2880,343.0
103.08666450254196,18.85047250078507,2881,1103.0
102.30270475409085,18.720037121530915,2882,241.0
103.21709988179612,18.863138746291153,2883,1330.0
103.2184473547223,18.927278457577287,2884,1012.0
102.72715872583733,18.712760767729545,2885,694.0
102.23263616192953,18.5440571573719,2886,263.0
102.77485926742408,18.41658621855534,2887,876.0
103.30226017073065,18.663712753216622,2888,891.0
102.46332352689143,18.848586038688417,2889,228.001
102.56330601801393,18.686889287546904,2890,210.0
102.45685565684576,18.409040370168736,2891,172.001
102.95299518826498,18.554836940781335,2892,596.0
102.99045493561276,18.631642897573553,2893,359.0
102.60615565706642,18.844274125324645,2894,704.0
103.34349284227173,18.54540463029808,2895,1130.0
102.53554807573464,18.56938964838407,2896,467.0
103.30953652453202,18.543248673616194,2897,1111.0
102.91203201130912,18.75803585804917,2898,595.0
102.24449392367991,18.91946311460545,2899,581.0
102.8945148632688,18.530582428110108,2900,218.0
102.9982702785846,18.543787662786663,2901,231.0
102.6029217220436,18.866372681313983,2902,751.0
102.5323141407118,18.699825027638227,2903,210.0
103.2184473547223,18.696052103444924,2904,589.0
102.39487190224152,18.967702645362667,2905,1239.0
102.30647767828415,19.07038008233753,2906,964.0
103.39793074848937,18.642153186397753,2907,1439.0
103.06456594655262,18.715455713581903,2908,1118.0
103.22787966520555,18.840501201131342,2909,1416.0
103.42353273408678,18.843465641568937,2910,318.0
102.93332208354276,18.45674091175548,2911,480.0
103.31061450287297,18.517916182604022,2912,876.0
103.14164139793007,18.730816904940347,2913,1298.0
102.23829554821948,18.780403908623747,2914,357.0
102.64604085568133,18.455932427999777,2915,208.022
102.37304284083741,18.72030661611615,2916,246.0
103.18395204781211,19.032111851234035,2917,1289.0
102.55791612630921,18.59795607441907,2918,208.003
102.46143706479478,18.7469865800545,2919,607.0
102.96404446625965,18.42440156152718,2920,393.0
102.67514627088681,18.49393116451803,2921,235.0
103.36532190367583,18.879847410575778,2922,1305.0
102.96081053123682,18.492314197006614,2923,554.0
103.02872316671625,18.432486399084254,2924,412.0
103.30145168697494,18.988453728425828,2925,1704.0
102.25446522333364,18.580977915549212,2926,274.0
103.4116749723364,18.805197410465446,2927,352.0
102.42289933910605,18.854514919563606,2928,276.0
102.82121233608464,18.538667265667183,2929,221.0
103.23731197568881,18.94021419766861,2930,1223.0
102.8675654047452,18.474797048966284,2931,487.0
102.60157424911742,18.841040190301815,2932,624.0
102.28518760605053,18.576396507600204,2933,258.0
102.92550674057092,18.429252464061424,2934,451.0
102.72122984496214,18.675301020381763,2935,208.061
102.28707406814718,19.021062573239366,2936,811.0
102.23479211861142,18.706292897683888,2937,266.0
103.37771865459669,19.092748132912103,2938,802.0
102.84007695705115,18.886584775206675,2939,390.0
103.17290276981744,18.72030661611615,2940,839.0
102.56707894220723,18.814899215533934,2941,262.0
102.86001955635861,18.499590550807984,2942,830.0
102.23748706446378,18.439762752885624,2943,217.0
103.16293147016371,18.89197466691139,2944,1620.0
103.33513851012943,18.852089468296484,2945,895.0
103.17694518859598,18.48342087569383,2946,530.0
103.1184648635998,18.443805171664163,2947,391.0
102.43637406836784,18.722462572798037,2948,502.0
103.30064320321924,18.418203186066755,2949,157.0
103.39227136219942,18.43086943157284,2950,164.0
103.33486901554419,18.592296688129117,2951,995.0
102.3075556566251,18.728391453673225,2952,256.0
102.38543959175826,18.907335858269835,2953,299.0
102.26713146883972,18.490158240324728,2954,222.0
102.92173381637762,18.506866904609353,2955,575.0
102.90664211960441,18.55699289746322,2956,643.0
103.4356599904224,18.409309864753972,2957,155.0
102.50266973633586,18.734859323718887,2958,211.002
102.89990475497352,18.811126291340635,2959,1066.0
102.8125885093571,18.714108240655726,2960,887.0
102.91284049506484,18.498782067052275,2961,477.0
102.33504410431915,18.950454991907574,2962,296.0
103.38957641634707,18.54944704907662,2963,817.0
102.38301414049114,19.098138024616823,2964,1013.0
103.09555782385475,18.6402667243011,2965,500.0
103.34106739100461,18.777169973600916,2966,1244.0
102.738208003832,19.06445120146234,2967,959.0
102.95757659621398,18.65508892648907,2968,830.0
103.18368255322687,18.5297739443544,2969,696.0
102.94733580197503,18.88146437808719,2970,801.0
103.15888905138517,18.673953547455582,2971,751.0
102.44041648714638,18.48234289735289,2972,179.0
102.87457226396134,18.601459504027137,2973,363.0
102.47006089152232,18.44596112834605,2974,181.0
102.82821919530078,18.96231275365795,2975,1292.0
102.51883941145002,18.426557518209066,2976,173.002
103.13894645207772,18.513065280069778,2977,966.0
103.43242605539956,18.949646508151865,2978,392.0
102.25742966377123,18.8679896488254,2979,350.0
102.58270962815091,18.498243077881806,2980,208.011
102.41158056652614,18.731086399525584,2981,679.0
103.38472551381282,18.855323403319314,2982,508.0
102.98587352766376,18.928086941332996,2983,1123.0
102.9449103507079,18.435720334107085,2984,406.0
102.20622569257642,18.956114378197526,2985,407.0
102.59968778702077,18.76369524433912,2986,386.0
102.22374284061675,19.00516239271045,2987,440.0
102.62906269681147,18.70737087602483,2988,249.0
102.21511901388921,18.807083872562096,2989,365.0
102.56573146928105,19.049090010103896,2990,694.0
102.22751576481005,18.767468168532424,2991,279.0
102.79857479092483,18.44084073122657,2992,1225.0
103.32328074837905,18.609005352413742,2993,526.0
102.63014067515242,18.704406435587234,2994,245.0
102.72527226374068,18.859904811268326,2995,518.0
102.5638450071844,18.461052825119257,2996,199.0
102.47302533195992,18.609544341584215,2997,202.0
102.9020607116554,18.851819973711248,2998,419.0
103.25321215621773,18.565347229605532,2999,347.0
102.3646885086951,18.663712753216622,3000,798.0
102.78536955624827,18.827834955625256,3001,637.0
102.9772497009362,19.029686399966913,3002,1362.0
103.4335040337405,18.8108567967554,3003,441.0
102.58001468229855,19.064720696047576,3004,754.0
102.24206847241278,18.96689416160696,3005,513.0
102.29381143277807,18.53947574942289,3006,229.0
103.32624518881664,18.400686038026425,3007,160.0
103.18071811278928,18.714916724411435,3008,737.0
103.19311486371012,18.959348313220357,3009,1364.0
102.79022045878251,18.656975388585725,3010,1073.0
102.39594988058246,18.557531886633694,3011,185.002
103.18179609113022,18.94344813269144,3012,1668.0
102.60777262457785,18.543787662786663,3013,208.04
102.79749681258389,18.451351020050765,3014,1014.0
103.43862443085999,18.82837394479573,3015,391.0
103.2499782211949,18.74186618293502,3016,1077.0
102.29030800317001,19.06445120146234,3017,755.0
102.8381904949545,18.714377735240962,3018,1161.0
103.1432583654415,18.43275589366949,3019,238.0
102.62421179427723,18.618707157482234,3020,208.025
102.51210204681911,18.56938964838407,3021,178.002
103.26614789630904,18.54351816820143,3022,894.0
103.30926702994678,18.532738384791994,3023,1204.0
103.27800565805941,18.50174650748987,3024,720.0
103.4461702792466,18.478839467744823,3025,220.0
102.49000349082978,18.931590370941063,3026,349.0
102.65331720948271,18.895747591104694,3027,929.0
103.32301125379381,18.515221236751664,3028,913.0
102.50617316594392,18.40284199470831,3029,170.0
103.17128580230602,18.673953547455582,3030,584.0
103.01875186706252,18.796034594567427,3031,1181.0
102.8659484372338,18.96743315077743,3032,987.0
102.60022677619123,18.5869067964244,3033,208.038
102.82606323861889,18.43275589366949,3034,722.0
103.35588959319259,18.52061112845638,3035,1079.0
102.37843273254214,18.860982789609267,3036,300.0
102.24422442909467,18.99007069593724,3037,615.0
102.50563417677346,18.709526832706715,3038,281.0
102.96997334713484,18.730008421184642,3039,641.0
102.27575529556727,18.9213495767021,3040,582.0
102.7344350796387,18.577474485941146,3041,208.052
102.61477948379398,18.973092537067384,3042,434.0
102.82444627110748,18.83672827693804,3043,335.007
102.44311143299873,18.994652103886253,3044,251.0
103.3087280407763,18.773936038578086,3045,1192.0
103.16724338352748,18.420089648163405,3046,169.0
103.07831017039965,18.539745244008127,3047,237.0
102.71071955613795,18.952880443174696,3048,703.0
103.31411793248103,18.866911670484455,3049,752.0
103.15430764343616,18.912725749974552,3050,1114.0
102.3865175700992,18.612778276607045,3051,248.0
103.20685908755715,18.50713639919459,3052,769.0
102.82848868988602,18.441110225811805,3053,760.0
103.04543183100088,19.042622140058235,3054,1129.0
102.41481450154897,18.927547952162524,3055,347.0
102.32615078300637,19.079003909065076,3056,1267.0
103.11630890691791,18.98306383672111,3057,2455.0
102.65412569323841,18.537589287326238,3058,208.022
103.3259756942314,18.4831513811086,3059,458.0
102.68996847307479,18.551064016588033,3060,208.045
102.71772641535408,18.67233657994417,3061,208.061
102.28707406814718,18.768815641458605,3062,229.0
102.77297280532743,18.438954269129916,3063,1168.0
102.88427406902983,18.594452644811007,3064,419.0
102.68296161385865,18.53166040645105,3065,208.04
103.29309735483263,18.855053908734078,3066,798.0
103.08235258917819,18.959887302390825,3067,1538.0
102.98560403307852,18.49150571325091,3068,644.0
102.98614302224898,19.00004199559097,3069,1106.0
102.78833399668586,18.482881886523362,3070,1031.0
102.88993345531979,19.03130336747833,3071,741.0
102.30620818369893,18.703597951831526,3072,289.0
102.30647767828415,18.925391995480638,3073,579.0
102.69832280521709,18.599573041930487,3074,208.06
102.70937208321176,18.97767394501639,3075,1060.0
103.11765637984409,19.100563475883945,3076,1435.0
102.99773128941413,19.001658963102386,3077,1102.0
102.24072099948661,19.060678277269037,3078,1202.0
103.21305746301758,18.8679896488254,3079,1471.0
103.27504121762182,18.518994160944967,3080,976.0
102.84034645163639,19.0032759306138,3081,875.0
102.27252136054445,18.842926652398464,3082,452.0
102.54578886997359,18.472910586869634,3083,249.0
102.77863219161738,19.010013295244697,3084,952.0
102.20568670340595,18.708987843536246,3085,320.0
102.77162533240124,18.908683331196013,3086,335.008
102.75707262479851,18.642153186397753,3087,339.0
102.5150664872567,18.770702103555255,3088,212.001
102.95299518826498,18.53381636313294,3089,283.0
102.59753183033888,18.84643008200653,3090,498.0
103.29983471946352,18.624636038357423,3091,516.0
102.53393110822321,18.44272719332322,3092,202.0
103.06106251694456,18.506058420853645,3093,631.0
103.14298887085626,18.505249937097936,3094,764.0
103.40224266185315,18.918115641679268,3095,1200.0
103.10606811267894,18.558340370389402,3096,743.0
102.452543743482,18.559418348730343,3097,181.0
102.52719374359232,18.46671221140921,3098,207.0
103.18529952073828,18.704136941001998,3099,509.0
103.19554031497725,19.011360768170874,3100,1780.0
102.7840220833221,18.884159323939553,3101,335.006
102.51075457389294,18.81651618304535,3102,670.0
103.22761017062031,18.44838657961317,3103,319.0
102.39109897804822,18.898173042371816,3104,285.0
102.30863363496604,18.865294702973042,3105,380.0
102.23964302114567,18.49797358329657,3106,230.0
102.35148327401855,18.751298493418275,3107,242.0
102.98910746268658,18.960426291561298,3108,1336.0
102.4962018662902,18.792800659544596,3109,221.0
102.8088155851638,18.45242899839171,3110,954.0
102.9494917586569,19.029416905381677,3111,666.0
102.79587984507248,18.838614739034693,3112,366.0
103.18422154239734,19.080890371161725,3113,656.0
102.37600728127501,18.821906074750068,3114,286.0
103.43242605539956,18.877691453893892,3115,502.0
102.39029049429251,18.515760225922136,3116,222.0
103.26048851001909,18.504710947927464,3117,983.0
102.6066946462369,19.043161129228707,3118,818.0
103.31411793248103,18.448925568783643,3119,156.004
103.05809807650697,18.92458351172493,3120,1918.0
102.35498670362661,18.50902286129124,3121,301.0
102.75356919519044,18.510100839632184,3122,717.0
103.11711739067361,18.901676471979883,3123,1238.0
102.26012460962359,18.59876455817478,3124,250.0
103.33702497222608,18.889279721059033,3125,1120.0
102.88130962859223,18.66425174238709,3126,984.0
103.11038002604272,19.078195425309367,3127,1326.0
103.10094771555946,18.426018529038593,3128,264.0
102.7088330940413,18.509831345046948,3129,527.0
103.4356599904224,18.890896688570447,3130,754.0
102.40484320189525,18.413621778117747,3131,194.0
102.57219933932672,18.51629921509261,3132,208.01
102.41023309359996,18.867450659654928,3133,350.0
102.28384013312434,18.43167791532855,3134,370.0
102.2533872449927,18.666677193654216,3135,255.0
103.17155529689126,18.86475571380257,3136,1585.0
102.84762280543775,18.78148188696469,3137,977.0
103.386072986739,19.07873441447984,3138,736.0
102.68457858137006,18.56615571336124,3139,208.038
102.823907281937,18.44838657961317,3140,785.0
103.01740439413635,19.056096869320026,3141,1046.0
102.75060475475284,18.721923583627564,3142,807.0
102.83280060324978,19.022410046165547,3143,1047.0
102.72904518793398,18.604962933635203,3144,272.0
102.7201518666212,18.938597230157193,3145,335.01
102.26335854464642,18.742674666690725,3146,263.0
102.29030800317001,18.993304630960072,3147,640.0
102.54551937538837,18.426018529038593,3148,188.0
103.38256955713094,18.469407157261568,3149,218.0
103.27072930425805,18.81597719387488,3150,802.0
102.6600545741136,18.95180246483375,3151,363.0
102.40646016940666,18.690931706325443,3152,587.0
102.47086937527803,18.467790189750154,3153,173.003
102.371425873326,18.723810045724218,3154,219.0
102.57758923103142,18.434372861180908,3155,202.0
103.38418652464235,18.5049804425127,3156,761.0
103.01228399701687,19.065259685218045,3157,1201.0
103.25968002626338,19.076578457797954,3158,807.0
102.9982702785846,18.70144199514964,3159,1063.0
102.47922370742035,18.74105769917931,3160,271.0
103.14999573007239,18.433294882839963,3161,225.0
102.87403327479088,18.669911128677047,3162,955.0
102.7126060182346,18.902484955735588,3163,455.0
103.14137190334485,18.79010571369224,3164,1322.0
102.80073074760672,18.423323583186235,3165,935.0
102.28707406814718,18.439493258300388,3166,480.0
102.88481305820031,18.845621598250823,3167,537.0
103.40978851023975,18.90194596656512,3168,1100.0
103.0411199176371,18.563999756679355,3169,243.0
102.92631522432663,18.876882970138183,3170,540.0
102.97293778757243,18.47964795150053,3171,549.0
102.68053616259152,18.92377502796922,3172,509.0
103.42622767993915,19.034806797086397,3173,530.0
103.31600439457767,18.91622917958262,3174,922.0
103.10229518848564,18.818672139727237,3175,1284.0
102.47248634278945,18.471024124772985,3176,174.0
102.98668201141946,18.662095785705205,3177,759.0
102.47922370742035,18.449734052539352,3178,174.0
103.09690529678092,18.47075463018775,3179,477.0
103.28851594688362,18.425479539868125,3180,157.0
102.62825421305577,18.792261670374124,3181,623.0
102.65170024197128,18.54729109239473,3182,208.022
102.71907388828025,18.96931961287408,3183,693.0
103.19149789619871,18.56750318628742,3184,527.0
102.28006720893104,18.69820806012681,3185,237.0
102.72338580164403,19.081698854917434,3186,1339.0
103.39523580263702,19.07361401736036,3187,580.0
103.11307497189507,19.02995589455215,3188,1687.0
102.5029392309211,18.868259143410636,3189,242.0
103.36478291450537,18.4906972294952,3190,433.0
102.62744572930006,18.81328224802252,3191,633.0
102.99503634356176,18.970936580385498,3192,1278.0
102.85732461050625,18.93293784386724,3193,1173.0
102.9982702785846,18.7221930782128,3194,694.0
102.81447497145375,18.801963475442616,3195,466.0
102.92038634345144,18.831877374403795,3196,678.0
102.8058511447262,18.998694522664792,3197,810.0
102.29677587321567,18.535972319814825,3198,232.0
102.46305403230619,18.554836940781335,3199,193.0
103.2268016868646,18.85694037083073,3200,1415.0
102.57705024186096,18.77366654399285,3201,425.0
102.709641577797,18.487193799887134,3202,972.0
102.20218327379789,18.98117737462446,3203,590.0
102.9193083651105,18.83888423361993,3204,697.0
102.28087569268675,18.547021597809493,3205,218.0
102.88912497156407,19.101102465054417,3206,888.0
102.62906269681147,18.887662753547616,3207,1483.0
103.34052840183413,18.492314197006614,3208,628.0
102.35498670362661,18.714377735240962,3209,258.0
102.30189627033515,18.821906074750068,3210,328.0
102.8088155851638,18.497704088711334,3211,525.0
103.17910114527785,18.91137827704837,3212,1044.0
103.25617659665532,18.96500769951031,3213,961.0
102.2458413966061,18.97740445043116,3214,623.0
103.13193959286158,19.017020154460827,3215,1422.0
103.39496630805178,18.85694037083073,3216,496.0
103.15322966509522,18.852628457466956,3217,1614.0
102.99800078399936,18.574240550918315,3218,316.0
102.60453868955501,18.99734704973861,3219,610.0
102.69562785936473,18.511178817973125,3220,231.0
102.23452262402618,19.027799937870263,3221,538.0
102.54228544036553,18.721923583627564,3222,210.0
102.2248208189577,18.733242356207473,3223,260.0
102.62043887008393,18.403919973049256,3224,193.0
102.71098905072317,18.529234955183927,3225,208.045
102.57489428517907,18.79172268120365,3226,589.0
103.07480674079159,18.807892356317804,3227,1072.0
102.77917118078786,18.86340824087639,3228,335.005
103.25671558582579,18.453776471317887,3229,497.0
102.98829897893087,18.4831513811086,3230,616.0
103.20470313087527,18.92269704962828,3231,880.0
102.99503634356176,18.72946943201417,3232,900.0
103.02602822086389,19.098138024616823,3233,1285.0
103.36720836577248,18.637841273033978,3234,1055.0
102.48164915868746,18.859365822097853,3235,236.0
102.84681432168205,19.048281526348187,3236,753.0
102.87996215566606,18.89466961276375,3237,835.0
102.29381143277807,19.03318982957498,3238,986.0
103.29552280609975,18.898981526127525,3239,719.0
102.81797840106181,18.74779506381021,3240,587.0
102.99853977316984,19.010013295244697,3241,1318.0
102.77216432157172,18.494200659103267,3242,830.0
103.2537511453882,18.55968784331558,3243,344.0
102.52503778691043,18.638110767619214,3244,212.0
102.39783634267911,18.507405893779826,3245,204.0
103.25509861831438,18.872571056774408,3246,1057.0
103.20658959297192,18.70225047890535,3247,468.0
102.38705655926968,18.400147048855953,3248,148.041
102.69940078355803,18.542440189860486,3249,208.045
102.48326612619888,18.56696419711695,3250,189.0
102.32453381549496,18.463208781801143,3251,318.0
102.53554807573464,18.708448854365773,3252,209.001
102.60858110833355,19.063912212291868,3253,1197.0
102.32830673968826,18.496895604955625,3254,611.0
102.4142755123785,18.769624125214314,3255,252.0
102.34097298519434,18.941292176009554,3256,287.0
103.08100511625202,18.73917123708266,3257,1422.0
103.26156648836003,18.41712520772581,3258,169.0
102.25150078289604,18.718689648604734,3259,258.0
102.70344320233657,18.42574903445336,3260,1029.0
102.95110872616833,19.020254089483657,3261,694.0
102.8584025888472,18.821367085579595,3262,504.0
102.55360421294544,18.40041654344119,3263,148.035
102.9209253326219,18.984680804232525,3264,1174.0
102.65331720948271,18.752645966344453,3265,368.0
102.52449879773997,18.87311004594488,3266,273.0
103.27962262557084,18.557262392048457,3267,417.0
102.81312749852756,18.789027735351294,3268,860.0
103.35023020690262,18.59526112856671,3269,785.0
102.36037659533133,19.04046618337635,3270,1148.0
102.43367912251549,18.68203838501266,3271,396.0
102.48326612619888,18.638919251374922,3272,188.0
103.38903742717659,18.445422139175577,3273,148.003
102.90529464667823,19.045856075081065,3274,641.0
102.69347190268284,18.634607338011147,3275,208.058
102.95757659621398,18.932129360111535,3276,1046.0
103.26776486382046,19.05798333141668,3277,689.0
103.29767876278164,18.65320246439242,3278,611.0
102.4247858012027,18.9641992157546,3279,328.001
102.78941197502681,18.800616002516435,3280,335.002
103.18853345576112,18.98117737462446,3281,1819.0
103.27126829342852,19.087358241207387,3282,733.0
102.78186612664021,18.96015679697606,3283,569.0
102.47760673990892,18.921619071287335,3284,329.0
102.85975006177337,19.028877916211208,3285,701.0
103.29848724653735,18.83888423361993,3286,717.0
102.40915511525903,19.023488024506488,3287,492.0
102.6802666680063,18.794148132470774,3288,1099.0
102.41670096364562,18.511178817973125,3289,190.0
102.69023796766001,18.626522500454072,3290,208.057
103.14757027880526,18.991418168863422,3291,2246.0
102.56707894220723,18.69632159803016,3292,208.008
102.47572027781227,18.517916182604022,3293,216.0
102.58836901444086,18.59795607441907,3294,208.036
103.36100999031207,18.887123764377147,3295,1218.0
102.50509518760299,18.69227917925162,3296,271.0
103.26668688547952,18.606310406561384,3297,719.0
102.45577767850482,18.971206074970734,3298,325.0
103.18368255322687,18.43167791532855,3299,164.001
102.49323742585261,18.823523042261485,3300,302.0
102.40699915857714,18.88739325896238,3301,254.0
102.37465980834882,18.474797048966284,3302,195.0
103.4469787630023,18.61574271704464,3303,1205.0
102.6915854405862,18.9641992157546,3304,746.0
102.38517009717303,18.73782376415648,3305,230.0
102.34258995270577,19.08115986574696,3306,1247.0
102.44391991675444,18.775822500674735,3307,250.0
103.07831017039965,18.9536889269304,3308,1512.0
102.65223923114176,18.731086399525584,3309,518.0
103.1012172101447,18.908683331196013,3310,1312.0
103.17694518859598,18.67880444998983,3311,469.0
102.7592285814804,18.947490551469976,3312,365.0
102.81420547686851,18.78794975701035,3313,906.0
102.8088155851638,18.970936580385498,3314,807.0
103.09960024263329,18.757227374293464,3315,1521.0
102.50940710096675,18.860443800438794,3316,231.0
103.02845367213102,18.513604269240247,3317,683.0
102.30566919452845,18.918924125434977,3318,627.0
102.5150664872567,18.51144831255836,3319,193.0
103.0688778599164,18.890357699399974,3320,1210.0
102.69347190268284,18.42035914274864,3321,757.0
103.14298887085626,18.83484181484139,3322,1524.0
103.29498381692927,18.89790354778658,3323,722.0
103.00958905116451,18.59795607441907,3324,567.0
102.98560403307852,18.738093258741717,3325,1009.0
102.29893182989755,18.50066852914893,3326,235.0
102.29435042194855,18.848855533273653,3327,361.0
103.01578742662493,18.431947409913786,3328,379.0
102.62987118056718,18.528426471428222,3329,234.0
102.68296161385865,18.93239885469677,3330,603.0
103.14271937627102,18.589871236861995,3331,998.0
103.4070935643874,18.6117002982661,3332,1326.0
103.03680800427333,18.767468168532424,3333,1042.0
102.7869865237597,18.617359684556053,3334,942.0
102.96404446625965,18.922427555043043,3335,859.0
103.11064952062796,18.705753908513415,3336,825.0
102.89694031453593,19.093287122082575,3337,949.0
102.94140692109984,19.016750659875594,3338,761.0
102.94976125324214,19.03911871045017,3339,811.0
102.60399970038455,18.683655352524074,3340,230.0
103.15026522465763,18.817055172215824,3341,1217.0
103.23919843778546,18.633529359670206,3342,580.0
102.8171699173061,18.831877374403795,3343,429.0
102.48811702873313,18.454854449658832,3344,173.003
102.93790349149177,18.714916724411435,3345,1148.0
103.05621161441032,18.62086311416412,3346,486.0
102.26955692010685,18.595530623151948,3347,247.0
102.39702785892341,19.035884775427338,3348,749.0
102.44338092758397,19.08601076828121,3349,328.0
102.46709645108473,18.708448854365773,3350,673.0
103.28986341980979,18.565347229605532,3351,370.0
102.50105276882445,18.444613655419868,3352,173.002
102.92901017017898,19.039388205035404,3353,644.0
103.21979482764847,18.582325388475393,3354,564.0
102.80908507974902,18.65589741024478,3355,866.0
102.21565800305967,18.50713639919459,3356,234.0
103.32732316715759,18.42763549655001,3357,157.0
102.44526738968062,18.43491185035138,3358,176.0
103.2184473547223,18.552411489514213,3359,375.0
103.03465204759144,18.882811851013372,3360,1129.0
102.48407460995459,18.438145785374207,3361,173.002
102.47949320200557,19.020523584068894,3362,725.0
103.13840746290725,18.71976762694568,3363,1107.0
103.04812677685324,18.529234955183927,3364,360.0
102.97212930381673,18.63002593006214,3365,577.0
102.80342569345908,19.085471779110737,3366,1177.0
102.43071468207789,18.4192811644077,3367,192.0
103.1486482571462,19.011899757341347,3368,1947.0
102.50482569301775,18.67341455828511,3369,572.0
102.76273201108846,18.76369524433912,3370,771.0
102.28949951941429,18.846969071177003,3371,371.0
102.7675829136227,18.826217988113843,3372,335.003
103.36855583869867,18.928895425088704,3373,1245.0
102.4991663067278,18.76261726599818,3374,224.0
102.98156161429998,18.634876832596383,3375,419.0
102.50509518760299,18.670989107017988,3376,515.0
103.42838363662102,18.59876455817478,3377,1635.0
102.60831161374831,18.750759504247803,3378,242.0
102.2587771366974,18.541631706104777,3379,226.0
102.61828291340204,18.472641092284398,3380,208.015
102.88589103654125,18.95449741068611,3381,1028.0
103.26453092879763,18.841040190301815,3382,936.0
103.39846973765985,18.870954089262995,3383,770.0
103.34187587476032,19.00058098476144,3384,842.0
102.2075731655026,19.016481165290358,3385,567.0
102.60076576536171,18.660209323608555,3386,228.0
102.71018056696747,18.910839287877902,3387,335.01
102.86487045889285,18.561843799997465,3388,413.0
102.98371757098187,18.504710947927464,3389,673.0
103.24836125368347,18.864216724632097,3390,1218.0
103.39307984595513,18.88954921564427,3391,1040.0
102.733626595883,19.084393800769792,3392,1241.0
102.2789892305901,18.912725749974552,3393,439.0
102.7743202782536,18.75480192302634,3394,335.0
102.24314645075373,18.91676816875309,3395,560.0
102.65789861743171,19.02672195952932,3396,1366.0
103.28070060391178,18.4192811644077,3397,157.001
102.42128237159463,18.68069091208648,3398,254.0
102.76704392445224,18.779864919453274,3399,335.001
102.49296793126737,18.867450659654928,3400,230.002
102.36145457367228,18.458627373852135,3401,210.0
102.88373507985936,18.594452644811007,3402,419.0
102.25823814752694,18.872301562189172,3403,439.0
102.92847118100852,18.402572500123075,3404,560.0
102.28734356273242,18.565077735020296,3405,223.0
102.94733580197503,19.058791815172388,3406,723.0
103.2868989793722,19.04423910756965,3407,826.0
103.13113110910588,19.040735677961585,3408,1239.0
102.30863363496604,18.761269793072,3409,254.0
102.5991487978503,18.829182428551437,3410,653.0
103.02926215588673,18.402572500123075,3411,325.0
102.72796720959303,18.593913655640534,3412,211.0
102.92550674057092,18.77285806023714,3413,689.0
102.38975150512204,18.616012211629872,3414,189.0
103.23650349193309,18.421976110260058,3415,171.0
102.84034645163639,18.511178817973125,3416,500.0
102.5802841768838,18.980099396283517,3417,520.0
103.39227136219942,18.81328224802252,3418,410.0
102.29839284072708,18.755071417611575,3419,228.0
102.28410962770958,18.70979632729195,3420,215.0
102.46871341859614,18.61762917914129,3421,196.0
103.43539049583715,18.553489467855155,3422,483.0
102.31483201042647,18.893591634422805,3423,430.0
103.11226648813937,18.4440746662494,3424,410.0
103.16077551348182,18.853436941222665,3425,1705.0
103.15565511636234,18.568311670043126,3426,764.0
103.07965764332583,18.93293784386724,3427,1613.0
102.4293672091517,18.69174019008115,3428,282.0
102.97239879840195,18.978212934186864,3429,1302.0
103.16212298640801,18.95180246483375,3430,2064.0
103.0020432027779,18.434642355766144,3431,366.0
103.16562641601607,18.74510011795785,3432,970.0
103.1898809286873,18.65670589400049,3433,543.0
102.20945962759924,18.82837394479573,3434,430.0
103.19634879873296,18.842387663227992,3435,1654.0
103.23300006232503,18.85316744663743,3436,1356.0
102.58297912273615,18.409309864753972,3437,192.0
102.95056973699785,18.948838024396156,3438,1618.0
103.0696863436721,19.02160156240984,3439,1376.0
102.96754789586771,18.45620192258501,3440,422.0
102.714222985746,19.05852232058715,3441,1503.0
102.69886179438757,18.881194883501955,3442,524.0
102.5810926606395,18.76369524433912,3443,271.0
102.73793850924676,18.71788116484903,3444,729.0
102.63283562100477,18.768276652288133,3445,289.0
102.55279572918973,19.07415300653083,3446,640.0
103.36909482786913,18.79765156207884,3447,646.0
102.4789542128351,18.594722139396243,3448,184.0
103.15942804055564,18.506058420853645,3449,904.0
102.65008327445987,18.888471237303325,3450,1010.0
102.38543959175826,18.89601708568993,3451,252.0
102.95434266119116,18.440301742056096,3452,436.0
103.39442731888131,18.40284199470831,3453,169.0
102.48245764244317,19.05717484766097,3454,622.0
102.59941829243553,18.53570282522959,3455,208.041
103.23758147027404,18.719498132360442,3456,577.0
102.44661486260681,18.787680262425116,3457,255.0
102.4773372453237,18.779595424868038,3458,244.0
103.43970240920093,18.886584775206675,3459,676.0
103.1793706398631,18.98764524467012,3460,1699.0
102.36199356284274,18.939675208498137,3461,281.0
103.04246739056327,18.83996221196087,3462,1575.0
102.81501396062421,18.919193620020213,3463,531.0
102.9516477153388,18.472910586869634,3464,422.0
102.88858598239361,18.6650602261428,3465,1167.0
102.2752163063968,18.950724486492806,3466,507.0
102.65277822031223,18.977943439601628,3467,482.0
103.08908995380908,18.708448854365773,3468,842.0
102.90125222789969,18.544865641127608,3469,242.0
103.3537336365107,18.478569973159587,3470,580.0
102.72311630705879,19.05474939639385,3471,1106.0
103.42649717452437,18.610891814510392,3472,1841.0
102.28572659522099,18.633529359670206,3473,218.0
103.37529320332956,18.771510587310964,3474,1181.0
102.74602334680384,18.63838026220445,3475,216.0
102.457125151431,19.029416905381677,3476,348.0
102.29165547609618,18.709526832706715,3477,215.0
103.30064320321924,18.72812195908799,3478,867.0
102.83953796788069,18.805197410465446,3479,915.0
102.4113110719409,18.832416363574268,3480,250.0
103.30252966531589,18.55968784331558,3481,397.0
102.98641251683422,18.76908513604384,3482,759.0
103.22572370852366,18.936710768060543,3483,1276.0
103.05513363606937,18.523036579723502,3484,785.0
102.21565800305967,18.48827177822808,3485,246.0
102.66517497123309,19.010013295244697,3486,1019.0
103.23030511647268,18.820289107238654,3487,1215.0
103.04812677685324,19.0671461473147,3488,892.0
102.39406341848581,18.841579179472287,3489,298.0
102.54902280499643,18.41200481060633,3490,176.001
102.933591578128,18.89466961276375,3491,721.0
102.85975006177337,18.77770896277139,3492,910.0
103.39388832971083,18.95180246483375,3493,848.0
102.37169536791123,18.613856254947986,3494,534.0
102.21431053013349,18.94021419766861,3495,796.0
103.16239248099323,18.966355172436486,3496,1900.0
102.65601215533506,18.459705352193076,3497,208.022
102.74683183055954,18.62679199503931,3498,417.0
102.72742822042257,19.046395064251538,3499,952.0
102.7171874261836,18.506597410024117,3500,874.0
103.22545421393843,19.06121726643951,3501,1206.0
102.95569013411733,18.611430803680864,3502,645.0
102.74979627099714,18.680421417501243,3503,209.0
103.27126829342852,18.471293619358217,3504,433.0
102.62178634301011,18.958270334879412,3505,807.0
103.33406053178848,18.932129360111535,3506,1267.0
102.97482424966908,19.029686399966913,3507,1285.0
103.31681287833338,18.688506255058318,3508,604.0
103.14541432212337,18.7469865800545,3509,1451.0
102.3541782198709,18.426827012794302,3510,189.001
103.06914735450164,18.71572520816714,3511,1275.0
103.03034013422767,18.670450117847516,3512,981.0
102.72581125291116,19.035884775427338,3513,917.0
102.74225042261054,19.043161129228707,3514,566.0
102.790759447953,18.660748312779027,3515,1056.0
103.10445114516753,18.844274125324645,3516,1432.0
102.99234139770941,18.628139467965486,3517,407.0
103.10067822097423,18.70737087602483,3518,911.0
103.06564392489356,18.728930442843698,3519,1105.0
102.87618923147276,18.904640912417477,3520,964.0
103.34537930436838,19.09220914374163,3521,449.0
102.47033038610756,18.744561128787378,3522,426.0
102.3819361621502,18.60523242822044,3523,316.0
102.9449103507079,18.554297951610863,3524,622.0
102.52369031398426,18.739979720838367,3525,212.0
102.66059356328407,18.876882970138183,3526,706.0
103.15592461094758,18.56022683248605,3527,455.0
103.41760385321159,18.708179359780537,3528,300.0
102.9742852604986,18.693896146763038,3529,1544.0
102.26255006089072,18.890357699399974,3530,551.0
102.90017424955875,19.015403186949413,3531,987.0
103.06240998987073,18.789566724521766,3532,1245.0
102.98856847351611,18.51818567718926,3533,715.0
102.82983616281219,19.026452464944082,3534,923.0
102.8365735274431,18.482881886523362,3535,651.0
102.76569645152605,18.841848674057523,3536,487.0
102.73928598217294,18.79333964871507,3537,1176.0
102.79668832882818,18.976326472090214,3538,614.0
102.371425873326,18.502016002075106,3539,232.0
102.29569789487472,18.83295535274474,3540,308.0
102.24934482621416,18.67152809618846,3541,275.0
102.4579336351867,18.78929722993653,3542,239.0
103.26641739089428,18.686080803791196,3543,1610.0
102.31590998876742,19.078195425309367,3544,871.0
102.96835637962342,18.6259835112836,3545,390.0
103.18691648824971,18.850203006199834,3546,1597.0
102.52746323817756,18.83672827693804,3547,276.0
103.03707749885857,18.423054088601,3548,399.0
103.28851594688362,19.001658963102386,3549,1082.0
102.55602966421256,18.81004831299969,3550,246.0
102.87942316649558,18.5793609480378,3551,567.0
103.26453092879763,19.09113116540069,3552,671.0
102.80477316638526,18.76773766311766,3553,939.0
102.80288670428861,18.90383242866177,3554,378.0
102.86244500762572,18.966624667021723,3555,1122.0
103.06294897904121,18.57019813213978,3556,286.0
103.44536179549088,18.459705352193076,3557,157.0
102.77917118078786,18.995191093056725,3558,1075.0
103.42676666910961,18.467520695164918,3559,161.0
102.42424681203222,18.448925568783643,3560,184.0
102.37573778668977,18.999503006420497,3561,989.0
102.54767533207026,18.631642897573553,3562,208.015
102.96727840128247,18.52330607430874,3563,746.0
102.34824933899571,18.73458982913365,3564,258.0
103.34942172314692,19.090861670815453,3565,347.0
102.7869865237597,18.843465641568937,3566,335.005
102.26982641469208,18.519533150115436,3567,230.0
103.40385962936456,18.613047771192278,3568,1161.0
102.5991487978503,18.912725749974552,3569,827.0
102.81124103643091,18.615473222459404,3570,629.0
102.98829897893087,19.001658963102386,3571,1087.0
103.01875186706252,18.93374632762295,3572,1279.0
102.88211811234795,18.73728477498601,3573,578.0
103.26695638006476,18.856131887075023,3574,1292.0
103.08962894297956,18.98495029881776,3575,1751.0
102.93844248066225,18.877960948479128,3576,568.0
102.60426919496977,19.02321852992125,3577,605.0
103.38068309503429,18.402033510952602,3578,171.0
103.11765637984409,18.797382067493604,3579,1234.0
102.24395493450943,18.84508260908035,3580,480.0
103.23219157856933,19.051245966785782,3581,1053.0
102.68080565717676,18.79010571369224,3582,1131.0
103.44940421426942,18.880925388916722,3583,733.0
102.83630403285785,18.91353423373026,3584,674.0
103.38876793259136,18.9927656417896,3585,782.0
102.26820944718067,18.603076471538554,3586,256.0
103.28959392522457,18.5297739443544,3587,1193.0
102.86082804011431,18.642692175568225,3588,465.0
102.69481937560903,18.801424486272143,3589,1099.0
102.54902280499643,18.998694522664792,3590,1235.0
102.63337461017525,18.54540463029808,3591,208.047
102.8554381484096,18.95314993775993,3592,1339.0
103.13840746290725,19.10029398129871,3593,1466.0
103.22168128974512,18.87122358384823,3594,1404.0
102.99045493561276,18.910030804122194,3595,1040.0
103.13840746290725,18.528695966013455,3596,1046.0
102.58756053068515,18.547560586979966,3597,208.033
102.82498526027794,18.83026040689238,3598,351.0
102.81878688481753,18.509292355876475,3599,653.0
102.59321991697512,18.60253748236808,3600,208.036
102.81878688481753,18.67799596623412,3601,1300.0
102.83522605451691,18.715455713581903,3602,1023.0
103.05944554943314,18.985219793402997,3603,1529.0
102.96242749874823,18.77690047901568,3604,1068.0
103.11496143399172,18.603615460709026,3605,875.0
102.97617172259525,19.084393800769792,3606,592.0
102.27629428473774,18.742135677520256,3607,270.0
102.60238273287312,19.062564739365687,3608,1180.0
102.45847262435719,18.994382609301017,3609,438.0
102.70425168609228,18.74617809629879,3610,1124.0
102.50940710096675,18.993304630960072,3611,761.0
102.91957785969574,18.570467626725016,3612,588.0
103.35777605528924,18.54621311405379,3613,1046.0
102.74359789553672,18.736206796645067,3614,884.0
102.82606323861889,18.81274325885205,3615,872.0
103.06052352777408,18.422245604845294,3616,382.0
102.50536468218822,19.056905353075734,3617,514.0
102.28761305731764,18.413621778117747,3618,220.0
103.09313237258762,19.042352645473,3619,1954.0
102.28249266019817,18.66317376404615,3620,205.001
103.24943923202441,18.687428276717377,3621,1749.0
102.43853002504973,19.02995589455215,3622,258.0
102.39136847263345,18.68796726588785,3623,473.0
103.13140060369112,19.0280694324555,3624,1310.0
102.41804843657181,18.694704630518743,3625,301.0
102.84465836500016,18.52330607430874,3626,528.0
103.25348165080295,18.566425207946477,3627,378.0
102.70236522399563,18.642153186397753,3628,208.059
102.31294554832982,18.614125749533223,3629,209.0
102.85732461050625,18.65993982902332,3630,631.0
102.23883453738996,18.921619071287335,3631,642.0
102.5360870649051,18.930781887185354,3632,682.0
103.18503002615304,18.716533691922848,3633,680.0
102.8419634191478,18.631373402988316,3634,354.0
103.15700258928852,18.455932427999777,3635,370.0
102.70344320233657,18.618707157482234,3636,320.0
102.4323316495893,19.062564739365687,3637,375.0
102.68161414093247,19.042622140058235,3638,979.0
103.15915854597041,18.814360226363466,3639,1165.0
102.77162533240124,18.808431345488277,3640,549.0
102.52234284105808,19.00462340353998,3641,842.0
102.74332840095148,18.71060481104766,3642,503.0
103.36316594699394,18.72866094825846,3643,648.0
102.46278453772095,18.436528817862794,3644,173.007
102.76515746235559,18.923236038798752,3645,469.0
102.67811071132441,19.02079307865413,3646,821.001
103.2545596291439,18.423323583186235,3647,157.003
102.27871973600486,18.668024666580394,3648,220.0
103.00096522443695,18.71895914318997,3649,677.0
102.20218327379789,18.56426925126459,3650,337.0
102.70344320233657,18.624636038357423,3651,354.0
103.30738056785013,18.500129539978456,3652,1132.0
103.29929573029305,18.97336203165262,3653,1023.0
103.13867695749248,18.84912502785889,3654,1879.0
102.33827803934199,18.58367286140157,3655,218.0
103.15188219216904,18.96608567785125,3656,2333.0
102.27198237137397,18.668563655750866,3657,228.0
102.36226305742798,18.699825027638227,3658,427.0
102.75087424933808,18.92188856587257,3659,404.0
102.62744572930006,18.719228637775206,3660,242.0
102.67622424922776,19.07361401736036,3661,1340.0
102.88050114483653,18.94210065976526,3662,970.0
103.10552912350848,18.727852464502753,3663,1298.0
103.10229518848564,18.720845605286623,3664,1079.0
102.28761305731764,18.617359684556053,3665,266.0
102.29569789487472,18.845352103665586,3666,370.0
102.99719230024365,18.874727013456297,3667,1125.0
102.75464717353138,18.61628170621511,3668,782.0
103.18260457488593,18.9499160027371,3669,1437.0
103.12358526071928,18.544326651957135,3670,295.0
103.18098760737452,18.90760535285507,3671,1104.0
103.14568381670861,18.47318008145487,3672,568.0
102.78159663205497,18.998694522664792,3673,954.0
103.15349915968045,19.069841093167057,3674,748.0
103.14918724631669,18.786332789498935,3675,1316.0
102.37573778668977,18.541901200690013,3676,210.0
102.93170511603134,18.75668838512299,3677,728.0
102.49431540419354,18.470215641017276,3678,187.0
103.17371125357315,18.431408420743313,3679,166.0
103.20928453882428,18.99222665261913,3680,1214.0
102.84007695705115,18.50821437753553,3681,536.0
103.04677930392705,18.448117085027935,3682,417.0
103.39981721058602,19.058252826001915,3683,721.0
102.31375403208553,18.60442394446473,3684,206.0
102.20972912218448,18.734320334548414,3685,248.0
102.72796720959303,19.003545425199036,3686,468.0
103.13382605495823,18.973901020823092,3687,2442.0
102.62394229969199,18.75426293385587,3688,288.0
103.22087280598942,18.863677735461625,3689,1307.0
102.99665331107319,19.07361401736036,3690,1121.0
103.01228399701687,18.787680262425116,3691,1130.0
102.3113285808184,18.75210697717398,3692,225.0
102.4991663067278,18.43410336659567,3693,173.001
103.25051721036536,18.590410226032468,3694,1168.0
102.938172986077,18.494470153688503,3695,521.0
103.12924464700923,18.67341455828511,3696,714.0
103.10229518848564,18.469407157261568,3697,490.0
103.38418652464235,18.54082322234907,3698,1152.0
103.11738688525885,18.515221236751664,3699,960.0
102.80989356350474,18.632720875914497,3700,694.0
103.38768995425042,18.55375896244039,3701,649.0
103.1944623366363,18.728930442843698,3702,732.0
103.00285168653362,18.570737121310252,3703,236.0
103.36909482786913,18.77878694111233,3704,989.0
102.49539338253449,18.403380983878783,3705,171.001
103.40224266185315,18.450812030880293,3706,148.002
102.50859861721105,18.797112572908368,3707,346.0
102.50940710096675,18.79980751876073,3708,383.0
102.49377641502308,18.68904524422879,3709,767.0
102.93790349149177,19.05070697761531,3710,596.0
102.25581269625981,18.773936038578086,3711,315.0
103.3591235282154,18.53381636313294,3712,1381.0
102.9726682929872,18.98441130964729,3713,1336.0
102.53042767861515,18.69820806012681,3714,209.0
102.73982497134341,18.46536473848303,3715,1450.0
103.31869934043003,18.898173042371816,3716,792.0
102.74548435763337,18.562382789167938,3717,208.048
102.73955547675818,18.683385857938838,3718,208.062
102.67918868966535,18.486924305301898,3719,218.0
102.87484175854658,18.956383872782762,3720,1018.0
102.29057749775524,18.716533691922848,3721,219.0
102.59887930326506,19.091400659985926,3722,1072.0
102.87026035059758,18.502554991245578,3723,719.0
102.27494681181156,18.909222320366485,3724,505.0
103.34295385310126,18.430060947817132,3725,157.0
103.2251847193532,18.947760046055212,3726,1167.0
103.11711739067361,19.095712573349697,3727,1535.0
102.77512876200932,18.956383872782762,3728,589.0
103.32947912383946,18.63972773513063,3729,1182.0
103.02198580208535,18.582055893890157,3730,250.0
102.73470457422394,19.091939649156398,3731,1244.0
102.59160294946369,19.059600298928093,3732,950.0
103.21898634389277,18.89871203154229,3733,938.0
102.89801829287686,18.449734052539352,3734,517.0
102.25904663128264,18.714916724411435,3735,416.0
102.67703273298346,18.77501401691903,3736,806.0
102.5112935630634,18.502554991245578,3737,182.0
102.39082948346298,18.921619071287335,3738,274.0
103.40143417809745,19.031572862063566,3739,331.0
102.681075151762,18.51818567718926,3740,208.043
102.32210836422783,18.78794975701035,3741,258.0
103.12520222823069,18.751298493418275,3742,1446.0
102.70398219150705,19.04289163464347,3743,1252.0
103.17613670484026,18.60253748236808,3744,486.0
102.92658471891187,18.721923583627564,3745,1070.0
102.27737226307869,19.02402701367696,3746,632.0
103.12789717408305,18.664790731557563,3747,705.0
102.71071955613795,18.861252284194503,3748,673.0
103.43161757164386,18.95584488361229,3749,438.0
103.30468562199778,19.01809813280177,3750,813.0
102.55764663172397,18.413621778117747,3751,176.001
102.68242262468817,18.62409704918695,3752,208.038
102.84600583792634,18.5936441610553,3753,250.0
102.23128868900335,18.88631528062144,3754,467.0
103.22761017062031,18.93293784386724,3755,1277.0
103.29201937649168,18.557531886633694,3756,438.0
103.42083778823442,18.894939107348986,3757,1084.0
102.4827271370284,18.720845605286623,3758,729.0
102.65601215533506,18.917576652508796,3759,582.0
102.24179897782756,18.524384052649683,3760,226.0
103.28150908766749,18.81651618304535,3761,928.0
102.4293672091517,18.942370154350495,3762,349.0
102.92469825681522,18.453237482147415,3763,470.0
102.58890800361134,18.606849395731857,3764,242.0
102.76650493528176,18.899520515297993,3765,383.0
102.70020926731374,18.455393438829304,3766,288.0
102.23748706446378,18.423323583186235,3767,423.0
102.31483201042647,18.51414325841072,3768,427.0
103.01497894286922,18.630834413817848,3769,421.0
102.95380367202068,18.41847268065199,3770,443.0
103.25105619953584,18.767468168532424,3771,1022.0
102.21862244349727,19.096521057105406,3772,785.0
102.72500276915544,18.86152177877974,3773,548.0
103.09852226429234,18.508753366706003,3774,836.0
102.26497551215783,19.06633766355899,3775,1135.0
102.69805331063186,18.512795785484542,3776,243.0
102.3210303858869,19.08466329535503,3777,1101.0
102.2550042125041,18.504171958756995,3778,236.0
103.00392966487455,18.399877554270716,3779,148.018
103.17505872649932,18.467790189750154,3780,503.0
102.92658471891187,18.43868477454468,3781,498.0
103.24270186739352,18.679073944575066,3782,1186.0
102.46628796732902,18.877691453893892,3783,230.002
102.38732605385492,18.793070154129833,3784,244.0
102.4819186532727,18.43275589366949,3785,173.001
103.00473814863027,18.91542069582691,3786,1455.0
102.52934970027421,19.017289649046063,3787,1000.0
102.47922370742035,18.647004088931997,3788,183.0
103.4116749723364,18.744561128787378,3789,414.0
102.87618923147276,18.89871203154229,3790,850.0
102.97832767927714,19.030225389137385,3791,1400.0
103.36154897948254,18.890357699399974,3792,1336.0
102.84358038665921,18.547830081565202,3793,212.0
103.10795457477559,18.500938023734165,3794,812.0
103.104990134338,18.659670334438083,3795,482.0
102.72796720959303,18.87391852970059,3796,901.0
102.28572659522099,18.462939287215907,3797,350.0
103.16212298640801,18.94021419766861,3798,1571.0
102.63472208310144,18.567772680872654,3799,208.048
102.82687172237459,18.79899903500502,3800,635.0
102.76111504357705,18.43679831244803,3801,1279.0
102.64604085568133,18.636763294693036,3802,208.025
103.4356599904224,18.538397771081947,3803,577.0
102.61370150545304,18.759922320145822,3804,405.0
103.23407804066598,18.813012753437285,3805,1141.0
102.73174013378635,18.49986004539322,3806,1052.0
102.57381630683813,18.802502464613088,3807,587.0
103.32651468340187,18.86286925170592,3808,680.0
102.59456738990129,18.834302825670918,3809,663.0
102.26255006089072,18.971745064141203,3810,614.0
103.19230637995442,19.026452464944082,3811,1611.0
102.4323316495893,18.409040370168736,3812,174.0
102.50859861721105,18.404458962219728,3813,173.0
102.48326612619888,18.985219793402997,3814,487.0
103.32166378086762,18.482073402767654,3815,622.0
102.83145313032361,18.81139578592587,3816,831.0
102.66328850913644,18.626253005868836,3817,208.031
102.46574897815854,18.686080803791196,3818,907.0
102.69077695683049,18.583403366816334,3819,208.056
102.64415439358469,18.797112572908368,3820,484.0
103.17748417776644,19.004353908954744,3821,1874.0
103.2251847193532,18.46671221140921,3822,605.0
102.42963670373695,18.90113748280941,3823,445.0
102.50913760638151,18.60846636324327,3824,192.0
103.08262208376343,18.507405893779826,3825,768.0
102.92550674057092,18.927278457577287,3826,1037.0
103.18449103698258,18.422245604845294,3827,170.0
102.74898778724143,18.459166363022604,3828,1563.0
102.60992858125974,18.647812572687705,3829,208.027
103.12735818491258,18.526809503916805,3830,976.0
102.95191720992403,18.740249215423603,3831,802.0
103.04947424977941,18.504710947927464,3832,688.0
103.20982352799474,18.80923982924398,3833,1367.0
103.22464573018271,18.69497412510398,3834,795.0
102.67999717342106,19.091939649156398,3835,1260.0
102.20811215467307,18.73458982913365,3836,230.0
102.67352930337539,18.71707268109332,3837,1441.0
103.37017280621008,18.44191870956751,3838,148.004
102.32507280466542,18.673684052870346,3839,217.0
103.0982527697071,19.034806797086397,3840,2111.0
102.99476684897654,18.736745785815536,3841,1012.0
102.80827659599332,18.803310948368793,3842,449.0
103.00662461072692,18.944795605617617,3843,1110.0
102.74090294968435,18.4583578792669,3844,1431.0
102.80396468262956,18.657783872341433,3845,1196.0
102.47194735361897,18.93751925181625,3846,348.0
102.83010565739743,18.96285174282842,3847,1246.0
103.10013923180375,18.962043259072715,3848,1461.0
102.39002099970727,18.522767085138266,3849,240.0
102.7638099894294,18.62679199503931,3850,413.0
103.17155529689126,19.08466329535503,3851,983.0
103.39631378097796,18.605771417390912,3852,866.0
102.77647623493549,19.079542898235548,3853,1521.0
102.29758435697137,18.783907338231813,3854,295.0
103.38580349215377,18.896286580275163,3855,1093.0
102.98506504390805,19.064181706877104,3856,744.0
103.1516126975838,18.804658421294974,3857,1272.0
103.31088399745819,18.864216724632097,3858,782.0
102.79048995336775,18.95907881863512,3859,364.0
102.71530096408695,18.745369612543087,3860,1131.0
102.44472840051016,18.75614939595252,3861,339.0
102.60831161374831,18.67610950413747,3862,208.028
102.27845024141963,19.0852022845255,3863,1305.0
102.99180240853894,18.734050839963178,3864,858.0
103.13247858203206,18.73917123708266,3865,1385.0
103.20254717419338,19.056366363905262,3866,1374.0
103.39820024307461,18.77097159814049,3867,918.0
102.2264377864691,18.6898537279845,3868,276.0
102.63418309393096,18.437337301618502,3869,450.0
102.64792731777798,18.49204470242138,3870,209.0
103.01201450243163,18.48342087569383,3871,556.0
103.00177370819267,18.954227916100873,3872,1130.0
102.39568038599722,18.6936266521778,3873,669.0
102.36792244371793,18.714377735240962,3874,296.0
103.2289576435465,18.972823042482148,3875,1480.0
102.34797984441047,18.876074486382475,3876,374.0
102.83333959242026,18.781212392379455,3877,1062.0
102.79938327468054,18.850741995370306,3878,335.005
102.41535349071944,18.833763836500445,3879,269.0
102.58621305775898,18.582325388475393,3880,208.035
103.28231757142319,18.45620192258501,3881,453.0
102.62286432135106,18.463208781801143,3882,208.016
103.27746666888895,18.502554991245578,3883,740.0
103.3259756942314,19.057713836831443,3884,411.0
103.11711739067361,18.7146472298262,3885,1143.0
102.61963038632823,18.84589109283606,3886,842.0
102.31752695627883,18.6259835112836,3887,204.0
102.56034157757634,18.424671056112416,3888,178.0
102.44634536802157,18.85828784375691,3889,319.0
103.0801966324963,18.733242356207473,3890,1465.0
102.49808832838686,19.00920481148899,3891,625.0
103.30818905160584,18.94856852981092,3892,1048.0
103.18556901532352,18.912725749974552,3893,1073.0
102.77593724576502,19.036154270012574,3894,852.0
103.16778237269796,19.077117446968426,3895,723.0
103.3839170300571,18.72866094825846,3896,360.0
102.54578886997359,18.419550658992936,3897,176.001
102.68377009761436,18.557262392048457,3898,208.039
102.22347334603151,18.74294416127596,3899,285.0
102.3458238877286,18.96500769951031,3900,625.0
102.8945148632688,18.417394702311046,3901,641.0
102.3835531296616,18.661287301949496,3902,545.0
102.36900042205887,18.871493078433467,3903,280.0
103.43080908788815,18.869337121751578,3904,398.0
102.50644266052916,18.94425661644715,3905,723.0
103.27342425011041,19.02995589455215,3906,939.0
103.41221396150688,18.859904811268326,3907,541.0
102.86271450221096,18.421437121089586,3908,824.0
103.08962894297956,18.413891272702983,3909,325.0
102.6134320108678,18.779325930282802,3910,651.0
103.16832136186842,18.65724488317096,3911,504.0
102.75949807606563,18.89979000988323,3912,444.0
103.05001323894989,18.97336203165262,3913,1358.0
103.41652587487064,19.01243874651182,3914,451.0
102.4676354402552,18.794687121641246,3915,223.0
103.14298887085626,18.90949181495172,3916,1287.0
103.16912984562413,18.85424542497837,3917,1683.0
102.80800710140808,18.9213495767021,3918,569.0
103.31061450287297,19.01890661655748,3919,943.0
102.45604717309006,18.69174019008115,3920,722.0
102.76623544069653,18.51656870967784,3921,385.0
103.07426775162111,18.918115641679268,3922,1434.0
102.98829897893087,18.938597230157193,3923,1003.0
102.81824789564705,19.06445120146234,3924,1323.0
102.84142442997734,19.085471779110737,3925,975.0
103.37232876289197,18.882542356428136,3926,1258.0
102.92981865393469,18.824062031431954,3927,763.0
102.20676468174689,18.786332789498935,3928,325.0
102.9268542134971,18.846969071177003,3929,706.0
103.09043742673526,19.013247230267527,3930,2237.0
102.35660367113803,18.472910586869634,3931,223.0
102.28060619810151,18.950724486492806,3932,485.0
102.99880926775508,19.021062573239366,3933,1383.0
102.9087980762863,19.008935316903752,3934,1041.0
103.23650349193309,18.751837482588744,3935,945.0
102.45308273265246,18.537319792741005,3936,221.0
102.33450511514869,18.90194596656512,3937,510.0
102.9449103507079,18.531929901036285,3938,392.0
103.31762136208908,18.587445785594873,3939,629.0
102.47706775073846,18.86017430585356,3940,303.0
103.07130331118351,18.7965735837379,3941,1127.0
103.3041466328273,18.546482608639025,3942,943.0
103.33594699388513,18.972284053311675,3943,1076.0
102.62367280510676,18.510639828802653,3944,208.043
102.58244013356567,19.096790551690642,3945,979.0
102.2714433822035,18.79576509998219,3946,668.0
102.27656377932298,18.93239885469677,3947,562.0
102.47679825615322,18.945065100202854,3948,274.0
102.37223435708171,19.08708874662215,3949,777.0
102.46817442942567,19.022410046165547,3950,367.0
103.02710619920484,18.56938964838407,3951,234.0
103.04004193929616,18.411735316021094,3952,371.0
103.37421522498862,19.07550047945701,3953,778.0
102.45901161352765,19.014055714023232,3954,427.0
102.36549699245082,19.008935316903752,3955,878.0
102.47248634278945,18.98441130964729,3956,272.0
102.7840220833221,18.931590370941063,3957,335.009
102.82444627110748,18.472641092284398,3958,742.0
103.18529952073828,18.945065100202854,3959,1517.0
102.82660222778937,19.04289163464347,3960,695.0
103.04812677685324,18.44596112834605,3961,405.0
103.18152659654498,18.870415100092522,3962,1641.0
102.97940565761809,19.079542898235548,3963,997.0
103.31896883501527,18.85828784375691,3964,575.0
102.41912641491274,18.66182629111997,3965,225.0
102.46413201064713,18.50174650748987,3966,189.0
102.3293847180292,18.821367085579595,3967,286.0
102.74144193885483,18.622210587090297,3968,507.0
103.32867064008376,18.78282935989087,3969,1056.0
102.88750800405266,18.999772501005733,3970,844.0
103.2440493403197,18.70467593017247,3971,1054.0
102.82309879818129,18.449734052539352,3972,778.0
103.03869446636998,18.719228637775206,3973,886.0
102.61235403252685,18.54540463029808,3974,208.045
102.69023796766001,19.07280553360465,3975,985.0
103.41248345609212,18.836997771523276,3976,410.0
103.12654970115688,18.67071961243275,3977,651.0
102.74629284138908,18.5440571573719,3978,208.049
102.90637262501917,19.013516724852764,3979,1055.0
102.63714753436855,18.421437121089586,3980,328.0
102.32803724510302,18.59202719354388,3981,210.0
103.047857282268,18.625444522113128,3982,338.0
102.37385132459312,18.58178639930492,3983,430.0
103.23461702983644,19.069302103996584,3984,999.0
103.4041291239498,18.547021597809493,3985,788.0
102.90233020624063,18.64673459434676,3986,507.0
102.76866089196365,18.552411489514213,3987,208.047
102.82444627110748,18.562652283753174,3988,367.0
102.75087424933808,18.842118168642756,3989,441.0
103.42568869076867,18.645926110591056,3990,1272.0
103.34942172314692,18.963929721169364,3991,1161.0
103.07372876245064,18.59526112856671,3992,396.0
102.50240024175062,18.417394702311046,3993,173.002
102.26793995259543,18.476953005648173,3994,233.0
102.38705655926968,18.508483872120767,3995,228.0
102.23748706446378,19.097329540861114,3996,528.0
103.15673309470328,18.653471958977658,3997,565.0
102.76542695694081,18.58367286140157,3998,212.0
103.08612551337148,18.923236038798752,3999,1481.0
102.87026035059758,18.84265715781323,4000,817.0
102.92550674057092,18.46024434136355,4001,516.0
102.46601847274378,18.66236528029044,4002,339.0
102.7886034912711,18.529234955183927,4003,331.0
102.29542840028948,18.855053908734078,4004,419.0
102.25662118001553,18.78660228408417,4005,348.0
103.27153778801376,18.855323403319314,4006,1298.0
103.32867064008376,18.51737719343355,4007,1143.0
103.43754645251904,18.669911128677047,4008,546.0
102.58136215522472,19.087627735792623,4009,1093.0
103.2327305677398,19.02079307865413,4010,1545.0
102.99126341936847,18.6402667243011,4011,436.0
102.74386739012195,18.950185497322337,4012,500.0
102.65035276904511,18.565886218776004,4013,208.023
102.88912497156407,18.493661669932795,4014,692.0
102.8907419390755,18.773936038578086,4015,916.0
103.3785271383524,18.820019612653418,4016,621.0
103.11765637984409,18.46482574931256,4017,468.0
103.33028760759518,18.784985316572754,4018,1083.0
102.69185493517143,18.844813114495118,4019,769.0
102.78644753458921,18.963121237413656,4020,465.0
103.17505872649932,18.71707268109332,4021,887.0
102.20999861676972,18.731894883281292,4022,246.0
102.2587771366974,18.889818710229505,4023,567.0
102.53689554866081,18.663982247801858,4024,208.009
102.49215944751167,18.87580499179724,4025,269.0
103.08908995380908,18.49258369159185,4026,660.0
102.69050746224525,19.03049488372262,4027,858.0
102.69886179438757,18.908683331196013,4028,335.01
102.45200475431152,18.723810045724218,4029,634.0
102.89801829287686,18.4335643774252,4030,627.0
102.37115637874076,18.621132608749356,4031,470.0
102.26605349049878,18.99007069593724,4032,871.0
102.5533347183602,18.53812827649671,4033,208.0
102.98129211971474,18.527348493087278,4034,483.0
103.39577479180748,18.442996687908455,4035,159.0
102.58351811190661,18.831068890648087,4036,459.0
102.41319753403755,18.496356615785153,4037,207.0
103.09798327512186,19.08008188740602,4038,1815.0
102.26820944718067,18.768815641458605,4039,239.0
103.41571739111494,19.057713836831443,4040,586.0
102.67918868966535,19.012169251926583,4041,868.0
102.32049139671642,18.773397049407613,4042,314.0
102.90313868999634,18.906527374514127,4043,769.0
103.07184230035399,18.763964738924358,4044,1262.0
102.93035764310517,18.727852464502753,4045,1021.0
102.92038634345144,18.647812572687705,4046,652.0
102.3083641403808,18.83672827693804,4047,291.0
102.23290565651477,18.530582428110108,4048,236.0
102.2016442846274,18.60846636324327,4049,323.0
102.45874211894241,18.886045786036203,4050,230.002
102.92820168642328,18.90895282578125,4051,757.0
103.18880295034636,18.916498674167855,4052,934.0
102.87160782352375,18.98656726632918,4053,1213.0
102.98668201141946,18.83484181484139,4054,1035.0
102.75788110855422,18.976865461260687,4055,797.0
102.82741071154507,18.926200479236346,4056,739.0
102.29812334614185,18.51144831255836,4057,229.0
103.32543670506094,19.088166724963095,4058,454.0
103.35804554987448,18.65670589400049,4059,810.0
102.66921739001162,18.658322861511902,4060,331.0
102.44203345465779,18.90383242866177,4061,436.0
102.77647623493549,18.94452611103238,4062,335.009
103.44428381714994,18.60388495529426,4063,1756.0
102.65709013367601,18.638919251374922,4064,208.026
102.28168417644245,18.920810587531626,4065,627.0
102.75114374392332,19.083585317014084,4066,1275.0
103.1583500622147,18.748064558395445,4067,1220.0
102.98587352766376,18.403380983878783,4068,393.0
103.17236378064696,18.87903892682007,4069,1470.0
102.5315056569561,18.555375929951808,4070,223.0
102.66032406869884,18.486115821546193,4071,208.023
102.57246883391194,18.827834955625256,4072,309.0
103.362087968653,18.731086399525584,4073,755.0
102.57139085557101,18.815438204704407,4074,331.0
102.92442876222998,18.606849395731857,4075,614.0
103.19392334746583,18.63568531635209,4076,769.0
103.29794825736687,18.933476833037712,4077,980.0
103.09474934009904,18.758305352634405,4078,1393.0
103.33513851012943,18.901406977394647,4079,1295.0
102.62798471847053,18.50578892626841,4080,208.044
102.29488941111902,18.610891814510392,4081,223.0
103.3755626979148,18.682846868768365,4082,416.0
102.53851251617223,18.54944704907662,4083,218.0
102.63930349105044,19.038040732109224,4084,1058.0
103.10148670472994,18.72946943201417,4085,1528.0
102.2587771366974,18.689584233399263,4086,308.0
102.39433291307105,19.066876652729462,4087,1175.0
102.65277822031223,18.488541272813315,4088,208.02
103.37205926830673,18.886584775206675,4089,1326.0
102.58836901444086,19.026991454114555,4090,599.0
102.738208003832,18.555375929951808,4091,208.048
103.02252479125583,19.056366363905262,4092,1094.0
102.47329482654516,19.09301762749734,4093,383.0
103.37529320332956,18.47183260852869,4094,341.0
102.29596738945996,18.611430803680864,4095,232.0
103.11253598272461,18.561843799997465,4096,986.0
103.13032262535017,18.662095785705205,4097,607.0
102.79345439380535,19.025104992017905,4098,554.0
102.73713002549106,18.91137827704837,4099,354.0
102.61262352711209,18.707640370610065,4100,278.0
102.61612695672015,19.00246744685809,4101,433.0
102.93763399690653,18.96878062370361,4102,1076.0
103.41140547775117,18.595530623151948,4103,941.0
103.06483544113786,18.78094289779422,4104,1097.0
103.32543670506094,18.775822500674735,4105,1075.0
103.37152027913626,18.62086311416412,4106,1022.0
102.5810926606395,19.042622140058235,4107,804.0
102.2827621547834,18.97767394501639,4108,475.0
102.50536468218822,18.866911670484455,4109,237.0
102.69751432146138,18.930512392600118,4110,350.0
102.32588128842114,18.60388495529426,4111,211.0
103.40466811312027,18.464286760142087,4112,159.001
103.32840114549853,18.84912502785889,4113,711.0
103.02845367213102,18.880925388916722,4114,1106.0
103.20173869043768,18.779595424868038,4115,1330.0
103.34564879895362,18.73863224791219,4116,713.0
102.86406197513715,18.438145785374207,4117,498.0
102.49539338253449,18.497704088711334,4118,182.0
103.25806305875197,18.690123222569735,4119,1938.0
102.69401089185332,18.932668349282004,4120,381.0
102.55171775084878,18.493661669932795,4121,313.0
103.05675060358078,18.852089468296484,4122,1258.0
102.62744572930006,18.709257338121482,4123,241.0
102.92523724598568,18.648351561858178,4124,684.0
102.74979627099714,18.930781887185354,4125,335.009
102.50886811179629,18.85828784375691,4126,230.002
102.45281323806722,18.69497412510398,4127,598.0
103.44805674134325,18.416316723970105,4128,156.0
102.36522749786558,18.50632791543888,4129,205.0
102.74602334680384,18.637302283863505,4130,240.0
103.33998941266367,18.777169973600916,4131,1283.0
102.50779013345534,18.84130968488705,4132,231.0
103.14056341958913,18.420089648163405,4133,186.0
102.82444627110748,19.060139288098565,4134,1278.0
102.38867352678109,18.523036579723502,4135,224.0
102.75815060313946,18.801154991686907,4136,835.0
102.58082316605426,18.60846636324327,4137,208.036
102.2760247901525,18.734859323718887,4138,291.0
102.27845024141963,18.78094289779422,4139,249.0
102.50859861721105,18.73971022625313,4140,212.0
102.35929861699039,18.47398856521058,4141,198.0
103.4402413983714,19.073075028189887,4142,947.0
102.59187244404893,18.889010226473797,4143,733.0
103.3583150444597,18.82109759099436,4144,563.0
102.56276702884345,18.54729109239473,4145,208.005
103.28339554976414,18.980099396283517,4146,1161.0
102.62636775095912,18.490966724080437,4147,229.0
103.22761017062031,18.669102644921338,4148,583.0
102.34070349060912,19.028877916211208,4149,1004.0
102.99584482731748,18.42035914274864,4150,423.0
103.0222552966706,18.5012075183194,4151,624.0
102.21107659511067,19.03130336747833,4152,639.0
103.09151540507621,18.489888745739492,4153,633.0
102.7923764154644,18.870145605507286,4154,763.0
103.30468562199778,19.043161129228707,4155,714.0
102.76866089196365,18.40553694056067,4156,785.0
103.10633760726418,18.43033044240237,4157,257.0
102.84600583792634,19.093287122082575,4158,821.0
102.22616829188387,19.05528838556432,4159,920.0
102.29408092736331,18.821367085579595,4160,393.0
102.45847262435719,18.935632789719598,4161,253.0
102.87484175854658,18.472371597699162,4162,419.0
102.77108634323078,18.732703367037,4163,550.0
102.78725601834492,18.994652103886253,4164,1140.0
102.24799735328797,18.750759504247803,4165,321.0
102.52315132481378,18.60442394446473,4166,292.0
102.5924114332194,18.66829416116563,4167,280.0
102.31590998876742,18.742674666690725,4168,240.0
102.41831793115703,18.815438204704407,4169,230.0
102.26255006089072,18.43221690449902,4170,300.0
102.88319609068888,18.677187482478413,4171,1422.0
102.54093796743935,18.511987301728833,4172,234.0
102.51560547642718,18.474527554381048,4173,203.0
102.56141955591728,18.54351816820143,4174,208.002
102.87915367191036,19.03642376459781,4175,492.0
103.10741558560512,18.604962933635203,4176,1059.0
102.49539338253449,18.493661669932795,4177,202.0
103.28285656059367,18.935632789719598,4178,1090.0
102.64604085568133,18.74779506381021,4179,383.0
102.74710132514478,18.535163836059116,4180,208.049
102.98317858181139,18.75668838512299,4181,1089.0
102.36846143288841,18.975517988334506,4182,930.0
102.67838020590963,18.85559289790455,4183,382.0
102.45901161352765,18.883889829354317,4184,230.002
102.44230294924303,18.426827012794302,4185,187.0
103.31896883501527,19.003545425199036,4186,1432.0
102.61181504335639,18.846699576591767,4187,811.0
102.78375258873686,18.766929179361952,4188,449.0
102.67299031420492,18.532468890206758,4189,208.036
102.48596107205124,18.87203206760394,4190,230.002
103.20066071209673,18.90383242866177,4191,1022.0
102.9651224446006,18.44326618249369,4192,397.0
102.51291053057483,18.582055893890157,4193,220.0
103.19958273375579,19.003545425199036,4194,1515.0
103.35319464734022,18.779864919453274,4195,1356.0
102.6915854405862,18.404728456804964,4196,542.0
102.88157912317747,18.601459504027137,4197,407.0
103.38795944883564,18.89871203154229,4198,1019.0
103.40278165102362,18.59094921520294,4199,766.0
103.38957641634707,18.884967807695258,4200,1004.0
102.68754302180766,18.565886218776004,4201,216.0
102.82687172237459,19.003006436028564,4202,537.0
103.07211179493923,18.54082322234907,4203,229.004
103.32651468340187,18.900328999053702,4204,1031.0
102.25904663128264,18.626522500454072,4205,197.0
102.65223923114176,18.426018529038593,4206,276.0
103.03168760715384,18.96824163453314,4207,1492.0
103.3680168495282,19.051784955956254,4208,337.0
103.06726089240497,18.42763549655001,4209,373.0
102.62528977261817,18.558609864974635,4210,208.046
102.79210692087918,18.66829416116563,4211,1029.0
102.52342081939902,18.979021417942572,4212,1019.0
102.87888417732512,18.512526290899306,4213,756.0
102.2226648622758,18.513873763825483,4214,227.0
102.38840403219585,18.56022683248605,4215,185.002
102.60723363540737,18.526270514746333,4216,208.041
103.18044861820404,18.602806976953318,4217,468.0
102.90179121707017,18.5688506592136,4218,540.0
103.03815547719951,18.984680804232525,4219,1288.0
103.00500764321549,18.966355172436486,4220,1239.0
103.44455331173518,18.861791273364975,4221,321.0
102.89181991741644,18.75614939595252,4222,988.0
102.514258003501,19.082507338673143,4223,693.0
102.2587771366974,18.863138746291153,4224,386.0
102.92954915934946,18.5936441610553,4225,863.0
103.19257587453966,18.48665481071666,4226,404.0
102.74952677641191,18.51225679631407,4227,599.0
103.3432233476865,18.64484813225011,4228,904.0
102.54551937538837,18.80600589422115,4229,241.0
102.21646648681538,18.703058962661057,4230,265.0
103.07884915957013,18.87445751887106,4231,1190.0
102.28949951941429,19.077117446968426,4232,981.0
102.4743728048861,18.627869973380253,4233,196.0
102.538243021587,19.064181706877104,4234,661.0
103.1020256939004,19.01243874651182,4235,2377.0
102.67757172215393,18.80088549710167,4236,1161.0
103.31708237291862,18.444883150005104,4237,159.0
102.9936888706356,18.75857484721964,4238,1178.0
103.03330457466527,18.831338385233323,4239,1380.0
102.71961287745073,18.909761309536957,4240,335.01
103.18745547742017,18.8251400097729,4241,1231.0
102.41292803945232,18.41523874562916,4242,200.0
102.90340818458158,19.096521057105406,4243,1137.0
103.24162388905258,18.78929722993653,4244,1254.0
103.04246739056327,18.645387121420583,4245,319.0
103.27234627176946,18.92593098465111,4246,1345.0
102.84331089207399,18.64242268098299,4247,442.0
102.54929229958167,18.974978999164033,4248,947.0
103.17425024274361,18.70602340309865,4249,539.0
102.73174013378635,18.651046507710536,4250,209.0
102.29758435697137,18.805466905050682,4251,297.0
103.12062082028169,19.053401923467668,4252,1561.0
103.13113110910588,18.80088549710167,4253,1116.001
102.71961287745073,18.736745785815536,4254,843.0
102.98641251683422,18.87311004594488,4255,1148.0
102.88616053112648,18.529504449769163,4256,223.0
103.15781107304423,18.8574793600012,4257,1636.0
103.23407804066598,18.47398856521058,4258,752.0
102.80288670428861,19.02214055158031,4259,693.0
102.2827621547834,18.586637301839165,4260,298.0
102.93520854563941,18.571545605065957,4261,622.0
103.18718598283493,18.997077555153375,4262,1525.0
103.32732316715759,18.709526832706715,4263,893.0
102.52126486271713,18.97740445043116,4264,1039.0
102.33773905017152,19.071997049848942,4265,1258.0
103.27019031508758,18.97524849374927,4266,953.0
102.62043887008393,18.490427734909964,4267,208.016
102.23101919441812,18.484768348620012,4268,224.0
102.60777262457785,18.489619251154256,4269,208.015
103.328940134669,18.78741076783988,4270,1074.0
102.21996991642345,18.558070875804166,4271,243.001
103.25860204792244,18.801963475442616,4272,930.0
103.1928453691249,18.54459614654237,4273,303.0
103.18044861820404,18.626522500454072,4274,381.0
103.33675547764084,18.694435135933507,4275,505.0
102.8697213614271,18.568311670043126,4276,461.0
103.01740439413635,18.874727013456297,4277,1060.0
102.36334103576893,18.589871236861995,4278,590.0
103.15996702972612,19.031033872893094,4279,1770.0
103.35723706611876,18.982794342135875,4280,1315.0
102.96108002582206,18.775822500674735,4281,1064.0
103.19850475541485,18.54217069527525,4282,303.0
103.12628020657164,18.6011900094419,4283,811.0
102.26686197425448,18.830529901477615,4284,436.0
102.33639157724534,19.079542898235548,4285,1370.0
103.11657840150315,19.00570138188092,4286,2035.0
102.67164284127874,18.583403366816334,4287,208.033
102.70020926731374,18.979560407113045,4288,799.0
103.11684789608837,18.997616544323847,4289,2271.0
102.50482569301775,18.803310948368793,4290,352.0
102.69401089185332,18.9927656417896,4291,623.0
102.85382118089818,18.52654000933157,4292,607.0
103.35562009860735,18.4087708755835,4293,163.0
102.72284681247356,18.44272719332322,4294,835.0
103.42245475574583,18.74105769917931,4295,348.0
102.37007840039982,18.589332247691523,4296,515.0
103.17667569401074,18.695243619689215,4297,471.0
103.24216287822306,18.530043438939636,4298,1226.0
102.48784753414789,18.46913766267633,4299,190.0
102.9990787623403,19.089514197889272,4300,673.0
103.39739175931891,18.415508240214397,4301,163.0
102.21458002471873,18.50713639919459,4302,239.0
102.92631522432663,18.615203727874167,4303,521.0
103.02791468296054,18.818941634312473,4304,1380.0
102.44742334636251,18.54082322234907,4305,229.0
103.42083778823442,18.907335858269835,4306,804.0
102.84600583792634,19.052593439711963,4307,711.0
103.07049482742781,18.415508240214397,4308,287.0
103.4297311095472,18.802232970027852,4309,332.0
102.62070836466917,18.496356615785153,4310,274.0
103.32274175920857,18.832416363574268,4311,698.0
102.87672822064323,18.720845605286623,4312,1285.0
102.89370637951309,18.826756977284315,4313,897.0
102.6029217220436,18.78848874618082,4314,715.0
102.8117800256014,19.051784955956254,4315,1147.0
103.00985854574974,18.67422304204082,4316,1019.0
103.26857334757617,18.931320876355826,4317,1246.0
103.15888905138517,18.81597719387488,4318,1165.0
102.88292659610366,18.67610950413747,4319,1369.0
102.52746323817756,18.697669070956337,4320,208.007
103.414639412774,18.428713474890955,4321,157.0
103.20281666877861,18.93886672474243,4322,998.0
102.61073706501544,18.915151201241674,4323,1226.0
102.22805475398053,18.554028457025627,4324,255.0
102.60265222745836,18.981985858380167,4325,465.0
102.53473959197893,18.670989107017988,4326,208.009
102.23883453738996,18.54136221151954,4327,285.0
102.31995240754595,18.5012075183194,4328,579.0
102.84977876211964,18.85424542497837,4329,467.0
103.31681287833338,19.053671418052904,4330,372.0
103.27234627176946,18.48934975656902,4331,720.0
103.17613670484026,18.969589107459317,4332,1719.0
102.65466468240888,18.87122358384823,4333,522.0
102.53743453783129,18.963929721169364,4334,957.0
102.29812334614185,18.56292177833841,4335,214.0
102.88023165025129,18.502285496660342,4336,706.0
103.19958273375579,18.634607338011147,4337,746.0
102.46709645108473,19.065259685218045,4338,592.0
102.98317858181139,18.658322861511902,4339,846.0
102.62016937549869,19.064990190632813,4340,985.0
102.43367912251549,18.903293439491296,4341,436.0
103.10687659643465,18.474258059795815,4342,451.0
102.94059843734412,18.83915372820516,4343,1038.0
103.22248977350084,18.759652825560586,4344,987.0
102.84034645163639,18.783907338231813,4345,895.0
102.59753183033888,18.454854449658832,4346,212.0
103.08127461083724,18.948299035225684,4347,1461.0
103.13490403329918,18.52896546059869,4348,1007.0
102.41481450154897,18.47318008145487,4349,209.0
102.52881071110374,18.861252284194503,4350,241.0
102.25015330996986,18.567233691702185,4351,315.0
102.90852858170106,18.413621778117747,4352,596.0
102.76515746235559,18.666138204483744,4353,789.0
102.9125710004796,18.433833872010435,4354,566.0
102.50536468218822,18.72354055113898,4355,213.0
102.99476684897654,18.832416363574268,4356,1016.0
103.26533941255333,18.420089648163405,4357,157.002
102.6667919387445,18.635954810937328,4358,208.032
102.64145944773233,18.55133351117327,4359,208.022
103.16993832937985,19.020523584068894,4360,1752.0
102.6961668485352,18.882811851013372,4361,500.0
102.70721612652987,18.95261094858946,4362,685.0
102.76354049484416,19.006240371051394,4363,737.0
103.21817786013706,18.60199849319761,4364,644.0
103.20551161463098,18.897364558616108,4365,1033.0
103.1268191957421,18.865294702973042,4366,1355.0
102.55656865338304,18.999503006420497,4367,1462.0
102.39514139682676,18.59687809607813,4368,240.0
102.34905782275142,19.014055714023232,4369,1231.0
103.44967370885466,18.977943439601628,4370,476.0
103.02845367213102,18.510100839632184,4371,684.0
103.30818905160584,18.734320334548414,4372,879.0
103.28905493605409,18.840501201131342,4373,662.0
102.42694175788459,18.429791453231896,4374,195.0
102.72661973666686,18.89197466691139,4375,754.0
102.47410331030086,18.862599757120684,4376,551.0
102.261741577135,18.463747770971615,4377,227.0
102.42316883369128,18.81921112889771,4378,231.0
102.24718886953227,18.94021419766861,4379,664.0
102.75006576558238,18.59930354734525,4380,397.0
102.83118363573837,18.921080082116863,4381,509.0
103.16266197557847,18.66640769906898,4382,706.0
103.14002443041866,18.74887304215115,4383,1470.0
102.61963038632823,18.70548441392818,4384,208.029
102.78132713746973,18.627869973380253,4385,551.0
103.3297486184247,18.740249215423603,4386,841.0
102.72581125291116,19.04882051551866,4387,1023.0
103.26048851001909,18.422245604845294,4388,157.003
102.29596738945996,19.080351381991253,4389,940.0
103.3079195570206,18.42628802362383,4390,157.0
103.30172118156017,18.794148132470774,4391,978.0
102.41238905028185,18.914342717485965,4392,244.0
102.44418941133968,18.78794975701035,4393,242.0
103.03438255300621,18.633529359670206,4394,336.0
102.8155529497947,18.939675208498137,4395,876.0
102.55737713713874,18.605501922805676,4396,208.004
103.01713489955111,18.679612933745535,4397,1307.0
102.46898291318138,18.474258059795815,4398,175.0
102.80908507974902,18.590410226032468,4399,320.0
102.88184861776271,18.559418348730343,4400,512.0
102.91823038676955,18.688775749643554,4401,1559.0
103.20901504423904,18.658861850682374,4402,707.0
102.52988868944469,18.72623549699134,4403,209.002
103.44347533339423,18.76585120102101,4404,436.0
103.0726507841097,19.02079307865413,4405,1680.0
103.23946793237069,19.016750659875594,4406,1157.0
102.51291053057483,19.033728818745452,4407,630.0
103.11442244482126,19.01971510031319,4408,2092.0
103.40251215643839,19.002736941443327,4409,418.0
102.72338580164403,19.0280694324555,4410,851.0
102.28734356273242,18.91542069582691,4411,572.0
103.13436504412871,18.94210065976526,4412,1576.0
102.22535980812816,18.682846868768365,4413,354.0
103.05216919563178,18.930781887185354,4414,1659.0
103.06267948445597,18.78013441403851,4415,1086.0
102.94302388861125,18.497704088711334,4416,404.003
102.6390339964652,18.991148674278186,4417,568.0
102.50320872550633,19.06445120146234,4418,435.0
102.81528345520945,18.77824795194186,4419,1167.0
103.04677930392705,19.070110587752293,4420,787.0
102.81743941189134,18.43868477454468,4421,866.0
102.58297912273615,19.020523584068894,4422,878.0
102.34420692021718,18.92188856587257,4423,621.0
102.39002099970727,18.437606796203738,4424,244.0
103.05513363606937,18.870145605507286,4425,1381.0
103.05836757109219,18.890896688570447,4426,1190.0
102.88993345531979,19.06445120146234,4427,521.0
102.87996215566606,18.507675388365058,4428,713.0
103.43404302291098,18.781212392379455,4429,258.0
102.20568670340595,18.647004088931997,4430,237.0
103.00958905116451,18.623019070846006,4431,490.0
102.4781457290794,18.93239885469677,4432,267.0
103.27746666888895,18.587984774765346,4433,1041.0
102.40214825604289,18.822984053091012,4434,245.0
102.81824789564705,19.00192845768762,4435,503.0
102.30863363496604,18.523036579723502,4436,230.0
103.10013923180375,19.060139288098565,4437,1539.0
102.99341937605035,19.100024486713473,4438,799.0
102.98829897893087,18.68796726588785,4439,1251.0
102.3256117938359,18.815707699289643,4440,313.0
102.98506504390805,18.734320334548414,4441,795.0
102.7524912168495,18.632181886744025,4442,260.0
102.31186756998888,18.780403908623747,4443,264.0
102.35768164947898,18.790375208277474,4444,281.0
103.01497894286922,18.703328457246293,4445,1015.0
102.42909771456647,18.46913766267633,4446,183.0
102.7411724442696,18.79064470286271,4447,1092.0
102.76812190279318,18.829990912307142,4448,394.0
103.25105619953584,18.6898537279845,4449,1821.0
103.35292515275499,18.67880444998983,4450,699.0
102.35552569279709,19.07603946862748,4451,1172.0
102.83414807617596,18.842118168642756,4452,422.0
102.56438399635488,19.00920481148899,4453,1500.0
103.2747717230366,18.94344813269144,4454,1114.0
102.77243381615695,18.45754939551119,4455,1269.0
102.54417190246218,18.614664738703695,4456,208.013
103.11280547730983,18.725696507820867,4457,1219.0
103.0936713617581,18.517646688018786,4458,919.0
103.11091901521318,18.956383872782762,4459,1591.0
102.342859447291,18.42440156152718,4460,192.0
102.90071323872922,19.08708874662215,4461,1004.0
102.43799103587925,18.68715878213214,4462,547.0
103.1508042138281,18.638919251374922,4463,893.0
103.04650980934181,18.910030804122194,4464,1840.0
102.42289933910605,18.892244161496627,4465,240.0
102.45874211894241,18.579630442623035,4466,189.0
103.16185349182277,18.64565661600582,4467,486.0
102.37250385166695,19.024296508262196,4468,974.0
103.06753038699021,19.03238134581927,4469,1333.0
102.64927479070417,19.038040732109224,4470,1400.0
102.35094428484807,18.778517446527097,4471,249.0
103.38418652464235,18.688775749643554,4472,550.0
103.24270186739352,18.493661669932795,4473,1061.0
102.45469970016387,18.49986004539322,4474,176.0
102.25769915835647,18.863677735461625,4475,373.0
103.32004681335621,18.987914739255356,4476,1182.0
102.57785872561666,18.61439524411846,4477,211.0
102.89963526038828,18.62867845713596,4478,411.0
103.20928453882428,18.53624181440006,4479,565.0
102.51695294935337,18.466981705994446,4480,184.0
103.3680168495282,18.687697771302613,4481,393.0
102.81501396062421,19.022410046165547,4482,765.0
102.42694175788459,18.413891272702983,4483,184.0
103.07615421371776,18.773127554822377,4484,1031.0
103.05890656026267,19.048281526348187,4485,932.0
102.5592635992354,18.79253116495936,4486,388.0
102.77405078366837,18.634068348840675,4487,373.0
103.2680343584057,18.711682789388604,4488,1238.0
102.72715872583733,18.945873583958562,4489,426.0
102.40268724521336,18.8356502985971,4490,254.0
103.38041360044905,19.069841093167057,4491,592.0
103.3364859830556,18.95584488361229,4492,1190.0
102.41077208277044,18.776630984430444,4493,226.0
103.00419915945979,19.041005172546818,4494,1381.0
103.05189970104654,18.606849395731857,4495,662.0
103.18449103698258,18.788219251595585,4496,1705.0
103.00069572985173,18.910569793292666,4497,1150.0
102.39945331019052,19.09113116540069,4498,537.0
102.73874699300247,18.869067627166345,4499,652.0
103.1734417589879,18.857748854586436,4500,1535.0
102.30620818369893,19.0604087826838,4501,792.0
102.25473471791888,18.57208459423643,4502,259.0
103.03896396095521,19.037501742938755,4503,1255.0
103.08531702961578,19.012169251926583,4504,2331.0
102.542824429536,18.809778818414454,4505,272.0
103.243240856564,18.731894883281292,4506,765.0
102.30054879740896,18.593913655640534,4507,305.0
103.21629139804041,18.409309864753972,4508,159.0
102.8381904949545,19.087627735792623,4509,1001.0
103.39011540551753,18.970397591215026,4510,770.0
102.3248033100802,18.520880623041617,4511,340.0
102.80692912306715,18.537319792741005,4512,297.0
103.0448928418304,18.40688441348685,4513,295.0
102.66490547664785,18.494200659103267,4514,218.0
103.03653850968809,18.952071959418987,4515,1723.0
102.60696414082214,18.92646997382158,4516,1424.0
102.36926991664411,18.548099576150438,4517,200.0
103.14164139793007,18.80681437797686,4518,1221.0
102.27845024141963,18.459705352193076,4519,355.0
103.06779988157545,19.101102465054417,4520,352.01
102.3293847180292,19.069841093167057,4521,1113.0
102.47598977239751,18.720845605286623,4522,795.0
102.85112623504583,18.68715878213214,4523,1683.0
102.55144825626355,18.518455171774495,4524,308.0
103.1696688347946,19.017828638216535,4525,1760.0
102.8465448270968,18.662634774875677,4526,743.0
102.89990475497352,19.03318982957498,4527,881.0
103.28339554976414,18.459166363022604,4528,431.0
102.43179266041884,19.085471779110737,4529,462.0
103.08289157834867,18.98656726632918,4530,2211.0
103.05459464689889,19.04558658049583,4531,997.0
102.33827803934199,18.444883150005104,4532,210.0
102.63256612641955,19.100563475883945,4533,1388.0
102.81690042272086,18.737554269571245,4534,425.0
103.08612551337148,18.512795785484542,4535,856.0
103.44078038754188,19.07226654443418,4536,949.0
102.88319609068888,18.565886218776004,4537,432.0
102.44391991675444,18.928086941332996,4538,234.0
102.95407316660592,18.856131887075023,4539,1008.0
102.34393742563194,18.73971022625313,4540,274.0
103.0680693761607,18.498782067052275,4541,711.0
103.22006432223371,19.05528838556432,4542,1166.0
103.01309248077257,18.565886218776004,4543,231.0
103.03195710173908,18.705753908513415,4544,513.0
103.03195710173908,18.81274325885205,4545,1671.0
102.23452262402618,18.44515264459034,4546,219.0
102.8554381484096,18.96366022658413,4547,1046.0
102.73093165003063,18.627869973380253,4548,476.0
102.42236034993557,19.05852232058715,4549,272.0
103.07426775162111,18.90437141783224,4550,1285.0
102.95649861787304,19.067415641899935,4551,594.0
103.03923345554045,19.020523584068894,4552,1697.0
102.85301269714247,18.930781887185354,4553,1048.0
102.99853977316984,18.515221236751664,4554,701.0
102.67622424922776,18.696591092615396,4555,964.0
102.85139572963107,18.489080261983787,4556,544.0
103.35130818524357,18.99411311471578,4557,920.0
103.08908995380908,18.614664738703695,4558,692.0
102.20919013301402,18.45350697673265,4559,211.001
102.22778525939529,18.606849395731857,4560,274.0
102.86487045889285,18.430060947817132,4561,723.0
103.14891775173145,18.871762573018703,4562,1517.0
102.54093796743935,18.925391995480638,4563,875.0
102.34474590938765,18.95907881863512,4564,356.0
102.92793219183804,18.865833692143514,4565,506.0
102.47059988069279,18.643770153909166,4566,184.0
103.43296504457004,18.986297771743942,4567,492.0
103.39442731888131,18.485307337790484,4568,539.0
102.75033526016762,18.561574305412233,4569,210.0
103.4318870662291,18.447308601272226,4570,157.0
103.35777605528924,18.48099542442671,4571,623.0
103.39227136219942,18.627600478795017,4572,1795.0
103.0688778599164,18.606310406561384,4573,348.0
103.15969753514088,18.68473333086502,4574,503.0
102.71664843701313,18.697669070956337,4575,716.0
102.20137479004218,18.922427555043043,4576,576.0
102.42667226329935,18.921080082116863,4577,260.0
103.28555150644603,18.419550658992936,4578,166.0
103.3297486184247,18.49204470242138,4579,893.0
102.99584482731748,19.07603946862748,4580,1273.0
103.1012172101447,18.575049034674024,4581,613.0
103.3116924812139,18.836189287767567,4582,926.0
102.75114374392332,19.070110587752293,4583,1317.0
102.36792244371793,18.82972141772191,4584,263.0
102.90825908711582,19.079542898235548,4585,850.0
102.78590854541875,18.920271598361158,4586,335.008
102.3083641403808,18.801424486272143,4587,326.0
102.7659659461113,18.464556254727324,4588,1446.0
102.80261720970337,18.985489287988234,4589,823.0
103.3823000625457,18.80169398085738,4590,443.0
102.57139085557101,18.930781887185354,4591,358.0
102.96323598250395,18.698747049297282,4592,1294.0
102.204608725065,18.7469865800545,4593,268.0
102.4029567397986,18.768276652288133,4594,215.0
102.89640132536545,18.99815553349432,4595,733.0
103.34025890724891,18.880925388916722,4596,1024.0
103.04947424977941,18.604962933635203,4597,510.0
102.26740096342496,18.547560586979966,4598,227.0
102.62690674012958,18.948838024396156,4599,1205.0
102.90448616292252,18.81328224802252,4600,1009.0
102.96404446625965,19.02860842162597,4601,878.0
102.43960800339067,18.518455171774495,4602,178.0
103.39712226473367,18.5297739443544,4603,1339.0
102.95137822075357,18.499321056222747,4604,519.0
102.83468706534643,18.59014073144723,4605,372.0
102.49054248000024,18.816246688460115,4606,291.0
102.67541576547204,18.476683511062937,4607,208.024
102.33342713680774,18.81651618304535,4608,319.0
102.70991107238224,18.45350697673265,4609,552.0
102.50024428506873,18.415777734799633,4610,173.002
103.4213767774049,18.486115821546193,4611,477.0
102.28141468185723,18.500938023734165,4612,223.0
103.12870565783875,18.40230300553784,4613,179.0
102.27198237137397,18.53381636313294,4614,224.0
102.47949320200557,18.842118168642756,4615,234.0
103.06914735450164,18.599573041930487,4616,427.0
102.43448760627119,19.03238134581927,4617,258.0
102.62394229969199,18.980907880039222,4618,468.0
103.0680693761607,18.517107698848314,4619,809.0
103.25914103709292,19.05906130975762,4620,750.0
102.82875818447124,18.596608601492893,4621,333.0
103.39712226473367,18.455123944244068,4622,160.0
102.40861612608855,18.750490009662567,4623,276.0
103.01363146994305,18.72488802406516,4624,914.0
102.35525619821185,18.76261726599818,4625,264.0
102.39972280477576,18.915959684997382,4626,248.0
103.24566630783112,18.994382609301017,4627,946.0
103.22734067603508,18.64619560517629,4628,968.0
103.28770746312792,18.621132608749356,4629,466.0
102.56680944762199,19.077656436138895,4630,923.0
103.20955403340952,18.467790189750154,4631,619.0
102.22913273232146,18.864216724632097,4632,478.0
102.37546829210454,18.710874305632895,4633,532.0
102.71152803989365,18.45350697673265,4634,658.0
102.82282930359605,19.05528838556432,4635,1056.0
102.37843273254214,18.415508240214397,4636,234.0
102.2684789417659,18.60442394446473,4637,245.0
102.66840890625592,18.44515264459034,4638,320.0
103.27665818513324,18.40176401636737,4639,158.0
102.2676704580102,18.506866904609353,4640,238.0
102.2819536710277,18.656975388585725,4641,211.0
103.41841233696731,18.631373402988316,4642,1622.0
102.43664356295308,19.041813656302526,4643,270.0
102.78375258873686,18.49851257246704,4644,614.0
102.4533522272377,18.92054109294639,4645,240.0
102.66274951996596,18.63568531635209,4646,208.032
102.97401576591338,18.67233657994417,4647,1332.0
102.40699915857714,19.056905353075734,4648,781.0
103.04650980934181,18.528156976842986,4649,424.0
102.78995096419729,18.749412031321622,4650,562.0
102.47006089152232,18.658322861511902,4651,356.0
102.90987605462723,18.598495063589542,4652,473.0
102.5562991587978,18.764773222680066,4653,273.0
102.80935457433426,18.736206796645067,4654,421.0
102.89316739034261,18.431408420743313,4655,667.0
103.32813165091329,18.47830047857435,4656,415.0
103.10175619931518,18.41092683226539,4657,260.0
103.16832136186842,18.608735857828506,4658,533.0
102.50482569301775,19.014055714023232,4659,906.0
103.0898984375648,19.046664558836774,4660,1988.0
102.38975150512204,18.880925388916722,4661,281.0
103.03411305842097,18.53489434147388,4662,244.0
103.35723706611876,18.623558060016478,4663,774.0
103.08558652420102,19.017020154460827,4664,2451.0
103.333521542618,18.515760225922136,4665,1116.0
102.62960168598195,18.578282969696854,4666,208.051
102.88669952029696,19.000311490176205,4667,866.0
102.89801829287686,18.561574305412233,4668,655.0
102.6667919387445,18.87068459467776,4669,583.0
102.59564536824223,19.016211670705122,4670,710.0
103.31977731877097,18.409309864753972,4671,166.0
102.99234139770941,18.895478096519458,4672,1051.0
102.95649861787304,18.64565661600582,4673,652.0
103.23569500817739,18.570467626725016,4674,746.0
102.34366793104671,18.417394702311046,4675,196.0
102.2579686529417,18.645117626835347,4676,233.0
102.34070349060912,19.05717484766097,4677,1363.0
103.05755908733649,18.490966724080437,4678,588.0
102.83010565739743,18.45242899839171,4679,791.0
102.80180872594767,18.860982789609267,4680,345.0
102.60238273287312,18.80762286173257,4681,965.0
102.65035276904511,18.81409073177823,4682,439.0
103.04812677685324,18.60765787948756,4683,559.0
103.04624031475659,18.610891814510392,4684,632.0
102.98802948434565,18.78013441403851,4685,897.0
103.14837876256097,18.870145605507286,4686,1528.0
102.38004970005355,18.83484181484139,4687,289.0
102.35875962781991,18.60846636324327,4688,680.0
102.9163439246729,18.842387663227992,4689,569.0
103.31088399745819,18.597686579833837,4690,495.0
102.98722100058993,18.895478096519458,4691,1215.0
103.18556901532352,18.618707157482234,4692,376.0
102.85975006177337,18.987914739255356,4693,731.0
103.38364753547188,18.875266002626766,4694,957.0
102.31995240754595,18.922158060457807,4695,726.0
102.54444139704742,18.822175569335304,4696,354.0
102.81231901477186,18.982255352965403,4697,592.0
103.09636630761045,18.92593098465111,4698,1281.0
102.89774879829163,18.930781887185354,4699,875.0
103.21683038721088,19.013247230267527,4700,1644.0
102.24880583704369,18.80358044295403,4701,447.0
102.81393598228327,19.088705714133567,4702,1089.0
103.02521973710819,19.024296508262196,4703,1304.0
102.38004970005355,18.46994614643204,4704,186.001
103.41356143443305,19.035884775427338,4705,336.0
102.55225674001926,18.93698026264578,4706,960.0
103.44590078466136,18.536780803570533,4707,528.0
102.59052497112275,18.687697771302613,4708,259.0
102.93413056729847,18.77097159814049,4709,571.0
102.70101775106946,18.566694702531713,4710,208.055
103.2726157663547,18.87068459467776,4711,1302.0
102.46116757020954,19.04423910756965,4712,483.0
103.36370493616442,18.544326651957135,4713,1024.0
102.98129211971474,18.710335316462423,4714,1146.0
103.00635511614168,18.658861850682374,4715,547.0
102.73605204715011,18.72812195908799,4716,1077.0
103.33459952095895,18.538667265667183,4717,1127.0
102.45173525972628,18.57127611048072,4718,181.0
103.12520222823069,18.728930442843698,4719,1500.0
102.38247515132066,18.97982990169828,4720,1382.0
103.44536179549088,18.68203838501266,4721,330.0
103.25482912372914,18.507675388365058,4722,891.0
102.72554175832592,18.770163114384783,4723,1004.0
102.88562154195601,18.420089648163405,4724,672.0
102.61262352711209,18.59283567729959,4725,208.037
102.34636287689906,18.809509323829218,4726,327.0
103.18934193951682,18.584211850572043,4727,458.0
102.82363778735177,18.865833692143514,4728,627.0
102.34528489855812,18.46859867350586,4729,208.0
102.35956811157563,18.50713639919459,4730,231.0
103.43673796876334,19.050976472200546,4731,585.0
102.43287063875978,18.982255352965403,4732,246.0
103.37071179538056,18.71114380021813,4733,818.0
102.68835150556336,19.00974380065946,4734,850.0
103.40547659687599,18.6364938001078,4735,1897.0
102.24853634245845,18.677726471648885,4736,260.0
102.62582876178865,18.829182428551437,4737,894.0
102.32318634256877,18.488541272813315,4738,660.0
102.53123616237086,18.507944882950294,4739,226.0
103.18799446659064,18.45108152546553,4740,188.0
103.2709987988433,19.02726094869979,4741,832.0
102.88292659610366,18.98495029881776,4742,1178.0
103.17451973732885,18.594991633981476,4743,602.0
103.40655457521693,19.012169251926583,4744,515.0
103.37367623581815,18.87903892682007,4745,1167.0
102.27117388761826,18.79441762705601,4746,694.0
102.93925096441795,18.85882683292738,4747,853.0
102.88130962859223,18.755879901367283,4748,1150.0
102.83333959242026,18.467520695164918,4749,603.0
102.68457858137006,19.072536039019415,4750,1158.0
102.22158688393486,18.431138926158077,4751,268.0
103.37664067625575,19.017828638216535,4752,391.0
103.00689410531214,18.69308766300733,4753,1137.0
103.22734067603508,18.633798854255442,4754,658.0
102.71206702906412,18.731894883281292,4755,930.0
102.98210060347046,18.60442394446473,4756,638.0
102.73982497134341,18.97012809662979,4757,335.011
102.50428670384727,18.823523042261485,4758,352.0
102.3113285808184,18.622480081675533,4759,203.0
103.15188219216904,18.811665280511107,4760,1185.0
102.93925096441795,18.658861850682374,4761,952.0
102.76354049484416,18.75668838512299,4762,525.0
103.104990134338,18.657514377756197,4763,384.0
103.1146919394065,18.988723223011064,4764,2247.0
103.13274807661729,18.564538745849827,4765,1105.0
102.43879951963497,18.960695786146534,4766,273.0
102.81366648769804,18.637841273033978,4767,485.0
102.28087569268675,18.4831513811086,4768,248.0
102.7457538522186,18.89062719398521,4769,967.0
102.93844248066225,18.721923583627564,4770,1019.0
102.35741215489374,18.479378456915295,4771,209.0
103.06618291406404,18.59795607441907,4772,488.0
102.94356287778172,18.88469831311002,4773,804.0
102.32345583715401,18.725157518650395,4774,352.0
103.3583150444597,18.572893077992138,4775,501.0
102.58702154151469,18.5793609480378,4776,208.035
103.16751287811272,18.93509380054913,4777,1302.0
102.25203977206651,18.562382789167938,4778,264.0
102.90637262501917,18.75102899883304,4779,683.0
102.63472208310144,19.099216002957764,4780,1366.0
102.6134320108678,18.96824163453314,4781,519.0
102.37007840039982,18.91865463084974,4782,278.0
102.82794970071554,18.982794342135875,4783,817.0
103.15565511636234,18.744561128787378,4784,1317.0
102.3541782198709,18.771510587310964,4785,252.0
103.29282786024739,18.669911128677047,4786,721.0
102.89424536868356,18.97417051540833,4787,938.0
103.39604428639272,18.751567988003508,4788,754.0
102.36792244371793,19.009474306074225,4789,775.0
102.30728616203986,18.750490009662567,4790,228.0
103.14137190334485,18.715994702752376,4791,1124.0
102.69266341892714,18.93509380054913,4792,483.0
102.23694807529331,18.51629921509261,4793,232.0
102.82255980901083,19.097868530031587,4794,1197.0
102.27683327390821,18.63918874596016,4795,229.0
103.19176739078395,18.460513835948785,4796,433.0
103.16320096474894,18.53489434147388,4797,978.0
102.49162045834119,18.80923982924398,4798,339.0
103.14218038710055,19.0528629342972,4799,981.0
103.28555150644603,19.018367627387008,4800,689.0
102.93062713769041,19.04046618337635,4801,624.0
103.2839345389346,18.954766905271345,4802,984.0
103.19580980956249,18.649160045613883,4803,534.0
102.55872461006491,18.40418946763449,4804,176.0
103.11792587442932,18.417664196896283,4805,194.0
102.66598345498879,18.484498854034776,4806,208.023
103.13436504412871,18.865025208387806,4807,1460.0
103.35642858236305,18.914342717485965,4808,1386.0
102.64253742607328,18.685272320035487,4809,320.0
102.38058868922401,19.034806797086397,4810,729.0
103.17290276981744,18.640805713471572,4811,508.0
103.21521341969947,18.676917987893177,4812,490.0
102.67083435752303,18.962582248243187,4813,379.0
102.72419428539973,18.787141273254644,4814,1410.0
103.34295385310126,18.484498854034776,4815,571.0
103.20820656048333,18.915151201241674,4816,896.0
102.86082804011431,18.604154449879495,4817,361.0
103.24674428617206,18.93832773557196,4818,1222.0
103.2995652248783,18.91137827704837,4819,941.0
102.46143706479478,18.957461851123703,4820,322.0
102.36711395996223,18.426018529038593,4821,219.0
103.13005313076494,18.733242356207473,4822,1481.0
102.63795601812426,19.056366363905262,4823,1172.0
102.85894157801766,18.74617809629879,4824,461.0
102.52557677608091,18.605771417390912,4825,253.0
102.73281811212728,18.807353367147332,4826,790.0
102.45308273265246,18.684463836279782,4827,946.0
102.61208453794161,18.96931961287408,4828,468.0
103.37664067625575,18.71976762694568,4829,436.0
103.17883165069263,18.426018529038593,4830,164.0
102.49027298541502,18.835919793182335,4831,264.0
102.91607443008766,19.07415300653083,4832,752.0
102.28518760605053,19.04693405342201,4833,781.0
103.05324717397272,18.938058240986724,4834,1616.0
102.74925728182667,18.726504991576576,4835,1173.0
102.91391847340577,18.936441273475307,4836,872.0
103.42757515286532,18.962043259072715,4837,385.0
102.27252136054445,18.687697771302613,4838,244.0
102.66328850913644,18.958000840294176,4839,355.0
103.29417533317357,18.731086399525584,4840,900.0
103.23623399734787,18.61250878202181,4841,731.0
102.44391991675444,18.81328224802252,4842,260.0
103.26453092879763,18.71114380021813,4843,1324.0
102.69670583770568,18.56750318628742,4844,211.0
102.33639157724534,18.932129360111535,4845,947.0
102.51856991686478,18.695782608859687,4846,211.0
102.32534229925066,19.050976472200546,4847,1299.0
103.414639412774,18.87203206760394,4848,595.0
102.80719861765238,18.52465354723492,4849,534.0
102.62502027803293,18.414430261873452,4850,208.0
102.938172986077,19.065259685218045,4851,751.0
103.06456594655262,18.965277194095545,4852,1574.0
103.43700746334858,18.830529901477615,4853,412.0
103.2079370658981,18.89979000988323,4854,1006.0
102.49485439336402,18.637032789278273,4855,300.0
102.37061738957028,18.78929722993653,4856,356.0
103.17910114527785,18.85235896288172,4857,1562.0
103.26749536923522,18.494470153688503,4858,1053.0
102.68511757054054,19.08789723037786,4859,1309.0
102.58001468229855,18.81139578592587,4860,497.0
102.51722244393859,18.773936038578086,4861,232.0
102.88427406902983,19.015942176119886,4862,774.0
102.33100168554063,18.6117002982661,4863,230.0
102.28896053024383,18.85828784375691,4864,386.0
102.30593868911369,18.582325388475393,4865,237.0
103.12789717408305,18.900867988224174,4866,1276.0
102.36576648703604,18.92646997382158,4867,293.0
102.74844879807097,18.86206076795021,4868,574.0
103.1680518672832,19.02914741079644,4869,1436.0
103.39604428639272,19.05528838556432,4870,589.0
102.4789542128351,18.695782608859687,4871,789.0
103.26776486382046,19.10029398129871,4872,677.0
102.67649374381298,18.469407157261568,4873,208.024
102.9990787623403,18.667755171995157,4874,611.0
102.4503877868001,18.713569251485254,4875,613.0
103.32408923213475,18.420089648163405,4876,167.0
103.34106739100461,19.062834233950923,4877,452.0
102.78186612664021,18.816246688460115,4878,335.003
102.66032406869884,18.960426291561298,4879,404.0
102.63930349105044,18.63568531635209,4880,214.0
102.47787623449416,18.55321997326992,4881,189.0
102.84762280543775,19.080351381991253,4882,999.0
103.34349284227173,18.458627373852135,4883,228.0
102.62825421305577,19.036154270012574,4884,657.0
102.79965276926578,18.769893619799547,4885,877.0
102.50401720926205,18.54351816820143,4886,181.0
103.2747717230366,18.662634774875677,4887,867.0
102.50186125258016,18.74510011795785,4888,212.0
102.49027298541502,18.519533150115436,4889,180.0
102.77485926742408,19.046664558836774,4890,959.0
102.41750944740133,18.495009142858976,4891,181.0
103.33082659676565,18.98495029881776,4892,1288.0
102.93413056729847,18.877691453893892,4893,596.0
102.27171287678873,18.967163656192195,4894,582.0
103.12331576613404,19.06445120146234,4895,1082.0
102.55872461006491,19.091939649156398,4896,662.0
103.0448928418304,19.080351381991253,4897,951.0
103.28043110932654,18.793609143300305,4898,1292.0
103.1470312896348,18.44838657961317,4899,273.0
102.4886560179036,18.912725749974552,4900,398.0
102.37978020546831,18.710335316462423,4901,675.0
102.43879951963497,19.10083297046918,4902,299.0
102.40133977228717,18.552950478684682,4903,187.0
102.80396468262956,18.876074486382475,4904,475.0
103.20901504423904,18.735128818304123,4905,771.0
102.5773197364462,19.032650840404507,4906,722.0
102.3894820105368,19.00570138188092,4907,979.0
102.52126486271713,18.99222665261913,4908,936.0
102.6886210001486,18.45889686843737,4909,275.0
103.16131450265229,18.81732466680106,4910,1165.0
102.68646504346671,18.63568531635209,4911,208.058
102.40080078311671,19.032111851234035,4912,511.0
102.40646016940666,18.636763294693036,4913,289.0
102.42047388783892,18.54217069527525,4914,195.0
102.67703273298346,18.71195228397384,4915,1482.0
103.26668688547952,18.947490551469976,4916,995.0
103.31492641623673,18.99734704973861,4917,1313.0
102.7915679317087,18.969589107459317,4918,540.0
103.17451973732885,19.031572862063566,4919,1120.0
103.18260457488593,18.599034052760015,4920,379.0
102.45523868933435,18.557531886633694,4921,183.0
102.3180659454493,19.056366363905262,4922,1180.0
102.28249266019817,18.669102644921338,4923,227.0
102.94248489944079,19.101102465054417,4924,352.015
102.23640908612283,18.895478096519458,4925,511.0
102.37978020546831,18.825409504358134,4926,267.0
102.43933850880543,19.021062573239366,4927,255.0
102.80207822053289,18.760730803901527,4928,915.0
102.74467587387765,18.496087121199917,4929,1185.0
102.59348941156034,18.654549937318603,4930,208.029
102.91041504379771,18.413082788947275,4931,511.0
102.7659659461113,18.772319071066672,4932,670.0
102.50240024175062,19.059600298928093,4933,582.0
103.13005313076494,18.81139578592587,4934,1145.0
102.8096240689195,18.46401726555685,4935,962.0
102.56869590971864,19.09625156252017,4936,847.0
102.24476341826515,18.42844398030572,4937,452.0
102.8365735274431,18.813551742607757,4938,693.0
102.60426919496977,18.755879901367283,4939,241.0
103.03114861798338,18.567233691702185,4940,237.0
102.31617948335264,18.77366654399285,4941,275.0
102.64388489899945,18.9146122120712,4942,1233.0
102.6991312889728,18.65481943190384,4943,217.0
103.06537443030832,18.831877374403795,4944,1109.0
102.47033038610756,18.65724488317096,4945,402.0
102.96000204748111,18.798729540419785,4946,1196.0
102.20811215467307,18.57855246428209,4947,412.0
102.32722876134731,18.920271598361158,4948,695.0
102.47625926698275,18.492314197006614,4949,177.0
102.68296161385865,18.70656239226912,4950,1234.0
102.56168905050251,18.84508260908035,4951,241.0
103.21656089262565,18.610622319925156,4952,740.0
103.02656721003437,18.848047049517945,4953,1304.0
102.97832767927714,18.83672827693804,4954,1123.0
103.43377352832574,18.78471582198752,4955,265.0
102.64065096397663,18.759652825560586,4956,334.0
102.56627045845153,18.571006615895485,4957,208.003
102.37762424878642,18.556184413707513,4958,188.0
103.24135439446735,18.818941634312473,4959,1171.0
102.72257731788832,18.861791273364975,4960,567.0
102.26874843635113,19.100563475883945,4961,299.007
102.6134320108678,18.961234775317006,4962,615.0
102.45982009728336,18.812473764266812,4963,348.0
103.05486414148413,19.089244703304036,4964,1188.0
102.69670583770568,18.857209865415964,4965,712.0
102.91418796799101,18.870954089262995,4966,480.0
103.32462822130522,18.823523042261485,4967,968.0
103.0554031306546,18.508483872120767,4968,733.0
103.0869339971272,18.8574793600012,4969,1362.0
103.43377352832574,18.852089468296484,4970,356.0
102.53743453783129,18.905449396173182,4971,642.0
103.33325204803278,19.053671418052904,4972,399.0
102.99422785980606,18.979560407113045,4973,1382.0
102.85382118089818,18.519802644700672,4974,755.0
103.39065439468801,18.40230300553784,4975,176.0
102.47464229947133,18.735128818304123,4976,512.0
102.68269211927341,18.67988242833077,4977,359.0
103.30711107326489,18.438145785374207,4978,158.0
102.56303652342869,18.685002825450255,4979,208.007
103.16751287811272,18.41200481060633,4980,166.0
102.56492298552534,18.478569973159587,4981,257.0
103.3898459109323,19.025643981188377,4982,339.0
102.84411937582969,18.698747049297282,4983,1381.0
102.80046125302148,18.838614739034693,4984,335.006
103.23407804066598,18.90194596656512,4985,928.0
102.40241775062812,18.494470153688503,4986,213.0
102.97967515220333,18.79064470286271,4987,1090.0
102.87214681269423,18.808431345488277,4988,841.0
102.30135728116467,18.475605532721993,4989,357.0
102.37654627044547,18.92916491967394,4990,265.0
102.92981865393469,18.824601020602426,4991,776.0
103.11819536901456,18.4906972294952,4992,582.0
103.34133688558984,19.007587843977575,4993,929.0
103.15619410553282,18.730816904940347,4994,1152.0
103.33729446681131,18.97255354789691,4995,1086.0
102.24341594533897,18.836189287767567,4996,545.0
103.44509230090566,18.920271598361158,4997,559.0
103.00069572985173,18.69551311427445,4998,1286.0
102.54632785914407,18.641344702642044,4999,208.015
102.82121233608464,18.910030804122194,5000,361.0
102.32803724510302,18.631373402988316,5001,209.0
102.87591973688752,18.689314738814026,5002,1667.0
102.23506161319665,19.069841093167057,5003,1029.0
102.25365673957793,18.62867845713596,5004,199.0
103.11145800438366,18.765581706435775,5005,1479.0
103.41517840194447,18.92377502796922,5006,790.0
102.40699915857714,18.628139467965486,5007,247.0
102.88238760693318,18.725696507820867,5008,1068.0
102.47760673990892,19.03911871045017,5009,1040.0
102.76893038654889,18.429252464061424,5010,1156.0
102.36630547620652,18.73971022625313,5011,205.001
103.17290276981744,18.880116905161014,5012,1396.0
103.05728959275126,19.080351381991253,5013,1147.0
102.57489428517907,18.640805713471572,5014,208.029
102.485691577466,18.72434903489469,5015,479.0
102.27494681181156,19.070649576922765,5016,1103.0
102.938172986077,19.051784955956254,5017,634.0
103.21278796843234,18.709526832706715,5018,470.0
103.29201937649168,18.695782608859687,5019,856.0
103.28231757142319,18.83484181484139,5020,802.0
102.22158688393486,18.45566293341454,5021,212.0
102.24503291285038,19.02914741079644,5022,468.0
103.18664699366447,18.869606616336814,5023,1608.0
102.61936089174299,18.48153441359718,5024,208.015
103.40844103731358,18.502016002075106,5025,662.0
102.3075556566251,18.620324124993648,5026,206.001
102.28869103565859,18.770163114384783,5027,228.001
102.2361395915376,18.627600478795017,5028,244.0
102.97805818469192,18.78794975701035,5029,919.0
103.32355024296427,18.598225569004306,5030,692.0
102.66544446581833,19.09867701378729,5031,1211.0
102.8667569209895,18.93886672474243,5032,1425.0
103.21332695760282,19.066607158144226,5033,870.0
103.44509230090566,18.407962391827795,5034,156.0
103.27396323928089,18.708448854365773,5035,1521.0
102.995305838147,18.981985858380167,5036,1435.0
103.33864193973749,18.472641092284398,5037,380.0
103.39442731888131,18.80762286173257,5038,448.0
103.23542551359216,18.889279721059033,5039,955.0
103.12169879862262,18.97524849374927,5040,2264.0
102.53770403241653,18.500129539978456,5041,280.0
102.78590854541875,18.710065821877187,5042,608.0
103.21952533306325,18.71788116484903,5043,494.0
103.16050601889658,18.48934975656902,5044,711.0
102.4369130575383,19.02672195952932,5045,258.0
103.42488020701296,18.52384506347921,5046,1186.0
102.81797840106181,18.873649035115353,5047,588.0
102.95353417743544,18.578013475111618,5048,877.0
102.83307009783502,19.002736941443327,5049,823.0
102.86648742640426,18.51468224758119,5050,786.0
102.59160294946369,18.68715878213214,5051,228.0
102.4495793030444,18.82837394479573,5052,311.0
102.84923977294918,18.865564197558278,5053,814.0
102.47167785903373,18.555914919122277,5054,184.0
102.26389753381689,18.41281329436204,5055,299.0
102.35606468196755,18.530043438939636,5056,218.0
102.82983616281219,18.61762917914129,5057,511.0
102.55980258840586,18.527617987672514,5058,208.002
102.61181504335639,18.596339106907656,5059,208.037
102.60534717331072,18.87391852970059,5060,1096.0
102.46979139693708,18.862330262535448,5061,408.0
102.20730367091737,18.883081345598608,5062,446.0
102.685656559711,18.725966002406103,5063,1302.0
102.50617316594392,19.088166724963095,5064,728.0
102.81312749852756,18.699016543882518,5065,1279.0
103.31250096496962,18.48557683237572,5066,737.0
103.28932443063933,18.586098312668693,5067,817.0
102.73470457422394,18.993304630960072,5068,431.0
103.2831260551789,18.43922376371515,5069,157.002
103.36343544157918,18.436528817862794,5070,148.005
103.15322966509522,18.515760225922136,5071,969.0
103.30953652453202,18.90113748280941,5072,671.0
103.0907069213205,18.979021417942572,5073,1898.0
102.75599464645757,18.666138204483744,5074,561.0
102.399992299361,18.751298493418275,5075,218.0
103.18206558571545,19.009474306074225,5076,1940.0
102.48811702873313,18.790914197447943,5077,218.0
102.41750944740133,19.078464919894603,5078,279.0
102.46979139693708,18.43086943157284,5079,179.0
102.23209717275905,18.431947409913786,5080,286.0
102.52557677608091,18.61035282533992,5081,207.0
102.57974518771331,19.070919071508,5082,891.0
102.58324861732139,18.69308766300733,5083,357.0
103.32166378086762,18.647273583517233,5084,1222.0
102.81609193896516,18.409309864753972,5085,1103.0
103.33971991807843,18.980907880039222,5086,1208.0
103.06133201152979,18.707101381439593,5087,756.0
102.37978020546831,18.92862593050347,5088,264.0
102.9171524084286,18.582055893890157,5089,612.0
103.4394329146157,18.990609685107714,5090,448.0
103.4281141420358,18.834302825670918,5091,288.0
102.92927966476422,19.00731834939234,5092,1087.0
103.42541919618343,18.64350065932393,5093,1442.0
102.81231901477186,18.987375750084883,5094,385.0
103.43161757164386,18.969858602044553,5095,394.0
102.89747930370639,18.846969071177003,5096,559.0
102.44984879762963,18.41604722938487,5097,172.001
102.742789411781,18.79522611081172,5098,1039.0
102.44203345465779,18.874996508041534,5099,233.0
102.88184861776271,18.917037663338327,5100,1176.0
102.27683327390821,19.003814919784272,5101,691.0
102.69751432146138,18.527617987672514,5102,208.044
102.48703905039218,18.720845605286623,5103,540.0
102.2722518659592,18.494200659103267,5104,226.0
102.31483201042647,18.457818890096426,5105,395.0
103.34376233685697,18.935902284304834,5106,1278.0
102.64604085568133,18.950724486492806,5107,615.0
102.9193083651105,18.43545083952185,5108,525.0
102.6142404946235,18.492853186177086,5109,208.015
102.3495968119219,18.93886672474243,5110,337.0
102.74952677641191,18.52465354723492,5111,208.046
102.55576016962732,18.46024434136355,5112,203.0
102.57570276893478,18.568311670043126,5113,208.03
103.03087912339814,18.652393980636713,5114,552.0
102.29488941111902,19.029416905381677,5115,1127.0
102.92793219183804,19.015403186949413,5116,990.0
103.15942804055564,18.72946943201417,5117,1194.0
103.00258219194838,18.442188204152746,5118,444.0
102.90772009794536,18.72542701323563,5119,1152.0
102.54605836455883,19.101102465054417,5120,299.004
103.34969121773216,18.881194883501955,5121,1114.0
102.62582876178865,18.944795605617617,5122,1166.0
102.50617316594392,18.994652103886253,5123,816.0
102.79264591004964,18.468329178920623,5124,1015.0
103.06402695738215,18.910030804122194,5125,1570.0
103.15107370841334,18.761808782242472,5126,1576.0
102.2760247901525,18.629756435476903,5127,194.001
102.98263959264092,18.841040190301815,5128,1061.0
102.50940710096675,18.531390911865817,5129,187.0
102.95137822075357,18.46994614643204,5130,404.002
103.34106739100461,18.61628170621511,5131,928.0
102.92038634345144,18.998425028079556,5132,1293.0
102.5600720829911,18.441379720397038,5133,196.0
103.09528832926951,19.071997049848942,5134,1620.0
102.67002587376733,18.94856852981092,5135,511.0
103.36424392533489,18.66748567740992,5136,583.0
102.69589735394997,18.741596688349784,5137,1360.0
102.83387858159072,18.60442394446473,5138,297.0
103.1276276794978,18.455393438829304,5139,481.0
103.34780475563551,18.651854991466244,5140,931.0
102.80558165014097,18.679612933745535,5141,1300.0
102.21727497057108,18.81921112889771,5142,582.0
102.91391847340577,18.623288565431242,5143,524.0
102.33100168554063,18.52788748225775,5144,268.0
103.35481161485164,18.947760046055212,5145,1334.0
102.67864970049487,19.02537448660314,5146,821.001
102.53959049451318,18.75857484721964,5147,221.0
102.6104675704302,18.949107518981393,5148,912.0
102.80261720970337,18.959348313220357,5149,577.0
103.328940134669,18.5688506592136,5150,443.0
102.37196486249647,18.873379540530117,5151,342.0
102.87591973688752,18.559148854145107,5152,410.0
103.19715728248866,18.8041194321245,5153,1383.0
103.35562009860735,18.64942954019912,5154,820.0
103.36343544157918,18.99680806056814,5155,959.0
102.68996847307479,18.67341455828511,5156,275.0
102.75303020601997,18.923236038798752,5157,375.0
102.92496775140044,18.728391453673225,5158,1023.0
102.6923939243419,18.448117085027935,5159,562.0
102.39514139682676,18.881194883501955,5160,256.0
103.05055222812035,19.057444342246207,5161,1044.0
102.87618923147276,18.845352103665586,5162,647.0
102.98075313054427,19.00192845768762,5163,965.0
102.66194103621025,18.953958421515637,5164,365.0
103.12277677696356,18.438145785374207,5165,313.0
103.33594699388513,19.01971510031319,5166,1034.0
102.73012316627492,18.718420154019498,5167,897.0
103.10633760726418,18.58502033432775,5168,374.0
102.39864482643482,18.9394057139129,5169,809.0
102.28330114395388,19.041274667132054,5170,636.0
102.9494917586569,18.83026040689238,5171,936.0
103.29417533317357,18.568311670043126,5172,383.0
102.33962551226817,18.857748854586436,5173,284.0
102.53366161363799,18.52330607430874,5174,201.0
102.43799103587925,18.429791453231896,5175,176.0
102.56115006133204,18.692548673836857,5176,223.0
102.47221684820421,18.785793800328463,5177,229.0
103.34295385310126,18.738093258741717,5178,724.0
102.8990962712178,19.089514197889272,5179,987.0
102.64550186651087,18.76450372809483,5180,380.0
102.542824429536,18.50632791543888,5181,288.0
103.23731197568881,18.953419432345168,5182,976.0
103.28770746312792,18.576396507600204,5183,583.0
102.95838507996969,18.73782376415648,5184,691.0
102.49108146917072,18.520341633871144,5185,180.0
102.67945818425058,18.556184413707513,5186,208.039
103.00042623526649,18.775822500674735,5187,903.0
102.95191720992403,19.046664558836774,5188,840.0
103.11118850979842,18.82567899894337,5189,1606.0
102.25096179372557,18.91218676080408,5190,495.0
102.5840571010771,18.99007069593724,5191,792.0
102.22778525939529,18.885237302280494,5192,497.0
103.01282298618733,18.450542536295057,5193,491.0
102.39406341848581,18.9213495767021,5194,252.0
102.50240024175062,18.961234775317006,5195,650.0
102.90367767916682,19.013516724852764,5196,1003.0
102.73254861754205,19.030225389137385,5197,806.0
102.742789411781,18.9927656417896,5198,378.0
102.93844248066225,18.75857484721964,5199,678.0
102.38139717297973,19.031842356648802,5200,865.0
102.93440006188371,18.741327193764548,5201,1095.0
102.64684933943704,18.516838204263077,5202,208.05
102.69778381604662,18.431138926158077,5203,1044.0
103.11226648813937,18.583942355986807,5204,332.0
102.62340331052152,18.480186940671004,5205,208.017
102.29273345443713,18.889010226473797,5206,356.0
103.11361396106555,18.69632159803016,5207,736.0
103.104990134338,18.51629921509261,5208,840.0
102.60130475453218,18.91676816875309,5209,945.0
102.89101143366074,19.069841093167057,5210,692.0
103.39307984595513,18.999772501005733,5211,510.0
103.44374482797947,18.545674124883316,5212,373.0
103.00096522443695,18.995730082227197,5213,1398.0
102.89667081995069,18.495009142858976,5214,676.0
102.48919500707407,18.868528637995873,5215,231.0
103.22410674101225,19.09032268164498,5216,923.0
102.35983760616085,18.585559323498224,5217,322.0
102.71530096408695,18.46078333053402,5218,989.0
102.8907419390755,18.965816183266014,5219,1143.0
103.35184717441405,18.585559323498224,5220,1017.0
103.0155179320397,18.635954810937328,5221,381.0
102.26632298508402,19.025643981188377,5222,598.0
102.33854753392723,18.5726235834069,5223,227.0
102.51210204681911,18.642692175568225,5224,574.0
102.91149302213866,18.824062031431954,5225,771.0
102.5029392309211,19.05528838556432,5226,559.0
102.49404590960832,18.590410226032468,5227,181.0
103.25213417787678,18.621402103334592,5228,796.0
102.96835637962342,18.49851257246704,5229,621.0
102.84977876211964,18.92916491967394,5230,974.0
102.48137966410223,18.725696507820867,5231,588.0
103.1470312896348,18.406345424316378,5232,160.0
102.23694807529331,18.553489467855155,5233,256.0
103.30980601911725,18.465095243897796,5234,337.0
102.25985511503835,18.899520515297993,5235,565.0
102.33746955558628,18.6793434391603,5236,218.0
103.21063201175046,18.46994614643204,5237,620.0
102.39568038599722,18.983872320476816,5238,1375.0
103.12466323906021,19.01567268153465,5239,1526.0
102.43853002504973,18.945065100202854,5240,245.0
102.31159807540364,18.995730082227197,5241,451.0
102.89559284160974,19.029686399966913,5242,830.0
102.50779013345534,18.48342087569383,5243,188.0
102.94275439402601,18.647004088931997,5244,698.0
103.30603309492395,18.701172500564404,5245,1169.0
103.29606179527022,18.569659142969307,5246,427.0
102.56519248011058,18.87715246472342,5247,255.0
103.10984103687224,18.744022139616906,5248,1647.0
103.38337804088664,18.93886672474243,5249,755.0
102.68592605429625,18.540553727763836,5250,208.039
102.42640276871411,18.570737121310252,5251,195.0
102.79965276926578,18.552950478684682,5252,253.0
102.75276071143473,18.403919973049256,5253,819.0
103.18718598283493,18.806275388806387,5254,1211.0
103.28447352810508,18.62005463040841,5255,492.0
102.41562298530468,18.65670589400049,5256,220.0
102.81878688481753,19.00058098476144,5257,472.0
102.43502659544166,18.949646508151865,5258,263.0
102.3962193751677,18.801154991686907,5259,261.0
102.67676323839822,18.72623549699134,5260,1399.0
102.97994464678857,19.079812392820784,5261,959.0
102.57058237181529,19.070649576922765,5262,809.0
103.0411199176371,18.46913766267633,5263,572.0
103.25617659665532,18.513334774655014,5264,966.0
102.5021307471654,18.86017430585356,5265,230.002
102.42748074705506,18.81328224802252,5266,237.0
102.78348309415162,18.451890009221238,5267,1171.0
103.26237497211574,18.44650011751652,5268,289.0
102.33046269637015,18.439493258300388,5269,210.0
102.34070349060912,18.62490553294266,5270,380.0
102.27575529556727,18.894939107348986,5271,492.0
102.72473327457021,18.66425174238709,5272,208.061
102.96781739045295,18.762078276827708,5273,690.0
102.26578399591354,18.919732609190685,5274,699.0
102.95569013411733,18.796034594567427,5275,1264.0
103.14891775173145,19.064720696047576,5276,784.0
102.95515114494687,18.46266979263067,5277,415.0
103.13571251705488,18.41604722938487,5278,169.0
103.05944554943314,18.574240550918315,5279,248.0
102.7171874261836,18.442996687908455,5280,778.0
102.64954428528941,18.661287301949496,5281,249.0
102.64092045856185,18.553489467855155,5282,208.022
102.72122984496214,18.857748854586436,5283,548.0
103.0651049357231,19.03507629167163,5284,1281.0
103.31762136208908,18.58636780725393,5285,713.0
102.82902767905648,18.875266002626766,5286,797.0
103.27665818513324,18.88469831311002,5287,1054.0
102.53177515154134,18.58960174227676,5288,517.0
103.03788598261427,18.519802644700672,5289,763.0
102.79561035048724,19.004353908954744,5290,804.0
102.50913760638151,18.96743315077743,5291,993.0
102.49296793126737,18.43545083952185,5292,173.001
102.75168273309379,18.55699289746322,5293,208.05
102.74925728182667,18.792800659544596,5294,1030.0
103.23300006232503,18.617090189970817,5295,775.0
103.26372244504192,18.953419432345168,5296,925.0
103.4041291239498,18.983602825891584,5297,517.0
102.97805818469192,18.60199849319761,5298,622.0
102.41993489866846,18.476683511062937,5299,181.0
103.11064952062796,18.597686579833837,5300,747.0
102.48084067493176,18.801424486272143,5301,296.0
102.90367767916682,18.607927374072798,5302,504.0
102.50482569301775,18.662904269460913,5303,333.0
102.33558309348963,18.4087708755835,5304,195.0
102.69993977272851,18.886045786036203,5305,477.0
102.8306446465679,18.426557518209066,5306,684.0
102.98156161429998,18.48827177822808,5307,583.0
102.34205096353529,18.67745697706365,5308,219.0
102.59025547653752,18.526270514746333,5309,208.034
102.71826540452454,18.99923351183526,5310,481.0
102.76569645152605,18.874996508041534,5311,711.0
102.93709500773606,18.695782608859687,5312,1493.0
103.15322966509522,19.022679540750783,5313,1900.0
102.40080078311671,18.404997951390197,5314,194.0
102.78213562122545,18.910030804122194,5315,391.0
103.41194446692164,19.050976472200546,5316,444.0
103.18422154239734,18.4583578792669,5317,283.0
102.5991487978503,18.73539831288936,5318,252.0
102.53500908656416,18.505249937097936,5319,287.0
102.92604572974139,18.775822500674735,5320,645.0
103.36720836577248,19.063373223121395,5321,463.0
102.33854753392723,18.503363475001287,5322,508.0
102.64442388816992,19.013516724852764,5323,847.0
102.58809951985563,18.94533459478809,5324,699.0
102.75680313021327,18.61493423328893,5325,908.0
102.2428769561685,18.876882970138183,5326,470.0
102.72365529622927,19.071997049848942,5327,1302.0
102.39352442931533,19.072536039019415,5328,1213.0
102.50455619843251,19.060678277269037,5329,544.0
103.20605060380144,18.859365822097853,5330,1404.0
102.73200962837157,19.05070697761531,5331,862.0
102.52908020568897,18.692548673836857,5332,208.007
102.39217695638916,18.807892356317804,5333,291.0
102.90906757087153,18.84265715781323,5334,501.0
103.31681287833338,18.454584955073596,5335,163.0
102.36334103576893,19.013247230267527,5336,970.0
103.31061450287297,18.73782376415648,5337,864.0
102.8659484372338,19.00974380065946,5338,724.0
102.2331751511,18.583403366816334,5339,304.0
103.14352786002672,18.53624181440006,5340,761.0
102.34016450143864,18.615473222459404,5341,543.0
102.41454500696373,18.554028457025627,5342,190.0
103.3831085463014,18.515760225922136,5343,951.0
103.08046612708154,18.534085857718175,5344,238.0
103.29417533317357,18.47506654355152,5345,628.0
102.75087424933808,19.00570138188092,5346,355.0
103.33945042349319,18.7717800818962,5347,1355.0
103.2936363440031,18.65913134526761,5348,868.0
102.76057605440657,18.503363475001287,5349,843.0
102.35660367113803,19.037501742938755,5350,1214.0
102.3894820105368,19.033728818745452,5351,523.0
103.26372244504192,18.934554811378657,5352,1379.0
103.08720349171243,18.40041654344119,5353,148.015
102.28491811146529,18.715455713581903,5354,218.0
103.32543670506094,19.04801203176295,5355,499.0
102.83118363573837,18.549177554491383,5356,209.0
102.84843128919347,18.535163836059116,5357,301.0
103.22275926808607,18.57208459423643,5358,552.0
103.07076432201305,19.10029398129871,5359,1239.0
102.23344464568524,18.500129539978456,5360,225.0
103.32813165091329,18.61439524411846,5361,646.0
102.85166522421629,19.028338927040735,5362,737.0
102.85597713758007,18.517916182604022,5363,854.0
102.41185006111138,18.565616724190768,5364,198.0
102.73686053090582,18.703058962661057,5365,383.0
102.39298544014487,18.511987301728833,5366,222.0
103.39361883512561,18.97524849374927,5367,812.0
102.70910258862652,19.036154270012574,5368,1000.0
102.35956811157563,18.690662211740207,5369,508.0
102.75033526016762,18.462939287215907,5370,1463.0
103.2335390514955,18.961234775317006,5371,1415.0
102.29138598151096,18.95449741068611,5372,731.0
103.34564879895362,18.6402667243011,5373,690.0
102.38058868922401,18.855862392489787,5374,262.0
103.15134320299856,18.593374666470062,5375,1056.0
103.17209428606174,18.963390731998892,5376,1612.0
102.52934970027421,18.430599936987605,5377,173.002
102.80234771511813,18.681768890427424,5378,1151.0
103.16616540518653,18.634607338011147,5379,567.0
103.26345295045668,18.399877554270716,5380,148.009
102.90745060336012,18.953958421515637,5381,1048.0
103.21521341969947,18.919193620020213,5382,892.0
102.90044374414398,19.067954631070407,5383,671.0
103.20335565794909,18.490158240324728,5384,649.0
102.93763399690653,18.697938565541573,5385,1499.0
103.32274175920857,19.071727555263706,5386,448.0
103.30091269780446,18.62086311416412,5387,525.0
103.22033381681895,18.847777554932712,5388,1414.0
102.39810583726435,18.809509323829218,5389,272.0
102.23344464568524,18.67152809618846,5390,296.0
102.51156305764864,18.813012753437285,5391,633.0
102.9087980762863,19.049898493859605,5392,710.0
102.2302107106624,18.578282969696854,5393,318.0
103.39793074848937,18.752645966344453,5394,740.0
102.67649374381298,18.942909143520968,5395,351.0
102.24718886953227,18.804658421294974,5396,502.0
102.44149446548732,18.59094921520294,5397,207.0
103.3839170300571,18.57397105633308,5398,442.0
102.78024915912879,19.100024486713473,5399,1207.0
102.24341594533897,18.94937701356663,5400,587.0
102.72230782330308,18.95449741068611,5401,593.0
103.13840746290725,18.63191239215879,5402,881.0
102.35229175777425,18.744022139616906,5403,241.0
103.1028341776561,18.738901742497426,5404,1610.0
103.20227767960814,18.862599757120684,5405,1467.0
102.95030024241262,18.935363295134366,5406,1206.0
103.36963381703961,18.89062719398521,5407,1456.0
103.28528201186079,19.073883511945596,5408,634.0
102.62933219139671,18.634607338011147,5409,212.0
103.21602190345517,18.568311670043126,5410,821.0
102.4676354402552,19.00974380065946,5411,312.0
102.53312262446751,19.069032609411348,5412,641.0
102.94059843734412,19.050437483030073,5413,677.0
103.24458832949017,19.082507338673143,5414,926.0
103.23892894320022,18.442188204152746,5415,240.0
102.45604717309006,19.04693405342201,5416,369.0
103.34133688558984,18.599034052760015,5417,687.0
102.31779645086407,18.53812827649671,5418,217.0
102.96081053123682,18.52061112845638,5419,752.0
102.64900529611893,18.65320246439242,5420,310.0
102.9524561990945,18.798729540419785,5421,1144.0
102.43098417666312,18.41658621855534,5422,191.0
103.20632009838668,19.00058098476144,5423,1288.0
103.26776486382046,18.9318598655263,5424,1322.0
102.73632154173535,18.609005352413742,5425,547.0
102.90556414126347,18.595530623151948,5426,412.0
102.51398850891577,18.568581164628363,5427,182.0
102.6932024080976,18.771510587310964,5428,1180.0
103.12008183111121,18.736476291230304,5429,1391.0
102.74764031431525,18.86152177877974,5430,520.0
102.22697677563959,18.7146472298262,5431,288.0
102.39352442931533,18.50578892626841,5432,206.0
103.1478397733905,18.912995244559788,5433,1141.0
102.82687172237459,19.040735677961585,5434,674.0
102.40538219106571,18.523036579723502,5435,190.0
103.4251497015982,18.95126347566328,5436,539.0
103.18476053156782,18.429791453231896,5437,166.0
102.71233652364936,19.07226654443418,5438,1273.0
102.45523868933435,18.648621056443414,5439,297.0
102.70398219150705,18.8679896488254,5440,869.0
102.38732605385492,18.562652283753174,5441,186.0
103.08585601878626,18.47722250023341,5442,523.0
102.80100024219196,18.601728998612373,5443,352.0
103.07157280576875,18.474258059795815,5444,603.0
102.75276071143473,18.617090189970817,5445,714.0
102.82956666822696,18.864216724632097,5446,773.0
103.23326955691027,19.043969612984412,5447,975.0
103.39119338385848,19.01432520860847,5448,420.0
103.30252966531589,18.5154907313369,5449,802.0
103.052438690217,18.822714558505776,5450,1275.0
103.14972623548715,18.94668206771427,5451,1771.0
102.62448128886247,19.026991454114555,5452,623.0
102.58594356317374,18.596339106907656,5453,208.036
103.19176739078395,18.86071329502403,5454,1522.0
102.22374284061675,18.721923583627564,5455,253.0
102.76273201108846,18.585828818083456,5456,218.0
103.05136071187607,18.704136941001998,5457,466.0
102.93332208354276,18.40688441348685,5458,542.0
103.23704248110357,19.04962899927437,5459,793.0
103.40655457521693,18.531929901036285,5460,1045.0
102.85274320255724,18.82325354767625,5461,535.0
103.16131450265229,18.69120120091068,5462,509.0
102.87888417732512,18.994382609301017,5463,1242.0
102.91364897882055,19.037501742938755,5464,728.0
103.29040240898027,18.545674124883316,5465,886.0
103.38364753547188,18.586637301839165,5466,516.0
103.33675547764084,18.556723402877985,5467,528.0
103.12358526071928,18.595530623151948,5468,765.0
102.46520998898808,18.76261726599818,5469,241.0
102.91957785969574,19.023757519091724,5470,1071.0
102.82121233608464,18.879847410575778,5471,836.0
102.29650637863043,18.567772680872654,5472,227.0
102.82741071154507,18.999503006420497,5473,562.0
103.08935944839432,19.086549757451678,5474,1933.0
102.86783489933045,19.10083297046918,5475,839.0
103.23704248110357,18.8822728618429,5476,1137.0
103.06537443030832,19.073344522775123,5477,1315.0
102.92146432179239,18.67233657994417,5478,1214.0
102.75222172226427,18.616012211629872,5479,805.0
102.95003074782738,18.88038639974625,5480,709.0
102.75734211938375,18.77878694111233,5481,417.0
103.33001811300994,18.997077555153375,5482,1449.0
103.03303508008003,18.70979632729195,5483,531.0
102.94652731821931,19.070110587752293,5484,785.0
102.73659103632059,18.924853006310165,5485,335.009
103.19796576624437,18.593913655640534,5486,664.0
102.4495793030444,18.48934975656902,5487,177.0
103.11819536901456,18.822175569335304,5488,1387.0
102.7306621554454,18.846969071177003,5489,435.0
102.7058686536037,18.56750318628742,5490,209.0
102.55468219128637,18.485846326960957,5491,293.0
102.72985367168968,18.510639828802653,5492,846.0
103.42110728281966,18.734050839963178,5493,324.0
103.08612551337148,19.08115986574696,5494,1778.0
102.54713634289978,18.99087917969295,5495,1473.0
102.65709013367601,18.569120153798835,5496,208.028
103.09501883468427,18.9927656417896,5497,1858.0
102.21188507886637,18.76854614687337,5498,387.0
102.36711395996223,18.67422304204082,5499,810.0
102.83684302202832,18.870954089262995,5500,911.0
102.40888562067379,18.848586038688417,5501,340.0
102.68215313010295,18.64430914307964,5502,279.0
102.61855240798728,18.627869973380253,5503,208.026
102.75788110855422,18.541901200690013,5504,208.05
103.30306865448635,18.58448134515728,5505,458.0
102.81285800394234,18.758305352634405,5506,874.0
102.93925096441795,18.508753366706003,5507,504.0
103.00258219194838,18.554028457025627,5508,229.0
102.78132713746973,18.546752103224257,5509,208.048
103.04597082017135,18.818133150556765,5510,1334.0
102.99853977316984,18.89790354778658,5511,1040.0
103.3259756942314,18.816246688460115,5512,1149.0
102.80989356350474,18.976865461260687,5513,704.0
102.35175276860379,18.947221056884743,5514,294.0
102.2706348984478,18.603615460709026,5515,283.0
102.99800078399936,18.782290370720396,5516,840.0
102.33504410431915,18.605771417390912,5517,333.0
102.63580006144237,18.749951020492095,5518,267.0
102.47113886986327,18.73027791576988,5519,743.0
103.12331576613404,18.445422139175577,5520,458.0
102.66032406869884,18.984680804232525,5521,690.0
102.26201107172024,18.74563910712832,5522,238.0
103.36666937660202,18.589871236861995,5523,678.0
103.12654970115688,19.095712573349697,5524,1621.0
103.13598201164012,18.668833150336102,5525,810.0
102.41939590949798,18.513334774655014,5526,196.0
102.75788110855422,18.452698492976946,5527,1364.0
102.49727984463114,18.813821237192993,5528,473.0
103.27773616347419,18.600381525686196,5529,679.0
102.33342713680774,18.715455713581903,5530,236.0
102.25850764211218,18.58960174227676,5531,294.0
103.0222552966706,18.52061112845638,5532,705.0
102.31968291296072,18.822714558505776,5533,342.0
102.61989988091347,18.962582248243187,5534,676.0
102.2819536710277,19.060678277269037,5535,926.0
103.31007551370249,18.945604089373326,5536,1015.0
102.8125885093571,18.697938565541573,5537,1287.0
102.56330601801393,18.409040370168736,5538,176.0
102.73039266086016,18.861791273364975,5539,566.0
103.02063832915918,18.801154991686907,5540,1006.0
103.31223147038438,19.085741273695973,5541,599.0
102.9441018669522,18.546482608639025,5542,511.0
103.047857282268,18.474527554381048,5543,588.0
102.53689554866081,18.55780138121893,5544,321.0
102.65358670406795,18.89062719398521,5545,910.0
102.26255006089072,19.06822412565564,5546,1193.0
103.15888905138517,19.01809813280177,5547,2026.0
102.31213706457412,19.00839632773328,5548,394.0
103.40682406980216,18.730816904940347,5549,372.0
102.7171874261836,18.51225679631407,5550,556.0
103.443205838809,18.400686038026425,5551,153.0
102.69454988102379,18.700364016808695,5552,811.0
103.11792587442932,18.789566724521766,5553,1116.0
102.29354193819283,19.043969612984412,5554,779.0
102.25096179372557,19.004353908954744,5555,761.0
103.29767876278164,18.475336038136756,5556,608.0
102.23856504280472,18.92593098465111,5557,749.0
103.26210547753051,19.004353908954744,5558,968.0
102.37358183000788,19.068763114826112,5559,1266.0
103.02279428584106,19.017828638216535,5560,1304.001
102.76461847318511,18.57612701301497,5561,208.049
102.84600583792634,19.07226654443418,5562,1193.0
103.023872264182,19.07738694155366,5563,663.0
102.76704392445224,18.909761309536957,5564,335.007
103.26048851001909,18.97929091252781,5565,1200.0
102.41562298530468,18.937788746401488,5566,683.0
102.93386107271323,18.45943585760784,5567,472.0
102.42209085535033,19.014594703193705,5568,904.0
102.36926991664411,18.544326651957135,5569,200.0
103.28150908766749,18.419550658992936,5570,157.001
102.20137479004218,18.736206796645067,5571,263.0
103.15107370841334,18.472102103113926,5572,528.0
103.39900872683032,18.450812030880293,5573,151.0
102.7877950075154,18.547560586979966,5574,242.0
102.26605349049878,18.779595424868038,5575,456.0
102.56195854508775,18.84912502785889,5576,242.0
103.2214117951599,18.454584955073596,5577,415.0
102.95110872616833,18.85047250078507,5578,1229.0
103.31492641623673,19.00004199559097,5579,1217.0
103.39092388927324,18.7079098651953,5580,337.0
103.05648110899554,18.458627373852135,5581,524.0
103.06402695738215,18.80088549710167,5582,1163.0
102.22589879729864,18.99007069593724,5583,379.0
103.40682406980216,18.952880443174696,5584,843.0
102.94086793192936,18.509292355876475,5585,512.0
102.51991738979096,18.42116762650435,5586,173.002
102.99719230024365,18.69174019008115,5587,1382.0
103.32112479169716,18.438954269129916,5588,157.0
102.84708381626729,19.047742537177715,5589,767.0
103.21709988179612,19.00839632773328,5590,1519.0
102.27171287678873,18.753993439270634,5591,457.0
102.52072587354667,18.67799596623412,5592,210.0
103.23758147027404,18.970397591215026,5593,1449.0
103.21144049550617,18.85882683292738,5594,1408.0
102.61154554877115,18.96231275365795,5595,531.0
102.8659484372338,19.02914741079644,5596,778.0
102.79587984507248,18.693357157592565,5597,1153.0
102.5352785811494,18.589332247691523,5598,602.0
103.36154897948254,19.041813656302526,5599,376.0
103.18071811278928,18.836997771523276,5600,1384.0
103.36100999031207,18.52788748225775,5601,1469.0
102.8201343577437,18.739979720838367,5602,463.0
102.30809464579558,19.0461255696663,5603,1018.0
102.58082316605426,18.7079098651953,5604,333.0
103.26021901543385,18.748603547565914,5605,1307.0
102.8163614335504,18.927547952162524,5606,747.0
102.75734211938375,18.646465099761524,5607,423.0
103.31573489999244,18.705214919342943,5608,1173.0
102.75195222767903,18.423054088601,5609,1028.0
102.27198237137397,18.767468168532424,5610,234.0
102.74009446592865,18.840501201131342,5611,474.0
102.57085186640053,18.968511129118376,5612,946.0
102.69670583770568,18.532738384791994,5613,208.044
103.02926215588673,18.714108240655726,5614,618.0
102.8209428414994,18.652124486051477,5615,573.0
102.32210836422783,19.07226654443418,5616,917.0
102.85462966465388,18.52519253640539,5617,695.0
103.01740439413635,18.463747770971615,5618,545.0
103.12708869032734,18.805197410465446,5619,1271.0
102.2075731655026,18.75668838512299,5620,238.0
102.28976901399953,18.578821958867326,5621,285.0
102.30189627033515,18.689584233399263,5622,289.0
102.96108002582206,19.033728818745452,5623,927.0
102.30647767828415,18.842118168642756,5624,330.0
102.56869590971864,19.023757519091724,5625,1030.0
102.29084699234048,19.038040732109224,5626,840.0
103.19392334746583,18.712221778559076,5627,586.0
103.16023652431134,18.999772501005733,5628,2390.0
102.2361395915376,18.921619071287335,5629,715.0
103.07103381659829,19.056905353075734,5630,1320.0
102.36630547620652,18.726774486161812,5631,214.0
102.39514139682676,18.841848674057523,5632,278.0
102.25742966377123,18.965816183266014,5633,464.0
103.29525331151451,18.925391995480638,5634,1311.0
102.20056630628646,19.03318982957498,5635,662.0
102.53312262446751,18.858018349171672,5636,241.0
102.71610944784265,18.58124741013445,5637,208.051
103.26075800460433,18.661556796534732,5638,802.0
102.6104675704302,18.45108152546553,5639,196.0
102.52180385188761,18.53893676025242,5640,203.0
102.71368399657554,18.61116130909563,5641,333.0
103.41194446692164,18.98818423384059,5642,498.0
102.92415926764474,19.007587843977575,5643,1165.0
102.96781739045295,18.67610950413747,5644,1814.0
103.2831260551789,18.922158060457807,5645,1444.0
102.40565168565095,18.998964017250024,5646,1392.0
102.59860980867983,18.753184955514925,5647,231.0
103.00985854574974,18.69955553305299,5648,1039.0
102.82040385232894,18.98683676091441,5649,706.0
103.35993201197113,19.083315822428847,5650,693.0
102.79022045878251,19.004353908954744,5651,930.0
103.33109609135089,18.93105138177059,5652,1258.0
102.88238760693318,18.89062719398521,5653,697.0
102.66113255245455,18.684463836279782,5654,819.0
102.49431540419354,18.727313475332284,5655,288.0
102.94625782363408,18.94210065976526,5656,1485.0
103.27504121762182,18.85235896288172,5657,1284.0
102.58836901444086,18.980907880039222,5658,479.0
103.00985854574974,18.882811851013372,5659,1118.0
103.076423708303,18.692009684666385,5660,641.0
103.23785096485928,18.75426293385587,5661,880.0
103.44859573051372,18.815438204704407,5662,769.0
102.29974031365326,19.059330804342856,5663,751.0
102.40538219106571,18.74617809629879,5664,305.0
102.56115006133204,18.59687809607813,5665,208.003
102.79480186673153,18.95126347566328,5666,420.0
102.96646991752677,18.906527374514127,5667,939.0
102.428558725396,18.769624125214314,5668,318.0
103.07076432201305,18.70656239226912,5669,824.0
103.40682406980216,18.872571056774408,5670,706.0
103.20551161463098,18.459705352193076,5671,455.0
102.38624807551398,18.88550679686573,5672,268.0
103.07884915957013,18.677726471648885,5673,346.0
103.23461702983644,18.80358044295403,5674,1092.0
102.7419809280253,18.47587502730723,5675,1505.0
102.28680457356194,18.94263964893573,5676,528.0
102.2781807468344,18.90625787992889,5677,572.0
103.38499500839805,18.798190551249313,5678,484.0
102.28923002482907,18.55968784331558,5679,216.0
102.78132713746973,19.0746919957013,5680,1475.0
102.8336090870055,18.66236528029044,5681,759.0
103.21602190345517,18.71707268109332,5682,490.0
102.3781632379569,18.527617987672514,5683,202.0
103.04731829309753,18.65266347522195,5684,404.0
103.35130818524357,19.100024486713473,5685,358.0
102.7886034912711,18.490966724080437,5686,721.0
102.66274951996596,18.963929721169364,5687,362.0
103.0680693761607,18.522767085138266,5688,742.0
103.19338435829536,18.85235896288172,5689,1666.0
103.11280547730983,18.53435535230341,5690,446.0
102.2428769561685,18.891166183155683,5691,498.0
102.52018688437619,18.823523042261485,5692,633.0
102.90367767916682,18.765042717265302,5693,846.0
102.27117388761826,18.662095785705205,5694,240.0
103.39038490010277,18.816246688460115,5695,486.0
102.79857479092483,18.473719070625343,5696,961.0
102.34070349060912,18.526809503916805,5697,454.0
102.31779645086407,18.904910407002713,5698,427.0
103.29040240898027,18.8356502985971,5699,767.0
102.91769139759909,18.423323583186235,5700,504.0
102.52584627066615,18.53219939562152,5701,208.0
102.5600720829911,18.52519253640539,5702,208.003
102.41858742574227,18.851011489955543,5703,300.0
102.99880926775508,19.023757519091724,5704,1389.0
102.38543959175826,18.67071961243275,5705,439.0
102.23263616192953,18.599573041930487,5706,229.0
103.42056829364918,18.628139467965486,5707,1527.0
102.20703417633213,18.583403366816334,5708,452.0
102.46979139693708,18.993304630960072,5709,278.0
103.38903742717659,18.401494521782134,5710,177.0
103.25402063997343,18.722732067383273,5711,660.0
103.22006432223371,19.035345786256865,5712,1640.0
103.23461702983644,18.78336834906134,5713,1310.0
103.18583850990876,18.927278457577287,5714,964.0
102.91526594633196,18.474797048966284,5715,560.0
102.89586233619498,18.656436399415252,5716,750.0
103.00285168653362,18.998964017250024,5717,1286.0
102.6886210001486,18.683655352524074,5718,434.0
102.33666107183058,19.05070697761531,5719,1508.0
102.6066946462369,18.45674091175548,5720,262.0
103.32705367257235,18.69551311427445,5721,572.0
102.75276071143473,18.474258059795815,5722,1306.0
102.57516377976431,19.028338927040735,5723,781.0
102.8915504228312,18.47318008145487,5724,404.006
103.35642858236305,18.84966401702936,5725,719.0
102.26255006089072,18.939944703083373,5726,667.0
103.03222659632432,18.761539287657236,5727,1099.0
102.39810583726435,18.731086399525584,5728,532.0
102.84438887041493,18.867720154240164,5729,838.0
102.68053616259152,18.955575389027054,5730,510.0
102.93790349149177,19.046395064251538,5731,630.0
102.57112136098577,18.62167159791983,5732,208.006
102.21673598140062,18.403380983878783,5733,210.0
103.28528201186079,19.084932789940265,5734,578.0
102.74332840095148,19.04962899927437,5735,680.0
102.40996359901473,18.547560586979966,5736,200.0
103.10256468307088,18.671258601603224,5737,322.0
103.16751287811272,18.732972861622237,5738,1007.0
102.74225042261054,18.938597230157193,5739,432.0
102.96404446625965,19.01297773568229,5740,735.0
102.3571426603085,19.029416905381677,5741,1230.0
102.5810926606395,18.90895282578125,5742,475.0
102.65466468240888,18.61762917914129,5743,208.026
102.90798959253058,18.738901742497426,5744,890.0
102.37385132459312,18.945065100202854,5745,549.0
103.19419284205107,19.00974380065946,5746,1874.0
102.24988381538462,18.486385316131425,5747,230.0
102.38786504302539,18.636763294693036,5748,451.0
102.79641883424294,18.720845605286623,5749,880.0
102.32210836422783,19.014055714023232,5750,745.0
102.34771034982525,19.03318982957498,5751,1381.0
103.19796576624437,18.756957879708228,5752,824.0
102.64765782319274,18.411465821435858,5753,229.0
102.2752163063968,18.727852464502753,5754,325.0
102.6600545741136,18.425479539868125,5755,434.0
103.22410674101225,18.632181886744025,5756,737.0
102.79803580175437,19.04046618337635,5757,566.0
102.45658616226054,18.689584233399263,5758,752.0
102.66194103621025,18.915690190412146,5759,482.0
103.2057811092162,18.97417051540833,5760,1575.0
102.8713383289385,18.709257338121482,5761,1494.0
103.41625638028542,18.77824795194186,5762,579.0
102.64092045856185,18.96824163453314,5763,676.0
102.84007695705115,18.995730082227197,5764,497.0
102.69212442975667,18.42521004528289,5765,877.0
102.74764031431525,19.09625156252017,5766,1202.0
102.22293435686105,18.41335228353251,5767,542.0
102.31483201042647,18.46266979263067,5768,461.0
102.70613814818893,18.496356615785153,5769,958.0
102.64523237192563,18.888471237303325,5770,1003.0
103.36639988201678,18.95126347566328,5771,1648.0
102.75976757065087,18.7717800818962,5772,770.0
103.03195710173908,19.0671461473147,5773,773.0
102.52934970027421,18.841579179472287,5774,234.0
102.86702641557474,18.746717085469264,5775,488.0
103.20281666877861,18.68392484710931,5776,493.0
102.31833544003453,18.444883150005104,5777,213.0
102.36792244371793,18.852897952052192,5778,248.0
102.99853977316984,18.52195860138256,5779,739.0
103.0306096288129,18.838345244449457,5780,1145.0
102.62043887008393,18.462130803460198,5781,208.015
102.7419809280253,18.833224847329973,5782,407.0
102.98829897893087,18.414969251043924,5783,363.0
103.36181847406777,18.75803585804917,5784,859.0
103.26533941255333,18.56103531624176,5785,386.0
102.63202713724907,18.986297771743942,5786,575.0
103.03788598261427,18.545674124883316,5787,229.002
102.2992013244828,18.969858602044553,5788,634.0
102.88265710151842,18.416316723970105,5789,573.0
103.12358526071928,18.981446869209694,5790,2407.0
102.60184374370266,18.89871203154229,5791,722.0
102.30270475409085,19.032111851234035,5792,1009.0
103.24000692154117,19.02402701367696,5793,1441.0
102.5802841768838,18.501477012904633,5794,208.013
103.08073562166678,18.681229901256952,5795,363.0
102.23533110778189,18.506866904609353,5796,232.0
102.49431540419354,18.753993439270634,5797,214.0
102.44472840051016,18.94533459478809,5798,242.0
102.2789892305901,19.000311490176205,5799,589.0
102.49566287711973,18.484768348620012,5800,194.0
103.06267948445597,18.575049034674024,5801,274.0
103.3755626979148,18.647004088931997,5802,923.0
103.28797695771314,18.581516904719685,5803,700.0
102.58378760649185,19.023757519091724,5804,695.0
103.07453724620635,18.742674666690725,5805,1340.0
102.74386739012195,18.863138746291153,5806,622.0
102.85813309426196,18.447039106686994,5807,604.0
102.98829897893087,18.45943585760784,5808,475.0
102.481110169517,18.67341455828511,5809,357.0
103.26210547753051,18.597686579833837,5810,937.0
103.3717897737215,18.438415279959443,5811,148.005
102.38921251595157,19.09544307876446,5812,1051.0
103.4108664885807,18.846699576591767,5813,324.0
102.68269211927341,19.0671461473147,5814,1188.0
103.23488652442168,18.602806976953318,5815,621.0
103.15403814885093,18.687697771302613,5816,506.0
103.00985854574974,19.056905353075734,5817,968.0
102.26308905006118,18.606310406561384,5818,209.0
102.85274320255724,18.842387663227992,5819,561.0
103.39388832971083,18.470485135602512,5820,159.0
102.39756684809387,18.41793369148152,5821,202.0
103.21413544135852,18.93886672474243,5822,1016.0
103.07965764332583,18.85047250078507,5823,1330.0
103.21413544135852,18.974440009993565,5824,1493.0
102.99422785980606,18.399877554270716,5825,148.019
103.23650349193309,18.598225569004306,5826,703.0
103.32435872671999,18.511717807143597,5827,1147.0
103.22491522476795,19.08062087657649,5828,922.0
102.75707262479851,18.71518621899667,5829,454.0
102.54821432124072,18.56938964838407,5830,208.014
103.21117100092093,18.790914197447943,5831,1598.0
103.42407172325726,19.09032268164498,5832,957.0
103.19311486371012,19.05906130975762,5833,1103.0
102.3075556566251,18.68473333086502,5834,252.0
102.8163614335504,18.629756435476903,5835,520.0
102.48407460995459,18.926739468406815,5836,314.0
102.56034157757634,18.674492536626055,5837,208.006
103.19769627165914,19.057444342246207,5838,1284.0
102.73955547675818,18.99734704973861,5839,402.0
102.85516865382436,18.601728998612373,5840,317.0
103.27665818513324,18.518455171774495,5841,982.0
102.45739464601624,19.00570138188092,5842,505.0
103.31438742706626,18.793609143300305,5843,815.0
102.32237785881307,18.519533150115436,5844,287.0
102.9688953687939,18.90302394490606,5845,746.0
102.56842641513342,19.00731834939234,5846,1460.0
103.12628020657164,18.580169431793504,5847,621.0
102.92496775140044,18.864486219217333,5848,550.0
102.43826053046449,18.410387843094917,5849,171.0
103.1966182933182,18.417394702311046,5850,168.0
102.53393110822321,19.051784955956254,5851,832.0
102.63472208310144,18.82163658016483,5852,571.0
102.23048020524764,18.99734704973861,5853,517.0
102.35579518738231,18.44191870956751,5854,192.0
102.31671847252312,18.50713639919459,5855,400.0
102.48084067493176,18.515760225922136,5856,211.0
103.16670439435701,19.09544307876446,5857,1397.0
103.03357406925049,18.675301020381763,5858,1117.0
102.63580006144237,18.67880444998983,5859,208.032
102.9373645023213,18.79899903500502,5860,818.0
102.96727840128247,18.752376471759217,5861,809.0
103.16050601889658,18.445691633760813,5862,284.0
102.50482569301775,18.63757177844874,5863,409.0
102.4541607109934,18.709257338121482,5864,596.0
102.2294022269067,18.562382789167938,5865,353.0
103.11792587442932,18.599034052760015,5866,793.0
102.47167785903373,18.891705172326155,5867,256.0
103.08046612708154,18.859904811268326,5868,1362.0
102.74656233597432,19.07603946862748,5869,1332.0
102.63876450187996,18.955575389027054,5870,981.0
103.01902136164776,18.870145605507286,5871,1011.0
102.91364897882055,18.65401094814813,5872,856.0
102.99314988146511,19.043161129228707,5873,1398.0
102.72257731788832,18.677187482478413,5874,209.0
103.38768995425042,18.504710947927464,5875,740.0
102.78375258873686,18.8927831506671,5876,362.0
103.4394329146157,18.773936038578086,5877,570.0
102.77000836488983,18.618976652067467,5878,949.0
102.67811071132441,18.454854449658832,5879,450.0
102.74656233597432,19.010821779000402,5880,396.0
102.7419809280253,18.667755171995157,5881,326.0
103.13652100081059,18.424132066941944,5882,197.0
103.03680800427333,18.769354630629078,5883,966.0
102.34824933899571,18.690931706325443,5884,222.0
102.9516477153388,18.813551742607757,5885,1233.0
103.01659591038064,18.834302825670918,5886,1075.0
102.28114518727199,19.008665822318516,5887,946.0
102.8365735274431,18.83026040689238,5888,364.0
102.50428670384727,18.410387843094917,5889,173.0
103.24647479158682,18.79980751876073,5890,1000.0
103.2305746110579,18.77501401691903,5891,1355.0
102.46197605396524,18.926200479236346,5892,248.0
102.77216432157172,19.046395064251538,5893,1003.0
102.91688291384337,18.467790189750154,5894,537.0
102.7869865237597,18.77285806023714,5895,503.0
103.06160150611503,19.00408441436951,5896,1774.0
102.88589103654125,18.969050118288845,5897,1035.0
102.78833399668586,18.67233657994417,5898,870.0
102.75222172226427,19.077656436138895,5899,1353.0
102.92739320266757,18.58259488306063,5900,614.0
102.83414807617596,18.521150117626853,5901,614.0
102.84681432168205,18.56696419711695,5902,349.0
102.46251504313572,18.414160767288216,5903,172.0
103.20254717419338,18.867720154240164,5904,1615.0
102.31159807540364,18.7469865800545,5905,251.0
102.40699915857714,18.794687121641246,5906,287.0
103.219255838478,18.727582969917517,5907,552.0
103.18071811278928,18.873379540530117,5908,1639.0
102.69697533229092,18.85828784375691,5909,763.0
102.22347334603151,18.681768890427424,5910,315.0
102.60346071121407,18.88874073188856,5911,1071.0
102.78590854541875,18.741596688349784,5912,331.0
102.33288814763728,18.691470695495912,5913,224.0
102.42801973622552,18.886584775206675,5914,241.0
103.4079020481431,18.742674666690725,5915,483.0
102.23425312944094,18.766390190191483,5916,292.0
102.44472840051016,18.761539287657236,5917,273.0
102.30486071077274,19.086819252036914,5918,917.0
102.53258363529704,19.045317085910593,5919,824.0
102.85382118089818,18.762886760583417,5920,779.0
103.4087105318988,18.696052103444924,5921,352.0
102.71826540452454,18.664521236972327,5922,208.06
102.26416702840213,18.96824163453314,5923,686.0
103.06375746279691,18.894939107348986,5924,1165.0
102.53366161363799,18.88469831311002,5925,306.0
102.32237785881307,18.564538745849827,5926,211.0
102.49593237170497,18.757227374293464,5927,225.0
103.1470312896348,18.49986004539322,5928,763.0
102.32965421261444,18.820019612653418,5929,290.0
102.42559428495841,18.79522611081172,5930,265.0
103.01524843745446,18.57127611048072,5931,241.0
103.20551161463098,18.688506255058318,5932,539.0
103.14622280587909,18.56480824043506,5933,1026.0
102.51749193852383,18.613856254947986,5934,191.0
102.91957785969574,18.771241092725727,5935,931.0
102.58270962815091,18.989801201352005,5936,814.0
102.4277502416403,18.59687809607813,5937,186.0
103.21036251716522,18.694704630518743,5938,528.0
102.89370637951309,18.60442394446473,5939,377.0
102.92604572974139,18.780403908623747,5940,641.0
102.72365529622927,18.9641992157546,5941,580.0
102.4067296639919,18.705753908513415,5942,631.0
102.82902767905648,18.73728477498601,5943,477.0
102.69859229980233,18.917037663338327,5944,435.0
103.43404302291098,18.718689648604734,5945,255.002
102.29435042194855,18.813821237192993,5946,303.0
102.35849013323468,18.81651618304535,5947,278.0
103.18637749907923,18.926739468406815,5948,949.0
102.66409699289214,18.608735857828506,5949,208.031
102.94221540485555,18.652124486051477,5950,862.0
102.65601215533506,18.779056435697566,5951,565.0
102.78078814829927,18.463747770971615,5952,1265.0
102.4390690142202,18.92054109294639,5953,233.001
103.13813796832201,18.956653367367995,5954,1703.0
102.58809951985563,18.762078276827708,5955,226.0
103.40628508063169,18.642153186397753,5956,1630.0
102.25769915835647,18.47318008145487,5957,218.0
102.56653995303675,18.83672827693804,5958,277.0
102.28734356273242,18.97417051540833,5959,612.0
103.44051089295664,19.041005172546818,5960,386.0
103.2507867049506,18.9070663636846,5961,1146.0
102.51641396018289,18.696052103444924,5962,212.0
102.72500276915544,18.977134955845923,5963,484.0
103.3087280407763,18.600381525686196,5964,541.0
102.34312894187623,18.530312933524872,5965,418.0
103.32651468340187,19.022949035336016,5966,1263.0
102.67999717342106,18.47398856521058,5967,208.024
103.09124591049097,19.0566358584905,5968,1888.0
103.11792587442932,18.626253005868836,5969,874.0
103.22248977350084,18.878499937649597,5970,1279.0
102.88831648780837,18.530312933524872,5971,208.052
102.46601847274378,18.788758240766057,5972,246.0
102.41616197447514,18.900598493638938,5973,326.0
102.75518616270186,18.62167159791983,5974,478.0
102.47652876156798,18.482073402767654,5975,174.0
103.13274807661729,18.729738926599406,5976,1342.0
103.38742045966518,18.761808782242472,5977,930.0
103.414639412774,18.65320246439242,5978,1450.0
103.37987461127858,18.496895604955625,5979,645.0
103.13193959286158,18.766659684776716,5980,1331.0
103.40601558604645,19.088166724963095,5981,620.0
102.82687172237459,18.922966544213516,5982,624.0
102.97132082006101,18.97336203165262,5983,1269.0
102.69751432146138,18.6973995763711,5984,728.0
102.74225042261054,18.8537064358079,5985,511.0
103.28177858225273,18.52384506347921,5986,1071.0
103.30711107326489,18.527617987672514,5987,1288.0
102.90772009794536,18.44650011751652,5988,445.0
102.84088544080686,18.43679831244803,5989,655.0
102.30944211872175,19.00920481148899,5990,547.0
103.05270818480224,18.71572520816714,5991,839.0
102.94598832904884,18.638649756789686,5992,534.0
102.56303652342869,18.96608567785125,5993,1241.0
103.08127461083724,18.537858781911474,5994,235.0
103.2087455496538,18.699286038467754,5995,480.0
102.37277334625217,18.52384506347921,5996,202.001
102.80369518804432,18.76019181473106,5997,919.0
103.33513851012943,18.61493423328893,5998,790.0
103.21602190345517,18.403380983878783,5999,159.0
103.41841233696731,18.628947951721194,6000,1626.0
102.45901161352765,18.91110878246314,6001,236.0
102.89289789575739,18.744291634202142,6002,549.0
102.26201107172024,19.039388205035404,6003,860.0
103.30360764365683,18.584211850572043,6004,467.0
103.07399825703588,18.718150659434265,6005,1164.0
102.8915504228312,18.8041194321245,6006,1119.0
102.52126486271713,18.976056977504978,6007,1123.0
102.257160169186,18.48153441359718,6008,230.0
103.21197948467663,18.724079540309454,6009,510.0
103.33540800471465,18.523036579723502,6010,1293.0
102.3466323714843,18.957461851123703,6011,511.0
103.33783345598178,18.892513656081864,6012,1181.0
102.54309392412124,18.919193620020213,6013,829.0
102.21107659511067,18.997616544323847,6014,698.0
103.20524212004574,19.022410046165547,6015,1891.0
103.27045980967281,18.78848874618082,6016,1319.0
103.04650980934181,18.519802644700672,6017,764.0
102.37627677586025,18.858557338342145,6018,258.0
102.45227424889676,19.04693405342201,6019,316.0
102.46305403230619,19.0356152808421,6020,433.0
102.9944973543913,19.074961490286537,6021,1079.0
102.44715385177727,18.99546058764196,6022,256.0
103.1448753329529,18.66640769906898,6023,701.0
102.80369518804432,18.648351561858178,6024,887.0
102.9020607116554,18.739979720838367,6025,669.0
102.96242749874823,18.599842536515723,6026,680.0
102.26793995259543,18.963121237413656,6027,568.0
103.0470487985123,18.563460767508882,6028,238.0
102.41777894198657,18.528156976842986,6029,183.0
103.4289226257915,18.941292176009554,6030,433.0
102.8411549353921,18.96743315077743,6031,939.0
102.90475565750776,18.63191239215879,6032,580.0
102.82552424944842,18.50066852914893,6033,660.0
103.26938183133187,18.54217069527525,6034,1050.0
102.91418796799101,19.055827374734793,6035,719.0
102.94598832904884,18.547560586979966,6036,366.0
102.61774392423158,18.910569793292666,6037,1054.0
102.94841378031597,19.01971510031319,6038,691.0
102.31105908623317,18.72488802406516,6039,319.0
103.40655457521693,19.076308963212718,6040,959.0
102.82229031442559,18.414969251043924,6041,842.0
102.90394717375204,18.73782376415648,6042,692.0
102.92038634345144,18.69497412510398,6043,1470.0
102.47167785903373,18.745908601713555,6044,382.0
102.98910746268658,19.00004199559097,6045,1160.0
102.67218183044922,18.79899903500502,6046,1219.0
103.0696863436721,18.949646508151865,6047,1482.001
102.67676323839822,18.587984774765346,6048,208.034
102.85166522421629,18.624366543772187,6049,301.0
103.33864193973749,19.047742537177715,6050,372.0
103.31627388916291,18.670450117847516,6051,856.0
103.2003912175115,18.50309398041605,6052,475.0
102.56357551259916,19.032920334989743,6053,978.0
102.48542208288076,18.90949181495172,6054,468.0
103.18745547742017,18.928356435918232,6055,931.0
103.11334446648031,18.995730082227197,6056,2448.0
102.32291684798355,18.816785677630588,6057,294.0
102.62043887008393,18.73593730205983,6058,249.0
103.3011821923897,19.069032609411348,6059,592.0
103.1793706398631,18.626522500454072,6060,379.0
102.83522605451691,19.07550047945701,6061,1010.0
102.57354681225289,18.43868477454468,6062,220.0
102.69805331063186,18.724079540309454,6063,1203.0
102.67164284127874,18.499590550807984,6064,208.042
103.3898459109323,18.913264739145024,6065,1300.0
102.67972767883582,18.490158240324728,6066,227.0
102.29866233531232,18.8003465079312,6067,380.0
103.25213417787678,18.922966544213516,6068,1264.0
102.79776630716913,18.43033044240237,6069,1032.0
102.54821432124072,18.96366022658413,6070,1004.0
103.03330457466527,18.62086311416412,6071,354.0
102.80207822053289,19.00246744685809,6072,731.0
103.33433002637372,18.99168766344866,6073,1147.0
102.67595475464252,18.75938333097535,6074,776.0
103.33325204803278,18.916498674167855,6075,1310.0
103.11954284194074,18.728930442843698,6076,1468.0
102.89747930370639,18.400147048855953,6077,148.022
102.30917262413652,18.437606796203738,6078,274.0
103.44428381714994,18.878769432234833,6079,592.0
102.21673598140062,18.490427734909964,6080,235.0
102.7306621554454,19.068763114826112,6081,985.0
103.14164139793007,18.58259488306063,6082,640.0
102.23748706446378,18.62086311416412,6083,286.0
102.42047388783892,18.941022681424318,6084,655.0
102.54363291329172,18.88146437808719,6085,327.0
102.50509518760299,18.61493423328893,6086,182.0
102.98237009805568,18.764773222680066,6087,907.0
103.2462052970016,18.507944882950294,6088,1071.0
102.66113255245455,18.723810045724218,6089,822.0
102.23560060236713,18.46913766267633,6090,216.0
102.91230150589436,18.9499160027371,6091,1062.0
103.03357406925049,18.997616544323847,6092,1478.0
103.17802316693692,18.54136221151954,6093,552.0
103.15215168675428,18.873649035115353,6094,1605.0
103.41032749941023,18.746447590884028,6095,389.0
102.21296305720732,18.497434594126098,6096,248.0
103.43754645251904,18.678265460819357,6097,435.0
102.69562785936473,18.726774486161812,6098,1108.0
103.23785096485928,18.705753908513415,6099,1030.0
102.49431540419354,19.013516724852764,6100,862.0
103.15349915968045,18.709526832706715,6101,862.0
102.2819536710277,18.804658421294974,6102,442.0
102.40484320189525,18.648621056443414,6103,310.0
103.09259338341715,18.79172268120365,6104,1199.0
103.10525962892324,18.51818567718926,6105,885.0
102.90960656004201,18.428713474890955,6106,557.0
103.44563129007612,18.96015679697606,6107,628.0
103.06321847362645,18.552950478684682,6108,235.0
102.40699915857714,18.87445751887106,6109,260.0
102.25904663128264,18.864216724632097,6110,385.0
103.4461702792466,18.89925102071276,6111,692.0
102.41966540408322,18.578013475111618,6112,198.0
102.43448760627119,18.537319792741005,6113,186.0
103.44158887129758,18.472641092284398,6114,163.0
102.63849500729474,18.625444522113128,6115,226.0
102.26389753381689,18.494470153688503,6116,240.0
102.47868471824987,18.632720875914497,6117,182.0
103.2268016868646,18.65724488317096,6118,752.0
102.51964789520572,18.92188856587257,6119,701.0
103.42029879906396,19.022410046165547,6120,326.0
102.94733580197503,18.99815553349432,6121,866.0
103.29013291439503,18.65724488317096,6122,846.0
102.72823670417827,18.669911128677047,6123,208.061
103.00905006199403,18.907335858269835,6124,1360.0
102.40322623438384,18.490158240324728,6125,194.0
103.39254085678466,18.752645966344453,6126,887.0
103.1297836361797,18.95449741068611,6127,2085.0
102.98506504390805,18.632181886744025,6128,338.0
103.06321847362645,18.89143567774092,6129,1190.0
103.31546540540721,18.670450117847516,6130,804.0
102.54363291329172,18.48342087569383,6131,230.0
103.00770258906786,19.02726094869979,6132,1304.001
103.17478923191409,18.438415279959443,6133,214.0
103.1146919394065,18.64296167015346,6134,478.0
102.95218670450927,18.56938964838407,6135,763.0
102.39298544014487,18.91110878246314,6136,256.0
103.26048851001909,18.419820153578172,6137,163.0
103.38661197590947,18.83349434191521,6138,1022.0
102.5533347183602,18.46859867350586,6139,230.0
102.2587771366974,18.749142536736386,6140,233.0
103.42407172325726,18.455932427999777,6141,161.0
102.23829554821948,18.55052502741756,6142,267.0
102.47760673990892,19.099754992128236,6143,560.0
103.26722587464998,18.64996852936959,6144,717.0
103.219255838478,18.9146122120712,6145,854.0
103.05944554943314,18.634876832596383,6146,383.0
103.06187100070026,18.99599957681243,6147,1572.0
103.0680693761607,19.085471779110737,6148,1741.0
103.3823000625457,18.68473333086502,6149,437.0
102.69077695683049,18.638649756789686,6150,208.058
103.3680168495282,18.82163658016483,6151,545.0
102.88508255278555,18.989262212181536,6152,1127.0
102.35363923070044,18.455932427999777,6153,221.0
102.64900529611893,18.674492536626055,6154,303.0
102.60157424911742,18.548099576150438,6155,213.0
102.23883453738996,18.820828096409127,6156,651.0
102.2541957287484,18.430599936987605,6157,297.0
102.89882677663257,18.927278457577287,6158,752.0
103.38715096507994,18.828643439380965,6159,880.0
103.14541432212337,18.60523242822044,6160,933.0
102.96161901499252,18.432486399084254,6161,404.0
102.7554556572871,18.43598982869232,6162,1296.0
102.80746811223761,18.930512392600118,6163,489.0
103.23111360022838,18.45027304170982,6164,356.0
102.97320728215766,18.470215641017276,6165,469.0
102.47706775073846,18.551603005758505,6166,192.0
103.31762136208908,18.987914739255356,6167,1270.0
103.30252966531589,18.43868477454468,6168,157.001
103.25186468329154,18.74186618293502,6169,1095.0
102.7314706392011,18.52384506347921,6170,303.0
102.60480818414025,18.72623549699134,6171,362.0
103.04570132558611,18.612778276607045,6172,540.0
102.32749825593255,18.59526112856671,6173,211.0
103.02495024252295,18.75803585804917,6174,1062.0
102.75060475475284,18.524114558064447,6175,211.0
102.69643634312044,18.474258059795815,6176,572.0
103.38499500839805,18.545943619468552,6177,953.0
102.9373645023213,18.727043980747048,6178,1027.0
102.29650637863043,18.53947574942289,6179,222.0
102.44850132470346,18.573701561747846,6180,206.0
102.7600370652361,19.005431887295686,6181,661.0
103.12089031486691,19.05313242888243,6182,1566.0
103.43000060413245,18.582055893890157,6183,1066.0
103.00366017028932,19.006779360221866,6184,1261.0
102.28734356273242,18.406614918901614,6185,245.0
102.44580637885109,19.073075028189887,6186,609.0
102.91472695716149,18.466981705994446,6187,548.0
102.23560060236713,18.990340190522478,6188,473.0
103.27773616347419,18.87311004594488,6189,1328.0
103.29794825736687,18.485307337790484,6190,794.0
102.47167785903373,18.874996508041534,6191,230.002
102.4886560179036,19.099754992128236,6192,526.0
102.94059843734412,18.467251200579682,6193,409.0
102.98237009805568,18.4335643774252,6194,391.0
102.75303020601997,18.929434414259173,6195,335.009
103.08666450254196,18.582864377645862,6196,359.0
102.64469338275515,18.596339106907656,6197,208.024
102.93089663227563,18.485307337790484,6198,507.0
102.82255980901083,18.852897952052192,6199,403.0
102.97078183089054,19.038040732109224,6200,1331.0
103.30172118156017,18.402033510952602,6201,156.0
103.05917605484791,18.724079540309454,6202,919.0
103.15727208387375,18.991957158033895,6203,2253.0
103.43754645251904,18.745908601713555,6204,424.0
102.681075151762,18.898981526127525,6205,407.0
102.45955060269813,18.491236218665673,6206,175.0
103.13759897915153,18.542979179030958,6207,344.0
102.21484951930397,18.506597410024117,6208,235.0
102.95811558538446,18.560496327071288,6209,550.0
102.26713146883972,18.71518621899667,6210,301.0
102.87861468273988,18.973631526237856,6211,941.0
102.35983760616085,18.836997771523276,6212,460.0
103.17775367235168,18.870415100092522,6213,1667.0
102.36792244371793,19.05394091263814,6214,1269.0
102.8713383289385,18.859904811268326,6215,405.0
103.16670439435701,18.701980984320112,6216,495.0
102.80180872594767,18.532468890206758,6217,306.0
102.8869690148822,19.00570138188092,6218,696.0
102.92442876222998,18.64350065932393,6219,562.0
103.44724825758753,18.768276652288133,6220,528.0
102.3067471728694,18.532468890206758,6221,222.0
102.89667081995069,18.49716509954086,6222,654.0
102.2684789417659,19.066876652729462,6223,999.0
102.94464085612266,18.446769612101757,6224,404.0
103.35615908777781,18.970936580385498,6225,1220.0
102.5743552960086,18.403111489293547,6226,176.0
102.42801973622552,18.70602340309865,6227,485.0
103.05297767938748,18.891705172326155,6228,1165.001
102.94086793192936,19.0566358584905,6229,783.0
103.18826396117588,18.987375750084883,6230,1650.0
102.21053760594019,18.701980984320112,6231,247.0
103.06645240864927,19.00462340353998,6232,1638.0
103.07669320288824,18.53947574942289,6233,237.0
103.0012347190222,18.98818423384059,6234,1431.0
102.86460096430761,18.582864377645862,6235,507.0
103.26075800460433,18.67799596623412,6236,1239.0
102.96835637962342,18.98656726632918,6237,1261.0
102.53581757031988,18.77097159814049,6238,285.0
102.90718110877488,18.981446869209694,6239,826.0
103.3087280407763,18.709257338121482,6240,1009.0
102.72042136120643,18.75102899883304,6241,1075.0
102.65601215533506,18.618976652067467,6242,208.026
103.07130331118351,18.918924125434977,6243,1452.0
103.17317226440267,18.649699034784355,6244,473.0
102.3781632379569,18.68257737418313,6245,525.0
102.63580006144237,18.96366022658413,6246,916.0
102.74548435763337,19.034806797086397,6247,450.0
102.7306621554454,18.535163836059116,6248,208.046
102.77566775117978,18.904640912417477,6249,410.0
103.30549410575348,18.472641092284398,6250,550.0
102.5773197364462,18.787141273254644,6251,519.0
102.8990962712178,18.409579359339208,6252,583.0
102.69023796766001,18.6793434391603,6253,359.0
102.29569789487472,18.69120120091068,6254,224.0
103.09259338341715,18.761000298486763,6255,1357.0
102.59941829243553,18.97740445043116,6256,465.0
102.68350060302912,18.41604722938487,6257,617.0
103.2868989793722,18.78202087613516,6258,1507.0
102.29812334614185,18.927278457577287,6259,574.0
103.04219789597805,18.645926110591056,6260,339.0
103.16077551348182,19.069302103996584,6261,846.0
103.14433634378244,18.86286925170592,6262,1584.0
102.3045912161875,18.590410226032468,6263,249.0
102.56222803967299,18.65993982902332,6264,208.007
102.49215944751167,18.88739325896238,6265,432.0
103.23946793237069,18.483690370279067,6266,1083.0
102.7390164875877,18.706831886854356,6267,427.0
102.5781282202019,18.919193620020213,6268,475.0
102.42262984452081,18.879847410575778,6269,245.0
103.11819536901456,18.953419432345168,6270,1692.0
102.5315056569561,18.668563655750866,6271,208.009
102.48623056663648,18.7469865800545,6272,213.001
103.00608562155644,18.5688506592136,6273,241.0
102.20110529545694,18.718420154019498,6274,313.0
102.67460728171633,18.72111509987186,6275,1446.0
102.69805331063186,18.980099396283517,6276,746.0
103.08612551337148,19.061486761024746,6277,1785.0
103.42649717452437,18.887932248132852,6278,937.0
103.36154897948254,18.855323403319314,6279,874.0
102.29111648692572,18.688506255058318,6280,213.0
103.34187587476032,18.757227374293464,6281,1021.0
103.35939302280065,18.959348313220357,6282,1595.0
102.68215313010295,18.74375264503167,6283,1015.0
102.49647136087543,18.575857518429732,6284,180.0
102.50725114428487,18.941831165180023,6285,792.0
103.05702009816602,18.922427555043043,6286,2007.0
103.30145168697494,18.44326618249369,6287,158.0
102.54390240787694,18.824062031431954,6288,294.0
103.328940134669,18.842926652398464,6289,530.0
102.91149302213866,18.607927374072798,6290,502.0
103.39685277014843,18.934824305963893,6291,781.0
102.32749825593255,18.863677735461625,6292,303.0
102.2248208189577,18.959348313220357,6293,446.0
102.6646359820626,18.755071417611575,6294,503.0
102.47625926698275,18.962043259072715,6295,430.0
102.31779645086407,18.708987843536246,6296,295.0
103.08774248088291,18.589062753106287,6297,339.0
102.58783002527039,19.07792593072413,6298,1246.0
102.6066946462369,18.64161419722728,6299,208.026
102.766774429867,18.984141815062053,6300,766.0
102.21484951930397,18.784985316572754,6301,314.0
102.54174645119507,18.854514919563606,6302,289.0
102.79426287756105,19.03965769962064,6303,678.0
102.59860980867983,18.701172500564404,6304,225.0
102.67757172215393,18.734320334548414,6305,1088.0
102.85328219172771,18.967163656192195,6306,933.0
103.24054591071163,18.850203006199834,6307,1230.0
102.20595619799118,18.97659596667545,6308,514.0
102.98883796810135,18.686889287546904,6309,1200.0
102.66032406869884,18.942909143520968,6310,372.0
102.5352785811494,18.498243077881806,6311,243.0
103.26210547753051,19.00650986563663,6312,905.0
102.34232045812053,18.67341455828511,6313,235.0
103.24162388905258,19.051245966785782,6314,717.0
102.3075556566251,18.50713639919459,6315,261.0
103.09717479136616,18.450003547124588,6316,494.0
103.19473183122155,18.57208459423643,6317,357.0
103.01982984540346,18.711682789388604,6318,642.0
103.1734417589879,19.064181706877104,6319,1087.0
102.4608980756243,18.86879813258111,6320,237.0
102.85759410509148,18.552411489514213,6321,286.0
103.30441612741254,18.67422304204082,6322,688.0
103.22114230057466,18.86394723004686,6323,1307.0
102.7390164875877,18.886045786036203,6324,912.0
103.08828147005337,18.533277373962466,6325,339.0
102.83468706534643,18.742135677520256,6326,385.0
102.399992299361,18.720576110701387,6327,793.0
103.21251847384711,18.695243619689215,6328,572.0
102.51964789520572,18.89197466691139,6329,372.0
102.4075381477476,18.4659037276535,6330,202.0
103.28501251727555,18.770163114384783,6331,1795.0
103.1222377877931,18.65320246439242,6332,673.0
102.86379248055191,18.435720334107085,6333,489.0
103.07318977328016,18.606310406561384,6334,324.0
102.261741577135,18.565077735020296,6335,230.0
102.73039266086016,18.492853186177086,6336,1210.0
102.80854609057856,18.613856254947986,6337,646.0
102.27629428473774,18.74051871000884,6338,279.0
103.06294897904121,18.904101923247005,6339,1645.0
102.21107659511067,18.741596688349784,6340,257.0
103.02791468296054,18.60011203110096,6341,477.0
103.24081540529687,18.62490553294266,6342,912.0
102.38463110800255,18.81786365597153,6343,287.0
102.79695782341342,18.51037033421742,6344,441.0
102.45739464601624,18.54621311405379,6345,206.0
103.1898809286873,18.666138204483744,6346,442.0
103.07884915957013,18.92593098465111,6347,1389.0
102.42262984452081,19.054210407223376,6348,268.0
102.51856991686478,18.45674091175548,6349,198.0
103.44347533339423,18.829451923136673,6350,383.0
103.01713489955111,18.506058420853645,6351,578.0
102.77351179449789,18.972284053311675,6352,1000.0
102.44607587343633,18.526270514746333,6353,180.0
102.57004338264483,18.67071961243275,6354,258.0
102.94059843734412,18.69227917925162,6355,1533.0
102.966739412112,18.528695966013455,6356,438.0
102.93709500773606,18.491236218665673,6357,512.0
102.28303164936864,19.05717484766097,6358,826.0
102.45173525972628,18.69713008178587,6359,571.0
102.95488165036163,18.793070154129833,6360,1189.0
102.46898291318138,18.604962933635203,6361,204.0
102.5840571010771,18.836189287767567,6362,357.0
103.27450222845135,18.649160045613883,6363,576.0
103.0020432027779,18.56373026209412,6364,285.0
103.0200993399887,18.718689648604734,6365,756.0
103.27504121762182,18.592296688129117,6366,984.0
102.71772641535408,18.99492159847149,6367,443.0
102.3504052956776,19.05205445054149,6368,1572.0
102.5306971732004,19.057444342246207,6369,801.0
102.85112623504583,18.494470153688503,6370,595.0
102.7449453684629,18.900059504468466,6371,516.0
102.6096590866745,18.86340824087639,6372,771.0
102.25958562045312,18.67422304204082,6373,373.0
103.019290856233,18.43491185035138,6374,416.0
103.21683038721088,19.04693405342201,6375,1497.0
102.3331576422225,19.088166724963095,6376,1467.0
103.26641739089428,19.004892898125213,6377,1069.0
102.84438887041493,18.40095553261166,6378,728.0
102.99880926775508,18.978212934186864,6379,1373.0
103.28420403351984,18.902754450320824,6380,856.0
103.23407804066598,18.865833692143514,6381,1319.0
102.52315132481378,18.806544883391624,6382,272.0
102.72257731788832,18.855323403319314,6383,542.0
103.22060331140418,18.77878694111233,6384,1639.0
102.42343832827652,18.54944704907662,6385,186.0
102.87645872605799,19.05852232058715,6386,929.0
102.29461991653378,19.003814919784272,6387,996.0
102.70613814818893,18.67799596623412,6388,359.0
102.56627045845153,18.404728456804964,6389,186.0
103.03869446636998,18.655627915659544,6390,538.0
103.28555150644603,18.828643439380965,6391,1054.0
102.5562991587978,18.524114558064447,6392,208.0
102.66490547664785,18.762078276827708,6393,519.0
102.48245764244317,18.70144199514964,6394,868.0
103.09259338341715,18.756957879708228,6395,1380.0
102.76030655982134,18.889818710229505,6396,756.0
103.0659134194788,18.93509380054913,6397,1589.0
103.32274175920857,18.610083330754684,6398,556.0
103.00608562155644,18.56292177833841,6399,229.001
102.82714121695983,18.638919251374922,6400,411.0
102.73227912295681,18.46401726555685,6401,1176.0
102.46305403230619,19.06957159858182,6402,496.0
103.23165258939885,18.70602340309865,6403,909.0
102.96620042294154,18.4583578792669,6404,437.0
102.90152172248493,18.5869067964244,6405,570.0
103.05405565772843,18.42952195864666,6406,434.0
102.75033526016762,18.4335643774252,6407,1281.0
103.08370006210437,19.052323945126727,6408,1817.0
102.34151197436482,18.75938333097535,6409,263.0
103.18961143410206,18.835111309426626,6410,1385.0
103.42919212037674,18.84508260908035,6411,293.0
102.42882821998124,18.829182428551437,6412,420.0
102.98641251683422,18.860443800438794,6413,978.0
103.16535692143083,18.879308421405305,6414,1424.0
103.23300006232503,18.681499395842188,6415,1124.0
102.9171524084286,18.94668206771427,6416,1232.0
102.9478747911455,18.832685858159504,6417,1003.0
102.38894302136633,19.04289163464347,6418,983.0
103.13167009827635,18.54082322234907,6419,408.0
102.27386883347062,18.917576652508796,6420,510.0
103.03707749885857,18.980099396283517,6421,1263.0
102.41185006111138,18.991148674278186,6422,934.0
103.06052352777408,18.435720334107085,6423,417.0
102.55899410465015,18.892244161496627,6424,346.0
102.60373020579931,18.96015679697606,6425,624.0
102.69967027814327,18.692009684666385,6426,531.0
102.67622424922776,18.47722250023341,6427,209.0
103.42353273408678,18.969050118288845,6428,518.0
102.33396612597822,18.818672139727237,6429,276.0
102.81501396062421,18.951532970248515,6430,1026.0
102.88993345531979,18.46347827638638,6431,722.0
103.10930204770177,18.82433152601719,6432,1545.0
102.35606468196755,18.479378456915295,6433,198.0
102.22293435686105,18.872840551359644,6434,410.0
102.74359789553672,18.469676651846804,6435,1444.0
102.509676595552,18.554836940781335,6436,178.001
102.20056630628646,18.61762917914129,6437,289.0
102.4819186532727,18.93509380054913,6438,267.0
102.9742852604986,18.422784594015766,6439,428.0
103.25590710207008,18.61574271704464,6440,558.0
102.38678706468444,18.989801201352005,6441,1393.0
102.45200475431152,18.724618529479923,6442,629.0
102.86702641557474,18.776361489845208,6443,817.0
102.27871973600486,18.81732466680106,6444,364.0
103.41436991818877,18.980099396283517,6445,504.0
102.81528345520945,19.005431887295686,6446,515.0
102.26928742552161,18.524923041820156,6447,230.0
103.1305921199354,18.49150571325091,6448,745.0
102.27386883347062,18.94021419766861,6449,732.0
102.92658471891187,18.904101923247005,6450,601.0
102.32264735339831,18.779325930282802,6451,287.0
102.89855728204734,19.042622140058235,6452,725.0
102.6021132382879,18.55780138121893,6453,208.039
102.72877569334875,18.949646508151865,6454,419.0
102.32426432090972,18.687697771302613,6455,214.0
103.13140060369112,18.488002283642842,6456,691.0
103.07453724620635,18.983333331306348,6457,1901.0
102.46035908645383,18.54270968444572,6458,211.0
102.99422785980606,18.459166363022604,6459,448.0
102.83145313032361,18.475336038136756,6460,773.0
103.17425024274361,19.011899757341347,6461,2018.0
102.37654627044547,18.866372681313983,6462,279.0
103.16859085645366,18.94452611103238,6463,1816.0
102.80126973677719,19.00731834939234,6464,627.0
102.99207190312417,19.03911871045017,6465,1523.0
103.02063832915918,18.56022683248605,6466,232.0
102.538243021587,18.794956616226482,6467,251.0
103.30926702994678,18.989801201352005,6468,1529.0
103.26857334757617,18.642692175568225,6469,511.0
103.28932443063933,19.008935316903752,6470,909.0
102.65116125280082,18.569659142969307,6471,208.023
102.45092677597057,18.61682069538558,6472,189.0
102.62987118056718,18.67341455828511,6473,208.031
102.84061594622162,18.708179359780537,6474,1204.0
103.09313237258762,18.43491185035138,6475,355.0
102.23263616192953,18.566694702531713,6476,306.0
102.46952190235186,18.683655352524074,6477,792.0
102.37546829210454,18.77824795194186,6478,252.0
103.44563129007612,18.932129360111535,6479,356.0
103.02414175876724,18.5154907313369,6480,644.0
102.39271594555963,19.057444342246207,6481,972.0
103.16778237269796,18.480456435256237,6482,586.0
103.44886522509896,18.419011669822464,6483,156.0
102.21458002471873,18.743213655861197,6484,256.0
102.43206215500406,18.971206074970734,6485,639.0
103.29606179527022,18.831068890648087,6486,849.0
102.25769915835647,18.535972319814825,6487,236.0
102.99126341936847,19.081698854917434,6488,968.0
102.72500276915544,18.43033044240237,6489,865.0
102.71368399657554,18.455123944244068,6490,836.0
103.38768995425042,18.962043259072715,6491,1121.0
102.85597713758007,18.9927656417896,6492,594.0
103.18098760737452,18.845352103665586,6493,1548.0
102.31159807540364,18.947490551469976,6494,623.0
102.78240511581068,18.402033510952602,6495,768.0
102.34474590938765,19.02214055158031,6496,977.0
103.05648110899554,18.417664196896283,6497,323.0
103.15673309470328,18.478569973159587,6498,606.0
102.56519248011058,18.618707157482234,6499,208.005
102.63768652353903,19.064720696047576,6500,1403.0
102.86837388850091,18.806544883391624,6501,759.0
102.94976125324214,18.560496327071288,6502,735.0
103.37664067625575,19.080890371161725,6503,866.0
102.37412081917836,18.64808206727294,6504,727.0
102.78995096419729,18.70548441392818,6505,848.0
102.50159175799492,18.46159181428973,6506,186.0
103.07777118122918,19.036154270012574,6507,1885.0
103.3583150444597,18.76585120102101,6508,1332.0
102.74063345509913,18.912725749974552,6509,337.0
103.43862443085999,19.00192845768762,6510,406.0
103.43458201208145,18.969589107459317,6511,473.0
102.84789230002299,19.02914741079644,6512,813.0
103.03007063964243,18.424671056112416,6513,387.0
103.04516233641564,19.05070697761531,6514,910.0
102.93952045900319,18.59606961232242,6515,945.0
103.09259338341715,18.736206796645067,6516,1656.0
103.0734592678654,18.678534955404594,6517,346.0
103.3965832755632,18.54136221151954,6518,1165.0
102.24341594533897,19.01998459489842,6519,729.0
102.4105025881852,19.077117446968426,6520,460.0
102.5112935630634,18.542440189860486,6521,180.0
102.94248489944079,18.588254269350582,6522,787.0
102.34851883358095,18.806544883391624,6523,286.0
102.67838020590963,18.686080803791196,6524,716.0
102.39271594555963,18.575857518429732,6525,227.0
103.29821775195211,18.694704630518743,6526,820.0
103.27881414181513,18.60711889031709,6527,579.0
103.10606811267894,18.968511129118376,6528,1845.0
103.27773616347419,18.448656074198407,6529,278.0
102.29731486238614,18.537319792741005,6530,235.0
103.26453092879763,18.49851257246704,6531,1078.0
103.23704248110357,18.61439524411846,6532,721.0
103.32274175920857,18.55133351117327,6533,813.0
102.5390515053427,18.425479539868125,6534,168.001
102.42236034993557,19.051784955956254,6535,267.0
102.61882190257252,18.769354630629078,6536,477.0
103.05513363606937,18.725966002406103,6537,981.0
103.44212786046806,18.842118168642756,6538,377.0
103.01982984540346,18.78741076783988,6539,1116.0
102.5390515053427,18.9784824287721,6540,1178.0
102.54740583748502,18.75938333097535,6541,221.0
103.06645240864927,18.49851257246704,6542,682.0
103.28932443063933,18.82325354767625,6543,1024.0
102.86163652387002,18.599842536515723,6544,401.0
103.25644609124055,18.466442716823973,6545,749.0
103.08747298629767,18.68823676047308,6546,586.0
103.04085042305186,19.011360768170874,6547,1893.0
102.58378760649185,18.608196868658034,6548,208.036
102.32076089130166,18.85424542497837,6549,388.0
102.5323141407118,18.565347229605532,6550,345.0
102.70398219150705,18.75426293385587,6551,1302.0
103.10094771555946,18.662634774875677,6552,319.0
102.35849013323468,19.035884775427338,6553,1181.0
102.26039410420883,18.70144199514964,6554,275.0
102.58648255234421,18.594991633981476,6555,208.036
103.27369374469565,18.831877374403795,6556,732.0
102.28626558439147,18.593374666470062,6557,452.0
102.2113460896959,18.892513656081864,6558,453.0
102.69454988102379,19.092478638326867,6559,1231.0
103.12574121740116,18.698477554712046,6560,815.0
102.20676468174689,18.829990912307142,6561,403.0
102.53743453783129,18.410387843094917,6562,180.0
103.28905493605409,18.833763836500445,6563,776.0
103.35346414192546,18.984680804232525,6564,1257.0
102.35175276860379,18.448925568783643,6565,217.0
102.428558725396,18.603615460709026,6566,203.0
102.28410962770958,19.03507629167163,6567,731.0
103.43512100125193,19.026182970358846,6568,402.0
102.74090294968435,18.558609864974635,6569,208.048
102.9839870655671,18.958539829464648,6570,1355.0
102.31294554832982,18.745369612543087,6571,239.0
103.39550529722226,18.500938023734165,6572,652.0
103.20685908755715,18.643770153909166,6573,756.0
102.88508255278555,19.062834233950923,6574,700.0
102.93898146983271,18.86879813258111,6575,561.0
102.76569645152605,18.908683331196013,6576,335.007
103.12897515242399,18.722732067383273,6577,1462.0
102.4210128770094,19.050167988444837,6578,443.0
102.26713146883972,18.46913766267633,6579,229.0
102.24503291285038,18.433025388254727,6580,331.0
103.41652587487064,18.48827177822808,6581,558.0
103.05109121729083,19.04558658049583,6582,1040.0
102.34016450143864,18.949107518981393,6583,294.0
102.89505385243926,18.43275589366949,6584,661.0
102.53204464612656,18.66425174238709,6585,208.009
103.16912984562413,18.612778276607045,6586,532.0
102.85301269714247,18.55187250034374,6587,238.0
102.6050776787255,18.88739325896238,6588,1018.0
102.56653995303675,18.46266979263067,6589,199.0
102.46547948357332,18.40176401636737,6590,174.0
103.18826396117588,18.598495063589542,6591,369.0
102.5533347183602,18.810317807584926,6592,250.0
102.41346702862279,18.877691453893892,6593,274.0
103.4326955499848,18.802502464613088,6594,345.0
103.40439861853504,18.662634774875677,6595,1104.0
102.21107659511067,18.466981705994446,6596,221.0
103.42838363662102,18.56373026209412,6597,580.0
102.85355168631294,18.94533459478809,6598,1628.0
103.41436991818877,18.94210065976526,6599,486.0
102.26362803923166,18.80358044295403,6600,539.0
102.30324374326133,18.760730803901527,6601,228.001
103.41760385321159,18.619785135823175,6602,1650.0
102.5352785811494,18.513334774655014,6603,265.0
102.79722731799865,18.85316744663743,6604,335.005
103.31789085667432,18.461322319704493,6605,307.0
102.3609155845018,18.989801201352005,6606,872.0
102.48676955580694,18.866372681313983,6607,230.001
102.27629428473774,18.93698026264578,6608,715.0
102.8487007837787,18.705753908513415,6609,1195.0
102.60696414082214,18.91676816875309,6610,1183.0
103.16589591060131,18.96608567785125,6611,1749.0
102.30243525950561,18.898981526127525,6612,512.0
103.36343544157918,18.80573639963592,6613,802.0
102.50240024175062,18.453237482147415,6614,184.0
102.73093165003063,18.681768890427424,6615,210.0
103.16589591060131,18.62517502752789,6616,416.0
102.47167785903373,19.033728818745452,6617,621.0
102.42963670373695,18.727852464502753,6618,524.0
102.7697388703046,18.88685426979191,6619,520.0
102.3083641403808,18.490966724080437,6620,365.0
102.95110872616833,18.82433152601719,6621,1015.0
103.18907244493158,18.56373026209412,6622,703.0
103.31250096496962,18.677187482478413,6623,595.0
103.04085042305186,18.42359307777147,6624,380.0
102.46844392401091,18.53812827649671,6625,199.0
102.28303164936864,18.409309864753972,6626,226.0
102.35849013323468,18.63918874596016,6627,359.0
102.50186125258016,19.003006436028564,6628,690.0
103.0734592678654,19.067954631070407,6629,1322.0
102.35310024152996,18.70871834895101,6630,224.0
102.6150489783792,18.72354055113898,6631,319.0
102.78186612664021,18.413891272702983,6632,836.0
103.18961143410206,18.545943619468552,6633,304.0
103.11361396106555,18.55187250034374,6634,498.0
102.99611432190271,18.7965735837379,6635,970.0
102.37654627044547,18.472910586869634,6636,186.001
103.26129699377479,18.666677193654216,6637,823.0
102.64981377987463,18.579630442623035,6638,208.023
103.41005800482499,19.07226654443418,6639,1117.0
102.38840403219585,18.86664217589922,6640,487.0
103.29525331151451,18.75938333097535,6641,1632.0
102.62151684842487,18.854784414148842,6642,918.0
103.18718598283493,18.89386112900804,6643,1248.0
102.69859229980233,18.780403908623747,6644,1598.0
103.11118850979842,18.547830081565202,6645,295.0
103.19203688536918,18.589062753106287,6646,381.0
103.41814284238207,19.035345786256865,6647,378.0
103.29148038732122,18.403111489293547,6648,154.0
103.43835493627475,18.96878062370361,6649,592.0
103.10795457477559,18.586637301839165,6650,420.0
103.02602822086389,18.47398856521058,6651,573.0
102.62987118056718,18.762347771412944,6652,281.0
102.68592605429625,18.56426925126459,6653,208.038
103.44509230090566,18.515760225922136,6654,1077.0
102.27710276849345,19.07550047945701,6655,1127.0
102.41777894198657,19.019176111142716,6656,850.0
102.71503146950171,18.6936266521778,6657,669.0
102.62313381593628,18.62733098420978,6658,208.026
102.6554731661646,18.531390911865817,6659,208.036
102.95811558538446,18.75480192302634,6660,664.0
102.5067121551144,18.83403333108568,6661,271.0
102.35687316572326,18.9213495767021,6662,276.0
102.39810583726435,18.721923583627564,6663,849.0
102.5886385090261,19.055557880149557,6664,903.0
103.37879663293764,19.02914741079644,6665,399.0
103.28662948478697,18.835919793182335,6666,714.0
102.5773197364462,18.41119632685062,6667,177.0
102.96458345543012,18.840501201131342,6668,963.001
103.39981721058602,18.489080261983787,6669,621.0
102.23182767817383,18.56480824043506,6670,313.0
102.9171524084286,18.989531706766773,6671,1015.0
102.96161901499252,18.60442394446473,6672,665.0
103.28582100103127,18.85047250078507,6673,891.0
103.2583325533372,18.822984053091012,6674,977.0
103.33756396139654,19.049359504689132,6675,351.0
102.24233796699802,19.079812392820784,6676,691.0
102.70209572941039,18.639997229715867,6677,208.059
102.25904663128264,18.648351561858178,6678,241.0
102.23694807529331,18.952071959418987,6679,579.0
103.34187587476032,18.700903005979168,6680,446.0
102.54524988080313,18.624636038357423,6681,208.013
102.76812190279318,18.424671056112416,6682,983.0
102.63283562100477,18.973092537067384,6683,619.0
103.19311486371012,18.846699576591767,6684,1723.0
103.14164139793007,18.4831513811086,6685,547.0
103.35292515275499,18.772319071066672,6686,1267.0
103.10714609101989,18.88469831311002,6687,1287.0
102.84034645163639,18.74617809629879,6688,579.0
103.15754157845899,18.738901742497426,6689,1142.0
102.62987118056718,18.70548441392818,6690,239.0
102.55225674001926,18.419011669822464,6691,176.001
102.7179959099393,18.485846326960957,6692,1532.0
102.39271594555963,18.51144831255836,6693,221.0
102.6344525885162,18.47075463018775,6694,208.017
102.59025547653752,18.694704630518743,6695,253.0
102.65196973655652,18.563191272923646,6696,208.023
103.25644609124055,18.51468224758119,6697,957.0
102.74817930348573,19.021871056995074,6698,436.0
103.0486657660237,18.594722139396243,6699,435.0
103.22949663271696,18.534085857718175,6700,939.0
102.7457538522186,19.006240371051394,6701,386.0
102.38543959175826,18.99599957681243,6702,1169.0
103.30226017073065,18.43221690449902,6703,148.007
103.42326323950155,18.597686579833837,6704,1641.0
103.16373995391942,18.444883150005104,6705,252.0
102.62043887008393,18.922158060457807,6706,1454.0
102.95407316660592,18.83295535274474,6707,1106.0
102.64981377987463,18.837267266108512,6708,549.0
102.38328363507638,18.92188856587257,6709,361.0
102.31537099959694,18.769354630629078,6710,277.0
102.2932724436076,18.4906972294952,6711,239.0
103.2868989793722,18.995730082227197,6712,1188.0
102.5819011443952,19.018367627387008,6713,935.0
102.85624663216531,18.679073944575066,6714,1368.0
103.35238616358451,19.04370011839918,6715,383.0
102.89478435785404,18.770163114384783,6716,847.0
103.32381973754951,18.578821958867326,6717,718.0
102.77162533240124,18.989262212181536,6718,883.0
102.52153435730237,18.4440746662494,6719,203.0
102.5781282202019,18.47506654355152,6720,212.0
102.44203345465779,18.85316744663743,6721,228.001
102.68215313010295,18.881733872672427,6722,335.012
102.45550818391959,18.560765821656524,6723,185.0
103.17802316693692,18.95503639985658,6724,1576.0
102.27090439303302,18.910030804122194,6725,556.0
103.33028760759518,18.84400463073941,6726,561.0
102.54740583748502,18.74105769917931,6727,231.0
103.12115980945215,19.067954631070407,6728,1092.0
103.28716847395744,18.740788204594075,6729,1010.0
102.86487045889285,18.574240550918315,6730,493.0
103.33486901554419,18.620324124993648,6731,929.0
102.53177515154134,19.094634595008756,6732,694.0
102.20137479004218,18.803310948368793,6733,417.0
103.40898002648404,18.489619251154256,6734,476.0
103.28258706600843,18.61816816831176,6735,577.0
102.2609330933793,18.999772501005733,6736,791.0
102.39810583726435,18.816785677630588,6737,265.0
102.92065583803668,18.991418168863422,6738,1067.0
102.55953309382063,18.41793369148152,6739,176.001
102.27710276849345,18.978212934186864,6740,600.0
103.44266684963853,19.050437483030073,6741,423.0
102.65789861743171,18.982794342135875,6742,553.0
103.02953165047197,18.528426471428222,6743,289.0
102.26039410420883,18.789566724521766,6744,352.0
102.72257731788832,18.684194341694546,6745,232.0
102.86271450221096,18.50390246417176,6746,801.0
102.35983760616085,18.4764140164777,6747,220.0
102.98802948434565,18.85640138166026,6748,989.0
102.35498670362661,18.972284053311675,6749,756.0
103.019290856233,18.67799596623412,6750,1254.0
102.57462479059383,18.512526290899306,6751,208.01
102.738208003832,18.703328457246293,6752,380.0
102.36630547620652,18.853436941222665,6753,260.0
102.44391991675444,18.82109759099436,6754,347.0
103.12439374447499,18.48234289735289,6755,581.0
103.35723706611876,18.617090189970817,6756,740.0
102.56115006133204,18.67745697706365,6757,208.007
103.04758778768276,18.79980751876073,6758,1470.0
103.16751287811272,19.03049488372262,6759,1447.0
102.26470601757259,18.431408420743313,6760,329.0
102.27332984430015,18.756957879708228,6761,405.0
102.33046269637015,19.00462340353998,6762,624.0
102.46278453772095,18.530312933524872,6763,200.0
103.36990331162485,19.030225389137385,6764,415.0
102.25365673957793,18.68796726588785,6765,258.0
102.92847118100852,18.605501922805676,6766,765.0
103.4259581853539,19.043969612984412,6767,575.0
103.43754645251904,18.437337301618502,6768,148.001
102.94706630738979,18.83026040689238,6769,930.0
102.2458413966061,18.60065102027143,6770,228.0
102.52072587354667,19.011091273585638,6771,648.0
102.27791125224915,18.628947951721194,6772,194.001
103.2709987988433,18.91865463084974,6773,1419.0
102.40807713691808,18.853436941222665,6774,297.0
102.56061107216156,19.059330804342856,6775,666.0
102.99557533273224,18.721654089042328,6776,680.0
103.14891775173145,18.661287301949496,6777,528.0
103.21602190345517,18.47776148940388,6778,638.0
102.82660222778937,18.850203006199834,6779,479.0
102.94437136153743,18.836458782352803,6780,1081.0
103.04543183100088,18.641883691812517,6781,337.0
102.33881702851247,18.452698492976946,6782,199.0
102.65223923114176,18.93239885469677,6783,525.0
102.73174013378635,18.917846147094032,6784,429.0
102.30135728116467,18.630295424647375,6785,217.0
103.08289157834867,18.774475027748558,6786,1147.0
102.63687803978331,18.546482608639025,6787,208.049
102.75303020601997,18.781212392379455,6788,526.0
103.33190457510659,18.726774486161812,6789,486.0
103.13679049539583,18.62490553294266,6790,811.0
102.72581125291116,18.471563113943454,6791,1220.0
102.28842154107336,18.878769432234833,6792,394.0
102.58675204692945,18.95584488361229,6793,864.0
103.26264446670098,18.829451923136673,6794,995.0
102.67541576547204,18.547021597809493,6795,208.032
102.86271450221096,18.916498674167855,6796,887.0
102.8667569209895,18.70225047890535,6797,1594.0
103.02090782374441,18.939944703083373,6798,1319.0
103.05648110899554,19.068763114826112,6799,1091.0
102.5134495197453,18.99222665261913,6800,800.0
102.93332208354276,18.936710768060543,6801,1208.0
102.58270962815091,18.61574271704464,6802,221.0
102.78914248044158,18.78929722993653,6803,538.0
102.9403289427589,18.69497412510398,6804,1542.0
102.35902912240515,18.74887304215115,6805,257.0
102.68969897848955,18.96743315077743,6806,636.0
103.00608562155644,18.76531221185054,6807,931.0
102.57893670395761,18.944795605617617,6808,559.0
102.8457363433411,18.509292355876475,6809,461.0
103.25429013455866,18.851280984540775,6810,1228.0
102.54471089163266,18.92916491967394,6811,821.0
102.94005944817366,18.760461309316295,6812,594.0
103.4003561997565,18.909761309536957,6813,1236.0
102.82579374403365,18.791992175788888,6814,701.0
102.80504266097049,18.64484813225011,6815,751.0
102.54983128875213,18.9461430785438,6816,1084.0
102.46844392401091,18.537319792741005,6817,195.0
102.95191720992403,19.018637121972244,6818,691.0
103.18907244493158,18.662095785705205,6819,477.0
103.42919212037674,18.83026040689238,6820,283.0
103.29174988190645,19.084932789940265,6821,633.0
103.38203056796046,19.009474306074225,6822,410.0
102.42801973622552,18.727043980747048,6823,523.0
102.42505529578793,18.70656239226912,6824,406.0
102.52422930315473,19.036962753768282,6825,658.0
102.83199211949407,18.419011669822464,6826,875.0
102.33046269637015,18.64996852936959,6827,209.0
103.25240367246201,18.599842536515723,6828,955.0
102.70748562111511,18.903562934076533,6829,376.0
102.74171143344006,18.852628457466956,6830,506.0
103.4394329146157,18.453776471317887,6831,156.0
102.9478747911455,19.020523584068894,6832,728.0
102.22778525939529,18.555914919122277,6833,256.0
102.47572027781227,18.86152177877974,6834,510.0
102.5894469927818,18.412543799776802,6835,178.0
103.25429013455866,18.879847410575778,6836,900.0
102.6180134188168,18.431138926158077,6837,209.0
103.14352786002672,18.8537064358079,6838,1683.0
102.57839771478713,18.690123222569735,6839,358.0
102.98910746268658,18.872571056774408,6840,1095.0
102.74683183055954,18.541631706104777,6841,208.049
102.57058237181529,19.018367627387008,6842,1049.0
103.33918092890796,18.638110767619214,6843,719.0
102.36873092747364,18.43221690449902,6844,215.0
102.46655746191426,18.96366022658413,6845,517.0
102.35471720904138,18.80358044295403,6846,261.0
102.92281179471856,18.78929722993653,6847,673.0
102.23856504280472,18.579091453452563,6848,265.0
102.33666107183058,18.65670589400049,6849,221.0
102.79722731799865,19.008935316903752,6850,816.0
102.31914392379024,19.038849215864932,6851,956.0
103.40008670517126,19.052323945126727,6852,664.0
102.55845511547969,18.43598982869232,6853,205.0
102.60777262457785,18.49393116451803,6854,208.015
102.58971648736704,19.09355661666781,6855,1126.0
102.80234771511813,18.9070663636846,6856,335.009
103.25213417787678,18.88146437808719,6857,915.0
102.50159175799492,18.472910586869634,6858,188.0
103.28501251727555,18.883081345598608,6859,1029.0
103.03842497178475,18.537858781911474,6860,229.002
103.27746666888895,18.72866094825846,6861,951.0
102.33450511514869,18.930781887185354,6862,1081.0
102.23937352656043,18.62867845713596,6863,226.0
102.7869865237597,18.796843078323132,6864,335.002
103.04138941222234,18.816246688460115,6865,1565.0
102.86433146972239,18.620324124993648,6866,306.0
103.03626901510286,18.641344702642044,6867,421.0
102.5554906750421,18.773936038578086,6868,219.0
103.0898984375648,18.97336203165262,6869,1661.0
102.37735475420119,18.959887302390825,6870,1145.0
103.27773616347419,18.89332213983757,6871,860.0
103.13652100081059,18.661287301949496,6872,614.0
102.5059036713587,18.839423222790398,6873,231.0
102.27306034971491,19.02591347577361,6874,633.0
102.44149446548732,19.07792593072413,6875,399.0
103.33028760759518,19.002736941443327,6876,1294.0
102.52045637896143,18.676917987893177,6877,209.0
102.74305890636624,18.869337121751578,6878,617.0
102.88885547697885,18.958809324049884,6879,1126.0
102.56195854508775,18.53947574942289,6880,208.002
102.63633905061285,18.802502464613088,6881,530.0
102.67029536835257,18.42359307777147,6882,575.0
102.45847262435719,19.040735677961585,6883,385.0
103.22761017062031,18.836458782352803,6884,1342.0
102.76839139737841,18.637302283863505,6885,400.0
102.88211811234795,18.50174650748987,6886,690.0
103.08801197546813,18.426018529038593,6887,329.0
102.652508725727,18.848586038688417,6888,589.0
103.2011997012672,18.67476203121129,6889,471.0
103.03007063964243,19.027799937870263,6890,1304.0
103.2268016868646,18.484498854034776,6891,997.0
103.20766757131287,18.521150117626853,6892,560.0
103.10229518848564,18.52141961221209,6893,1034.0
102.92927966476422,18.609005352413742,6894,665.0
102.714222985746,19.01567268153465,6895,915.0
102.21161558428113,18.426557518209066,6896,302.0
102.54120746202459,18.529504449769163,6897,178.001
102.2113460896959,18.90571889075842,6898,408.0
103.15727208387375,18.67880444998983,6899,601.0
103.07103381659829,18.620593619578884,6900,363.0
103.17505872649932,18.924314017139693,6901,996.0
102.56950439347435,18.462130803460198,6902,190.0
102.73847749841724,18.837267266108512,6903,529.0
102.78132713746973,19.029416905381677,6904,877.0
103.33486901554419,18.879847410575778,6905,986.0
102.7840220833221,18.610083330754684,6906,763.0
103.13113110910588,18.87634398096771,6907,1352.0
103.40898002648404,18.535433330644352,6908,1103.0
103.19203688536918,18.926739468406815,6909,934.0
102.54363291329172,18.53112141728058,6910,178.001
102.41885692032751,18.817055172215824,6911,242.0
102.77566775117978,18.991957158033895,6912,1158.0
103.06025403318885,18.998694522664792,6913,1640.0
103.39550529722226,18.658861850682374,6914,1139.0
103.15942804055564,18.823523042261485,6915,1251.0
102.99719230024365,18.58178639930492,6916,413.0
102.52961919485945,18.500129539978456,6917,237.0
102.36307154118369,18.704136941001998,6918,462.0
103.40305114560886,18.637032789278273,6919,1675.0
102.65466468240888,18.865833692143514,6920,630.0
102.24988381538462,19.01998459489842,6921,638.0
102.45847262435719,18.491775207836145,6922,175.0
103.04920475519418,18.440301742056096,6923,477.0
103.10445114516753,18.65724488317096,6924,378.0
102.45766414060147,18.428713474890955,6925,174.0
102.5600720829911,18.483959864864303,6926,297.0
102.55872461006491,18.427366001964774,6927,198.0
102.47545078322705,19.00731834939234,6928,405.0
102.82309879818129,18.75210697717398,6929,693.0
103.35346414192546,18.508753366706003,6930,792.0
103.03384356383573,18.997886038909083,6931,1469.0
103.40924952106928,19.015403186949413,6932,447.0
103.05136071187607,18.967702645362667,6933,1681.0
102.41535349071944,18.63325986508497,6934,299.0
102.41939590949798,18.466442716823973,6935,216.0
103.02575872627865,18.75803585804917,6936,1043.0
102.56653995303675,18.90302394490606,6937,338.0
102.6021132382879,18.627869973380253,6938,222.0
103.35292515275499,18.53489434147388,6939,1206.0
102.37492930293406,18.580977915549212,6940,379.0
102.5743552960086,18.71518621899667,6941,225.0
103.36397443074966,18.686350298376432,6942,446.0
103.28177858225273,19.084124306184556,6943,580.0
102.2504228045551,19.094095605838284,6944,862.0
103.16131450265229,18.742674666690725,6945,1147.0
102.79453237214629,19.001658963102386,6946,816.0
102.46278453772095,18.578821958867326,6947,191.0
102.89747930370639,19.097329540861114,6948,1023.0
102.24260746158326,18.551064016588033,6949,244.0
102.77458977283884,18.604154449879495,6950,627.0
103.01524843745446,18.53947574942289,6951,235.0
102.21996991642345,18.92054109294639,6952,400.0
103.2470137807573,18.787141273254644,6953,1156.0
102.63229663183431,18.82109759099436,6954,594.0
102.93170511603134,18.771241092725727,6955,593.0
103.33971991807843,18.81004831299969,6956,779.0
103.41302244526258,18.59876455817478,6957,1062.0
103.17155529689126,19.09301762749734,6958,1388.0
102.60831161374831,18.8041194321245,6959,1012.0
103.00366017028932,18.772319071066672,6960,802.0
102.54524988080313,18.75938333097535,6961,216.0
102.34339843646147,19.032920334989743,6962,1178.0
103.1696688347946,19.06445120146234,6963,942.0
103.25240367246201,18.497434594126098,6964,1092.0
102.59187244404893,18.464556254727324,6965,221.0
103.13705998998107,18.877960948479128,6966,1485.0
102.8344175707612,18.72812195908799,6967,668.0
102.2992013244828,19.03318982957498,6968,967.0
103.19419284205107,19.05986979351333,6969,1100.0
102.76515746235559,18.51037033421742,6970,661.0
103.39981721058602,18.904910407002713,6971,1008.0
103.06402695738215,18.421437121089586,6972,367.0
102.3045912161875,18.972284053311675,6973,733.0
103.44482280632042,18.97982990169828,6974,406.0
103.00231269736314,18.6402667243011,6975,450.0
103.4318870662291,18.996538565982902,6976,525.0
102.76515746235559,18.942370154350495,6977,335.01
103.13005313076494,19.07226654443418,6978,1130.0
102.71179753447889,18.60253748236808,6979,208.057
102.38921251595157,18.50821437753553,6980,212.0
102.30890312955128,18.779056435697566,6981,258.0
102.52503778691043,18.686619792961668,6982,208.008
102.95730710162876,18.961234775317006,6983,1394.0
102.50698164969964,18.990609685107714,6984,888.0
103.38957641634707,18.823523042261485,6985,686.0
103.11603941233267,18.902484955735588,6986,1197.0
103.22787966520555,18.40176401636737,6987,161.0
102.60723363540737,19.098407519202055,6988,963.0
102.64253742607328,18.888471237303325,6989,985.0
103.31950782418575,18.991148674278186,6990,1324.0
102.2550042125041,18.452698492976946,6991,244.0
102.4315231658336,18.860982789609267,6992,311.0
103.19769627165914,19.08708874662215,6993,596.0
103.07157280576875,18.92000210377592,6994,1418.0
103.05486414148413,18.653471958977658,6995,367.0
102.49781883380162,18.882811851013372,6996,495.0
102.90637262501917,18.462400298045434,6997,668.0
103.0230637804263,18.51818567718926,6998,652.0
102.70532966443322,18.444344160834632,6999,340.0
103.06187100070026,18.829990912307142,7000,1211.0
102.79561035048724,18.752376471759217,7001,635.0
103.12493273364545,18.453776471317887,7002,469.0
102.97185980923149,18.872301562189172,7003,1107.0
103.26560890713857,18.44919506336888,7004,294.0
102.73039266086016,18.452698492976946,7005,1014.0
103.07588471913253,18.728391453673225,7006,1446.0
102.42155186617987,18.513334774655014,7007,188.0
102.35552569279709,18.47587502730723,7008,213.0
102.40969410442949,18.598225569004306,7009,199.0
102.81231901477186,19.036693259183046,7010,659.0
103.24809175909824,18.42251509943053,7011,165.0
103.08073562166678,18.837806255278984,7012,1285.0
102.49674085546067,19.04558658049583,7013,819.0
102.98749049517517,18.64942954019912,7014,626.0
103.03276558549479,18.63918874596016,7015,350.0
102.2684789417659,19.07038008233753,7016,1035.0
102.57974518771331,18.759652825560586,7017,229.0
103.17964013444833,18.455123944244068,7018,341.0
103.12493273364545,18.568311670043126,7019,874.0
102.47464229947133,18.77043260897002,7020,262.0
103.06645240864927,19.094634595008756,7021,1593.0
103.17667569401074,18.40418946763449,7022,171.0
103.15673309470328,18.48557683237572,7023,674.0
102.30863363496604,18.62167159791983,7024,218.0
102.30108778657944,18.974978999164033,7025,782.0
102.32534229925066,18.793070154129833,7026,299.0
102.38705655926968,18.67745697706365,7027,359.0
102.25177027748128,18.934015822208185,7028,858.0
102.49808832838686,18.52195860138256,7029,186.0
102.41373652320803,18.57397105633308,7030,193.0
102.67999717342106,18.98683676091441,7031,388.0
102.94517984529314,18.46913766267633,7032,404.002
102.33989500685341,18.61250878202181,7033,573.0
102.62852370764101,18.667216182824685,7034,208.031
103.05055222812035,18.545135135712844,7035,229.002
103.31061450287297,18.928356435918232,7036,891.0
102.4210128770094,18.503632969586523,7037,177.0
103.31519591082197,18.92269704962828,7038,837.0
103.11226648813937,18.77824795194186,7039,1286.0
103.10795457477559,18.50902286129124,7040,877.0
102.89316739034261,18.677187482478413,7041,1281.0
102.28303164936864,18.664790731557563,7042,213.0
102.96242749874823,18.554028457025627,7043,434.0
103.34915222856169,18.417664196896283,7044,154.001
102.86190601845526,18.79846004583455,7045,777.0
102.90448616292252,18.62086311416412,7046,405.0
102.59780132492412,18.744561128787378,7047,270.0
102.228593743151,19.026452464944082,7048,435.0
102.70182623482516,19.045047591325357,7049,1287.0
102.69508887019427,18.5440571573719,7050,208.044
103.43431251749621,18.69497412510398,7051,288.0
102.81231901477186,18.813821237192993,7052,713.0
103.2057811092162,18.963390731998892,7053,1569.0
103.37286775206245,18.939675208498137,7054,1121.0
103.1020256939004,18.474258059795815,7055,447.0
102.57866720937237,18.914881706656438,7056,459.0
102.93143562144611,18.670180623262283,7057,1217.0
102.60426919496977,18.926739468406815,7058,1324.0
102.83468706534643,18.78336834906134,7059,963.0
103.17020782396507,18.831877374403795,7060,1349.0
103.1448753329529,18.58124741013445,7061,611.0
103.26776486382046,19.021062573239366,7062,819.0
102.2550042125041,18.75102899883304,7063,237.0
102.65709013367601,18.976865461260687,7064,402.0
102.22535980812816,18.58448134515728,7065,291.0
103.2079370658981,18.60523242822044,7066,578.0
102.55737713713874,18.689584233399263,7067,221.0
102.46898291318138,18.889279721059033,7068,231.0
102.56977388805959,18.41092683226539,7069,176.0
102.32210836422783,18.615473222459404,7070,211.0
103.00743309448262,18.489619251154256,7071,548.0
102.49081197458548,18.550255532832324,7072,183.0
103.25429013455866,19.043161129228707,7073,761.0
102.84061594622162,18.712760767729545,7074,1046.0
102.91984735428096,19.021062573239366,7075,934.0
103.42919212037674,18.837536760693748,7076,300.0
102.88157912317747,18.671258601603224,7077,1211.0
103.2747717230366,18.44326618249369,7078,178.0
103.22491522476795,18.6831163633536,7079,908.0
103.1020256939004,18.71114380021813,7080,940.0
102.63256612641955,19.06552917980328,7081,1261.0
102.90475565750776,18.87957791599054,7082,720.0
102.35148327401855,18.72300156196851,7083,219.0
103.443205838809,18.620324124993648,7084,1520.0
103.13517352788442,18.67610950413747,7085,629.0
103.00689410531214,18.44515264459034,7086,341.0
102.27494681181156,18.499590550807984,7087,234.0
103.00069572985173,19.021062573239366,7088,1363.0
103.04462334724516,18.65993982902332,7089,468.0
103.3612794848973,18.81597719387488,7090,674.0
102.67137334669351,18.80358044295403,7091,1120.0
102.82229031442559,18.837806255278984,7092,335.007
102.43098417666312,18.453237482147415,7093,216.0
102.28869103565859,18.615203727874167,7094,222.0
102.44796233553298,18.472102103113926,7095,174.0
103.0688778599164,18.699825027638227,7096,563.0
103.36532190367583,19.00650986563663,7097,620.0
102.96808688503819,18.92916491967394,7098,1055.0
103.43134807705863,18.94668206771427,7099,366.0
102.25985511503835,18.713569251485254,7100,503.0
102.63553056685714,18.670989107017988,7101,211.0
102.78078814829927,18.837536760693748,7102,502.0
102.58540457400326,18.61493423328893,7103,218.0
102.74225042261054,18.596608601492893,7104,302.0
103.17883165069263,18.664521236972327,7105,603.0
102.7352435633944,18.75668838512299,7106,978.0
102.49323742585261,18.689584233399263,7107,820.0
102.3617240682575,18.45350697673265,7108,187.0
102.56061107216156,18.735128818304123,7109,239.0
102.89640132536545,18.52573152557586,7110,427.0
102.75437767894616,18.70871834895101,7111,352.0
102.3819361621502,18.80816185090304,7112,229.0
102.56168905050251,18.49986004539322,7113,317.0
102.29273345443713,19.02483549743267,7114,987.0
102.58729103609991,18.495278637444212,7115,208.012
103.21036251716522,18.764773222680066,7116,1261.0
102.24557190202086,18.918115641679268,7117,626.0
103.26560890713857,18.544865641127608,7118,820.0
102.3865175700992,18.86206076795021,7119,317.0
102.29974031365326,18.563191272923646,7120,228.0
103.2507867049506,18.77878694111233,7121,1310.0
103.12035132569645,18.96096528073177,7122,1957.0
103.41194446692164,18.563999756679355,7123,559.0
102.73012316627492,18.87122358384823,7124,767.0
103.16481793226036,18.519263655530203,7125,1060.0
102.52099536813189,18.635954810937328,7126,341.0
102.9869515060047,18.5154907313369,7127,698.0
102.35902912240515,18.59526112856671,7128,661.0
103.05621161441032,18.79765156207884,7129,1391.0
102.28060619810151,18.847508060347476,7130,306.0
103.05405565772843,18.61816816831176,7131,472.0
102.28491811146529,19.015403186949413,7132,852.0
102.87780619898417,18.79522611081172,7133,811.0
102.87645872605799,18.784985316572754,7134,812.0
103.28150908766749,18.970936580385498,7135,933.0
102.3466323714843,18.502285496660342,7136,364.0
102.90610313043393,18.40607592973114,7137,658.0
103.05648110899554,18.865833692143514,7138,1313.0
102.77782370786167,18.71249127314431,7139,381.0
102.88643002571172,19.027799937870263,7140,655.0
102.67164284127874,18.995191093056725,7141,717.0
102.26255006089072,18.994382609301017,7142,794.0
103.37340674123291,18.859904811268326,7143,792.0
102.73174013378635,18.58043892637874,7144,208.05
102.48730854497742,18.789836219107002,7145,214.0
102.81393598228327,18.787680262425116,7146,919.0
103.10984103687224,18.882003367257663,7147,1261.0
103.06402695738215,18.978751923357336,7148,1592.0
102.74521486304813,18.513334774655014,7149,460.0
103.00446865404503,19.00192845768762,7150,1368.0
103.18152659654498,18.479917446085768,7151,259.0
103.43727695793382,18.497434594126098,7152,495.0
103.23650349193309,19.026182970358846,7153,1435.0
102.9020607116554,18.902484955735588,7154,842.0
103.01012804033498,19.086280262866442,7155,657.0
103.07480674079159,18.782290370720396,7156,987.0
102.7126060182346,18.911647771633607,7157,335.01
102.25958562045312,18.845352103665586,7158,394.0
102.34016450143864,18.900059504468466,7159,624.0
103.21763887096658,18.706292897683888,7160,541.0
103.37394573040339,18.637032789278273,7161,1365.0
102.2226648622758,18.892513656081864,7162,576.0
102.46224554855048,18.77824795194186,7163,232.0
102.40241775062812,18.53381636313294,7164,187.0
103.23650349193309,18.513334774655014,7165,1305.0
102.74898778724143,19.082507338673143,7166,1254.0
102.72715872583733,18.950185497322337,7167,430.0
102.9524561990945,18.541901200690013,7168,255.0
102.7697388703046,18.904640912417477,7169,335.007
102.44769284094775,18.913264739145024,7170,233.0
103.26048851001909,18.56373026209412,7171,403.0
102.8990962712178,18.657783872341433,7172,808.0
102.83495655993167,18.748064558395445,7173,405.0
102.9478747911455,19.08843621954833,7174,1297.0
102.5638450071844,19.022679540750783,7175,1149.0
102.97617172259525,18.973631526237856,7176,1438.0
103.18206558571545,18.766929179361952,7177,1497.0
102.4277502416403,18.593913655640534,7178,199.0
103.0898984375648,18.466173222238737,7179,561.0
102.22374284061675,18.4764140164777,7180,228.0
102.66867840084115,18.904910407002713,7181,748.0
102.36819193830317,18.961234775317006,7182,1203.0
102.2038002413093,18.906527374514127,7183,348.0
102.2819536710277,18.445422139175577,7184,386.0
103.03573002593238,19.047203548007243,7185,982.0
102.54821432124072,18.7717800818962,7186,222.0
102.31159807540364,18.587984774765346,7187,229.0
102.52611576525138,19.093287122082575,7188,518.0
102.89855728204734,18.72623549699134,7189,651.0
102.6932024080976,18.73135589411082,7190,1201.0
102.84546684875588,18.865025208387806,7191,787.0
102.52557677608091,18.520072139285908,7192,204.0
103.41032749941023,18.551603005758505,7193,594.0
102.67460728171633,18.874188024285825,7194,440.0
103.30522461116824,18.98441130964729,7195,1329.0
102.852473707972,18.46159181428973,7196,687.0
102.35229175777425,18.668024666580394,7197,716.0
102.41804843657181,18.99546058764196,7198,995.0
102.31887442920501,18.530043438939636,7199,225.0
103.07561522454729,18.49339217534756,7200,628.0
102.62852370764101,18.704406435587234,7201,239.0
102.77405078366837,18.525462030990624,7202,226.0
102.40484320189525,18.817594161386296,7203,239.0
102.39783634267911,18.775283511504266,7204,262.0
102.29192497068142,18.648351561858178,7205,189.0
103.16859085645366,19.08115986574696,7206,902.0
103.10256468307088,18.878499937649597,7207,1240.0
102.88346558527412,18.589062753106287,7208,443.0
102.92038634345144,18.97929091252781,7209,1032.0
102.70317370775133,18.64350065932393,7210,208.059
102.84250240831828,18.730008421184642,7211,608.0
102.95946305831063,18.42844398030572,7212,397.0
102.66598345498879,18.43167791532855,7213,613.0
102.80908507974902,18.465095243897796,7214,932.0
103.17317226440267,18.799268529590258,7215,1274.0
102.46925240776662,18.622210587090297,7216,191.0
102.51452749808624,18.401494521782134,7217,173.0
102.52665475442186,18.441649214982274,7218,196.0
102.61154554877115,18.84589109283606,7219,780.0
103.20928453882428,18.49797358329657,7220,562.0
103.13113110910588,18.726774486161812,7221,1281.0
102.46332352689143,18.528156976842986,7222,202.0
102.23775655904902,18.424671056112416,7223,433.0
103.16158399723753,18.921080082116863,7224,1019.0
102.80288670428861,18.75345445010016,7225,659.0
103.15511612719187,19.077117446968426,7226,913.0
103.22868814896125,18.67799596623412,7227,900.0
103.08477804044531,18.493661669932795,7228,699.0
102.95461215577639,18.598495063589542,7229,847.0
102.68538706512577,18.789566724521766,7230,1179.0
103.41032749941023,19.047203548007243,7231,478.0
102.59079446570799,18.525462030990624,7232,208.034
103.34403183144221,18.6011900094419,7233,570.0
103.44967370885466,18.651316002295772,7234,1157.0
102.7630015056737,18.678265460819357,7235,304.0
102.60022677619123,18.753723944685397,7236,230.0
102.86055854552907,18.469407157261568,7237,485.0
102.79264591004964,18.728930442843698,7238,609.0
102.53393110822321,18.433294882839963,7239,177.0
102.2226648622758,18.890896688570447,7240,571.0
103.23407804066598,18.699286038467754,7241,1064.0
102.21943092725297,18.930512392600118,7242,510.0
103.34888273397645,18.928895425088704,7243,1403.0
102.77485926742408,18.61574271704464,7244,1078.0
103.17775367235168,18.40041654344119,7245,148.012
102.95515114494687,19.04289163464347,7246,777.0
102.71557045867219,18.48934975656902,7247,1281.0
102.43448760627119,18.853436941222665,7248,334.0
103.10957154228701,18.619785135823175,7249,851.0
103.15915854597041,18.632181886744025,7250,497.0
102.99988724609602,18.89143567774092,7251,1201.0
102.94437136153743,18.915151201241674,7252,1011.0
102.39756684809387,18.703867446416762,7253,525.0
102.45092677597057,18.9536889269304,7254,252.0
103.16293147016371,18.71518621899667,7255,630.0
102.55010078333737,18.561843799997465,7256,208.001
102.65520367157936,18.403919973049256,7257,282.0
103.29201937649168,18.700364016808695,7258,992.0
102.50805962804058,18.568581164628363,7259,181.0
102.27036540386256,18.92269704962828,7260,613.0
102.80773760682285,18.57208459423643,7261,377.0
103.1402939250039,18.5402842331786,7262,456.0
103.10822406936083,19.084932789940265,7263,1654.0
103.42407172325726,18.911917266218843,7264,1000.0
102.74359789553672,18.942370154350495,7265,335.01
102.7562641410428,18.66047881819379,7266,345.0
103.08558652420102,18.938058240986724,7267,1311.0
103.00258219194838,18.641883691812517,7268,446.0
102.43799103587925,18.579091453452563,7269,201.0
102.24395493450943,18.80681437797686,7270,394.0
103.15565511636234,19.004353908954744,7271,2265.0
103.20847605506857,18.74510011795785,7272,885.0
102.56680944762199,18.44515264459034,7273,182.0
102.58378760649185,18.865025208387806,7274,315.0
102.55010078333737,18.58771528018011,7275,208.002
102.5285412165185,18.492314197006614,7276,224.0
102.82417677652224,18.544326651957135,7277,208.05
102.86945186684186,18.662095785705205,7278,688.0
103.16616540518653,18.47830047857435,7279,576.0
102.46979139693708,18.79172268120365,7280,240.0
102.62043887008393,18.53570282522959,7281,208.043
102.69104645141573,19.043430623813943,7282,975.0
102.88939446614931,18.79172268120365,7283,907.0
102.61558796754969,18.676917987893177,7284,208.028
102.81851739023229,18.762886760583417,7285,842.0
103.12089031486691,18.889818710229505,7286,1244.0
102.28222316561293,18.93617177889007,7287,644.0
102.78563905083351,18.59202719354388,7288,578.0
103.09986973721851,18.787680262425116,7289,1111.0
103.37879663293764,18.66964163409181,7290,521.0
102.36684446537699,18.865294702973042,7291,269.0
102.86621793181904,18.836458782352803,7292,644.0
102.72500276915544,18.971206074970734,7293,504.0
102.76650493528176,18.799538024175494,7294,891.0
102.70991107238224,18.77097159814049,7295,1401.0
102.43367912251549,19.09867701378729,7296,1105.0
102.84169392456256,18.46536473848303,7297,650.0
102.69643634312044,18.414430261873452,7298,739.0
102.68350060302912,18.77285806023714,7299,761.0
103.10256468307088,18.419011669822464,7300,228.0
102.49431540419354,18.51737719343355,7301,190.0
102.8923589065869,18.605771417390912,7302,398.0
102.43718255212355,18.749412031321622,7303,499.0
103.27450222845135,18.947221056884743,7304,956.0
102.28599608980623,18.882003367257663,7305,432.0
103.4335040337405,18.835380804011862,7306,304.0
102.96620042294154,18.903562934076533,7307,776.0
102.49727984463114,19.094095605838284,7308,418.0
102.51883941145002,18.98171636379493,7309,938.0
103.43242605539956,18.807892356317804,7310,411.0
103.03438255300621,18.417394702311046,7311,366.0
102.87996215566606,18.74510011795785,7312,655.0
102.68969897848955,18.846160587421295,7313,615.0
103.17829266152215,18.570737121310252,7314,768.0
102.29866233531232,18.458088384681663,7315,445.0
102.6021132382879,18.553489467855155,7316,208.039
103.18422154239734,19.068493620240876,7317,758.0
103.39227136219942,18.85155047912601,7318,515.0
102.75356919519044,18.577474485941146,7319,208.05
102.70452118067752,18.46671221140921,7320,656.0
102.87106883435328,18.48342087569383,7321,811.0
102.3008182919942,18.499321056222747,7322,282.0
102.28410962770958,18.64942954019912,7323,224.0
103.1230462715488,18.703597951831526,7324,940.0
102.67757172215393,18.48422935944954,7325,218.0
103.02629771544913,19.010013295244697,7326,1485.0
102.73632154173535,18.75102899883304,7327,892.0
102.36118507908704,18.545674124883316,7328,259.0
102.57516377976431,19.041005172546818,7329,713.0
102.38732605385492,18.72111509987186,7330,479.0
103.25240367246201,19.001658963102386,7331,860.0
103.24539681324588,18.587176291009637,7332,924.0
102.24799735328797,18.668563655750866,7333,256.0
103.12924464700923,18.725696507820867,7334,1408.0
102.96404446625965,18.943987121861912,7335,1382.0
102.2676704580102,18.725157518650395,7336,262.0
102.71610944784265,18.793609143300305,7337,1231.0
103.39846973765985,18.535972319814825,7338,1297.0
103.27234627176946,18.687428276717377,7339,1221.0
102.99234139770941,18.530582428110108,7340,392.0
102.88966396073455,18.43275589366949,7341,698.0
102.57462479059383,18.41281329436204,7342,185.0
102.81312749852756,18.70737087602483,7343,1162.0
102.23425312944094,18.692009684666385,7344,263.0
102.22212587310534,18.47830047857435,7345,231.0
103.28797695771314,19.013516724852764,7346,775.0
102.72042136120643,19.069302103996584,7347,1356.0
102.74844879807097,18.490966724080437,7348,1227.0
103.27989212015608,18.724079540309454,7349,809.0
102.81609193896516,18.45620192258501,7350,939.0
102.73281811212728,18.987375750084883,7351,335.011
102.59537587365699,18.684463836279782,7352,223.0
102.60615565706642,18.514951742166428,7353,208.042
102.57893670395761,18.770702103555255,7354,353.0
103.2222202789156,18.5154907313369,7355,1201.0
102.65493417699412,18.46266979263067,7356,208.021
103.00366017028932,18.91946311460545,7357,1437.0
102.33558309348963,18.49851257246704,7358,526.0
103.0688778599164,18.59606961232242,7359,407.0
103.19904374458531,18.672606074529405,7360,487.0
102.62232533218058,18.956653367367995,7361,850.0
102.48218814785794,18.70278946807582,7362,859.0
103.30899753536154,18.48827177822808,7363,746.0
102.86540944806332,18.840501201131342,7364,660.0
102.35471720904138,18.848047049517945,7365,277.0
102.47410331030086,18.783907338231813,7366,239.0
102.20676468174689,18.675840009552235,7367,342.0
102.84142442997734,18.45242899839171,7368,686.0
102.27710276849345,18.424940550697652,7369,362.0
102.22239536769057,18.76450372809483,7370,310.0
102.42963670373695,18.840501201131342,7371,288.0
102.66948688459685,18.777978457356625,7372,866.0
102.30351323784656,18.575049034674024,7373,236.0
103.18799446659064,18.77258856565191,7374,1441.0
102.84331089207399,18.64808206727294,7375,436.0
102.44553688426586,18.75345445010016,7376,511.0
102.64307641524374,19.03831022669446,7377,1181.0
103.31088399745819,18.449464557954116,7378,156.004
102.90745060336012,18.737554269571245,7379,845.0
103.01443995369875,18.496087121199917,7380,568.0
103.02333327501154,19.05852232058715,7381,1086.0
102.90179121707017,18.807353367147332,7382,995.0
102.20622569257642,19.037501742938755,7383,621.0
103.32678417798711,18.841848674057523,7384,596.0
103.05917605484791,18.651585496881008,7385,315.0
102.57974518771331,18.971745064141203,7386,731.0
102.49431540419354,18.65508892648907,7387,306.0
102.61855240798728,18.623288565431242,7388,208.026
102.59645385199794,19.090053187059745,7389,1055.0
103.44940421426942,18.783098854476105,7390,278.0
103.23434753525122,18.591218709788176,7391,925.0
102.53123616237086,18.666946688239452,7392,208.009
102.7524912168495,18.761539287657236,7393,1009.0
102.9629664879187,18.513065280069778,7394,737.0
103.03815547719951,18.766120695606247,7395,1031.0
102.90152172248493,18.585289828912988,7396,615.0
102.52261233564332,18.957461851123703,7397,1151.0
103.40978851023975,18.749951020492095,7398,433.0
103.18287406947117,18.672067085358933,7399,442.001
102.51856991686478,18.60334596612379,7400,378.0
103.4499432034399,18.48234289735289,7401,372.0
103.34807425022075,18.738362753326953,7402,625.0
103.4326955499848,18.721923583627564,7403,266.0
103.09232388883191,19.05717484766097,7404,1809.0
102.63876450187996,18.43033044240237,7405,418.0
103.11792587442932,18.418203186066755,7406,191.0
102.45146576514105,18.623019070846006,7407,183.001
102.41912641491274,19.093826111253048,7408,475.0
103.21197948467663,18.441379720397038,7409,253.0
102.7869865237597,19.01890661655748,7410,697.0
103.01740439413635,18.796304089152663,7411,1189.0
102.37169536791123,18.502824485830814,7412,221.0
103.24674428617206,18.941831165180023,7413,1111.0
102.75276071143473,18.52330607430874,7414,227.0
103.07022533284257,18.985489287988234,7415,1733.0
102.30027930282374,19.03130336747833,7416,1042.0
102.87565024230229,19.003006436028564,7417,883.0
103.14352786002672,18.885776291450966,7418,1649.0
103.16616540518653,19.084393800769792,7419,1117.0
102.8133969931128,19.068493620240876,7420,1236.0
103.24728327534254,18.63191239215879,7421,567.0
102.23775655904902,18.48665481071666,7422,220.0
102.3751987975193,18.776630984430444,7423,248.0
103.20766757131287,19.055827374734793,7424,1247.0
103.30145168697494,18.413891272702983,7425,159.0
102.64792731777798,19.041274667132054,7426,1359.0
102.2504228045551,18.685272320035487,7427,262.0
103.18152659654498,19.011091273585638,7428,1995.0
102.59753183033888,18.40230300553784,7429,186.0
102.83899897871021,18.404728456804964,7430,891.0
102.31725746169359,18.626522500454072,7431,210.0
102.8659484372338,19.03911871045017,7432,557.0
102.92496775140044,18.460513835948785,7433,511.0
103.0222552966706,19.02321852992125,7434,1304.001
102.33639157724534,18.736745785815536,7435,292.0
103.16481793226036,18.603615460709026,7436,498.0
102.73659103632059,18.437067807033266,7437,975.0
102.38463110800255,19.016211670705122,7438,688.0
102.76434897859988,18.519533150115436,7439,251.0
102.8449278595854,18.971206074970734,7440,787.0
103.31330944872532,18.41793369148152,7441,154.001
102.37762424878642,18.85559289790455,7442,294.0
102.79318489922011,18.876074486382475,7443,524.0
103.32301125379381,18.695243619689215,7444,718.0
103.2041641417048,18.97740445043116,7445,1635.0
103.26426143421239,18.92970390884441,7446,1460.0
102.29057749775524,18.611430803680864,7447,223.0
102.75815060313946,18.402572500123075,7448,792.0
102.51910890603524,18.650238023954827,7449,450.0
103.44859573051372,18.796034594567427,7450,525.0
102.65897659577266,18.725157518650395,7451,759.0
102.46359302147667,18.99734704973861,7452,391.0
102.77728471869119,18.541901200690013,7453,208.047
103.32651468340187,18.57127611048072,7454,452.0
102.96000204748111,18.78660228408417,7455,1199.0
102.55468219128637,18.40553694056067,7456,176.0
103.29417533317357,18.742674666690725,7457,1104.0
103.30899753536154,18.524114558064447,7458,1080.0
102.40726865316236,18.930781887185354,7459,446.0
102.80854609057856,18.873379540530117,7460,543.0
103.3116924812139,18.964468710339837,7461,925.0
103.44590078466136,18.492853186177086,7462,535.0
102.59860980867983,18.766659684776716,7463,369.0
103.25860204792244,18.90383242866177,7464,1050.0
103.31411793248103,18.941831165180023,7465,896.0
102.30270475409085,18.72812195908799,7466,249.0
102.83926847329545,18.619785135823175,7467,373.0
102.93170511603134,19.04477809674012,7468,652.0
102.36118507908704,18.482612391938126,7469,210.0
102.22401233520199,18.63002593006214,7470,250.0
103.05809807650697,18.8146297209487,7471,1257.0
102.7171874261836,18.829182428551437,7472,396.0
102.36765294913269,18.57531852925926,7473,543.0
102.62205583759534,18.848586038688417,7474,777.0
103.43134807705863,18.429791453231896,7475,157.0
102.53797352700175,18.652393980636713,7476,208.01
102.89343688492785,18.887932248132852,7477,759.0
103.26992082050235,18.589871236861995,7478,1017.0
102.50051377965397,19.034806797086397,7479,873.0
102.61989988091347,18.902484955735588,7480,1097.0
102.6150489783792,18.63245138132926,7481,208.026
102.61693544047587,18.985219793402997,7482,415.0
102.57354681225289,19.027799937870263,7483,808.0
102.87376378020564,18.826756977284315,7484,912.0
102.88750800405266,18.587176291009637,7485,442.0
103.38472551381282,18.83349434191521,7486,889.0
102.34851883358095,18.68392484710931,7487,270.0
102.23856504280472,18.854784414148842,7488,464.0
102.8457363433411,19.08196834950267,7489,897.0
102.75303020601997,18.603615460709026,7490,623.0
103.34268435851602,18.986297771743942,7491,1128.0
103.03007063964243,18.876613475552947,7492,1120.0
103.32813165091329,18.51629921509261,7493,1115.0
103.41625638028542,18.589062753106287,7494,1082.0
103.40305114560886,18.689584233399263,7495,540.0
102.7104500615527,19.080351381991253,7496,1239.0
102.69562785936473,18.997616544323847,7497,660.0
102.79129843712346,18.538397771081947,7498,208.048
103.36370493616442,18.93374632762295,7499,1076.0
103.27369374469565,18.520341633871144,7500,1011.0
103.09016793215002,18.528695966013455,7501,602.0
102.70640764277417,18.47964795150053,7502,1157.0
102.23128868900335,18.91353423373026,7503,661.0
102.75518616270186,19.038040732109224,7504,646.0
102.91391847340577,18.703058962661057,7505,1190.0
103.07130331118351,19.068493620240876,7506,1224.0
103.28447352810508,18.991148674278186,7507,1470.0
102.84843128919347,18.829182428551437,7508,423.0
103.02441125335248,18.92916491967394,7509,1455.0
102.36738345454746,19.041005172546818,7510,1137.0
102.44930980845916,18.810587302170163,7511,294.0
102.33073219095539,18.98171636379493,7512,336.0
103.13113110910588,18.86879813258111,7513,1378.0
102.44499789509538,18.716264197337612,7514,475.0
103.19904374458531,18.70656239226912,7515,488.0
102.4865000612217,18.594722139396243,7516,187.0
103.18206558571545,18.94425661644715,7517,1674.0
103.20093020668196,19.050437483030073,7518,1076.0
102.51264103598959,18.70871834895101,7519,211.0
103.27342425011041,18.67664849330794,7520,1328.0
103.271807282599,18.530043438939636,7521,1413.0
102.83926847329545,18.84077069571658,7522,369.0
103.1020256939004,18.891705172326155,7523,1226.0
102.3067471728694,18.474527554381048,7524,370.0
102.4827271370284,19.038040732109224,7525,1133.0
102.72931468251922,18.99087917969295,7526,336.0
102.71476197491648,18.54621311405379,7527,208.046
102.82255980901083,18.497704088711334,7528,532.0
103.09798327512186,19.071188566093234,7529,1542.0
102.21350204637778,18.93105138177059,7530,634.0
102.90044374414398,19.0356152808421,7531,842.0
103.31896883501527,19.023757519091724,7532,941.0
102.83145313032361,18.561843799997465,7533,320.0
102.71395349116077,18.883350840183844,7534,793.0
102.50779013345534,18.85882683292738,7535,230.002
102.7638099894294,18.984141815062053,7536,661.0
102.74683183055954,18.72946943201417,7537,1086.0
103.44428381714994,18.644039648494402,7538,1464.0
102.37007840039982,18.668024666580394,7539,720.0
102.75761161396898,18.801154991686907,7540,836.0
102.70155674023992,18.62679199503931,7541,243.0
103.05109121729083,18.639458240545395,7542,342.0
103.20928453882428,18.654280442733366,7543,715.0
102.22158688393486,18.921080082116863,7544,418.0
103.29094139815074,18.910569793292666,7545,1192.0
102.20029681170124,18.511178817973125,7546,252.0
103.10040872638899,18.97147556955597,7547,1560.0
103.06187100070026,19.050167988444837,7548,1025.0
102.36980890581458,18.458627373852135,7549,186.001
102.4827271370284,18.777169973600916,7550,252.0
102.39568038599722,18.600381525686196,7551,259.0
103.01417045911352,18.709257338121482,7552,852.0
103.24836125368347,18.85828784375691,7553,1481.0
102.90179121707017,18.82648748269908,7554,803.0
102.93978995358842,18.63056491923261,7555,646.0
102.57624175810525,18.734050839963178,7556,220.0
102.66409699289214,18.917576652508796,7557,417.0
102.23802605363424,18.639997229715867,7558,249.0
102.42074338242416,18.870145605507286,7559,546.0
103.21952533306325,18.91110878246314,7560,862.0
103.09421035092856,18.518455171774495,7561,947.0
102.91499645174672,19.07550047945701,7562,744.0
102.73955547675818,18.827026471869548,7563,388.0
102.65143074738606,19.015133692364177,7564,1072.0
102.21862244349727,18.96608567785125,7565,382.0
103.17047731855031,19.01297773568229,7566,1840.0
102.36873092747364,19.09355661666781,7567,859.0
102.86540944806332,18.776630984430444,7568,832.0
103.31438742706626,18.484498854034776,7569,726.0
102.6277152238853,18.712760767729545,7570,278.0
103.0680693761607,19.04801203176295,7571,1378.0
102.59295042238988,18.782290370720396,7572,673.0
102.52746323817756,19.013786219438,7573,811.0
102.56923489888912,18.482881886523362,7574,214.0
103.25779356416673,18.85047250078507,7575,1224.0
103.13436504412871,19.049090010103896,7576,1109.0
102.63229663183431,18.837267266108512,7577,948.0
103.17101630772079,19.066068168973754,7578,935.0
102.83684302202832,18.431947409913786,7579,607.0
103.39550529722226,18.775822500674735,7580,959.0
102.3256117938359,18.81193477509634,7581,307.0
102.28141468185723,18.51090932338789,7582,231.0
102.37331233542265,18.873649035115353,7583,372.0
102.51237154140435,18.832685858159504,7584,358.0
102.97320728215766,18.58367286140157,7585,864.0
102.28006720893104,18.961504269902242,7586,562.0
103.23596450276263,18.8431961469837,7587,1124.0
102.25958562045312,18.6507770131253,7588,216.0
102.33100168554063,18.9927656417896,7589,410.0
102.42882821998124,18.57666600218544,7590,190.0
102.5525262346045,19.0461255696663,7591,966.0
102.96108002582206,18.796304089152663,7592,1170.0
103.076423708303,18.86664217589922,7593,1223.0
102.35121377943331,18.42359307777147,7594,204.0
102.20191377921265,18.96608567785125,7595,455.0
102.54039897826888,19.08196834950267,7596,643.0
102.52665475442186,18.859904811268326,7597,239.0
102.46709645108473,18.854514919563606,7598,252.0
102.69212442975667,18.540553727763836,7599,208.046
103.0448928418304,19.014594703193705,7600,1999.0
103.37044230079532,18.433833872010435,7601,156.0
103.08289157834867,19.035884775427338,7602,2216.0
102.91823038676955,18.404458962219728,7603,553.0
102.95299518826498,18.65724488317096,7604,826.0
103.17532822108456,18.601728998612373,7605,420.0
103.08235258917819,19.013247230267527,7606,2242.0
102.3180659454493,18.450003547124588,7607,284.0
102.81663092813564,18.934015822208185,7608,728.0
102.86945186684186,18.86071329502403,7609,390.0
103.34888273397645,18.637841273033978,7610,727.0
103.00770258906786,18.65913134526761,7611,567.0
102.58163164980996,18.851819973711248,7612,317.0
102.90556414126347,18.884159323939553,7613,672.0
102.39271594555963,18.482073402767654,7614,214.0
102.79965276926578,18.52519253640539,7615,452.0
103.0621404952855,18.849933511614598,7616,1246.0
103.34591829353886,18.794148132470774,7617,1026.0
103.32328074837905,18.98656726632918,7618,1240.0
102.42209085535033,18.54217069527525,7619,185.0
102.58756053068515,18.546482608639025,7620,208.033
102.85516865382436,18.90437141783224,7621,709.0
102.60696414082214,18.750490009662567,7622,237.0
103.43727695793382,18.416316723970105,7623,155.001
102.61558796754969,18.63191239215879,7624,208.026
102.49458489877878,18.52195860138256,7625,178.001
102.78806450210064,18.58502033432775,7626,466.0
102.95515114494687,18.61358676036275,7627,633.0
103.31762136208908,18.685272320035487,7628,577.0
102.90475565750776,18.877960948479128,7629,718.0
102.95703760704352,18.986028277158706,7630,916.0
102.4886560179036,18.46994614643204,7631,197.0
102.80153923136243,18.614664738703695,7632,905.0
102.51964789520572,19.0032759306138,7633,792.0
102.22697677563959,18.561304810826996,7634,315.0
103.32193327545286,19.100563475883945,7635,352.001
102.76030655982134,18.613856254947986,7636,1026.0
102.29515890570426,18.420628637333877,7637,216.0
102.2218563785201,18.844274125324645,7638,400.0
103.24081540529687,19.100563475883945,7639,660.0
103.23785096485928,18.910030804122194,7640,1111.0
102.86621793181904,18.998964017250024,7641,572.0
103.04354536890422,18.578282969696854,7642,241.0
103.30064320321924,18.98441130964729,7643,1600.0
102.36792244371793,19.0280694324555,7644,1194.0
103.12466323906021,18.76019181473106,7645,1390.0
102.91041504379771,18.847508060347476,7646,479.0
103.04004193929616,18.426827012794302,7647,385.0
103.0276451883753,18.574779540088787,7648,240.0
102.83603453827261,19.03507629167163,7649,813.0
102.36819193830317,18.49797358329657,7650,209.0
102.399992299361,18.7965735837379,7651,257.0
102.75895908689516,19.00004199559097,7652,539.0
103.22491522476795,19.00246744685809,7653,1163.0
103.43485150666669,18.947490551469976,7654,365.0
102.64415439358469,18.59283567729959,7655,208.024
103.41302244526258,18.56750318628742,7656,559.0
102.52180385188761,18.87203206760394,7657,245.0
102.7449453684629,18.617090189970817,7658,727.0
103.24081540529687,18.672067085358933,7659,824.0
102.84923977294918,18.589871236861995,7660,409.0
102.24072099948661,18.94425661644715,7661,574.0
102.58648255234421,18.942370154350495,7662,593.0
102.28842154107336,18.829182428551437,7663,351.0
102.57354681225289,18.95907881863512,7664,1167.0
103.14622280587909,18.824601020602426,7665,1222.0
102.42613327412887,18.630295424647375,7666,188.001
103.1057986180937,18.66829416116563,7667,347.0
103.14999573007239,19.056366363905262,7668,1263.0
103.24593580241635,18.461322319704493,7669,603.0
102.51210204681911,18.54971654366185,7670,192.0
102.82929717364172,18.71518621899667,7671,923.0
102.24206847241278,18.445691633760813,7672,227.0
102.28168417644245,18.601459504027137,7673,242.0
102.88508255278555,18.855053908734078,7674,388.0
103.16104500806706,18.76773766311766,7675,1731.0
103.39550529722226,18.787141273254644,7676,583.0
103.04192840139281,18.701980984320112,7677,545.0
102.32076089130166,19.075230984871773,7678,1003.0
102.79857479092483,18.992496147204367,7679,1108.0
102.51264103598959,18.42628802362383,7680,175.0
102.55279572918973,18.99599957681243,7681,1427.0
103.20928453882428,18.705214919342943,7682,471.0
102.67838020590963,19.026991454114555,7683,826.0
103.02980114505719,19.066068168973754,7684,779.0
103.24593580241635,18.58960174227676,7685,1029.0
102.6050776787255,18.638110767619214,7686,208.027
102.59887930326506,18.774475027748558,7687,294.0
102.86082804011431,18.898981526127525,7688,567.0
102.41077208277044,18.95692286195323,7689,815.0
102.8667569209895,18.879308421405305,7690,500.0
103.42568869076867,18.85235896288172,7691,411.0
102.96404446625965,18.42116762650435,7692,415.0
102.75976757065087,18.67071961243275,7693,409.0
102.27117388761826,19.035884775427338,7694,597.0
103.1478397733905,18.59526112856671,7695,1026.0
102.56168905050251,19.066876652729462,7696,620.0
102.32965421261444,18.859365822097853,7697,262.0
102.90044374414398,18.847508060347476,7698,500.0
102.7961493396577,18.80816185090304,7699,335.002
102.69805331063186,18.42359307777147,7700,933.0
102.90637262501917,18.75614939595252,7701,756.0
102.95757659621398,18.67799596623412,7702,1914.0
102.54821432124072,18.427904991135247,7703,195.0
102.73497406880917,18.409579359339208,7704,785.0
102.57381630683813,19.04154416171729,7705,659.0
102.9742852604986,19.09544307876446,7706,1076.0
103.1696688347946,18.994382609301017,7707,2005.0
102.65762912284647,18.432486399084254,7708,438.0
102.27413832805586,18.465095243897796,7709,311.0
103.26237497211574,18.426557518209066,7710,162.0
103.12250728237834,18.75210697717398,7711,1535.0
102.63014067515242,18.565616724190768,7712,208.046
103.10310367224135,18.54540463029808,7713,255.0
103.23650349193309,18.82972141772191,7714,1129.0
103.31735186750386,18.815438204704407,7715,1077.0
102.62798471847053,18.408231886413027,7716,197.0
103.27908363640036,18.508753366706003,7717,755.0
103.13813796832201,18.571006615895485,7718,921.0
102.29974031365326,18.71572520816714,7719,254.0
102.93224410520182,18.523036579723502,7720,608.0
103.18395204781211,18.700094522223463,7721,480.0
102.80261720970337,18.5297739443544,7722,361.0
102.73174013378635,18.76773766311766,7723,1242.0
102.89047244449026,18.9318598655263,7724,844.0
103.42272425033107,18.66829416116563,7725,710.0
102.58459609024756,18.825948493528607,7726,389.0
102.47545078322705,19.05528838556432,7727,732.0
102.50886811179629,18.982794342135875,7728,972.0
103.31816035125956,18.600920514856664,7729,727.0
103.27019031508758,18.773936038578086,7730,1677.0
102.59402840073082,19.00731834939234,7731,694.0
102.6050776787255,18.79253116495936,7732,806.0
103.31277045955484,18.64565661600582,7733,1062.0
103.23111360022838,18.76719867394719,7734,1124.0
102.3495968119219,18.40230300553784,7735,206.0
103.43916342003047,18.450812030880293,7736,156.0
102.59321991697512,19.04423910756965,7737,792.0
103.08882045922385,19.06310372853616,7738,1806.0
102.87645872605799,18.880925388916722,7739,556.0
103.01767388872159,18.58636780725393,7740,309.0
102.5600720829911,18.654280442733366,7741,208.007
102.481110169517,18.84966401702936,7742,229.0
102.55495168587161,18.824870515187662,7743,323.0
102.78752551293016,18.829451923136673,7744,621.0
102.74629284138908,18.421437121089586,7745,979.0
102.88535204737077,18.91542069582691,7746,1057.0
103.34484031519791,18.50066852914893,7747,934.0
102.59941829243553,19.056096869320026,7748,1025.0
103.33217406969183,18.656975388585725,7749,1047.0
103.29579230068498,18.852089468296484,7750,763.0
102.98210060347046,18.676917987893177,7751,1033.0
102.40646016940666,18.98252484755064,7752,1026.0
103.23407804066598,18.963390731998892,7753,1606.0
102.79129843712346,18.545674124883316,7754,210.0
102.24152948324232,18.90760535285507,7755,477.0
103.24270186739352,19.017020154460827,7756,1186.0
102.23694807529331,19.01809813280177,7757,624.0
103.37664067625575,18.94452611103238,7758,1123.0
102.76839139737841,18.605771417390912,7759,640.0
102.24934482621416,19.05205445054149,7760,987.0
103.01282298618733,18.941561670594787,7761,1254.0
102.85301269714247,19.006240371051394,7762,785.0
103.40547659687599,18.727313475332284,7763,299.0
102.5856740685885,19.070649576922765,7764,1188.0
103.21736937638136,19.05717484766097,7765,1014.0
103.11819536901456,18.75803585804917,7766,1398.0
103.10094771555946,18.606040911976148,7767,715.0
102.79749681258389,18.60523242822044,7768,513.0
102.8088155851638,18.729199937428934,7769,593.0
103.12897515242399,18.831068890648087,7770,1407.0
102.57947569312807,18.623827554601714,7771,219.0
102.68511757054054,18.703058962661057,7772,970.0
102.4029567397986,19.022679540750783,7773,666.0
103.2335390514955,18.69551311427445,7774,1121.0
103.41517840194447,18.63056491923261,7775,1788.0
102.96458345543012,18.861791273364975,7776,1051.0
103.26695638006476,18.739979720838367,7777,1141.0
102.66221053079549,19.066068168973754,7778,1156.0
102.69428038643855,18.430599936987605,7779,1027.0
103.1553856217771,18.88739325896238,7780,1603.0
102.4323316495893,18.986297771743942,7781,246.0
102.98937695727182,18.593105171884826,7782,764.0
103.35966251738589,18.947221056884743,7783,1454.0
103.16158399723753,18.416316723970105,7784,162.0
102.42505529578793,19.05313242888243,7785,263.0
102.78914248044158,18.83807574986422,7786,445.0
102.51533598184194,19.04289163464347,7787,465.0
103.23704248110357,18.77824795194186,7788,1276.0
103.01875186706252,19.00731834939234,7789,1535.0
102.41346702862279,18.928086941332996,7790,301.0
102.58324861732139,18.720576110701387,7791,309.0
102.3248033100802,18.706831886854356,7792,259.0
102.23344464568524,18.702519973490585,7793,257.0
103.05998453860362,18.409040370168736,7794,293.0
103.06995583825734,18.500399034563692,7795,740.0
102.76084554899181,18.79576509998219,7796,945.0
102.38705655926968,18.77824795194186,7797,264.0
102.78590854541875,18.57397105633308,7798,303.0
102.54417190246218,18.5974170852486,7799,327.0
102.84843128919347,18.89925102071276,7800,477.0
102.69589735394997,19.01809813280177,7801,915.0
102.47113886986327,19.048551020933424,7802,923.0
102.88912497156407,18.72946943201417,7803,978.0
102.86567894264856,18.964468710339837,7804,1050.0
103.37044230079532,18.829451923136673,7805,680.0
102.72581125291116,18.729199937428934,7806,1053.0
103.37691017084099,18.772319071066672,7807,1113.0
102.4390690142202,18.817594161386296,7808,243.0
102.99234139770941,18.582864377645862,7809,556.0
103.00581612697121,18.848586038688417,7810,1172.0
102.40322623438384,18.98683676091441,7811,1167.0
103.24000692154117,18.87391852970059,7812,1418.0
102.21511901388921,18.604693439049967,7813,417.0
103.30845854619108,18.720576110701387,7814,629.0
102.47491179405657,19.073883511945596,7815,514.0
103.18206558571545,18.624366543772187,7816,378.0
102.69293291351238,18.75426293385587,7817,1423.0
103.12062082028169,18.759652825560586,7818,1423.0
102.4277502416403,18.76342574975389,7819,335.0
103.39227136219942,18.92188856587257,7820,1410.0
103.23731197568881,18.728930442843698,7821,674.0
102.91876937594003,19.065798674388517,7822,799.0
102.81905637940275,18.558340370389402,7823,339.0
103.42865313120626,18.625714016698364,7824,1455.0
103.043275874319,18.437337301618502,7825,454.0
102.94464085612266,18.49905156163751,7826,435.0
103.24836125368347,18.417664196896283,7827,168.0
102.83333959242026,18.43167791532855,7828,619.0
103.37421522498862,19.019176111142716,7829,407.0
102.5059036713587,18.556723402877985,7830,178.002
102.3239948263245,18.61816816831176,7831,213.0
103.27908363640036,18.79253116495936,7832,1289.0
102.6306796643229,18.951532970248515,7833,1274.0
102.61558796754969,18.92458351172493,7834,1693.0
102.78429157790733,18.70225047890535,7835,585.0
102.79399338297583,18.81516871011917,7836,454.0
103.33433002637372,18.766390190191483,7837,1384.0
103.1155004231622,18.530312933524872,7838,738.0
103.28662948478697,18.46805968433539,7839,404.0
102.79399338297583,18.66640769906898,7840,1059.0
103.21979482764847,19.097060046275878,7841,898.0
102.95649861787304,18.529234955183927,7842,437.0
103.32840114549853,18.85424542497837,7843,736.0
102.50051377965397,18.48234289735289,7844,194.0
103.14002443041866,18.64565661600582,7845,631.0
102.49323742585261,18.70467593017247,7846,812.0
103.43539049583715,18.491775207836145,7847,382.0
102.94005944817366,18.496087121199917,7848,458.0
102.98614302224898,18.786332789498935,7849,1100.0
103.36397443074966,18.642153186397753,7850,953.0
102.41777894198657,18.849933511614598,7851,348.0
103.04219789597805,18.845621598250823,7852,1500.0
103.42488020701296,18.906527374514127,7853,889.0
102.26335854464642,18.96285174282842,7854,577.0
103.27369374469565,18.749951020492095,7855,1738.0
102.8982877874621,18.73539831288936,7856,587.0
102.67622424922776,18.604154449879495,7857,208.034
102.49781883380162,18.651316002295772,7858,354.0
103.14514482753815,18.692009684666385,7859,573.0
102.9155354409172,18.77770896277139,7860,929.0
103.23030511647268,18.98656726632918,7861,1221.0
102.26632298508402,19.04882051551866,7862,950.0
103.40844103731358,18.84966401702936,7863,378.0
103.43970240920093,19.019445605727952,7864,323.0
102.82983616281219,18.481264919011945,7865,722.0
102.77485926742408,18.71707268109332,7866,228.0
103.19985222834102,19.086819252036914,7867,576.0
102.70532966443322,18.694704630518743,7868,668.0
102.6398424802209,18.998425028079556,7869,661.0
103.24890024285395,19.077656436138895,7870,866.0
102.43772154129402,18.479378456915295,7871,175.0
102.63714753436855,18.423323583186235,7872,312.0
103.34079789641937,18.99546058764196,7873,998.0
102.75087424933808,18.52384506347921,7874,208.046
103.29794825736687,18.502016002075106,7875,1162.0
102.6390339964652,18.663712753216622,7876,208.032
102.23910403197519,18.466173222238737,7877,219.0
102.76192352733275,18.663982247801858,7878,560.0
102.78024915912879,18.753993439270634,7879,440.0
102.94841378031597,18.734050839963178,7880,886.0
103.219255838478,18.59795607441907,7881,524.0
102.99476684897654,18.481803908182417,7882,627.0
102.67891919508011,18.474527554381048,7883,208.024
102.38867352678109,18.476953005648173,7884,216.0
102.86891287767139,19.073883511945596,7885,869.0
102.59268092780464,18.782290370720396,7886,668.0
102.63849500729474,18.77420553316332,7887,334.0
102.43772154129402,18.960426291561298,7888,381.0
102.2714433822035,18.846160587421295,7889,386.0
102.58648255234421,19.090053187059745,7890,1298.0
103.13975493583342,18.915690190412146,7891,1435.0
103.30360764365683,18.483959864864303,7892,679.0
103.23731197568881,18.7469865800545,7893,707.0
103.31411793248103,18.77043260897002,7894,1400.0
102.91472695716149,18.652932969807186,7895,773.0
102.88157912317747,18.844274125324645,7896,654.0
103.03599952051762,18.8289129339662,7897,1489.0
103.08585601878626,18.935363295134366,7898,1370.0
103.28797695771314,18.503363475001287,7899,880.0
103.38957641634707,18.53381636313294,7900,1512.0
103.0486657660237,18.998964017250024,7901,1751.0
102.95218670450927,18.809778818414454,7902,1296.0
102.23425312944094,18.437337301618502,7903,215.0
102.70937208321176,18.798729540419785,7904,1170.0
102.4999747904835,18.971206074970734,7905,1009.0
102.27871973600486,18.53947574942289,7906,224.0
103.35588959319259,18.53705029815577,7907,1262.0
102.77216432157172,18.956653367367995,7908,529.0
102.3008182919942,18.96500769951031,7909,738.0
103.2839345389346,18.881194883501955,7910,1025.0
102.41346702862279,18.71518621899667,7911,502.0
103.05809807650697,18.794148132470774,7912,1417.0
102.97563273342479,18.529234955183927,7913,437.0
102.37870222712736,18.572354088821665,7914,209.0
102.79453237214629,19.10029398129871,7915,1108.0
103.08962894297956,18.55052502741756,7916,251.0
102.58513507941804,19.04154416171729,7917,605.0
102.7209603503769,18.632720875914497,7918,451.0
102.39109897804822,19.02726094869979,7919,481.0
103.26641739089428,18.802232970027852,7920,950.0
102.20029681170124,18.713569251485254,7921,388.0
102.84304139748875,18.490158240324728,7922,439.0
102.48676955580694,18.738093258741717,7923,216.0
102.20972912218448,18.95692286195323,7924,531.0
103.39038490010277,18.732433872451765,7925,642.0
103.24108489988211,18.792261670374124,7926,1318.0
102.47221684820421,18.57127611048072,7927,185.0
102.43772154129402,18.79172268120365,7928,264.0
103.11226648813937,18.853975930393137,7929,1743.0
102.50563417677346,18.551064016588033,7930,178.001
102.59510637907177,19.09032268164498,7931,1062.0
102.76192352733275,18.659670334438083,7932,422.0
103.0155179320397,18.80762286173257,7933,1316.0
103.23111360022838,18.403380983878783,7934,165.0
102.44068598173162,18.472102103113926,7935,188.0
103.25671558582579,18.461052825119257,7936,602.0
102.65385619865317,18.402572500123075,7937,298.0
103.19554031497725,18.448656074198407,7938,339.0
102.7419809280253,18.755071417611575,7939,855.0
102.9554206395321,18.671797590773696,7940,1405.0
103.12816666866829,19.098946508372528,7941,1573.0
102.20972912218448,18.5936441610553,7942,312.0
102.63580006144237,18.6650602261428,7943,208.032
102.73093165003063,19.036154270012574,7944,957.0
102.35121377943331,18.657514377756197,7945,559.0
102.75222172226427,18.759922320145822,7946,949.0
103.32031630794145,18.869606616336814,7947,585.0
103.04138941222234,18.82837394479573,7948,1444.0
102.3894820105368,18.959887302390825,7949,919.0
102.95030024241262,18.430060947817132,7950,398.0
103.33971991807843,19.014055714023232,7951,1007.0
102.92874067559374,19.097060046275878,7952,980.0
102.33127118012585,19.006240371051394,7953,598.0
103.21602190345517,18.45943585760784,7954,507.0
102.48030168576129,18.733511850792706,7955,381.0
102.53420060280845,18.626253005868836,7956,208.011
102.68377009761436,19.099754992128236,7957,1240.0
102.56573146928105,18.918385136264504,7958,305.0
103.32570619964616,18.58178639930492,7959,882.0
102.27467731722632,18.517646688018786,7960,239.0
102.31752695627883,18.6898537279845,7961,236.0
103.12897515242399,18.46671221140921,7962,407.0
103.05351666855795,18.50713639919459,7963,733.0
102.81420547686851,18.73135589411082,7964,463.0
103.28986341980979,18.875266002626766,7965,1145.0
102.79372388839059,18.889818710229505,7966,609.0
102.92119482720715,18.804388926709738,7967,849.0
102.67784121673917,18.57343206716261,7968,208.037
102.21188507886637,18.585289828912988,7969,435.0
102.44607587343633,18.565347229605532,7970,187.0
103.42703616369485,18.807083872562096,7971,391.0
102.2587771366974,18.485037843205248,7972,228.0
102.3504052956776,18.79980751876073,7973,296.0
102.81663092813564,18.744830623372614,7974,508.0
103.41221396150688,18.496356615785153,7975,564.0
103.28043110932654,18.591757698958645,7976,847.0
102.24880583704369,18.482612391938126,7977,231.0
102.50940710096675,18.75022051507733,7978,212.0
102.73335710129776,18.47776148940388,7979,1541.0
103.10256468307088,18.51468224758119,7980,842.0
103.10687659643465,18.946412573129034,7981,1405.0
102.48137966410223,18.994382609301017,7982,311.0
102.64334590982898,18.651316002295772,7983,221.0
103.33001811300994,18.803849937539265,7984,738.0
102.8465448270968,18.82325354767625,7985,604.0
102.52395980856949,18.793878637885538,7986,304.0
103.35157767982881,18.83349434191521,7987,720.0
103.07372876245064,19.09625156252017,7988,1375.0
103.04570132558611,18.85640138166026,7989,1379.0
102.2331751511,19.075769974042245,7990,873.0
102.51964789520572,18.454045965903124,7991,191.0
102.40807713691808,18.447308601272226,7992,190.0
102.80126973677719,19.060947771854273,7993,961.0
103.10741558560512,18.40553694056067,7994,193.0
102.93440006188371,19.052323945126727,7995,686.0
103.3364859830556,18.839692717375634,7996,681.0
103.1028341776561,18.87634398096771,7997,1208.0
103.02629771544913,18.46482574931256,7998,569.0
102.39783634267911,19.011899757341347,7999,1125.0
102.62528977261817,18.652124486051477,8000,208.03
103.23300006232503,19.02214055158031,8001,1522.0
102.56141955591728,18.578282969696854,8002,208.004
103.32947912383946,18.725157518650395,8003,469.0
102.23155818358859,18.49851257246704,8004,225.0
103.03087912339814,19.011899757341347,8005,1440.0
103.06833887074592,18.735128818304123,8006,1330.0
102.50482569301775,18.99222665261913,8007,867.0
103.17964013444833,18.856131887075023,8008,1524.0
103.3461877881241,18.462130803460198,8009,242.0
103.16239248099323,18.867450659654928,8010,1700.0
102.50859861721105,18.60523242822044,8011,193.0
103.24728327534254,18.422245604845294,8012,166.0
102.6172049350611,18.929434414259173,8013,1839.0
102.81690042272086,18.453237482147415,8014,913.0
103.29713977361116,18.613856254947986,8015,515.0
103.18395204781211,19.013247230267527,8016,1912.0
103.07777118122918,18.593105171884826,8017,396.0
102.95676811245828,18.95907881863512,8018,1529.0
102.46952190235186,18.900867988224174,8019,242.0
103.12331576613404,18.78148188696469,8020,1235.0
103.29875674112257,19.084932789940265,8021,626.0
102.37465980834882,18.404728456804964,8022,218.0
102.50994609013723,18.78741076783988,8023,219.0
102.4533522272377,18.47075463018775,8024,184.0
102.39756684809387,18.437606796203738,8025,221.0
102.76434897859988,18.555375929951808,8026,209.0
103.04624031475659,19.01243874651182,8027,2111.0
102.83872948412497,18.69497412510398,8028,1501.0
102.74413688470719,18.95503639985658,8029,637.0
102.3857090863435,18.55887935955987,8030,186.0
103.2214117951599,18.680421417501243,8031,765.0
102.66113255245455,18.69174019008115,8032,918.0
102.47706775073846,19.04558658049583,8033,1083.0
102.94383237236696,18.78417683281705,8034,702.0
102.62286432135106,19.011091273585638,8035,486.0
102.6705648629378,19.01432520860847,8036,849.0
102.77647623493549,18.54270968444572,8037,208.047
102.82741071154507,19.0852022845255,8038,1022.0
102.53716504324605,18.801154991686907,8039,245.0
102.52180385188761,18.44191870956751,8040,197.0
103.37394573040339,18.639997229715867,8041,1233.0
102.54740583748502,18.433833872010435,8042,195.0
102.97159031464625,18.47722250023341,8043,522.0
102.46574897815854,18.75857484721964,8044,307.0
103.08289157834867,18.81193477509634,8045,1099.0
102.37870222712736,19.03642376459781,8046,796.0
103.01282298618733,18.71572520816714,8047,711.0
103.25024771578013,18.40688441348685,8048,163.0
103.15322966509522,18.64996852936959,8049,544.0
102.45173525972628,19.0280694324555,8050,359.0
103.25213417787678,18.919732609190685,8051,1183.0
102.38058868922401,19.05852232058715,8052,929.0
102.32129988047213,19.0356152808421,8053,865.0
102.23694807529331,18.49393116451803,8054,232.0
102.77189482698648,18.919193620020213,8055,468.0
102.44984879762963,18.936710768060543,8056,244.0
103.16427894308988,18.65913134526761,8057,489.0
103.41652587487064,18.49716509954086,8058,617.0
103.31789085667432,18.955305894441818,8059,1176.0
103.0117450078464,18.4440746662494,8060,442.0
102.48461359912505,19.06229524478045,8061,546.0
103.30064320321924,18.58636780725393,8062,502.0
102.54929229958167,18.571006615895485,8063,208.014
102.64361540441422,18.869606616336814,8064,557.0
102.43745204670878,18.48422935944954,8065,175.002
102.68511757054054,19.025643981188377,8066,821.001
103.36720836577248,18.91353423373026,8067,1498.0
103.30145168697494,19.094634595008756,8068,509.0
103.09124591049097,18.88820174271809,8069,1156.0
102.39864482643482,18.754532428441106,8070,218.0
102.50455619843251,18.81786365597153,8071,426.0
103.36235746323824,18.68069091208648,8072,498.0
102.68215313010295,18.567772680872654,8073,208.038
103.44643977383183,18.43868477454468,8074,157.0
102.70559915901846,18.61762917914129,8075,359.0
102.9915329139537,18.502285496660342,8076,644.0
103.00985854574974,18.860982789609267,8077,1115.0
103.28285656059367,19.06445120146234,8078,575.0
103.08962894297956,18.826756977284315,8079,1428.0
102.27710276849345,18.603076471538554,8080,353.0
103.28474302269032,18.752645966344453,8081,1339.0
102.43826053046449,18.41200481060633,8082,171.0
102.60022677619123,18.561574305412233,8083,208.039
102.29542840028948,18.625714016698364,8084,213.0
103.10229518848564,18.994652103886253,8085,2128.0
102.53689554866081,19.083046327843615,8086,586.0
102.35363923070044,18.618437662896998,8087,624.0
103.37340674123291,18.62867845713596,8088,1227.0
102.78671702917445,18.446769612101757,8089,1099.0
103.07157280576875,18.738093258741717,8090,1332.0
102.76893038654889,18.835380804011862,8091,644.0
102.70479067526276,18.439493258300388,8092,624.0
102.70074825648422,18.554297951610863,8093,208.054
102.50913760638151,18.672606074529405,8094,468.0
102.94464085612266,18.760461309316295,8095,556.001
103.24512731866065,18.61250878202181,8096,883.0
102.82525475486318,18.799268529590258,8097,604.0
102.62636775095912,18.561304810826996,8098,208.046
102.95191720992403,18.923236038798752,8099,1125.0
102.95434266119116,18.645926110591056,8100,663.0
102.27117388761826,18.844274125324645,8101,441.0
102.47464229947133,18.634607338011147,8102,184.0
102.95649861787304,18.630295424647375,8103,456.0
102.74656233597432,18.991148674278186,8104,335.011
102.79830529633959,18.972284053311675,8105,354.0
102.37708525961595,18.87903892682007,8106,782.0
102.3504052956776,18.489619251154256,8107,295.0
102.62987118056718,18.616551200800345,8108,208.025
103.05998453860362,18.552141994928977,8109,229.003
102.91203201130912,19.021871056995074,8110,855.0
103.26426143421239,18.41847268065199,8111,157.002
102.55980258840586,18.5974170852486,8112,208.003
103.23434753525122,18.417664196896283,8113,169.0
102.59591486282747,18.79846004583455,8114,1071.0
103.32947912383946,18.972284053311675,8115,1002.0
103.09097641590573,18.74779506381021,8116,1505.0
102.652508725727,18.714377735240962,8117,535.0
103.29579230068498,18.614125749533223,8118,520.0
103.08801197546813,19.008935316903752,8119,2321.0
103.42272425033107,18.545674124883316,8120,549.0
102.76327100025894,18.705214919342943,8121,230.0
102.94895276948644,18.75938333097535,8122,556.001
102.77512876200932,18.828104450210493,8123,471.0
102.81124103643091,18.41658621855534,8124,973.0
102.93466955646893,18.90760535285507,8125,1015.0
102.3067471728694,18.578821958867326,8126,218.0
102.53581757031988,18.681229901256952,8127,208.01
102.46116757020954,18.675031525796527,8128,769.0
103.36397443074966,18.48746329447237,8129,600.0
103.3553506040221,18.524114558064447,8130,1165.0
102.29354193819283,18.42359307777147,8131,219.0
102.8125885093571,18.60981383616945,8132,442.0
102.7638099894294,18.52195860138256,8133,246.0
103.00581612697121,18.647812572687705,8134,451.0
103.33433002637372,18.580708420963976,8135,867.0
102.99557533273224,19.080890371161725,8136,1062.0
103.42676666910961,18.77690047901568,8137,295.0
102.47221684820421,19.07684795238319,8138,354.0
103.30522461116824,18.827295966454784,8139,979.0
102.29084699234048,18.652124486051477,8140,220.0
102.76461847318511,18.97740445043116,8141,828.0
102.76623544069653,18.79010571369224,8142,703.0
102.21538850847443,18.898442536957052,8143,411.0
103.27719717430371,18.430599936987605,8144,157.002
102.81609193896516,19.04477809674012,8145,813.0
102.62582876178865,18.833224847329973,8146,992.0
103.21709988179612,18.8289129339662,8147,1543.0
102.26389753381689,18.702519973490585,8148,400.0
103.13894645207772,18.846160587421295,8149,1769.0
103.31546540540721,18.739979720838367,8150,925.0
102.83926847329545,19.05852232058715,8151,1053.0
102.95892406914017,18.993035136374836,8152,945.0
102.94814428573073,18.517107698848314,8153,642.0
102.94140692109984,18.894400118178513,8154,645.0
102.8344175707612,18.91542069582691,8155,731.0
103.1718247914765,18.77043260897002,8156,1798.0
103.03519103676192,19.013247230267527,8157,1739.0
102.97886666844762,18.561843799997465,8158,326.0
103.4394329146157,18.476144521892465,8159,184.0
103.1793706398631,18.676917987893177,8160,445.0
102.21215457345161,18.686889287546904,8161,260.0
103.44078038754188,18.65266347522195,8162,992.0
102.62394229969199,18.900059504468466,8163,1295.0
102.79210692087918,18.647004088931997,8164,1070.0
103.06645240864927,18.430599936987605,8165,396.0
102.3239948263245,18.470485135602512,8166,457.0
102.68296161385865,18.61250878202181,8167,208.037
102.3617240682575,18.47910896233006,8168,225.0
102.79453237214629,18.703328457246293,8169,1226.0
102.60858110833355,18.803310948368793,8170,992.0
102.46440150523237,18.450542536295057,8171,174.0
102.91688291384337,19.01971510031319,8172,851.0
102.433140133345,18.449464557954116,8173,218.0
102.45200475431152,18.5621132945827,8174,181.0
102.63283562100477,18.60711889031709,8175,208.05
102.68673453805195,18.5621132945827,8176,208.039
102.8163614335504,19.045856075081065,8177,808.0
102.3037827324318,18.582864377645862,8178,235.0
102.43556558461214,18.652124486051477,8179,283.0
102.36603598162128,18.450542536295057,8180,188.0
102.29003850858477,18.903562934076533,8181,362.0
102.93790349149177,18.599034052760015,8182,977.0
102.21970042183821,18.869606616336814,8183,464.0
103.38364753547188,18.98063838545399,8184,915.0
103.36289645240872,18.776630984430444,8185,1357.0
102.51560547642718,18.79441762705601,8186,226.0
103.3087280407763,18.855862392489787,8187,694.0
103.05405565772843,19.039927194205877,8188,1145.0
102.35013580109236,19.09220914374163,8189,960.0
103.36397443074966,18.84508260908035,8190,781.0
103.28662948478697,18.608196868658034,8191,505.0
103.40008670517126,18.487732789057606,8192,590.0
102.66517497123309,19.048551020933424,8193,1231.0
102.34070349060912,18.971745064141203,8194,343.0
103.04812677685324,18.403380983878783,8195,280.0
103.21117100092093,18.892513656081864,8196,974.0
103.17451973732885,19.04693405342201,8197,1181.0
102.69266341892714,18.981985858380167,8198,643.0
102.32291684798355,18.977134955845923,8199,333.0
102.96377497167441,18.87068459467776,8200,876.0
102.7314706392011,18.404728456804964,8201,895.0
102.96700890669725,18.88631528062144,8202,1154.0
103.38849843800612,18.932668349282004,8203,842.0
102.90798959253058,18.89709506403087,8204,752.0
103.1928453691249,18.447308601272226,8205,338.0
103.06052352777408,18.694165641348274,8206,403.0
102.5810926606395,18.57397105633308,8207,208.03
102.55522118045685,18.832416363574268,8208,295.0
102.66571396040355,18.450542536295057,8209,217.0
102.26874843635113,18.803041453783557,8210,524.0
102.47464229947133,18.691470695495912,8211,713.0
103.23219157856933,18.647004088931997,8212,859.0
102.43125367124836,19.018367627387008,8213,265.0
103.08612551337148,18.941831165180023,8214,1293.0
102.39190746180392,18.53705029815577,8215,222.0
102.94625782363408,18.71788116484903,8216,1089.0
102.45955060269813,18.446230622931285,8217,175.0
102.52449879773997,18.460513835948785,8218,177.0
103.02980114505719,18.807353367147332,8219,1347.0
102.92793219183804,18.76773766311766,8220,676.0
102.85759410509148,18.736476291230304,8221,774.0
103.39496630805178,19.09625156252017,8222,757.0
102.3067471728694,18.93105138177059,8223,685.0
103.3831085463014,18.619246146652703,8224,1090.0
102.28923002482907,18.408231886413027,8225,214.0
103.21440493594376,18.887123764377147,8226,1079.0
103.2327305677398,18.895478096519458,8227,950.0
102.43071468207789,18.94425661644715,8228,435.0
103.09394085634332,18.681499395842188,8229,389.0
102.36118507908704,18.51144831255836,8230,233.0
103.19769627165914,18.78660228408417,8231,1592.0
102.37034789498506,18.704945424757707,8232,839.0
102.72042136120643,19.02537448660314,8233,774.0
103.39631378097796,18.710335316462423,8234,441.0
103.11900385277026,18.971206074970734,8235,2015.0
103.03168760715384,18.693896146763038,8236,1010.0
103.37205926830673,19.009474306074225,8237,434.0
103.14218038710055,18.836189287767567,8238,1602.0
102.87807569356941,18.83915372820516,8239,840.0
103.30226017073065,18.934824305963893,8240,866.0
103.17290276981744,18.822175569335304,8241,1197.0
103.07157280576875,18.76908513604384,8242,1155.0
102.89343688492785,18.91865463084974,8243,828.0
103.25698508041103,18.68796726588785,8244,1862.0
102.56411450176964,18.989262212181536,8245,960.0
102.99503634356176,18.668833150336102,8246,600.0
102.24638038577656,18.46347827638638,8247,221.0
103.24377984573447,18.5688506592136,8248,522.0
102.71691793159836,18.562652283753174,8249,208.053
103.25617659665532,18.60765787948756,8250,878.0
102.33261865305204,18.704136941001998,8251,211.0
102.33073219095539,18.6650602261428,8252,224.0
103.06106251694456,18.80600589422115,8253,1104.0
103.38337804088664,18.52573152557586,8254,1237.0
103.44401432256471,18.42440156152718,8255,163.0
103.3251672104757,18.967702645362667,8256,966.0
103.39793074848937,18.59094921520294,8257,699.0
102.46952190235186,18.528156976842986,8258,210.0
102.50078327423921,19.084932789940265,8259,598.0
102.31375403208553,19.09759903544635,8260,1091.0
103.40008670517126,18.895747591104694,8261,968.0
102.7886034912711,18.426018529038593,8262,1081.0
102.51722244393859,18.58448134515728,8263,383.0
102.92847118100852,18.409579359339208,8264,548.0
102.37385132459312,18.508483872120767,8265,244.0
103.24809175909824,19.042083150887763,8266,833.0
103.1696688347946,18.798729540419785,8267,1316.0
102.38786504302539,19.100563475883945,8268,638.0
102.23209717275905,19.00138946851715,8269,482.0
103.0268367046196,18.90949181495172,8270,1777.0
103.34133688558984,18.917037663338327,8271,1328.0
102.51371901433053,19.075769974042245,8272,376.0
102.56573146928105,18.91110878246314,8273,332.0
102.95272569367974,18.632181886744025,8274,429.0
103.35184717441405,18.664521236972327,8275,859.0
102.55899410465015,18.45889686843737,8276,206.0
103.1305921199354,18.99546058764196,8277,1935.0
103.20389464711955,19.07603946862748,8278,878.0
102.60858110833355,18.853436941222665,8279,647.0
102.4067296639919,18.64619560517629,8280,349.0
103.12439374447499,18.415777734799633,8281,173.0
102.83333959242026,18.590410226032468,8282,369.0
102.84169392456256,18.94452611103238,8283,1184.0
102.742789411781,18.72300156196851,8284,970.0
103.06402695738215,18.75614939595252,8285,1263.0
103.25132569412106,18.44272719332322,8286,233.0
102.69266341892714,18.942370154350495,8287,663.0
102.27737226307869,19.05528838556432,8288,783.0
102.22832424856576,18.744291634202142,8289,247.0
102.90933706545677,18.59202719354388,8290,478.0
103.12735818491258,18.565616724190768,8291,1043.0
103.05971504401838,18.79064470286271,8292,1311.0
102.41697045823086,19.06957159858182,8293,351.0
102.67137334669351,18.452698492976946,8294,250.0
102.45011829221487,18.70656239226912,8295,629.0
102.5848655848328,18.77043260897002,8296,323.0
103.35777605528924,18.663712753216622,8297,731.0
102.3248033100802,19.099485497543,8298,1205.0
102.3865175700992,18.720576110701387,8299,469.0
102.23721756987854,18.509292355876475,8300,237.0
102.93601702939512,19.03965769962064,8301,825.0
102.41508399613421,18.807083872562096,8302,227.0
103.16939934020937,18.895747591104694,8303,1374.0
102.45173525972628,18.76261726599818,8304,262.0
103.17047731855031,18.98306383672111,8305,1928.0
103.34349284227173,18.79522611081172,8306,937.0
102.34824933899571,18.7469865800545,8307,314.0
103.16697388894225,18.956383872782762,8308,1902.0
103.39254085678466,18.68823676047308,8309,450.0
102.72635024208162,18.462130803460198,8310,1078.0
102.21431053013349,18.446230622931285,8311,208.0
103.22572370852366,18.700094522223463,8312,845.0
103.3650524090906,18.675031525796527,8313,579.0
103.42541919618343,18.487732789057606,8314,359.0
102.73551305797965,18.85424542497837,8315,465.0
102.68996847307479,18.490427734909964,8316,316.0
102.74063345509913,18.783098854476105,8317,837.0
102.46494049440284,19.05205445054149,8318,837.0
102.6314881480786,18.70979632729195,8319,257.0
103.36828634411343,19.028338927040735,8320,377.0
103.03465204759144,18.44326618249369,8321,472.0
102.83899897871021,18.62679199503931,8322,319.0
102.75599464645757,18.67287556911464,8323,289.0
102.32318634256877,18.51225679631407,8324,407.0
102.771355837816,18.452967987562182,8325,1266.0
102.57705024186096,18.638649756789686,8326,208.028
103.19634879873296,19.08601076828121,8327,586.0
103.24593580241635,18.673953547455582,8328,1084.0
102.59564536824223,18.725696507820867,8329,376.0
103.08073562166678,18.664521236972327,8330,428.0
102.61882190257252,18.471024124772985,8331,208.015
102.92173381637762,19.053401923467668,8332,783.0
103.0726507841097,18.773127554822377,8333,1023.0
102.3210303858869,18.839423222790398,8334,306.0
102.75276071143473,18.87122358384823,8335,577.0
103.14110240875961,18.446230622931285,8336,365.0
103.35615908777781,18.52061112845638,8337,1076.0
103.08639500795672,18.52654000933157,8338,632.0
102.35202226318901,18.47776148940388,8339,203.0
102.34205096353529,19.02995589455215,8340,1097.0
102.93520854563941,18.905988385343655,8341,935.0
102.33854753392723,18.508483872120767,8342,554.0
102.29812334614185,18.861791273364975,8343,308.0
102.77324229991267,18.82244506392054,8344,335.003
102.84816179460823,18.87580499179724,8345,544.0
102.33935601768293,18.448117085027935,8346,203.0
103.20766757131287,19.10083297046918,8347,352.005
102.76354049484416,18.53947574942289,8348,208.047
103.24512731866065,18.876074486382475,8349,1212.0
102.4579336351867,18.45108152546553,8350,174.0
103.25186468329154,19.03642376459781,8351,1038.0
103.15376865426569,18.92054109294639,8352,1064.0
102.42828923081076,18.466173222238737,8353,195.0
103.25860204792244,18.750759504247803,8354,1295.0
103.19500132580677,18.482881886523362,8355,483.0
102.92766269725281,18.88146437808719,8356,664.0
102.29300294902237,18.776361489845208,8357,238.0
103.44455331173518,19.058252826001915,8358,495.0
102.3285762342735,19.001658963102386,8359,545.0
102.61127605418591,18.878769432234833,8360,1384.0
102.714222985746,19.060947771854273,8361,1607.0
102.91041504379771,18.883081345598608,8362,613.0
103.34187587476032,18.836458782352803,8363,557.0
103.20227767960814,18.5440571573719,8364,303.0
102.97617172259525,18.647004088931997,8365,589.0
103.18826396117588,18.833763836500445,8366,1307.0
102.77701522410597,18.48422935944954,8367,1072.0
102.97455475508384,18.668563655750866,8368,1310.0
103.30172118156017,18.761269793072,8369,1421.0
103.42272425033107,18.561304810826996,8370,528.0
102.29947081906802,18.910839287877902,8371,459.0
102.84789230002299,19.039388205035404,8372,812.0
102.90475565750776,18.746717085469264,8373,523.0
103.19419284205107,18.433833872010435,8374,183.0
102.79426287756105,18.64161419722728,8375,978.0
103.19958273375579,18.85047250078507,8376,1806.0
103.362087968653,18.690662211740207,8377,443.0
102.22293435686105,18.940483692253846,8378,677.0
102.81743941189134,18.86475571380257,8379,508.0
102.55656865338304,18.495009142858976,8380,268.0
103.11145800438366,18.478569973159587,8381,519.0
102.87214681269423,18.598495063589542,8382,337.0
102.32345583715401,18.530851922695344,8383,221.0
103.13571251705488,18.43545083952185,8384,265.0
103.07561522454729,18.6259835112836,8385,328.0
103.3507691960731,18.409848853924444,8386,156.0
103.13167009827635,18.861791273364975,8387,1473.0
103.19203688536918,18.8822728618429,8388,1309.0
102.24018201031613,18.48234289735289,8389,220.0
103.05567262523984,18.455393438829304,8390,458.0
103.27746666888895,18.985219793402997,8391,1308.0
103.03923345554045,19.04801203176295,8392,977.0
102.37304284083741,18.963390731998892,8393,1176.0
102.81204952018662,18.664790731557563,8394,1129.0
103.11361396106555,18.696052103444924,8395,736.0
103.30657208409443,19.046395064251538,8396,609.0
102.4579336351867,19.00650986563663,8397,512.0
102.42074338242416,18.90625787992889,8398,385.0
102.76057605440657,18.410657337680153,8399,819.0
102.57192984474148,18.514951742166428,8400,208.01
103.02845367213102,18.404728456804964,8401,360.0
102.51291053057483,18.434642355766144,8402,176.0
102.74790980890049,18.927278457577287,8403,335.009
102.67379879796063,18.758305352634405,8404,737.0
102.4315231658336,18.775822500674735,8405,237.0
102.56627045845153,18.748603547565914,8406,226.0
102.90637262501917,18.643231164738694,8407,503.0
103.32328074837905,18.738093258741717,8408,628.0
102.24314645075373,19.010821779000402,8409,836.0
102.31833544003453,18.50390246417176,8410,490.0
103.36828634411343,18.527348493087278,8411,1274.0
102.93251359978706,18.69227917925162,8412,1491.0
102.30405222701704,18.998964017250024,8413,703.0
102.33962551226817,18.627600478795017,8414,223.0
103.34726576646503,18.750759504247803,8415,837.0
103.06402695738215,18.98683676091441,8416,1533.0
102.27925872517534,18.810587302170163,8417,369.0
103.01982984540346,18.89709506403087,8418,1685.0
102.61693544047587,18.549177554491383,8419,208.045
103.04246739056327,18.648351561858178,8420,317.0
102.62879320222625,18.79118369203318,8421,599.0
102.20110529545694,18.822714558505776,8422,507.0
102.70559915901846,18.748603547565914,8423,1150.0
103.2057811092162,18.797112572908368,8424,1349.0
102.25850764211218,18.842118168642756,8425,484.0
102.86837388850091,18.402572500123075,8426,683.0
103.24485782407541,18.920810587531626,8427,1287.0
102.95515114494687,18.69120120091068,8428,1756.0
102.74764031431525,19.061486761024746,8429,1106.0
103.17451973732885,19.041813656302526,8430,1097.0
102.42020439325368,18.61762917914129,8431,185.0
103.37340674123291,18.76342574975389,8432,1313.0
102.83387858159072,18.99680806056814,8433,600.0
102.36576648703604,18.48934975656902,8434,244.0
102.3751987975193,18.985219793402997,8435,977.0
102.9705123363053,19.054479901808612,8436,948.0
102.84142442997734,18.436528817862794,8437,652.0
103.41760385321159,18.450542536295057,8438,161.0
102.61262352711209,18.78660228408417,8439,715.0
102.3857090863435,18.887932248132852,8440,259.0
102.72446377998497,19.090592176230217,8441,1204.0
103.05432515231367,18.983872320476816,8442,1545.0
102.40780764233284,18.485037843205248,8443,211.0
102.79965276926578,18.949646508151865,8444,544.0
102.35310024152996,18.67233657994417,8445,725.0
102.38058868922401,18.443535677078927,8446,224.0
102.8117800256014,18.506866904609353,8447,655.0
102.75141323850856,18.57855246428209,8448,208.052
102.55764663172397,18.87203206760394,8449,313.0
102.54201594578029,18.49797358329657,8450,289.0
102.81420547686851,18.96231275365795,8451,945.0
102.90448616292252,19.02995589455215,8452,948.0
103.25860204792244,19.08789723037786,8453,716.0
103.2537511453882,19.04747304259248,8454,867.0
103.06699139781975,18.632720875914497,8455,401.0
102.80989356350474,18.8574793600012,8456,537.0
102.48892551248883,18.881733872672427,8457,428.0
102.81851739023229,18.722732067383273,8458,618.0
103.25806305875197,18.648351561858178,8459,648.0
102.24018201031613,18.891166183155683,8460,474.0
102.72688923125209,19.020254089483657,8461,739.0
102.3248033100802,18.521150117626853,8462,326.0
103.38149157878999,18.658861850682374,8463,672.0
102.73766901466153,19.02860842162597,8464,701.0
103.01740439413635,18.683385857938838,8465,1536.0
102.55791612630921,18.96015679697606,8466,1135.0
102.87160782352375,18.924853006310165,8467,1288.0
103.07911865415535,18.617898673726526,8468,430.0
103.29498381692927,19.016211670705122,8469,705.0
103.26183598294527,19.01297773568229,8470,695.0
103.39685277014843,18.62490553294266,8471,1867.0
102.98344807639663,18.599034052760015,8472,699.0
102.67110385210827,18.596608601492893,8473,208.034
103.09016793215002,18.809778818414454,8474,1164.0
102.95299518826498,18.513873763825483,8475,586.0
102.66706143332974,18.62409704918695,8476,208.031
102.86945186684186,19.023757519091724,8477,868.0
102.46440150523237,18.985219793402997,8478,407.0
102.80342569345908,18.78094289779422,8479,1129.0
102.42909771456647,18.72111509987186,8480,466.0
102.42559428495841,19.05474939639385,8481,264.0
102.7600370652361,18.81139578592587,8482,591.0
103.40439861853504,18.41523874562916,8483,162.0
102.74440637929243,18.419820153578172,8484,930.0
102.64496287734039,18.521150117626853,8485,208.048
102.30486071077274,19.0528629342972,8486,757.0
102.43502659544166,19.098946508372528,8487,1063.0
102.4600895918686,18.419011669822464,8488,173.0
102.48057118034652,18.40041654344119,8489,148.038
103.13921594666296,18.879308421405305,8490,1566.0
102.62151684842487,18.47075463018775,8491,208.015
103.16778237269796,18.772049576481436,8492,1856.0
103.2402764161264,18.724079540309454,8493,555.0
102.74548435763337,19.047203548007243,8494,689.0
102.22347334603151,18.41793369148152,8495,518.0
102.8554381484096,18.84077069571658,8496,666.0
102.38058868922401,18.93617177889007,8497,264.0
102.74602334680384,18.43922376371515,8498,1371.0
102.55495168587161,18.778517446527097,8499,222.0
102.20029681170124,18.572893077992138,8500,431.0
102.89478435785404,19.081698854917434,8501,830.0
102.82660222778937,18.583942355986807,8502,408.0
102.95353417743544,18.485307337790484,8503,474.0
103.02117731832965,18.828104450210493,8504,1405.0
102.9742852604986,19.046664558836774,8505,1061.0
102.55468219128637,18.87311004594488,8506,325.0
102.4541607109934,18.70871834895101,8507,606.0
102.98479554932281,18.77770896277139,8508,995.0
102.21458002471873,18.670450117847516,8509,375.0
103.21440493594376,18.519533150115436,8510,918.0
103.12628020657164,18.79333964871507,8511,1241.0
102.25931612586788,18.472641092284398,8512,218.0
102.85975006177337,19.07038008233753,8513,952.0
102.20272226296835,18.86071329502403,8514,382.0
102.2331751511,18.9146122120712,8515,629.0
103.1028341776561,18.579091453452563,8516,536.0
103.10391215599705,19.055557880149557,8517,1544.0
102.51210204681911,18.996538565982902,8518,768.0
102.59618435741271,18.606310406561384,8519,212.0
103.37448471957386,18.551064016588033,8520,662.0
102.36522749786558,18.903293439491296,8521,269.0
102.49970529589827,18.414160767288216,8522,175.0
102.85570764299483,19.068493620240876,8523,1066.0
102.81016305808997,18.935902284304834,8524,585.0
103.42622767993915,18.77366654399285,8525,334.0
102.58432659566232,18.5440571573719,8526,208.033
102.65466468240888,18.529504449769163,8527,208.036
102.91957785969574,18.450812030880293,8528,484.0
102.66328850913644,18.48099542442671,8529,208.023
102.91499645174672,18.42574903445336,8530,550.0
102.38139717297973,18.76342574975389,8531,252.0
102.80288670428861,18.669102644921338,8532,1155.0
102.38921251595157,19.046664558836774,8533,1072.0
102.7126060182346,18.69174019008115,8534,627.0
103.44886522509896,18.56480824043506,8535,797.0
102.60480818414025,18.683655352524074,8536,224.0
102.53473959197893,19.08385481159932,8537,575.0
102.33881702851247,18.86206076795021,8538,300.0
103.35319464734022,18.906796869099363,8539,1422.0
102.98317858181139,18.66964163409181,8540,1039.0
102.86945186684186,18.41200481060633,8541,816.0
102.41723995281609,18.877691453893892,8542,243.0
102.6953583647795,19.099485497543,8543,1195.0
103.40143417809745,18.95314993775993,8544,887.0
103.11819536901456,18.46913766267633,8545,434.0
102.97132082006101,18.725696507820867,8546,773.0
102.8953233470245,19.019445605727952,8547,756.0
102.45200475431152,18.846160587421295,8548,256.0
102.4113110719409,18.993304630960072,8549,1039.0
102.685656559711,18.85424542497837,8550,448.0
102.62475078344771,18.9927656417896,8551,547.0
103.02602822086389,18.984141815062053,8552,1484.0
102.70640764277417,18.852897952052192,8553,677.0
103.28986341980979,18.47075463018775,8554,441.0
102.25742966377123,18.435181344936613,8555,265.0
102.33962551226817,18.68823676047308,8556,201.0
102.23560060236713,18.99087917969295,8557,499.0
102.97563273342479,18.496356615785153,8558,640.0
103.05648110899554,18.956383872782762,8559,1749.0
102.57273832849718,18.669911128677047,8560,208.008
102.26820944718067,18.74968152590686,8561,232.0
103.19958273375579,19.060139288098565,8562,1330.0
103.29767876278164,19.0671461473147,8563,565.0
103.26237497211574,18.659400839852847,8564,822.0
102.63014067515242,18.537858781911474,8565,208.047
102.37169536791123,18.99923351183526,8566,1000.0
103.42002930447872,18.781751381549924,8567,520.0
103.0276451883753,18.7717800818962,8568,923.0
103.20685908755715,18.688775749643554,8569,528.0
103.04192840139281,18.610891814510392,8570,569.0
102.52153435730237,19.02672195952932,8571,907.0
103.13813796832201,18.991957158033895,8572,2012.0
103.04354536890422,19.067415641899935,8573,767.0
102.55899410465015,18.93617177889007,8574,777.0
103.19634879873296,18.615203727874167,8575,483.0
102.21107659511067,18.571545605065957,8576,342.0
103.39793074848937,18.41335228353251,8577,165.0
103.42757515286532,18.616012211629872,8578,1798.0
102.53042767861515,18.755071417611575,8579,224.0
103.28743796854268,18.533277373962466,8580,1345.0
102.79965276926578,19.04558658049583,8581,742.0
102.56546197469582,18.435720334107085,8582,221.0
102.7306621554454,18.78525481115799,8583,1273.0
102.30108778657944,19.074961490286537,8584,801.0
103.1486482571462,18.63972773513063,8585,845.0
102.5112935630634,18.551064016588033,8586,179.0
102.85624663216531,18.94425661644715,8587,1647.0
103.09582731843999,19.00004199559097,8588,1934.0
102.6142404946235,18.528426471428222,8589,208.041
103.39523580263702,18.463208781801143,8590,158.0
102.53339211905275,18.883350840183844,8591,294.0
102.25150078289604,19.077117446968426,8592,932.0
102.9697038525496,18.96824163453314,8593,1320.0
102.70506016984798,18.931590370941063,8594,342.0
103.23758147027404,18.997077555153375,8595,975.0
102.56896540430388,18.562652283753174,8596,208.008
102.59375890614558,18.5974170852486,8597,222.0
103.38634248132423,18.60253748236808,8598,790.0
103.15700258928852,18.48881076739855,8599,719.0
102.32588128842114,18.738093258741717,8600,256.0
102.62070836466917,18.588254269350582,8601,208.047
103.33675547764084,18.95692286195323,8602,1200.0
103.11307497189507,19.08601076828121,8603,1447.0
103.28204807683795,19.02995589455215,8604,849.0
103.43781594710428,19.051245966785782,8605,529.0
102.4848830937103,18.90625787992889,8606,466.0
103.03788598261427,18.720037121530915,8607,860.0
103.18880295034636,18.98306383672111,8608,1794.0
103.41571739111494,18.415508240214397,8609,155.001
103.10984103687224,18.62194109250506,8610,911.0
103.04839627143848,18.994382609301017,8611,1512.0
102.49943580131303,18.562382789167938,8612,182.0
103.1650874268456,19.02402701367696,8613,1521.0
102.53096666778562,18.587445785594873,8614,542.0
103.01956035081824,18.401494521782134,8615,359.0
102.21916143266775,18.948299035225684,8616,701.0
102.28141468185723,18.91030029870743,8617,427.0
102.87457226396134,18.548908059906147,8618,289.0
103.38526450298329,18.57208459423643,8619,432.0
103.023872264182,18.750490009662567,8620,1097.0
102.5021307471654,19.008935316903752,8621,648.0
103.35265565816975,18.52195860138256,8622,1081.0
102.29650637863043,18.613047771192278,8623,235.0
103.39631378097796,18.9394057139129,8624,530.0
102.26578399591354,18.996269071397666,8625,760.0
102.84034645163639,18.632720875914497,8626,353.0
102.8915504228312,18.414969251043924,8627,711.0
102.35229175777425,18.947760046055212,8628,294.0
103.11064952062796,18.69497412510398,8629,630.0
103.06052352777408,18.648351561858178,8630,296.0
102.98910746268658,18.6507770131253,8631,608.0
102.21107659511067,18.678265460819357,8632,283.0
102.53662605407558,19.071188566093234,8633,513.0
102.52153435730237,18.72542701323563,8634,216.0
102.50186125258016,18.736476291230304,8635,211.002
103.27827515264465,18.468868168091095,8636,379.0
102.96539193918582,18.871493078433467,8637,972.0
103.31088399745819,18.80816185090304,8638,1046.0
102.30054879740896,18.592566182714354,8639,263.0
102.8133969931128,19.063373223121395,8640,1273.0
102.46925240776662,18.579630442623035,8641,187.0
102.58324861732139,18.440301742056096,8642,211.0
102.41454500696373,18.454584955073596,8643,193.0
102.733626595883,18.573162572577374,8644,208.052
102.66355800372166,18.46805968433539,8645,208.022
102.93466955646893,18.524923041820156,8646,548.0
102.4083466315033,18.724618529479923,8647,619.0
102.50024428506873,18.551064016588033,8648,181.0
103.33028760759518,18.762886760583417,8649,1402.0
102.58217063898044,19.08843621954833,8650,1099.0
102.38112767839449,18.93239885469677,8651,264.0
102.29515890570426,18.632720875914497,8652,207.0
102.98964645185706,18.8251400097729,8653,947.0
102.94895276948644,18.84643008200653,8654,1272.0
102.49054248000024,18.77824795194186,8655,231.0
102.89478435785404,18.834572320256154,8656,689.0
102.31510150501171,19.08385481159932,8657,999.0
102.75491666811662,18.86475571380257,8658,487.0
103.19634879873296,18.983602825891584,8659,1638.0
102.81905637940275,18.69551311427445,8660,1304.0
102.67487677630157,18.91218676080408,8661,655.0
102.74063345509913,19.084124306184556,8662,1237.0
102.31483201042647,18.666138204483744,8663,218.0
102.39217695638916,19.015942176119886,8664,956.0
102.8336090870055,18.535972319814825,8665,283.0
103.05998453860362,18.75938333097535,8666,1236.0
103.31519591082197,18.727043980747048,8667,733.0
102.47787623449416,18.970936580385498,8668,288.0
102.83280060324978,18.553489467855155,8669,322.0
102.37951071088307,18.56804217545789,8670,211.0
103.27045980967281,18.403111489293547,8671,148.008
102.72311630705879,18.55564542453704,8672,208.053
102.24018201031613,18.67341455828511,8673,238.0
102.65655114450554,18.83160787981856,8674,361.0
103.03141811256862,18.89197466691139,8675,1542.0
102.98237009805568,18.999772501005733,8676,1068.0
102.85355168631294,18.79010571369224,8677,664.0
102.72850619876351,19.094095605838284,8678,1174.0
103.28474302269032,18.949107518981393,8679,1078.0
103.13679049539583,18.847508060347476,8680,1812.0
102.86460096430761,18.605501922805676,8681,372.0
102.39298544014487,18.849933511614598,8682,292.0
102.92038634345144,18.93751925181625,8683,960.0
102.44904031387392,18.513873763825483,8684,178.0
102.49889681214256,18.45027304170982,8685,173.003
102.74440637929243,18.404997951390197,8686,803.0
102.91445746257625,18.64161419722728,8687,501.0
103.00446865404503,18.49851257246704,8688,602.0
103.18071811278928,19.00138946851715,8689,1625.0
102.73793850924676,18.530851922695344,8690,208.045
102.22131738934962,18.747256074639736,8691,273.0
102.6961668485352,18.455932427999777,8692,271.0
103.23812045944452,18.599573041930487,8693,802.0
103.29444482775881,19.073344522775123,8694,675.0
102.83010565739743,18.532468890206758,8695,363.0
103.38499500839805,18.93509380054913,8696,695.0
102.29435042194855,19.01163026275611,8697,978.0
102.89855728204734,18.929973403429646,8698,835.0
102.23775655904902,18.64350065932393,8699,226.0
102.80908507974902,18.83996221196087,8700,335.006
102.28006720893104,19.099216002957764,8701,1100.0
102.75949807606563,19.021332067824602,8702,615.0
102.44850132470346,18.465095243897796,8703,173.005
102.24045150490137,18.974709504578797,8704,624.0
102.21161558428113,18.648351561858178,8705,229.0
102.79803580175437,18.980368890868753,8706,708.0
102.67999717342106,18.963121237413656,8707,400.0
102.51291053057483,18.55052502741756,8708,194.0
102.90610313043393,18.793609143300305,8709,910.0
103.02090782374441,19.038040732109224,8710,1503.0
103.40305114560886,19.085471779110737,8711,613.0
102.24099049407184,18.444883150005104,8712,223.0
102.99800078399936,18.922158060457807,8713,1348.0
103.01147551326116,19.086819252036914,8714,684.0
102.78806450210064,18.651854991466244,8715,1014.0
102.39594988058246,18.7469865800545,8716,221.0
102.54578886997359,18.759922320145822,8717,219.0
103.37529320332956,18.634876832596383,8718,1365.0
103.14164139793007,18.814899215533934,8719,1217.0
102.9411374265146,18.604154449879495,8720,848.0
102.38166666756496,18.936710768060543,8721,305.0
102.83172262490883,18.424940550697652,8722,713.0
103.04219789597805,18.833224847329973,8723,1496.0
102.50266973633586,18.610083330754684,8724,181.001
102.92335078388903,18.497434594126098,8725,404.004
102.68269211927341,18.67880444998983,8726,344.0
103.07669320288824,18.48153441359718,8727,603.0
102.78941197502681,18.46994614643204,8728,1084.0
102.72338580164403,19.088166724963095,8729,1188.0
102.20433923047977,18.908413836610777,8730,335.0
103.13598201164012,18.788219251595585,8731,1304.0
103.23138309481362,18.705753908513415,8732,938.0
102.99719230024365,18.893052645252336,8733,1091.0
103.25671558582579,18.556184413707513,8734,426.0
102.64550186651087,18.504441453342228,8735,216.0
102.34393742563194,18.7079098651953,8736,208.0
102.57785872561666,19.069841093167057,8737,856.0
102.37007840039982,18.700364016808695,8738,818.0
102.59402840073082,18.512526290899306,8739,230.0
103.30576360033871,18.88874073188856,8740,659.0
103.02953165047197,18.997077555153375,8741,1559.0
102.71907388828025,18.71249127314431,8742,983.0
102.89694031453593,18.453237482147415,8743,688.0
103.34834374480597,18.575049034674024,8744,639.0
102.67622424922776,18.812473764266812,8745,904.0
102.94356287778172,18.819750118068182,8746,1018.0
102.9209253326219,18.78525481115799,8747,634.0
102.53339211905275,18.886045786036203,8748,326.0
102.77836269703214,18.673145063699877,8749,797.0
102.50536468218822,18.941292176009554,8750,766.0
103.17532822108456,18.65589741024478,8751,485.0
103.42164627199013,18.452159503806474,8752,158.0
102.45173525972628,18.588254269350582,8753,190.0
102.32534229925066,18.984680804232525,8754,383.0
102.2264377864691,18.507405893779826,8755,233.0
103.13732948456631,18.504171958756995,8756,814.0
103.05432515231367,18.64242268098299,8757,315.0
103.36343544157918,18.931590370941063,8758,1185.0
103.29174988190645,18.96500769951031,8759,913.0
102.30054879740896,18.776361489845208,8760,269.0
102.32668977217685,18.97336203165262,8761,319.0
102.43745204670878,18.83672827693804,8762,397.0
102.74629284138908,18.653471958977658,8763,281.0
103.3591235282154,19.033728818745452,8764,498.0
103.23165258939885,18.946412573129034,8765,1009.0
103.36666937660202,18.648351561858178,8766,958.0
102.64981377987463,19.09544307876446,8767,1360.0
102.81905637940275,18.626522500454072,8768,461.0
102.42505529578793,18.785524305743227,8769,225.0
102.88508255278555,18.808970334658746,8770,1097.0
102.88589103654125,19.032650840404507,8771,587.0
102.65655114450554,18.84130968488705,8772,464.0
102.31779645086407,18.9318598655263,8773,985.0
103.38715096507994,18.404997951390197,8774,174.0
102.25850764211218,19.060678277269037,8775,1110.0
103.2470137807573,18.429791453231896,8776,166.0
102.88804699322314,18.74510011795785,8777,658.0
102.371425873326,18.40095553261166,8778,244.0
102.63687803978331,18.797112572908368,8779,508.0
103.0944798455138,18.571006615895485,8780,593.0
102.67460728171633,18.8146297209487,8781,1007.0
102.59753183033888,18.98764524467012,8782,586.0
103.24485782407541,18.910030804122194,8783,1143.0
103.32543670506094,19.079003909065076,8784,588.0
102.59160294946369,19.067415641899935,8785,1066.0
103.28285656059367,18.685002825450255,8786,1029.0
102.62609825637388,18.457010406340718,8787,208.015
102.81582244437993,19.049090010103896,8788,915.0
103.076423708303,18.489080261983787,8789,621.0
102.86352298596667,18.642153186397753,8790,467.0
103.19985222834102,18.44838657961317,8791,271.0
103.04165890680757,18.662095785705205,8792,607.0
102.62852370764101,18.79980751876073,8793,609.0
102.70020926731374,18.755879901367283,8794,1342.0
102.75060475475284,18.78741076783988,8795,922.0
102.45928110811289,19.072536039019415,8796,579.0
103.2966007844407,18.629486940891667,8797,543.0
102.45550818391959,19.079542898235548,8798,530.0
103.25429013455866,18.423323583186235,8799,157.003
103.3650524090906,19.012708241097055,8800,499.0
102.74171143344006,18.450812030880293,8801,1445.0
102.45523868933435,19.093287122082575,8802,424.0
102.72069085579167,19.003006436028564,8803,571.0
102.69940078355803,18.43086943157284,8804,1052.0
103.33567749929989,18.644578637664875,8805,1021.0
102.8915504228312,18.48934975656902,8806,682.0
102.67379879796063,18.637841273033978,8807,208.035
102.50078327423921,18.615203727874167,8808,191.0
103.32947912383946,19.08115986574696,8809,621.0
102.76893038654889,18.5440571573719,8810,208.047
103.29282786024739,18.64296167015346,8811,625.0
102.84088544080686,18.87445751887106,8812,674.0
102.55225674001926,18.440301742056096,8813,181.0
102.36765294913269,18.95314993775993,8814,1143.0
103.31789085667432,18.67745697706365,8815,657.0
102.82660222778937,18.92377502796922,8816,678.0
102.26901793093637,18.666138204483744,8817,255.0
102.75491666811662,18.533277373962466,8818,208.05
103.22734067603508,18.421976110260058,8819,175.0
103.31465692165149,18.63110390840308,8820,629.0
102.82902767905648,19.04882051551866,8821,875.0
103.37502370874432,18.524923041820156,8822,1132.0
102.49647136087543,18.547830081565202,8823,179.0
102.32830673968826,18.533546868547703,8824,251.0
102.46709645108473,18.698477554712046,8825,708.0
102.50725114428487,19.07361401736036,8826,500.0
103.00608562155644,18.54136221151954,8827,234.0
102.52018688437619,18.817055172215824,8828,548.0
102.70290421316611,18.804388926709738,8829,885.0
102.47275583737468,18.631373402988316,8830,194.0
103.3583150444597,18.931320876355826,8831,1363.0
102.57058237181529,19.04046618337635,8832,688.0
102.24530240743562,18.42035914274864,8833,430.0
102.9982702785846,19.002736941443327,8834,1096.0
102.67460728171633,18.892244161496627,8835,409.0
102.7915679317087,18.886045786036203,8836,472.0
103.1755977156698,18.534085857718175,8837,1017.0
102.34312894187623,18.61116130909563,8838,722.0
103.05189970104654,18.8822728618429,8839,1229.0
102.38085818380925,19.01486419777894,8840,682.0
102.93547804022465,18.99680806056814,8841,1262.0
103.11657840150315,18.452967987562182,8842,502.0
102.3323491584668,18.54621311405379,8843,212.0
103.29633128985546,18.79253116495936,8844,1158.0
103.31088399745819,19.08196834950267,8845,695.0
102.57273832849718,18.41523874562916,8846,179.0
102.70559915901846,18.97524849374927,8847,1039.0
102.82471576569272,18.42170661567482,8848,810.0
102.771355837816,18.59930354734525,8849,380.0
103.1297836361797,18.62490553294266,8850,895.0
102.38813453761063,18.985219793402997,8851,1426.0
103.28447352810508,18.897634053201344,8852,698.0
103.31088399745819,18.52330607430874,8853,1026.0
102.32965421261444,18.837806255278984,8854,299.0
102.58136215522472,18.87823044306436,8855,346.0
102.47598977239751,18.466442716823973,8856,173.003
102.95326468285022,18.78094289779422,8857,908.0
103.10418165058229,18.627869973380253,8858,652.0
102.24314645075373,18.55780138121893,8859,249.0
102.43179266041884,18.59930354734525,8860,178.008
103.00985854574974,18.53435535230341,8861,229.001
103.28851594688362,18.789027735351294,8862,1229.0
102.23560060236713,19.070919071508,8863,997.0
102.79965276926578,19.027799937870263,8864,621.0
103.34106739100461,18.63972773513063,8865,712.0
102.8675654047452,18.815707699289643,8866,649.0
102.4398774979759,18.620593619578884,8867,184.0
102.42559428495841,18.61816816831176,8868,207.0
103.10660710184942,18.540014738593364,8869,252.0
102.87780619898417,18.793070154129833,8870,835.0
103.2184473547223,18.971206074970734,8871,1476.0
102.31590998876742,18.983602825891584,8872,807.0
102.82282930359605,18.686619792961668,8873,1506.0
102.84250240831828,18.840501201131342,8874,335.008
103.35023020690262,18.623019070846006,8875,741.0
102.7390164875877,18.878769432234833,8876,795.0
103.24458832949017,19.078195425309367,8877,953.0
103.4491347196842,18.532738384791994,8878,543.0
103.39739175931891,18.623558060016478,8879,1699.0
103.00150421360743,18.63433784342591,8880,449.0
103.25267316704725,19.039927194205877,8881,905.0
102.7411724442696,18.84831654410318,8882,529.0
103.22383724642701,18.518994160944967,8883,1261.0
103.31061450287297,18.440571236641333,8884,161.0
103.18718598283493,18.829451923136673,8885,1315.0
102.98317858181139,18.587176291009637,8886,649.0
102.4600895918686,18.709526832706715,8887,659.0
102.6600545741136,18.62733098420978,8888,208.026
102.58783002527039,18.687697771302613,8889,287.0
102.86702641557474,18.824601020602426,8890,871.0
102.33800854475675,18.64565661600582,8891,202.0
102.57085186640053,18.580708420963976,8892,208.007
103.0200993399887,18.587176291009637,8893,247.001
102.81016305808997,18.649160045613883,8894,787.0
103.16373995391942,19.051784955956254,8895,1487.0
103.35562009860735,18.649699034784355,8896,821.0
102.89586233619498,18.666138204483744,8897,1182.0
102.77297280532743,18.982794342135875,8898,1091.0
102.88454356361507,18.481803908182417,8899,624.0
102.46116757020954,18.907335858269835,8900,242.0
102.69993977272851,19.094634595008756,8901,1146.0
103.06160150611503,18.437337301618502,8902,385.0
103.3839170300571,18.706831886854356,8903,373.0
102.28896053024383,19.07415300653083,8904,1032.0
102.48461359912505,18.843465641568937,8905,251.0
102.63121865349336,18.640805713471572,8906,208.03
102.88939446614931,18.985489287988234,8907,883.0
102.43853002504973,18.527617987672514,8908,182.0
102.60750312999261,18.641075208056808,8909,208.026
102.82633273320413,18.776630984430444,8910,1152.0
103.08423905127484,18.882003367257663,8911,1157.0
102.70128724565468,18.84454361990988,8912,545.0
103.44859573051372,18.69551311427445,8913,255.0
102.90637262501917,18.97417051540833,8914,1013.0
102.53743453783129,18.74294416127596,8915,211.0
102.5554906750421,18.8003465079312,8916,259.0
102.48730854497742,18.96177376448748,8917,453.0
103.12628020657164,18.81409073177823,8918,1212.0
102.27413832805586,18.608735857828506,8919,252.0
103.01497894286922,19.040196688791113,8920,1392.0
102.60723363540737,18.861252284194503,8921,657.0
102.42532479037317,18.669911128677047,8922,211.0
102.53662605407558,18.69174019008115,8923,208.007
103.36478291450537,18.76773766311766,8924,1268.0
103.37502370874432,19.054210407223376,8925,344.0
102.40484320189525,18.86017430585356,8926,332.0
103.10337316682659,19.097060046275878,8927,1488.0
103.01956035081824,18.71195228397384,8928,656.0
102.81285800394234,18.924314017139693,8929,622.0
102.709641577797,18.87580499179724,8930,949.0
103.09474934009904,18.806275388806387,8931,1219.0
102.75087424933808,18.635954810937328,8932,285.0
103.0726507841097,18.55887935955987,8933,244.0
102.55737713713874,19.03130336747833,8934,1133.0
103.13625150622536,18.440571236641333,8935,323.0
102.79803580175437,18.7221930782128,8936,850.0
103.34915222856169,18.633529359670206,8937,865.0
102.21700547598586,18.731625388696056,8938,251.0
103.25132569412106,18.65993982902332,8939,647.0
102.97913616303285,18.775822500674735,8940,826.0
102.78644753458921,18.728391453673225,8941,678.0
102.71368399657554,18.780403908623747,8942,1327.0
103.24755276992776,18.846160587421295,8943,1076.0
103.16023652431134,18.626253005868836,8944,521.0
103.05405565772843,18.89386112900804,8945,1168.0
102.22509031354294,18.663443258631386,8946,347.0
102.80531215555573,18.558070875804166,8947,236.0
103.2755802067923,18.544326651957135,8948,917.0
102.27791125224915,19.000850479346678,8949,627.0
102.71503146950171,18.41847268065199,8950,907.0
102.75868959230992,18.48099542442671,8951,1204.0
102.88750800405266,18.447578095857462,8952,455.0
102.27171287678873,18.83403333108568,8953,358.0
102.5600720829911,18.52654000933157,8954,208.003
103.21979482764847,18.538397771081947,8955,839.0
102.371425873326,18.939944703083373,8956,276.0
102.50320872550633,18.69120120091068,8957,354.0
102.6306796643229,18.935363295134366,8958,1442.0
103.08585601878626,18.524114558064447,8959,785.0
102.27386883347062,18.91622917958262,8960,494.0
102.70047876189898,18.638110767619214,8961,208.059
102.23290565651477,18.775822500674735,8962,390.0
103.10472063975277,18.54217069527525,8963,255.0
102.49539338253449,18.836458782352803,8964,280.0
102.42209085535033,18.63110390840308,8965,222.0
103.14999573007239,18.62733098420978,8966,740.0
102.33100168554063,18.69497412510398,8967,221.0
103.15808056762947,19.076308963212718,8968,857.0
102.4369130575383,18.413082788947275,8969,172.0
103.10094771555946,18.413621778117747,8970,245.0
103.27315475552517,18.781212392379455,8971,1591.0
103.23165258939885,18.735667807474595,8972,739.0
102.7600370652361,18.576396507600204,8973,208.049
103.16266197557847,18.853436941222665,8974,1743.0
102.228593743151,18.88739325896238,8975,560.0
102.54875331041119,18.99087917969295,8976,1449.0
102.51695294935337,19.07603946862748,8977,467.0
103.4364684741781,18.622210587090297,8978,1514.0
102.76785240820794,19.070110587752293,8979,1606.0
102.70910258862652,18.755071417611575,8980,1377.0
103.17883165069263,18.552950478684682,8981,324.0
102.48515258829553,18.94425661644715,8982,285.0
102.91742190301385,18.640536218886336,8983,506.0
102.53500908656416,18.89979000988323,8984,814.0
102.69428038643855,18.43221690449902,8985,1052.0
103.32759266174281,18.52896546059869,8986,1271.0
103.37744916001145,18.571545605065957,8987,417.0
102.52126486271713,18.498782067052275,8988,210.0
102.32345583715401,19.007587843977575,8989,564.0
102.39594988058246,18.470485135602512,8990,184.002
103.44078038754188,18.985219793402997,8991,516.0
103.30549410575348,18.65320246439242,8992,821.0
102.77512876200932,18.4192811644077,8993,923.0
102.53554807573464,18.52384506347921,8994,202.0
102.7344350796387,19.001658963102386,8995,571.0
102.204608725065,18.663712753216622,8996,354.0
102.74817930348573,18.852628457466956,8997,429.0
103.4356599904224,18.594722139396243,8998,1605.0
102.20218327379789,18.737554269571245,8999,242.0
102.54929229958167,18.827295966454784,9000,331.0
102.39055998887774,19.043430623813943,9001,1031.0
102.38301414049114,19.09759903544635,9002,1013.0
102.30620818369893,18.562382789167938,9003,216.001
102.43718255212355,18.55321997326992,9004,197.0
103.15673309470328,18.707640370610065,9005,883.0
102.45739464601624,18.8356502985971,9006,253.0
102.36900042205887,18.727582969917517,9007,209.0
103.09717479136616,18.487732789057606,9008,595.0
102.21619699223015,18.781212392379455,9009,289.0
102.87484175854658,18.790914197447943,9010,895.0
103.12547172281593,18.714108240655726,9011,1214.0
103.21467443052899,18.839423222790398,9012,1515.0
103.43404302291098,18.57666600218544,9013,911.0
102.79830529633959,18.59606961232242,9014,323.0
102.73389609046822,18.793878637885538,9015,1135.0
102.65870710118742,18.788758240766057,9016,607.0
102.31159807540364,18.543787662786663,9017,222.0
102.34312894187623,18.730816904940347,9018,276.0
102.69724482687614,18.993035136374836,9019,618.0
103.32759266174281,18.94452611103238,9020,1092.0
103.27989212015608,18.698747049297282,9021,1025.0
102.67487677630157,18.759652825560586,9022,779.0
103.24890024285395,18.862330262535448,9023,1280.0
103.27234627176946,18.98818423384059,9024,1266.0
102.35929861699039,19.0671461473147,9025,1704.0
102.88292659610366,18.521689106797325,9026,560.0
102.25015330996986,18.63972773513063,9027,224.0
103.42757515286532,18.47587502730723,9028,174.0
102.48434410453983,18.640805713471572,9029,191.0
102.6142404946235,19.052323945126727,9030,934.0
102.2218563785201,19.100024486713473,9031,808.0
102.58890800361134,19.045856075081065,9032,750.0
103.16778237269796,18.641883691812517,9033,561.0
103.32328074837905,18.773397049407613,9034,1078.0
102.62690674012958,19.041813656302526,9035,685.0
103.27746666888895,18.703328457246293,9036,1253.0
103.0155179320397,18.910030804122194,9037,1491.0
102.58217063898044,18.545943619468552,9038,208.033
103.247822264513,18.62733098420978,9039,633.0
103.43781594710428,18.772049576481436,9040,585.0
102.56923489888912,18.75426293385587,9041,260.0
102.87268580186469,18.771510587310964,9042,831.0
103.40655457521693,18.59418315022577,9043,863.0
102.72661973666686,18.571545605065957,9044,208.051
102.21107659511067,18.921080082116863,9045,433.0
103.08558652420102,18.587176291009637,9046,325.0
102.34312894187623,18.8251400097729,9047,276.0
103.21224897926187,19.099485497543,9048,763.0
102.72338580164403,18.904640912417477,9049,450.0
102.51749193852383,18.90571889075842,9050,566.0
102.64927479070417,18.41793369148152,9051,426.0
103.24431883490493,18.928086941332996,9052,1539.0
102.24691937494703,18.492853186177086,9053,230.0
102.2466498803618,19.074961490286537,9054,905.0
102.43664356295308,18.628947951721194,9055,184.0
102.74009446592865,18.689314738814026,9056,216.0
102.75222172226427,18.578821958867326,9057,208.05
103.09016793215002,18.90895282578125,9058,1154.0
102.8201343577437,18.554297951610863,9059,322.0
102.30971161330699,18.92593098465111,9060,705.0
102.37034789498506,19.072536039019415,9061,1345.0
103.32786215632805,18.661017807364264,9062,964.0
102.42182136076511,18.528695966013455,9063,183.0
103.35184717441405,18.591757698958645,9064,875.0
102.38085818380925,18.96554668868078,9065,1278.0
102.67649374381298,18.488002283642842,9066,232.0
102.31213706457412,18.427366001964774,9067,215.0
102.36064608991657,19.041813656302526,9068,1249.0
103.24836125368347,18.600920514856664,9069,955.0
102.27494681181156,18.854784414148842,9070,411.0
103.28177858225273,18.887932248132852,9071,973.0
103.22922713813173,19.085471779110737,9072,1002.0
103.27692767971848,18.81786365597153,9073,883.0
102.5495617941669,18.615203727874167,9074,208.016
102.55656865338304,18.464556254727324,9075,214.0
102.24530240743562,18.892513656081864,9076,434.0
103.04974374436465,18.59606961232242,9077,483.0
103.11118850979842,19.025104992017905,9078,1861.0
102.40349572896906,18.490158240324728,9079,201.0
103.26533941255333,18.55564542453704,9080,491.0
103.39065439468801,18.852897952052192,9081,469.0
103.30522461116824,18.589332247691523,9082,422.0
102.50644266052916,18.538667265667183,9083,189.0
102.34986630650712,18.930512392600118,9084,281.0
102.98048363595903,19.091670154571162,9085,622.0
103.02737569379008,19.021871056995074,9086,1314.0
103.41544789652971,18.49905156163751,9087,635.0
103.02710619920484,18.528156976842986,9088,310.0
102.24638038577656,18.983602825891584,9089,787.0
103.21090150633569,18.680960406671716,9090,494.0
102.71826540452454,18.63514632718162,9091,387.0
102.64388489899945,18.704136941001998,9092,345.0
102.44472840051016,18.451351020050765,9093,174.0
102.22589879729864,18.703328457246293,9094,310.0
103.01336197535781,18.52654000933157,9095,444.0
102.6277152238853,18.522228095967797,9096,208.045
102.89262840117215,18.803849937539265,9097,1117.0
103.32355024296427,18.915690190412146,9098,1192.0
102.42236034993557,19.067954631070407,9099,269.0
103.13193959286158,18.87957791599054,9100,1416.0
103.29767876278164,19.04962899927437,9101,541.0
102.49754933921638,18.73863224791219,9102,212.0
103.18044861820404,18.840231706546106,9103,1553.0
102.5856740685885,19.02672195952932,9104,668.0
102.45901161352765,19.090861670815453,9105,429.0
102.79022045878251,18.42952195864666,9106,1093.0
102.7869865237597,18.572354088821665,9107,276.0
103.13571251705488,18.75102899883304,9108,1426.0
103.14433634378244,18.70063351139393,9109,776.0
103.29013291439503,18.936710768060543,9110,1002.0
102.27117388761826,18.652393980636713,9111,242.0
102.81204952018662,19.061756255609982,9112,1169.0
102.33935601768293,18.859365822097853,9113,304.0
102.55468219128637,18.632720875914497,9114,208.005
103.01012804033498,18.814360226363466,9115,1110.0
102.77351179449789,18.423054088601,9116,959.0
103.12115980945215,18.443535677078927,9117,392.0
102.62906269681147,18.48153441359718,9118,208.016
102.79022045878251,19.00731834939234,9119,834.0
103.20955403340952,18.742135677520256,9120,838.0
102.72635024208162,18.467520695164918,9121,1163.0
102.88238760693318,18.981985858380167,9122,1102.0
103.03599952051762,18.84589109283606,9123,1331.0
103.24135439446735,19.10029398129871,9124,643.0
102.74925728182667,19.087627735792623,9125,1251.0
102.990724430198,19.046664558836774,9126,1194.0
102.67002587376733,18.74833405298068,9127,626.0
102.30728616203986,18.436528817862794,9128,275.0
103.0990612534628,18.75614939595252,9129,1512.0
102.69940078355803,18.876074486382475,9130,623.0
102.41643146906038,18.821367085579595,9131,224.0
102.52261233564332,18.515221236751664,9132,208.0
102.39244645097439,18.700903005979168,9133,553.0
102.5269242490071,18.78336834906134,9134,294.0
102.22050890559392,18.958000840294176,9135,515.0
102.26578399591354,19.025104992017905,9136,559.0
102.54659735372931,19.055557880149557,9137,850.0
103.09286287800239,18.858557338342145,9138,1147.0
102.80046125302148,18.801963475442616,9139,565.0
103.24189338363782,18.707640370610065,9140,964.0
103.09016793215002,18.831338385233323,9141,1674.0
102.67379879796063,19.01809813280177,9142,850.0
103.0087805674088,18.504441453342228,9143,640.0
102.24072099948661,18.467520695164918,9144,214.0
102.97805818469192,19.0852022845255,9145,594.0
102.70452118067752,18.651046507710536,9146,208.059
102.81447497145375,18.718150659434265,9147,873.0
103.43027009871768,18.613856254947986,9148,1715.0
103.0869339971272,18.526809503916805,9149,629.0
102.74737081973002,18.993304630960072,9150,346.0
102.56168905050251,18.862599757120684,9151,242.0
103.42056829364918,19.084124306184556,9152,880.0
103.0990612534628,18.902484955735588,9153,1155.0
103.12196829320786,18.90113748280941,9154,1238.0
102.3541782198709,18.78013441403851,9155,287.0
102.59321991697512,18.509292355876475,9156,230.0
103.11145800438366,18.650238023954827,9157,497.0
103.39038490010277,18.451620514636,9158,156.0
103.30172118156017,18.66182629111997,9159,964.0
102.4029567397986,19.045317085910593,9160,935.0
102.81878688481753,18.465634233068265,9161,839.0
103.44428381714994,18.66748567740992,9162,467.0
103.2230287626713,18.66559921531327,9163,498.0
103.05998453860362,18.56426925126459,9164,234.0
103.42326323950155,18.845352103665586,9165,385.0
103.27584970137754,18.45027304170982,9166,344.0
102.80046125302148,18.99087917969295,9167,1120.0
103.14137190334485,18.852897952052192,9168,1790.0
102.96000204748111,18.763964738924358,9169,659.0
103.01120601867592,18.748064558395445,9170,1116.0
102.79264591004964,18.92593098465111,9171,510.0
102.81743941189134,18.97659596667545,9172,958.0
102.37034789498506,18.502554991245578,9173,215.0
103.40601558604645,18.98575878257347,9174,556.0
103.35777605528924,18.88146437808719,9175,1172.0
103.05836757109219,19.034267807915924,9176,1226.0
103.22707118144984,18.537589287326238,9177,897.0
102.70020926731374,18.797382067493604,9178,998.0
103.32624518881664,18.574240550918315,9179,561.0
103.41787334779683,18.519802644700672,9180,1118.0
102.49754933921638,18.87311004594488,9181,281.0
103.02360276959678,18.514412752995955,9182,579.0
102.54659735372931,18.672606074529405,9183,208.005
103.07184230035399,18.659400839852847,9184,388.0
102.91688291384337,18.88685426979191,9185,546.0
103.03465204759144,18.801424486272143,9186,1197.0
102.35283074694472,18.61493423328893,9187,793.0
102.70856359945606,18.810317807584926,9188,730.0
103.17290276981744,18.487193799887134,9189,674.0
102.98237009805568,18.857748854586436,9190,1004.0
103.13301757120253,19.045047591325357,9191,1022.0
102.2962368840452,18.5049804425127,9192,232.0
102.61585746213493,19.03911871045017,9193,649.0
102.28761305731764,19.04558658049583,9194,744.0
102.57219933932672,18.48881076739855,9195,350.0
102.30135728116467,18.479917446085768,9196,354.0
102.76515746235559,18.958809324049884,9197,526.0
103.34241486393078,18.67476203121129,9198,786.0
102.71826540452454,18.637302283863505,9199,327.0
103.24890024285395,19.070649576922765,9200,1096.0
102.51398850891577,19.02321852992125,9201,907.0
102.3083641403808,18.45431546048836,9202,491.0
103.04758778768276,18.963390731998892,9203,1757.0
102.47491179405657,18.643770153909166,9204,181.002
102.89370637951309,18.71114380021813,9205,1024.0
102.41319753403755,18.787141273254644,9206,220.0
102.86352298596667,18.941292176009554,9207,1443.0
102.95353417743544,18.664521236972327,9208,1027.0
102.95838507996969,19.028338927040735,9209,926.0
103.01120601867592,18.85963531668309,9210,1228.0
102.87888417732512,18.941831165180023,9211,1017.0
102.56869590971864,18.494470153688503,9212,313.0
103.08370006210437,18.779056435697566,9213,1093.0
103.33675547764084,18.447308601272226,9214,156.003
102.24233796699802,18.82244506392054,9215,766.0
102.53743453783129,18.513604269240247,9216,249.0
102.76785240820794,18.68257737418313,9217,345.0
102.6419984369028,18.613047771192278,9218,208.025
102.62043887008393,18.714377735240962,9219,243.0
102.9688953687939,18.401494521782134,9220,454.0
103.06321847362645,18.714377735240962,9221,880.0
102.98668201141946,18.61358676036275,9222,375.0
103.00339067570408,18.7079098651953,9223,874.0
103.29417533317357,18.951532970248515,9224,1097.0
102.41023309359996,18.60388495529426,9225,190.0
102.57166035015624,18.792800659544596,9226,644.0
102.47410331030086,18.9784824287721,9227,274.0
103.39307984595513,18.73971022625313,9228,785.0
102.5608805667468,18.67880444998983,9229,208.007
102.27332984430015,18.602267987782845,9230,318.0
103.38122208420475,19.083046327843615,9231,947.0
103.3793356221081,18.504441453342228,9232,737.0
102.52503778691043,18.772049576481436,9233,215.0
102.81986486315846,18.820289107238654,9234,695.0
102.48137966410223,18.775553006089503,9235,253.0
102.2865350789767,18.523036579723502,9236,232.0
102.46574897815854,18.6898537279845,9237,795.0
103.37340674123291,18.400147048855953,9238,175.0
102.8155529497947,18.65805336692667,9239,839.0
102.41535349071944,18.58448134515728,9240,197.0
102.24718886953227,18.75534091219681,9241,280.0
103.00931955657927,18.810587302170163,9242,1239.0
103.13894645207772,18.48665481071666,9243,589.0
103.08396955668961,18.40041654344119,9244,148.015
103.08801197546813,18.766659684776716,9245,1396.0
102.9238897730595,18.9070663636846,9246,650.0
103.07884915957013,18.620324124993648,9247,319.0
102.70398219150705,18.6831163633536,9248,361.0
103.11415295023602,19.048281526348187,9249,1837.0
102.91796089218431,19.07603946862748,9250,828.0
103.23838995402974,18.744830623372614,9251,704.0
102.93574753480988,18.980907880039222,9252,1459.0
102.75141323850856,18.70144199514964,9253,239.0
103.03788598261427,19.086280262866442,9254,1095.0
103.40736305897263,18.45674091175548,9255,157.001
102.69212442975667,18.686080803791196,9256,435.0
103.37664067625575,18.43033044240237,9257,160.0
103.08882045922385,18.444613655419868,9258,410.0
102.6600545741136,18.934015822208185,9259,378.0
102.84358038665921,18.93617177889007,9260,1108.0
102.76731341903748,18.51037033421742,9261,654.0
102.77539825659454,18.703597951831526,9262,359.0
102.99476684897654,18.67988242833077,9263,888.0
102.5819011443952,18.55968784331558,9264,208.031
102.54848381582596,18.627061489624545,9265,208.015
102.24826684787321,18.798729540419785,9266,461.0
103.09178489966145,18.613047771192278,9267,773.0
102.40026179394624,18.662634774875677,9268,280.0
103.18206558571545,18.48881076739855,9269,446.0
102.77162533240124,18.529234955183927,9270,208.047
102.86082804011431,18.415777734799633,9271,881.0
102.43367912251549,18.852628457466956,9272,348.0
102.2752163063968,19.02995589455215,9273,738.0
102.46197605396524,18.594452644811007,9274,198.0
103.07103381659829,18.697669070956337,9275,395.0
102.93493905105417,18.887662753547616,9276,493.0
103.42299374491631,18.5869067964244,9277,1148.0
103.38526450298329,18.963390731998892,9278,1153.0
102.76569645152605,18.82837394479573,9279,335.003
102.4352960900269,18.664790731557563,9280,475.0
102.95326468285022,18.79899903500502,9281,1162.0
102.37951071088307,18.60334596612379,9282,300.0
102.66113255245455,19.036693259183046,9283,1516.0
102.48973399624454,18.41658621855534,9284,173.0
103.39793074848937,18.437876290788974,9285,165.0
102.37169536791123,18.684463836279782,9286,705.0
102.31186756998888,18.561843799997465,9287,219.0
102.26470601757259,19.06552917980328,9288,1100.0
102.67945818425058,18.995730082227197,9289,523.0
103.43835493627475,18.91946311460545,9290,767.0
102.96566143377106,18.83026040689238,9291,1138.0
102.86406197513715,18.571815099651193,9292,473.0
103.08801197546813,18.75345445010016,9293,1515.0
102.28168417644245,18.690123222569735,9294,243.0
103.44940421426942,18.884159323939553,9295,540.0
103.14514482753815,18.467520695164918,9296,481.0
103.05675060358078,18.89332213983757,9297,1165.0
102.89640132536545,18.996269071397666,9298,759.0
103.33001811300994,18.609005352413742,9299,520.0
103.11091901521318,19.021332067824602,9300,2094.0
102.84358038665921,18.940753186839082,9301,1126.0
103.02036883457394,18.698477554712046,9302,1045.0
102.21781395974156,18.860982789609267,9303,475.0
102.89774879829163,18.86987611092205,9304,543.0
103.38876793259136,18.48746329447237,9305,471.0
102.21026811135496,19.008935316903752,9306,552.0
102.82148183066988,18.964738204925073,9307,1203.0
102.87591973688752,19.095982067934933,9308,683.0
103.44428381714994,18.934015822208185,9309,356.0
103.05648110899554,18.642153186397753,9310,314.0
103.20012172292626,18.510100839632184,9311,425.0
102.47760673990892,18.852897952052192,9312,254.0
102.47464229947133,18.70871834895101,9313,715.0
103.09205439424667,19.017828638216535,9314,2301.0
102.46278453772095,19.066068168973754,9315,596.0
102.3609155845018,19.006779360221866,9316,1015.0
102.46952190235186,18.801154991686907,9317,257.0
102.64684933943704,18.85316744663743,9318,889.0
102.5398599890984,19.090861670815453,9319,778.0
103.1012172101447,18.42952195864666,9320,284.0
102.7961493396577,18.487193799887134,9321,962.0
103.15134320299856,18.75938333097535,9322,1580.0
103.34537930436838,19.0280694324555,9323,663.0
102.80665962848191,18.708987843536246,9324,1035.0
103.3087280407763,18.424671056112416,9325,157.0
102.6638274983069,19.05852232058715,9326,1063.0
103.28474302269032,19.06121726643951,9327,533.0
102.68915998931908,18.55887935955987,9328,208.045
103.40898002648404,18.88739325896238,9329,798.0
102.33073219095539,18.627061489624545,9330,223.0
102.80719861765238,18.496895604955625,9331,559.0
102.95811558538446,18.50902286129124,9332,637.0
103.1944623366363,18.6117002982661,9333,429.0
103.2688428421614,18.894939107348986,9334,792.0
102.57570276893478,18.697938565541573,9335,427.0
102.63580006144237,19.052323945126727,9336,1045.0
102.64819681236322,18.802232970027852,9337,470.0
103.23380854608074,18.79253116495936,9338,1194.0
103.29417533317357,18.682846868768365,9339,696.0
102.90718110877488,19.044508602154885,9340,650.0
102.75680313021327,18.655627915659544,9341,432.0
103.11657840150315,18.63972773513063,9342,633.0
102.95488165036163,18.617359684556053,9343,666.0
102.24072099948661,19.03777123752399,9344,711.0
103.34133688558984,19.016211670705122,9345,1032.0
102.50186125258016,18.76773766311766,9346,235.0
103.29471432234405,18.58043892637874,9347,543.0
103.01605692121016,18.93617177889007,9348,1336.0
102.29974031365326,18.662095785705205,9349,218.0
103.13598201164012,18.60334596612379,9350,852.0
102.39136847263345,18.483959864864303,9351,192.0
102.95488165036163,18.56426925126459,9352,660.0
103.28447352810508,18.45943585760784,9353,437.0
103.13652100081059,18.400147048855953,9354,148.013
102.2361395915376,18.536780803570533,9355,258.0
103.4116749723364,18.83079939606285,9356,470.0
102.2188919380825,18.55187250034374,9357,246.0
102.82363778735177,18.92916491967394,9358,874.0
103.23084410564314,18.49473964827374,9359,1087.0
102.34717136065477,18.620324124993648,9360,474.0
102.26524500674307,18.575049034674024,9361,243.0
103.32570619964616,18.965277194095545,9362,960.0
102.70425168609228,19.01486419777894,9363,879.0
102.995305838147,18.9641992157546,9364,1239.0
102.27198237137397,18.77420553316332,9365,243.0
102.93763399690653,18.877960948479128,9366,564.0
103.23677298651833,18.70225047890535,9367,1108.0
102.66598345498879,18.900059504468466,9368,580.0
103.38176107337523,18.903562934076533,9369,1163.0
102.20784266008783,18.96743315077743,9370,457.0
102.428558725396,18.69174019008115,9371,297.0
103.29444482775881,18.411465821435858,9372,161.0
102.4848830937103,18.603076471538554,9373,191.0
102.47706775073846,18.845352103665586,9374,237.0
102.30405222701704,18.770163114384783,9375,254.0
102.97509374425432,18.738093258741717,9376,657.0
103.2057811092162,18.8431961469837,9377,1625.0
102.44850132470346,18.800077013345962,9378,236.0
103.1057986180937,18.749412031321622,9379,1605.0
102.8465448270968,18.96554668868078,9380,830.0
102.38759554844015,19.095982067934933,9381,1073.0
102.43664356295308,18.458627373852135,9382,196.0
102.50401720926205,18.600381525686196,9383,178.003
103.190689412443,18.472910586869634,9384,534.0
103.08585601878626,18.636224305522564,9385,577.0
103.28986341980979,18.623288565431242,9386,465.0
102.38490060258779,18.762347771412944,9387,287.0
103.3755626979148,18.63191239215879,9388,1325.0
103.38526450298329,18.950185497322337,9389,931.0
102.2218563785201,18.410387843094917,9390,447.0
102.92954915934946,18.961504269902242,9391,1431.0
102.33423562056345,18.4583578792669,9392,208.0
103.10957154228701,19.010282789829933,9393,2249.0
102.542824429536,18.54944704907662,9394,367.0
103.16293147016371,18.61358676036275,9395,711.0
103.34510980978315,18.74105769917931,9396,838.0
102.74090294968435,18.784446327402286,9397,902.0
103.26156648836003,18.55321997326992,9398,563.0
102.77000836488983,18.901676471979883,9399,335.007
103.09852226429234,18.43086943157284,9400,253.0
102.8621755130405,18.757227374293464,9401,755.0
102.34420692021718,18.818133150556765,9402,295.0
102.35390872528566,18.57397105633308,9403,214.0
102.4924289420969,18.865833692143514,9404,230.001
102.72284681247356,18.487193799887134,9405,1556.0
102.91499645174672,19.097329540861114,9406,1086.0
103.16562641601607,18.54270968444572,9407,508.0
102.2512312883108,18.98063838545399,9408,823.0
102.3075556566251,18.696591092615396,9409,313.0
103.19607930414772,19.076578457797954,9410,889.0
102.63687803978331,18.498243077881806,9411,208.049
103.21467443052899,18.935902284304834,9412,1088.0
102.46817442942567,19.086280262866442,9413,357.0
103.13247858203206,18.897634053201344,9414,1325.0
103.20335565794909,18.634876832596383,9415,786.0
102.70829410487082,18.95584488361229,9416,881.0
103.21359645218806,19.054210407223376,9417,1256.0
102.20676468174689,18.47398856521058,9418,303.0
102.93170511603134,18.91137827704837,9419,913.0
102.86271450221096,18.783907338231813,9420,648.0
102.62367280510676,18.464556254727324,9421,208.016
102.43394861710071,18.651316002295772,9422,302.0
102.69454988102379,19.001119973931914,9423,788.0
102.58621305775898,18.50902286129124,9424,249.0
102.39109897804822,18.79899903500502,9425,250.0
102.95784609079922,18.564538745849827,9426,678.0
102.54066847285412,18.588254269350582,9427,428.0
103.08531702961578,18.632181886744025,9428,551.0
102.78186612664021,18.930512392600118,9429,335.009
102.71098905072317,18.75857484721964,9430,1476.0
103.22761017062031,18.847777554932712,9431,1211.0
103.28123959308225,18.9536889269304,9432,972.0
102.6150489783792,18.890896688570447,9433,1161.0
103.29201937649168,18.555375929951808,9434,489.0
102.96269699333347,18.933207338452476,9435,1122.0
102.48137966410223,19.003006436028564,9436,615.0
103.39227136219942,18.975787482919742,9437,763.0
102.86999085601234,18.465095243897796,9438,472.0
102.76246251650322,18.670989107017988,9439,565.0
103.11576991774743,18.449734052539352,9440,472.0
103.4041291239498,18.629486940891667,9441,1853.0
103.06348796821167,18.530582428110108,9442,339.0
102.6306796643229,18.731894883281292,9443,367.0
102.70479067526276,18.430599936987605,9444,913.0
102.77351179449789,18.814360226363466,9445,372.0
102.94976125324214,18.526809503916805,9446,603.0
103.06537443030832,19.061486761024746,9447,1113.0
102.33558309348963,18.472910586869634,9448,312.0
103.14514482753815,18.669911128677047,9449,856.0
102.90987605462723,18.827295966454784,9450,741.0
102.43017569290741,18.68796726588785,9451,301.0
103.10768508019036,18.63918874596016,9452,547.0
102.78186612664021,18.908144342025544,9453,388.0
103.11064952062796,18.815707699289643,9454,1462.0
102.204608725065,18.777439468186152,9455,287.0
102.35849013323468,18.651316002295772,9456,579.0
102.990724430198,18.50821437753553,9457,692.0
103.39334934054037,18.43221690449902,9458,163.0
102.58702154151469,18.638649756789686,9459,208.028
102.58001468229855,18.40095553261166,9460,189.0
102.45577767850482,18.517646688018786,9461,196.0
103.02710619920484,18.431138926158077,9462,388.0
102.66328850913644,18.57612701301497,9463,208.029
102.53339211905275,19.087627735792623,9464,677.0
102.59106396029323,18.575857518429732,9465,208.035
102.53393110822321,18.692548673836857,9466,212.0
102.29677587321567,18.824601020602426,9467,390.0
102.46628796732902,18.437067807033266,9468,173.007
103.38203056796046,18.52519253640539,9469,1164.0
103.10067822097423,18.47776148940388,9470,501.0
102.34690186606953,19.076308963212718,9471,1115.0
102.61882190257252,18.79441762705601,9472,716.0
102.69481937560903,18.969589107459317,9473,792.0
102.35229175777425,18.464286760142087,9474,201.0
102.51776143310907,19.04693405342201,9475,634.0
102.91391847340577,19.054479901808612,9476,684.0
103.20955403340952,19.08115986574696,9477,615.0
102.55090926709308,18.452159503806474,9478,182.0
103.23596450276263,18.87580499179724,9479,1369.0
103.13517352788442,18.616551200800345,9480,571.0
103.42676666910961,18.64996852936959,9481,1156.0
102.37358183000788,18.411735316021094,9482,253.0
102.39837533184958,18.593374666470062,9483,194.0
103.2755802067923,18.938058240986724,9484,1340.0
102.75006576558238,18.93617177889007,9485,335.01
103.10256468307088,18.47398856521058,9486,446.0
102.33720006100104,18.67880444998983,9487,222.0
103.16239248099323,18.407423402657322,9488,166.0
102.8713383289385,19.073075028189887,9489,893.0
103.09663580219569,18.502285496660342,9490,755.0
102.37223435708171,18.47830047857435,9491,199.0
102.54713634289978,18.482612391938126,9492,247.0
102.86163652387002,18.86152177877974,9493,569.0
102.84627533251158,18.457010406340718,9494,693.0
102.29542840028948,18.762347771412944,9495,228.001
103.29579230068498,19.03507629167163,9496,613.0
102.62394229969199,18.5869067964244,9497,208.045
103.06833887074592,18.948299035225684,9498,1482.001
103.37717966542621,18.905988385343655,9499,1206.0
103.24216287822306,19.084124306184556,9500,1041.0
103.05432515231367,18.72111509987186,9501,862.0
102.8734942856204,18.935902284304834,9502,1235.0
103.06753038699021,18.844813114495118,9503,1205.0
102.9936888706356,18.638110767619214,9504,436.0
103.05459464689889,18.87445751887106,9505,1281.0
102.7840220833221,18.403111489293547,9506,801.0
103.3545421202664,18.51656870967784,9507,975.0
103.19041991785777,18.61574271704464,9508,437.0
102.7592285814804,19.084932789940265,9509,1352.0
102.56627045845153,19.067954631070407,9510,747.0
102.33585258807487,18.442188204152746,9511,202.0
102.83091414115313,18.486115821546193,9512,638.0
102.94059843734412,18.578282969696854,9513,602.0
102.85274320255724,18.669911128677047,9514,943.0
103.10741558560512,18.859096327512617,9515,1415.0
103.30199067614541,18.482073402767654,9516,628.0
102.89855728204734,18.666946688239452,9517,1156.0
102.23802605363424,18.426827012794302,9518,452.0
103.03546053134716,18.526001020161097,9519,466.0
103.29417533317357,18.720037121530915,9520,719.0
103.22383724642701,18.740249215423603,9521,894.0
103.24297136197876,19.064181706877104,9522,1122.0
103.38256955713094,18.99734704973861,9523,643.0
102.24206847241278,18.496895604955625,9524,237.0
103.23973742695593,18.40176401636737,9525,164.0
103.43053959330291,18.413621778117747,9526,155.0
102.48596107205124,18.839423222790398,9527,244.0
102.31240655915934,19.066068168973754,9528,1107.0
102.20353074672406,18.42359307777147,9529,207.001
102.63014067515242,18.559418348730343,9530,208.046
102.3751987975193,18.858557338342145,9531,258.0
102.85004825670488,18.746717085469264,9532,465.0
102.64657984485181,18.466442716823973,9533,208.021
102.28168417644245,18.673145063699877,9534,205.001
102.70020926731374,18.909761309536957,9535,335.01
102.59295042238988,19.03911871045017,9536,691.0
103.44859573051372,18.53300787937723,9537,550.0
102.51183255223388,18.509831345046948,9538,170.0
102.78051865371403,18.624636038357423,9539,690.0
103.21224897926187,19.009474306074225,9540,1442.0
103.40008670517126,19.06121726643951,9541,821.0
103.20685908755715,18.51818567718926,9542,559.0
103.30738056785013,19.0852022845255,9543,583.0
102.95569013411733,18.406614918901614,9544,495.0
102.88319609068888,18.752645966344453,9545,940.0
102.58594356317374,18.526270514746333,9546,208.033
102.74844879807097,18.505249937097936,9547,865.0
102.86810439391569,18.908683331196013,9548,789.0
103.20281666877861,18.500399034563692,9549,481.0
103.39065439468801,18.546482608639025,9550,946.0
102.95272569367974,18.831877374403795,9551,1033.0
102.75518616270186,18.571545605065957,9552,208.049
103.08558652420102,19.079812392820784,9553,1697.0
102.27548580098204,18.57531852925926,9554,231.0
103.43970240920093,18.98683676091441,9555,514.0
102.49674085546067,18.698477554712046,9556,601.0
102.30863363496604,18.438145785374207,9557,258.0
103.38472551381282,18.841040190301815,9558,1092.0
102.51479699267148,18.405267445975433,9559,174.0
102.37627677586025,19.088166724963095,9560,743.0
102.49512388794926,18.721654089042328,9561,338.0
102.509676595552,18.952341454004223,9562,717.0
103.21413544135852,19.06822412565564,9563,809.0
103.30172118156017,18.97012809662979,9564,961.0
103.27584970137754,18.9318598655263,9565,1170.0
102.69778381604662,18.64808206727294,9566,208.058
102.81285800394234,18.918385136264504,9567,504.0
102.69104645141573,18.723810045724218,9568,1187.0
102.59726233575364,18.7965735837379,9569,1033.0
103.23003562188744,18.541631706104777,9570,655.0
102.98587352766376,18.648351561858178,9571,555.0
102.58971648736704,18.636763294693036,9572,223.0
102.48030168576129,18.574240550918315,9573,197.0
102.5819011443952,18.811126291340635,9574,567.0
102.24099049407184,18.687428276717377,9575,284.0
102.48380511536935,18.737015280400772,9576,270.0
103.39119338385848,18.735667807474595,9577,781.0
103.36370493616442,19.040735677961585,9578,415.0
102.42289933910605,19.059600298928093,9579,270.0
102.73012316627492,19.015403186949413,9580,798.0
103.02899266130149,18.75803585804917,9581,1004.0
102.24826684787321,18.41523874562916,9582,411.0
103.44104988212712,18.542979179030958,9583,411.0
102.4962018662902,18.65508892648907,9584,285.0
103.3537336365107,18.673953547455582,9585,756.0
102.27925872517534,18.660209323608555,9586,225.0
103.01363146994305,19.036154270012574,9587,1500.0
103.023872264182,18.47183260852869,9588,576.0
102.50994609013723,18.836458782352803,9589,306.0
103.30630258950919,18.610891814510392,9590,490.0
103.11765637984409,18.86718116506969,9591,1308.0
103.04624031475659,18.990340190522478,9592,1465.0
103.05216919563178,18.624636038357423,9593,310.0
102.96350547708917,18.569659142969307,9594,578.0
103.26776486382046,19.005970876466158,9595,1023.0
103.12520222823069,18.92269704962828,9596,1742.0
103.18556901532352,18.695243619689215,9597,463.0
102.39055998887774,18.919193620020213,9598,252.0
102.36253255201322,18.996269071397666,9599,1064.0
102.60399970038455,18.62679199503931,9600,208.037
103.08450854586007,19.065259685218045,9601,1836.0
102.57354681225289,18.66964163409181,9602,208.008
102.69347190268284,18.996538565982902,9603,703.0
102.9494917586569,18.83807574986422,9604,1207.0
102.4029567397986,18.937788746401488,9605,506.0
103.01390096452828,18.79010571369224,9606,1210.0
102.6314881480786,19.06364271770663,9607,1221.0
102.80261720970337,18.99734704973861,9608,845.0
102.28384013312434,18.840501201131342,9609,354.0
102.88184861776271,18.768276652288133,9610,755.0
102.24557190202086,18.412274305191566,9611,428.0
103.33513851012943,18.949107518981393,9612,1397.0
102.58540457400326,18.938058240986724,9613,561.0
102.32264735339831,18.665868709898508,9614,201.0
102.56303652342869,18.81139578592587,9615,250.0
102.33127118012585,19.07145806067847,9616,1097.0
102.56330601801393,18.986028277158706,9617,947.0
103.33082659676565,18.55133351117327,9618,791.0
102.84169392456256,18.442188204152746,9619,739.0
103.06348796821167,18.471024124772985,9620,604.0
102.5134495197453,18.568581164628363,9621,180.0
102.29461991653378,18.85640138166026,9622,366.0
102.962158004163,19.065798674388517,9623,668.0
102.27925872517534,18.70979632729195,9624,243.0
102.87861468273988,18.766390190191483,9625,845.0
103.38634248132423,18.528426471428222,9626,1345.0
103.23434753525122,19.028338927040735,9627,1370.0
102.89801829287686,18.91622917958262,9628,751.0
103.40924952106928,18.879847410575778,9629,637.0
102.45739464601624,18.834302825670918,9630,266.0
102.49862731755732,18.582055893890157,9631,180.0
102.23263616192953,18.649699034784355,9632,326.0
102.2706348984478,19.0604087826838,9633,864.0
102.54390240787694,18.84130968488705,9634,344.0
102.41158056652614,18.84400463073941,9635,263.0
102.72715872583733,19.022679540750783,9636,701.0
102.8419634191478,18.643231164738694,9637,429.0
102.45901161352765,18.947490551469976,9638,259.0
103.20470313087527,18.665329720728035,9639,460.0
102.34609338231382,18.92188856587257,9640,431.0
102.22347334603151,18.632990370499734,9641,299.0
103.42245475574583,19.099485497543,9642,916.0
102.62582876178865,18.800077013345962,9643,591.0
102.39406341848581,18.49339217534756,9644,197.0
102.24988381538462,18.62005463040841,9645,210.0
102.31321504291505,18.833224847329973,9646,307.0
103.40844103731358,18.776361489845208,9647,581.0
102.20514771423548,18.76719867394719,9648,275.0
102.28410962770958,18.41712520772581,9649,222.0
102.73659103632059,18.877421959308656,9650,859.0
103.0373469934438,18.77366654399285,9651,995.0
103.02171630750011,19.06822412565564,9652,789.0
102.29084699234048,18.402572500123075,9653,219.0
102.76812190279318,18.452159503806474,9654,1282.0
103.4116749723364,19.078464919894603,9655,842.0
102.53932099992794,18.610083330754684,9656,311.0
102.9915329139537,18.52519253640539,9657,664.0
102.35741215489374,18.97255354789691,9658,850.0
102.74440637929243,18.862599757120684,9659,597.0
103.33621648847037,18.714108240655726,9660,696.0
102.91149302213866,18.890896688570447,9661,568.0
102.88104013400701,18.567772680872654,9662,412.0
102.53743453783129,18.709257338121482,9663,209.001
103.2936363440031,19.069841093167057,9664,605.0
103.31250096496962,19.05528838556432,9665,395.0
103.40224266185315,18.462939287215907,9666,158.0
102.77270331074219,18.53812827649671,9667,208.047
103.11011053145748,18.993035136374836,9668,2308.0
102.61693544047587,18.607927374072798,9669,208.046
102.67568526005728,18.852628457466956,9670,375.0
103.1553856217771,18.608735857828506,9671,653.0
102.84358038665921,18.489888745739492,9672,428.0
102.41077208277044,18.586098312668693,9673,206.0
102.4676354402552,18.792800659544596,9674,222.0
102.9974617948289,19.052323945126727,9675,1121.0
102.28896053024383,18.79064470286271,9676,878.0
102.21026811135496,18.565616724190768,9677,257.0
102.68215313010295,18.696860587200632,9678,808.0
102.73847749841724,19.08062087657649,9679,1332.0
102.652508725727,18.6898537279845,9680,495.0
102.50105276882445,18.95261094858946,9681,511.0
103.41975980989348,18.53624181440006,9682,927.0
103.25321215621773,19.033998313330688,9683,1029.0
102.41158056652614,18.490158240324728,9684,195.0
102.31213706457412,18.726504991576576,9685,328.0
103.07911865415535,18.545943619468552,9686,231.0
102.2428769561685,19.065798674388517,9687,1137.0
102.49377641502308,18.468329178920623,9688,198.0
102.86460096430761,18.9784824287721,9689,933.0
102.3894820105368,18.817055172215824,9690,323.0
102.71610944784265,19.08385481159932,9691,1222.0
103.3553506040221,18.528695966013455,9692,1407.0
103.22949663271696,19.017020154460827,9693,1531.0
102.34986630650712,18.532738384791994,9694,328.0
102.94598832904884,18.93293784386724,9695,1373.0
102.49781883380162,18.86664217589922,9696,235.0
102.4533522272377,18.49150571325091,9697,175.0
102.52261233564332,18.530851922695344,9698,187.0
102.29003850858477,18.582325388475393,9699,244.0
102.8907419390755,18.492314197006614,9700,647.0
102.66194103621025,18.686619792961668,9701,884.0
102.50024428506873,18.493661669932795,9702,190.0
103.21871684930753,18.42359307777147,9703,175.0
102.36980890581458,18.857748854586436,9704,297.0
102.67218183044922,18.74186618293502,9705,755.0
102.74683183055954,18.4440746662494,9706,1533.0
103.1898809286873,18.495009142858976,9707,343.0
102.7961493396577,18.964468710339837,9708,423.0
102.57085186640053,18.457010406340718,9709,186.0
102.52800222734803,18.903562934076533,9710,833.0
103.39334934054037,18.837267266108512,9711,956.0
102.56896540430388,18.677187482478413,9712,226.0
102.41750944740133,18.911917266218843,9713,243.0
102.34366793104671,18.461322319704493,9714,222.0
102.53285312988228,18.560765821656524,9715,265.0
103.30738056785013,18.612239287436573,9716,480.0
102.52072587354667,18.60253748236808,9717,342.0
102.38678706468444,18.678265460819357,9718,378.0
103.19958273375579,18.469407157261568,9719,564.0
102.74898778724143,18.785524305743227,9720,801.0
102.35849013323468,18.61358676036275,9721,682.0
103.40305114560886,18.520072139285908,9722,916.0
102.80126973677719,18.82567899894337,9723,626.0
103.22464573018271,18.5726235834069,9724,631.0
102.58783002527039,18.92646997382158,9725,819.0
102.61181504335639,18.716803186508084,9726,256.0
102.29246395985189,18.793609143300305,9727,434.0
103.07399825703588,18.762886760583417,9728,1243.0
103.1545771380214,19.099485497543,9729,1574.0
103.27719717430371,18.969589107459317,9730,938.0
103.05109121729083,18.724079540309454,9731,982.0
102.73793850924676,18.749412031321622,9732,827.0
102.23937352656043,18.945065100202854,9733,543.0
102.69751432146138,18.671797590773696,9734,277.0
102.44095547631684,19.006779360221866,9735,256.0
102.28168417644245,18.991418168863422,9736,535.0
102.94625782363408,18.74887304215115,9737,795.0
102.64226793148804,18.53489434147388,9738,208.022
102.69643634312044,18.945873583958562,9739,628.0
102.39594988058246,18.544326651957135,9740,191.0
102.60399970038455,18.837267266108512,9741,665.0
103.12169879862262,18.786332789498935,9742,1239.0
102.83037515198266,18.511987301728833,9743,799.0
103.16697388894225,18.949646508151865,9744,2019.0
102.32722876134731,18.926200479236346,9745,793.0
103.1944623366363,18.54217069527525,9746,303.0
103.41787334779683,19.077656436138895,9747,885.0
103.0306096288129,18.589871236861995,9748,252.0
103.28797695771314,18.677187482478413,9749,857.0
102.62582876178865,18.738093258741717,9750,254.0
102.3239948263245,18.827834955625256,9751,310.0
103.24970872660965,18.543787662786663,9752,814.0
103.32166378086762,18.73971022625313,9753,664.0
103.047857282268,18.95314993775993,9754,1749.0
103.37906612752286,18.77824795194186,9755,1084.0
102.40107027770195,18.425479539868125,9756,204.0
102.64388489899945,18.614125749533223,9757,208.025
102.29758435697137,18.65401094814813,9758,212.0
102.93493905105417,18.500129539978456,9759,509.0
102.56977388805959,18.435181344936613,9760,205.0
102.98614302224898,18.79576509998219,9761,1060.0
102.69077695683049,18.829990912307142,9762,751.0
102.57031287723007,18.459974846778312,9763,189.0
102.81312749852756,18.74617809629879,9764,601.0
102.72365529622927,18.439762752885624,9765,832.0
103.06672190323451,18.739979720838367,9766,1388.0
102.61666594589063,18.41847268065199,9767,193.0
102.8869690148822,18.622210587090297,9768,440.0
102.25662118001553,18.526270514746333,9769,232.0
102.8457363433411,18.563460767508882,9770,343.0
102.51021558472246,18.489619251154256,9771,195.0
103.14218038710055,18.562652283753174,9772,1083.0
102.62825421305577,19.084124306184556,9773,1563.0
102.90987605462723,19.04477809674012,9774,647.0
102.44823183011822,18.604154449879495,9775,190.0
102.98425656015233,18.539206254837655,9776,228.0
103.1402939250039,18.508483872120767,9777,846.0
102.59321991697512,18.911917266218843,9778,616.0
102.43260114417454,19.016481165290358,9779,267.0
103.1470312896348,18.47398856521058,9780,556.0
102.73632154173535,18.92000210377592,9781,406.0
103.06860836533116,18.503363475001287,9782,745.0
102.2676704580102,18.785524305743227,9783,617.0
102.99395836522083,18.803041453783557,9784,1018.0
102.7991137800953,18.98306383672111,9785,772.0
102.51883941145002,19.083315822428847,9786,658.0
103.24916973743919,18.56615571336124,9787,417.0
102.77593724576502,19.047742537177715,9788,991.0
102.65143074738606,18.663982247801858,9789,344.0
103.12358526071928,19.08008188740602,9790,1260.0
102.58540457400326,19.067954631070407,9791,959.0
103.40817154272834,18.41712520772581,9792,163.0
102.5269242490071,18.653741453562894,9793,211.0
102.84438887041493,18.53570282522959,9794,256.0
103.34025890724891,19.012169251926583,9795,886.0
103.1974267770739,18.867720154240164,9796,1680.0
102.4999747904835,18.738362753326953,9797,212.0
102.53123616237086,18.696860587200632,9798,210.0
103.14083291417437,18.508753366706003,9799,829.0
102.73713002549106,18.449464557954116,9800,1147.0
102.3609155845018,18.73593730205983,9801,216.0
103.30630258950919,18.688506255058318,9802,704.0
102.71664843701313,19.07415300653083,9803,1400.0
102.33746955558628,18.472641092284398,9804,322.0
103.05082172270559,19.080890371161725,9805,985.0
102.97320728215766,18.485846326960957,9806,570.0
103.328940134669,18.980099396283517,9807,1084.0
102.87079933976804,19.026182970358846,9808,829.0
103.10930204770177,18.583403366816334,9809,326.0
103.20605060380144,18.669102644921338,9810,494.0
102.34501540397288,18.43922376371515,9811,211.0
102.65170024197128,18.775822500674735,9812,493.0
102.51156305764864,19.015942176119886,9813,777.0
103.0020432027779,18.530582428110108,9814,428.0
102.74844879807097,18.439493258300388,9815,1382.0
103.01201450243163,18.88469831311002,9816,1177.0
102.2512312883108,18.531390911865817,9817,233.0
102.22239536769057,18.502554991245578,9818,241.0
102.62340331052152,18.42844398030572,9819,202.0
103.12008183111121,18.769354630629078,9820,1321.0
103.15269067592475,18.819480623482946,9821,1249.0
103.22437623559749,18.457010406340718,9822,402.0
102.538243021587,19.09544307876446,9823,846.0
103.17047731855031,18.90571889075842,9824,1098.0
102.88238760693318,18.427904991135247,9825,759.0
103.3583150444597,18.47776148940388,9826,504.0
102.33962551226817,19.100024486713473,9827,1109.0
103.38256955713094,19.07684795238319,9828,747.0
103.10903255311653,18.766120695606247,9829,1390.0
102.29677587321567,18.8927831506671,9830,417.0
103.29821775195211,18.6364938001078,9831,555.0
103.08504753503054,18.60927484699898,9832,591.0
102.73659103632059,18.483690370279067,9833,1421.0
103.13652100081059,19.0852022845255,9834,1270.0
102.72635024208162,18.85559289790455,9835,484.0
102.4428419384135,18.96743315077743,9836,244.0
102.20945962759924,18.8108567967554,9837,380.0
102.20433923047977,18.651316002295772,9838,287.0
102.80100024219196,18.886045786036203,9839,618.0
103.05324717397272,18.748603547565914,9840,1258.0
103.41383092901829,19.036693259183046,9841,345.0
102.28976901399953,19.00246744685809,9842,836.0
102.38921251595157,18.99599957681243,9843,1386.0
102.87457226396134,18.61951564123794,9844,324.0
102.771355837816,18.875535497212002,9845,553.0
103.06914735450164,18.419011669822464,9846,351.0
103.08127461083724,18.659670334438083,9847,481.0
102.9230812893038,18.600920514856664,9848,851.0
102.38220565673544,18.41793369148152,9849,222.0
102.37034789498506,18.442188204152746,9850,204.0
102.3000098082385,18.591488204373412,9851,245.0
102.37088688415552,18.74833405298068,9852,211.0
102.84223291373304,18.531390911865817,9853,424.0
103.076423708303,19.055827374734793,9854,1510.0
102.25689067460075,18.409848853924444,9855,352.0
102.81582244437993,18.56426925126459,9856,351.0
102.84034645163639,18.46401726555685,9857,693.0
103.1146919394065,18.515221236751664,9858,917.0
102.96835637962342,19.041274667132054,9859,1132.0
103.42272425033107,18.626253005868836,9860,1439.0
103.42622767993915,18.520072139285908,9861,1081.0
103.35588959319259,18.527348493087278,9862,1359.0
102.21026811135496,18.82648748269908,9863,446.0
103.15808056762947,18.609005352413742,9864,652.0
103.4087105318988,18.93832773557196,9865,471.0
103.4087105318988,18.743483150446433,9866,464.0
103.29390583858833,18.77420553316332,9867,1292.0
103.2801616147413,18.760730803901527,9868,1798.0
102.6360695560276,18.808970334658746,9869,574.0
102.5067121551144,18.46671221140921,9870,205.0
102.90772009794536,18.90194596656512,9871,852.0
102.3075556566251,18.737554269571245,9872,301.0
102.66517497123309,18.84966401702936,9873,363.0
103.16670439435701,18.825409504358134,9874,1264.0
103.05459464689889,18.920810587531626,9875,1842.0
102.72500276915544,18.835111309426626,9876,506.0
102.64092045856185,18.82756546104002,9877,475.0
102.22616829188387,18.401494521782134,9878,438.0
102.38597858092874,18.51468224758119,9879,233.0
102.25177027748128,18.687428276717377,9880,247.0
103.28797695771314,18.797921056664077,9881,1132.0
102.34797984441047,18.6117002982661,9882,874.0
103.2041641417048,18.63191239215879,9883,668.0
102.41670096364562,18.401494521782134,9884,204.0
103.09771378053664,18.782559865305632,9885,1128.0
102.76812190279318,18.703328457246293,9886,210.0
103.35885403363018,19.065259685218045,9887,341.0
102.45200475431152,18.718689648604734,9888,675.0
103.04354536890422,18.52707899850204,9889,448.0
102.68889049473384,18.44596112834605,9890,716.0
103.27369374469565,18.56696419711695,9891,368.0
102.75572515187233,18.528695966013455,9892,208.047
103.34645728270932,18.840501201131342,9893,744.0
103.36774735494296,18.863677735461625,9894,970.0
102.27009590927732,18.51629921509261,9895,236.0
103.03869446636998,18.647273583517233,9896,381.0
103.35939302280065,18.968511129118376,9897,1323.0
102.84546684875588,18.952071959418987,9898,1342.0
103.12574121740116,18.89709506403087,9899,1268.0
103.4297311095472,18.748603547565914,9900,553.0
102.91445746257625,18.63110390840308,9901,621.0
103.20335565794909,18.667216182824685,9902,461.0
103.3823000625457,18.40418946763449,9903,168.0
103.20551161463098,19.07038008233753,9904,1030.0
103.1831435640564,18.93428531679342,9905,1225.0
103.40197316726791,18.550794522002796,9906,666.0
103.40520710229075,19.015133692364177,9907,434.0
103.19985222834102,18.43679831244803,9908,244.0
103.01794338330681,18.482881886523362,9909,573.0
103.08962894297956,18.67422304204082,9910,324.0
103.21602190345517,18.672067085358933,9911,526.0
102.9734767767429,18.443535677078927,9912,408.0
102.31429302125599,18.87203206760394,9913,305.0
102.30135728116467,19.078464919894603,9914,903.0
102.48757803956265,18.49851257246704,9915,175.0
103.24081540529687,18.61682069538558,9916,781.0
103.13328706578777,18.5726235834069,9917,839.0
103.41706486404112,18.637841273033978,9918,1896.0
103.2020081850229,18.601728998612373,9919,582.0
103.2839345389346,18.99923351183526,9920,1008.0
102.74036396051389,18.63514632718162,9921,255.0
102.57920619854285,18.48881076739855,9922,208.011
102.90286919541111,18.80492791588021,9923,936.0
103.43404302291098,18.645117626835347,9924,1329.0
103.13652100081059,18.862330262535448,9925,1474.0
103.21683038721088,18.79172268120365,9926,1452.0
102.66490547664785,18.95180246483375,9927,364.0
102.5848655848328,18.93428531679342,9928,554.0
102.39055998887774,18.848855533273653,9929,269.0
102.88750800405266,18.930512392600118,9930,778.0
103.12897515242399,18.928086941332996,9931,1863.0
103.40574609146121,19.001119973931914,9932,442.0
102.77755421327643,18.60981383616945,9933,962.0
102.96458345543012,18.77878694111233,9934,1146.0
103.28635999020173,18.562652283753174,9935,352.0
102.58378760649185,18.435720334107085,9936,201.0
102.26605349049878,19.073075028189887,9937,1203.0
102.89963526038828,18.825409504358134,9938,848.0
102.30971161330699,18.696052103444924,9939,284.0
103.31708237291862,18.461052825119257,9940,308.0
103.22087280598942,18.60388495529426,9941,624.0
102.56276702884345,19.05986979351333,9942,607.0
103.26021901543385,18.441379720397038,9943,168.0
102.96108002582206,18.923236038798752,9944,962.0
102.85489915923912,18.554028457025627,9945,285.0
102.93925096441795,18.760730803901527,9946,602.0
102.92335078388903,18.406345424316378,9947,541.0
103.10903255311653,18.71060481104766,9948,836.0
102.4083466315033,18.67152809618846,9949,502.0
102.33207966388156,18.500129539978456,9950,577.0
102.96754789586771,18.793878637885538,9951,1220.0
103.32462822130522,18.52465354723492,9952,1116.0
102.31725746169359,18.801424486272143,9953,265.0
103.22761017062031,18.988453728425828,9954,1376.0
102.79480186673153,18.419820153578172,9955,919.0
102.50940710096675,18.959348313220357,9956,720.0
103.10930204770177,19.042083150887763,9957,1994.0
102.24611089119132,18.86610318672875,9958,409.0
102.63930349105044,18.512526290899306,9959,208.049
102.21242406803684,19.021062573239366,9960,533.0
102.67649374381298,18.65401094814813,9961,262.0
102.45901161352765,19.095982067934933,9962,582.0
102.5554906750421,18.784985316572754,9963,353.0
103.04731829309753,18.444883150005104,9964,392.0
103.31357894331056,19.08385481159932,9965,671.0
102.31483201042647,18.5154907313369,9966,421.0
102.71071955613795,18.9318598655263,9967,335.01
103.1718247914765,18.792800659544596,9968,1455.0
102.92766269725281,18.727582969917517,9969,1010.0
103.18799446659064,19.100024486713473,9970,1126.0
102.45065728138535,18.76719867394719,9971,249.0
102.40942460984425,18.645117626835347,9972,311.0
102.4827271370284,19.054210407223376,9973,753.0
103.02117731832965,18.89925102071276,9974,1909.0
103.32624518881664,18.474258059795815,9975,448.0
102.3293847180292,18.707640370610065,9976,260.0
102.36792244371793,18.557531886633694,9977,197.0
102.5781282202019,18.476953005648173,9978,213.0
102.85786359967672,18.448925568783643,9979,544.0
103.21871684930753,18.79064470286271,9980,1441.0
102.68296161385865,18.472910586869634,9981,212.0
102.61612695672015,18.78282935989087,9982,782.0
103.4469787630023,18.753184955514925,9983,688.0
102.54929229958167,18.64565661600582,9984,208.015
102.7179959099393,18.636763294693036,9985,341.0
102.45011829221487,18.542440189860486,9986,226.0
102.95003074782738,18.56022683248605,9987,736.0
102.71826540452454,18.945604089373326,9988,402.0
103.41652587487064,19.015133692364177,9989,368.0
102.34851883358095,19.062834233950923,9990,1476.0
103.23138309481362,18.904101923247005,9991,817.0
102.99314988146511,18.94452611103238,9992,1097.0
103.39415782429607,18.628947951721194,9993,1924.0
103.16427894308988,18.969050118288845,9994,1866.0
103.21521341969947,18.77043260897002,9995,1348.0
102.79453237214629,19.077117446968426,9996,1005.0
103.38661197590947,19.074422501116064,9997,630.0
103.15484663260663,18.583403366816334,9998,609.0
103.15700258928852,18.857748854586436,9999,1640.0
103.27019031508758,18.918385136264504,10000,1392.0
