X,Y,id,twi
102.47569444448426,18.490694444435125,1,-3.3402677
102.51625000003983,18.629305555546257,2,-7.1070395
102.44958333337316,18.62402777776848,3,-4.595752
102.46819444448427,18.498472222212904,4,-2.1240973
102.73847222226208,18.41124999999067,5,-6.197562
102.52680555559539,18.459861111101787,6,-1.7473456
102.6343055555954,18.686805555546265,7,-4.913692
102.70763888892874,18.59041666665736,8,6.533024
102.83930555559543,18.68847222221293,9,-7.4472404
102.5668055555954,18.427083333324006,10,-2.2356443
102.70152777781763,18.595138888879585,11,6.161808
102.47847222226204,18.736249999990715,12,-7.073947
102.49819444448427,18.479027777768458,13,-3.8140378
102.57402777781762,18.491527777768457,14,-4.879266
102.73236111115096,18.499305555546236,15,-4.5760155
102.5668055555954,18.550694444435134,16,12.4616995
102.5004166667065,18.720694444435157,17,-6.1032124
102.83652777781765,18.74708333332405,18,-4.2704577
102.41541666670648,18.490972222212903,19,-3.7823277
102.45763888892871,18.51458333332402,20,-4.8941755
102.58069444448428,18.518749999990685,21,-6.481607
102.51597222226205,18.66958333332404,22,-6.347533
102.85180555559543,18.39624999999067,23,-6.7565413
102.75097222226208,18.422361111101782,24,-4.9322443
102.49430555559537,18.625972222212923,25,-5.842159
102.65125000003985,18.434861111101785,26,-5.971771
102.5793055555954,18.40236111110178,27,-3.9530473
102.45625000003982,18.517361111101796,28,-0.3281639
102.6329166667065,18.531805555546242,29,14.94132
102.4440277778176,18.742916666657383,30,-6.1038814
102.47625000003983,18.71680555554627,31,-2.738523
102.68708333337318,18.42124999999067,32,-6.0638022
102.61819444448429,18.60708333332403,33,11.436721
102.77402777781764,18.48652777776846,34,-5.645758
102.73569444448431,18.583472222212915,35,6.6962886
102.69625000003985,18.454027777768452,36,-6.308221
102.44847222226204,18.429861111101783,37,2.0441372
102.70652777781763,18.423194444435115,38,-5.729044
102.64652777781762,18.48624999999068,39,8.7005
102.69597222226207,18.588472222212918,40,7.919326
102.48513888892872,18.45180555554623,41,-1.0719638
102.61513888892873,18.468194444435124,42,9.973465
102.84263888892876,18.46069444443512,43,-0.8727713
102.59791666670651,18.711249999990713,44,-5.710905
102.41319444448426,18.50569444443513,45,-5.3876424
102.50263888892871,18.75597222221294,46,-7.3972273
102.76541666670653,18.509583333324017,47,-5.5933046
102.79847222226209,18.73347222221294,48,-5.290979
102.73041666670653,18.754861111101828,49,-5.8458395
102.41458333337314,18.615694444435142,50,3.45978
102.4690277778176,18.587638888879585,51,-2.1526124
102.43625000003982,18.52847222221291,52,-4.5977798
102.42875000003981,18.663749999990706,53,-6.4922523
102.7645833333732,18.51402777776846,54,-7.5040326
102.84986111115099,18.532638888879575,55,-7.102094
102.75236111115098,18.709583333324044,56,-2.8091948
102.73013888892875,18.441805555546228,57,-6.941826
102.82263888892876,18.536249999990687,58,-4.9363174
102.75263888892876,18.6901388888796,59,10.316301
102.6668055555954,18.557916666657356,60,6.127694
102.44875000003982,18.434583333324007,61,-0.6213695
102.54958333337316,18.57013888887958,62,12.6038475
102.74597222226208,18.407361111101782,63,-6.293292
102.70041666670652,18.742916666657383,64,-5.334667
102.6831944444843,18.517083333324017,65,9.152485
102.75902777781764,18.48736111110179,66,-5.811798
102.78680555559542,18.439583333324006,67,-6.4302425
102.81625000003987,18.434861111101785,68,-7.1627817
102.80513888892875,18.729027777768493,69,-4.2025766
102.7031944444843,18.447916666657342,70,-5.6897492
102.45180555559537,18.68069444443515,71,-4.0703907
102.48763888892871,18.506249999990683,72,-4.7265754
102.59958333337318,18.449305555546232,73,-5.0672817
102.78180555559543,18.74236111110183,74,-6.3236785
102.72958333337318,18.528749999990687,75,7.0998516
102.6843055555954,18.708472222212933,76,-4.6392193
102.79513888892876,18.542638888879576,77,19.160448
102.82319444448432,18.704305555546267,78,-6.8455653
102.73125000003986,18.59180555554625,79,6.53124
102.58097222226206,18.732638888879606,80,-3.7213087
102.61708333337317,18.647083333324037,81,8.834031
102.7406944444843,18.416249999990672,82,-4.35928
102.8434722222621,18.425416666657338,83,-1.0962211
102.42569444448426,18.6262499999907,84,-5.4233093
102.87069444448433,18.427083333324006,85,-5.6024203
102.74097222226209,18.69374999999071,86,-4.3615036
102.82152777781765,18.508194444435127,87,-5.5348053
102.7406944444843,18.732638888879606,88,-2.538796
102.5454166667065,18.66708333332404,89,9.239496
102.73708333337319,18.739861111101828,90,3.823895
102.47986111115094,18.685972222212932,91,-6.186343
102.77263888892875,18.50569444443513,92,-5.167809
102.70347222226208,18.63513888887959,93,-5.6598973
102.47680555559538,18.712638888879603,94,-5.9997954
102.899861111151,18.57041666665736,95,-3.0200758
102.70736111115096,18.433472222212895,96,-4.6439657
102.46875000003982,18.59069444443514,97,-5.432694
102.86069444448432,18.670972222212928,98,-5.997014
102.84069444448431,18.612638888879587,99,-6.8988924
102.73875000003986,18.534583333324022,100,10.17324
102.62847222226206,18.4734722222129,101,9.527178
102.42791666670648,18.562916666657358,102,-5.7981567
102.45819444448426,18.512361111101796,103,-4.5455103
102.87875000003989,18.49902777776846,104,-2.0926268
102.4515277778176,18.489861111101792,105,-1.9209529
102.67458333337318,18.544027777768466,106,11.359759
102.51569444448427,18.546805555546246,107,-6.4308357
102.41819444448426,18.566805555546246,108,-5.6199903
102.67347222226208,18.588749999990696,109,10.188577
102.42125000003982,18.70652777776849,110,-6.385891
102.7170833333732,18.61236111110181,111,-5.730243
102.84902777781765,18.645138888879593,112,-1.2007431
102.70513888892874,18.751805555546273,113,-0.93060863
102.53958333337316,18.42180555554623,114,12.062857
102.47486111115093,18.6312499999907,115,-5.652533
102.41625000003981,18.597361111101808,116,-4.1663885
102.8509722222621,18.519861111101797,117,-1.7413398
102.78930555559542,18.49513888887957,118,-5.2909193
102.88902777781766,18.66597222221293,119,-6.672296
102.4240277778176,18.493472222212905,120,-3.7126317
102.71152777781764,18.65958333332404,121,4.3880415
102.60097222226206,18.544305555546245,122,9.576633
102.41736111115092,18.41263888887956,123,-4.9123793
102.9009722222621,18.72180555554627,124,-6.9096966
102.73875000003986,18.760694444435163,125,-4.417954
102.89958333337322,18.551249999990688,126,-6.4457126
102.87625000003987,18.50652777776846,127,-6.896556
102.57013888892872,18.491249999990682,128,6.813847
102.84875000003987,18.64930555554626,129,-6.700969
102.79125000003987,18.642361111101813,130,-3.5560794
102.46402777781759,18.387916666657333,131,-4.165206
102.73097222226208,18.527638888879576,132,6.3716106
102.86902777781765,18.57013888887958,133,-6.672009
102.66958333337318,18.59069444443514,134,10.220325
102.71375000003985,18.626805555546255,135,-5.352301
102.73430555559541,18.638194444435147,136,-6.0464816
102.84402777781766,18.474583333324013,137,-6.2119584
102.60652777781762,18.756805555546276,138,-3.9563231
102.83125000003987,18.61597222221292,139,-5.9402747
102.76902777781764,18.50374999999068,140,-5.6692286
102.78152777781764,18.739861111101828,141,-6.212361
102.83930555559543,18.401527777768447,142,1.8332045
102.71652777781763,18.4534722222129,143,-6.316193
102.5604166667065,18.555416666657358,144,11.3497095
102.53708333337316,18.60597222221292,145,-6.1356435
102.65236111115095,18.672916666657375,146,-6.391475
102.45763888892871,18.73291666665738,147,-3.575098
102.48458333337315,18.398194444435113,148,7.476082
102.53208333337317,18.600138888879584,149,-7.238097
102.89458333337322,18.513749999990683,150,1.8586218
102.5229166667065,18.475138888879567,151,-6.277588
102.52097222226205,18.389861111101776,152,-1.9202026
102.53819444448428,18.6287499999907,153,10.625791
102.81791666670654,18.494583333324016,154,-6.8648043
102.74597222226208,18.619305555546255,155,-1.2363914
102.63875000003985,18.660138888879594,156,-3.3541322
102.55430555559539,18.756249999990718,157,-4.8496037
102.49763888892872,18.467638888879566,158,-6.135533
102.87430555559544,18.424583333324005,159,-5.581533
102.68263888892874,18.611249999990697,160,11.436721
102.6668055555954,18.669027777768484,161,-6.127728
102.6856944444843,18.399583333324003,162,-6.4450355
102.8170833333732,18.650972222212925,163,-4.952738
102.76013888892875,18.75708333332405,164,-7.632514
102.8384722222621,18.56263888887958,165,-7.1344795
102.68541666670652,18.662916666657374,166,-5.3716207
102.60263888892872,18.599027777768473,167,-2.159794
102.61013888892873,18.517361111101796,168,3.6164427
102.89236111115099,18.75347222221294,169,-6.4569764
102.59569444448428,18.68874999999071,170,-1.5488985
102.46541666670649,18.6976388888796,171,-6.145598
102.64513888892874,18.4734722222129,172,10.832127
102.52375000003983,18.53069444443513,173,-5.2184253
102.82791666670654,18.731527777768495,174,-6.2030272
102.51902777781761,18.57013888887958,175,-5.2890744
102.54736111115095,18.47263888887957,176,-4.526258
102.54847222226205,18.703749999990713,177,-3.5093853
102.58680555559539,18.67986111110182,178,10.226834
102.72041666670653,18.654027777768484,179,-4.4341273
102.68958333337319,18.654583333324037,180,-6.3664656
102.61847222226207,18.502083333324016,181,4.8647785
102.47208333337315,18.438749999990673,182,-4.7484374
102.62902777781763,18.41291666665734,183,-3.494575
102.8959722222621,18.48124999999068,184,-4.745873
102.69208333337319,18.64819444443515,185,4.3712754
102.84013888892876,18.631805555546258,186,-6.460462
102.53875000003983,18.42791666665734,187,9.6848955
102.66902777781763,18.533194444435132,188,6.148264
102.59402777781762,18.434583333324007,189,-4.595621
102.59208333337317,18.70930555554627,190,-5.223595
102.81680555559542,18.753194444435163,191,-6.5578074
102.43013888892871,18.75069444443516,192,-7.3708467
102.41569444448426,18.60847222221292,193,-5.0425234
102.52319444448428,18.42152777776845,194,9.134136
102.7745833333732,18.647083333324037,195,-5.3199954
102.5040277778176,18.55374999999069,196,-4.974424
102.83236111115099,18.550416666657355,197,-7.3520656
102.59513888892873,18.458749999990676,198,-5.0695744
102.88763888892876,18.74180555554627,199,-7.1109605
102.62736111115096,18.415694444435115,200,-5.4620786
102.53402777781761,18.66958333332404,201,8.951814
102.56652777781761,18.530138888879577,202,12.715594
102.53652777781761,18.756805555546276,203,-4.903393
102.89263888892877,18.706805555546268,204,-3.7284415
102.87791666670654,18.409027777768447,205,-6.80636
102.897361111151,18.53708333332402,206,-4.16607
102.70625000003986,18.746249999990717,207,-6.476032
102.83791666670653,18.63263888887959,208,-7.305389
102.54430555559539,18.4684722222129,209,-2.5673957
102.9009722222621,18.602361111101807,210,-6.582578
102.46541666670649,18.677638888879596,211,-1.9095707
102.75847222226209,18.41097222221289,212,-1.901139
102.8509722222621,18.740138888879606,213,-6.2246723
102.47958333337316,18.407916666657336,214,8.6003065
102.48736111115093,18.387083333324,215,7.800799
102.48958333337316,18.389583333324,216,8.658561
102.61402777781763,18.389305555546223,217,-4.8444686
102.74430555559542,18.41402777776845,218,-5.8227954
102.76541666670653,18.687083333324043,219,-6.008026
102.71847222226208,18.720138888879603,220,-7.152811
102.57958333337317,18.695972222212934,221,-5.7658114
102.52486111115094,18.42652777776845,222,-4.255615
102.79125000003987,18.390972222212888,223,-6.8650565
102.88263888892877,18.56124999999069,224,-5.0103836
102.79541666670653,18.404027777768448,225,-7.4514866
102.67013888892873,18.751805555546273,226,-5.6059504
102.51819444448427,18.657361111101817,227,-4.5181684
102.65291666670652,18.49652777776846,228,-4.030443
102.69513888892874,18.469305555546235,229,-6.0858746
102.6831944444843,18.554027777768468,230,10.392176
102.50791666670649,18.745972222212938,231,-1.7135906
102.73736111115097,18.764305555546276,232,-6.158424
102.87791666670654,18.509305555546238,233,-6.3173656
102.42930555559538,18.69902777776849,234,-7.2061167
102.70013888892875,18.542083333324022,235,6.932375
102.49513888892871,18.717083333324048,236,-6.8305054
102.46347222226204,18.54763888887958,237,-4.728363
102.55236111115094,18.634861111101813,238,11.031256
102.52375000003983,18.46958333332401,239,-4.8955
102.75041666670653,18.402083333324,240,-3.9809632
102.6318055555954,18.418194444435116,241,-1.2724426
102.44208333337315,18.630694444435147,242,-1.8680099
102.74236111115097,18.481805555546234,243,-6.391686
102.83347222226209,18.491249999990682,244,17.050558
102.53902777781761,18.545694444435135,245,-6.521929
102.68652777781763,18.674027777768487,246,-6.0685434
102.71902777781763,18.75708333332405,247,-3.6205342
102.66486111115096,18.570972222212916,248,16.394358
102.61763888892874,18.63402777776848,249,12.809029
102.86791666670655,18.444583333324008,250,-7.6631217
102.89486111115099,18.499861111101794,251,-6.3454247
102.71291666670652,18.543749999990688,252,9.554198
102.48875000003983,18.474305555546234,253,-5.857376
102.90597222226211,18.635972222212924,254,-6.734727
102.88291666670655,18.64013888887959,255,-4.274281
102.6581944444843,18.704305555546267,256,-5.521113
102.86430555559544,18.424305555546226,257,-6.3443327
102.42625000003981,18.68847222221293,258,-5.9652314
102.46486111115094,18.399583333324003,259,0.2916156
102.4565277778176,18.649861111101814,260,-6.375368
102.67763888892874,18.5473611111018,261,12.287979
102.86819444448432,18.70874999999071,262,-5.8850985
102.61875000003984,18.55513888887958,263,9.018078
102.84791666670654,18.674305555546262,264,-6.103025
102.56930555559539,18.70930555554627,265,8.897525
102.54680555559538,18.51402777776846,266,-7.1892176
102.44375000003981,18.480416666657348,267,-5.6025195
102.47625000003983,18.712638888879603,268,-5.40131
102.73819444448431,18.503472222212906,269,-4.5808344
102.8170833333732,18.694583333324044,270,-6.3847737
102.5304166667065,18.43680555554623,271,-4.959009
102.58236111115095,18.722083333324047,272,-4.625624
102.49791666670649,18.507083333324015,273,-5.1060963
102.72875000003985,18.65569444443515,274,3.9558551
102.62875000003984,18.74180555554627,275,-4.9760375
102.66875000003985,18.51263888887957,276,9.706942
102.68125000003985,18.43402777776845,277,-4.868838
102.43013888892871,18.43624999999067,278,-3.2595956
102.50013888892872,18.674027777768487,279,-3.009339
102.70708333337319,18.435972222212897,280,-4.864838
102.5379166667065,18.39597222221289,281,-3.3399553
102.59597222226206,18.62208333332403,282,-5.413748
102.64875000003984,18.59208333332403,283,9.157535
102.54097222226206,18.50152777776846,284,2.056577
102.6943055555954,18.602916666657364,285,6.470423
102.55263888892873,18.476249999990678,286,-4.555724
102.55902777781762,18.54097222221291,287,9.239496
102.902361111151,18.502361111101795,288,-0.76985943
102.83875000003988,18.75874999999072,289,-0.46741343
102.50902777781761,18.54874999999069,290,-3.340499
102.41430555559536,18.71791666665738,291,-4.978278
102.66902777781763,18.636805555546257,292,8.834031
102.78125000003986,18.49513888887957,293,-5.9013157
102.54875000003983,18.472916666657344,294,-5.4320254
102.48625000003982,18.579861111101806,295,-3.559305
102.81541666670654,18.679027777768486,296,-7.022627
102.47208333337315,18.462916666657343,297,-6.1455936
102.83763888892877,18.63097222221292,298,-3.2097688
102.6843055555954,18.6976388888796,299,-4.503703
102.65652777781763,18.677083333324042,300,-6.2925873
102.54597222226205,18.536249999990687,301,-3.8504627
102.57125000003984,18.430694444435115,302,-3.7822692
102.6518055555954,18.42930555554623,303,-6.134912
102.64291666670651,18.627361111101813,304,-2.8959308
102.6418055555954,18.56513888887958,305,16.334991
102.61097222226206,18.634583333324034,306,3.3684728
102.86625000003988,18.76763888887961,307,-5.04632
102.47986111115094,18.576805555546247,308,-5.4667044
102.5518055555954,18.4559722222129,309,-5.4727597
102.7320833333732,18.559027777768467,310,10.2824335
102.70041666670652,18.41152777776845,311,-6.3778963
102.75013888892875,18.68097222221293,312,-2.7329297
102.62763888892873,18.52958333332402,313,4.6211357
102.78597222226209,18.61597222221292,314,-7.377692
102.6431944444843,18.509861111101795,315,7.5011544
102.53430555559538,18.52819444443513,316,10.228192
102.53319444448428,18.713472222212935,317,5.101732
102.48708333337316,18.394027777768446,318,6.148532
102.5879166667065,18.446527777768452,319,-5.0076423
102.64958333337319,18.626805555546255,320,11.374086
102.4840277778176,18.744027777768494,321,2.4961462
102.48097222226204,18.659861111101815,322,-6.312846
102.70902777781764,18.639305555546258,323,-6.0417123
102.83986111115098,18.6312499999907,324,-2.163823
102.78513888892876,18.527916666657354,325,-6.8687286
102.79875000003987,18.730416666657383,326,-3.598131
102.52875000003984,18.689305555546266,327,5.906074
102.47375000003983,18.52930555554624,328,-6.3533
102.88763888892876,18.688194444435155,329,-5.0546494
102.56180555559538,18.763472222212943,330,-7.143791
102.51263888892872,18.720138888879603,331,-6.1465163
102.82041666670654,18.551249999990688,332,-6.4245014
102.60458333337317,18.520138888879575,333,11.098394
102.76513888892875,18.76763888887961,334,-5.7023034
102.73013888892875,18.44819444443512,335,-4.2604747
102.63819444448428,18.622916666657368,336,-4.8811364
102.77152777781764,18.43902777776845,337,-6.922444
102.4990277778176,18.54624999999069,338,-3.8144145
102.55486111115094,18.58291666665736,339,11.896253
102.72902777781763,18.74958333332405,340,-6.609742
102.6418055555954,18.499861111101794,341,8.087825
102.76430555559541,18.443194444435118,342,-0.875646
102.6756944444843,18.402916666657337,343,-7.345748
102.4651388889287,18.720694444435157,344,-5.5229554
102.53097222226205,18.677083333324042,345,4.3804393
102.46986111115093,18.612638888879587,346,-1.6672955
102.44347222226205,18.474583333324013,347,-5.168622
102.76625000003986,18.408472222212893,348,-6.3873243
102.89152777781766,18.66597222221293,349,-6.041721
102.7606944444843,18.564583333324023,350,-4.8566203
102.71875000003986,18.74958333332405,351,-6.0795965
102.74597222226208,18.52180555554624,352,-4.8442388
102.65236111115095,18.54013888887958,353,10.797641
102.54263888892872,18.491527777768457,354,-5.4113445
102.72041666670653,18.611249999990697,355,-3.7776065
102.81347222226209,18.736527777768494,356,-5.6183043
102.70125000003985,18.711805555546267,357,-5.9112988
102.66847222226207,18.647361111101816,358,-3.3954751
102.67847222226207,18.435694444435118,359,-5.7741857
102.86430555559544,18.65680555554626,360,-6.5381107
102.65319444448428,18.4534722222129,361,10.865463
102.75263888892876,18.51930555554624,362,-6.730477
102.6029166667065,18.471527777768458,363,9.152485
102.42125000003982,18.6926388888796,364,-6.315671
102.48847222226205,18.45180555554623,365,-3.0175016
102.62458333337318,18.406805555546224,366,-4.539003
102.7320833333732,18.433472222212895,367,-5.9416037
102.7281944444843,18.69874999999071,368,-6.0665994
102.87041666670655,18.652916666657372,369,1.995018
102.83736111115098,18.743749999990715,370,-7.547973
102.74541666670653,18.442638888879564,371,-6.970118
102.49458333337316,18.400694444435114,372,-2.427411
102.53180555559538,18.762083333324053,373,-6.778431
102.8434722222621,18.467916666657345,374,-6.9345117
102.79625000003986,18.63013888887959,375,-6.711598
102.87875000003989,18.68236111110182,376,-6.166733
102.64958333337319,18.757638888879608,377,-6.4082837
102.6068055555954,18.757916666657387,378,-6.7702327
102.53902777781761,18.58819444443514,379,-5.268573
102.81208333337321,18.59708333332403,380,-4.825787
102.73263888892875,18.47263888887957,381,-6.515958
102.5315277778176,18.520972222212908,382,-6.2450657
102.7156944444843,18.75069444443516,383,-6.239395
102.79236111115098,18.401805555546225,384,-5.582602
102.70708333337319,18.69097222221293,385,-7.03039
102.55569444448427,18.726249999990713,386,-5.468115
102.82013888892877,18.500694444435126,387,-6.3108
102.88847222226211,18.641249999990702,388,-5.31154
102.6281944444843,18.705972222212935,389,-4.514295
102.89013888892877,18.729305555546272,390,-7.3915915
102.57430555559539,18.651249999990704,391,-6.2258725
102.60847222226207,18.652638888879594,392,11.45507
102.7118055555954,18.467916666657345,393,-5.698949
102.74652777781763,18.51291666665735,394,-4.9352536
102.70513888892874,18.636805555546257,395,-5.913038
102.72152777781764,18.769305555546275,396,-7.4567857
102.90486111115099,18.747916666657385,397,-6.6345015
102.84680555559542,18.517916666657353,398,-2.5538628
102.72680555559542,18.52930555554624,399,20.095798
102.45680555559538,18.654027777768484,400,-1.6210451
102.53930555559539,18.596249999990697,401,-5.588697
102.46569444448427,18.729027777768493,402,-5.9379754
102.45541666670648,18.6387499999907,403,-5.4242525
102.54708333337317,18.745416666657384,404,-5.877714
102.7970833333732,18.577083333324026,405,-6.3501472
102.5440277778176,18.66597222221293,406,7.102914
102.83958333337321,18.524861111101796,407,-0.88221973
102.42847222226204,18.566249999990692,408,-5.5445266
102.84930555559544,18.61236111110181,409,-2.1336129
102.58375000003984,18.478194444435125,410,-6.7141895
102.58875000003984,18.76513888887961,411,-5.095487
102.44708333337316,18.424583333324005,412,-2.324615
102.42930555559538,18.40874999999067,413,-3.7795339
102.5929166667065,18.54763888887958,414,11.418029
102.74652777781763,18.743749999990715,415,3.8308895
102.47736111115093,18.603194444435143,416,-4.2661843
102.83291666670654,18.698194444435156,417,-6.4331336
102.60041666670651,18.62097222221292,418,-5.5086827
102.54375000003984,18.55513888887958,419,-4.9978437
102.62291666670652,18.54597222221291,420,6.631888
102.71125000003985,18.575694444435136,421,4.29584
102.6756944444843,18.395416666657333,422,-7.15079
102.55375000003983,18.652638888879594,423,-4.6476083
102.8495833333732,18.513749999990683,424,-6.0661955
102.90208333337321,18.639305555546258,425,-5.2114315
102.77986111115098,18.39486111110178,426,-4.3614645
102.90430555559544,18.65708333332404,427,-3.743811
102.77902777781765,18.642638888879592,428,-4.4248757
102.64347222226206,18.507083333324015,429,7.6724186
102.6343055555954,18.67319444443515,430,-4.895103
102.65486111115096,18.47874999999068,431,7.752635
102.51430555559539,18.59958333332403,432,-5.6605816
102.51347222226205,18.530138888879577,433,19.015997
102.57402777781762,18.72708333332405,434,-4.7273817
102.45597222226205,18.50402777776846,435,-5.595845
102.43791666670649,18.60569444443514,436,-5.8118896
102.63625000003985,18.41874999999067,437,-6.8791957
102.45625000003982,18.62236111110181,438,9.62973
102.76902777781764,18.511249999990685,439,-4.3305144
102.86236111115099,18.697916666657378,440,-6.9339952
102.6431944444843,18.713749999990714,441,-6.5125217
102.60402777781762,18.60736111110181,442,-4.9124837
102.49513888892871,18.649861111101814,443,-6.308967
102.56791666670651,18.629027777768478,444,12.825327
102.76791666670653,18.500138888879572,445,-6.232021
102.7820833333732,18.732638888879606,446,-3.645402
102.69041666670653,18.75069444443516,447,-3.6071804
102.60847222226207,18.40486111110178,448,3.8658476
102.89486111115099,18.662361111101816,449,-5.7784324
102.55375000003983,18.513472222212908,450,-7.236643
102.54736111115095,18.562083333324026,451,10.974097
102.55930555559539,18.41291666665734,452,8.140883
102.70875000003986,18.666527777768483,453,-6.1772966
102.5804166667065,18.759027777768498,454,-5.061271
102.53875000003983,18.569861111101805,455,-5.777192
102.8084722222621,18.52458333332402,456,-3.5619445
102.88236111115098,18.72319444443516,457,-7.520385
102.55069444448428,18.511249999990685,458,8.951814
102.48069444448427,18.71652777776849,459,-7.018552
102.45069444448426,18.500416666657348,460,-4.0024986
102.66375000003985,18.73569444443516,461,-6.626484
102.65708333337318,18.555694444435133,462,-4.9499927
102.75125000003986,18.415416666657336,463,-6.239319
102.55902777781762,18.652361111101815,464,1.8413101
102.86041666670654,18.691805555546264,465,-5.1632786
102.6068055555954,18.534305555546243,466,8.546349
102.61041666670651,18.45208333332401,467,-0.10687315
102.70097222226208,18.52708333332402,468,6.768522
102.59763888892873,18.761527777768496,469,-2.2982512
102.62791666670651,18.57930555554625,470,12.20991
102.58541666670651,18.390138888879555,471,4.7848487
102.76597222226208,18.5523611111018,472,6.1798763
102.86819444448432,18.718472222212934,473,-6.7773323
102.44791666670649,18.667916666657373,474,-4.9388494
102.77097222226209,18.462916666657343,475,-6.52913
102.75208333337319,18.465694444435123,476,-5.5079446
102.80013888892876,18.48152777776846,477,-5.71961
102.70513888892874,18.542638888879576,478,9.393647
102.53708333337316,18.679027777768486,479,10.392176
102.42430555559537,18.704583333324045,480,-5.2893248
102.81513888892876,18.721249999990714,481,-6.3981714
102.59013888892872,18.63513888887959,482,8.087032
102.86041666670654,18.395138888879558,483,-4.7869983
102.49180555559538,18.52819444443513,484,-4.507203
102.44180555559538,18.524027777768463,485,-5.671968
102.66458333337319,18.450138888879565,486,-4.4056396
102.78763888892875,18.524027777768463,487,-5.4213696
102.6079166667065,18.685416666657375,488,1.1051055
102.89013888892877,18.427083333324006,489,-5.2381797
102.53458333337316,18.73930555554627,490,-5.390662
102.72236111115097,18.642361111101813,491,-4.7328553
102.88013888892877,18.5373611111018,492,-4.710856
102.57375000003984,18.505972222212904,493,11.124038
102.89208333337321,18.63152777776848,494,-1.3988223
102.48819444448426,18.66430555554626,495,-3.6042228
102.78291666670653,18.537638888879577,496,12.743943
102.82625000003988,18.74958333332405,497,-7.848903
102.5654166667065,18.449583333324007,498,-3.0185118
102.58736111115095,18.39569444443511,499,-4.129993
102.60458333337317,18.470138888879568,500,10.705833
102.44625000003981,18.721249999990714,501,-4.785767
102.85680555559543,18.399027777768445,502,-6.3002954
102.4126388889287,18.396805555546223,503,-5.8249755
102.72097222226208,18.407916666657336,504,-4.5790114
102.49430555559537,18.53708333332402,505,-5.8345137
102.48819444448426,18.51430555554624,506,-3.6596665
102.75986111115097,18.74208333332405,507,-5.336286
102.71458333337318,18.46069444443512,508,-5.3416314
102.88069444448432,18.48791666665735,509,-6.2212267
102.42125000003982,18.60986111110181,510,-3.7824733
102.54347222226205,18.712361111101824,511,8.0220375
102.68625000003985,18.67208333332404,512,0.6758161
102.89791666670655,18.456249999990675,513,-6.898402
102.50375000003983,18.541527777768465,514,-3.425294
102.69847222226207,18.66541666665737,515,-1.5051022
102.86430555559544,18.696527777768488,516,-0.062117625
102.887361111151,18.490694444435125,517,-4.97948
102.70902777781764,18.76736111110183,518,-7.55389
102.63097222226207,18.492083333324015,519,-2.636088
102.70875000003986,18.411805555546227,520,-6.1618533
102.85069444448432,18.739861111101828,521,-7.4552717
102.90402777781766,18.404305555546223,522,-6.493966
102.67152777781763,18.472916666657344,523,6.915159
102.47291666670648,18.642083333324035,524,-3.018367
102.71930555559541,18.664861111101818,525,10.251097
102.84625000003987,18.57541666665736,526,-6.5876317
102.74986111115098,18.499583333324015,527,-5.45748
102.48847222226205,18.592916666657363,528,-1.6831628
102.75069444448431,18.540694444435132,529,10.121885
102.64625000003984,18.74236111110183,530,-6.9634376
102.82236111115098,18.477916666657347,531,-4.5739655
102.63958333337318,18.752638888879606,532,-5.894334
102.59125000003984,18.753194444435163,533,-6.0101323
102.75986111115097,18.69624999999071,534,-4.1144667
102.5654166667065,18.610694444435143,535,0.16418895
102.60597222226207,18.652638888879594,536,12.1344185
102.54625000003983,18.730416666657383,537,-0.2549483
102.82847222226209,18.57291666665736,538,-7.2665176
102.46791666670649,18.390138888879555,539,6.2559915
102.83958333337321,18.722361111101826,540,-6.30648
102.45375000003982,18.53874999999069,541,-5.3510666
102.50013888892872,18.712638888879603,542,-4.8586164
102.53208333337317,18.569583333324026,543,-6.0159917
102.49208333337316,18.519027777768464,544,-4.0335264
102.45069444448426,18.60736111110181,545,-2.3001893
102.5704166667065,18.569583333324026,546,4.503282
102.51875000003983,18.667638888879594,547,-7.0733013
102.41875000003981,18.74347222221294,548,-7.5724983
102.88847222226211,18.49791666665735,549,-5.263079
102.65763888892873,18.477916666657347,550,8.140883
102.44097222226203,18.75874999999072,551,-2.7256045
102.72625000003985,18.432083333324005,552,-4.7172875
102.88041666670655,18.731527777768495,553,-1.4184585
102.72263888892874,18.39597222221289,554,-7.457098
102.59875000003984,18.432361111101784,555,-3.9350677
102.5793055555954,18.453749999990677,556,-2.396004
102.83875000003988,18.621805555546256,557,-4.9712443
102.66958333337318,18.768194444435164,558,-5.1729126
102.47486111115093,18.67319444443515,559,-4.7890425
102.5579166667065,18.727916666657382,560,-5.418314
102.66986111115096,18.443194444435118,561,-4.122037
102.71402777781763,18.526249999990686,562,-4.729527
102.57708333337317,18.502361111101795,563,10.974097
102.79763888892876,18.415416666657336,564,-2.9620607
102.62236111115095,18.387083333324,565,-3.5115547
102.44597222226204,18.7690277777685,566,3.3227944
102.86041666670654,18.583472222212915,567,-6.697896
102.78125000003986,18.73180555554627,568,-7.482629
102.46208333337316,18.549583333324023,569,-6.000672
102.53263888892872,18.424583333324005,570,5.176418
102.44375000003981,18.738194444435162,571,-5.8977413
102.87652777781766,18.6901388888796,572,-6.2854104
102.75458333337319,18.63013888887959,573,0.5249375
102.52875000003984,18.686805555546265,574,6.127153
102.8734722222621,18.755694444435164,575,-6.0860953
102.4904166667065,18.76874999999072,576,-5.606961
102.82625000003988,18.738749999990716,577,-6.720131
102.41902777781759,18.519861111101797,578,-1.1717383
102.46013888892871,18.494305555546237,579,2.6212492
102.61236111115095,18.518472222212907,580,4.4451733
102.43930555559537,18.638472222212926,581,-5.2011333
102.73402777781763,18.75874999999072,582,-5.3377995
102.83263888892876,18.399305555546224,583,-5.906538
102.78291666670653,18.75236111110183,584,-6.542313
102.70236111115096,18.490416666657346,585,-3.1983838
102.56486111115095,18.42152777776845,586,9.989039
102.44791666670649,18.489861111101792,587,-4.3774285
102.55847222226205,18.674305555546262,588,-6.0001907
102.65791666670651,18.647083333324037,589,-5.7218976
102.60819444448428,18.513472222212908,590,6.312383
102.59625000003984,18.416249999990672,591,-3.9529624
102.89180555559544,18.431249999990673,592,-6.8843546
102.42180555559537,18.65569444443515,593,-5.276791
102.65986111115096,18.41291666665734,594,-6.4196496
102.78652777781764,18.47069444443512,595,-5.640718
102.64819444448429,18.43680555554623,596,-6.4028716
102.88152777781765,18.697916666657378,597,-5.7950606
102.64708333337317,18.41152777776845,598,0.37188998
102.74791666670653,18.50680555554624,599,-4.8252788
102.87152777781766,18.634861111101813,600,-6.0205054
102.78152777781764,18.618194444435144,601,-6.216535
102.88236111115098,18.525694444435132,602,-1.2288443
102.47180555559538,18.714583333324047,603,-5.759853
102.51930555559538,18.391249999990666,604,7.853202
102.83819444448432,18.763472222212943,605,-7.173147
102.6179166667065,18.512361111101796,606,9.218929
102.4651388889287,18.687083333324043,607,-5.7908077
102.84291666670654,18.738472222212938,608,-7.329656
102.88236111115098,18.620138888879588,609,-1.5350279
102.48291666670649,18.72708333332405,610,-5.643342
102.89180555559544,18.400416666657335,611,-5.323634
102.80736111115098,18.544027777768466,612,8.421132
102.49930555559538,18.56263888887958,613,-4.0651917
102.43458333337315,18.54124999999069,614,-3.0198371
102.76513888892875,18.569861111101805,615,-6.017179
102.50319444448427,18.647361111101816,616,-6.858105
102.66541666670652,18.759305555546273,617,-6.257849
102.47041666670648,18.41152777776845,618,-4.360529
102.4290277778176,18.491249999990682,619,-2.9656963
102.67291666670651,18.400138888879557,620,-4.775551
102.71125000003985,18.76513888887961,621,-6.4254446
102.86680555559543,18.43930555554623,622,-7.308651
102.55402777781761,18.456805555546232,623,-1.558469
102.6968055555954,18.464027777768454,624,-1.7070628
102.79875000003987,18.636527777768478,625,-5.1074347
102.8534722222621,18.46236111110179,626,-6.265796
102.81013888892876,18.57930555554625,627,-6.1751623
102.71375000003985,18.490972222212903,628,-5.504554
102.8495833333732,18.693472222212932,629,-3.826983
102.69847222226207,18.408472222212893,630,-6.439969
102.59375000003983,18.520138888879575,631,9.057175
102.50875000003983,18.606805555546252,632,-3.004236
102.49347222226204,18.662361111101816,633,-6.9846883
102.57736111115095,18.75069444443516,634,-6.95502
102.81847222226209,18.72708333332405,635,-5.8290825
102.5179166667065,18.709861111101823,636,-3.7825124
102.4251388889287,18.522638888879573,637,-3.3404582
102.61125000003985,18.50680555554624,638,-5.047031
102.85902777781766,18.75597222221294,639,-4.11472
102.60736111115095,18.60458333332403,640,10.251097
102.57680555559539,18.552638888879578,641,4.059877
102.48263888892872,18.74986111110183,642,-5.890819
102.4415277778176,18.44569444443512,643,-5.5024776
102.52013888892871,18.70152777776849,644,-4.0264416
102.44097222226203,18.60458333332403,645,-6.343038
102.4390277778176,18.42263888887956,646,-0.8322061
102.6668055555954,18.501249999990684,647,10.012686
102.6118055555954,18.68124999999071,648,15.179582
102.84791666670654,18.415972222212893,649,-4.2192497
102.69930555559542,18.76013888887961,650,-5.4923053
102.72013888892874,18.64819444443515,651,-6.3733845
102.55819444448427,18.58930555554625,652,11.220497
102.5029166667065,18.431249999990673,653,7.608317
102.5154166667065,18.547916666657358,654,-3.7178411
102.88569444448433,18.714583333324047,655,-6.6845174
102.5579166667065,18.685138888879596,656,-5.756644
102.54347222226205,18.51930555554624,657,-6.851307
102.48708333337316,18.58958333332403,658,-4.089207
102.82069444448432,18.537638888879577,659,-4.5927277
102.84819444448432,18.61513888887959,660,-6.93474
102.71263888892875,18.575972222212915,661,5.482805
102.67152777781763,18.50680555554624,662,-2.833508
102.52958333337317,18.627083333324034,663,9.22826
102.56125000003983,18.542916666657355,664,10.797641
102.79569444448431,18.510972222212907,665,-3.8065786
102.43236111115093,18.616527777768475,666,-3.1078453
102.70708333337319,18.428194444435118,667,-6.8215384
102.5054166667065,18.574583333324025,668,-4.696648
102.5565277778176,18.419583333324006,669,5.7980623
102.81541666670654,18.54124999999069,670,13.629822
102.47291666670648,18.430694444435115,671,-4.856082
102.53819444448428,18.50791666665735,672,-5.661029
102.48513888892872,18.51930555554624,673,-2.6160355
102.86708333337322,18.61236111110181,674,-5.7543945
102.55375000003983,18.73319444443516,675,-2.359678
102.4690277778176,18.415416666657336,676,6.4713635
102.71986111115096,18.525416666657353,677,-4.9328084
102.74402777781764,18.715694444435158,678,-7.2457185
102.78763888892875,18.73458333332405,679,-6.5100055
102.80097222226209,18.667638888879594,680,-7.206402
102.72097222226208,18.71402777776849,681,-6.794136
102.88208333337322,18.408194444435114,682,-5.0122895
102.58708333337317,18.45430555554623,683,-5.2414665
102.7195833333732,18.72541666665738,684,-4.777422
102.61986111115095,18.680416666657376,685,-5.6089873
102.90513888892878,18.581249999990693,686,-5.0250115
102.41597222226204,18.555416666657358,687,-5.5904245
102.46069444448426,18.476805555546235,688,-4.4491725
102.87152777781766,18.47263888887957,689,8.546349
102.81013888892876,18.447916666657342,690,-6.244811
102.70680555559541,18.635416666657367,691,-4.6088634
102.72652777781764,18.704583333324045,692,-3.226473
102.74847222226208,18.517638888879574,693,-6.0033703
102.43236111115093,18.68874999999071,694,-6.921638
102.53958333337316,18.545138888879578,695,-7.211348
102.88458333337321,18.467916666657345,696,-6.8149652
102.71986111115096,18.692083333324042,697,-5.6814275
102.65986111115096,18.669861111101817,698,-4.2116985
102.43375000003982,18.399583333324003,699,3.6847892
102.50208333337316,18.48624999999068,700,-3.5591583
102.46458333337316,18.60347222221292,701,-2.1564538
102.53458333337316,18.53097222221291,702,-4.912944
102.44930555559537,18.715972222212937,703,-6.0494556
102.75902777781764,18.489305555546235,704,-6.8238406
102.52013888892871,18.465416666657344,705,-5.13423
102.48375000003982,18.405416666657334,706,-3.4368987
102.88819444448433,18.419583333324006,707,-6.352223
102.78763888892875,18.569305555546247,708,-0.9492418
102.71930555559541,18.746249999990717,709,-3.4040549
102.55375000003983,18.577361111101805,710,8.140883
102.90041666670655,18.666527777768483,711,-6.3261137
102.90513888892878,18.640694444435148,712,-4.9594045
102.5565277778176,18.690416666657377,713,-2.6477966
102.7920833333732,18.426805555546228,714,-4.858624
102.56902777781761,18.627638888879588,715,7.496832
102.81625000003987,18.7051388888796,716,-7.6673617
102.5279166667065,18.73291666665738,717,-3.8153107
102.73013888892875,18.553194444435135,718,9.932643
102.68902777781763,18.51430555554624,719,8.087741
102.61402777781763,18.407916666657336,720,0.64893
102.82652777781765,18.42902777776845,721,-6.7238073
102.77819444448431,18.69847222221293,722,-4.6949825
102.45541666670648,18.443749999990676,723,-4.0778537
102.66847222226207,18.603749999990697,724,11.017269
102.76819444448431,18.388749999990665,725,-4.3864217
102.48513888892872,18.71819444443516,726,-3.6885505
102.7595833333732,18.414583333324003,727,-6.186265
102.81597222226209,18.492916666657347,728,-7.680074
102.59486111115095,18.43791666665734,729,-5.123666
102.89819444448433,18.504583333324018,730,-7.55273
102.43458333337315,18.557083333324023,731,-1.6385498
102.46430555559537,18.533749999990686,732,-1.2952732
102.72402777781764,18.567361111101803,733,4.0530944
102.62208333337318,18.50374999999068,734,-6.081469
102.53652777781761,18.59680555554625,735,-5.9308076
102.79791666670654,18.672638888879597,736,-6.006187
102.62347222226207,18.66541666665737,737,10.848934
102.89319444448432,18.605416666657366,738,-5.9766984
102.47347222226205,18.7001388888796,739,-6.6621575
102.72402777781764,18.657361111101817,740,-4.61114
102.65708333337318,18.418194444435116,741,-5.454962
102.82819444448431,18.397083333324,742,-5.300162
102.88069444448432,18.449861111101786,743,-7.3179917
102.55430555559539,18.44569444443512,744,9.004432
102.56097222226205,18.6262499999907,745,12.62952
102.70847222226207,18.396527777768444,746,-5.4850354
102.50347222226205,18.617083333324032,747,-0.28370816
102.6806944444843,18.769583333324054,748,-6.237652
102.62208333337318,18.671527777768485,749,10.338108
102.81125000003988,18.667916666657373,750,-5.774276
102.7331944444843,18.48263888887957,751,-5.5044413
102.79486111115098,18.581249999990693,752,-6.881314
102.75180555559541,18.68236111110182,753,-6.410525
102.6693055555954,18.70041666665738,754,-7.077751
102.66402777781762,18.75597222221294,755,-3.2122061
102.56736111115094,18.689027777768487,756,12.251758
102.5290277778176,18.629305555546257,757,9.69136
102.7959722222621,18.405694444435113,758,-6.349579
102.48958333337316,18.47236111110179,759,-1.0976635
102.87819444448432,18.55597222221291,760,-6.779925
102.52458333337316,18.40874999999067,761,-0.2490415
102.58763888892872,18.703194444435155,762,-0.3827714
102.5354166667065,18.52069444443513,763,-4.3864717
102.50847222226204,18.487083333324016,764,-1.1140455
102.78375000003986,18.483194444435124,765,-5.0367923
102.54208333337317,18.57402777776847,766,-4.38649
102.46236111115093,18.730138888879605,767,-5.1044135
102.8834722222621,18.6262499999907,768,-6.101331
102.60347222226206,18.50569444443513,769,-3.4231339
102.65319444448428,18.552083333324024,770,10.392176
102.42930555559538,18.560138888879578,771,-6.44093
102.47847222226204,18.391249999990666,772,7.4477367
102.50347222226205,18.58819444443514,773,6.784327
102.89541666670655,18.720694444435157,774,-6.9671903
102.55902777781762,18.542916666657355,775,9.699028
102.7845833333732,18.524861111101796,776,-3.8485146
102.70875000003986,18.419583333324006,777,-3.5953062
102.89291666670655,18.464305555546233,778,-4.352871
102.67013888892873,18.668749999990705,779,-1.1767769
102.60708333337317,18.636249999990703,780,3.7336378
102.88236111115098,18.407916666657336,781,-1.3144081
102.5329166667065,18.721249999990714,782,3.6923878
102.58597222226206,18.52708333332402,783,5.570052
102.43958333337315,18.43513888887956,784,6.6071734
102.43652777781759,18.48652777776846,785,-5.8646417
102.86763888892877,18.637083333324036,786,-3.398824
102.90513888892878,18.49652777776846,787,-5.3235707
102.60097222226206,18.54597222221291,788,7.3894596
102.41625000003981,18.644583333324036,789,-6.6795197
102.83430555559544,18.660972222212926,790,-5.4563975
102.43791666670649,18.648749999990702,791,-7.181142
102.7809722222621,18.56263888887958,792,-5.879728
102.5604166667065,18.629583333324035,793,12.657223
102.47069444448427,18.732638888879606,794,-6.7658553
102.46736111115094,18.486805555546237,795,-4.281388
102.47708333337316,18.75069444443516,796,-6.979318
102.42875000003981,18.504861111101793,797,8.70691
102.56791666670651,18.502083333324016,798,7.347046
102.48736111115093,18.57402777776847,799,-3.782182
102.89513888892877,18.459861111101787,800,-5.571018
102.47986111115094,18.764027777768497,801,-5.389974
102.73791666670652,18.602361111101807,802,-7.110084
102.48819444448426,18.472916666657344,803,-5.904142
102.76986111115097,18.389861111101776,804,-3.3142545
102.46069444448426,18.4684722222129,805,-1.5627067
102.89819444448433,18.40097222221289,806,-5.507228
102.63902777781762,18.586249999990695,807,11.254399
102.58680555559539,18.59708333332403,808,9.932643
102.75541666670652,18.431805555546227,809,-3.800141
102.69763888892874,18.5373611111018,810,8.087606
102.7795833333732,18.61208333332403,811,-6.2193346
102.5904166667065,18.563194444435137,812,-6.1033745
102.79541666670653,18.458749999990676,813,-5.4609528
102.70652777781763,18.461527777768456,814,-6.4567747
102.58847222226206,18.755694444435164,815,-3.3360848
102.44930555559537,18.633472222212923,816,-5.404261
102.65291666670652,18.604305555546254,817,9.799112
102.47347222226205,18.596249999990697,818,-6.3780556
102.72375000003986,18.52208333332402,819,-0.02950933
102.59986111115096,18.592916666657363,820,-5.493308
102.84319444448433,18.487083333324016,821,-1.559066
102.65763888892873,18.54013888887958,822,10.724881
102.8759722222621,18.460416666657345,823,-7.4021797
102.84875000003987,18.66680555554626,824,-5.819746
102.62263888892873,18.66847222221293,825,3.036947
102.70180555559541,18.735138888879604,826,-2.5317822
102.44930555559537,18.62486111110181,827,10.251598
102.50125000003983,18.433749999990674,828,6.7322917
102.6756944444843,18.730972222212937,829,-6.460524
102.66125000003984,18.568194444435136,830,8.786436
102.64125000003985,18.429861111101783,831,-6.9038715
102.73486111115098,18.465694444435123,832,-5.825583
102.64736111115096,18.510138888879574,833,9.057175
102.57013888892872,18.73208333332405,834,-5.9071684
102.53958333337316,18.407361111101782,835,-4.902273
102.88041666670655,18.678749999990707,836,-5.881365
102.4965277778176,18.700694444435154,837,-1.7458113
102.89680555559544,18.44402777776845,838,-7.1723824
102.59263888892873,18.670416666657374,839,-6.1434917
102.85458333337321,18.417083333324005,840,-5.5232234
102.82847222226209,18.68097222221293,841,-7.308006
102.42208333337315,18.654861111101816,842,-6.6265674
102.51180555559539,18.42874999999067,843,-4.4754205
102.62541666670651,18.476249999990678,844,10.367882
102.5729166667065,18.709583333324044,845,-6.5783367
102.75791666670654,18.676249999990706,846,-7.1779785
102.6043055555954,18.66319444443515,847,10.881723
102.88458333337321,18.636249999990703,848,-1.8467454
102.51013888892872,18.595972222212918,849,-3.8622813
102.67041666670652,18.675694444435152,850,-7.6909904
102.7181944444843,18.49263888887957,851,-5.259057
102.65069444448429,18.40513888887956,852,-6.5459466
102.64819444448429,18.74458333332405,853,-6.638584
102.73263888892875,18.42930555554623,854,-5.8201556
102.42930555559538,18.71041666665738,855,-3.3797402
102.73041666670653,18.660972222212926,856,6.9151125
102.87041666670655,18.617916666657365,857,-2.5570583
102.7320833333732,18.38819444443511,858,-4.014512
102.85319444448432,18.71541666665738,859,-5.368986
102.5179166667065,18.46180555554623,860,-1.4389383
102.90680555559544,18.406527777768446,861,0.21527837
102.85625000003988,18.657361111101817,862,-5.248957
102.52875000003984,18.58069444443514,863,-5.70954
102.7006944444843,18.722083333324047,864,-4.728388
102.81013888892876,18.685694444435153,865,-4.8715
102.65763888892873,18.392638888879556,866,-6.409723
102.53819444448428,18.72819444443516,867,-6.3051324
102.82125000003987,18.47124999999068,868,-5.058716
102.47819444448427,18.438472222212894,869,9.91105
102.45680555559538,18.507638888879573,870,-3.6088517
102.82652777781765,18.712638888879603,871,-4.7982383
102.45763888892871,18.475138888879567,872,-3.4218245
102.86513888892877,18.73569444443516,873,-6.9267197
102.75763888892875,18.72708333332405,874,-6.030366
102.6118055555954,18.636249999990703,875,10.604737
102.74680555559542,18.613194444435145,876,-5.2661257
102.75763888892875,18.754583333324053,877,-5.520446
102.44347222226205,18.540416666657354,878,-6.31621
102.57152777781761,18.39597222221289,879,-2.8973956
102.78875000003987,18.536527777768466,880,9.53453
102.88458333337321,18.669305555546263,881,-1.1845335
102.65236111115095,18.686249999990707,882,-4.929152
102.80236111115099,18.615416666657364,883,-6.841705
102.83930555559543,18.38847222221289,884,-5.21561
102.62902777781763,18.40347222221289,885,-2.646941
102.78513888892876,18.603749999990697,886,-4.931239
102.84680555559542,18.594583333324028,887,-6.7092695
102.79236111115098,18.434861111101785,888,-5.4424357
102.50180555559538,18.5548611111018,889,-4.744442
102.62236111115095,18.456805555546232,890,10.033986
102.42291666670648,18.67347222221293,891,-7.640974
102.63791666670652,18.404027777768448,892,-1.8150842
102.63375000003984,18.534861111101797,893,6.1734257
102.83625000003987,18.482083333324013,894,-6.882891
102.63708333337318,18.573472222212914,895,11.810835
102.66069444448429,18.397916666657334,896,-5.6941543
102.76875000003986,18.508194444435127,897,-4.3771873
102.47069444448427,18.42791666665734,898,-4.065188
102.6068055555954,18.738749999990716,899,9.112317
102.5704166667065,18.475416666657345,900,-5.678788
102.7431944444843,18.498472222212904,901,-4.8596616
102.8220833333732,18.757638888879608,902,-6.4204054
102.77875000003986,18.428472222212893,903,-6.2305355
102.46319444448426,18.464027777768454,904,-4.7132106
102.58541666670651,18.476249999990678,905,-6.2745323
102.6318055555954,18.643194444435146,906,10.033332
102.46986111115093,18.755138888879607,907,-6.5260057
102.62625000003985,18.49791666665735,908,-1.4611326
102.52486111115094,18.594861111101807,909,-7.5052958
102.59097222226207,18.41874999999067,910,-6.069285
102.88263888892877,18.471805555546233,911,8.855845
102.70208333337318,18.43819444443512,912,-6.0135183
102.78013888892876,18.720972222212936,913,-4.6120234
102.90430555559544,18.51152777776846,914,-7.1422505
102.4540277778176,18.46486111110179,915,6.7730374
102.88291666670655,18.438472222212894,916,-5.638488
102.79652777781764,18.456527777768454,917,-6.4471135
102.8084722222621,18.654027777768484,918,-2.0066226
102.4540277778176,18.6137499999907,919,11.595362
102.89208333337321,18.69902777776849,920,-6.2490087
102.79819444448431,18.535416666657355,921,-3.7222874
102.52013888892871,18.7690277777685,922,1.8360869
102.44597222226204,18.666249999990708,923,-5.731903
102.79097222226208,18.407361111101782,924,-6.175285
102.52125000003983,18.69236111110182,925,-3.426224
102.53319444448428,18.736527777768494,926,6.5072794
102.86180555559544,18.61486111110181,927,-1.5487918
102.88319444448433,18.49486111110179,928,-6.347467
102.58013888892873,18.59819444443514,929,10.470475
102.84902777781765,18.73291666665738,930,-5.505999
102.59791666670651,18.425972222212895,931,0.27081814
102.67958333337319,18.702361111101823,932,-2.9852881
102.57236111115094,18.7665277777685,933,-6.103123
102.89875000003988,18.459305555546234,934,-5.551948
102.72736111115097,18.41291666665734,935,-5.2860246
102.6243055555954,18.714583333324047,936,-5.0215983
102.87125000003988,18.536527777768466,937,13.617076
102.86541666670655,18.74041666665738,938,-6.782698
102.87541666670654,18.641249999990702,939,-4.4419804
102.6756944444843,18.53069444443513,940,10.881723
102.6556944444843,18.58930555554625,941,20.606224
102.71152777781764,18.617083333324032,942,-6.113333
102.55569444448427,18.70124999999071,943,-5.274688
102.86902777781765,18.544583333324024,944,-7.085039
102.5454166667065,18.639861111101812,945,8.140883
102.81291666670654,18.586527777768474,946,-4.922298
102.52569444448427,18.57291666665736,947,-5.870556
102.6293055555954,18.42041666665734,948,-2.273395
102.77013888892876,18.48874999999068,949,-4.121283
102.62569444448428,18.629583333324035,950,-4.2024727
102.71236111115097,18.729027777768493,951,-6.2147517
102.73291666670653,18.51569444443513,952,-6.9647074
102.56458333337316,18.73069444443516,953,-5.645352
102.42875000003981,18.525972222212907,954,-1.7137015
102.52847222226205,18.666527777768483,955,11.231926
102.47791666670649,18.731527777768495,956,-7.4555826
102.67125000003985,18.525416666657353,957,6.148279
102.82263888892876,18.433749999990674,958,-6.533135
102.77930555559541,18.622916666657368,959,-7.1762133
102.43375000003982,18.57124999999069,960,8.364027
102.64736111115096,18.542638888879576,961,10.712728
102.74763888892875,18.6337499999907,962,-6.7909803
102.77375000003987,18.434305555546228,963,-7.1803174
102.64486111115096,18.724861111101827,964,-6.530097
102.59375000003983,18.727638888879603,965,-6.6282797
102.45819444448426,18.44041666665734,966,-5.790673
102.76041666670653,18.588472222212918,967,-5.3825397
102.80763888892876,18.752916666657384,968,-6.5615854
102.52152777781761,18.587083333324028,969,-3.4424164
102.53625000003983,18.73347222221294,970,8.1030855
102.44236111115093,18.499305555546236,971,-2.8660746
102.52513888892872,18.58819444443514,972,-6.8482637
102.76847222226209,18.730138888879605,973,-7.182585
102.50708333337316,18.661249999990705,974,-2.4976547
102.41680555559537,18.513472222212908,975,-6.1570187
102.45486111115093,18.679305555546264,976,-7.3371024
102.89041666670654,18.407361111101782,977,-6.0065227
102.75875000003987,18.476527777768457,978,-5.6984615
102.45986111115093,18.418194444435116,979,6.5124006
102.87736111115099,18.498749999990682,980,0.79209834
102.61958333337317,18.4634722222129,981,6.631993
102.73791666670652,18.493194444435126,982,-6.3602
102.42458333337315,18.468194444435124,983,-4.949723
102.49180555559538,18.712083333324045,984,-7.4883065
102.46597222226204,18.40374999999067,985,-5.4206777
102.82236111115098,18.640694444435148,986,-6.8301606
102.46930555559538,18.731249999990716,987,-6.1566277
102.44680555559538,18.66319444443515,988,-5.811693
102.62763888892873,18.573472222212914,989,9.973465
102.76819444448431,18.46486111110179,990,-4.0872355
102.62652777781763,18.768194444435164,991,-1.7105222
102.73902777781764,18.471527777768458,992,-3.7823322
102.71402777781763,18.642361111101813,993,-4.9271693
102.62986111115096,18.5298611111018,994,-6.44828
102.59791666670651,18.713749999990714,995,-6.3353124
102.75541666670652,18.601805555546253,996,-6.4855633
102.75625000003986,18.451249999990676,997,-7.436312
102.43152777781759,18.6312499999907,998,-4.2515745
102.46375000003982,18.6087499999907,999,-5.7284164
102.48458333337315,18.549583333324023,1000,-5.3927927
102.58125000003983,18.638194444435147,1001,7.799332
102.88291666670655,18.662083333324038,1002,-3.9965122
102.79041666670653,18.726249999990713,1003,-4.068238
102.59763888892873,18.40374999999067,1004,8.899315
102.58569444448428,18.72291666665738,1005,-4.579091
102.82125000003987,18.400416666657335,1006,-6.872718
102.54875000003983,18.611805555546255,1007,9.845632
102.84125000003988,18.653194444435147,1008,-6.2873178
102.86069444448432,18.39319444443511,1009,-6.0964913
102.46847222226204,18.742638888879604,1010,-2.9963462
102.42486111115093,18.551249999990688,1011,-5.906211
102.66152777781762,18.522916666657352,1012,11.276378
102.90041666670655,18.47736111110179,1013,6.5075383
102.48819444448426,18.447916666657342,1014,-2.663883
102.73375000003986,18.728472222212936,1015,-1.1762234
102.50597222226205,18.677638888879596,1016,-4.3987327
102.6131944444843,18.769861111101832,1017,-6.0406146
102.5793055555954,18.576805555546247,1018,9.699028
102.70486111115096,18.742916666657383,1019,-4.281302
102.83125000003987,18.759583333324052,1020,-7.016878
102.54125000003984,18.576527777768472,1021,-3.4413671
102.71791666670653,18.434583333324007,1022,-6.6562366
102.68458333337318,18.57180555554625,1023,12.31911
102.70847222226207,18.717638888879602,1024,-6.9394603
102.61347222226206,18.59180555554625,1025,10.251097
102.87680555559544,18.705972222212935,1026,-7.472963
102.87763888892877,18.522638888879573,1027,-3.4690053
102.4351388889287,18.42791666665734,1028,6.589228
102.57875000003983,18.740138888879606,1029,2.1817179
102.60152777781762,18.769861111101832,1030,-5.9467874
102.67541666670651,18.685138888879596,1031,-5.6508055
102.82486111115098,18.745972222212938,1032,-6.766382
102.46986111115093,18.587361111101806,1033,-2.361031
102.42236111115092,18.652361111101815,1034,-1.2435272
102.79263888892875,18.745416666657384,1035,-6.8768635
102.5154166667065,18.67347222221293,1036,0.6803715
102.6756944444843,18.62263888887959,1037,10.666613
102.66263888892874,18.484861111101793,1038,9.699028
102.88875000003988,18.54097222221291,1039,-7.067882
102.5879166667065,18.710694444435156,1040,-5.739249
102.79569444448431,18.746805555546274,1041,-4.58723
102.87513888892877,18.42930555554623,1042,-3.4723468
102.67541666670651,18.7001388888796,1043,-4.2151318
102.47819444448427,18.39569444443511,1044,11.810448
102.69597222226207,18.661249999990705,1045,-5.9584885
102.48625000003982,18.71930555554627,1046,-2.5524886
102.53513888892871,18.40986111110178,1047,-4.768907
102.7131944444843,18.507083333324015,1048,-2.652451
102.55069444448428,18.606527777768477,1049,12.255848
102.63763888892873,18.68374999999071,1050,1.4522431
102.55069444448428,18.57180555554625,1051,12.668093
102.52958333337317,18.407916666657336,1052,-3.429965
102.82847222226209,18.49791666665735,1053,-3.8357472
102.58263888892873,18.75597222221294,1054,-4.6581144
102.81597222226209,18.68986111110182,1055,-6.3227844
102.43541666670649,18.662361111101816,1056,-5.912556
102.44569444448426,18.689027777768487,1057,-6.47302
102.70680555559541,18.50374999999068,1058,-7.122197
102.77013888892876,18.43624999999067,1059,-5.106021
102.65875000003984,18.6262499999907,1060,10.51579
102.4201388889287,18.696527777768488,1061,-3.9482129
102.51958333337316,18.687083333324043,1062,-3.121847
102.73486111115098,18.595972222212918,1063,-6.337737
102.55625000003984,18.69152777776849,1064,-4.0341225
102.77152777781764,18.759583333324052,1065,-6.89505
102.82652777781765,18.755694444435164,1066,-2.338607
102.60625000003984,18.63263888887959,1067,-6.1441536
102.52541666670649,18.58291666665736,1068,-6.694204
102.52930555559539,18.704305555546267,1069,15.697426
102.84819444448432,18.485694444435126,1070,-7.1703653
102.49208333337316,18.458194444435122,1071,-4.6951222
102.67097222226207,18.595416666657364,1072,10.492259
102.82541666670654,18.52208333332402,1073,-6.6200166
102.47208333337315,18.67597222221293,1074,-7.044753
102.87986111115099,18.552916666657357,1075,-3.5811088
102.61402777781763,18.488194444435123,1076,12.853626
102.54513888892872,18.51541666665735,1077,-6.528643
102.42986111115093,18.714583333324047,1078,-7.242196
102.64875000003984,18.42124999999067,1079,-7.0037036
102.75041666670653,18.609583333324032,1080,-6.66188
102.57736111115095,18.702361111101823,1081,-7.357421
102.53513888892871,18.534583333324022,1082,-1.7626026
102.7959722222621,18.567916666657357,1083,-1.3778461
102.73541666670653,18.705972222212935,1084,-6.2330823
102.71847222226208,18.695416666657376,1085,-4.662743
102.42986111115093,18.479583333324012,1086,-3.8118722
102.86069444448432,18.757916666657387,1087,-5.4597955
102.51291666670649,18.425972222212895,1088,-4.033308
102.74430555559542,18.628194444435145,1089,-2.623988
102.7118055555954,18.43624999999067,1090,-6.623356
102.80902777781765,18.424305555546226,1091,-1.2360101
102.41347222226203,18.58291666665736,1092,-6.250365
102.8834722222621,18.41097222221289,1093,-5.8645372
102.57680555559539,18.49541666665735,1094,9.152485
102.7881944444843,18.435972222212897,1095,-4.1077924
102.4840277778176,18.617638888879586,1096,-4.052021
102.43791666670649,18.622916666657368,1097,-3.3580308
102.51625000003983,18.6062499999907,1098,-7.561087
102.90208333337321,18.634861111101813,1099,-5.97596
102.75097222226208,18.415416666657336,1100,-5.7373767
102.71236111115097,18.73958333332405,1101,-4.7006245
102.44625000003981,18.564305555546248,1102,-5.1390595
102.60347222226206,18.76624999999072,1103,-6.3731704
102.62736111115096,18.735416666657382,1104,-5.10198
102.68152777781764,18.677638888879596,1105,-4.736609
102.43958333337315,18.693472222212932,1106,-6.0506988
102.43347222226204,18.503194444435128,1107,-0.15706365
102.70875000003986,18.4634722222129,1108,-7.3975286
102.43597222226204,18.567361111101803,1109,-0.5528291
102.73375000003986,18.47874999999068,1110,-5.7322807
102.53486111115095,18.47236111110179,1111,-5.998105
102.59625000003984,18.58152777776847,1112,10.188577
102.62708333337318,18.442083333324007,1113,-5.5585
102.80180555559542,18.392083333324,1114,-7.133806
102.43125000003981,18.578749999990695,1115,-3.1213567
102.89930555559543,18.70874999999071,1116,-3.487479
102.55208333337316,18.703194444435155,1117,-6.6028943
102.47069444448427,18.584027777768473,1118,-5.7145734
102.5040277778176,18.65847222221293,1119,-7.3864264
102.8859722222621,18.552083333324024,1120,-6.4600286
102.60597222226207,18.56263888887958,1121,12.259313
102.55708333337317,18.51152777776846,1122,-6.460457
102.46486111115094,18.695694444435155,1123,-5.522369
102.87208333337321,18.745138888879605,1124,-7.524353
102.79541666670653,18.741249999990718,1125,-1.3169715
102.53986111115094,18.618194444435144,1126,8.430028
102.75736111115097,18.73569444443516,1127,-3.4174726
102.50791666670649,18.73930555554627,1128,7.798735
102.41319444448426,18.53097222221291,1129,-3.782389
102.4590277778176,18.561527777768468,1130,8.013749
102.85125000003987,18.48902777776846,1131,-3.636606
102.79430555559543,18.741249999990718,1132,-6.3104763
102.66708333337318,18.75208333332405,1133,-5.3256426
102.84597222226209,18.588472222212918,1134,-7.327594
102.48513888892872,18.61986111110181,1135,-2.0817873
102.44513888892871,18.738749999990716,1136,-6.303206
102.6281944444843,18.66319444443515,1137,10.928977
102.75541666670652,18.492361111101793,1138,-6.1774564
102.71402777781763,18.755138888879607,1139,-4.181507
102.44236111115093,18.488472222212902,1140,-5.6639724
102.42875000003981,18.654861111101816,1141,-5.091157
102.56263888892872,18.533749999990686,1142,10.1557865
102.58736111115095,18.566805555546246,1143,-5.5417647
102.59236111115095,18.398749999990667,1144,-2.2410645
102.84013888892876,18.51930555554624,1145,-6.143803
102.49708333337315,18.669305555546263,1146,-6.5823374
102.44208333337315,18.660972222212926,1147,-6.599834
102.72958333337318,18.45319444443512,1148,-1.4578724
102.42458333337315,18.389861111101776,1149,-1.510878
102.61736111115096,18.562083333324026,1150,5.7112136
102.70986111115097,18.536805555546245,1151,9.319539
102.85236111115098,18.652361111101815,1152,-6.649649
102.7606944444843,18.65180555554626,1153,-4.1863623
102.6906944444843,18.50152777776846,1154,-6.800894
102.5668055555954,18.632083333324033,1155,8.834031
102.86736111115098,18.610694444435143,1156,-3.6597238
102.44291666670648,18.763472222212943,1157,-5.4336853
102.86236111115099,18.707083333324046,1158,-7.1213274
102.55902777781762,18.497083333324014,1159,-6.4898624
102.76569444448431,18.586527777768474,1160,-5.7134447
102.87041666670655,18.530416666657352,1161,-2.533667
102.65069444448429,18.669027777768484,1162,-3.1966066
102.83930555559543,18.43541666665734,1163,-3.9733076
102.43986111115093,18.625416666657365,1164,7.799407
102.6293055555954,18.58791666665736,1165,8.951814
102.6881944444843,18.536249999990687,1166,9.576338
102.58486111115094,18.44708333332401,1167,-5.6168466
102.81902777781765,18.449861111101786,1168,3.572415
102.6268055555954,18.652916666657372,1169,3.8956268
102.54569444448428,18.764583333324055,1170,-6.401141
102.81263888892876,18.704861111101824,1171,-3.0408576
102.4590277778176,18.449583333324007,1172,-3.3350148
102.7170833333732,18.573749999990692,1173,10.166834
102.86625000003988,18.532916666657353,1174,-5.9735103
102.76375000003986,18.756249999990718,1175,-5.17312
102.84069444448431,18.71402777776849,1176,-5.3371644
102.78375000003986,18.543194444435134,1177,-2.6317992
102.70763888892874,18.518472222212907,1178,-6.8311257
102.59152777781762,18.764027777768497,1179,-5.0451174
102.43486111115092,18.416527777768447,1180,-3.7122877
102.43069444448426,18.437083333324008,1181,9.598619
102.79902777781764,18.446249999990673,1182,-4.0354724
102.64875000003984,18.673749999990708,1183,-6.337691
102.89375000003989,18.524861111101796,1184,-7.2408414
102.43208333337314,18.558194444435134,1185,-2.8190727
102.59347222226206,18.525972222212907,1186,10.1557865
102.62458333337318,18.41986111110178,1187,-5.658226
102.89208333337321,18.68124999999071,1188,-5.398659
102.66402777781762,18.50569444443513,1189,2.5906096
102.58236111115095,18.71819444443516,1190,-4.5520325
102.87791666670654,18.600138888879584,1191,-7.0873737
102.50819444448427,18.669305555546263,1192,-7.0834413
102.87430555559544,18.58791666665736,1193,-2.4010873
102.71291666670652,18.672638888879597,1194,-1.8245946
102.83569444448432,18.498194444435125,1195,-5.886148
102.71013888892874,18.704583333324045,1196,-5.277418
102.74097222226209,18.55763888887958,1197,9.527178
102.60458333337317,18.737638888879605,1198,-5.486091
102.78319444448431,18.718749999990713,1199,-7.0007195
102.71013888892874,18.74041666665738,1200,-6.863799
102.43597222226204,18.65180555554626,1201,-1.6705074
102.5429166667065,18.757638888879608,1202,-6.9509163
102.72458333337319,18.5448611111018,1203,9.805513
102.62569444448428,18.606527777768477,1204,10.913472
102.68763888892875,18.505972222212904,1205,-6.104028
102.51208333337316,18.762083333324053,1206,14.6766
102.8220833333732,18.54624999999069,1207,6.557222
102.81152777781764,18.71041666665738,1208,-3.9707007
102.81986111115098,18.68374999999071,1209,-6.479913
102.44763888892871,18.649861111101814,1210,-6.280575
102.81263888892876,18.43791666665734,1211,-6.1741385
102.64625000003984,18.522638888879573,1212,9.46264
102.58819444448429,18.440972222212896,1213,-2.7805493
102.55208333337316,18.57791666665736,1214,12.668341
102.77736111115098,18.617638888879586,1215,-5.886189
102.46625000003982,18.500972222212905,1216,-4.470654
102.51236111115094,18.50291666665735,1217,-4.6694427
102.54430555559539,18.69124999999071,1218,-1.9488317
102.86791666670655,18.46458333332401,1219,-6.881163
102.68513888892875,18.61458333332403,1220,11.408549
102.6179166667065,18.513472222212908,1221,9.529079
102.63347222226207,18.76624999999072,1222,-4.9242573
102.49625000003982,18.57791666665736,1223,-4.4394655
102.65652777781763,18.662083333324038,1224,-5.1069922
102.4940277778176,18.657638888879593,1225,-6.0150194
102.60097222226206,18.40374999999067,1226,-4.5068693
102.55319444448428,18.71680555554627,1227,-5.6390104
102.76736111115098,18.63013888887959,1228,-6.940795
102.49069444448426,18.516527777768463,1229,-1.9838009
102.72291666670652,18.499583333324015,1230,-6.4956465
102.45347222226204,18.569583333324026,1231,-5.1322746
102.47236111115093,18.76513888887961,1232,-6.0012336
102.78291666670653,18.535138888879576,1233,5.859635
102.4251388889287,18.494305555546237,1234,-4.033503
102.61763888892874,18.57791666665736,1235,1.8269818
102.57347222226205,18.68374999999071,1236,-6.4146285
102.61958333337317,18.667916666657373,1237,7.8693995
102.55930555559539,18.714583333324047,1238,6.289297
102.87986111115099,18.475416666657345,1239,6.5892224
102.80347222226209,18.46319444443512,1240,-1.4988738
102.5943055555954,18.57541666665736,1241,10.743573
102.46680555559537,18.50791666665735,1242,-6.5406833
102.8209722222621,18.710972222212934,1243,-3.6588295
102.42041666670649,18.59041666665736,1244,-5.263177
102.59208333337317,18.46236111110179,1245,-5.9887958
102.67597222226208,18.527916666657354,1246,6.3892565
102.42430555559537,18.404583333324002,1247,-4.9124846
102.90569444448433,18.423749999990672,1248,6.5992284
102.50319444448427,18.754027777768496,1249,-2.432757
102.42430555559537,18.74708333332405,1250,-7.128851
102.83486111115099,18.557083333324023,1251,-6.8275194
102.89819444448433,18.681805555546262,1252,-4.216257
102.42597222226203,18.556805555546244,1253,-3.981019
102.84597222226209,18.46180555554623,1254,-4.718193
102.88180555559543,18.42930555554623,1255,-6.4054933
102.55069444448428,18.531805555546242,1256,8.387743
102.897361111151,18.766805555546277,1257,-7.680339
102.76097222226208,18.667916666657373,1258,-7.6436243
102.53652777781761,18.70124999999071,1259,-1.1437013
102.75597222226209,18.65569444443515,1260,-5.7454395
102.82375000003987,18.473194444435123,1261,-6.002945
102.44208333337315,18.476527777768457,1262,-3.6000144
102.42875000003981,18.509305555546238,1263,-3.6595273
102.54569444448428,18.458472222212897,1264,-3.4028256
102.74513888892875,18.585138888879584,1265,8.546349
102.73680555559541,18.458472222212897,1266,-6.9543176
102.55958333337317,18.681527777768487,1267,-3.1610963
102.63958333337318,18.46458333332401,1268,11.431389
102.58013888892873,18.63097222221292,1269,7.7993746
102.68930555559541,18.563194444435137,1270,8.49292
102.43375000003982,18.573749999990692,1271,-1.9214566
102.61263888892873,18.45708333332401,1272,-6.7078195
102.58125000003983,18.754305555546274,1273,-5.550477
102.68736111115096,18.524027777768463,1274,5.597258
102.61958333337317,18.542916666657355,1275,10.761923
102.5604166667065,18.73597222221294,1276,-6.211582
102.60958333337318,18.609305555546253,1277,10.944244
102.43152777781759,18.712083333324045,1278,-6.4419093
102.89125000003988,18.620138888879588,1279,-5.9247065
102.55736111115094,18.68097222221293,1280,-5.8527102
102.44763888892871,18.581249999990693,1281,-3.668255
102.45680555559538,18.474027777768455,1282,-3.1904032
102.72375000003986,18.653749999990705,1283,-4.963589
102.60375000003984,18.595416666657364,1284,-3.8709018
102.78486111115097,18.760694444435163,1285,-6.1821136
102.53986111115094,18.42874999999067,1286,9.393647
102.82041666670654,18.5398611111018,1287,-3.65233
102.85319444448432,18.606527777768477,1288,-3.6919374
102.60875000003985,18.584583333324026,1289,9.393647
102.48541666670648,18.54708333332402,1290,-4.9658117
102.8659722222621,18.43402777776845,1291,-5.7533374
102.49458333337316,18.510972222212907,1292,-1.8363104
102.79819444448431,18.714861111101825,1293,-2.1686091
102.57458333337317,18.70041666665738,1294,-5.7819386
102.49486111115094,18.5373611111018,1295,-3.0955412
102.6881944444843,18.611249999990697,1296,-3.9858146
102.89319444448432,18.525138888879574,1297,-7.382948
102.73763888892874,18.57402777776847,1298,4.222119
102.50875000003983,18.660972222212926,1299,-0.04748644
102.4865277778176,18.449861111101786,1300,10.421812
102.70902777781764,18.714305555546268,1301,-7.257585
102.52958333337317,18.53347222221291,1302,-5.943822
102.59541666670651,18.530416666657352,1303,10.686415
102.64402777781763,18.510694444435128,1304,-2.6618493
102.75847222226209,18.441805555546228,1305,-3.8460145
102.59791666670651,18.622916666657368,1306,-0.4977308
102.51875000003983,18.428194444435118,1307,-0.5050514
102.6956944444843,18.55374999999069,1308,4.5603123
102.51875000003983,18.595416666657364,1309,-7.1064787
102.47680555559538,18.42736111110178,1310,-0.8544444
102.62569444448428,18.610972222212922,1311,11.136616
102.76902777781764,18.492916666657347,1312,-5.709726
102.66625000003985,18.62236111110181,1313,6.6317906
102.4940277778176,18.49791666665735,1314,-4.5977354
102.54625000003983,18.475416666657345,1315,-3.465069
102.6581944444843,18.51180555554624,1316,11.996336
102.42597222226203,18.572083333324027,1317,-5.9580007
102.7445833333732,18.549583333324023,1318,3.4053347
102.58069444448428,18.43013888887956,1319,0.08742206
102.48458333337315,18.62347222221292,1320,-1.730064
102.62902777781763,18.705694444435156,1321,-2.0600858
102.67125000003985,18.653472222212926,1322,-2.4588509
102.89319444448432,18.426805555546228,1323,-6.2871623
102.88430555559543,18.49486111110179,1324,-6.438258
102.6581944444843,18.720694444435157,1325,-7.579405
102.61625000003984,18.692083333324042,1326,10.815032
102.88402777781766,18.70124999999071,1327,-7.6318746
102.51819444448427,18.483472222212903,1328,-5.77522
102.53430555559538,18.4559722222129,1329,-5.6720066
102.44625000003981,18.682916666657373,1330,-5.878336
102.7081944444843,18.62986111110181,1331,-0.56981826
102.66152777781762,18.70930555554627,1332,-7.3532815
102.58819444448429,18.667916666657373,1333,-5.263259
102.69847222226207,18.70791666665738,1334,-4.3536544
102.86402777781765,18.48263888887957,1335,-4.8839235
102.54236111115094,18.44708333332401,1336,-1.666554
102.73291666670653,18.438472222212894,1337,-6.6971292
102.81513888892876,18.747638888879607,1338,-5.23158
102.62902777781763,18.59958333332403,1339,6.1275215
102.42875000003981,18.54097222221291,1340,-3.7130084
102.83125000003987,18.40486111110178,1341,-7.317761
102.82708333337321,18.67486111110182,1342,-7.3573666
102.88069444448432,18.592638888879584,1343,-4.5719895
102.5918055555954,18.652083333324036,1344,6.7429414
102.82791666670654,18.699305555546267,1345,-7.08588
102.65958333337318,18.46180555554623,1346,5.0746365
102.7945833333732,18.59958333332403,1347,-6.845077
102.54375000003984,18.553194444435135,1348,-4.99249
102.5290277778176,18.529027777768466,1349,-6.0326195
102.76902777781764,18.618472222212922,1350,-5.95476
102.75902777781764,18.4659722222129,1351,-4.639842
102.76736111115098,18.44569444443512,1352,-4.805458
102.51763888892872,18.41374999999067,1353,8.946108
102.90597222226211,18.74708333332405,1354,-2.041837
102.5354166667065,18.593749999990695,1355,-6.551446
102.54875000003983,18.42180555554623,1356,-1.8000325
102.54513888892872,18.720416666657382,1357,-5.440309
102.62347222226207,18.480972222212902,1358,5.5977426
102.54875000003983,18.477083333324014,1359,-5.895719
102.57736111115095,18.401249999990668,1360,8.305844
102.87180555559543,18.566249999990692,1361,-5.526829
102.84625000003987,18.509861111101795,1362,-4.568676
102.87069444448433,18.594027777768474,1363,-6.737181
102.46097222226204,18.638472222212926,1364,-5.9356275
102.57736111115095,18.65819444443515,1365,-5.8686233
102.58597222226206,18.76624999999072,1366,-3.752913
102.84013888892876,18.53069444443513,1367,-5.921487
102.63069444448429,18.545416666657356,1368,1.4825991
102.6193055555954,18.458472222212897,1369,10.332151
102.44902777781759,18.38736111110178,1370,-5.535562
102.54347222226205,18.562083333324026,1371,-6.810765
102.81513888892876,18.738472222212938,1372,-6.3178387
102.75986111115097,18.43791666665734,1373,-5.4067335
102.61375000003984,18.753194444435163,1374,1.5563929
102.48180555559537,18.517083333324017,1375,-5.8548493
102.51125000003982,18.441527777768453,1376,-0.26241684
102.88180555559543,18.415694444435115,1377,16.795258
102.58013888892873,18.60597222221292,1378,8.7005
102.61097222226206,18.65847222221293,1379,2.2462463
102.52013888892871,18.693472222212932,1380,-3.3720317
102.45986111115093,18.757638888879608,1381,-4.794651
102.55847222226205,18.503472222212906,1382,-4.355901
102.86513888892877,18.577638888879584,1383,-6.841627
102.69263888892874,18.44541666665734,1384,-6.8428597
102.83958333337321,18.64958333332404,1385,-6.318807
102.89069444448432,18.461527777768456,1386,-6.1898026
102.48486111115093,18.49902777776846,1387,-1.2174057
102.66569444448429,18.682916666657373,1388,-4.4981666
102.7820833333732,18.762083333324053,1389,-6.6387258
102.48680555559538,18.47124999999068,1390,-4.2862544
102.69847222226207,18.73958333332405,1391,-4.8714657
102.57402777781762,18.742638888879604,1392,-6.127998
102.75763888892875,18.727361111101825,1393,-6.5359874
102.54236111115094,18.694583333324044,1394,11.358228
102.68791666670651,18.59180555554625,1395,8.633057
102.85902777781766,18.54124999999069,1396,8.898514
102.62652777781763,18.431805555546227,1397,-6.526877
102.45763888892871,18.618472222212922,1398,-6.433848
102.84569444448432,18.76874999999072,1399,-6.710377
102.53930555559539,18.42652777776845,1400,11.724402
102.79763888892876,18.68958333332404,1401,-6.0152273
102.897361111151,18.66847222221293,1402,0.46309614
102.7056944444843,18.424583333324005,1403,-5.605584
102.73263888892875,18.440694444435117,1404,-4.5829606
102.63013888892873,18.73930555554627,1405,-3.0482972
102.63402777781762,18.604305555546254,1406,10.73267
102.52986111115094,18.42930555554623,1407,-4.725869
102.48291666670649,18.702361111101823,1408,-6.8105516
102.69291666670652,18.744305555546273,1409,-6.162272
102.60569444448429,18.562916666657358,1410,11.3409815
102.7231944444843,18.731527777768495,1411,-5.4305415
102.58819444448429,18.762638888879607,1412,-5.2633595
102.83875000003988,18.721527777768493,1413,-3.9004624
102.43236111115093,18.558472222212913,1414,-3.3405702
102.43597222226204,18.443749999990676,1415,-0.990064
102.59347222226206,18.759305555546273,1416,-5.2200923
102.6243055555954,18.65680555554626,1417,4.9776707
102.78597222226209,18.661805555546263,1418,-3.5684316
102.51291666670649,18.64902777776848,1419,-7.376283
102.59458333337317,18.616805555546254,1420,-1.781298
102.47263888892871,18.69124999999071,1421,-6.733486
102.6143055555954,18.57124999999069,1422,-6.0049205
102.79486111115098,18.480972222212902,1423,-6.197842
102.61569444448429,18.47124999999068,1424,13.18991
102.8484722222621,18.75069444443516,1425,-3.6978362
102.60263888892872,18.52180555554624,1426,10.64641
102.6068055555954,18.44041666665734,1427,-4.219343
102.79736111115098,18.47986111110179,1428,-5.571094
102.89541666670655,18.418194444435116,1429,-5.1971917
102.8770833333732,18.643194444435146,1430,-4.881149
102.79513888892876,18.71652777776849,1431,0.20044433
102.75430555559542,18.55874999999069,1432,8.744052
102.61875000003984,18.694583333324044,1433,10.666613
102.51847222226205,18.54124999999069,1434,-2.2418146
102.71847222226208,18.7026388888796,1435,-5.6613445
102.89513888892877,18.74319444443516,1436,-4.313535
102.43847222226204,18.461249999990677,1437,-0.97586584
102.66458333337319,18.536527777768466,1438,10.583231
102.68152777781764,18.695138888879598,1439,-0.79590225
102.5943055555954,18.704861111101824,1440,-5.6948457
102.62708333337318,18.488194444435123,1441,6.148351
102.50180555559538,18.642638888879592,1442,-7.241222
102.7620833333732,18.434861111101785,1443,-1.5560352
102.49791666670649,18.736249999990715,1444,-6.0136395
102.66513888892874,18.616527777768475,1445,11.220497
102.79152777781765,18.594861111101807,1446,-4.9989033
102.41875000003981,18.420972222212892,1447,-6.866404
102.66347222226207,18.55347222221291,1448,9.576592
102.83819444448432,18.59180555554625,1449,4.2414393
102.69958333337318,18.477083333324014,1450,-4.7183943
102.83013888892876,18.425694444435116,1451,-6.103022
102.49097222226204,18.526249999990686,1452,5.7674203
102.87013888892876,18.647361111101816,1453,-5.3072767
102.68708333337318,18.548194444435133,1454,10.897724
102.57708333337317,18.49263888887957,1455,7.4477367
102.7118055555954,18.405694444435113,1456,-5.501048
102.51375000003982,18.74819444443516,1457,-5.534207
102.62736111115096,18.725138888879602,1458,-5.9437704
102.71375000003985,18.759305555546273,1459,-1.4108253
102.76652777781764,18.49624999999068,1460,-7.2982793
102.68541666670652,18.67486111110182,1461,-5.805563
102.44347222226205,18.73208333332405,1462,-6.1638556
102.72375000003986,18.761527777768496,1463,-3.7448409
102.51625000003983,18.54847222221291,1464,-6.1987534
102.62708333337318,18.756249999990718,1465,-4.775009
102.42875000003981,18.49486111110179,1466,-3.8131347
102.67152777781763,18.392638888879556,1467,-6.232647
102.4501388889287,18.491805555546236,1468,-4.880967
102.68347222226207,18.728472222212936,1469,-7.284507
102.5579166667065,18.612638888879587,1470,11.896253
102.41875000003981,18.58069444443514,1471,-4.8391843
102.6906944444843,18.643194444435146,1472,9.40874
102.69180555559541,18.59319444443514,1473,6.5569506
102.7093055555954,18.73486111110183,1474,-6.3560905
102.50125000003983,18.578749999990695,1475,-2.6145868
102.56847222226206,18.4609722222129,1476,-4.8921885
102.82902777781764,18.638194444435147,1477,-5.5743046
102.51680555559538,18.551527777768467,1478,-4.5693603
102.52875000003984,18.466527777768455,1479,-5.2909102
102.5554166667065,18.76124999999072,1480,-7.547076
102.45541666670648,18.635416666657367,1481,-5.956351
102.49708333337315,18.725138888879602,1482,-3.1016657
102.80430555559542,18.534305555546243,1483,-4.9587126
102.62652777781763,18.52847222221291,1484,20.81415
102.76652777781764,18.511249999990685,1485,-6.330976
102.76986111115097,18.64013888887959,1486,-3.776901
102.8084722222621,18.67986111110182,1487,-7.6636124
102.56125000003983,18.59180555554625,1488,12.205628
102.7934722222621,18.70152777776849,1489,-8.10411
102.76319444448431,18.73708333332405,1490,-4.999955
102.5879166667065,18.50569444443513,1491,-5.851795
102.87291666670654,18.39736111110178,1492,-5.894295
102.45958333337315,18.476805555546235,1493,-6.3400626
102.88402777781766,18.750138888879608,1494,-5.809889
102.48208333337315,18.73430555554627,1495,-1.6970948
102.42680555559537,18.493194444435126,1496,-2.778485
102.49208333337316,18.466527777768455,1497,-5.698523
102.62597222226206,18.644305555546257,1498,10.438099
102.79875000003987,18.390972222212888,1499,-6.1810718
102.50819444448427,18.501249999990684,1500,-5.163258
102.65125000003985,18.72180555554627,1501,-4.299992
102.61291666670651,18.409305555546226,1502,-3.046406
102.64347222226206,18.737361111101826,1503,-5.6962047
102.50708333337316,18.43763888887956,1504,10.088227
102.69263888892874,18.449583333324007,1505,-3.7586265
102.76569444448431,18.66541666665737,1506,-8.371945
102.59736111115095,18.669027777768484,1507,-4.857011
102.47291666670648,18.50652777776846,1508,-5.0758414
102.65013888892874,18.642638888879592,1509,-3.9876544
102.6281944444843,18.6162499999907,1510,8.312193
102.6343055555954,18.640694444435148,1511,-5.685468
102.82986111115099,18.691805555546264,1512,-6.496969
102.73236111115096,18.50291666665735,1513,-3.5356507
102.54569444448428,18.423472222212894,1514,-5.369041
102.70152777781763,18.482083333324013,1515,-4.1885242
102.45180555559537,18.60763888887959,1516,-4.92372
102.86930555559543,18.4684722222129,1517,8.546349
102.65625000003985,18.63763888887959,1518,5.311321
102.73041666670653,18.504583333324018,1519,-5.9350705
102.84652777781766,18.668749999990705,1520,-6.247519
102.68152777781764,18.513472222212908,1521,6.3489842
102.50375000003983,18.491249999990682,1522,-4.7804804
102.8020833333732,18.485694444435126,1523,-5.37226
102.69597222226207,18.497361111101792,1524,-7.342743
102.45847222226205,18.747361111101828,1525,-6.6846523
102.51430555559539,18.524305555546242,1526,-3.8142962
102.43097222226204,18.398749999990667,1527,-3.0889633
102.65263888892873,18.42152777776845,1528,-5.40775
102.49819444448427,18.422916666657336,1529,7.853202
102.44513888892871,18.524027777768463,1530,4.3912926
102.56013888892872,18.432361111101784,1531,11.549211
102.7920833333732,18.65847222221293,1532,-5.4745455
102.51763888892872,18.60708333332403,1533,-3.8370237
102.76291666670653,18.405972222212892,1534,-6.447286
102.5629166667065,18.39847222221289,1535,0.92311585
102.75180555559541,18.43402777776845,1536,-5.9134316
102.87930555559544,18.61347222221292,1537,-5.8074365
102.83569444448432,18.479027777768458,1538,-6.6427727
102.45347222226204,18.57041666665736,1539,-4.6683693
102.43097222226204,18.449305555546232,1540,-5.2985334
102.72347222226207,18.42652777776845,1541,-6.718056
102.55069444448428,18.58180555554625,1542,12.56573
102.64875000003984,18.751805555546273,1543,-6.4214177
102.62486111115095,18.642638888879592,1544,-5.1224413
102.71458333337318,18.697083333324045,1545,-4.5262628
102.74375000003987,18.640972222212923,1546,-5.0000267
102.88569444448433,18.54097222221291,1547,-6.0584226
102.83125000003987,18.685694444435153,1548,-4.5767503
102.57152777781761,18.474027777768455,1549,-6.257073
102.7556944444843,18.410694444435116,1550,-3.1726778
102.85708333337321,18.551527777768467,1551,-6.9408255
102.53513888892871,18.42263888887956,1552,-4.252235
102.45486111115093,18.572361111101802,1553,-2.6444526
102.5040277778176,18.442083333324007,1554,-3.4236996
102.50958333337316,18.566805555546246,1555,-1.14336
102.66347222226207,18.419583333324006,1556,-0.44613376
102.5629166667065,18.651527777768482,1557,-5.4989657
102.4551388889287,18.649861111101814,1558,-6.5222545
102.87486111115099,18.635972222212924,1559,-8.021737
102.49958333337315,18.507361111101794,1560,-3.8246477
102.43708333337315,18.618194444435144,1561,-2.9664466
102.66736111115097,18.597916666657362,1562,10.468162
102.51763888892872,18.47374999999068,1563,-5.2105517
102.52152777781761,18.43819444443512,1564,-3.980978
102.50430555559538,18.73458333332405,1565,7.4786687
102.8645833333732,18.698194444435156,1566,-5.7384086
102.48680555559538,18.38736111110178,1567,-3.0175593
102.5918055555954,18.461249999990677,1568,-6.4209075
102.6079166667065,18.737361111101826,1569,-2.7220726
102.53097222226205,18.393749999990668,1570,-0.41402358
102.49152777781761,18.559583333324024,1571,-3.1228116
102.57597222226205,18.564861111101802,1572,15.324244
102.51513888892872,18.610972222212922,1573,-3.8831282
102.87652777781766,18.424305555546226,1574,-6.386852
102.4765277778176,18.50402777776846,1575,-6.0652013
102.78652777781764,18.72291666665738,1576,-5.15745
102.43180555559537,18.564305555546248,1577,-2.829749
102.84986111115099,18.636805555546257,1578,-6.405751
102.52819444448427,18.396527777768444,1579,8.140883
102.61680555559539,18.747916666657385,1580,-4.04389
102.6068055555954,18.397083333324,1581,-3.2487967
102.56347222226206,18.52069444443513,1582,11.877887
102.46319444448426,18.604305555546254,1583,-2.0310433
102.82541666670654,18.45319444443512,1584,-6.925164
102.79263888892875,18.75236111110183,1585,-7.2838893
102.61902777781762,18.543749999990688,1586,10.666613
102.65791666670651,18.744305555546273,1587,-4.822745
102.62208333337318,18.543749999990688,1588,10.815032
102.45125000003982,18.406527777768446,1589,-6.345967
102.75652777781764,18.759583333324052,1590,-5.315058
102.55208333337316,18.671527777768485,1591,-4.596155
102.59375000003983,18.594305555546253,1592,-5.6944304
102.7570833333732,18.416805555546226,1593,-3.892104
102.52430555559539,18.606805555546252,1594,-4.2297487
102.77625000003987,18.657638888879593,1595,-5.6088586
102.6468055555954,18.685694444435153,1596,-5.817498
102.88680555559543,18.38736111110178,1597,-2.9634438
102.48069444448427,18.40513888887956,1598,-5.3168006
102.60013888892873,18.438472222212894,1599,-3.3676317
102.56347222226206,18.68736111110182,1600,9.152485
102.61347222226206,18.68847222221293,1601,8.598814
102.6643055555954,18.438472222212894,1602,-4.856154
102.80513888892875,18.704861111101824,1603,-6.762979
102.82319444448432,18.400694444435114,1604,-5.1277633
102.71375000003985,18.539305555546242,1605,7.7999125
102.7595833333732,18.44819444443512,1606,-3.415198
102.76236111115098,18.423472222212894,1607,-7.586976
102.84430555559543,18.41374999999067,1608,-3.3399482
102.8384722222621,18.49402777776846,1609,-7.4483604
102.41541666670648,18.632083333324033,1610,-6.426106
102.80486111115098,18.748749999990718,1611,-6.930845
102.41847222226204,18.484027777768457,1612,3.500708
102.53569444448428,18.479027777768458,1613,-4.7266126
102.46958333337315,18.480694444435123,1614,-2.241645
102.47569444448426,18.58930555554625,1615,-5.263169
102.76486111115098,18.542083333324022,1616,4.2574286
102.67097222226207,18.53347222221291,1617,9.283757
102.75402777781764,18.644027777768482,1618,-6.19028
102.70402777781763,18.65069444443515,1619,9.393647
102.48375000003982,18.511249999990685,1620,-5.871694
102.59347222226206,18.561527777768468,1621,7.645632
102.55013888892873,18.7026388888796,1622,-5.6844277
102.83430555559544,18.672361111101818,1623,-5.448354
102.41875000003981,18.50402777776846,1624,-4.2863708
102.48625000003982,18.47208333332401,1625,-5.351008
102.62375000003985,18.45458333332401,1626,13.133126
102.89236111115099,18.73208333332405,1627,-6.616066
102.58541666670651,18.69847222221293,1628,-5.9701524
102.6204166667065,18.76513888887961,1629,-5.77931
102.62791666670651,18.388749999990665,1630,-3.8133538
102.71847222226208,18.680138888879597,1631,-4.985422
102.56763888892873,18.40874999999067,1632,-5.6167746
102.57680555559539,18.482916666657346,1633,-5.9016
102.6493055555954,18.468749999990678,1634,11.124038
102.71486111115097,18.464027777768454,1635,-5.4369063
102.64791666670651,18.514861111101794,1636,0.9646832
102.43208333337314,18.614305555546252,1637,-5.005519
102.87208333337321,18.512083333324018,1638,-5.5318913
102.46402777781759,18.58208333332403,1639,-4.4756193
102.5993055555954,18.510694444435128,1640,-5.965756
102.81263888892876,18.460416666657345,1641,-4.2214236
102.52375000003983,18.68124999999071,1642,-3.0207
102.79319444448431,18.52319444443513,1643,-6.8226304
102.73708333337319,18.47236111110179,1644,-5.626844
102.73347222226208,18.61208333332403,1645,-6.3682003
102.81263888892876,18.64902777776848,1646,-4.0019603
102.44458333337315,18.661527777768484,1647,-4.7842054
102.48541666670648,18.659861111101815,1648,-7.5375466
102.79013888892875,18.721527777768493,1649,-7.574369
102.80902777781765,18.534861111101797,1650,-1.8093146
102.54763888892872,18.53069444443513,1651,-5.7695827
102.58402777781761,18.71402777776849,1652,-5.80397
102.56847222226206,18.46986111110179,1653,-5.672545
102.7445833333732,18.62263888887959,1654,-6.8867965
102.45819444448426,18.65791666665737,1655,-3.4062235
102.46319444448426,18.61513888887959,1656,-5.2866497
102.42930555559538,18.510138888879574,1657,-4.1655374
102.5565277778176,18.594305555546253,1658,12.027589
102.53263888892872,18.42874999999067,1659,-3.3909485
102.64291666670651,18.524027777768463,1660,6.5464454
102.80680555559543,18.599305555546252,1661,-4.2517824
102.5929166667065,18.431805555546227,1662,-3.8572845
102.73236111115096,18.59180555554625,1663,13.558681
102.46125000003983,18.54763888887958,1664,-5.34016
102.69763888892874,18.530138888879577,1665,3.4431834
102.49875000003982,18.66319444443515,1666,-6.3949833
102.68486111115097,18.497361111101792,1667,3.2402966
102.77513888892875,18.576527777768472,1668,-7.0936303
102.74208333337319,18.66069444443515,1669,-4.1890955
102.80569444448432,18.554027777768468,1670,-5.6076503
102.70708333337319,18.440972222212896,1671,-5.10496
102.86791666670655,18.5323611111018,1672,-7.352061
102.5304166667065,18.619305555546255,1673,-4.728897
102.76180555559542,18.69902777776849,1674,9.647216
102.70902777781764,18.71819444443516,1675,-6.1773252
102.79736111115098,18.498749999990682,1676,-0.63833815
102.4526388889287,18.67458333332404,1677,-0.61169064
102.47625000003983,18.533749999990686,1678,-2.9665253
102.81263888892876,18.650972222212925,1679,-6.516611
102.78347222226209,18.42624999999067,1680,-5.659277
102.84736111115099,18.630416666657368,1681,-5.6168723
102.44736111115093,18.648472222212927,1682,-6.9355435
102.55402777781761,18.721249999990714,1683,-4.674221
102.81597222226209,18.498749999990682,1684,-5.1371574
102.47458333337316,18.52069444443513,1685,-6.726303
102.54041666670649,18.4559722222129,1686,-3.5888941
102.6068055555954,18.70736111110182,1687,-4.7652826
102.81513888892876,18.47986111110179,1688,-6.811968
102.67736111115096,18.509027777768463,1689,-5.4871273
102.41986111115092,18.488194444435123,1690,-3.4250288
102.63736111115095,18.465416666657344,1691,10.368478
102.74902777781764,18.390416666657334,1692,-4.720831
102.89263888892877,18.469027777768456,1693,-4.415283
102.7809722222621,18.620138888879588,1694,-6.1557665
102.82513888892876,18.719583333324046,1695,-7.74557
102.41430555559536,18.511249999990685,1696,-5.560295
102.86236111115099,18.48624999999068,1697,-7.1747036
102.65069444448429,18.5448611111018,1698,15.12826
102.66847222226207,18.66458333332404,1699,-5.917723
102.61458333337318,18.52347222221291,1700,9.799112
102.87986111115099,18.713749999990714,1701,-7.481068
102.6468055555954,18.614305555546252,1702,8.780302
102.52486111115094,18.557916666657356,1703,-4.4973993
102.5029166667065,18.41097222221289,1704,-5.136984
102.59097222226207,18.53958333332402,1705,9.973465
102.85791666670654,18.527361111101797,1706,-4.57351
102.76347222226208,18.402916666657337,1707,-4.5998487
102.7056944444843,18.73458333332405,1708,-6.1854525
102.47347222226205,18.58680555554625,1709,-4.6295886
102.89069444448432,18.51402777776846,1710,-6.8898153
102.84041666670655,18.430694444435115,1711,-6.913363
102.52013888892871,18.535416666657355,1712,-2.677052
102.79625000003986,18.62486111110181,1713,-7.169888
102.5943055555954,18.62236111110181,1714,-5.887995
102.88763888892876,18.6826388888796,1715,-7.2365847
102.54069444448427,18.64013888887959,1716,4.6206546
102.88902777781766,18.441805555546228,1717,-7.178767
102.58930555559539,18.686249999990707,1718,-5.396679
102.56930555559539,18.72708333332405,1719,-5.691004
102.68458333337318,18.667916666657373,1720,-6.453919
102.67013888892873,18.53847222221291,1721,9.752216
102.64513888892874,18.63513888887959,1722,6.507382
102.54013888892872,18.423749999990672,1723,11.1198635
102.87152777781766,18.66819444443515,1724,-5.7452726
102.6293055555954,18.66958333332404,1725,10.012686
102.42597222226203,18.39624999999067,1726,-3.2542598
102.83430555559544,18.46374999999068,1727,-6.8260283
102.82902777781764,18.630416666657368,1728,-4.612422
102.74763888892875,18.401805555546225,1729,-5.3586373
102.84069444448431,18.502083333324016,1730,-5.563878
102.88958333337321,18.58180555554625,1731,-5.385331
102.54375000003984,18.750416666657383,1732,-6.9370766
102.7995833333732,18.467361111101788,1733,-5.1566014
102.5329166667065,18.524861111101796,1734,-2.2418337
102.69708333337319,18.484027777768457,1735,-3.162141
102.75652777781764,18.66319444443515,1736,-6.9401593
102.86569444448432,18.42874999999067,1737,-6.3835196
102.47736111115093,18.59180555554625,1738,1.2566125
102.65097222226207,18.632083333324033,1739,11.552249
102.64291666670651,18.657361111101817,1740,8.706873
102.6518055555954,18.69374999999071,1741,-6.7278433
102.70347222226208,18.718472222212934,1742,-6.233204
102.62291666670652,18.728749999990715,1743,-6.3761606
102.68125000003985,18.685138888879596,1744,-5.868744
102.69736111115097,18.57430555554625,1745,-3.8854334
102.58763888892872,18.456805555546232,1746,-2.258528
102.61375000003984,18.42263888887956,1747,-4.7689686
102.62875000003984,18.663749999990706,1748,11.7518015
102.51708333337317,18.470138888879568,1749,-5.318119
102.78986111115098,18.569583333324026,1750,-4.4391985
102.58680555559539,18.507638888879573,1751,-6.154886
102.73708333337319,18.435972222212897,1752,-2.7680914
102.90486111115099,18.745694444435163,1753,-6.3822
102.48236111115094,18.72708333332405,1754,-6.814676
102.76652777781764,18.629305555546257,1755,-6.1854534
102.66347222226207,18.462638888879567,1756,12.260796
102.68236111115097,18.54847222221291,1757,8.546349
102.64513888892874,18.429583333324004,1758,-7.2013693
102.62208333337318,18.73569444443516,1759,-2.7842557
102.57958333337317,18.601805555546253,1760,9.932643
102.61486111115096,18.73458333332405,1761,-3.9549224
102.84375000003988,18.40347222221289,1762,-6.6743736
102.60458333337317,18.45958333332401,1763,-5.5964007
102.67680555559541,18.587361111101806,1764,9.393647
102.66736111115097,18.679027777768486,1765,-5.4017444
102.78180555559543,18.70736111110182,1766,-4.3746943
102.45708333337315,18.585694444435138,1767,-2.890378
102.8020833333732,18.685694444435153,1768,-5.441449
102.75430555559542,18.551805555546245,1769,8.087522
102.62986111115096,18.595972222212918,1770,11.629928
102.83625000003987,18.50652777776846,1771,-7.3423157
102.60458333337317,18.401249999990668,1772,-4.5330477
102.70208333337318,18.713749999990714,1773,-6.057025
102.90513888892878,18.595138888879585,1774,-1.1671972
102.46402777781759,18.681527777768487,1775,-5.50252
102.50791666670649,18.567916666657357,1776,-4.2656198
102.71486111115097,18.625972222212923,1777,-5.758367
102.66708333337318,18.5473611111018,1778,-5.859816
102.84069444448431,18.468194444435124,1779,-3.406147
102.89180555559544,18.74319444443516,1780,3.1407537
102.86763888892877,18.73458333332405,1781,-7.644652
102.87958333337322,18.724861111101827,1782,-8.354986
102.79319444448431,18.736249999990715,1783,-7.323743
102.57236111115094,18.738194444435162,1784,-5.595746
102.65097222226207,18.429583333324004,1785,-7.189053
102.56208333337317,18.70152777776849,1786,-5.891407
102.63902777781762,18.519861111101797,1787,9.319539
102.58986111115095,18.753749999990717,1788,-4.287443
102.51847222226205,18.691805555546264,1789,-5.1705775
102.50430555559538,18.422916666657336,1790,14.733103
102.53652777781761,18.406527777768446,1791,-4.823201
102.81069444448431,18.559305555546246,1792,-5.186341
102.54569444448428,18.759027777768498,1793,-6.985674
102.81375000003987,18.697916666657378,1794,-7.569488
102.84569444448432,18.50652777776846,1795,10.745782
102.65513888892873,18.45069444443512,1796,12.8459
102.79513888892876,18.648749999990702,1797,-5.4945474
102.42736111115093,18.53708333332402,1798,13.2083
102.88319444448433,18.44680555554623,1799,4.9272857
102.57458333337317,18.703749999990713,1800,-6.0852137
102.55847222226205,18.643472222212925,1801,12.396497
102.88569444448433,18.583472222212915,1802,-6.52098
102.857361111151,18.711249999990713,1803,-1.6922059
102.76763888892876,18.659861111101815,1804,-7.942979
102.75236111115098,18.666527777768483,1805,-5.7825646
102.43236111115093,18.475416666657345,1806,1.8361106
102.5904166667065,18.566249999990692,1807,12.726955
102.7281944444843,18.59208333332403,1808,-5.3909264
102.52208333337316,18.518194444435128,1809,-4.9128838
102.89791666670655,18.544583333324024,1810,-6.5995064
102.5204166667065,18.677638888879596,1811,-3.782601
102.49736111115094,18.39847222221289,1812,8.172853
102.62291666670652,18.718472222212934,1813,-5.0479074
102.62513888892873,18.50152777776846,1814,2.3068902
102.56486111115095,18.641249999990702,1815,8.834031
102.78236111115098,18.424861111101784,1816,-6.683992
102.45875000003981,18.47374999999068,1817,-4.505624
102.78513888892876,18.424305555546226,1818,-5.6718497
102.42986111115093,18.53847222221291,1819,-4.8447533
102.72625000003985,18.50152777776846,1820,-5.1486163
102.61819444448429,18.670694444435153,1821,5.5543857
102.65986111115096,18.615694444435142,1822,8.951814
102.54597222226205,18.64180555554626,1823,6.534619
102.75458333337319,18.663472222212928,1824,-6.737664
102.6329166667065,18.400694444435114,1825,12.37207
102.84236111115098,18.695694444435155,1826,-2.7299185
102.6043055555954,18.708194444435158,1827,-5.5818453
102.68152777781764,18.740138888879606,1828,-5.289584
102.51902777781761,18.6337499999907,1829,-7.496508
102.70847222226207,18.68847222221293,1830,-6.747476
102.89625000003988,18.546527777768468,1831,-7.396911
102.55458333337317,18.592361111101805,1832,12.072709
102.82125000003987,18.424305555546226,1833,-6.593225
102.52263888892871,18.563472222212912,1834,-6.2109547
102.67791666670652,18.61597222221292,1835,11.389318
102.90652777781766,18.662638888879595,1836,-6.2345076
102.58263888892873,18.564305555546248,1837,10.220325
102.64986111115095,18.578749999990695,1838,7.0873504
102.75541666670652,18.669027777768484,1839,-6.9196706
102.7206944444843,18.662083333324038,1840,9.291549
102.44291666670648,18.461249999990677,1841,-4.1622505
102.84625000003987,18.51291666665735,1842,-5.87954
102.56013888892872,18.727638888879603,1843,-6.2813306
102.7895833333732,18.526249999990686,1844,-7.1746106
102.48569444448427,18.533749999990686,1845,-5.833238
102.51069444448427,18.492361111101793,1846,-5.3917923
102.68791666670651,18.466249999990676,1847,-0.054814316
102.58569444448428,18.63097222221292,1848,7.046771
102.60625000003984,18.71541666665738,1849,-5.468111
102.46347222226204,18.617638888879586,1850,-6.0859137
102.67875000003986,18.65819444443515,1851,-5.906255
102.8809722222621,18.74986111110183,1852,-6.176238
102.88708333337321,18.488194444435123,1853,-6.0253143
102.4965277778176,18.70041666665738,1854,-4.955341
102.78986111115098,18.581249999990693,1855,-6.8490853
102.84652777781766,18.42874999999067,1856,-5.159287
102.8909722222621,18.617916666657365,1857,-6.4121594
102.57263888892872,18.50374999999068,1858,9.890083
102.71680555559541,18.404583333324002,1859,-6.5683866
102.66041666670651,18.543749999990688,1860,4.0599294
102.73513888892874,18.660416666657373,1861,4.67777
102.4590277778176,18.457638888879565,1862,-5.29091
102.54208333337317,18.49263888887957,1863,-6.0612307
102.5918055555954,18.74180555554627,1864,-1.2260119
102.72708333337319,18.747916666657385,1865,2.9884698
102.53319444448428,18.727916666657382,1866,4.0994625
102.69652777781764,18.670694444435153,1867,-6.2159696
102.54652777781762,18.600138888879584,1868,-6.839705
102.58736111115095,18.599027777768473,1869,9.393647
102.67013888892873,18.567361111101803,1870,4.4983945
102.58236111115095,18.58069444443514,1871,4.9079137
102.76819444448431,18.437083333324008,1872,-4.0317135
102.58430555559539,18.524861111101796,1873,2.8292665
102.42319444448425,18.434583333324007,1874,-5.384716
102.59513888892873,18.643749999990703,1875,15.708462
102.63652777781762,18.445972222212898,1876,9.474434
102.50875000003983,18.52041666665735,1877,-3.6810992
102.69291666670652,18.60736111110181,1878,9.114138
102.53597222226205,18.54708333332402,1879,-6.6370354
102.49319444448427,18.676249999990706,1880,-5.9075603
102.62152777781762,18.39847222221289,1881,-4.033201
102.47763888892871,18.672916666657375,1882,-6.9525557
102.81486111115098,18.455138888879564,1883,-5.6076303
102.86541666670655,18.617638888879586,1884,-2.6838274
102.87319444448433,18.611527777768476,1885,-6.2731857
102.64152777781763,18.487083333324016,1886,0.8837934
102.42875000003981,18.40486111110178,1887,-4.5977435
102.72347222226207,18.71152777776849,1888,-4.474036
102.70263888892875,18.575138888879582,1889,7.484701
102.65763888892873,18.519027777768464,1890,11.614402
102.52625000003982,18.704027777768488,1891,9.137726
102.73652777781764,18.727916666657382,1892,-5.638744
102.53486111115095,18.510972222212907,1893,-5.1856537
102.4754166667065,18.61458333332403,1894,-5.499259
102.49097222226204,18.45458333332401,1895,6.4590845
102.63319444448429,18.490972222212903,1896,18.488264
102.7970833333732,18.725138888879602,1897,-6.9648414
102.79013888892875,18.729027777768493,1898,-2.5331407
102.44291666670648,18.41374999999067,1899,-3.3399518
102.51347222226205,18.57402777776847,1900,-6.6226974
102.75208333337319,18.430694444435115,1901,-7.861898
102.42597222226203,18.609583333324032,1902,-5.787925
102.63597222226207,18.693472222212932,1903,-6.5289927
102.58958333337317,18.477083333324014,1904,-6.043256
102.90013888892877,18.415972222212893,1905,-6.525967
102.61847222226207,18.746527777768495,1906,-5.6964474
102.69875000003985,18.432083333324005,1907,-5.2793026
102.46458333337316,18.522916666657352,1908,-5.2111254
102.70486111115096,18.734027777768492,1909,-6.942165
102.80125000003987,18.46374999999068,1910,-2.1421964
102.83125000003987,18.585416666657363,1911,-7.5243754
102.59069444448428,18.500138888879572,1912,7.4477367
102.50347222226205,18.55763888887958,1913,7.4918137
102.45458333337315,18.69986111110182,1914,-6.0649104
102.86180555559544,18.55624999999069,1915,-3.8321378
102.87291666670654,18.595138888879585,1916,-7.1894813
102.5654166667065,18.76874999999072,1917,-5.369059
102.42736111115093,18.51291666665735,1918,0.3659223
102.81763888892876,18.638194444435147,1919,-6.842365
102.79180555559542,18.75347222221294,1920,-6.465988
102.86625000003988,18.387638888879554,1921,-4.1299477
102.46708333337315,18.757916666657387,1922,-5.707417
102.7770833333732,18.74847222221294,1923,-4.5662694
102.65847222226208,18.751527777768494,1924,-6.168183
102.4501388889287,18.670694444435153,1925,-4.0944667
102.47208333337315,18.404583333324002,1926,5.3977447
102.81791666670654,18.55652777776847,1927,-6.636109
102.63652777781762,18.585416666657363,1928,11.598777
102.43291666670649,18.43763888887956,1929,1.8416288
102.47736111115093,18.475694444435124,1930,1.3339221
102.61958333337317,18.502083333324016,1931,10.815032
102.6968055555954,18.7101388888796,1932,-6.3662486
102.7720833333732,18.543472222212912,1933,7.4742737
102.74180555559542,18.540694444435132,1934,7.204883
102.64847222226207,18.69624999999071,1935,-2.6466377
102.78680555559542,18.422083333324004,1936,-5.3484898
102.51319444448427,18.745694444435163,1937,-1.8685479
102.46180555559538,18.541527777768465,1938,-5.962621
102.73875000003986,18.723472222212937,1939,-6.11717
102.73402777781763,18.73347222221294,1940,-5.657875
102.54375000003984,18.747638888879607,1941,-6.6595545
102.67291666670651,18.728472222212936,1942,-4.8514023
102.71152777781764,18.76013888887961,1943,-5.60601
102.8320833333732,18.47236111110179,1944,-5.9770274
102.72708333337319,18.77013888887961,1945,-3.0402884
102.57875000003983,18.76763888887961,1946,-6.3167253
102.42069444448425,18.719861111101824,1947,-6.5276275
102.50097222226205,18.40513888887956,1948,-1.5775642
102.72625000003985,18.593749999990695,1949,5.577361
102.4176388889287,18.669027777768484,1950,-6.3531904
102.7745833333732,18.395138888879558,1951,-4.659425
102.61486111115096,18.53097222221291,1952,9.845632
102.48180555559537,18.408472222212893,1953,-2.6450603
102.86263888892877,18.472916666657344,1954,6.045081
102.72013888892874,18.614027777768477,1955,-4.7698164
102.51986111115095,18.634305555546256,1956,-7.0684247
102.5440277778176,18.569583333324026,1957,-6.174755
102.41597222226204,18.407361111101782,1958,-6.364916
102.74597222226208,18.525972222212907,1959,-1.1828531
102.61263888892873,18.59069444443514,1960,10.012686
102.49986111115093,18.513749999990683,1961,-5.2746916
102.41902777781759,18.413194444435113,1962,-6.2567835
102.80763888892876,18.610972222212922,1963,-6.6462846
102.88125000003988,18.634861111101813,1964,-5.4717493
102.44069444448427,18.609583333324032,1965,-5.798456
102.78013888892876,18.763472222212943,1966,7.0370727
102.52097222226205,18.634583333324034,1967,-7.2396054
102.49486111115094,18.458749999990676,1968,-4.38645
102.66263888892874,18.599305555546252,1969,2.7856295
102.81625000003987,18.665138888879596,1970,-6.792045
102.83930555559543,18.64819444443515,1971,-6.822227
102.67958333337319,18.53597222221291,1972,9.750321
102.6756944444843,18.715972222212937,1973,-5.7848253
102.72708333337319,18.675138888879594,1974,5.469241
102.54652777781762,18.643194444435146,1975,10.64641
102.86375000003987,18.624305555546254,1976,-5.159266
102.57125000003984,18.550416666657355,1977,9.627067
102.43125000003981,18.41763888887956,1978,-4.50694
102.6193055555954,18.609027777768475,1979,11.276378
102.55263888892873,18.545416666657356,1980,5.9322524
102.83930555559543,18.48874999999068,1981,-6.214805
102.71597222226208,18.48013888887957,1982,-6.804875
102.85763888892876,18.664861111101818,1983,-5.1915593
102.74347222226208,18.594861111101807,1984,-4.4471617
102.88875000003988,18.400694444435114,1985,-4.962495
102.62708333337318,18.662361111101816,1986,7.47909
102.73791666670652,18.7051388888796,1987,0.671339
102.80736111115098,18.679305555546264,1988,-7.1408753
102.52375000003983,18.492361111101793,1989,-4.956148
102.56902777781761,18.42180555554623,1990,-2.620484
102.61958333337317,18.399861111101778,1991,-3.5259626
102.7156944444843,18.64291666665737,1992,-6.9478035
102.70402777781763,18.428194444435118,1993,-5.1222687
102.58097222226206,18.464027777768454,1994,-2.9569945
102.78152777781764,18.40374999999067,1995,-5.0856905
102.84430555559543,18.551805555546245,1996,-4.8565154
102.71625000003985,18.391527777768445,1997,-0.8335845
102.5943055555954,18.487083333324016,1998,10.832127
102.902361111151,18.77013888887961,1999,-6.5391703
102.52763888892872,18.48513888887957,2000,-5.5014596
102.86486111115099,18.654861111101816,2001,-1.1492436
102.85430555559543,18.391527777768445,2002,1.2643023
102.59069444448428,18.517083333324017,2003,9.266379
102.8345833333732,18.5373611111018,2004,-4.878941
102.69041666670653,18.73930555554627,2005,-4.940844
102.77097222226209,18.69624999999071,2006,-6.1551013
102.66652777781762,18.700972222212933,2007,-5.082292
102.4740277778176,18.536527777768466,2008,-5.406211
102.49625000003982,18.59319444443514,2009,-4.1663623
102.87375000003988,18.592638888879584,2010,-6.0685043
102.7256944444843,18.554027777768468,2011,9.890083
102.6218055555954,18.681805555546262,2012,4.9073205
102.65486111115096,18.594861111101807,2013,9.827121
102.80625000003987,18.546527777768468,2014,-6.3732524
102.83819444448432,18.4659722222129,2015,-5.795683
102.53375000003983,18.5448611111018,2016,-6.2923956
102.58486111115094,18.536527777768466,2017,5.979574
102.46597222226204,18.4784722222129,2018,-4.727812
102.54847222226205,18.727638888879603,2019,-2.490735
102.50847222226204,18.39736111110178,2020,-5.2261863
102.70263888892875,18.607916666657363,2021,8.087193
102.90180555559544,18.52958333332402,2022,-6.137071
102.7895833333732,18.409027777768447,2023,-5.7126384
102.81541666670654,18.567083333324025,2024,-7.2673693
102.84486111115099,18.76513888887961,2025,-6.8869843
102.68402777781763,18.544583333324024,2026,8.834031
102.43458333337315,18.77013888887961,2027,-5.539519
102.68125000003985,18.522361111101798,2028,10.121885
102.41847222226204,18.762916666657386,2029,-4.3699565
102.90347222226211,18.6337499999907,2030,-7.9496574
102.85458333337321,18.72402777776849,2031,-7.8714433
102.62847222226206,18.645972222212926,2032,10.998045
102.70152777781763,18.392361111101778,2033,-4.695745
102.44597222226204,18.61236111110181,2034,-4.6473804
102.75902777781764,18.47374999999068,2035,-6.371619
102.46208333337316,18.715694444435158,2036,-5.1925626
102.84902777781765,18.765416666657387,2037,-7.745891
102.64097222226206,18.58930555554625,2038,11.124038
102.5054166667065,18.635694444435146,2039,-6.156204
102.8934722222621,18.474305555546234,2040,7.4477367
102.8634722222621,18.738472222212938,2041,-3.8467336
102.44069444448427,18.576805555546247,2042,-2.9003847
102.84375000003988,18.490694444435125,2043,6.386557
102.5415277778176,18.444861111101787,2044,-4.4388247
102.5793055555954,18.759583333324052,2045,-3.9464955
102.90569444448433,18.593749999990695,2046,-7.2314386
102.43625000003982,18.646249999990705,2047,-4.2649546
102.88847222226211,18.610694444435143,2048,-5.3376484
102.69402777781764,18.638472222212926,2049,2.8336987
102.80236111115099,18.42402777776845,2050,-5.679391
102.90013888892877,18.551527777768467,2051,-7.4560914
102.74541666670653,18.45708333332401,2052,-4.186075
102.45819444448426,18.430694444435115,2053,-4.027172
102.89486111115099,18.613194444435145,2054,-2.3281918
102.66236111115096,18.73291666665738,2055,-5.996131
102.76041666670653,18.737916666657384,2056,-7.543837
102.73152777781763,18.678749999990707,2057,7.7718067
102.84625000003987,18.49902777776846,2058,-3.01893
102.5165277778176,18.447638888879563,2059,-4.1639657
102.59486111115095,18.525138888879574,2060,10.188577
102.65375000003985,18.62513888887959,2061,10.897724
102.67402777781763,18.649861111101814,2062,-6.0546775
102.63263888892874,18.713749999990714,2063,-4.824958
102.43013888892871,18.479305555546237,2064,-3.4989078
102.7093055555954,18.51319444443513,2065,-5.8305902
102.65513888892873,18.5473611111018,2066,10.28095
102.81986111115098,18.49486111110179,2067,-5.7366843
102.4501388889287,18.769861111101832,2068,-5.816865
102.46597222226204,18.74069444443516,2069,-5.9916253
102.45930555559538,18.633194444435144,2070,-4.084924
102.80347222226209,18.390416666657334,2071,-7.0697875
102.78430555559542,18.559583333324024,2072,-5.054636
102.7670833333732,18.52708333332402,2073,6.2141733
102.43847222226204,18.414583333324003,2074,-2.273298
102.54013888892872,18.6212499999907,2075,4.753892
102.80180555559542,18.45569444443512,2076,-6.3927975
102.81819444448432,18.433472222212895,2077,-5.581312
102.48847222226205,18.408194444435114,2078,-1.1405386
102.89458333337322,18.45430555554623,2079,-6.963095
102.7720833333732,18.7101388888796,2080,-6.36713
102.76236111115098,18.745694444435163,2081,-5.9885283
102.85652777781766,18.508749999990684,2082,-5.9226904
102.43097222226204,18.676805555546263,2083,-5.3182364
102.80486111115098,18.599305555546252,2084,0.6473356
102.71736111115096,18.459027777768455,2085,-5.789013
102.48875000003983,18.552916666657357,2086,-5.574192
102.58652777781762,18.43680555554623,2087,-5.345768
102.8470833333732,18.556805555546244,2088,-4.330907
102.88819444448433,18.72569444443516,2089,-7.7964168
102.72625000003985,18.42624999999067,2090,-5.5897145
102.86652777781765,18.639305555546258,2091,-5.7454066
102.68902777781763,18.45708333332401,2092,-4.836445
102.55902777781762,18.437083333324008,2093,-4.059074
102.49236111115094,18.397916666657334,2094,-3.3393786
102.90541666670654,18.54097222221291,2095,-6.173723
102.63236111115096,18.650972222212925,2096,4.4280467
102.72958333337318,18.422083333324004,2097,-6.200407
102.64041666670651,18.412083333324002,2098,-5.7799873
102.4604166667065,18.397916666657334,2099,-4.628427
102.7581944444843,18.517361111101796,2100,-6.1994896
102.6054166667065,18.744861111101827,2101,9.408453
102.52402777781761,18.57152777776847,2102,-5.940139
102.79847222226209,18.525138888879574,2103,-6.3607183
102.52958333337317,18.75986111110183,2104,-6.6702127
102.68375000003985,18.43041666665734,2105,-5.4694633
102.4940277778176,18.597361111101808,2106,9.87165
102.77875000003986,18.585694444435138,2107,-0.9516819
102.85069444448432,18.744027777768494,2108,-5.4091396
102.7495833333732,18.552083333324024,2109,9.750321
102.8859722222621,18.586249999990695,2110,-4.9623623
102.54486111115094,18.72569444443516,2111,-5.8947086
102.89708333337322,18.756805555546276,2112,-6.475247
102.62263888892873,18.763472222212943,2113,-6.203048
102.89875000003988,18.392638888879556,2114,-6.6169615
102.6818055555954,18.7665277777685,2115,-5.087987
102.63986111115095,18.730138888879605,2116,-5.500267
102.47680555559538,18.50541666665735,2117,-6.170512
102.7320833333732,18.527361111101797,2118,12.021091
102.51430555559539,18.632083333324033,2119,-6.5579658
102.48847222226205,18.74069444443516,2120,2.329711
102.90319444448433,18.742638888879604,2121,-7.118511
102.75597222226209,18.41152777776845,2122,-1.3752085
102.75847222226209,18.746805555546274,2123,-6.956365
102.87958333337322,18.39736111110178,2124,-4.9454784
102.7934722222621,18.557916666657356,2125,-6.9771657
102.66652777781762,18.399583333324003,2126,-3.1883533
102.66458333337319,18.69152777776849,2127,-6.2239523
102.83180555559542,18.50374999999068,2128,-6.8680496
102.71208333337319,18.73930555554627,2129,-3.6838937
102.5290277778176,18.669027777768484,2130,9.204002
102.64347222226206,18.723749999990716,2131,-5.849359
102.89763888892877,18.458194444435122,2132,-5.7521887
102.70513888892874,18.651249999990704,2133,9.676151
102.82263888892876,18.575138888879582,2134,-5.6101813
102.84013888892876,18.509861111101795,2135,-5.629719
102.69180555559541,18.71152777776849,2136,-5.7477984
102.8170833333732,18.645972222212926,2137,-6.5392175
102.64902777781762,18.697916666657378,2138,-6.6315975
102.57652777781762,18.59680555554625,2139,3.3275702
102.78013888892876,18.491805555546236,2140,-0.4749271
102.85625000003988,18.45208333332401,2141,3.059425
102.63708333337318,18.630694444435147,2142,0.40532938
102.7031944444843,18.401805555546225,2143,-3.883718
102.61680555559539,18.657361111101817,2144,10.538779
102.71625000003985,18.72291666665738,2145,-5.4740853
102.47625000003983,18.704861111101824,2146,-7.002847
102.57458333337317,18.69986111110182,2147,-5.7814865
102.82402777781765,18.53124999999069,2148,-3.3462944
102.79263888892875,18.389305555546223,2149,8.826441
102.49930555559538,18.739861111101828,2150,7.447734
102.48930555559538,18.654027777768484,2151,-6.180075
102.5579166667065,18.501805555546238,2152,-4.668898
102.43097222226204,18.730972222212937,2153,-6.3164783
102.45986111115093,18.4534722222129,2154,-2.1992106
102.4265277778176,18.493194444435126,2155,-2.2406793
102.78347222226209,18.554027777768468,2156,-6.544883
102.75236111115098,18.518194444435128,2157,-6.672205
102.62013888892874,18.498749999990682,2158,-6.409383
102.66236111115096,18.702083333324044,2159,-5.8275995
102.52930555559539,18.74208333332405,2160,8.524529
102.85930555559543,18.61597222221292,2161,-7.081043
102.84430555559543,18.481805555546234,2162,-0.4098103
102.41625000003981,18.729583333324047,2163,-6.93531
102.77513888892875,18.399027777768445,2164,-3.868638
102.65541666670651,18.57930555554625,2165,12.322537
102.4126388889287,18.5523611111018,2166,-6.007299
102.52319444448428,18.661249999990705,2167,-0.8177898
102.42986111115093,18.46069444443512,2168,-3.4248707
102.85763888892876,18.551527777768467,2169,-6.5567265
102.57958333337317,18.739861111101828,2170,8.524529
102.4415277778176,18.51458333332402,2171,7.6082964
102.58152777781761,18.631805555546258,2172,10.8111925
102.61069444448428,18.69124999999071,2173,11.55905
102.52541666670649,18.736527777768494,2174,8.154463
102.50013888892872,18.416805555546226,2175,-1.9534409
102.63625000003985,18.70124999999071,2176,2.86544
102.72541666670652,18.748749999990718,2177,-5.8852096
102.54958333337316,18.631805555546258,2178,11.866577
102.63986111115095,18.52180555554624,2179,8.364027
102.68152777781764,18.482361111101792,2180,-4.9590926
102.72236111115097,18.70874999999071,2181,-6.9282084
102.60513888892874,18.476527777768457,2182,10.468162
102.47180555559538,18.63152777776848,2183,-5.9746823
102.55347222226206,18.441249999990674,2184,9.252987
102.87986111115099,18.751805555546273,2185,-6.4844494
102.50458333337316,18.697916666657378,2186,-6.82244
102.5929166667065,18.578749999990695,2187,10.604737
102.52763888892872,18.548194444435133,2188,-3.66357
102.64458333337318,18.544305555546245,2189,11.111299
102.87875000003989,18.570694444435137,2190,-6.8882284
102.6093055555954,18.56124999999069,2191,6.1482096
102.70041666670652,18.466527777768455,2192,-5.388076
102.71041666670652,18.587638888879585,2193,8.70689
102.8984722222621,18.726527777768492,2194,-7.1989455
102.67430555559541,18.471527777768458,2195,8.7005
102.71930555559541,18.52041666665735,2196,-5.024864
102.6343055555954,18.449305555546232,2197,2.693197
102.58569444448428,18.688194444435155,2198,-3.7967954
102.74597222226208,18.41124999999067,2199,-5.9958687
102.50930555559538,18.448749999990675,2200,-4.5182343
102.86486111115099,18.525138888879574,2201,-6.690311
102.44847222226204,18.603194444435143,2202,-5.507524
102.69541666670652,18.48791666665735,2203,-4.8718224
102.87041666670655,18.567083333324025,2204,-6.143012
102.74652777781763,18.509583333324017,2205,-6.9904656
102.6831944444843,18.634305555546256,2206,10.121885
102.84041666670655,18.675138888879594,2207,-5.910903
102.77486111115097,18.48652777776846,2208,-6.948121
102.81513888892876,18.43652777776845,2209,-4.577688
102.78402777781764,18.455416666657342,2210,-6.0108294
102.77180555559542,18.722083333324047,2211,-6.7522373
102.83902777781765,18.587361111101806,2212,-7.078404
102.6556944444843,18.544583333324024,2213,10.625791
102.67013888892873,18.741249999990718,2214,-3.5534756
102.72041666670653,18.562083333324026,2215,9.112361
102.81291666670654,18.693194444435154,2216,-6.8874125
102.4815277778176,18.459027777768455,2217,-3.0519223
102.56069444448428,18.569583333324026,2218,11.77187
102.80541666670653,18.390972222212888,2219,-7.2817407
102.7206944444843,18.667638888879594,2220,10.220325
102.65402777781763,18.59847222221292,2221,8.834031
102.76986111115097,18.612916666657366,2222,-5.993468
102.82041666670654,18.67347222221293,2223,-4.9734044
102.53958333337316,18.423749999990672,2224,12.027589
102.62236111115095,18.574583333324025,2225,0.8838422
102.5993055555954,18.517361111101796,2226,9.527178
102.52875000003984,18.677916666657374,2227,11.152381
102.56486111115095,18.589861111101808,2228,11.804445
102.78180555559543,18.754027777768496,2229,-5.7833414
102.6131944444843,18.66847222221293,2230,11.254399
102.6518055555954,18.5573611111018,2231,9.46264
102.67902777781762,18.641249999990702,2232,-3.7547357
102.88375000003988,18.694027777768486,2233,-3.4259374
102.44208333337315,18.564583333324023,2234,-5.005322
102.47680555559538,18.44041666665734,2235,10.902754
102.44263888892871,18.555694444435133,2236,-4.8565574
102.5993055555954,18.535694444435133,2237,10.0504265
102.83236111115099,18.627361111101813,2238,-4.914626
102.78125000003986,18.653749999990705,2239,-6.380037
102.64958333337319,18.42902777776845,2240,-5.454058
102.72708333337319,18.70930555554627,2241,-3.9667091
102.43430555559537,18.49374999999068,2242,-4.5070553
102.5943055555954,18.65430555554626,2243,12.3065
102.54763888892872,18.49652777776846,2244,-5.745116
102.80875000003986,18.75097222221294,2245,-6.7907248
102.63791666670652,18.636805555546257,2246,-4.359836
102.55958333337317,18.557083333324023,2247,11.072078
102.60625000003984,18.498749999990682,2248,-5.8958135
102.77930555559541,18.7151388888796,2249,-4.0998344
102.83625000003987,18.520138888879575,2250,-4.221442
102.57486111115095,18.42263888887956,2251,-3.6616948
102.6093055555954,18.724861111101827,2252,-6.763822
102.59208333337317,18.474583333324013,2253,-7.12523
102.6406944444843,18.575138888879582,2254,11.637391
102.62597222226206,18.398194444435113,2255,-0.8551622
102.59125000003984,18.38819444443511,2256,14.740467
102.75597222226209,18.412083333324002,2257,-1.7464118
102.63736111115095,18.61513888887959,2258,8.7005
102.59986111115096,18.66819444443515,2259,-4.662286
102.66180555559541,18.558472222212913,2260,9.964121
102.58597222226206,18.4684722222129,2261,1.4488248
102.85791666670654,18.453749999990677,2262,-6.605993
102.74402777781764,18.70624999999071,2263,-4.1428037
102.59125000003984,18.389861111101776,2264,7.3829656
102.41680555559537,18.684027777768485,2265,-5.8385954
102.44958333337316,18.674027777768487,2266,-2.4381275
102.82236111115098,18.661805555546263,2267,-6.180822
102.4276388889287,18.638472222212926,2268,-0.8717324
102.50347222226205,18.435972222212897,2269,6.915169
102.89902777781766,18.75347222221294,2270,-6.4844546
102.78763888892875,18.707083333324046,2271,-7.469944
102.66041666670651,18.458194444435122,2272,14.74364
102.70013888892875,18.476805555546235,2273,-7.184367
102.80402777781765,18.562916666657358,2274,-7.6410775
102.47958333337316,18.59208333332403,2275,-5.5051503
102.53263888892872,18.678749999990707,2276,3.00318
102.65486111115096,18.563472222212912,2277,8.013748
102.90347222226211,18.713749999990714,2278,-7.680011
102.82708333337321,18.441805555546228,2279,-6.3596416
102.87180555559543,18.483472222212903,2280,-6.3481483
102.71625000003985,18.619027777768476,2281,-5.865129
102.82652777781765,18.4559722222129,2282,-5.6811066
102.65986111115096,18.629583333324035,2283,10.832127
102.55458333337317,18.423194444435115,2284,-5.4328766
102.87652777781766,18.477638888879568,2285,-6.681942
102.47291666670648,18.762083333324053,2286,-6.5242295
102.71791666670653,18.479027777768458,2287,-2.8195658
102.46958333337315,18.57402777776847,2288,-3.814416
102.66652777781762,18.45458333332401,2289,2.968271
102.66847222226207,18.498472222212904,2290,6.1279426
102.70597222226208,18.564583333324023,2291,-5.36984
102.68152777781764,18.74986111110183,2292,-6.317321
102.78291666670653,18.696527777768488,2293,0.1178272
102.7995833333732,18.40624999999067,2294,-4.3691597
102.62513888892873,18.40513888887956,2295,-5.1457877
102.7445833333732,18.57291666665736,2296,7.0373178
102.88652777781766,18.521249999990687,2297,-4.6117325
102.51458333337317,18.56402777776847,2298,8.041537
102.74402777781764,18.411805555546227,2299,-6.3392096
102.52152777781761,18.585416666657363,2300,-5.5850244
102.68652777781763,18.76597222221294,2301,-7.574758
102.65652777781763,18.62097222221292,2302,10.251097
102.6806944444843,18.573472222212914,2303,11.161308
102.90402777781766,18.521527777768462,2304,-5.4190674
102.8709722222621,18.619583333324034,2305,-6.6340847
102.58541666670651,18.449027777768453,2306,-4.974349
102.71680555559541,18.70736111110182,2307,-3.7969406
102.85652777781766,18.593749999990695,2308,-5.9440675
102.53763888892873,18.754861111101828,2309,1.2797705
102.52458333337316,18.642083333324035,2310,-5.433168
102.72263888892874,18.449305555546232,2311,-5.315743
102.58013888892873,18.459305555546234,2312,-5.408924
102.65875000003984,18.49791666665735,2313,8.951814
102.43486111115092,18.461249999990677,2314,-4.974419
102.46430555559537,18.504583333324018,2315,0.7461137
102.51319444448427,18.42624999999067,2316,-3.3401506
102.61986111115095,18.629583333324035,2317,7.9640603
102.44319444448426,18.73319444443516,2318,-6.0029936
102.47708333337316,18.559583333324024,2319,-4.475457
102.68708333337318,18.647083333324037,2320,9.712533
102.52402777781761,18.682916666657373,2321,5.9747534
102.7820833333732,18.507361111101794,2322,-6.914422
102.88680555559543,18.570694444435137,2323,-6.485711
102.43236111115093,18.410694444435116,2324,-3.5928538
102.73541666670653,18.50430555554624,2325,-5.774511
102.70041666670652,18.54124999999069,2326,3.674097
102.6981944444843,18.522916666657352,2327,6.538152
102.50486111115094,18.654583333324037,2328,-6.9503236
102.57319444448429,18.5548611111018,2329,12.17069
102.59986111115096,18.533749999990686,2330,10.365507
102.50486111115094,18.49680555554624,2331,-5.744111
102.48375000003982,18.563194444435137,2332,-4.2812133
102.8495833333732,18.64291666665737,2333,-6.138603
102.68125000003985,18.738194444435162,2334,-7.51466
102.83736111115098,18.44041666665734,2335,-4.348535
102.79736111115098,18.515138888879573,2336,-6.9250555
102.78986111115098,18.455416666657342,2337,-6.945947
102.6693055555954,18.66319444443515,2338,-5.759843
102.47125000003982,18.450416666657343,2339,-6.339928
102.46597222226204,18.6212499999907,2340,-4.6579566
102.69180555559541,18.573472222212914,2341,8.301429
102.5004166667065,18.41374999999067,2342,-4.6958523
102.42625000003981,18.489305555546235,2343,-2.3264463
102.51097222226205,18.459027777768455,2344,-4.0651636
102.90069444448433,18.475694444435124,2345,5.7492404
102.51902777781761,18.696527777768488,2346,-3.0207703
102.72763888892875,18.546527777768468,2347,4.853443
102.78847222226209,18.500138888879572,2348,-5.478072
102.58763888892872,18.58041666665736,2349,7.392214
102.63097222226207,18.480416666657348,2350,9.644874
102.80597222226208,18.70152777776849,2351,-6.364377
102.59569444448428,18.537638888879577,2352,11.098394
102.4290277778176,18.494305555546237,2353,2.5024884
102.8934722222621,18.669305555546263,2354,-5.8992376
102.55375000003983,18.65180555554626,2355,-5.2114677
102.84652777781766,18.551805555546245,2356,-7.303836
102.89430555559544,18.467916666657345,2357,-6.2864275
102.6281944444843,18.54013888887958,2358,5.90679
102.6968055555954,18.534027777768465,2359,5.0378036
102.60847222226207,18.59819444443514,2360,6.286375
102.47291666670648,18.512083333324018,2361,-5.49668
102.78347222226209,18.734027777768492,2362,-7.941884
102.71902777781763,18.452638888879566,2363,-3.071675
102.7406944444843,18.633472222212923,2364,-5.737439
102.5929166667065,18.455138888879564,2365,-6.0587635
102.85569444448431,18.60569444443514,2366,-6.069412
102.70902777781764,18.44430555554623,2367,-7.566791
102.75597222226209,18.633472222212923,2368,-6.9129853
102.46986111115093,18.752916666657384,2369,-6.982367
102.60513888892874,18.73291666665738,2370,-6.030847
102.6981944444843,18.54624999999069,2371,10.338108
102.83347222226209,18.73180555554627,2372,-6.7352586
102.82986111115099,18.76763888887961,2373,-6.853002
102.50680555559538,18.561805555546247,2374,-3.37025
102.82569444448431,18.60763888887959,2375,-7.2372
102.89625000003988,18.458749999990676,2376,-0.17532909
102.77041666670652,18.760416666657385,2377,-7.4401474
102.51875000003983,18.614027777768477,2378,-6.488634
102.60819444448428,18.720972222212936,2379,-6.4339986
102.49736111115094,18.528749999990687,2380,-4.046048
102.48625000003982,18.516527777768463,2381,-5.834403
102.48319444448427,18.736805555546272,2382,-4.413958
102.6281944444843,18.660416666657373,2383,11.072078
102.79541666670653,18.48902777776846,2384,-6.470085
102.44763888892871,18.58152777776847,2385,-2.424077
102.46180555559538,18.43902777776845,2386,-4.265869
102.8709722222621,18.545694444435135,2387,-7.3338404
102.63402777781762,18.64541666665737,2388,-4.697039
102.63958333337318,18.640972222212923,2389,-3.0485656
102.8609722222621,18.42152777776845,2390,-0.027129069
102.73986111115097,18.56513888887958,2391,4.1794095
102.61902777781762,18.602083333324032,2392,10.913472
102.60319444448429,18.402916666657337,2393,-2.5469732
102.58902777781762,18.57402777776847,2394,6.1276283
102.6293055555954,18.695972222212934,2395,-5.0666065
102.53319444448428,18.753749999990717,2396,13.698536
102.70875000003986,18.636527777768478,2397,-2.1102052
102.47013888892872,18.52958333332402,2398,-5.6523366
102.5290277778176,18.42624999999067,2399,9.472052
102.45347222226204,18.485694444435126,2400,-4.569858
102.82569444448431,18.735138888879604,2401,-7.457703
102.89513888892877,18.64958333332404,2402,-1.0447687
102.4401388889287,18.559861111101803,2403,-5.791207
102.5154166667065,18.4609722222129,2404,-4.7691355
102.8984722222621,18.424583333324005,2405,-5.4653807
102.65041666670652,18.464305555546233,2406,11.359759
102.46569444448427,18.461527777768456,2407,-4.758337
102.83375000003987,18.712638888879603,2408,-5.8831778
102.63958333337318,18.44708333332401,2409,3.3753045
102.56486111115095,18.432638888879563,2410,-4.3263183
102.81013888892876,18.662916666657374,2411,-6.2950163
102.44180555559538,18.51041666665735,2412,-3.3400111
102.8345833333732,18.522361111101798,2413,-4.2555737
102.74041666670652,18.764583333324055,2414,-6.904889
102.70208333337318,18.552083333324024,2415,5.426046
102.41291666670648,18.398749999990667,2416,-5.4748273
102.70875000003986,18.558194444435134,2417,6.7545896
102.4879166667065,18.57541666665736,2418,-4.118688
102.5779166667065,18.633472222212923,2419,-0.000760123
102.59263888892873,18.626527777768477,2420,-4.647463
102.83819444448432,18.652361111101815,2421,-6.4401827
102.4840277778176,18.662083333324038,2422,0.1779332
102.84902777781765,18.543749999990688,2423,8.407862
102.6281944444843,18.423472222212894,2424,-4.9558926
102.64291666670651,18.409305555546226,2425,-6.074384
102.50791666670649,18.45458333332401,2426,-1.6422436
102.61680555559539,18.743749999990715,2427,-4.065188
102.49680555559539,18.53819444443513,2428,11.005639
102.86791666670655,18.508472222212905,2429,-1.2003174
102.60847222226207,18.393749999990668,2430,-2.3197956
102.64486111115096,18.483194444435124,2431,10.012686
102.42486111115093,18.38819444443511,2432,8.381595
102.71041666670652,18.445138888879562,2433,-7.617366
102.74263888892875,18.535416666657355,2434,7.8963337
102.63208333337317,18.55513888887958,2435,1.0313259
102.57902777781761,18.68847222221293,2436,-5.9564285
102.90597222226211,18.40624999999067,2437,-3.051137
102.48847222226205,18.65041666665737,2438,-1.3380038
102.43458333337315,18.517083333324017,2439,11.121753
102.78625000003987,18.609305555546253,2440,-4.8196173
102.77291666670654,18.405416666657334,2441,4.199326
102.42347222226203,18.569305555546247,2442,-5.6746264
102.72125000003986,18.669305555546263,2443,6.63173
102.64513888892874,18.524305555546242,2444,9.239496
102.55402777781761,18.525138888879574,2445,-4.8830338
102.43625000003982,18.668749999990705,2446,-6.273088
102.81013888892876,18.65652777776848,2447,-7.047135
102.64541666670651,18.524861111101796,2448,9.750321
102.41375000003981,18.579861111101806,2449,-4.095781
102.53875000003983,18.68124999999071,2450,8.309904
102.4540277778176,18.659861111101815,2451,-7.1697807
102.63458333337317,18.620416666657366,2452,9.319539
102.64291666670651,18.60097222221292,2453,6.415285
102.49541666670649,18.64958333332404,2454,-6.894663
102.70708333337319,18.392638888879556,2455,-7.30913
102.81375000003987,18.735416666657382,2456,-6.2855487
102.42958333337315,18.49402777776846,2457,-3.8137834
102.90263888892878,18.422916666657336,2458,7.0478506
102.58986111115095,18.442361111101786,2459,-4.230552
102.62208333337318,18.60458333332403,2460,11.149038
102.73847222226208,18.69097222221293,2461,4.2933717
102.76236111115098,18.741249999990718,2462,-6.696142
102.81541666670654,18.727916666657382,2463,-7.2609005
102.58486111115094,18.666527777768483,2464,-3.321353
102.41791666670647,18.424861111101784,2465,-4.9153113
102.55152777781761,18.636249999990703,2466,13.095744
102.72291666670652,18.47208333332401,2467,-6.2672997
102.88013888892877,18.61458333332403,2468,10.214898
102.86930555559543,18.47236111110179,2469,6.701691
102.69708333337319,18.391805555546224,2470,-2.010093
102.6131944444843,18.507361111101794,2471,6.8950696
102.49319444448427,18.420694444435114,2472,-3.8137374
102.74041666670652,18.514861111101794,2473,-6.9920692
102.857361111151,18.73208333332405,2474,-4.4424605
102.5604166667065,18.492361111101793,2475,-6.470032
102.77152777781764,18.49263888887957,2476,-6.7098584
102.55458333337317,18.452638888879566,2477,-4.657845
102.79652777781764,18.593472222212917,2478,3.398409
102.75041666670653,18.670972222212928,2479,-5.7854714
102.60347222226206,18.517916666657353,2480,10.848934
102.68847222226208,18.449583333324007,2481,-6.84038
102.71152777781764,18.415416666657336,2482,-4.8717666
102.47125000003982,18.4709722222129,2483,6.8212066
102.6668055555954,18.584861111101805,2484,4.498293
102.56375000003983,18.387916666657333,2485,-4.9120274
102.72875000003985,18.648472222212927,2486,-1.8023459
102.70708333337319,18.40347222221289,2487,-5.4231634
102.49791666670649,18.457916666657344,2488,-3.953354
102.42375000003982,18.765694444435166,2489,-3.4804704
102.73986111115097,18.638472222212926,2490,-5.2183385
102.58986111115095,18.550972222212913,2491,10.418151
102.67736111115096,18.525416666657353,2492,10.88251
102.57319444448429,18.594583333324028,2493,11.161308
102.46319444448426,18.68986111110182,2494,-5.411178
102.88319444448433,18.46208333332401,2495,-7.5665393
102.6543055555954,18.598749999990698,2496,8.834031
102.73097222226208,18.585138888879584,2497,-4.4477105
102.62763888892873,18.713194444435157,2498,-5.8967085
102.65625000003985,18.516527777768463,2499,11.710417
102.66208333337318,18.762361111101832,2500,-5.3911295
102.41875000003981,18.60486111110181,2501,-3.7134233
102.72736111115097,18.404027777768448,2502,-4.773263
102.5754166667065,18.462638888879567,2503,-3.7601612
102.79486111115098,18.73069444443516,2504,-6.2598715
102.7406944444843,18.480416666657348,2505,-6.591245
102.83680555559543,18.709583333324044,2506,-6.5051193
102.57125000003984,18.731249999990716,2507,-4.5629687
102.50513888892871,18.522638888879573,2508,-6.120598
102.47486111115093,18.405694444435113,2509,18.759293
102.41847222226204,18.74458333332405,2510,-7.1491413
102.42625000003981,18.410694444435116,2511,-5.093881
102.60486111115095,18.693194444435154,2512,-4.3525696
102.68486111115097,18.460416666657345,2513,-4.5688486
102.51986111115095,18.42124999999067,2514,8.834031
102.76013888892875,18.53597222221291,2515,9.271044
102.63763888892873,18.471527777768458,2516,5.205106
102.47236111115093,18.679027777768486,2517,-5.9244356
102.89958333337322,18.492916666657347,2518,-5.7216043
102.52763888892872,18.485416666657347,2519,-5.5448666
102.4940277778176,18.67986111110182,2520,-6.990814
102.64458333337318,18.73069444443516,2521,-5.857784
102.43013888892871,18.508194444435127,2522,8.140883
102.5040277778176,18.68124999999071,2523,-7.292462
102.83902777781765,18.39597222221289,2524,-5.46835
102.89319444448432,18.601527777768474,2525,-6.713326
102.73791666670652,18.667638888879594,2526,-6.839286
102.74847222226208,18.50569444443513,2527,-5.4516377
102.6493055555954,18.48152777776846,2528,10.251097
102.67902777781762,18.43013888887956,2529,-5.6276937
102.77263888892875,18.68486111110182,2530,-6.883972
102.59875000003984,18.44708333332401,2531,-4.298114
102.62013888892874,18.702916666657377,2532,-4.8248844
102.85041666670654,18.415416666657336,2533,-6.029988
102.72625000003985,18.64763888887959,2534,-6.505782
102.83180555559542,18.418194444435116,2535,-5.6084614
102.6731944444843,18.630416666657368,2536,3.2995126
102.4904166667065,18.428472222212893,2537,6.6972404
102.73541666670653,18.50680555554624,2538,-3.0922203
102.4526388889287,18.45486111110179,2539,-4.031987
102.57430555559539,18.390694444435113,2540,-3.4721427
102.50208333337316,18.736249999990715,2541,7.7987533
102.42375000003982,18.746249999990717,2542,-5.881097
102.42486111115093,18.425416666657338,2543,-5.041612
102.82763888892876,18.65819444443515,2544,-4.843664
102.80125000003987,18.652083333324036,2545,-5.160762
102.51430555559539,18.635694444435146,2546,-6.957965
102.47319444448426,18.51152777776846,2547,-6.1235394
102.53347222226205,18.570972222212916,2548,-4.620582
102.72097222226208,18.535694444435133,2549,8.140883
102.43041666670648,18.672638888879597,2550,-4.8931155
102.58569444448428,18.73180555554627,2551,-5.8679857
102.5704166667065,18.480972222212902,2552,-6.9908156
102.80125000003987,18.60763888887959,2553,-7.247162
102.59902777781761,18.441249999990674,2554,-4.325616
102.74486111115097,18.59319444443514,2555,-4.3113627
102.62097222226207,18.584583333324026,2556,8.364027
102.78430555559542,18.454027777768452,2557,-5.5948544
102.80513888892875,18.625972222212923,2558,-3.9425836
102.80680555559543,18.66736111110182,2559,-7.701541
102.47736111115093,18.585694444435138,2560,-3.4473026
102.75375000003986,18.456805555546232,2561,-6.4081254
102.56069444448428,18.758194444435162,2562,-6.637407
102.71680555559541,18.713749999990714,2563,-5.4906383
102.79569444448431,18.702916666657377,2564,-6.61299
102.73125000003986,18.53097222221291,2565,6.2141533
102.79763888892876,18.530416666657352,2566,-5.4288435
102.87791666670654,18.52708333332402,2567,-5.8634343
102.70097222226208,18.58902777776847,2568,8.013742
102.45375000003982,18.53069444443513,2569,-6.9263053
102.7195833333732,18.725138888879602,2570,-4.4139776
102.81236111115098,18.409027777768447,2571,-6.8829226
102.57708333337317,18.410416666657337,2572,15.440342
102.65402777781763,18.50402777776846,2573,3.656531
102.56819444448428,18.618472222212922,2574,12.736004
102.85458333337321,18.492361111101793,2575,-6.8482327
102.68402777781763,18.694305555546265,2576,-6.3068514
102.74819444448431,18.601805555546253,2577,-6.6061335
102.59208333337317,18.677361111101817,2578,-5.247159
102.44097222226203,18.636527777768478,2579,1.875782
102.76930555559542,18.48624999999068,2580,-4.9258914
102.46375000003982,18.768194444435164,2581,8.474095
102.44486111115093,18.439861111101784,2582,-5.013985
102.81180555559543,18.64902777776848,2583,-5.1878715
102.57680555559539,18.64958333332404,2584,-5.10692
102.81041666670653,18.448749999990675,2585,-5.926425
102.55263888892873,18.677361111101817,2586,-5.5145626
102.78513888892876,18.533749999990686,2587,-4.397927
102.887361111151,18.763194444435165,2588,-6.163862
102.73180555559541,18.58791666665736,2589,-0.8956669
102.87013888892876,18.745972222212938,2590,-6.583228
102.67597222226208,18.526805555546243,2591,10.311853
102.86513888892877,18.467916666657345,2592,0.11609986
102.81652777781765,18.447638888879563,2593,-1.9706932
102.4265277778176,18.39597222221289,2594,-4.2657857
102.79847222226209,18.49624999999068,2595,-4.6608157
102.74430555559542,18.567638888879582,2596,17.826962
102.8784722222621,18.58819444443514,2597,-6.6561255
102.5793055555954,18.483472222212903,2598,-6.7121863
102.5454166667065,18.520972222212908,2599,-5.065196
102.61041666670651,18.767083333324052,2600,-4.8067203
102.88652777781766,18.491527777768457,2601,-6.5768156
102.79819444448431,18.620138888879588,2602,-2.3802903
102.49152777781761,18.692083333324042,2603,-6.8684826
102.47875000003982,18.603194444435143,2604,-4.777011
102.67236111115096,18.432916666657338,2605,-5.1497703
102.66041666670651,18.4709722222129,2606,13.600964
102.90041666670655,18.73347222221294,2607,-5.165366
102.54180555559539,18.546805555546246,2608,-5.897787
102.7645833333732,18.620138888879588,2609,-6.738586
102.71486111115097,18.459861111101787,2610,-5.1293387
102.87569444448432,18.6162499999907,2611,-6.6514525
102.66652777781762,18.42513888887956,2612,-1.5481368
102.51069444448427,18.625694444435144,2613,-6.597539
102.71597222226208,18.498194444435125,2614,-6.7673798
102.72125000003986,18.521527777768462,2615,-7.2454066
102.66263888892874,18.50291666665735,2616,12.101735
102.49847222226205,18.413472222212892,2617,-4.858558
102.58597222226206,18.49263888887957,2618,10.492259
102.55208333337316,18.595972222212918,2619,11.985698
102.55208333337316,18.457916666657344,2620,-4.9175014
102.75430555559542,18.536249999990687,2621,6.8659763
102.90458333337321,18.644861111101815,2622,-5.576095
102.77347222226209,18.65652777776848,2623,-1.9355342
102.63819444448428,18.45069444443512,2624,4.394753
102.61458333337318,18.659027777768483,2625,11.405386
102.47763888892871,18.48124999999068,2626,10.835187
102.67791666670652,18.73180555554627,2627,-6.579561
102.54708333337317,18.763472222212943,2628,-5.6131425
102.83541666670654,18.41013888887956,2629,-7.062342
102.49208333337316,18.677083333324042,2630,-5.4704537
102.8195833333732,18.73708333332405,2631,-5.9623103
102.44263888892871,18.71930555554627,2632,-7.433383
102.73430555559541,18.442083333324007,2633,-6.6908126
102.50958333337316,18.45708333332401,2634,-4.4330344
102.61097222226206,18.509305555546238,2635,9.169276
102.8170833333732,18.663472222212928,2636,-4.237983
102.42597222226203,18.475138888879567,2637,-3.1191828
102.42291666670648,18.517638888879574,2638,-4.1183534
102.64041666670651,18.597361111101808,2639,10.705833
102.87486111115099,18.74041666665738,2640,-6.339938
102.41430555559536,18.643472222212925,2641,-7.8665967
102.66597222226207,18.57124999999069,2642,10.848934
102.54097222226206,18.730138888879605,2643,-5.2951784
102.71097222226207,18.485416666657347,2644,-6.6106057
102.51013888892872,18.583749999990694,2645,-5.962968
102.83652777781765,18.57291666665736,2646,-6.3860607
102.76597222226208,18.63152777776848,2647,-6.089754
102.88791666670654,18.559583333324024,2648,-6.8102007
102.48263888892872,18.74097222221294,2649,-6.909719
102.56486111115095,18.497083333324014,2650,-6.684259
102.78263888892876,18.594861111101807,2651,-7.201961
102.44680555559538,18.497361111101792,2652,-3.6810665
102.7170833333732,18.453749999990677,2653,-3.4743257
102.6443055555954,18.728749999990715,2654,-5.8009267
102.62625000003985,18.445138888879562,2655,-6.7566347
102.75347222226209,18.51152777776846,2656,-7.836688
102.59986111115096,18.63013888887959,2657,-1.3106692
102.65013888892874,18.597916666657362,2658,11.136616
102.46458333337316,18.51541666665735,2659,-6.3929114
102.8620833333732,18.559861111101803,2660,-7.166534
102.62458333337318,18.422916666657336,2661,14.019381
102.45930555559538,18.448472222212896,2662,-3.019117
102.4651388889287,18.75208333332405,2663,-7.5207577
102.68930555559541,18.728749999990715,2664,-5.5278344
102.61486111115096,18.616805555546254,2665,4.0216155
102.63791666670652,18.472916666657344,2666,9.527178
102.47291666670648,18.603749999990697,2667,-4.7580714
102.75763888892875,18.575694444435136,2668,6.537851
102.85958333337321,18.71680555554627,2669,0.7894433
102.43569444448426,18.754305555546274,2670,-6.2336144
102.65152777781762,18.50569444443513,2671,18.547802
102.48569444448427,18.532638888879575,2672,-1.230252
102.58541666670651,18.617083333324032,2673,-2.493442
102.51263888892872,18.713194444435157,2674,7.279032
102.59763888892873,18.553194444435135,2675,20.995323
102.81541666670654,18.642638888879592,2676,-5.973126
102.58652777781762,18.469305555546235,2677,-5.023438
102.76875000003986,18.650972222212925,2678,-6.5083437
102.66708333337318,18.494583333324016,2679,-5.9249115
102.52680555559539,18.64291666665737,2680,-5.001747
102.61652777781762,18.63902777776848,2681,10.220325
102.51513888892872,18.50569444443513,2682,-5.351035
102.85958333337321,18.469027777768456,2683,-4.1515183
102.8170833333732,18.40486111110178,2684,-7.143673
102.42597222226203,18.67486111110182,2685,-4.821592
102.77736111115098,18.738194444435162,2686,-2.7608328
102.89680555559544,18.40986111110178,2687,-6.3284273
102.48458333337315,18.629305555546257,2688,-4.0644464
102.8934722222621,18.727638888879603,2689,-7.385
102.48958333337316,18.427083333324006,2690,6.9840717
102.70625000003986,18.63763888887959,2691,-3.610215
102.4990277778176,18.542916666657355,2692,-5.8649125
102.68708333337318,18.53097222221291,2693,7.853202
102.8709722222621,18.66958333332404,2694,-3.984551
102.6131944444843,18.517916666657353,2695,8.7005
102.67291666670651,18.417361111101783,2696,-6.502674
102.59736111115095,18.437083333324008,2697,-4.3489614
102.58680555559539,18.4709722222129,2698,-6.6493444
102.4690277778176,18.71791666665738,2699,-5.6917043
102.73847222226208,18.51180555554624,2700,-4.4707108
102.51486111115094,18.447361111101785,2701,-5.2901754
102.41902777781759,18.54847222221291,2702,-1.9212773
102.7406944444843,18.762361111101832,2703,-5.195179
102.90319444448433,18.427083333324006,2704,-6.742285
102.72902777781763,18.54624999999069,2705,10.604737
102.58263888892873,18.625416666657365,2706,-7.1664796
102.52986111115094,18.75597222221294,2707,-4.8453665
102.77986111115098,18.45291666665734,2708,-6.4552794
102.45236111115094,18.68069444443515,2709,-6.36518
102.64486111115096,18.69236111110182,2710,-4.5286674
102.6354166667065,18.69986111110182,2711,-3.8803275
102.46180555559538,18.615416666657364,2712,-4.5549655
102.71902777781763,18.70874999999071,2713,-4.812746
102.42375000003982,18.42513888887956,2714,-3.8694174
102.44625000003981,18.73930555554627,2715,-5.1711655
102.77847222226208,18.7151388888796,2716,-4.863828
102.65097222226207,18.713749999990714,2717,-5.3625875
102.85486111115098,18.52847222221291,2718,-3.3501585
102.8234722222621,18.639305555546258,2719,-6.637487
102.64736111115096,18.52208333332402,2720,9.587803
102.8070833333732,18.702916666657377,2721,-5.5818777
102.76402777781765,18.534583333324022,2722,12.505741
102.80736111115098,18.587361111101806,2723,10.600021
102.64569444448429,18.610972222212922,2724,11.37393
102.5454166667065,18.729305555546272,2725,-6.297243
102.74208333337319,18.498472222212904,2726,-3.8926544
102.83513888892877,18.484027777768457,2727,-1.5055451
102.69708333337319,18.769861111101832,2728,-7.5232744
102.6543055555954,18.619305555546255,2729,2.2879667
102.43319444448426,18.769861111101832,2730,-2.4147863
102.65986111115096,18.50152777776846,2731,11.902084
102.79152777781765,18.634305555546256,2732,-6.5018635
102.68958333337319,18.564305555546248,2733,-4.6281896
102.48986111115093,18.742916666657383,2734,6.5072737
102.6043055555954,18.432083333324005,2735,-5.2493167
102.70152777781763,18.73347222221294,2736,-4.098776
102.42152777781759,18.741527777768493,2737,-5.177357
102.69263888892874,18.616527777768475,2738,6.1481023
102.86041666670654,18.56652777776847,2739,-6.663738
102.61902777781762,18.704583333324045,2740,15.90571
102.62375000003985,18.53874999999069,2741,2.4386137
102.49958333337315,18.670972222212928,2742,-5.003281
102.76486111115098,18.550972222212913,2743,5.452141
102.48819444448426,18.618749999990698,2744,-3.5356264
102.80875000003986,18.52708333332402,2745,-5.660025
102.55625000003984,18.495972222212902,2746,-6.4651628
102.49430555559537,18.613194444435145,2747,7.0050526
102.5904166667065,18.483194444435124,2748,7.61034
102.52986111115094,18.39624999999067,2749,-3.3392549
102.54569444448428,18.55458333332402,2750,10.705833
102.74875000003986,18.727916666657382,2751,-6.9634275
102.58152777781761,18.760694444435163,2752,-5.341372
102.82819444448431,18.397916666657334,2753,-6.47423
102.54513888892872,18.44541666665734,2754,-4.4329553
102.5179166667065,18.5498611111018,2755,-5.890559
102.49236111115094,18.65430555554626,2756,-5.7773533
102.48208333337315,18.587361111101806,2757,-4.608737
102.70097222226208,18.42902777776845,2758,-5.202995
102.53875000003983,18.6387499999907,2759,11.017269
102.71097222226207,18.67347222221293,2760,-3.2551806
102.42819444448426,18.729583333324047,2761,-6.891657
102.52430555559539,18.760416666657385,2762,-2.3058968
102.41597222226204,18.405972222212892,2763,-6.085825
102.69152777781763,18.54708333332402,2764,7.811863
102.64736111115096,18.599305555546252,2765,9.939119
102.69597222226207,18.705972222212935,2766,-4.4859595
102.58152777781761,18.67986111110182,2767,9.003059
102.70041666670652,18.406805555546224,2768,-6.312002
102.5265277778176,18.68736111110182,2769,5.9060836
102.80152777781764,18.587638888879585,2770,6.0078692
102.46236111115093,18.698194444435156,2771,0.9217362
102.85125000003987,18.64930555554626,2772,-7.069486
102.86875000003988,18.491805555546236,2773,-4.118193
102.58930555559539,18.74847222221294,2774,-5.935126
102.67791666670652,18.429861111101783,2775,-3.8731732
102.89375000003989,18.534027777768465,2776,-4.844802
102.42208333337315,18.6826388888796,2777,5.514869
102.49930555559538,18.693472222212932,2778,-7.18684
102.58680555559539,18.654583333324037,2779,-5.7098293
102.87986111115099,18.762083333324053,2780,-5.102997
102.71541666670652,18.438472222212894,2781,-6.412905
102.5993055555954,18.711805555546267,2782,-6.1635356
102.42791666670648,18.536805555546245,2783,-1.0742176
102.44347222226205,18.600694444435142,2784,-6.7688327
102.87152777781766,18.40986111110178,2785,-7.5933423
102.69847222226207,18.441249999990674,2786,-2.9547286
102.44625000003981,18.662638888879595,2787,-3.1539533
102.88625000003988,18.557083333324023,2788,-6.3386197
102.89819444448433,18.41874999999067,2789,-7.5575852
102.52680555559539,18.48652777776846,2790,-5.790438
102.57847222226206,18.76374999999072,2791,-6.9765596
102.5368055555954,18.74319444443516,2792,-2.5610943
102.53069444448427,18.643749999990703,2793,11.379562
102.81291666670654,18.596527777768475,2794,-6.015934
102.60763888892873,18.71930555554627,2795,-5.295179
102.8020833333732,18.560694444435136,2796,-5.6337175
102.78402777781764,18.552083333324024,2797,-5.695089
102.57763888892873,18.466527777768455,2798,-3.1826875
102.7706944444843,18.65930555554626,2799,-3.6072242
102.7945833333732,18.523749999990685,2800,-6.4707804
102.54680555559538,18.696805555546266,2801,-3.7826037
102.78902777781765,18.433194444435117,2802,-6.273932
102.8495833333732,18.396527777768444,2803,-6.957544
102.67208333337318,18.403194444435112,2804,-6.870313
102.5440277778176,18.519027777768464,2805,-6.453023
102.44291666670648,18.74347222221294,2806,-7.033853
102.67708333337319,18.499861111101794,2807,-2.6754138
102.46541666670649,18.498749999990682,2808,-2.427881
102.46847222226204,18.477638888879568,2809,8.301452
102.61625000003984,18.43791666665734,2810,-0.14341037
102.8959722222621,18.61513888887959,2811,-7.5514855
102.60319444448429,18.54124999999069,2812,9.573998
102.72625000003985,18.49513888887957,2813,-3.5728283
102.57319444448429,18.71041666665738,2814,-4.2572536
102.49875000003982,18.736249999990715,2815,-5.381452
102.6468055555954,18.471805555546233,2816,10.897724
102.67680555559541,18.74708333332405,2817,-3.27888
102.69625000003985,18.670694444435153,2818,-5.9261003
102.76347222226208,18.617083333324032,2819,-5.6284537
102.89263888892877,18.656249999990706,2820,-6.907019
102.58236111115095,18.765694444435166,2821,-7.0435753
102.56097222226205,18.617638888879586,2822,12.538415
102.68958333337319,18.48152777776846,2823,-5.663722
102.53430555559538,18.64819444443515,2824,11.243226
102.90680555559544,18.449861111101786,2825,-6.4888196
102.65458333337318,18.580972222212917,2826,7.250104
102.42930555559538,18.551805555546245,2827,-2.6835186
102.6029166667065,18.460138888879566,2828,-5.660409
102.87569444448432,18.752638888879606,2829,-4.585955
102.77236111115097,18.600138888879584,2830,-4.893544
102.84680555559542,18.50263888887957,2831,8.447067
102.6981944444843,18.452638888879566,2832,-4.615885
102.73875000003986,18.416527777768447,2833,-4.9589725
102.90486111115099,18.757916666657387,2834,-6.7894816
102.45430555559537,18.489305555546235,2835,-3.3403614
102.8409722222621,18.449583333324007,2836,-6.1624327
102.86013888892876,18.513472222212908,2837,-5.791972
102.88875000003988,18.522638888879573,2838,-4.450304
102.59097222226207,18.686249999990707,2839,-5.234926
102.85930555559543,18.636805555546257,2840,-4.3865113
102.74625000003986,18.440972222212896,2841,-4.3000193
102.88680555559543,18.704583333324045,2842,-5.8586655
102.61152777781761,18.57319444443514,2843,-6.6045475
102.87652777781766,18.635972222212924,2844,-5.80856
102.4801388889287,18.66847222221293,2845,-7.6726995
102.67902777781762,18.682916666657373,2846,-4.4364233
102.59541666670651,18.610416666657365,2847,-4.74133
102.84680555559542,18.661805555546263,2848,-6.8898387
102.4740277778176,18.498194444435125,2849,-2.5774987
102.57208333337317,18.62097222221292,2850,2.9166057
102.68347222226207,18.753749999990717,2851,-4.189066
102.65930555559541,18.68847222221293,2852,-7.643221
102.89930555559543,18.526805555546243,2853,-4.820746
102.87513888892877,18.51458333332402,2854,-5.4253845
102.47236111115093,18.584027777768473,2855,-3.6597266
102.72847222226208,18.4684722222129,2856,-4.35191
102.68486111115097,18.46458333332401,2857,5.305962
102.76486111115098,18.76513888887961,2858,-7.8354974
102.51763888892872,18.499583333324015,2859,-6.1405945
102.45791666670648,18.394583333324,2860,-3.2092397
102.50458333337316,18.733749999990717,2861,-2.4271667
102.76041666670653,18.485694444435126,2862,-0.7489699
102.66708333337318,18.67319444443515,2863,-6.6803217
102.84513888892876,18.527361111101797,2864,-5.573365
102.76930555559542,18.660416666657373,2865,-4.9979196
102.44375000003981,18.483472222212903,2866,-6.145751
102.48041666670649,18.755138888879607,2867,-4.571392
102.87763888892877,18.489305555546235,2868,-5.6413865
102.72097222226208,18.522361111101798,2869,-3.0274143
102.47791666670649,18.721249999990714,2870,-6.168776
102.81569444448432,18.501249999990684,2871,-5.875425
102.78152777781764,18.60347222221292,2872,-7.561361
102.42875000003981,18.51152777776846,2873,-3.8142414
102.90569444448433,18.732361111101827,2874,-7.397473
102.42208333337315,18.71930555554627,2875,-5.1327996
102.84763888892877,18.696805555546266,2876,-4.9342937
102.65458333337318,18.510694444435128,2877,6.1278915
102.83402777781765,18.55347222221291,2878,-6.959215
102.81680555559542,18.75069444443516,2879,-4.934227
102.80819444448431,18.75847222221294,2880,-6.890876
102.69347222226207,18.539027777768467,2881,3.482346
102.70736111115096,18.533749999990686,2882,7.4849315
102.70152777781763,18.73958333332405,2883,-6.8170156
102.54680555559538,18.752916666657384,2884,-5.8804502
102.71597222226208,18.698194444435156,2885,1.4613768
102.70541666670653,18.757916666657387,2886,-4.1470957
102.89430555559544,18.530138888879577,2887,-3.691434
102.6556944444843,18.72319444443516,2888,-5.2142806
102.90208333337321,18.458194444435122,2889,-1.3006307
102.6581944444843,18.531527777768463,2890,11.525274
102.46458333337316,18.400416666657335,2891,0.9847271
102.88430555559543,18.690694444435152,2892,-6.1191535
102.64263888892873,18.459861111101787,2893,11.359759
102.50680555559538,18.49680555554624,2894,-5.126399
102.7006944444843,18.43402777776845,2895,-3.880147
102.48708333337316,18.75986111110183,2896,-3.9029217
102.5165277778176,18.73486111110183,2897,13.634233
102.80652777781765,18.672361111101818,2898,-7.243704
102.71680555559541,18.399583333324003,2899,-0.8988377
102.7809722222621,18.482361111101792,2900,-3.104473
102.66097222226207,18.65652777776848,2901,-6.013749
102.90486111115099,18.56902777776847,2902,-3.8144605
102.899861111151,18.49791666665735,2903,-5.975149
102.72625000003985,18.59708333332403,2904,-5.0325727
102.51486111115094,18.458194444435122,2905,-2.4640582
102.54125000003984,18.68986111110182,2906,6.9205413
102.47680555559538,18.569305555546247,2907,-5.3402824
102.7345833333732,18.708194444435158,2908,-5.507677
102.75902777781764,18.73569444443516,2909,-7.267056
102.54097222226206,18.560416666657357,2910,-6.403743
102.4604166667065,18.579583333324027,2911,-1.7250458
102.60486111115095,18.565694444435135,2912,9.87842
102.84458333337321,18.59819444443514,2913,-6.3880405
102.65763888892873,18.731249999990716,2914,-3.3155072
102.89263888892877,18.458194444435122,2915,-6.6887646
102.74152777781764,18.578194444435137,2916,6.9169784
102.55930555559539,18.69236111110182,2917,0.45149645
102.55736111115094,18.59069444443514,2918,10.717381
102.78041666670653,18.456527777768454,2919,-5.3639865
102.45569444448427,18.592361111101805,2920,-3.7616148
102.49458333337316,18.534583333324022,2921,-5.6943035
102.66986111115096,18.658749999990704,2922,-4.800828
102.48347222226205,18.47263888887957,2923,-5.303657
102.61652777781762,18.544305555546245,2924,10.468162
102.87625000003987,18.69124999999071,2925,-6.6446123
102.70208333337318,18.455138888879564,2926,-4.1371183
102.72847222226208,18.75597222221294,2927,-5.2330956
102.46375000003982,18.51402777776846,2928,-2.6212306
102.56458333337316,18.64902777776848,2929,-3.1161463
102.71125000003985,18.478194444435125,2930,-5.7424355
102.7745833333732,18.630416666657368,2931,-6.5843334
102.49347222226204,18.519861111101797,2932,-4.974731
102.8534722222621,18.494305555546237,2933,-6.157308
102.60375000003984,18.67319444443515,2934,-5.3216057
102.45708333337315,18.69624999999071,2935,-6.8277154
102.8495833333732,18.40986111110178,2936,-4.9791236
102.82291666670653,18.435694444435118,2937,-3.5919707
102.65625000003985,18.559583333324024,2938,5.906697
102.74875000003986,18.45486111110179,2939,-5.830976
102.90458333337321,18.714583333324047,2940,-0.95390373
102.63958333337318,18.545416666657356,2941,12.235229
102.84125000003988,18.67347222221293,2942,-6.557091
102.4865277778176,18.50402777776846,2943,-5.6468678
102.89486111115099,18.39430555554622,2944,-5.2107873
102.4801388889287,18.537916666657356,2945,-4.773184
102.44513888892871,18.522638888879573,2946,-3.3403003
102.57819444448428,18.67986111110182,2947,-6.6822667
102.76569444448431,18.677916666657374,2948,-7.1897597
102.5415277778176,18.46319444443512,2949,-5.067114
102.80069444448431,18.501805555546238,2950,3.2447839
102.8345833333732,18.430694444435115,2951,-6.453336
102.60125000003984,18.764305555546276,2952,-5.339954
102.66902777781763,18.554027777768468,2953,9.319539
102.61125000003985,18.75097222221294,2954,-5.2506785
102.48958333337316,18.501249999990684,2955,-4.4389644
102.49875000003982,18.559861111101803,2956,-3.6709535
102.54069444448427,18.558194444435134,2957,-6.457865
102.43208333337314,18.64791666665737,2958,-3.8333921
102.74791666670653,18.593472222212917,2959,-6.0010695
102.81930555559542,18.708194444435158,2960,-2.9808352
102.57708333337317,18.499305555546236,2961,4.495923
102.70708333337319,18.551527777768467,2962,8.546349
102.74625000003986,18.761805555546275,2963,-5.1179733
102.5154166667065,18.468194444435124,2964,-3.276108
102.5415277778176,18.759583333324052,2965,-4.123628
102.7281944444843,18.689305555546266,2966,-5.9421973
102.72986111115097,18.610138888879586,2967,-5.6849203
102.56513888892873,18.446249999990673,2968,1.662672
102.56347222226206,18.48624999999068,2969,-6.0044537
102.50875000003983,18.45319444443512,2970,-5.3608484
102.67236111115096,18.568472222212915,2971,10.881723
102.84430555559543,18.493194444435126,2972,-6.248961
102.5379166667065,18.75597222221294,2973,-5.193184
102.56736111115094,18.617638888879586,2974,6.7659755
102.75541666670652,18.722638888879604,2975,-6.2029753
102.47319444448426,18.507361111101794,2976,1.9832169
102.89541666670655,18.551249999990688,2977,-6.922323
102.7856944444843,18.485416666657347,2978,-6.23071
102.44986111115092,18.695138888879598,2979,-5.525394
102.51263888892872,18.521527777768462,2980,-4.406049
102.50625000003983,18.57541666665736,2981,-4.0337305
102.55597222226206,18.42791666665734,2982,-5.2220016
102.67041666670652,18.745138888879605,2983,-6.5737286
102.79875000003987,18.659027777768483,2984,-5.440875
102.87291666670654,18.59041666665736,2985,-1.8727727
102.67236111115096,18.446527777768452,2986,-6.0584188
102.80986111115098,18.43763888887956,2987,-5.624419
102.47958333337316,18.467916666657345,2988,7.685174
102.63152777781762,18.710694444435156,2989,-3.947157
102.55569444448427,18.692916666657375,2990,-3.8334787
102.88680555559543,18.500416666657348,2991,-6.40582
102.86541666670655,18.462916666657343,2992,-1.1811255
102.76347222226208,18.441805555546228,2993,-3.9960845
102.70097222226208,18.756249999990718,2994,-1.8475679
102.47291666670648,18.433749999990674,2995,-3.670361
102.85513888892876,18.58319444443514,2996,-6.103123
102.69013888892874,18.490416666657346,2997,-4.8121195
102.60208333337317,18.68236111110182,2998,-4.9756904
102.7256944444843,18.65958333332404,2999,7.7992063
102.49513888892871,18.500694444435126,3000,-3.6595309
102.78541666670654,18.599305555546252,3001,-6.7321444
102.87041666670655,18.66680555554626,3002,-7.032221
102.52347222226206,18.65541666665737,3003,-5.5017004
102.8784722222621,18.635972222212924,3004,-6.144632
102.61236111115095,18.58013888887958,3005,10.28095
102.66736111115097,18.760694444435163,3006,-7.228804
102.49097222226204,18.425416666657338,3007,9.112395
102.5279166667065,18.58430555554625,3008,-6.610866
102.70208333337318,18.41097222221289,3009,-6.7763066
102.48763888892871,18.555694444435133,3010,-6.3250875
102.54597222226205,18.59097222221292,3011,-7.4236207
102.48486111115093,18.729027777768493,3012,-7.164077
102.65375000003985,18.557083333324023,3013,9.845632
102.6943055555954,18.494583333324016,3014,-6.8321953
102.90625000003989,18.435694444435118,3015,16.108088
102.64541666670651,18.477916666657347,3016,10.583231
102.90069444448433,18.6162499999907,3017,-6.2635117
102.70263888892875,18.676527777768484,3018,-6.622713
102.61736111115096,18.57902777776847,3019,6.7545896
102.61986111115095,18.67847222221293,3020,8.7005
102.87791666670654,18.63152777776848,3021,-6.001869
102.49986111115093,18.5473611111018,3022,-2.7798183
102.74513888892875,18.563472222212912,3023,9.879212
102.84791666670654,18.44291666665734,3024,-3.330391
102.70736111115096,18.41402777776845,3025,-7.721174
102.5479166667065,18.52819444443513,3026,-5.921728
102.72236111115097,18.619583333324034,3027,-5.1867957
102.75513888892876,18.491805555546236,3028,-6.2773857
102.4526388889287,18.76874999999072,3029,-3.8104973
102.60763888892873,18.414305555546225,3030,-3.7122808
102.57375000003984,18.47736111110179,3031,-1.8739026
102.67152777781763,18.68236111110182,3032,-6.2735777
102.88319444448433,18.602638888879586,3033,-4.7573233
102.44708333337316,18.759305555546273,3034,-6.766682
102.46930555559538,18.65680555554626,3035,-6.205014
102.60763888892873,18.460138888879566,3036,-7.4240522
102.62236111115095,18.676527777768484,3037,8.891154
102.90152777781766,18.769583333324054,3038,-5.925719
102.64652777781762,18.59680555554625,3039,6.1481404
102.66736111115097,18.684305555546263,3040,-5.7650003
102.52430555559539,18.41124999999067,3041,-4.438588
102.61986111115095,18.46458333332401,3042,10.251097
102.8734722222621,18.52458333332402,3043,-6.421456
102.83875000003988,18.66958333332404,3044,-6.6721263
102.72013888892874,18.455416666657342,3045,-4.282811
102.64291666670651,18.568749999990693,3046,7.79974
102.59652777781761,18.759027777768498,3047,-6.767861
102.55263888892873,18.566249999990692,3048,6.8992796
102.62875000003984,18.424583333324005,3049,-6.0685124
102.44097222226203,18.42041666665734,3050,-2.600545
102.44875000003982,18.69097222221293,3051,-3.8813822
102.59513888892873,18.678749999990707,3052,-5.662027
102.82125000003987,18.456249999990675,3053,-5.7381444
102.44763888892871,18.434861111101785,3054,-3.159585
102.72263888892874,18.410416666657337,3055,-6.910522
102.61125000003985,18.611527777768476,3056,9.644961
102.78652777781764,18.401527777768447,3057,-6.638258
102.8084722222621,18.439583333324006,3058,-4.400862
102.75486111115097,18.61347222221292,3059,-6.099369
102.50236111115093,18.41236111110178,3060,-1.585024
102.7106944444843,18.60986111110181,3061,-5.853881
102.45736111115093,18.619027777768476,3062,-5.924709
102.5415277778176,18.441527777768453,3063,0.12973173
102.75402777781764,18.65680555554626,3064,-6.974307
102.5115277778176,18.72708333332405,3065,-1.2600352
102.72736111115097,18.688194444435155,3066,-5.24999
102.73430555559541,18.709583333324044,3067,-5.05465
102.80652777781765,18.43930555554623,3068,-5.8869514
102.78263888892876,18.458749999990676,3069,-6.937659
102.45208333337315,18.522916666657352,3070,-4.5737214
102.61736111115096,18.52847222221291,3071,10.963093
102.81930555559542,18.629583333324035,3072,-4.6827965
102.43430555559537,18.738472222212938,3073,-5.5905285
102.6706944444843,18.50513888887957,3074,9.239496
102.8209722222621,18.46319444443512,3075,-5.0443506
102.55763888892872,18.460138888879566,3076,-3.232219
102.8234722222621,18.6262499999907,3077,-3.2316809
102.58875000003984,18.6826388888796,3078,-5.8539214
102.89125000003988,18.686805555546265,3079,-5.7319517
102.53125000003983,18.695972222212934,3080,0.34788007
102.85180555559543,18.717361111101823,3081,-7.3859673
102.66486111115096,18.76013888887961,3082,-0.47872454
102.48125000003982,18.493472222212905,3083,-1.9538834
102.5643055555954,18.54624999999069,3084,12.510332
102.56097222226205,18.74180555554627,3085,-5.871742
102.6706944444843,18.605138888879587,3086,11.017269
102.90652777781766,18.52847222221291,3087,-5.1395574
102.47986111115094,18.405694444435113,3088,-2.560974
102.53097222226205,18.585416666657363,3089,-4.6525087
102.59625000003984,18.572361111101802,3090,9.699028
102.89819444448433,18.762361111101832,3091,-5.2740855
102.58513888892873,18.57291666665736,3092,11.265449
102.5415277778176,18.630416666657368,3093,10.881723
102.49263888892871,18.594861111101807,3094,-3.7824893
102.72902777781763,18.455138888879564,3095,-2.995737
102.69513888892874,18.712361111101824,3096,-5.452023
102.87041666670655,18.657361111101817,3097,-2.2734134
102.48930555559538,18.517638888879574,3098,-1.8232114
102.80875000003986,18.596249999990697,3099,-6.221802
102.43375000003982,18.46486111110179,3100,-5.5397067
102.53125000003983,18.467083333324013,3101,8.768358
102.54319444448427,18.764583333324055,3102,-3.7058997
102.87263888892876,18.724861111101827,3103,-7.2522154
102.89291666670655,18.526805555546243,3104,-6.5366817
102.76541666670653,18.704861111101824,3105,-5.3765874
102.54902777781761,18.50291666665735,3106,-6.5139365
102.81125000003988,18.76513888887961,3107,-5.4941916
102.69152777781763,18.637083333324036,3108,9.408776
102.49375000003982,18.627361111101813,3109,-7.1305914
102.51625000003983,18.673749999990708,3110,8.086804
102.60875000003985,18.404027777768448,3111,-4.76851
102.7181944444843,18.5448611111018,3112,6.009962
102.44791666670649,18.655138888879595,3113,-5.929069
102.56986111115094,18.483194444435124,3114,14.784187
102.5643055555954,18.754027777768496,3115,-2.2905629
102.63736111115095,18.6337499999907,3116,-4.939137
102.42597222226203,18.714583333324047,3117,-6.1925755
102.85236111115098,18.717638888879602,3118,-6.4041095
102.87319444448433,18.68236111110182,3119,-5.67141
102.4415277778176,18.597638888879587,3120,-5.219408
102.78652777781764,18.449305555546232,3121,-6.6975455
102.5179166667065,18.594583333324028,3122,-4.461422
102.44791666670649,18.58152777776847,3123,-3.3402514
102.65097222226207,18.406527777768446,3124,13.317769
102.90041666670655,18.618472222212922,3125,-6.45958
102.8170833333732,18.68736111110182,3126,-6.95841
102.66347222226207,18.39569444443511,3127,-4.5288324
102.68875000003985,18.64652777776848,3128,7.985722
102.64541666670651,18.69986111110182,3129,-5.6640286
102.65763888892873,18.397083333324,3130,-4.512293
102.48208333337315,18.477083333324014,3131,-4.7692094
102.85208333337322,18.728472222212936,3132,-5.4682646
102.51375000003982,18.635416666657367,3133,-6.5003786
102.66402777781762,18.590138888879583,3134,12.067796
102.5040277778176,18.710694444435156,3135,-2.0072346
102.7406944444843,18.71680555554627,3136,-5.140646
102.46541666670649,18.68847222221293,3137,-6.777729
102.79013888892875,18.64902777776848,3138,-5.183804
102.83763888892877,18.449027777768453,3139,-5.871622
102.62236111115095,18.475694444435124,3140,10.5934925
102.68013888892874,18.553194444435135,3141,0.6304788
102.7970833333732,18.567083333324025,3142,-7.386918
102.44291666670648,18.651249999990704,3143,-6.8618402
102.42097222226204,18.667916666657373,3144,-6.1545563
102.69958333337318,18.448749999990675,3145,-6.020114
102.60152777781762,18.432083333324005,3146,16.145561
102.43708333337315,18.68208333332404,3147,-2.6488054
102.81847222226209,18.5523611111018,3148,-7.450678
102.46708333337315,18.49680555554624,3149,-4.438985
102.42152777781759,18.456249999990675,3150,0.52048653
102.49597222226205,18.624583333324033,3151,-6.130862
102.73291666670653,18.478194444435125,3152,-3.703634
102.45736111115093,18.435694444435118,3153,8.140883
102.80513888892875,18.477638888879568,3154,-5.362723
102.63347222226207,18.52708333332402,3155,8.7005
102.68930555559541,18.5298611111018,3156,4.503515
102.5565277778176,18.387083333324,3157,-4.3864217
102.43791666670649,18.718472222212934,3158,-6.832599
102.41902777781759,18.435972222212897,3159,-4.6287003
102.56402777781761,18.41236111110178,3160,11.336878
102.82958333337321,18.655138888879595,3161,-7.003234
102.75791666670654,18.725138888879602,3162,-6.7675567
102.70680555559541,18.713749999990714,3163,-5.9684334
102.50208333337316,18.402916666657337,3164,6.0576
102.57902777781761,18.674305555546262,3165,-4.871847
102.78597222226209,18.442361111101786,3166,-4.4038444
102.88819444448433,18.60597222221292,3167,-7.1713934
102.89125000003988,18.756805555546276,3168,-5.093846
102.67958333337319,18.43402777776845,3169,-4.3207474
102.52430555559539,18.67597222221293,3170,6.3941255
102.51597222226205,18.397083333324,3171,-2.9662023
102.70541666670653,18.76763888887961,3172,-4.8076196
102.48180555559537,18.43513888887956,3173,-3.33944
102.4201388889287,18.53847222221291,3174,8.303362
102.83013888892876,18.494305555546237,3175,-7.070708
102.61041666670651,18.40374999999067,3176,-5.853844
102.50958333337316,18.521249999990687,3177,-4.9171586
102.5643055555954,18.518194444435128,3178,9.2155485
102.62013888892874,18.52819444443513,3179,9.057175
102.8259722222621,18.73208333332405,3180,-6.7196307
102.70375000003986,18.64958333332404,3181,9.587803
102.55458333337317,18.75847222221294,3182,-7.1734705
102.83680555559543,18.64041666665737,3183,-7.053837
102.58569444448428,18.48513888887957,3184,9.393647
102.90597222226211,18.578472222212916,3185,-6.0850525
102.48069444448427,18.50291666665735,3186,2.3700736
102.85013888892877,18.740138888879606,3187,-7.334608
102.66041666670651,18.45069444443512,3188,-6.3691506
102.89958333337322,18.524027777768463,3189,-6.168252
102.80875000003986,18.63513888887959,3190,-7.815106
102.54680555559538,18.75236111110183,3191,-6.828668
102.72986111115097,18.745138888879605,3192,-5.3642254
102.56569444448428,18.599305555546252,3193,10.700954
102.49541666670649,18.524861111101796,3194,16.923368
102.73597222226208,18.50152777776846,3195,-6.542681
102.64541666670651,18.449027777768453,3196,11.765224
102.54347222226205,18.454027777768452,3197,-4.438834
102.60847222226207,18.511249999990685,3198,9.645904
102.46263888892871,18.638194444435147,3199,-3.2474449
102.83347222226209,18.66569444443515,3200,-5.7964015
102.72652777781764,18.768472222212942,3201,-6.5911336
102.71013888892874,18.584583333324026,3202,7.282355
102.46736111115094,18.57930555554625,3203,-4.76966
102.47069444448427,18.620694444435145,3204,-6.516851
102.89902777781766,18.512083333324018,3205,-5.4250493
102.79875000003987,18.501249999990684,3206,-4.007414
102.42930555559538,18.635416666657367,3207,9.846137
102.44513888892871,18.51569444443513,3208,15.888361
102.6329166667065,18.620138888879588,3209,6.1274347
102.8620833333732,18.6087499999907,3210,-3.7157605
102.86791666670655,18.5448611111018,3211,-5.8304124
102.57263888892872,18.60569444443514,3212,10.492259
102.89513888892877,18.762083333324053,3213,-7.39726
102.62597222226206,18.69374999999071,3214,-4.8800507
102.58347222226206,18.51402777776846,3215,-5.286335
102.7870833333732,18.411805555546227,3216,-6.0141816
102.48569444448427,18.68069444443515,3217,-6.196116
102.54097222226206,18.629583333324035,3218,10.583231
102.44208333337315,18.57263888887958,3219,-1.9542689
102.90041666670655,18.551249999990688,3220,-3.7141795
102.5029166667065,18.50152777776846,3221,-6.3659863
102.79930555559542,18.41263888887956,3222,-7.3684015
102.43958333337315,18.52708333332402,3223,-4.0031633
102.6793055555954,18.564583333324023,3224,10.686415
102.90319444448433,18.402916666657337,3225,-3.8458867
102.8370833333732,18.67347222221293,3226,-7.0739026
102.76541666670653,18.74708333332405,3227,-1.869461
102.68652777781763,18.739027777768495,3228,-6.521242
102.6581944444843,18.75708333332405,3229,-3.9504356
102.6568055555954,18.727916666657382,3230,-6.650539
102.85236111115098,18.41097222221289,3231,-5.4061937
102.42736111115093,18.6212499999907,3232,-5.694778
102.45819444448426,18.5473611111018,3233,-0.7090767
102.70652777781763,18.42930555554623,3234,-4.9307427
102.4840277778176,18.575138888879582,3235,-1.7567985
102.884861111151,18.471805555546233,3236,6.0931864
102.74875000003986,18.535694444435133,3237,9.152485
102.61986111115095,18.524861111101796,3238,9.973465
102.8484722222621,18.57180555554625,3239,-7.313241
102.77847222226208,18.550416666657355,3240,1.8597729
102.69375000003986,18.4634722222129,3241,-5.0681973
102.65958333337318,18.484583333324014,3242,9.799112
102.59125000003984,18.517361111101796,3243,9.004014
102.62847222226206,18.755694444435164,3244,-5.6700783
102.73986111115097,18.58791666665736,3245,-5.625915
102.49347222226204,18.75069444443516,3246,8.364027
102.43263888892871,18.744861111101827,3247,-6.095011
102.59513888892873,18.41902777776845,3248,12.642523
102.87513888892877,18.454027777768452,3249,-6.162456
102.58291666670651,18.544305555546245,3250,9.465102
102.58736111115095,18.438749999990673,3251,-5.718974
102.81319444448431,18.642083333324035,3252,-5.056359
102.8245833333732,18.569305555546247,3253,-7.1692376
102.79041666670653,18.64819444443515,3254,-6.811137
102.64152777781763,18.59097222221292,3255,1.8144119
102.7645833333732,18.422083333324004,3256,-6.9680777
102.84125000003988,18.738749999990716,3257,-6.9435925
102.5904166667065,18.507083333324015,3258,-6.246805
102.66986111115096,18.432361111101784,3259,-1.9318434
102.4754166667065,18.574861111101804,3260,-2.2364635
102.41986111115092,18.43819444443512,3261,-2.0100837
102.76236111115098,18.61986111110181,3262,-7.94102
102.58958333337317,18.586249999990695,3263,6.1275773
102.68097222226207,18.557083333324023,3264,9.932643
102.75930555559542,18.47874999999068,3265,2.361201
102.49375000003982,18.6826388888796,3266,-7.575194
102.61569444448429,18.504861111101793,3267,5.6961126
102.52347222226206,18.549027777768465,3268,-4.0919185
102.59097222226207,18.40874999999067,3269,-3.9429157
102.75208333337319,18.68347222221293,3270,8.364027
102.74541666670653,18.419305555546227,3271,-6.6300526
102.6243055555954,18.458472222212897,3272,5.725684
102.55958333337317,18.686805555546265,3273,-5.607822
102.77375000003987,18.708472222212933,3274,-6.9583564
102.89791666670655,18.70152777776849,3275,-5.868816
102.44736111115093,18.452638888879566,3276,-3.084652
102.79847222226209,18.50791666665735,3277,-2.1119452
102.7170833333732,18.43152777776845,3278,-2.8665555
102.42236111115092,18.53874999999069,3279,-6.2648015
102.76652777781764,18.63013888887959,3280,0.3357243
102.72652777781764,18.593749999990695,3281,-3.1549928
102.51763888892872,18.422083333324004,3282,11.432232
102.63152777781762,18.535416666657355,3283,5.865708
102.86736111115098,18.49263888887957,3284,-4.54087
102.88152777781765,18.74930555554627,3285,-7.9239573
102.872361111151,18.6262499999907,3286,-7.1475105
102.67625000003986,18.60986111110181,3287,2.056491
102.61458333337318,18.690416666657377,3288,10.418151
102.61625000003984,18.615416666657364,3289,8.305831
102.72208333337319,18.673749999990708,3290,8.607502
102.58125000003983,18.53874999999069,3291,3.4625483
102.87791666670654,18.73930555554627,3292,-5.804112
102.61569444448429,18.676805555546263,3293,9.017568
102.8020833333732,18.568749999990693,3294,-5.3376975
102.66180555559541,18.500416666657348,3295,9.393647
102.41847222226204,18.39319444443511,3296,-4.726351
102.4251388889287,18.459305555546234,3297,-5.605287
102.74652777781763,18.720694444435157,3298,-4.735319
102.78791666670654,18.745694444435163,3299,-3.9536402
102.57458333337317,18.470416666657346,3300,-5.5647225
102.69236111115096,18.705416666657378,3301,-6.6554556
102.47819444448427,18.46180555554623,3302,-5.798982
102.48958333337316,18.40874999999067,3303,-1.2460757
102.51902777781761,18.387916666657333,3304,4.952794
102.46625000003982,18.481805555546234,3305,-3.81381
102.53097222226205,18.717083333324048,3306,3.8830178
102.59513888892873,18.53874999999069,3307,11.136616
102.51347222226205,18.74347222221294,3308,-4.9961295
102.80680555559543,18.560694444435136,3309,-7.692334
102.69013888892874,18.441249999990674,3310,-5.1306715
102.4290277778176,18.64541666665737,3311,-5.1142783
102.6393055555954,18.422083333324004,3312,-5.957216
102.87375000003988,18.66597222221293,3313,-1.8731977
102.71041666670652,18.422916666657336,3314,-5.7216625
102.8109722222621,18.75347222221294,3315,-7.4800014
102.63569444448429,18.498472222212904,3316,-6.116761
102.47458333337316,18.557916666657356,3317,-0.92408854
102.74041666670652,18.54847222221291,3318,9.527178
102.42986111115093,18.519861111101797,3319,-3.4087884
102.53319444448428,18.70874999999071,3320,9.55819
102.62847222226206,18.6926388888796,3321,-4.92373
102.53708333337316,18.648472222212927,3322,2.682543
102.8859722222621,18.47069444443512,3323,8.834031
102.68958333337319,18.769583333324054,3324,-6.436393
102.68986111115096,18.730416666657383,3325,-6.2113485
102.83902777781765,18.710972222212934,3326,-7.0112424
102.78597222226209,18.69124999999071,3327,-3.608978
102.60208333337317,18.642083333324035,3328,-5.939124
102.72736111115097,18.548194444435133,3329,10.604019
102.78513888892876,18.478194444435125,3330,-4.397139
102.45097222226204,18.751527777768494,3331,-7.7869864
102.70291666670651,18.626527777768477,3332,-5.1359935
102.79902777781764,18.416527777768447,3333,-5.321735
102.43541666670649,18.729027777768493,3334,-5.229411
102.73375000003986,18.56541666665736,3335,2.3297427
102.78625000003987,18.451527777768455,3336,-3.9652014
102.87875000003989,18.6337499999907,3337,-7.6205587
102.79291666670653,18.433472222212895,3338,-6.4940166
102.6806944444843,18.43902777776845,3339,-6.6923995
102.63847222226207,18.63013888887959,3340,-3.372047
102.70680555559541,18.422916666657336,3341,-6.1548424
102.51486111115094,18.527916666657354,3342,-3.5121067
102.71930555559541,18.491249999990682,3343,-5.697405
102.53180555559538,18.655972222212927,3344,8.380958
102.45347222226204,18.68736111110182,3345,-4.4153237
102.64902777781762,18.548194444435133,3346,4.8438673
102.55986111115095,18.673749999990708,3347,11.60662
102.85236111115098,18.70736111110182,3348,-7.696035
102.48875000003983,18.58152777776847,3349,-4.8810825
102.66569444448429,18.6237499999907,3350,10.724881
102.6179166667065,18.547916666657358,3351,6.127738
102.62708333337318,18.457361111101786,3352,5.879949
102.52125000003983,18.637361111101814,3353,-6.5611186
102.45347222226204,18.765416666657387,3354,-5.318478
102.85902777781766,18.501249999990684,3355,-7.0041795
102.57708333337317,18.75069444443516,3356,-7.3016524
102.60097222226206,18.501805555546238,3357,-5.0626736
102.59986111115096,18.544583333324024,3358,6.406614
102.57180555559539,18.75874999999072,3359,-5.383365
102.41819444448426,18.762638888879607,3360,-6.797432
102.82847222226209,18.416527777768447,3361,0.3343869
102.60875000003985,18.480694444435123,3362,8.898868
102.68041666670652,18.432361111101784,3363,-6.4080205
102.58680555559539,18.63152777776848,3364,8.944879
102.48458333337315,18.595138888879585,3365,-3.573022
102.63152777781762,18.59986111110181,3366,9.152485
102.72041666670653,18.769583333324054,3367,-7.1996245
102.55458333337317,18.765694444435166,3368,-5.2114067
102.80625000003987,18.72541666665738,3369,-6.0016346
102.4515277778176,18.499861111101794,3370,-5.6941123
102.43013888892871,18.469305555546235,3371,-4.355037
102.66875000003985,18.72291666665738,3372,-6.735181
102.67847222226207,18.61597222221292,3373,11.287189
102.63763888892873,18.75236111110183,3374,-6.153225
102.46263888892871,18.423472222212894,3375,-4.856097
102.7181944444843,18.715694444435158,3376,-0.7464218
102.75208333337319,18.6901388888796,3377,9.932643
102.73986111115097,18.41513888887956,3378,-2.813422
102.85791666670654,18.69097222221293,3379,-5.3427625
102.4740277778176,18.529027777768466,3380,-5.589567
102.7856944444843,18.53597222221291,3381,8.546349
102.76097222226208,18.594027777768474,3382,-3.1078897
102.63763888892873,18.727638888879603,3383,-6.156257
102.81791666670654,18.723749999990716,3384,-5.643555
102.5604166667065,18.5398611111018,3385,10.51579
102.63875000003985,18.610972222212922,3386,-6.1149745
102.61486111115096,18.63291666665737,3387,2.5340736
102.64291666670651,18.702083333324044,3388,-5.97694
102.4551388889287,18.42791666665734,3389,-5.274674
102.74625000003986,18.647361111101816,3390,-6.187688
102.42236111115092,18.48124999999068,3391,6.9995236
102.59625000003984,18.508472222212905,3392,-4.5336366
102.48375000003982,18.59986111110181,3393,-6.3331494
102.87013888892876,18.517916666657353,3394,-5.168686
102.68680555559541,18.757916666657387,3395,-6.166341
102.48208333337315,18.726527777768492,3396,-5.228965
102.7706944444843,18.676249999990706,3397,-7.4004273
102.80791666670653,18.489861111101792,3398,-6.691338
102.78263888892876,18.57013888887958,3399,-6.119374
102.59708333337318,18.726527777768492,3400,-5.963701
102.64763888892874,18.680416666657376,3401,-5.8020782
102.54736111115095,18.542638888879576,3402,-5.8569818
102.42041666670649,18.672638888879597,3403,-5.4331946
102.66513888892874,18.41291666665734,3404,-5.956136
102.53875000003983,18.617638888879586,3405,8.834031
102.59458333337317,18.476527777768457,3406,11.67457
102.48569444448427,18.519861111101797,3407,-6.047173
102.87208333337321,18.7076388888796,3408,-6.769937
102.73736111115097,18.588472222212918,3409,-2.192328
102.41430555559536,18.58319444443514,3410,-5.6730194
102.70902777781764,18.73597222221294,3411,-3.1572957
102.44875000003982,18.74958333332405,3412,-6.8407383
102.69319444448429,18.461249999990677,3413,-6.8481617
102.69152777781763,18.516249999990684,3414,6.0080853
102.83097222226209,18.389583333324,3415,-5.5667186
102.85319444448432,18.722361111101826,3416,-7.8818116
102.89541666670655,18.742916666657383,3417,-6.140625
102.54736111115095,18.46958333332401,3418,-6.194973
102.64402777781763,18.541527777768465,3419,10.944244
102.61680555559539,18.732361111101827,3420,-6.8830876
102.77236111115097,18.650138888879592,3421,-4.3501163
102.69041666670653,18.552916666657357,3422,10.086794
102.45986111115093,18.488472222212902,3423,-3.046837
102.76236111115098,18.5323611111018,3424,19.827997
102.48819444448426,18.75874999999072,3425,-6.4181023
102.61402777781763,18.64680555554626,3426,9.057175
102.74597222226208,18.73291666665738,3427,-5.818043
102.79097222226208,18.58958333332403,3428,-6.400543
102.5015277778176,18.72819444443516,3429,-4.5962825
102.8834722222621,18.55347222221291,3430,-6.5746107
102.46819444448427,18.701805555546265,3431,-7.253728
102.45847222226205,18.435694444435118,3432,-3.3340545
102.6043055555954,18.755416666657386,3433,1.176566
102.6843055555954,18.516527777768463,3434,8.546349
102.43236111115093,18.7076388888796,3435,-2.825841
102.71013888892874,18.74708333332405,3436,-5.3742685
102.64847222226207,18.594861111101807,3437,10.060167
102.84652777781766,18.76013888887961,3438,-6.5290613
102.60763888892873,18.43041666665734,3439,-5.079586
102.74291666670652,18.475972222212903,3440,-5.6961102
102.68041666670652,18.567638888879582,3441,10.848934
102.7406944444843,18.406527777768446,3442,-6.263104
102.79513888892876,18.73208333332405,3443,-6.2332234
102.44319444448426,18.61986111110181,3444,-6.1782384
102.64652777781762,18.74458333332405,3445,-6.229801
102.62097222226207,18.637083333324036,3446,-1.535384
102.52069444448428,18.602916666657364,3447,-5.8448167
102.83541666670654,18.688194444435155,3448,-5.6597996
102.76541666670653,18.516527777768463,3449,-7.7107315
102.79763888892876,18.467083333324013,3450,-6.8889785
102.61875000003984,18.399027777768445,3451,-3.8137054
102.46208333337316,18.602638888879586,3452,-5.0077686
102.73791666670652,18.63152777776848,3453,-2.6463814
102.50708333337316,18.60986111110181,3454,-6.0994473
102.8859722222621,18.39597222221289,3455,-7.114191
102.81847222226209,18.518194444435128,3456,0.6702516
102.55069444448428,18.724861111101827,3457,-6.164024
102.81013888892876,18.59958333332403,3458,-5.2188277
102.53486111115095,18.48152777776846,3459,-5.6569815
102.67986111115096,18.64763888887959,3460,-6.737459
102.79569444448431,18.63291666665737,3461,-4.0364933
102.56875000003984,18.424861111101784,3462,2.4609778
102.44430555559538,18.58291666665736,3463,10.53941
102.8559722222621,18.6287499999907,3464,-0.838867
102.71486111115097,18.610416666657365,3465,-7.5810676
102.41986111115092,18.65791666665737,3466,-4.1828337
102.71902777781763,18.728749999990715,3467,-2.8026996
102.58402777781761,18.471805555546233,3468,-2.9074779
102.47097222226205,18.633472222212923,3469,-5.1153913
102.79152777781765,18.680138888879597,3470,-5.0148587
102.55708333337317,18.42624999999067,3471,-4.6713066
102.4879166667065,18.497361111101792,3472,-3.904525
102.60069444448429,18.429861111101783,3473,-4.256392
102.74013888892875,18.391249999990666,3474,-5.000992
102.63319444448429,18.568749999990693,3475,6.1276507
102.81986111115098,18.49263888887957,3476,-5.1065845
102.77652777781765,18.43819444443512,3477,-3.9745026
102.71930555559541,18.703749999990713,3478,-4.2731376
102.61763888892874,18.51680555554624,3479,8.493192
102.76180555559542,18.72319444443516,3480,-4.514199
102.5379166667065,18.542916666657355,3481,-3.1249018
102.72291666670652,18.672361111101818,3482,9.057175
102.81208333337321,18.681805555546262,3483,-4.7735786
102.56763888892873,18.552638888879578,3484,0.8781758
102.75902777781764,18.64652777776848,3485,-6.6844215
102.61541666670651,18.456805555546232,3486,-5.1420817
102.50208333337316,18.43819444443512,3487,13.85552
102.81041666670653,18.599305555546252,3488,-4.9218087
102.44041666670648,18.528749999990687,3489,6.6708565
102.87652777781766,18.678749999990707,3490,-5.75254
102.78652777781764,18.508194444435127,3491,-5.0033593
102.72930555559542,18.492083333324015,3492,-5.2818866
102.77819444448431,18.57791666665736,3493,-6.0583925
102.57958333337317,18.699583333324043,3494,-5.365623
102.41458333337314,18.53708333332402,3495,5.5214777
102.87069444448433,18.39597222221289,3496,-5.388911
102.70541666670653,18.73708333332405,3497,-6.187612
102.68597222226208,18.441527777768453,3498,-8.21891
102.68541666670652,18.56652777776847,3499,19.524605
102.84597222226209,18.426805555546228,3500,-7.3018494
102.46597222226204,18.540694444435132,3501,-0.22608449
102.44569444448426,18.703749999990713,3502,-6.9182596
102.50791666670649,18.7076388888796,3503,-6.2460275
102.73513888892874,18.424583333324005,3504,-5.069565
102.83958333337321,18.619027777768476,3505,-5.4876385
102.66069444448429,18.573472222212914,3506,2.9992146
102.83625000003987,18.447638888879563,3507,-6.2863917
102.90013888892877,18.67208333332404,3508,-2.4287152
102.46263888892871,18.709861111101823,3509,-5.729116
102.84875000003987,18.398749999990667,3510,-3.4734216
102.65736111115096,18.517916666657353,3511,11.77847
102.8584722222621,18.539027777768467,3512,6.511745
102.6568055555954,18.65041666665737,3513,-6.3621364
102.80236111115099,18.53124999999069,3514,-4.931049
102.58902777781762,18.619027777768476,3515,-5.0475564
102.5229166667065,18.718749999990713,3516,-4.8812566
102.87958333337322,18.625972222212923,3517,-6.004663
102.44458333337315,18.694027777768486,3518,-5.6385713
102.45625000003982,18.454027777768452,3519,-3.0511234
102.66208333337318,18.451527777768455,3520,-5.4553266
102.90625000003989,18.73208333332405,3521,-5.295923
102.49125000003983,18.57013888887958,3522,-4.3528686
102.56069444448428,18.6926388888796,3523,-5.0951576
102.59236111115095,18.464027777768454,3524,-3.7286744
102.45458333337315,18.73569444443516,3525,-6.5689893
102.63402777781762,18.759305555546273,3526,-4.727482
102.61041666670651,18.534027777768465,3527,11.031256
102.49680555559539,18.508194444435127,3528,-5.5045953
102.79125000003987,18.7151388888796,3529,-6.092584
102.54430555559539,18.429583333324004,3530,-5.6673837
102.41958333337315,18.640694444435148,3531,-6.86574
102.85152777781765,18.596527777768475,3532,-6.987101
102.65625000003985,18.5423611111018,3533,10.64641
102.80152777781764,18.551527777768467,3534,-1.2428437
102.4665277778176,18.569583333324026,3535,-3.3404002
102.70597222226208,18.507638888879573,3536,-5.257218
102.65930555559541,18.642083333324035,3537,-5.5233955
102.58513888892873,18.550694444435134,3538,10.583231
102.71791666670653,18.638194444435147,3539,-6.2421865
102.43736111115093,18.560138888879578,3540,-5.503039
102.77680555559542,18.574861111101804,3541,-6.114816
102.49875000003982,18.66958333332404,3542,-6.552488
102.84902777781765,18.642083333324035,3543,-6.4586434
102.64152777781763,18.625972222212923,3544,-6.2708683
102.41347222226203,18.457638888879565,3545,-6.3249025
102.55013888892873,18.697916666657378,3546,-6.0743933
102.6393055555954,18.432916666657338,3547,-6.0213594
102.82847222226209,18.726527777768492,3548,-6.9589624
102.9009722222621,18.43541666665734,3549,15.642425
102.88625000003988,18.42041666665734,3550,-6.569828
102.5040277778176,18.6087499999907,3551,-3.8282495
102.69736111115097,18.638194444435147,3552,10.897724
102.87319444448433,18.616805555546254,3553,-6.28436
102.61152777781761,18.5473611111018,3554,3.867867
102.48069444448427,18.595138888879585,3555,-6.1027083
102.63319444448429,18.395416666657333,3556,-3.968589
102.5654166667065,18.560416666657357,3557,0.16448401
102.53652777781761,18.727638888879603,3558,7.0732245
102.8220833333732,18.48013888887957,3559,-6.440228
102.7093055555954,18.600138888879584,3560,8.492703
102.66652777781762,18.467083333324013,3561,4.852746
102.49569444448427,18.711805555546267,3562,-7.4938293
102.89513888892877,18.565972222212913,3563,-6.3476567
102.76569444448431,18.566805555546246,3564,-3.5593083
102.4615277778176,18.40347222221289,3565,11.893116
102.49569444448427,18.68736111110182,3566,-5.1653166
102.70652777781763,18.738194444435162,3567,-6.4190392
102.45375000003982,18.549027777768465,3568,-5.4528174
102.8509722222621,18.54874999999069,3569,-7.499083
102.69625000003985,18.74208333332405,3570,-5.571792
102.53652777781761,18.582638888879583,3571,-6.8544226
102.5379166667065,18.72819444443516,3572,-6.1076174
102.7320833333732,18.587361111101806,3573,-5.3813553
102.58847222226206,18.652083333324036,3574,-7.3347793
102.44680555559538,18.48874999999068,3575,-5.361067
102.81847222226209,18.75847222221294,3576,-5.731828
102.86625000003988,18.601249999990696,3577,-6.900384
102.50486111115094,18.517083333324017,3578,-7.17168
102.64736111115096,18.411805555546227,3579,-2.9539208
102.62958333337318,18.694861111101822,3580,-3.4304132
102.43180555559537,18.474305555546234,3581,-5.015902
102.5354166667065,18.457361111101786,3582,-4.737183
102.66902777781763,18.74986111110183,3583,-4.9417777
102.60152777781762,18.51152777776846,3584,-4.5784335
102.85986111115099,18.51430555554624,3585,-6.4024296
102.73736111115097,18.666527777768483,3586,-4.1232195
102.57513888892872,18.499305555546236,3587,9.644961
102.49236111115094,18.43402777776845,3588,8.484573
102.89819444448433,18.766805555546277,3589,-0.9169038
102.48347222226205,18.593749999990695,3590,12.441731
102.52763888892872,18.47124999999068,3591,-3.1167836
102.53180555559538,18.61236111110181,3592,-5.3806167
102.65097222226207,18.556805555546244,3593,5.1283894
102.61541666670651,18.40874999999067,3594,-4.671274
102.73347222226208,18.655972222212927,3595,-4.530955
102.73236111115096,18.745138888879605,3596,-6.2220497
102.78875000003987,18.71541666665738,3597,-5.2089043
102.53319444448428,18.49652777776846,3598,-3.9982276
102.84263888892876,18.743749999990715,3599,-7.105438
102.45819444448426,18.447638888879563,3600,6.143883
102.89708333337322,18.408194444435114,3601,-7.255566
102.68236111115097,18.459861111101787,3602,-4.9708176
102.61875000003984,18.478194444435125,3603,10.572858
102.84180555559543,18.731527777768495,3604,-5.3992186
102.42541666670648,18.627361111101813,3605,-6.257474
102.87180555559543,18.687083333324043,3606,-7.035067
102.44125000003982,18.611805555546255,3607,-3.920475
102.56347222226206,18.40986111110178,3608,1.8195655
102.54680555559538,18.501249999990684,3609,-5.0942903
102.4526388889287,18.742638888879604,3610,-6.0064406
102.77375000003987,18.559861111101803,3611,-0.22479916
102.66652777781762,18.700694444435154,3612,-6.0683503
102.49819444448427,18.761805555546275,3613,0.40699258
102.79402777781765,18.412083333324002,3614,-6.1234236
102.55347222226206,18.717361111101823,3615,-5.9257836
102.46402777781759,18.42736111110178,3616,-4.386358
102.53430555559538,18.567083333324025,3617,-5.43256
102.49180555559538,18.661805555546263,3618,-7.2925024
102.49791666670649,18.711249999990713,3619,-5.3712273
102.52458333337316,18.422083333324004,3620,-4.3864374
102.56347222226206,18.534027777768465,3621,12.825162
102.42486111115093,18.45708333332401,3622,-5.8612013
102.56402777781761,18.57180555554625,3623,12.175124
102.47625000003983,18.43041666665734,3624,6.8665724
102.50013888892872,18.42930555554623,3625,6.3943205
102.5804166667065,18.711805555546267,3626,-5.9194937
102.5004166667065,18.489861111101792,3627,-6.1040106
102.6431944444843,18.418472222212895,3628,0.05941207
102.73013888892875,18.62513888887959,3629,-6.791541
102.57152777781761,18.748749999990718,3630,-7.0254755
102.50513888892871,18.567916666657357,3631,-3.5115354
102.55930555559539,18.470138888879568,3632,-2.3594398
102.73541666670653,18.731249999990716,3633,-5.0948877
102.53069444448427,18.561805555546247,3634,-6.566432
102.74986111115098,18.602361111101807,3635,-4.230945
102.42958333337315,18.647083333324037,3636,-5.9627805
102.58097222226206,18.422361111101782,3637,-2.8129115
102.45875000003981,18.43152777776845,3638,0.06711708
102.64597222226207,18.58041666665736,3639,9.869925
102.43430555559537,18.433194444435117,3640,-3.0192482
102.46402777781759,18.624583333324033,3641,-2.4284945
102.52680555559539,18.528749999990687,3642,-6.4570484
102.68097222226207,18.568194444435136,3643,10.913472
102.84902777781765,18.645972222212926,3644,-4.4067464
102.55263888892873,18.40624999999067,3645,5.8601017
102.7556944444843,18.636527777768478,3646,-6.7830424
102.58263888892873,18.420972222212892,3647,8.998978
102.8659722222621,18.637083333324036,3648,-6.266234
102.4540277778176,18.75236111110183,3649,-7.0234017
102.8734722222621,18.760972222212942,3650,-5.9865704
102.78597222226209,18.768472222212942,3651,-6.0776124
102.6693055555954,18.483472222212903,3652,4.6449842
102.70180555559541,18.527916666657354,3653,6.6686606
102.82513888892876,18.473194444435123,3654,-6.7533426
102.87625000003987,18.588749999990696,3655,-6.4839077
102.73041666670653,18.629027777768478,3656,-5.0805683
102.66736111115097,18.639583333324037,3657,-6.3571596
102.89458333337322,18.631805555546258,3658,-6.633515
102.58013888892873,18.747916666657385,3659,-5.9259167
102.57819444448428,18.550416666657355,3660,4.331944
102.61375000003984,18.524305555546242,3661,9.393647
102.71486111115097,18.750416666657383,3662,-6.195519
102.81791666670654,18.474305555546234,3663,-6.2989583
102.8109722222621,18.694027777768486,3664,-3.1199558
102.8534722222621,18.66597222221293,3665,-5.9426537
102.76875000003986,18.584583333324026,3666,-3.3406584
102.6406944444843,18.409027777768447,3667,-4.428781
102.7281944444843,18.440138888879563,3668,-5.1668587
102.41430555559536,18.69236111110182,3669,-7.443214
102.54486111115094,18.68847222221293,3670,13.992333
102.44625000003981,18.510138888879574,3671,-6.1141787
102.51902777781761,18.61347222221292,3672,-6.11863
102.59875000003984,18.452638888879566,3673,-5.5377765
102.88180555559543,18.656249999990706,3674,-7.7843137
102.65513888892873,18.52819444443513,3675,11.389318
102.41375000003981,18.478194444435125,3676,-6.012357
102.44458333337315,18.524305555546242,3677,6.912991
102.83236111115099,18.66958333332404,3678,-6.653915
102.4665277778176,18.48902777776846,3679,-1.6332468
102.7081944444843,18.719583333324046,3680,-5.4802303
102.67458333337318,18.65541666665737,3681,-4.1667004
102.43180555559537,18.700972222212933,3682,-1.8404351
102.86875000003988,18.415694444435115,3683,-1.3990963
102.75763888892875,18.653749999990705,3684,-6.6260457
102.45597222226205,18.75736111110183,3685,-6.740464
102.5315277778176,18.568194444435136,3686,-5.894748
102.86625000003988,18.43680555554623,3687,-6.245497
102.56986111115094,18.570972222212916,3688,12.251758
102.5454166667065,18.532916666657353,3689,-4.831842
102.41513888892871,18.40624999999067,3690,-3.091486
102.73013888892875,18.41152777776845,3691,-3.609424
102.50652777781761,18.71541666665738,3692,-5.299693
102.75013888892875,18.485694444435126,3693,-5.397826
102.5379166667065,18.652361111101815,3694,10.2216425
102.77263888892875,18.747361111101828,3695,-6.4365
102.65902777781763,18.52041666665735,3696,11.418029
102.62791666670651,18.662083333324038,3697,9.46264
102.68986111115096,18.58319444443514,3698,9.319539
102.77430555559542,18.471805555546233,3699,-5.3554897
102.63736111115095,18.472916666657344,3700,4.7724237
102.53736111115094,18.476527777768457,3701,-5.9820123
102.77763888892875,18.466249999990676,3702,-6.6634507
102.84625000003987,18.390416666657334,3703,-5.506455
102.88013888892877,18.46486111110179,3704,-4.977659
102.8170833333732,18.517638888879574,3705,-5.2194242
102.70763888892874,18.47874999999068,3706,-6.083015
102.86180555559544,18.690416666657377,3707,-5.617815
102.4140277778176,18.49013888887957,3708,-5.286263
102.48375000003982,18.426805555546228,3709,-2.9651012
102.65736111115096,18.51152777776846,3710,9.699028
102.86763888892877,18.653749999990705,3711,-6.4915853
102.81013888892876,18.54013888887958,3712,-5.3025293
102.81375000003987,18.710972222212934,3713,-6.7662573
102.89930555559543,18.757916666657387,3714,-5.367067
102.65708333337318,18.43763888887956,3715,-6.4735947
102.7495833333732,18.76763888887961,3716,-4.4653583
102.8534722222621,18.75347222221294,3717,-6.7020044
102.46986111115093,18.413194444435113,3718,-0.8035994
102.67458333337318,18.668749999990705,3719,-3.371392
102.49958333337315,18.457638888879565,3720,-3.5727615
102.5304166667065,18.629583333324035,3721,10.0504265
102.48069444448427,18.453749999990677,3722,9.3043375
102.63319444448429,18.729027777768493,3723,-6.363784
102.68930555559541,18.75069444443516,3724,-3.557916
102.6581944444843,18.694583333324044,3725,-5.954196
102.71930555559541,18.44041666665734,3726,-5.0567303
102.57458333337317,18.650972222212925,3727,-5.853735
102.5304166667065,18.64763888887959,3728,11.3293
102.73180555559541,18.404027777768448,3729,-6.011329
102.5179166667065,18.543472222212912,3730,9.401963
102.82263888892876,18.703472222212934,3731,-6.1852546
102.79291666670653,18.686805555546265,3732,-5.161882
102.81347222226209,18.48874999999068,3733,-6.2741446
102.5054166667065,18.716249999990712,3734,-4.1670175
102.66319444448429,18.477916666657347,3735,10.468162
102.83736111115098,18.737916666657384,3736,-6.409733
102.89819444448433,18.769861111101832,3737,-7.118764
102.90347222226211,18.4559722222129,3738,-1.1465454
102.49958333337315,18.742638888879604,3739,6.4332204
102.57819444448428,18.668749999990705,3740,-4.551063
102.63319444448429,18.62486111110181,3741,-4.5978045
102.77569444448432,18.69874999999071,3742,-5.2791734
102.44597222226204,18.512361111101796,3743,-5.2986794
102.73402777781763,18.59569444443514,3744,-4.729131
102.68097222226207,18.69152777776849,3745,-4.6069846
102.56902777781761,18.762916666657386,3746,-6.459884
102.66208333337318,18.52847222221291,3747,11.072078
102.7231944444843,18.481805555546234,3748,-6.3349986
102.83041666670654,18.72680555554627,3749,-7.6910334
102.79541666670653,18.49680555554624,3750,-5.9098544
102.75597222226209,18.59819444443514,3751,-5.3397036
102.4904166667065,18.440694444435117,3752,11.842822
102.63763888892873,18.69874999999071,3753,-6.6609983
102.72152777781764,18.593749999990695,3754,6.507423
102.69513888892874,18.483472222212903,3755,-6.676775
102.57208333337317,18.665138888879596,3756,-5.8622637
102.87180555559543,18.484583333324014,3757,-5.9765673
102.82125000003987,18.71041666665738,3758,-5.6067047
102.87263888892876,18.639861111101812,3759,-7.9307537
102.62597222226206,18.43513888887956,3760,-5.17378
102.44513888892871,18.566249999990692,3761,3.0173244
102.85930555559543,18.686527777768486,3762,-5.8409424
102.85958333337321,18.61736111110181,3763,-5.136553
102.51125000003982,18.56513888887958,3764,6.854981
102.7995833333732,18.760972222212942,3765,-4.39056
102.75180555559541,18.592916666657363,3766,-5.2549987
102.58291666670651,18.611249999990697,3767,8.364027
102.81986111115098,18.587361111101806,3768,-2.232608
102.59236111115095,18.578749999990695,3769,0.84599346
102.41625000003981,18.69097222221293,3770,-7.181854
102.80069444448431,18.491527777768457,3771,-2.6329548
102.57263888892872,18.731249999990716,3772,-5.7951202
102.47847222226204,18.64680555554626,3773,-3.340838
102.51069444448427,18.390972222212888,3774,0.26389182
102.85541666670655,18.69152777776849,3775,-6.3981867
102.42819444448426,18.754305555546274,3776,-6.5354075
102.68513888892875,18.584027777768473,3777,12.125228
102.8259722222621,18.438749999990673,3778,-5.534365
102.73152777781763,18.597916666657362,3779,-6.077838
102.6643055555954,18.649861111101814,3780,-5.997372
102.79569444448431,18.498194444435125,3781,-4.9385476
102.902361111151,18.48624999999068,3782,-2.9322042
102.66736111115097,18.587361111101806,3783,7.853202
102.52208333337316,18.423194444435115,3784,-4.475093
102.44375000003981,18.59819444443514,3785,-5.9184813
102.57847222226206,18.484861111101793,3786,-5.611911
102.5115277778176,18.615694444435142,3787,-5.1403823
102.44513888892871,18.618194444435144,3788,-5.667012
102.75263888892876,18.756249999990718,3789,-6.645138
102.52375000003983,18.561805555546247,3790,-3.5637221
102.4126388889287,18.516249999990684,3791,-4.118243
102.59847222226206,18.560972222212914,3792,7.047135
102.74680555559542,18.661527777768484,3793,-7.51346
102.44097222226203,18.66597222221293,3794,-3.9904659
102.41597222226204,18.402916666657337,3795,-5.96354
102.56513888892873,18.46319444443512,3796,-3.9827485
102.8584722222621,18.387638888879554,3797,-5.3770585
102.42847222226204,18.394027777768446,3798,-3.9982536
102.77430555559542,18.43541666665734,3799,1.706052
102.79847222226209,18.750138888879608,3800,-3.2103891
102.55069444448428,18.76513888887961,3801,-3.2252927
102.88680555559543,18.619583333324034,3802,-7.5079217
102.7731944444843,18.704861111101824,3803,-6.0180416
102.84041666670655,18.57541666665736,3804,-6.972347
102.60708333337317,18.6312499999907,3805,11.499521
102.4904166667065,18.738194444435162,3806,-6.2513213
102.80041666670654,18.49513888887957,3807,-6.389531
102.88263888892877,18.634861111101813,3808,-5.444691
102.52680555559539,18.66708333332404,3809,5.2077904
102.46291666670649,18.64541666665737,3810,-6.8533916
102.48847222226205,18.745972222212938,3811,-3.1676705
102.58236111115095,18.73319444443516,3812,-5.3819637
102.55013888892873,18.545694444435135,3813,12.898775
102.57708333337317,18.721249999990714,3814,5.0853214
102.9009722222621,18.645972222212926,3815,-5.769766
102.41347222226203,18.61458333332403,3816,-6.1018786
102.59541666670651,18.67319444443515,3817,-6.2846875
102.48375000003982,18.582361111101804,3818,-4.6471963
102.79902777781764,18.41902777776845,3819,-5.807408
102.44375000003981,18.689305555546266,3820,-6.9527454
102.6443055555954,18.418194444435116,3821,-5.344383
102.44736111115093,18.71041666665738,3822,-3.3499045
102.89375000003989,18.713194444435157,3823,-4.9450674
102.6054166667065,18.39319444443511,3824,-4.595532
102.76125000003987,18.41124999999067,3825,-5.787968
102.72152777781764,18.63402777776848,3826,-3.8181667
102.77736111115098,18.651527777768482,3827,-4.2448735
102.6881944444843,18.717361111101823,3828,-4.468859
102.4140277778176,18.56263888887958,3829,-2.03056
102.87486111115099,18.686249999990707,3830,-5.1457977
102.84291666670654,18.422083333324004,3831,-4.027355
102.89402777781766,18.539305555546242,3832,-6.0734777
102.7456944444843,18.61208333332403,3833,-5.984195
102.84763888892877,18.717638888879602,3834,-2.844917
102.63486111115095,18.444861111101787,3835,9.474441
102.65847222226208,18.609583333324032,3836,11.36971
102.52097222226205,18.398194444435113,3837,-3.8136554
102.44041666670648,18.557083333324023,3838,-3.7254407
102.56375000003983,18.43763888887956,3839,-5.590096
102.7118055555954,18.447361111101785,3840,-6.9488335
102.64597222226207,18.51541666665735,3841,3.7538872
102.70375000003986,18.509305555546238,3842,-7.746239
102.65125000003985,18.65430555554626,3843,-7.0920677
102.76569444448431,18.638194444435147,3844,-6.548579
102.86069444448432,18.542083333324022,3845,-2.5597584
102.46958333337315,18.64541666665737,3846,-6.3918486
102.50597222226205,18.517083333324017,3847,-5.6381097
102.66069444448429,18.46208333332401,3848,3.1321788
102.60569444448429,18.54708333332402,3849,9.527178
102.47680555559538,18.451249999990676,3850,-5.5348043
102.58375000003984,18.578749999990695,3851,9.890083
102.89263888892877,18.510694444435128,3852,-6.6589656
102.65069444448429,18.676249999990706,3853,-5.35237
102.63402777781762,18.392083333324,3854,-4.003657
102.77541666670653,18.632083333324033,3855,-6.70639
102.43847222226204,18.628194444435145,3856,-5.251098
102.63763888892873,18.759583333324052,3857,-6.4205112
102.872361111151,18.74986111110183,3858,-7.75606
102.68708333337318,18.508749999990684,3859,-7.4022913
102.81430555559542,18.534861111101797,3860,-6.718074
102.52625000003982,18.675694444435152,3861,10.686415
102.44736111115093,18.4859722222129,3862,-4.0315394
102.87541666670654,18.398194444435113,3863,-2.966578
102.51458333337317,18.6212499999907,3864,-6.9236546
102.56569444448428,18.412083333324002,3865,6.5539618
102.7456944444843,18.4709722222129,3866,-5.809529
102.76375000003986,18.76013888887961,3867,-4.892524
102.88402777781766,18.539305555546242,3868,-6.2173033
102.85263888892877,18.657361111101817,3869,-4.3707256
102.8384722222621,18.66541666665737,3870,-7.6879597
102.81041666670653,18.51152777776846,3871,-7.3711767
102.49958333337315,18.388749999990665,3872,-4.5330243
102.76375000003986,18.409305555546226,3873,-4.9236937
102.73763888892874,18.72597222221294,3874,-6.7831335
102.68236111115097,18.416805555546226,3875,-6.505066
102.54486111115094,18.440694444435117,3876,1.5646242
102.41958333337315,18.510694444435128,3877,-5.871691
102.63902777781762,18.503472222212906,3878,6.5537868
102.64791666670651,18.76013888887961,3879,-6.0460787
102.81763888892876,18.760972222212942,3880,-2.966551
102.51013888892872,18.732638888879606,3881,5.479292
102.76875000003986,18.717361111101823,3882,-5.364472
102.58958333337317,18.535138888879576,3883,11.318937
102.69319444448429,18.7001388888796,3884,-6.086925
102.61458333337318,18.627361111101813,3885,6.8791456
102.76652777781764,18.479583333324012,3886,-5.8861327
102.50069444448427,18.48874999999068,3887,-5.473652
102.52986111115094,18.498749999990682,3888,-3.0445204
102.84513888892876,18.747361111101828,3889,-3.6499743
102.4890277778176,18.621527777768478,3890,9.138169
102.77541666670653,18.49624999999068,3891,-5.591651
102.82708333337321,18.672638888879597,3892,-7.0402565
102.62208333337318,18.569583333324026,3893,10.429707
102.81763888892876,18.57263888887958,3894,-7.1467347
102.78791666670654,18.59708333332403,3895,-5.6430345
102.48319444448427,18.55652777776847,3896,-2.5610735
102.52347222226206,18.65819444443515,3897,-6.868226
102.76180555559542,18.762361111101832,3898,-6.0348153
102.45236111115094,18.407361111101782,3899,-4.4327602
102.70625000003986,18.396527777768444,3900,-4.776612
102.8959722222621,18.589861111101808,3901,-6.53717
102.60263888892872,18.604305555546254,3902,-5.676184
102.66152777781762,18.738194444435162,3903,-5.945788
102.79152777781765,18.425416666657338,3904,-6.5739875
102.89041666670654,18.401527777768447,3905,-6.0349293
102.72097222226208,18.71819444443516,3906,-7.215706
102.67013888892873,18.509027777768463,3907,-7.192834
102.58763888892872,18.645972222212926,3908,-5.680255
102.66652777781762,18.392638888879556,3909,-6.958647
102.87319444448433,18.560416666657357,3910,-0.427192
102.4604166667065,18.729583333324047,3911,4.2688947
102.57875000003983,18.744027777768494,3912,-5.1086597
102.8559722222621,18.52347222221291,3913,-7.1097775
102.83513888892877,18.658749999990704,3914,-4.739514
102.7206944444843,18.527638888879576,3915,9.1862755
102.67486111115096,18.49763888887957,3916,-6.5545545
102.83875000003988,18.639861111101812,3917,-6.310047
102.54847222226205,18.50263888887957,3918,-6.840332
102.53402777781761,18.477638888879568,3919,-5.7826614
102.6581944444843,18.737638888879605,3920,-3.733556
102.67791666670652,18.488472222212902,3921,-4.2885766
102.5668055555954,18.76791666665739,3922,-4.9197497
102.69375000003986,18.635972222212924,3923,5.4694595
102.58958333337317,18.658749999990704,3924,-5.2632484
102.77125000003987,18.464305555546233,3925,-6.453072
102.41791666670647,18.591527777768473,3926,0.34827423
102.75069444448431,18.4784722222129,3927,-6.5484004
102.57875000003983,18.64541666665737,3928,-6.870077
102.5793055555954,18.721249999990714,3929,-6.301446
102.51625000003983,18.494305555546237,3930,-4.9124813
102.73930555559542,18.76624999999072,3931,-5.5943856
102.56180555559538,18.40097222221289,3932,-4.657782
102.46180555559538,18.691805555546264,3933,-5.3659344
102.62847222226206,18.60486111110181,3934,10.365507
102.52513888892872,18.39319444443511,3935,-4.064829
102.43041666670648,18.687916666657376,3936,-3.386073
102.82875000003988,18.45569444443512,3937,-6.293842
102.45180555559537,18.547916666657358,3938,-0.2306241
102.64986111115095,18.62263888887959,3939,9.152485
102.44708333337316,18.73319444443516,3940,-6.2778654
102.88208333337322,18.76513888887961,3941,-1.8099928
102.56958333337317,18.549027777768465,3942,11.7850275
102.5879166667065,18.409305555546226,3943,0.7542685
102.77402777781764,18.552638888879578,3944,-6.437586
102.4890277778176,18.611805555546255,3945,8.524562
102.64875000003984,18.74236111110183,3946,-5.4681406
102.72347222226207,18.62236111110181,3947,-2.1835587
102.54875000003983,18.67958333332404,3948,4.753549
102.5804166667065,18.44041666665734,3949,-4.9970484
102.52513888892872,18.48652777776846,3950,9.554213
102.42430555559537,18.444583333324008,3951,-5.0128465
102.77680555559542,18.423472222212894,3952,-6.9630504
102.89069444448432,18.484861111101793,3953,-5.7477746
102.43680555559537,18.457361111101786,3954,-0.67797923
102.85013888892877,18.519027777768464,3955,-7.4604373
102.55125000003983,18.587083333324028,3956,12.287979
102.55152777781761,18.711249999990713,3957,-6.146482
102.44986111115092,18.43624999999067,3958,8.01378
102.5793055555954,18.467083333324013,3959,-5.5317035
102.66513888892874,18.519027777768464,3960,11.136616
102.49680555559539,18.64152777776848,3961,0.26773807
102.73513888892874,18.648749999990702,3962,17.070656
102.6393055555954,18.58819444443514,3963,11.17343
102.65319444448428,18.74069444443516,3964,-5.6420903
102.47597222226204,18.41374999999067,3965,-5.507084
102.74763888892875,18.62402777776848,3966,-0.84064734
102.63319444448429,18.43819444443512,3967,-4.7690353
102.5793055555954,18.522638888879573,3968,-5.9858174
102.53625000003983,18.508749999990684,3969,-5.6941624
102.49791666670649,18.39430555554622,3970,-2.2409384
102.67791666670652,18.40347222221289,3971,-4.025514
102.57680555559539,18.566249999990692,3972,4.488742
102.77541666670653,18.415694444435115,3973,-6.435448
102.69513888892874,18.53597222221291,3974,7.0373645
102.6281944444843,18.417083333324005,3975,-4.497357
102.44208333337315,18.620416666657366,3976,-2.035961
102.7795833333732,18.398194444435113,3977,-5.0651693
102.6068055555954,18.52319444443513,3978,7.329223
102.68097222226207,18.489305555546235,3979,-3.637334
102.85763888892876,18.73180555554627,3980,-6.812234
102.77930555559541,18.620138888879588,3981,-6.7127037
102.5229166667065,18.44541666665734,3982,-3.3414402
102.45875000003981,18.61458333332403,3983,-4.4066043
102.50347222226205,18.76013888887961,3984,-5.9960027
102.54513888892872,18.615416666657364,3985,4.5600967
102.57402777781762,18.5423611111018,3986,10.492259
102.75875000003987,18.587083333324028,3987,8.7005
102.60625000003984,18.41263888887956,3988,-4.91238
102.74347222226208,18.458749999990676,3989,-4.265908
102.48125000003982,18.714305555546268,3990,-5.5002337
102.84041666670655,18.42402777776845,3991,-6.6230383
102.73819444448431,18.676805555546263,3992,5.8740964
102.83013888892876,18.69097222221293,3993,-7.010059
102.8684722222621,18.440694444435117,3994,-4.5050325
102.4176388889287,18.563472222212912,3995,-2.934763
102.87319444448433,18.46458333332401,3996,0.14529164
102.66569444448429,18.414583333324003,3997,-0.58826834
102.90597222226211,18.458194444435122,3998,-5.36263
102.41708333337314,18.50263888887957,3999,-2.8697352
102.71430555559542,18.46486111110179,4000,-3.0294526
102.90013888892877,18.60708333332403,4001,-7.5751934
102.85208333337322,18.762638888879607,4002,-7.1255116
102.89930555559543,18.578749999990695,4003,-6.9592648
102.7006944444843,18.74986111110183,4004,-4.806262
102.47291666670648,18.58958333332403,4005,-4.9537015
102.88708333337321,18.534027777768465,4006,-4.118444
102.67708333337319,18.499305555546236,4007,-6.0135007
102.68013888892874,18.4559722222129,4008,-1.9672248
102.75319444448431,18.717361111101823,4009,-5.0234647
102.86041666670654,18.469027777768456,4010,-6.8933587
102.6204166667065,18.43930555554623,4011,-5.9556503
102.41375000003981,18.73930555554627,4012,-6.1774116
102.4815277778176,18.667916666657373,4013,-2.3800652
102.4526388889287,18.745138888879605,4014,-1.8405589
102.58875000003984,18.41124999999067,4015,-3.8977704
102.84180555559543,18.56652777776847,4016,-6.0655665
102.48430555559538,18.57124999999069,4017,6.544675
102.77347222226209,18.5623611111018,4018,-2.453482
102.64291666670651,18.407361111101782,4019,-6.2453938
102.68958333337319,18.69624999999071,4020,-5.5367475
102.84291666670654,18.551527777768467,4021,-4.1720777
102.85152777781765,18.64930555554626,4022,-6.2624106
102.47069444448427,18.479583333324012,4023,-3.6932518
102.52458333337316,18.724861111101827,4024,-5.404303
102.69847222226207,18.68124999999071,4025,-6.3496523
102.50958333337316,18.75347222221294,4026,15.954008
102.87152777781766,18.41874999999067,4027,-5.485047
102.54902777781761,18.660416666657373,4028,12.427913
102.41458333337314,18.6387499999907,4029,-6.837154
102.75402777781764,18.516527777768463,4030,-7.017335
102.82902777781764,18.546805555546246,4031,12.75054
102.83875000003988,18.65847222221293,4032,-5.7838063
102.5154166667065,18.62263888887959,4033,-6.8941455
102.8984722222621,18.473194444435123,4034,-3.780547
102.56069444448428,18.7665277777685,4035,-6.2578697
102.42430555559537,18.617638888879586,4036,-5.161943
102.57347222226205,18.705972222212935,4037,-3.7815506
102.61736111115096,18.76013888887961,4038,-6.3619695
102.57625000003983,18.747638888879607,4039,-7.495818
102.84597222226209,18.42902777776845,4040,-5.8339343
102.71513888892875,18.51263888887957,4041,-6.455565
102.67541666670651,18.4659722222129,4042,-0.6479715
102.45486111115093,18.534861111101797,4043,-5.3825154
102.7731944444843,18.439861111101784,4044,-0.8709162
102.43625000003982,18.42930555554623,4045,9.954513
102.49847222226205,18.716249999990712,4046,-7.392225
102.81569444448432,18.650972222212925,4047,-6.5558505
102.45819444448426,18.484861111101793,4048,5.063524
102.85680555559543,18.687916666657376,4049,-6.3472733
102.86930555559543,18.725138888879602,4050,-7.373672
102.79125000003987,18.70902777776849,4051,-7.5879335
102.76291666670653,18.70152777776849,4052,8.330772
102.76625000003986,18.64152777776848,4053,-2.5003977
102.70013888892875,18.669861111101817,4054,-6.456733
102.67236111115096,18.65930555554626,4055,-4.7851133
102.86763888892877,18.401805555546225,4056,-4.4968843
102.84430555559543,18.71402777776849,4057,-5.961081
102.5993055555954,18.501805555546238,4058,-2.7820597
102.87680555559544,18.679027777768486,4059,-6.3345814
102.75986111115097,18.753194444435163,4060,-4.1306643
102.68458333337318,18.590138888879583,4061,12.027589
102.84541666670654,18.703472222212934,4062,0.47759408
102.77375000003987,18.475138888879567,4063,-6.26999
102.88236111115098,18.59986111110181,4064,-6.9107876
102.7181944444843,18.511249999990685,4065,-7.199276
102.81541666670654,18.67958333332404,4066,-6.60749
102.67458333337318,18.681527777768487,4067,-6.5279565
102.86263888892877,18.589861111101808,4068,-4.274793
102.56736111115094,18.64291666665737,4069,5.758272
102.54430555559539,18.45958333332401,4070,-4.347975
102.70013888892875,18.559305555546246,4071,15.845117
102.72652777781764,18.726527777768492,4072,-6.3357105
102.50069444448427,18.392916666657335,4073,-4.1173816
102.8359722222621,18.7151388888796,4074,-7.0689974
102.52763888892872,18.69097222221293,4075,5.7178297
102.45347222226204,18.660972222212926,4076,-6.891724
102.75847222226209,18.402083333324,4077,-5.6377044
102.71986111115096,18.720694444435157,4078,-6.503283
102.4665277778176,18.49541666665735,4079,-4.844734
102.5579166667065,18.443749999990676,4080,-6.1114345
102.81736111115099,18.399861111101778,4081,-4.221414
102.5315277778176,18.495972222212902,4082,-5.163801
102.43402777781759,18.443194444435118,4083,-6.3927727
102.74819444448431,18.70902777776849,4084,-7.172315
102.83041666670654,18.452638888879566,4085,-6.259796
102.53069444448427,18.75597222221294,4086,-5.4624763
102.49013888892871,18.544305555546245,4087,9.393647
102.65013888892874,18.75347222221294,4088,-6.56512
102.7945833333732,18.452361111101787,4089,-5.70864
102.44347222226205,18.566805555546246,4090,-5.351091
102.4715277778176,18.633194444435144,4091,2.5182648
102.6293055555954,18.54763888887958,4092,4.8971615
102.65875000003984,18.720972222212936,4093,-7.651571
102.63458333337317,18.66597222221293,4094,3.9922843
102.90263888892878,18.69374999999071,4095,2.1638405
102.67180555559541,18.722083333324047,4096,-7.1502967
102.78736111115097,18.389583333324,4097,2.1368132
102.87125000003988,18.489305555546235,4098,-5.211037
102.47069444448427,18.653472222212926,4099,-7.5153985
102.54458333337317,18.711249999990713,4100,0.7168875
102.5604166667065,18.461249999990677,4101,-5.222023
102.51708333337317,18.403194444435112,4102,7.4856515
102.71458333337318,18.578194444435137,4103,1.860806
102.64708333337317,18.585694444435138,4104,10.64641
102.47430555559538,18.566805555546246,4105,-3.0853858
102.50513888892871,18.46958333332401,4106,-3.9210718
102.88847222226211,18.63152777776848,4107,-4.167025
102.90513888892878,18.572361111101802,4108,-0.8758824
102.7670833333732,18.66736111110182,4109,-6.7575603
102.57819444448428,18.674305555546262,4110,-5.5179963
102.8559722222621,18.73180555554627,4111,-5.8197885
102.77736111115098,18.491805555546236,4112,-3.842474
102.8370833333732,18.623194444435143,4113,-3.5571969
102.81541666670654,18.73319444443516,4114,-5.763858
102.46708333337315,18.690416666657377,4115,-6.873259
102.71597222226208,18.686527777768486,4116,-4.409441
102.74597222226208,18.62347222221292,4117,-6.934227
102.49069444448426,18.44680555554623,4118,-2.0775518
102.58625000003984,18.51569444443513,4119,-4.5393124
102.7106944444843,18.637083333324036,4120,0.5363382
102.70180555559541,18.45069444443512,4121,-6.787479
102.8859722222621,18.53708333332402,4122,-1.3571165
102.55013888892873,18.491527777768457,4123,-4.4924107
102.73430555559541,18.62486111110181,4124,-1.4902977
102.77125000003987,18.619027777768476,4125,-7.8148303
102.74125000003986,18.549583333324023,4126,6.7545896
102.68541666670652,18.618472222212922,4127,11.276378
102.54125000003984,18.425416666657338,4128,-2.1611888
102.44625000003981,18.51402777776846,4129,8.657862
102.45125000003982,18.434583333324007,4130,-3.5225034
102.70041666670652,18.58930555554625,4131,16.875553
102.65236111115095,18.656249999990706,4132,-6.56579
102.72652777781764,18.424583333324005,4133,-5.2746854
102.59263888892873,18.72819444443516,4134,-5.5529213
102.64513888892874,18.67347222221293,4135,-5.1783957
102.75625000003986,18.68097222221293,4136,-5.2417984
102.78375000003986,18.64791666665737,4137,-6.496919
102.69708333337319,18.49541666665735,4138,-5.557747
102.43847222226204,18.6137499999907,4139,-5.5381684
102.56875000003984,18.609583333324032,4140,12.659951
102.78347222226209,18.467638888879566,4141,-7.737661
102.56625000003983,18.431249999990673,4142,7.953712
102.4551388889287,18.500138888879572,4143,-2.6470726
102.76625000003986,18.645972222212926,4144,-5.102505
102.56652777781761,18.524861111101796,4145,0.11866718
102.45458333337315,18.764305555546276,4146,-5.2084756
102.76430555559541,18.390694444435113,4147,-5.3111625
102.82902777781764,18.415416666657336,4148,-1.86788
102.43291666670649,18.678749999990707,4149,-6.4250627
102.4351388889287,18.519583333324018,4150,-5.044478
102.4501388889287,18.489305555546235,4151,-0.10530175
102.8734722222621,18.7001388888796,4152,-7.033448
102.49375000003982,18.551249999990688,4153,-3.3388865
102.79847222226209,18.469305555546235,4154,-6.7310343
102.82652777781765,18.488472222212902,4155,-6.8905993
102.48291666670649,18.40624999999067,4156,-4.811248
102.61708333337317,18.590138888879583,4157,12.032927
102.86319444448432,18.605416666657366,4158,-3.160747
102.8759722222621,18.717361111101823,4159,-6.8596835
102.55430555559539,18.486805555546237,4160,-6.060457
102.44347222226205,18.484027777768457,4161,-4.314497
102.65763888892873,18.462916666657343,4162,10.804999
102.54069444448427,18.732361111101827,4163,-6.236278
102.60513888892874,18.489861111101792,4164,10.090448
102.54708333337317,18.440972222212896,4165,-4.372063
102.44319444448426,18.447638888879563,4166,-5.560275
102.89763888892877,18.467916666657345,4167,-5.375815
102.4465277778176,18.458749999990676,4168,6.0631604
102.44847222226204,18.61513888887959,4169,-5.5577035
102.82263888892876,18.687916666657376,4170,-6.7045627
102.81180555559543,18.747361111101828,4171,-3.2484074
102.76652777781764,18.646249999990705,4172,-4.9221873
102.61486111115096,18.59958333332403,4173,6.089131
102.79569444448431,18.450138888879565,4174,-6.0820594
102.43069444448426,18.70124999999071,4175,-1.1549358
102.80430555559542,18.434305555546228,4176,-2.9028115
102.50097222226205,18.585694444435138,4177,7.015517
102.51041666670649,18.45569444443512,4178,-5.1186247
102.5704166667065,18.52458333332402,4179,11.136616
102.67375000003985,18.41513888887956,4180,-7.1679034
102.64902777781762,18.567361111101803,4181,6.5569634
102.89763888892877,18.594027777768474,4182,-6.1432953
102.58930555559539,18.402916666657337,4183,-5.6604195
102.47819444448427,18.579861111101806,4184,-5.8958864
102.73402777781763,18.48791666665735,4185,-5.858965
102.88541666670655,18.395416666657333,4186,-4.707616
102.64458333337318,18.419583333324006,4187,-5.5300827
102.79680555559543,18.552916666657357,4188,-5.9439683
102.79263888892875,18.554027777768468,4189,-3.629378
102.41736111115092,18.48736111110179,4190,-4.116383
102.57625000003983,18.577361111101805,4191,4.1138997
102.75069444448431,18.392083333324,4192,12.642605
102.44736111115093,18.762916666657386,4193,-5.7083206
102.65958333337318,18.75597222221294,4194,-6.283204
102.88458333337321,18.56124999999069,4195,-6.6819663
102.54236111115094,18.633194444435144,4196,6.9294143
102.43125000003981,18.447916666657342,4197,-6.0832787
102.5565277778176,18.492916666657347,4198,-5.507616
102.54652777781762,18.450138888879565,4199,-6.3369207
102.61458333337318,18.41124999999067,4200,-5.595562
102.53513888892871,18.440972222212896,4201,-2.9349952
102.5368055555954,18.599305555546252,4202,-6.65912
102.5579166667065,18.69986111110182,4203,-5.0546494
102.70902777781764,18.43013888887956,4204,-5.2655735
102.73097222226208,18.413194444435113,4205,-5.78412
102.60013888892873,18.7026388888796,4206,-5.5098624
102.82263888892876,18.66069444443515,4207,-3.0380409
102.50902777781761,18.53847222221291,4208,-4.951119
102.90041666670655,18.65791666665737,4209,-6.305717
102.7581944444843,18.474583333324013,4210,-5.929807
102.65513888892873,18.727361111101825,4211,-7.095355
102.49486111115094,18.69152777776849,4212,-4.3272343
102.51708333337317,18.44819444443512,4213,-4.768215
102.60208333337317,18.41152777776845,4214,12.300816
102.79486111115098,18.66736111110182,4215,-4.379257
102.57069444448427,18.512083333324018,4216,10.365507
102.54819444448428,18.59986111110181,4217,12.617484
102.45041666670649,18.389305555546223,4218,-5.350936
102.65986111115096,18.44541666665734,4219,-5.1901836
102.63902777781762,18.500694444435126,4220,9.254138
102.6981944444843,18.405694444435113,4221,-6.60094
102.5904166667065,18.535416666657355,4222,10.928977
102.73569444448431,18.58319444443514,4223,6.3860464
102.50791666670649,18.594861111101807,4224,-4.4392643
102.5968055555954,18.727638888879603,4225,-6.943583
102.52375000003983,18.568749999990693,4226,-5.669067
102.47291666670648,18.76763888887961,4227,-5.9251738
102.87902777781765,18.660138888879594,4228,-6.819796
102.46569444448427,18.70902777776849,4229,-6.635543
102.8759722222621,18.491527777768457,4230,-5.346741
102.67180555559541,18.737638888879605,4231,-5.0105095
102.5554166667065,18.754583333324053,4232,-7.0563684
102.48180555559537,18.486805555546237,4233,-4.744126
102.48875000003983,18.583749999990694,4234,-3.881261
102.66180555559541,18.615416666657364,4235,10.1557865
102.60263888892872,18.503472222212906,4236,-7.341801
102.49680555559539,18.535694444435133,4237,-6.067857
102.47847222226204,18.74097222221294,4238,-6.2929273
102.80180555559542,18.475138888879567,4239,-5.9285727
102.6293055555954,18.631805555546258,4240,-5.099839
102.76347222226208,18.662083333324038,4241,-2.0656438
102.67847222226207,18.639861111101812,4242,8.7005
102.7870833333732,18.40486111110178,4243,-3.8352778
102.58430555559539,18.568194444435136,4244,9.057175
102.8234722222621,18.7665277777685,4245,-4.3978896
102.56847222226206,18.58291666665736,4246,12.3493
102.63875000003985,18.600138888879584,4247,10.418151
102.50930555559538,18.585416666657363,4248,-5.3833113
102.73597222226208,18.480694444435123,4249,-4.8826733
102.64875000003984,18.746527777768495,4250,-5.9150476
102.43013888892871,18.677638888879596,4251,0.54260874
102.72958333337318,18.644027777768482,4252,-4.3550406
102.47625000003983,18.477916666657347,4253,0.03206998
102.71430555559542,18.429861111101783,4254,-6.138515
102.77569444448432,18.690694444435152,4255,-7.3837633
102.90458333337321,18.635972222212924,4256,-3.6675217
102.44041666670648,18.408472222212893,4257,-3.3061223
102.42347222226203,18.633472222212923,4258,-6.4949546
102.81569444448432,18.689027777768487,4259,-6.7516103
102.68236111115097,18.413194444435113,4260,-5.9625707
102.45625000003982,18.732361111101827,4261,-6.5539513
102.60902777781762,18.755694444435164,4262,-4.857335
102.62263888892873,18.70930555554627,4263,-6.783619
102.78847222226209,18.69902777776849,4264,-7.559854
102.5668055555954,18.52847222221291,4265,17.506046
102.56125000003983,18.762083333324053,4266,-5.588601
102.62513888892873,18.692916666657375,4267,-6.217427
102.61097222226206,18.7026388888796,4268,-6.4675865
102.74263888892875,18.769583333324054,4269,-6.3782573
102.85652777781766,18.57013888887958,4270,-7.1484995
102.88708333337321,18.74319444443516,4271,-5.4553266
102.65041666670652,18.54013888887958,4272,10.686415
102.70958333337319,18.576249999990694,4273,6.470558
102.65152777781762,18.57124999999069,4274,10.392176
102.6204166667065,18.567916666657357,4275,9.415872
102.60458333337317,18.440694444435117,4276,8.3989105
102.69180555559541,18.434861111101785,4277,-5.6746264
102.73902777781764,18.398194444435113,4278,-4.914392
102.66847222226207,18.56541666665736,4279,10.64641
102.81486111115098,18.731249999990716,4280,-6.7468467
102.52680555559539,18.432916666657338,4281,9.217753
102.50097222226205,18.480972222212902,4282,-5.5769877
102.6568055555954,18.457638888879565,4283,5.288127
102.71458333337318,18.57319444443514,4284,10.28462
102.53402777781761,18.588472222212918,4285,-5.5526342
102.84791666670654,18.71402777776849,4286,-6.7563977
102.4604166667065,18.68374999999071,4287,-7.8013277
102.80347222226209,18.71680555554627,4288,-5.4705415
102.83486111115099,18.424305555546226,4289,-1.7513041
102.51597222226205,18.39736111110178,4290,4.622205
102.70430555559541,18.645694444435147,4291,10.251097
102.58541666670651,18.58680555554625,4292,10.443469
102.55236111115094,18.4684722222129,4293,-6.269224
102.64708333337317,18.510138888879574,4294,0.6576485
102.74680555559542,18.73458333332405,4295,-2.5395153
102.8859722222621,18.670416666657374,4296,-7.0351863
102.72541666670652,18.562916666657358,4297,-5.720753
102.78930555559542,18.509305555546238,4298,-5.449812
102.84236111115098,18.75597222221294,4299,-4.763095
102.8959722222621,18.602361111101807,4300,-1.4311597
102.82680555559543,18.647083333324037,4301,-4.658017
102.52819444448427,18.500972222212905,4302,-3.789579
102.4990277778176,18.68986111110182,4303,-4.4222884
102.90041666670655,18.62208333332403,4304,-5.9305897
102.63763888892873,18.713749999990714,4305,-6.2160873
102.87041666670655,18.750416666657383,4306,-7.364791
102.89875000003988,18.425694444435116,4307,-5.531473
102.49791666670649,18.523749999990685,4308,-1.7255502
102.49986111115093,18.428472222212893,4309,12.414088
102.80041666670654,18.68208333332404,4310,-4.519522
102.70486111115096,18.517638888879574,4311,-6.257249
102.82513888892876,18.440972222212896,4312,-6.8189406
102.69986111115097,18.422916666657336,4313,-4.2567153
102.66986111115096,18.763194444435165,4314,-6.0623546
102.86902777781765,18.57791666665736,4315,-6.117141
102.89875000003988,18.73486111110183,4316,-6.6577864
102.64986111115095,18.546805555546246,4317,10.913472
102.80430555559542,18.58208333332403,4318,8.252011
102.53736111115094,18.735416666657382,4319,6.8154235
102.57347222226205,18.662083333324038,4320,-6.0356135
102.49263888892871,18.593749999990695,4321,-3.0202067
102.79402777781765,18.696805555546266,4322,-6.7153687
102.47291666670648,18.711249999990713,4323,-5.816525
102.62236111115095,18.70902777776849,4324,-6.7629805
102.85930555559543,18.585416666657363,4325,-6.263472
102.54430555559539,18.515972222212906,4326,-6.17673
102.7881944444843,18.402638888879558,4327,0.021904618
102.65347222226207,18.59847222221292,4328,10.498501
102.86875000003988,18.528749999990687,4329,-6.808303
102.58208333337318,18.51291666665735,4330,-2.7379932
102.7470833333732,18.452361111101787,4331,-6.5796027
102.63958333337318,18.624305555546254,4332,-2.9866111
102.85458333337321,18.64652777776848,4333,-5.608795
102.80513888892875,18.535416666657355,4334,-5.984076
102.4551388889287,18.70041666665738,4335,-5.7658844
102.81986111115098,18.483472222212903,4336,-7.4552836
102.79569444448431,18.522638888879573,4337,-6.7060914
102.7031944444843,18.702916666657377,4338,-3.7279565
102.82180555559543,18.692083333324042,4339,-5.0251427
102.58513888892873,18.753749999990717,4340,-5.8729095
102.77347222226209,18.68097222221293,4341,-4.395117
102.62513888892873,18.457638888879565,4342,5.725688
102.51180555559539,18.406805555546224,4343,0.6109655
102.47569444448426,18.527638888879576,4344,-5.5170283
102.66236111115096,18.68736111110182,4345,-4.275513
102.7445833333732,18.41763888887956,4346,-6.1580424
102.48541666670648,18.47874999999068,4347,-3.9046206
102.8409722222621,18.600694444435142,4348,-5.4377885
102.73125000003986,18.69236111110182,4349,-5.0416713
102.43791666670649,18.652361111101815,4350,-4.226388
102.50708333337316,18.40374999999067,4351,8.812304
102.66013888892874,18.72708333332405,4352,-6.7939873
102.62569444448428,18.724861111101827,4353,-5.65399
102.90680555559544,18.400416666657335,4354,-6.7630534
102.46319444448426,18.654583333324037,4355,-7.3485904
102.66125000003984,18.521249999990687,4356,8.068274
102.83069444448432,18.43013888887956,4357,0.47609326
102.66902777781763,18.746249999990717,4358,-6.323751
102.61236111115095,18.605416666657366,4359,10.443469
102.64097222226206,18.729305555546272,4360,-5.176353
102.65236111115095,18.531527777768463,4361,10.012686
102.8634722222621,18.61236111110181,4362,-6.1433425
102.43819444448427,18.676527777768484,4363,-6.982726
102.51375000003982,18.568194444435136,4364,-3.506744
102.6681944444843,18.434583333324007,4365,-5.462169
102.64791666670651,18.585972222212916,4366,10.584968
102.6568055555954,18.45291666665734,4367,5.2881527
102.82486111115098,18.524027777768463,4368,-3.8384886
102.70097222226208,18.764305555546276,4369,-6.2355504
102.69736111115097,18.603194444435143,4370,12.273509
102.65902777781763,18.524305555546242,4371,11.276378
102.74013888892875,18.766805555546277,4372,-6.1023345
102.77597222226208,18.45069444443512,4373,-4.854374
102.68847222226208,18.39430555554622,4374,-5.4879274
102.82125000003987,18.67319444443515,4375,-1.556888
102.8559722222621,18.716249999990712,4376,-7.1493373
102.50625000003983,18.535694444435133,4377,-1.7215754
102.52680555559539,18.431805555546227,4378,-3.422468
102.66208333337318,18.732361111101827,4379,-0.95035964
102.42375000003982,18.51041666665735,4380,-0.70134926
102.82375000003987,18.600138888879584,4381,-5.5603223
102.69986111115097,18.75736111110183,4382,-4.263314
102.4440277778176,18.534861111101797,4383,-6.085554
102.90291666670655,18.480972222212902,4384,9.812464
102.68541666670652,18.616527777768475,4385,11.3497095
102.74180555559542,18.69097222221293,4386,-2.8800619
102.73152777781763,18.731527777768495,4387,-4.257324
102.6906944444843,18.51541666665735,4388,5.906909
102.66986111115096,18.595972222212918,4389,12.146217
102.85236111115098,18.39624999999067,4390,-6.744198
102.6818055555954,18.75874999999072,4391,-4.389472
102.81819444448432,18.70736111110182,4392,-4.292453
102.55708333337317,18.662083333324038,4393,9.932643
102.43347222226204,18.47986111110179,4394,-2.8547056
102.57458333337317,18.72569444443516,4395,7.143416
102.67625000003986,18.5523611111018,4396,9.319539
102.70708333337319,18.54847222221291,4397,5.135357
102.49208333337316,18.60097222221292,4398,-4.07661
102.61847222226207,18.413472222212892,4399,-4.065193
102.7281944444843,18.49486111110179,4400,-5.509727
102.6693055555954,18.709861111101823,4401,-3.510543
102.54736111115095,18.497361111101792,4402,-4.529218
102.82541666670654,18.58680555554625,4403,-0.9908979
102.61236111115095,18.70624999999071,4404,-4.205709
102.5943055555954,18.60097222221292,4405,21.088568
102.72041666670653,18.499583333324015,4406,-0.21406737
102.88125000003988,18.50430555554624,4407,-5.462067
102.74847222226208,18.661249999990705,4408,-3.8599572
102.64208333337318,18.711249999990713,4409,-6.144527
102.52347222226206,18.54708333332402,4410,-5.03212
102.59347222226206,18.760972222212942,4411,-6.43499
102.7456944444843,18.6137499999907,4412,-4.962458
102.6093055555954,18.49791666665735,4413,-5.9625497
102.46930555559538,18.6287499999907,4414,-5.966219
102.66652777781762,18.489861111101792,4415,-5.1371493
102.70902777781764,18.63236111110181,4416,-6.7477536
102.60875000003985,18.48124999999068,4417,8.898864
102.52319444448428,18.712361111101824,4418,6.262393
102.88875000003988,18.53069444443513,4419,-5.122874
102.85708333337321,18.44291666665734,4420,-6.2562413
102.90069444448433,18.512361111101796,4421,-4.087724
102.89541666670655,18.75847222221294,4422,-6.872794
102.6668055555954,18.51152777776846,4423,8.834031
102.64013888892873,18.637083333324036,4424,8.850765
102.85430555559543,18.713472222212935,4425,-0.36671725
102.7556944444843,18.71541666665738,4426,-7.10341
102.60875000003985,18.72458333332405,4427,-7.4484625
102.6368055555954,18.446249999990673,4428,4.243207
102.7745833333732,18.41874999999067,4429,-6.2746744
102.76319444448431,18.466249999990676,4430,-4.5888352
102.68930555559541,18.664861111101818,4431,-4.5760145
102.60513888892874,18.5423611111018,4432,4.992208
102.6943055555954,18.498472222212904,4433,-7.055155
102.70597222226208,18.390694444435113,4434,-5.3388424
102.55930555559539,18.69736111110182,4435,-6.9635363
102.42430555559537,18.752638888879606,4436,-7.1313596
102.75069444448431,18.620416666657366,4437,-5.6125665
102.83041666670654,18.633472222212923,4438,-6.0040436
102.43875000003982,18.439583333324006,4439,-6.0160985
102.7093055555954,18.50291666665735,4440,-6.953449
102.74791666670653,18.676805555546263,4441,-2.242105
102.58236111115095,18.41986111110178,4442,-4.352871
102.45208333337315,18.745138888879605,4443,-6.4390798
102.67625000003986,18.64819444443515,4444,-3.7438464
102.67902777781762,18.517083333324017,4445,6.1482954
102.6318055555954,18.519583333324018,4446,-4.4318914
102.82152777781765,18.650972222212925,4447,-6.6231103
102.55569444448427,18.48513888887957,4448,-4.7834163
102.84263888892876,18.449305555546232,4449,-0.85982835
102.60652777781762,18.737638888879605,4450,-6.227357
102.42458333337315,18.451249999990676,4451,-6.6985335
102.7320833333732,18.659861111101815,4452,9.968257
102.4904166667065,18.584027777768473,4453,-3.748609
102.50013888892872,18.695972222212934,4454,-6.932762
102.77486111115097,18.687083333324043,4455,-1.2289789
102.54458333337317,18.45708333332401,4456,-4.646423
102.58680555559539,18.544027777768466,4457,10.913472
102.55347222226206,18.735416666657382,4458,-5.043143
102.85263888892877,18.651527777768482,4459,-7.6862645
102.887361111151,18.506249999990683,4460,-5.2722783
102.67430555559541,18.458194444435122,4461,-4.027448
102.48319444448427,18.53097222221291,4462,-4.065189
102.82541666670654,18.625972222212923,4463,-6.1275935
102.84569444448432,18.4659722222129,4464,-6.5913124
102.78152777781764,18.660138888879594,4465,-5.0465617
102.6981944444843,18.450138888879565,4466,-7.339124
102.57652777781762,18.762083333324053,4467,-6.313988
102.76375000003986,18.764027777768497,4468,-6.7173142
102.47180555559538,18.704305555546267,4469,-4.4682136
102.84625000003987,18.54708333332402,4470,-4.266076
102.88291666670655,18.41236111110178,4471,-4.836433
102.77986111115098,18.415416666657336,4472,-6.3783755
102.81263888892876,18.769583333324054,4473,-5.8897123
102.76763888892876,18.527916666657354,4474,6.4109764
102.46847222226204,18.621527777768478,4475,-5.039981
102.74375000003987,18.73319444443516,4476,-6.538978
102.83430555559544,18.705416666657378,4477,-5.000127
102.6643055555954,18.741249999990718,4478,-5.482455
102.90430555559544,18.49541666665735,4479,-5.222045
102.84736111115099,18.676805555546263,4480,-2.593009
102.89152777781766,18.482916666657346,4481,-5.4721036
102.42458333337315,18.745416666657384,4482,-4.258262
102.45208333337315,18.63097222221292,4483,-3.8145683
102.66375000003985,18.66319444443515,4484,-5.0069885
102.48041666670649,18.53708333332402,4485,-5.6325836
102.63875000003985,18.722361111101826,4486,-6.769488
102.63263888892874,18.38847222221289,4487,-4.117598
102.55013888892873,18.695416666657376,4488,-2.2057555
102.6493055555954,18.72597222221294,4489,-6.130426
102.82013888892877,18.423194444435115,4490,-5.9935536
102.83486111115099,18.642361111101813,4491,-6.5353866
102.72541666670652,18.39736111110178,4492,-3.2226052
102.88430555559543,18.597361111101808,4493,-5.8722296
102.76402777781765,18.68347222221293,4494,-6.517782
102.89375000003989,18.485416666657347,4495,-6.8948174
102.47180555559538,18.392083333324,4496,-1.173961
102.66791666670652,18.548194444435133,4497,7.4477367
102.8170833333732,18.516249999990684,4498,-0.94119763
102.68152777781764,18.503472222212906,4499,-5.923825
102.75597222226209,18.76736111110183,4500,-6.315012
102.60180555559539,18.406527777768446,4501,-1.7000731
102.44902777781759,18.452361111101787,4502,-4.767616
102.76819444448431,18.629305555546257,4503,-6.4068174
102.50625000003983,18.534027777768465,4504,-4.8883333
102.66541666670652,18.47874999999068,4505,10.365507
102.45736111115093,18.526249999990686,4506,-2.5157807
102.41347222226203,18.619027777768476,4507,-0.16720393
102.7820833333732,18.654583333324037,4508,-5.691464
102.59986111115096,18.482916666657346,4509,10.443469
102.69291666670652,18.708472222212933,4510,-5.304192
102.83763888892877,18.763194444435165,4511,-5.9015245
102.80125000003987,18.51569444443513,4512,-6.25522
102.82125000003987,18.425972222212895,4513,-5.8456717
102.65513888892873,18.672638888879597,4514,-4.721302
102.52486111115094,18.542083333324022,4515,-5.487167
102.88013888892877,18.613194444435145,4516,-5.81167
102.54736111115095,18.424583333324005,4517,-4.730116
102.44958333337316,18.610138888879586,4518,-5.539844
102.67041666670652,18.703472222212934,4519,-5.773339
102.57875000003983,18.627361111101813,4520,3.810258
102.49319444448427,18.441249999990674,4521,-3.8132074
102.52986111115094,18.46319444443512,4522,-5.6811414
102.87791666670654,18.584861111101805,4523,0.84948957
102.46486111115094,18.63013888887959,4524,-5.9045553
102.43819444448427,18.51041666665735,4525,7.853202
102.51708333337317,18.543472222212912,4526,-6.069477
102.48041666670649,18.41124999999067,4527,8.453513
102.73013888892875,18.627916666657367,4528,-7.263679
102.54652777781762,18.655138888879595,4529,8.546349
102.82513888892876,18.71402777776849,4530,-6.5627
102.48958333337316,18.589861111101808,4531,-1.8414979
102.63208333337317,18.681527777768487,4532,-5.071382
102.5429166667065,18.49763888887957,4533,-6.2825465
102.41458333337314,18.58902777776847,4534,-4.9500837
102.62291666670652,18.587638888879585,4535,10.666613
102.63902777781762,18.6312499999907,4536,-3.313404
102.7959722222621,18.516527777768463,4537,-4.730608
102.81652777781765,18.645972222212926,4538,-3.812953
102.79263888892875,18.569305555546247,4539,-5.595312
102.73847222226208,18.456805555546232,4540,-6.738111
102.65930555559541,18.648749999990702,4541,-4.727136
102.8345833333732,18.542083333324022,4542,8.140883
102.49347222226204,18.745416666657384,4543,-5.786791
102.62569444448428,18.452638888879566,4544,9.746328
102.78041666670653,18.484027777768457,4545,-4.7735443
102.54069444448427,18.769583333324054,4546,-6.2437215
102.4604166667065,18.470138888879568,4547,-4.9559135
102.4526388889287,18.609305555546253,4548,-5.3854427
102.67819444448429,18.74319444443516,4549,-6.104874
102.42291666670648,18.414583333324003,4550,-0.8230109
102.71486111115097,18.530138888879577,4551,6.7545896
102.62458333337318,18.530138888879577,4552,2.223959
102.8684722222621,18.483749999990682,4553,-4.8485117
102.75736111115097,18.520972222212908,4554,-6.353516
102.66958333337318,18.43902777776845,4555,-6.634395
102.5504166667065,18.65819444443515,4556,10.705833
102.46263888892871,18.61513888887959,4557,-5.1374145
102.59208333337317,18.585972222212916,4558,5.1364107
102.62263888892873,18.59180555554625,4559,12.125228
102.59847222226206,18.390416666657334,4560,6.9151797
102.65125000003985,18.638472222212926,4561,10.251097
102.5429166667065,18.532638888879575,4562,-6.047208
102.56986111115094,18.61597222221292,4563,6.1274524
102.81875000003987,18.76736111110183,4564,-3.622684
102.72680555559542,18.621527777768478,4565,-5.731664
102.62208333337318,18.524861111101796,4566,11.590872
102.66791666670652,18.751527777768494,4567,-4.7223887
102.60402777781762,18.54013888887958,4568,-6.9754777
102.88013888892877,18.489305555546235,4569,-6.3650904
102.54375000003984,18.72541666665738,4570,-4.896917
102.66097222226207,18.542083333324022,4571,9.239496
102.54597222226205,18.525694444435132,4572,1.1369274
102.87652777781766,18.48736111110179,4573,-5.034463
102.84597222226209,18.68097222221293,4574,-7.2964945
102.55263888892873,18.541527777768465,4575,5.56937
102.80486111115098,18.45708333332401,4576,-5.439405
102.87930555559544,18.46958333332401,4577,4.2165813
102.78236111115098,18.433194444435117,4578,-1.5419493
102.51375000003982,18.66847222221293,4579,-5.980619
102.47236111115093,18.57402777776847,4580,8.492856
102.44625000003981,18.69097222221293,4581,-4.5333714
102.48763888892871,18.413194444435113,4582,10.220325
102.47625000003983,18.515972222212906,4583,-4.9781256
102.68597222226208,18.757916666657387,4584,-6.0744705
102.72680555559542,18.58041666665736,4585,2.285712
102.54652777781762,18.440972222212896,4586,-3.3768148
102.42625000003981,18.695972222212934,4587,-7.990101
102.54125000003984,18.65652777776848,4588,9.857476
102.75319444448431,18.675694444435152,4589,-7.1960425
102.44180555559538,18.418194444435116,4590,6.762108
102.6756944444843,18.522361111101798,4591,9.811847
102.59486111115095,18.527638888879576,4592,10.443469
102.78069444448431,18.41124999999067,4593,-5.455601
102.59208333337317,18.663749999990706,4594,-0.082777396
102.88319444448433,18.636527777768478,4595,-6.069015
102.57125000003984,18.672361111101818,4596,-6.0640354
102.56013888892872,18.61513888887959,4597,12.5007925
102.82708333337321,18.6287499999907,4598,-6.409237
102.8645833333732,18.409305555546226,4599,-5.607591
102.83902777781765,18.676805555546263,4600,-4.3529224
102.60625000003984,18.604305555546254,4601,9.527178
102.85541666670655,18.391805555546224,4602,-6.435888
102.47875000003982,18.749027777768497,4603,-6.236068
102.53236111115095,18.579583333324027,4604,-4.82013
102.64708333337317,18.401527777768447,4605,-6.6658044
102.49625000003982,18.71819444443516,4606,-7.4171267
102.41541666670648,18.633194444435144,4607,-7.242963
102.53652777781761,18.58180555554625,4608,-7.0562525
102.7456944444843,18.67847222221293,4609,4.0127196
102.84041666670655,18.416249999990672,4610,-3.3375657
102.44069444448427,18.745972222212938,4611,-5.5030975
102.71597222226208,18.70791666665738,4612,-4.449266
102.53125000003983,18.49791666665735,4613,-3.759596
102.69847222226207,18.679027777768486,4614,2.6023092
102.73291666670653,18.628194444435145,4615,-6.4291577
102.72041666670653,18.62208333332403,4616,-5.0796585
102.64125000003985,18.447361111101785,4617,10.202149
102.42097222226204,18.691805555546264,4618,-4.2738905
102.53736111115094,18.686527777768486,4619,11.216683
102.50680555559538,18.456805555546232,4620,-4.5952687
102.58708333337317,18.48763888887957,4621,10.0504265
102.4590277778176,18.53597222221291,4622,-5.965411
102.76597222226208,18.619027777768476,4623,-4.2841053
102.89180555559544,18.62097222221292,4624,-2.937354
102.73625000003986,18.758194444435162,4625,-4.7730703
102.47013888892872,18.525416666657353,4626,-0.39604145
102.87986111115099,18.424583333324005,4627,-5.3649817
102.70402777781763,18.407361111101782,4628,-4.725095
102.7995833333732,18.624583333324033,4629,-6.862417
102.48541666670648,18.55513888887958,4630,-4.769554
102.42291666670648,18.721527777768493,4631,-7.5827117
102.5329166667065,18.687083333324043,4632,10.118257
102.77652777781765,18.537638888879577,4633,8.898535
102.67902777781762,18.405972222212892,4634,-5.624982
102.71680555559541,18.530416666657352,4635,6.3664317
102.90569444448433,18.515972222212906,4636,-6.340054
102.69486111115097,18.662638888879595,4637,-6.7277083
102.77930555559541,18.41291666665734,4638,-6.646129
102.902361111151,18.582361111101804,4639,-4.682742
102.53263888892872,18.635972222212924,4640,10.779942
102.47930555559537,18.634305555546256,4641,-5.1268363
102.8370833333732,18.57263888887958,4642,-6.0544086
102.56736111115094,18.676249999990706,4643,-5.6468883
102.86180555559544,18.721527777768493,4644,-3.9750426
102.43652777781759,18.53097222221291,4645,6.0031757
102.45319444448427,18.64013888887959,4646,-4.6467843
102.58236111115095,18.432638888879563,4647,-4.595619
102.58680555559539,18.51152777776846,4648,8.591336
102.70208333337318,18.67347222221293,4649,-5.959899
102.72513888892874,18.564305555546248,4650,8.647064
102.79569444448431,18.427083333324006,4651,-2.6475332
102.7495833333732,18.509861111101795,4652,-7.9125338
102.70597222226208,18.591527777768473,4653,6.8549576
102.86958333337321,18.660972222212926,4654,-6.2793403
102.81263888892876,18.687638888879597,4655,-6.7076397
102.83680555559543,18.57902777776847,4656,-6.4481807
102.54958333337316,18.741527777768493,4657,-4.5438275
102.61263888892873,18.560694444435136,4658,7.242488
102.85402777781765,18.40986111110178,4659,-5.071471
102.78541666670654,18.443194444435118,4660,-3.820212
102.8620833333732,18.76736111110183,4661,-6.3774624
102.8320833333732,18.48652777776846,4662,-6.0326247
102.49263888892871,18.50680555554624,4663,-3.7823799
102.66402777781762,18.46986111110179,4664,11.124038
102.6806944444843,18.53097222221291,4665,4.6211276
102.87263888892876,18.49791666665735,4666,-5.8243394
102.81597222226209,18.456805555546232,4667,-5.1583986
102.6731944444843,18.58013888887958,4668,4.3821707
102.74125000003986,18.561805555546247,4669,9.802753
102.74763888892875,18.75847222221294,4670,-5.124852
102.83347222226209,18.48791666665735,4671,-3.1396885
102.47180555559538,18.43791666665734,4672,-1.0716758
102.4240277778176,18.7690277777685,4673,-6.2950535
102.87430555559544,18.42124999999067,4674,-6.2828565
102.55347222226206,18.526805555546243,4675,-4.8963437
102.76097222226208,18.600694444435142,4676,-7.841467
102.55458333337317,18.532638888879575,4677,4.0438147
102.68902777781763,18.517916666657353,4678,8.624471
102.87763888892877,18.7690277777685,4679,-5.7330494
102.84319444448433,18.514861111101794,4680,-2.4930875
102.44986111115092,18.54097222221291,4681,-5.661221
102.70375000003986,18.695972222212934,4682,-5.9678507
102.87569444448432,18.466805555546234,4683,-4.4323573
102.47180555559538,18.641249999990702,4684,10.875157
102.90513888892878,18.447916666657342,4685,-7.2362614
102.77236111115097,18.587638888879585,4686,-5.6432376
102.51458333337317,18.53874999999069,4687,-1.6171278
102.90125000003988,18.595972222212918,4688,-5.170629
102.71791666670653,18.634861111101813,4689,-6.193506
102.46069444448426,18.432361111101784,4690,-1.5742699
102.49291666670649,18.450138888879565,4691,7.9650745
102.89930555559543,18.50513888887957,4692,-6.2072144
102.67402777781763,18.52180555554624,4693,9.28378
102.81819444448432,18.680138888879597,4694,-6.4691143
102.72208333337319,18.604305555546254,4695,-1.7690212
102.6079166667065,18.746249999990717,4696,-5.0023127
102.52569444448427,18.40986111110178,4697,8.524613
102.72013888892874,18.573749999990692,4698,8.364027
102.71125000003985,18.610694444435143,4699,-7.2487006
102.45069444448426,18.52819444443513,4700,2.9114556
102.56069444448428,18.51402777776846,4701,-4.3523273
102.54236111115094,18.595138888879585,4702,-6.3523974
102.55819444448427,18.416527777768447,4703,8.834031
102.857361111151,18.470138888879568,4704,-5.9792438
102.83541666670654,18.722361111101826,4705,-5.5515323
102.62847222226206,18.729305555546272,4706,-6.1094565
102.77902777781765,18.46180555554623,4707,-6.089548
102.72875000003985,18.68236111110182,4708,-5.4203577
102.69958333337318,18.439583333324006,4709,-5.473359
102.869861111151,18.602916666657364,4710,-6.3471937
102.71236111115097,18.654861111101816,4711,6.8653054
102.69958333337318,18.459861111101787,4712,-5.1577077
102.52708333337316,18.583749999990694,4713,-6.0408187
102.69402777781764,18.667916666657373,4714,-5.171624
102.52402777781761,18.587361111101806,4715,-6.611419
102.86013888892876,18.67458333332404,4716,-7.539541
102.57902777781761,18.550972222212913,4717,7.879692
102.72875000003985,18.410694444435116,4718,-6.2130575
102.69486111115097,18.60569444443514,4719,10.112292
102.65013888892874,18.419583333324006,4720,-6.0009055
102.69097222226208,18.61986111110181,4721,5.8358293
102.5879166667065,18.49624999999068,4722,10.848934
102.83236111115099,18.632083333324033,4723,-6.560552
102.72125000003986,18.717083333324048,4724,-6.6982613
102.89541666670655,18.476527777768457,4725,7.853202
102.53263888892872,18.730416666657383,4726,10.20871
102.63069444448429,18.583472222212915,4727,8.546349
102.87180555559543,18.446527777768452,4728,-4.9124737
102.88625000003988,18.429583333324004,4729,-5.61181
102.63152777781762,18.462916666657343,4730,10.743573
102.82541666670654,18.45958333332401,4731,-6.8367667
102.78680555559542,18.614305555546252,4732,-3.327611
102.45763888892871,18.40097222221289,4733,8.648017
102.86569444448432,18.468749999990678,4734,5.490575
102.81430555559542,18.51041666665735,4735,-6.001242
102.87680555559544,18.480694444435123,4736,-6.2656307
102.62236111115095,18.534027777768465,4737,11.297884
102.81263888892876,18.6237499999907,4738,-2.367198
102.61486111115096,18.534027777768465,4739,10.251097
102.42680555559537,18.745138888879605,4740,-5.213511
102.73430555559541,18.573472222212914,4741,9.570192
102.89319444448432,18.40374999999067,4742,-5.5359573
102.81680555559542,18.691805555546264,4743,-6.716378
102.69930555559542,18.610138888879586,4744,6.0801206
102.72763888892875,18.433472222212895,4745,-5.8339577
102.68791666670651,18.530138888879577,4746,4.6211324
102.83152777781766,18.695416666657376,4747,-4.786268
102.52958333337317,18.582361111101804,4748,-1.6011927
102.85013888892877,18.693472222212932,4749,-0.40557176
102.8534722222621,18.42513888887956,4750,-6.706224
102.47791666670649,18.399861111101778,4751,-1.4318587
102.81291666670654,18.719861111101824,4752,-5.65249
102.83680555559543,18.644305555546257,4753,-6.273366
102.72375000003986,18.516527777768463,4754,-7.0986934
102.53958333337316,18.711249999990713,4755,9.314572
102.67041666670652,18.713194444435157,4756,-4.707172
102.80486111115098,18.462916666657343,4757,-5.674627
102.68541666670652,18.7001388888796,4758,-7.2538786
102.61263888892873,18.62208333332403,4759,-4.4668565
102.68263888892874,18.44041666665734,4760,-4.9409943
102.71847222226208,18.597361111101808,4761,-3.8743868
102.58458333337317,18.68069444443515,4762,-5.427769
102.69902777781763,18.559027777768467,4763,3.8662894
102.68041666670652,18.73930555554627,4764,-6.6039796
102.85291666670655,18.714861111101825,4765,-6.6311975
102.61597222226206,18.648749999990702,4766,9.393647
102.88208333337322,18.63902777776848,4767,-7.1235867
102.87569444448432,18.701805555546265,4768,-7.091057
102.66291666670652,18.415416666657336,4769,-5.4337406
102.80736111115098,18.5448611111018,4770,-4.2992597
102.46319444448426,18.520138888879575,4771,-4.222912
102.76680555559543,18.48263888887957,4772,-7.1549745
102.42069444448425,18.727361111101825,4773,-6.679493
102.5754166667065,18.523749999990685,4774,1.3381816
102.54736111115095,18.441249999990674,4775,-4.5233703
102.81930555559542,18.432083333324005,4776,2.1731608
102.56930555559539,18.520138888879575,4777,10.625791
102.50736111115094,18.70152777776849,4778,-7.2017465
102.59875000003984,18.423194444435115,4779,-4.902397
102.72597222226209,18.557916666657356,4780,5.3195267
102.41708333337314,18.4709722222129,4781,-3.7823327
102.81319444448431,18.497361111101792,4782,-6.1659713
102.78902777781765,18.653749999990705,4783,-4.6751366
102.68625000003985,18.636527777768478,4784,10.974097
102.71680555559541,18.49374999999068,4785,-3.8926542
102.89041666670654,18.72402777776849,4786,-3.6482053
102.71875000003986,18.72458333332405,4787,-5.018931
102.46319444448426,18.52347222221291,4788,-4.2585897
102.74152777781764,18.498194444435125,4789,-3.659825
102.66791666670652,18.74069444443516,4790,-3.2985623
102.75041666670653,18.42624999999067,4791,-4.7384295
102.78875000003987,18.395416666657333,4792,-7.1868343
102.46597222226204,18.45708333332401,4793,-5.9958878
102.66125000003984,18.57013888887958,4794,5.326079
102.88513888892876,18.669861111101817,4795,-6.6319785
102.52541666670649,18.57263888887958,4796,-6.443831
102.54097222226206,18.603749999990697,4797,-6.5090265
102.69986111115097,18.7101388888796,4798,-6.2402177
102.82013888892877,18.56374999999069,4799,-3.5913382
102.69486111115097,18.70624999999071,4800,-5.903774
102.51236111115094,18.697083333324045,4801,-4.1192837
102.42736111115093,18.55874999999069,4802,-6.047278
102.7031944444843,18.609027777768475,4803,7.246728
102.46069444448426,18.42513888887956,4804,-2.641096
102.63791666670652,18.750416666657383,4805,6.029674
102.64152777781763,18.49013888887957,4806,-4.475504
102.86291666670654,18.42402777776845,4807,-6.2466874
102.55986111115095,18.63013888887959,4808,12.580589
102.41513888892871,18.4859722222129,4809,-3.7108707
102.60736111115095,18.516249999990684,4810,7.2050157
102.44486111115093,18.668749999990705,4811,-6.419449
102.67680555559541,18.39736111110178,4812,-5.0093517
102.42486111115093,18.534861111101797,4813,-3.8138545
102.68458333337318,18.42736111110178,4814,-5.0835576
102.54513888892872,18.507638888879573,4815,-6.232318
102.5204166667065,18.44541666665734,4816,-4.1234026
102.46736111115094,18.468749999990678,4817,-1.8137649
102.63319444448429,18.42624999999067,4818,-6.5974793
102.67847222226207,18.719861111101824,4819,-5.669155
102.84541666670654,18.741249999990718,4820,-5.791423
102.6329166667065,18.60486111110181,4821,9.543722
102.78791666670654,18.70124999999071,4822,-2.467121
102.58069444448428,18.389305555546223,4823,-4.38642
102.70236111115096,18.469305555546235,4824,-6.1445904
102.5368055555954,18.618472222212922,4825,11.197241
102.77847222226208,18.561527777768468,4826,-3.8526368
102.90291666670655,18.507361111101794,4827,14.483493
102.44819444448426,18.575694444435136,4828,-4.9974227
102.83263888892876,18.441527777768453,4829,-6.9765553
102.43625000003982,18.435694444435118,4830,-4.54387
102.77375000003987,18.429861111101783,4831,1.8737112
102.68208333337319,18.51541666665735,4832,4.3555465
102.81930555559542,18.6901388888796,4833,-3.18644
102.79930555559542,18.443749999990676,4834,-4.2296634
102.7731944444843,18.75986111110183,4835,-6.1337795
102.90597222226211,18.416249999990672,4836,-6.867144
102.61125000003985,18.535416666657355,4837,5.3661838
102.66402777781762,18.413472222212892,4838,-5.966639
102.57569444448428,18.51180555554624,4839,10.468162
102.79291666670653,18.697083333324045,4840,-2.1983948
102.66069444448429,18.735138888879604,4841,-4.1468997
102.6329166667065,18.42791666665734,4842,-5.2381845
102.4540277778176,18.434305555546228,4843,-5.249295
102.53847222226206,18.50291666665735,4844,-2.9745436
102.67458333337318,18.670972222212928,4845,-4.4194107
102.53986111115094,18.58319444443514,4846,-5.66371
102.63375000003984,18.611805555546255,4847,6.173074
102.60597222226207,18.477916666657347,4848,8.311097
102.70402777781763,18.72458333332405,4849,-5.675879
102.51458333337317,18.523749999990685,4850,-0.77549416
102.45208333337315,18.629583333324035,4851,7.4135003
102.49013888892871,18.56263888887958,4852,-5.507464
102.43375000003982,18.66458333332404,4853,-6.7531
102.67125000003985,18.450972222212897,4854,-5.2817345
102.7031944444843,18.600416666657363,4855,12.02238
102.85041666670654,18.64763888887959,4856,-4.825946
102.7845833333732,18.646249999990705,4857,-5.552866
102.86152777781766,18.53819444443513,4858,9.340364
102.90291666670655,18.389305555546223,4859,10.186329
102.47847222226204,18.68069444443515,4860,-6.537879
102.58402777781761,18.68069444443515,4861,-5.1071
102.69902777781763,18.684583333324042,4862,-4.355466
102.7995833333732,18.679305555546264,4863,-5.1036944
102.58486111115094,18.599027777768473,4864,9.781674
102.74402777781764,18.671527777768485,4865,0.9898063
102.50097222226205,18.542638888879576,4866,8.861052
102.8345833333732,18.41013888887956,4867,-7.62386
102.74402777781764,18.401805555546225,4868,-6.6382585
102.897361111151,18.695972222212934,4869,-6.052672
102.6906944444843,18.489583333324013,4870,-5.965752
102.63513888892874,18.509583333324017,4871,9.099369
102.89013888892877,18.570972222212916,4872,1.6017038
102.62125000003984,18.39486111110178,4873,5.2199154
102.71458333337318,18.73208333332405,4874,-5.186004
102.60347222226206,18.547916666657358,4875,8.087544
102.5643055555954,18.52458333332402,4876,8.951814
102.7456944444843,18.52180555554624,4877,-5.3612533
102.87180555559543,18.62986111110181,4878,4.6218853
102.68097222226207,18.755694444435164,4879,-2.6288893
102.6406944444843,18.498749999990682,4880,7.8572416
102.6318055555954,18.636249999990703,4881,8.354979
102.43958333337315,18.484027777768457,4882,-5.0008807
102.84486111115099,18.709861111101823,4883,-0.46079606
102.62541666670651,18.65541666665737,4884,8.951814
102.69013888892874,18.564305555546248,4885,-3.8881066
102.65069444448429,18.69097222221293,4886,-7.1249094
102.57458333337317,18.644583333324036,4887,-5.6283793
102.44291666670648,18.619027777768476,4888,2.0301523
102.85208333337322,18.58680555554625,4889,-0.80909044
102.78986111115098,18.65180555554626,4890,-6.891923
102.53458333337316,18.717083333324048,4891,8.834031
102.47597222226204,18.648472222212927,4892,-6.7235575
102.66458333337319,18.4534722222129,4893,12.640492
102.68347222226207,18.55624999999069,4894,10.604737
102.59597222226206,18.634861111101813,4895,-6.3972087
102.56125000003983,18.497361111101792,4896,-4.1418395
102.81847222226209,18.62097222221292,4897,-6.5722575
102.52180555559538,18.6162499999907,4898,-5.6305647
102.54486111115094,18.676805555546263,4899,6.1271963
102.5479166667065,18.509583333324017,4900,-6.383931
102.78513888892876,18.552916666657357,4901,-5.762653
102.6318055555954,18.49541666665735,4902,9.004142
102.46208333337316,18.524027777768463,4903,-6.15612
102.57236111115094,18.389027777768444,4904,-3.3972597
102.46930555559538,18.736249999990715,4905,-6.278176
102.74041666670652,18.487083333324016,4906,-6.2297754
102.6443055555954,18.74986111110183,4907,-0.23841125
102.79791666670654,18.4534722222129,4908,-5.448859
102.64097222226206,18.70652777776849,4909,-1.5860502
102.61041666670651,18.65680555554626,4910,11.308466
102.45736111115093,18.707083333324046,4911,-6.7907104
102.49791666670649,18.62208333332403,4912,-7.372856
102.56597222226206,18.528749999990687,4913,0.13891748
102.50430555559538,18.467361111101788,4914,-0.2265989
102.69597222226207,18.414305555546225,4915,-6.746811
102.85208333337322,18.585416666657363,4916,-4.8761187
102.65152777781762,18.43541666665734,4917,-3.9538262
102.60625000003984,18.440694444435117,4918,-3.5633087
102.66402777781762,18.531527777768463,4919,6.6319065
102.5204166667065,18.59097222221292,4920,-0.8092308
102.43958333337315,18.59041666665736,4921,-2.424364
102.63069444448429,18.685972222212932,4922,6.1271577
102.89819444448433,18.75847222221294,4923,-6.6206093
102.84291666670654,18.513472222212908,4924,17.97277
102.85902777781766,18.667638888879594,4925,-3.6124241
102.84986111115099,18.537916666657356,4926,7.0054135
102.44291666670648,18.6337499999907,4927,-5.100896
102.5415277778176,18.72319444443516,4928,7.478704
102.86791666670655,18.7051388888796,4929,-5.0212665
102.53902777781761,18.513472222212908,4930,-4.716846
102.76875000003986,18.53874999999069,4931,8.647214
102.64902777781762,18.522916666657352,4932,8.207284
102.89208333337321,18.672638888879597,4933,-4.272933
102.78291666670653,18.531805555546242,4934,-3.125067
102.54375000003984,18.74208333332405,4935,-5.911014
102.42819444448426,18.703749999990713,4936,2.475457
102.48375000003982,18.768472222212942,4937,0.34396407
102.54208333337317,18.460416666657345,4938,-5.5358987
102.55152777781761,18.433472222212895,4939,-4.5760155
102.77680555559542,18.460416666657345,4940,-4.7486215
102.61347222226206,18.389027777768444,4941,-2.034752
102.44625000003981,18.387083333324,4942,-2.8184187
102.80986111115098,18.664861111101818,4943,-6.0116587
102.84291666670654,18.638194444435147,4944,-3.7171633
102.72486111115097,18.585416666657363,4945,9.964039
102.80069444448431,18.725138888879602,4946,-5.4986796
102.90291666670655,18.399305555546224,4947,6.1912904
102.69319444448429,18.705694444435156,4948,-6.521464
102.80763888892876,18.689027777768487,4949,-6.237558
102.46263888892871,18.452361111101787,4950,-0.3114244
102.79319444448431,18.752638888879606,4951,-5.084928
102.76430555559541,18.401805555546225,4952,-5.6056323
102.82930555559543,18.68097222221293,4953,-7.884619
102.79041666670653,18.769861111101832,4954,-7.230451
102.61208333337318,18.672638888879597,4955,11.481977
102.46875000003982,18.764027777768497,4956,-4.9350896
102.49208333337316,18.48736111110179,4957,-5.611914
102.87680555559544,18.42013888887956,4958,-6.257909
102.46402777781759,18.508472222212905,4959,-0.7446652
102.57680555559539,18.679305555546264,4960,-5.1912007
102.7881944444843,18.525416666657353,4961,-5.904104
102.8220833333732,18.56263888887958,4962,-5.8572063
102.60986111115095,18.502083333324016,4963,-6.3538003
102.49013888892871,18.74069444443516,4964,-6.3880415
102.57763888892873,18.490416666657346,4965,1.6809661
102.90680555559544,18.511249999990685,4966,-4.561818
102.58708333337317,18.676527777768484,4967,-4.220282
102.51680555559538,18.42013888887956,4968,10.380908
102.66708333337318,18.695416666657376,4969,-7.093299
102.50708333337316,18.62236111110181,4970,-7.610375
102.43013888892871,18.447916666657342,4971,-5.313592
102.69291666670652,18.593749999990695,4972,6.1481466
102.65263888892873,18.57291666665736,4973,10.604014
102.87180555559543,18.765416666657387,4974,-5.691156
102.86513888892877,18.420694444435114,4975,-7.2074795
102.58013888892873,18.510138888879574,4976,10.64641
102.45625000003982,18.441805555546228,4977,-5.6377754
102.79375000003986,18.423472222212894,4978,-5.6457844
102.49430555559537,18.429861111101783,4979,4.1584234
102.72402777781764,18.577361111101805,4980,9.46264
102.8145833333732,18.595972222212918,4981,-5.1864066
102.7081944444843,18.747638888879607,4982,-6.265148
102.57125000003984,18.74236111110183,4983,-5.584512
102.69847222226207,18.718749999990713,4984,-6.659731
102.54125000003984,18.550138888879577,4985,-6.296087
102.52180555559538,18.743749999990715,4986,-3.1212296
102.80875000003986,18.612916666657366,4987,-7.6537123
102.44430555559538,18.724861111101827,4988,-0.4305435
102.63402777781762,18.566805555546246,4989,12.04116
102.71236111115097,18.583472222212915,4990,8.464402
102.83819444448432,18.47986111110179,4991,-4.8458533
102.6668055555954,18.553194444435135,4992,6.3806176
102.86263888892877,18.56374999999069,4993,-6.5774207
102.85041666670654,18.600138888879584,4994,-6.212655
102.67819444448429,18.698194444435156,4995,-5.0548186
102.6443055555954,18.73208333332405,4996,-6.9045053
102.63486111115095,18.493472222212905,4997,9.746091
102.80819444448431,18.694861111101822,4998,-6.084296
102.82680555559543,18.755694444435164,4999,-7.1418223
102.50013888892872,18.413472222212892,5000,-4.475406
102.81986111115098,18.40486111110178,5001,-5.8579254
102.52097222226205,18.7665277777685,5002,-6.665525
102.4551388889287,18.736527777768494,5003,-7.0378175
102.8734722222621,18.701805555546265,5004,-6.0852127
102.42236111115092,18.727638888879603,5005,-6.871933
102.64097222226206,18.634583333324034,5006,11.486938
102.63513888892874,18.69097222221293,5007,-6.5654607
102.48541666670648,18.4859722222129,5008,-4.123387
102.66652777781762,18.696527777768488,5009,-5.354971
102.8209722222621,18.41124999999067,5010,-4.317087
102.70986111115097,18.671527777768485,5011,-6.933349
102.53458333337316,18.698194444435156,5012,-5.8433003
102.63625000003985,18.576805555546247,5013,11.958596
102.56263888892872,18.492361111101793,5014,1.8996767
102.80625000003987,18.644583333324036,5015,-7.3493853
102.83069444448432,18.46458333332401,5016,-6.947152
102.78041666670653,18.743749999990715,5017,-4.255449
102.87513888892877,18.674027777768487,5018,-3.5824485
102.5279166667065,18.42124999999067,5019,-4.47524
102.64541666670651,18.499305555546236,5020,-6.248658
102.82013888892877,18.754027777768496,5021,-7.4674473
102.46097222226204,18.58958333332403,5022,-5.222898
102.81263888892876,18.458749999990676,5023,-7.016046
102.72625000003985,18.44541666665734,5024,-2.9749887
102.42847222226204,18.479583333324012,5025,-4.0325923
102.56069444448428,18.42902777776845,5026,-4.4328833
102.77375000003987,18.407638888879557,5027,-5.4207935
102.76180555559542,18.663749999990706,5028,-6.0924907
102.7031944444843,18.68486111110182,5029,-4.8978715
102.887361111151,18.572083333324027,5030,-5.353924
102.46819444448427,18.728472222212936,5031,-7.3363085
102.86236111115099,18.515138888879573,5032,0.2079588
102.52986111115094,18.687083333324043,5033,6.147965
102.8645833333732,18.48513888887957,5034,-5.938873
102.43847222226204,18.681805555546262,5035,-5.9952884
102.57375000003984,18.707083333324046,5036,-6.5076046
102.8020833333732,18.761527777768496,5037,-1.9364688
102.6293055555954,18.66541666665737,5038,10.468162
102.51069444448427,18.534027777768465,5039,-4.2865124
102.6068055555954,18.674305555546262,5040,8.7005
102.7795833333732,18.396527777768444,5041,-4.6957655
102.70263888892875,18.407083333324003,5042,-1.1181059
102.51013888892872,18.497083333324014,5043,-4.0335283
102.79625000003986,18.478194444435125,5044,-3.3768604
102.8409722222621,18.6901388888796,5045,-5.773789
102.71402777781763,18.563472222212912,5046,-0.8485075
102.77263888892875,18.618749999990698,5047,-3.572368
102.75402777781764,18.418194444435116,5048,-5.8905115
102.79291666670653,18.534305555546243,5049,9.879383
102.60236111115096,18.659027777768483,5050,13.18753
102.53569444448428,18.69736111110182,5051,-5.2869024
102.70097222226208,18.720138888879603,5052,-5.3055634
102.86152777781766,18.57319444443514,5053,-5.962668
102.5604166667065,18.755138888879607,5054,-5.5253634
102.90625000003989,18.56652777776847,5055,-7.094499
102.6518055555954,18.459861111101787,5056,11.124038
102.72930555559542,18.418472222212895,5057,-2.7084973
102.8834722222621,18.497083333324014,5058,-3.4446485
102.48319444448427,18.692083333324042,5059,-5.5813494
102.6543055555954,18.480416666657348,5060,16.253384
102.83791666670653,18.597916666657362,5061,-4.8595395
102.62486111115095,18.552916666657357,5062,6.1727347
102.47986111115094,18.43541666665734,5063,-4.2852626
102.77597222226208,18.42624999999067,5064,-5.8412323
102.85513888892876,18.704861111101824,5065,-4.501607
102.64958333337319,18.6137499999907,5066,9.0034485
102.60708333337317,18.48736111110179,5067,5.9359064
102.81125000003988,18.711805555546267,5068,-4.7258945
102.43263888892871,18.579861111101806,5069,-1.1747315
102.65402777781763,18.423749999990672,5070,-5.0310407
102.61152777781761,18.67319444443515,5071,11.418029
102.56986111115094,18.70736111110182,5072,8.706861
102.56930555559539,18.75069444443516,5073,-2.2576666
102.51319444448427,18.59208333332403,5074,-3.461899
102.86152777781766,18.767083333324052,5075,-5.3619432
102.82069444448432,18.619305555546255,5076,-6.036187
102.66708333337318,18.68236111110182,5077,-3.948316
102.79875000003987,18.480416666657348,5078,-5.001192
102.81652777781765,18.4859722222129,5079,-5.616578
102.63625000003985,18.429583333324004,5080,-3.1334462
102.90652777781766,18.569305555546247,5081,-6.47643
102.44347222226205,18.5623611111018,5082,-2.3263736
102.88013888892877,18.525138888879574,5083,-2.9385033
102.47958333337316,18.71930555554627,5084,-5.834515
102.74736111115097,18.641249999990702,5085,-4.8582277
102.42986111115093,18.500972222212905,5086,-4.507332
102.7320833333732,18.521249999990687,5087,-6.8243613
102.43986111115093,18.712916666657378,5088,-6.1558504
102.77597222226208,18.4684722222129,5089,-6.3813977
102.6818055555954,18.619583333324034,5090,11.124038
102.62791666670651,18.652083333324036,5091,10.686415
102.89375000003989,18.551249999990688,5092,-7.1320744
102.4715277778176,18.712638888879603,5093,-5.348694
102.62597222226206,18.738749999990716,5094,-3.1060295
102.71875000003986,18.586249999990695,5095,8.89825
102.89291666670655,18.519861111101797,5096,-5.9572577
102.47680555559538,18.39736111110178,5097,-3.3394785
102.87375000003988,18.524305555546242,5098,-4.6650023
102.90041666670655,18.701805555546265,5099,-6.2346716
102.79152777781765,18.564583333324023,5100,-5.4331107
102.86430555559544,18.58180555554625,5101,-6.0110984
102.77652777781765,18.459305555546234,5102,-5.6468263
102.5029166667065,18.491249999990682,5103,-0.30721942
102.88180555559543,18.64930555554626,5104,-5.613348
102.65513888892873,18.62486111110181,5105,11.341316
102.77291666670654,18.684027777768485,5106,-6.2330585
102.74652777781763,18.739861111101828,5107,-7.3838034
102.67263888892874,18.648749999990702,5108,-4.5285196
102.4126388889287,18.75097222221294,5109,-0.60032004
102.6204166667065,18.476805555546235,5110,5.9753885
102.43236111115093,18.41236111110178,5111,1.555242
102.54680555559538,18.642638888879592,5112,10.64641
102.57430555559539,18.40236111110178,5113,1.6571327
102.7118055555954,18.560138888879578,5114,-5.763356
102.49763888892872,18.60763888887959,5115,-0.28723496
102.49152777781761,18.45430555554623,5116,8.013776
102.4965277778176,18.57791666665736,5117,-4.533363
102.44097222226203,18.508749999990684,5118,-5.1061044
102.77347222226209,18.39597222221289,5119,-4.2514024
102.42430555559537,18.655138888879595,5120,-6.5310316
102.77986111115098,18.46236111110179,5121,-5.087628
102.68708333337318,18.597638888879587,5122,5.458336
102.90152777781766,18.458749999990676,5123,-1.1503026
102.62069444448429,18.7690277777685,5124,-5.101277
102.82319444448432,18.709583333324044,5125,-6.5225835
102.8084722222621,18.73708333332405,5126,-6.560665
102.78152777781764,18.41402777776845,5127,2.6863537
102.81402777781764,18.587083333324028,5128,-1.3461776
102.58847222226206,18.768472222212942,5129,-7.1560082
102.77375000003987,18.71402777776849,5130,-6.170532
102.45458333337315,18.540416666657354,5131,-5.1545277
102.67708333337319,18.55763888887958,5132,11.947546
102.5290277778176,18.510694444435128,5133,-5.480084
102.5704166667065,18.621527777768478,5134,10.468162
102.58597222226206,18.389027777768444,5135,14.2310705
102.74402777781764,18.396805555546223,5136,-3.1195896
102.65097222226207,18.432916666657338,5137,-6.0304923
102.50930555559538,18.526527777768464,5138,-6.5782857
102.68708333337318,18.684583333324042,5139,-5.674919
102.8509722222621,18.703749999990713,5140,-5.132924
102.84875000003987,18.635416666657367,5141,-6.8176785
102.8509722222621,18.55374999999069,5142,-5.795176
102.67013888892873,18.710972222212934,5143,-6.857838
102.89319444448432,18.465138888879565,5144,-7.0553875
102.67652777781763,18.445972222212898,5145,-7.1187234
102.90013888892877,18.397083333324,5146,-5.4753084
102.8095833333732,18.40624999999067,5147,-4.7802176
102.47875000003982,18.733749999990717,5148,-6.6063275
102.42180555559537,18.72569444443516,5149,-7.140863
102.61847222226207,18.64680555554626,5150,8.7005
102.7731944444843,18.645972222212926,5151,-5.858634
102.57208333337317,18.522638888879573,5152,12.134487
102.5015277778176,18.551527777768467,5153,-3.9026365
102.70347222226208,18.661249999990705,5154,-6.398033
102.4515277778176,18.614027777768477,5155,12.702277
102.56819444448428,18.39597222221289,5156,-2.664078
102.8659722222621,18.537638888879577,5157,-4.431403
102.53819444448428,18.441249999990674,5158,-4.1160607
102.90208333337321,18.702361111101823,5159,-6.537922
102.60736111115095,18.416249999990672,5160,-4.4124155
102.57347222226205,18.561527777768468,5161,11.582903
102.6793055555954,18.56374999999069,5162,10.625791
102.70375000003986,18.404583333324002,5163,-1.9903799
102.88902777781766,18.543472222212912,5164,-6.2187505
102.49680555559539,18.407361111101782,5165,-2.6445131
102.64236111115096,18.576527777768472,5166,7.7996945
102.48875000003983,18.706805555546268,5167,-5.5472975
102.80236111115099,18.638194444435147,5168,-5.972989
102.59902777781761,18.48013888887957,5169,10.944244
102.77402777781764,18.678194444435153,5170,-7.448109
102.90569444448433,18.49486111110179,5171,-6.2180696
102.69875000003985,18.600694444435142,5172,9.057175
102.6354166667065,18.718472222212934,5173,-6.289377
102.67625000003986,18.595972222212918,5174,9.799112
102.6329166667065,18.476527777768457,5175,8.364027
102.7745833333732,18.758194444435162,5176,-5.5899096
102.88291666670655,18.731527777768495,5177,-5.738183
102.5029166667065,18.522638888879573,5178,-4.50246
102.90541666670654,18.76486111110183,5179,-7.3828864
102.49763888892872,18.64902777776848,5180,-7.746053
102.77263888892875,18.6062499999907,5181,-5.176072
102.41430555559536,18.66069444443515,5182,-6.1068697
102.43597222226204,18.545138888879578,5183,-6.3611927
102.5368055555954,18.705694444435156,5184,7.4477367
102.69013888892874,18.5498611111018,5185,6.1733584
102.67791666670652,18.402916666657337,5186,-6.782059
102.64013888892873,18.462916666657343,5187,10.848934
102.73736111115097,18.616805555546254,5188,-6.239495
102.60486111115095,18.552638888879578,5189,9.959319
102.74791666670653,18.534305555546243,5190,8.546349
102.83541666670654,18.44569444443512,5191,-6.211985
102.82319444448432,18.5298611111018,5192,-5.434676
102.4990277778176,18.575138888879582,5193,3.5356538
102.67097222226207,18.573749999990692,5194,11.017269
102.4240277778176,18.71541666665738,5195,-7.0705066
102.81625000003987,18.45069444443512,5196,-5.427795
102.75847222226209,18.533194444435132,5197,5.314872
102.48041666670649,18.59208333332403,5198,-4.262806
102.4865277778176,18.71402777776849,5199,-6.3831677
102.87291666670654,18.518194444435128,5200,-6.7984276
102.67430555559541,18.767083333324052,5201,-5.670115
102.73402777781763,18.675694444435152,5202,6.150835
102.42458333337315,18.60763888887959,5203,-3.3407414
102.6443055555954,18.61986111110181,5204,14.528922
102.8145833333732,18.536527777768466,5205,-6.217302
102.72541666670652,18.426805555546228,5206,-3.93604
102.72541666670652,18.6062499999907,5207,-4.322648
102.79513888892876,18.49013888887957,5208,-3.63723
102.88458333337321,18.741527777768493,5209,-4.043574
102.71541666670652,18.672916666657375,5210,10.220325
102.4765277778176,18.759305555546273,5211,-6.4817567
102.8734722222621,18.516249999990684,5212,-3.7198548
102.87041666670655,18.660138888879594,5213,-5.8846993
102.62208333337318,18.58208333332403,5214,-5.480148
102.71986111115096,18.645138888879593,5215,-5.0678124
102.6956944444843,18.399305555546224,5216,-6.0748262
102.81763888892876,18.482916666657346,5217,-7.2856317
102.85958333337321,18.61347222221292,5218,-5.998554
102.50847222226204,18.456249999990675,5219,-3.8115425
102.61402777781763,18.417916666657337,5220,-6.263309
102.4226388889287,18.42013888887956,5221,-5.1540446
102.85875000003988,18.510694444435128,5222,-4.792164
102.59458333337317,18.714583333324047,5223,-3.142745
102.54041666670649,18.64930555554626,5224,5.9599657
102.52736111115094,18.474583333324013,5225,-6.0250144
102.59541666670651,18.728749999990715,5226,-3.4318843
102.49736111115094,18.609027777768475,5227,9.022566
102.82541666670654,18.687916666657376,5228,-6.6382914
102.81291666670654,18.689027777768487,5229,-6.952684
102.48513888892872,18.404027777768448,5230,-2.6826055
102.70263888892875,18.74458333332405,5231,-7.5431223
102.44708333337316,18.620416666657366,5232,-6.846983
102.53847222226206,18.76763888887961,5233,-7.080428
102.6981944444843,18.5573611111018,5234,6.547044
102.82652777781765,18.64958333332404,5235,-4.3274827
102.43125000003981,18.56902777776847,5236,-4.5959272
102.7606944444843,18.760694444435163,5237,-6.974933
102.54180555559539,18.428472222212893,5238,-1.8737595
102.41458333337314,18.490972222212903,5239,-5.041938
102.51680555559538,18.46958333332401,5240,-5.70911
102.67819444448429,18.387916666657333,5241,-3.9471748
102.50708333337316,18.614027777768477,5242,-5.1150765
102.77930555559541,18.71930555554627,5243,-6.4394264
102.6968055555954,18.48791666665735,5244,-1.1287717
102.51486111115094,18.53874999999069,5245,-3.019862
102.84152777781765,18.56402777776847,5246,-7.0778074
102.67263888892874,18.617916666657365,5247,19.87205
102.56319444448428,18.67958333332404,5248,12.3493
102.64097222226206,18.433194444435117,5249,-6.1205864
102.4965277778176,18.625416666657365,5250,-5.451477
102.42875000003981,18.74819444443516,5251,-6.509735
102.77375000003987,18.6062499999907,5252,-6.0738654
102.4401388889287,18.766805555546277,5253,-6.689152
102.62097222226207,18.6312499999907,5254,-3.4328835
102.90486111115099,18.62986111110181,5255,-5.587995
102.52069444448428,18.75708333332405,5256,-5.7637634
102.55625000003984,18.4559722222129,5257,-0.62531126
102.50347222226205,18.56263888887958,5258,-4.6470757
102.70097222226208,18.52069444443513,5259,-5.6629243
102.4740277778176,18.543194444435134,5260,-5.833273
102.6443055555954,18.442361111101786,5261,9.239496
102.62375000003985,18.620138888879588,5262,11.670639
102.42875000003981,18.413194444435113,5263,-4.1233816
102.64152777781763,18.70930555554627,5264,-6.557948
102.41347222226203,18.503472222212906,5265,-5.728061
102.61263888892873,18.718472222212934,5266,9.393647
102.74902777781764,18.422083333324004,5267,-0.72710824
102.48625000003982,18.472916666657344,5268,-2.5177925
102.45708333337315,18.592638888879584,5269,-4.0360928
102.73236111115096,18.499583333324015,5270,-4.7443547
102.58208333337318,18.55624999999069,5271,10.0504265
102.44208333337315,18.473194444435123,5272,0.02701505
102.56958333337317,18.70041666665738,5273,-5.552197
102.74819444448431,18.754861111101828,5274,-3.9792922
102.66597222226207,18.58208333332403,5275,13.442
102.73291666670653,18.400416666657335,5276,-6.295416
102.89513888892877,18.73180555554627,5277,-7.085827
102.56875000003984,18.423472222212894,5278,-5.0939374
102.54458333337317,18.672916666657375,5279,6.906593
102.48736111115093,18.58013888887958,5280,-0.5073673
102.4565277778176,18.466249999990676,5281,-5.21005
102.77902777781765,18.550972222212913,5282,-7.0971956
102.62013888892874,18.625972222212923,5283,7.558615
102.57402777781762,18.552916666657357,5284,12.201326
102.81597222226209,18.389583333324,5285,-6.879017
102.49291666670649,18.567361111101803,5286,-3.7459853
102.88819444448433,18.70652777776849,5287,-1.6379582
102.60652777781762,18.754583333324053,5288,-0.98217833
102.48569444448427,18.62486111110181,5289,-3.339375
102.72041666670653,18.71152777776849,5290,-4.984128
102.50819444448427,18.58180555554625,5291,-3.1612406
102.83791666670653,18.508749999990684,5292,-1.9135653
102.80625000003987,18.517916666657353,5293,-6.9189787
102.4390277778176,18.600138888879584,5294,-2.64458
102.68680555559541,18.74347222221294,5295,-6.4534636
102.69736111115097,18.45208333332401,5296,-6.3359685
102.60875000003985,18.750416666657383,5297,-3.7587035
102.44069444448427,18.41902777776845,5298,-5.695132
102.63263888892874,18.391805555546224,5299,-1.8930975
102.43541666670649,18.63902777776848,5300,-5.3855786
102.69486111115097,18.456249999990675,5301,-6.796233
102.73097222226208,18.470138888879568,5302,-7.167612
102.90208333337321,18.445972222212898,5303,-6.6136904
102.53486111115095,18.752916666657384,5304,7.1433854
102.77263888892875,18.49263888887957,5305,-6.0169244
102.55458333337317,18.73180555554627,5306,-5.5643487
102.59513888892873,18.387638888879554,5307,-3.3400083
102.61486111115096,18.42736111110178,5308,-5.1540756
102.54513888892872,18.48013888887957,5309,-6.7147055
102.7895833333732,18.743749999990715,5310,-2.0309134
102.53263888892872,18.429861111101783,5311,1.9631469
102.71930555559541,18.51180555554624,5312,-6.5388594
102.81541666670654,18.541527777768465,5313,13.791407
102.69763888892874,18.637916666657368,5314,10.928977
102.61263888892873,18.437361111101783,5315,-5.0006266
102.42486111115093,18.717083333324048,5316,-4.6341324
102.59069444448428,18.522361111101798,5317,1.8235136
102.90208333337321,18.720138888879603,5318,-6.8497834
102.71680555559541,18.730138888879605,5319,-4.6960754
102.89152777781766,18.50541666665735,5320,-2.4054296
102.77375000003987,18.42402777776845,5321,-4.5265684
102.42847222226204,18.610138888879586,5322,-2.8412447
102.87986111115099,18.401249999990668,5323,-1.1746273
102.56625000003983,18.4709722222129,5324,-5.9480944
102.49708333337315,18.547916666657358,5325,-1.731072
102.75652777781764,18.535416666657355,5326,6.86598
102.44680555559538,18.67847222221293,5327,-5.9786067
102.58375000003984,18.60763888887959,5328,3.8103738
102.48875000003983,18.70652777776849,5329,-1.5990537
102.83541666670654,18.7076388888796,5330,-7.2195835
102.4765277778176,18.677638888879596,5331,-7.3117633
102.84069444448431,18.50291666665735,5332,-5.6063514
102.81347222226209,18.517361111101796,5333,-6.630137
102.57708333337317,18.64763888887959,5334,-5.9057894
102.67180555559541,18.540694444435132,5335,10.832127
102.79986111115097,18.50513888887957,5336,-6.8437743
102.69736111115097,18.576805555546247,5337,-4.2802176
102.52097222226205,18.448749999990675,5338,-4.6464577
102.64402777781763,18.517638888879574,5339,8.7005
102.78125000003986,18.625972222212923,5340,-7.616065
102.6281944444843,18.73930555554627,5341,-5.79512
102.42208333337315,18.410416666657337,5342,-4.5976696
102.63041666670651,18.474027777768455,5343,9.393647
102.8209722222621,18.597916666657362,5344,-6.48996
102.70347222226208,18.395416666657333,5345,-0.6651906
102.5668055555954,18.475138888879567,5346,-5.5073357
102.76541666670653,18.620694444435145,5347,-7.9066167
102.82847222226209,18.38847222221289,5348,-3.9474015
102.73180555559541,18.70902777776849,5349,-6.628352
102.5140277778176,18.552638888879578,5350,-5.0691957
102.51263888892872,18.467916666657345,5351,-4.3680444
102.56069444448428,18.695416666657376,5352,-6.556916
102.44291666670648,18.649861111101814,5353,-5.049064
102.71208333337319,18.66708333332404,5354,-6.2174053
102.89319444448432,18.42013888887956,5355,6.5387416
102.6443055555954,18.46486111110179,5356,11.231926
102.81902777781765,18.5573611111018,5357,-6.4816284
102.83347222226209,18.42652777776845,5358,-6.248307
102.4515277778176,18.441249999990674,5359,-4.610376
102.43152777781759,18.64152777776848,5360,-6.800886
102.51875000003983,18.520138888879575,5361,-5.943663
102.64013888892873,18.54097222221291,5362,12.299767
102.64875000003984,18.755138888879607,5363,-5.7053585
102.64708333337317,18.39430555554622,5364,-4.918524
102.62847222226206,18.485694444435126,5365,17.658072
102.86569444448432,18.428472222212893,5366,-7.115426
102.6118055555954,18.636527777768478,5367,10.625791
102.76236111115098,18.689305555546266,5368,-5.7825246
102.82902777781764,18.476249999990678,5369,-0.7717157
102.43347222226204,18.65069444443515,5370,-5.536945
102.78263888892876,18.713749999990714,5371,-5.9247236
102.8359722222621,18.65569444443515,5372,-7.536744
102.43541666670649,18.51180555554624,5373,-5.079329
102.47458333337316,18.7690277777685,5374,-6.0309367
102.57958333337317,18.42402777776845,5375,-2.7499907
102.79263888892875,18.396805555546223,5376,-2.275893
102.77625000003987,18.502361111101795,5377,-6.9027123
102.52958333337317,18.746805555546274,5378,-7.04077
102.86041666670654,18.633472222212923,5379,-5.4331675
102.6329166667065,18.504861111101793,5380,-6.319341
102.58458333337317,18.404305555546223,5381,-5.678391
102.53930555559539,18.686249999990707,5382,9.587803
102.63819444448428,18.414583333324003,5383,-7.216939
102.41736111115092,18.736249999990715,5384,-5.2705545
102.62375000003985,18.759027777768498,5385,-3.9915884
102.69736111115097,18.498194444435125,5386,-6.6654534
102.88180555559543,18.722361111101826,5387,-7.017408
102.53319444448428,18.429861111101783,5388,-3.494584
102.47847222226204,18.567361111101803,5389,-4.991734
102.50875000003983,18.44569444443512,5390,-3.99821
102.7281944444843,18.651249999990704,5391,-4.597814
102.57652777781762,18.465138888879565,5392,-4.9780517
102.86680555559543,18.670416666657374,5393,0.23666571
102.53208333337317,18.69236111110182,5394,4.734582
102.8170833333732,18.45208333332401,5395,-4.0123787
102.47458333337316,18.66319444443515,5396,-6.484285
102.49680555559539,18.43402777776845,5397,6.0462437
102.75458333337319,18.560416666657357,5398,-0.6513654
102.46736111115094,18.727916666657382,5399,-5.3251247
102.73569444448431,18.670416666657374,5400,7.7991424
102.79486111115098,18.489861111101792,5401,-4.838541
102.65847222226208,18.7001388888796,5402,-4.268728
102.73013888892875,18.46374999999068,5403,0.30786264
102.69958333337318,18.5548611111018,5404,8.7970915
102.57319444448429,18.51152777776846,5405,10.865463
102.63819444448428,18.763194444435165,5406,-3.5526755
102.51486111115094,18.703749999990713,5407,-4.123419
102.90680555559544,18.466805555546234,5408,9.357279
102.55513888892872,18.761527777768496,5409,-6.9317513
102.53597222226205,18.50513888887957,5410,-5.785987
102.57180555559539,18.64652777776848,5411,-6.2963614
102.64541666670651,18.732638888879606,5412,-6.2961435
102.53347222226205,18.695416666657376,5413,-3.0893326
102.5479166667065,18.63152777776848,5414,2.4812405
102.57319444448429,18.677638888879596,5415,-2.0873942
102.68902777781763,18.659861111101815,5416,-6.2206755
102.69041666670653,18.650972222212925,5417,-4.9135194
102.45708333337315,18.420972222212892,5418,-3.340138
102.72902777781763,18.51263888887957,5419,-5.191073
102.48625000003982,18.685416666657375,5420,-6.198779
102.84597222226209,18.65708333332404,5421,-6.305658
102.85819444448433,18.451527777768455,5422,-6.3699183
102.5754166667065,18.407083333324003,5423,-5.388966
102.82847222226209,18.66708333332404,5424,-1.236622
102.46291666670649,18.6212499999907,5425,-4.5549946
102.87652777781766,18.687083333324043,5426,-7.2690496
102.4740277778176,18.475416666657345,5427,-1.7280356
102.59819444448428,18.63763888887959,5428,-3.560966
102.53625000003983,18.609305555546253,5429,-7.3967376
102.6806944444843,18.72819444443516,5430,-6.148303
102.75347222226209,18.76013888887961,5431,-7.0896397
102.79486111115098,18.741527777768493,5432,-4.982975
102.82708333337321,18.591527777768473,5433,-6.868851
102.64847222226207,18.63013888887959,5434,10.063554
102.67208333337318,18.49624999999068,5435,-5.5540595
102.85791666670654,18.615416666657364,5436,-5.935596
102.89263888892877,18.731527777768495,5437,-7.0287876
102.77597222226208,18.41374999999067,5438,-6.256835
102.68236111115097,18.389027777768444,5439,-6.128296
102.61986111115095,18.597361111101808,5440,10.625791
102.69013888892874,18.39624999999067,5441,-6.6828895
102.54097222226206,18.507638888879573,5442,-4.742998
102.73125000003986,18.728472222212936,5443,-5.942497
102.84263888892876,18.717083333324048,5444,-7.330181
102.7495833333732,18.45208333332401,5445,-6.440126
102.6131944444843,18.653749999990705,5446,10.365507
102.70375000003986,18.52041666665735,5447,-1.2710165
102.79569444448431,18.434305555546228,5448,-5.334751
102.83180555559542,18.74819444443516,5449,-6.5373807
102.67375000003985,18.681805555546262,5450,-7.3350663
102.76013888892875,18.41513888887956,5451,-6.169656
102.50069444448427,18.76374999999072,5452,-4.9043827
102.6443055555954,18.399583333324003,5453,-5.041482
102.82152777781765,18.661805555546263,5454,-6.7106285
102.69597222226207,18.65652777776848,5455,-6.4006586
102.82069444448432,18.544027777768466,5456,3.9820008
102.41847222226204,18.68124999999071,5457,-5.893695
102.79652777781764,18.716249999990712,5458,-4.591107
102.43569444448426,18.718749999990713,5459,-7.4487867
102.6731944444843,18.585138888879584,5460,9.587803
102.83930555559543,18.405416666657334,5461,-3.8842537
102.55347222226206,18.473194444435123,5462,-5.6720905
102.75291666670653,18.627916666657367,5463,-4.9322915
102.67291666670651,18.399861111101778,5464,-4.9184465
102.72763888892875,18.74847222221294,5465,-5.4532866
102.75513888892876,18.519583333324018,5466,-6.9431515
102.7870833333732,18.677361111101817,5467,-4.6092725
102.64652777781762,18.568194444435136,5468,7.07372
102.52625000003982,18.398749999990667,5469,-5.045791
102.53430555559538,18.433749999990674,5470,-4.5069637
102.69902777781763,18.613194444435145,5471,5.429107
102.49763888892872,18.594027777768474,5472,0.41005564
102.58958333337317,18.759027777768498,5473,0.03506249
102.68736111115096,18.6087499999907,5474,7.0873265
102.63597222226207,18.721527777768493,5475,-1.3916708
102.84652777781766,18.736527777768494,5476,4.3301153
102.88152777781765,18.717083333324048,5477,-7.212601
102.51041666670649,18.651527777768482,5478,-6.7947664
102.58819444448429,18.490416666657346,5479,10.443469
102.7181944444843,18.545138888879578,5480,6.7545896
102.83819444448432,18.584583333324026,5481,-7.6285872
102.50208333337316,18.44680555554623,5482,-5.1057487
102.43791666670649,18.47208333332401,5483,-0.8524012
102.49236111115094,18.75124999999072,5484,8.30949
102.90347222226211,18.722638888879604,5485,-4.4767566
102.6093055555954,18.409305555546226,5486,-3.4245229
102.4801388889287,18.642638888879592,5487,-3.3388302
102.5779166667065,18.466805555546234,5488,-4.5563188
102.65875000003984,18.47069444443512,5489,11.231926
102.78652777781764,18.52958333332402,5490,-6.0997415
102.59708333337318,18.664861111101818,5491,-0.99799603
102.61458333337318,18.646249999990705,5492,10.771716
102.67402777781763,18.457361111101786,5493,-6.4171243
102.64013888892873,18.507361111101794,5494,-5.5315256
102.48736111115093,18.727361111101825,5495,-0.5786728
102.65208333337318,18.545694444435135,5496,11.031256
102.87902777781765,18.584861111101805,5497,-6.955561
102.6956944444843,18.447916666657342,5498,-3.7599041
102.71625000003985,18.559305555546246,5499,4.2516766
102.6731944444843,18.704861111101824,5500,-5.687247
102.68013888892874,18.697083333324045,5501,-5.7465715
102.69347222226207,18.512361111101796,5502,-5.2426786
102.55513888892872,18.6901388888796,5503,-4.287174
102.50236111115093,18.62402777776848,5504,-7.2884736
102.64541666670651,18.66958333332404,5505,-4.396948
102.8620833333732,18.729583333324047,5506,-6.6973042
102.62347222226207,18.678749999990707,5507,9.239496
102.86819444448432,18.710972222212934,5508,-6.471923
102.83652777781765,18.536249999990687,5509,-6.1175056
102.43319444448426,18.452361111101787,5510,-5.734013
102.6218055555954,18.757638888879608,5511,-5.883755
102.82375000003987,18.41374999999067,5512,-4.0287566
102.72652777781764,18.680138888879597,5513,-2.9665723
102.58930555559539,18.55874999999069,5514,8.951814
102.56763888892873,18.476527777768457,5515,-5.829652
102.59986111115096,18.517361111101796,5516,9.46264
102.6843055555954,18.440972222212896,5517,-7.1966367
102.50736111115094,18.713194444435157,5518,-5.518353
102.8084722222621,18.714305555546268,5519,-3.686174
102.64736111115096,18.709583333324044,5520,-4.793915
102.7181944444843,18.595138888879585,5521,8.3104105
102.4815277778176,18.592638888879584,5522,-5.486453
102.7281944444843,18.6826388888796,5523,13.282972
102.90458333337321,18.402083333324,5524,-6.034948
102.64763888892874,18.42402777776845,5525,-4.9339986
102.65791666670651,18.585694444435138,5526,9.750321
102.81069444448431,18.48874999999068,5527,-5.9248886
102.74291666670652,18.726249999990713,5528,-5.8305945
102.76347222226208,18.650972222212925,5529,-4.1129856
102.47875000003982,18.57402777776847,5530,-1.9857445
102.8909722222621,18.753194444435163,5531,-6.3684254
102.46597222226204,18.410416666657337,5532,-2.9345758
102.5993055555954,18.708472222212933,5533,-5.3483853
102.5554166667065,18.559027777768467,5534,11.254399
102.43486111115092,18.564305555546248,5535,-2.1944249
102.45430555559537,18.71680555554627,5536,-1.8648744
102.49791666670649,18.764305555546276,5537,-5.764859
102.86819444448432,18.607916666657363,5538,-1.8459107
102.55875000003984,18.387083333324,5539,29.041933
102.7470833333732,18.455138888879564,5540,-6.773811
102.56902777781761,18.505972222212904,5541,11.96426
102.66097222226207,18.653749999990705,5542,-6.201539
102.48930555559538,18.529027777768466,5543,2.0052402
102.53736111115094,18.597638888879587,5544,-3.4804554
102.85902777781766,18.519583333324018,5545,-5.00554
102.50513888892871,18.68374999999071,5546,-7.0939116
102.67180555559541,18.4659722222129,5547,-6.216482
102.64375000003984,18.474583333324013,5548,10.686415
102.89041666670654,18.47236111110179,5549,7.853202
102.56263888892872,18.624305555546254,5550,0.9154386
102.88958333337321,18.400416666657335,5551,-5.1098037
102.88069444448432,18.57402777776847,5552,-2.7379024
102.88013888892877,18.69736111110182,5553,-6.9687963
102.53208333337317,18.742916666657383,5554,-5.626747
102.57319444448429,18.69847222221293,5555,-5.9838076
102.75986111115097,18.4609722222129,5556,-4.7783146
102.59486111115095,18.416805555546226,5557,8.89924
102.67652777781763,18.43680555554623,5558,-7.326281
102.71680555559541,18.42180555554623,5559,-5.569618
102.77402777781764,18.741249999990718,5560,-4.0704103
102.46708333337315,18.647361111101816,5561,-4.5858197
102.61375000003984,18.413194444435113,5562,-2.6469688
102.86319444448432,18.593472222212917,5563,-6.8627462
102.68541666670652,18.654861111101816,5564,-3.833685
102.44736111115093,18.512361111101796,5565,-5.7130527
102.66958333337318,18.619305555546255,5566,10.1557865
102.42125000003982,18.432083333324005,5567,-4.0510783
102.49013888892871,18.425694444435116,5568,6.381011
102.48736111115093,18.612638888879587,5569,7.7519217
102.8909722222621,18.561805555546247,5570,-2.8152242
102.42569444448426,18.40874999999067,5571,-4.531895
102.64125000003985,18.6137499999907,5572,10.389743
102.6293055555954,18.693194444435154,5573,-6.3067217
102.46958333337315,18.409305555546226,5574,0.32495773
102.84875000003987,18.733749999990717,5575,-6.5167704
102.78486111115097,18.62513888887959,5576,-6.331937
102.59375000003983,18.484583333324014,5577,10.959282
102.88541666670655,18.465694444435123,5578,-6.2147927
102.7845833333732,18.543472222212912,5579,-5.455611
102.78319444448431,18.47124999999068,5580,-6.6278996
102.77569444448432,18.4534722222129,5581,-3.1193604
102.90069444448433,18.55597222221291,5582,-5.1489396
102.54930555559538,18.550694444435134,5583,10.338108
102.87208333337321,18.712361111101824,5584,-6.3945775
102.43430555559537,18.52930555554624,5585,9.72889
102.84680555559542,18.751527777768494,5586,-1.8879448
102.43486111115092,18.68847222221293,5587,-5.1375046
102.48819444448426,18.39597222221289,5588,-4.5975475
102.55152777781761,18.615416666657364,5589,13.262863
102.61486111115096,18.610416666657365,5590,3.7050261
102.58513888892873,18.68236111110182,5591,-4.4663005
102.47569444448426,18.455138888879564,5592,-5.0048823
102.48041666670649,18.50402777776846,5593,0.0018555549
102.46736111115094,18.62513888887959,5594,-5.9432964
102.4251388889287,18.637083333324036,5595,-5.790318
102.89708333337322,18.765694444435166,5596,-4.520655
102.78152777781764,18.695416666657376,5597,-6.4021354
102.61402777781763,18.4609722222129,5598,9.910894
102.82513888892876,18.693194444435154,5599,-6.0004153
102.88819444448433,18.739027777768495,5600,-5.50449
102.88513888892876,18.595972222212918,5601,-6.054588
102.81763888892876,18.643749999990703,5602,-6.4338202
102.7445833333732,18.626805555546255,5603,-0.39136705
102.58208333337318,18.6262499999907,5604,11.155137
102.87375000003988,18.720694444435157,5605,-6.7142777
102.71458333337318,18.50652777776846,5606,-3.9257698
102.64819444448429,18.515972222212906,5607,10.338108
102.68375000003985,18.592638888879584,5608,12.263978
102.47013888892872,18.569861111101805,5609,-2.083907
102.58930555559539,18.595138888879585,5610,8.612445
102.6468055555954,18.722361111101826,5611,-5.8727536
102.6243055555954,18.408194444435114,5612,0.864612
102.71125000003985,18.56124999999069,5613,7.799784
102.60986111115095,18.546805555546246,5614,9.699028
102.69625000003985,18.633194444435144,5615,11.17343
102.42097222226204,18.417361111101783,5616,-5.2982087
102.77402777781764,18.526527777768464,5617,-6.8454804
102.55597222226206,18.438472222212894,5618,-2.8792608
102.49458333337316,18.52041666665735,5619,-1.5484917
102.7281944444843,18.58208333332403,5620,2.1443732
102.74486111115097,18.594861111101807,5621,-5.075896
102.81402777781764,18.47736111110179,5622,-4.9193196
102.59069444448428,18.575138888879582,5623,11.39898
102.87902777781765,18.627916666657367,5624,-6.077864
102.85236111115098,18.499305555546236,5625,-4.069465
102.71458333337318,18.473194444435123,5626,-6.1072464
102.7106944444843,18.631805555546258,5627,-6.118636
102.65541666670651,18.70874999999071,5628,-4.538203
102.71263888892875,18.614027777768477,5629,-2.7751093
102.83486111115099,18.6162499999907,5630,-6.414841
102.75347222226209,18.656249999990706,5631,-6.0453677
102.45125000003982,18.561527777768468,5632,-4.262575
102.49347222226204,18.595416666657364,5633,-0.5686844
102.51513888892872,18.686805555546265,5634,-6.725738
102.86152777781766,18.692916666657375,5635,-6.824124
102.85763888892876,18.708194444435158,5636,-6.366741
102.88819444448433,18.580972222212917,5637,-5.794449
102.68847222226208,18.527916666657354,5638,7.3941364
102.75986111115097,18.548194444435133,5639,-4.264245
102.55930555559539,18.55763888887958,5640,11.045049
102.4690277778176,18.72291666665738,5641,-2.1799853
102.62208333337318,18.603749999990697,5642,11.111299
102.49458333337316,18.682916666657373,5643,-6.7417374
102.53930555559539,18.47374999999068,5644,-4.923703
102.60958333337318,18.723749999990716,5645,-5.5211544
102.71902777781763,18.449027777768453,5646,-2.1218245
102.60263888892872,18.638472222212926,5647,-4.697002
102.54986111115095,18.546805555546246,5648,12.471175
102.6756944444843,18.58319444443514,5649,8.546349
102.51819444448427,18.753749999990717,5650,-4.635029
102.4565277778176,18.703194444435155,5651,-6.6576095
102.43263888892871,18.544027777768466,5652,-5.632351
102.49930555559538,18.677083333324042,5653,-6.7693825
102.64263888892873,18.400416666657335,5654,-4.660559
102.77402777781764,18.66680555554626,5655,-2.0993807
102.49291666670649,18.71402777776849,5656,-4.4248095
102.79375000003986,18.492916666657347,5657,-6.127588
102.43180555559537,18.653749999990705,5658,-6.902568
102.77847222226208,18.507083333324015,5659,-6.8004436
102.85569444448431,18.721527777768493,5660,1.1532807
102.51125000003982,18.574861111101804,5661,-2.2561665
102.87180555559543,18.626527777768477,5662,-7.0534005
102.76097222226208,18.72597222221294,5663,-6.6297035
102.84986111115099,18.515972222212906,5664,-5.026776
102.46097222226204,18.47236111110179,5665,9.767476
102.81875000003987,18.52958333332402,5666,-4.276111
102.78736111115097,18.663749999990706,5667,-5.837373
102.48763888892871,18.51458333332402,5668,-3.745854
102.45763888892871,18.581249999990693,5669,-3.3406298
102.86125000003987,18.49791666665735,5670,-0.26702464
102.56569444448428,18.63513888887959,5671,-1.3920153
102.72680555559542,18.434583333324007,5672,-3.9592223
102.76541666670653,18.714861111101825,5673,-3.631961
102.7195833333732,18.466249999990676,5674,-6.4080486
102.7645833333732,18.558472222212913,5675,-3.7824352
102.6193055555954,18.57930555554625,5676,2.2647433
102.75763888892875,18.65041666665737,5677,-6.6999917
102.65986111115096,18.409583333324004,5678,-3.9701257
102.4126388889287,18.426805555546228,5679,-3.2466116
102.7945833333732,18.425972222212895,5680,-6.397138
102.80486111115098,18.617916666657365,5681,-3.6090865
102.76152777781763,18.480694444435123,5682,2.2815645
102.65125000003985,18.64180555554626,5683,-3.2691238
102.59791666670651,18.594305555546253,5684,-3.2034883
102.53708333337316,18.559305555546246,5685,-4.5743923
102.41597222226204,18.58819444443514,5686,-1.9549607
102.66291666670652,18.63152777776848,5687,11.149038
102.7306944444843,18.390138888879555,5688,-5.6426306
102.6668055555954,18.67986111110182,5689,-5.7847037
102.69319444448429,18.58430555554625,5690,12.117137
102.75375000003986,18.457916666657344,5691,-6.517548
102.60375000003984,18.5298611111018,5692,9.699028
102.54375000003984,18.652916666657372,5693,8.614301
102.45097222226204,18.459861111101787,5694,6.008314
102.5354166667065,18.67458333332404,5695,9.128167
102.6204166667065,18.521249999990687,5696,9.319539
102.78847222226209,18.54597222221291,5697,-6.102511
102.87402777781766,18.768194444435164,5698,-3.1760118
102.69875000003985,18.550972222212913,5699,8.471158
102.80541666670653,18.751527777768494,5700,-7.066664
102.77597222226208,18.591527777768473,5701,-6.1352963
102.55458333337317,18.614305555546252,5702,12.400037
102.70791666670652,18.445972222212898,5703,-4.3205557
102.58402777781761,18.64791666665737,5704,-5.2056313
102.83263888892876,18.654583333324037,5705,-3.6947725
102.44986111115092,18.587638888879585,5706,-5.6167603
102.53708333337316,18.60708333332403,5707,-5.7327423
102.897361111151,18.550138888879577,5708,-6.720535
102.57013888892872,18.610694444435143,5709,2.161731
102.68736111115096,18.654583333324037,5710,-5.224988
102.53208333337317,18.670972222212928,5711,11.017269
102.80652777781765,18.609027777768475,5712,-7.5514216
102.63597222226207,18.552638888879578,5713,7.047179
102.77097222226209,18.418472222212895,5714,-0.27452603
102.4690277778176,18.702361111101823,5715,-7.2642465
102.45097222226204,18.42763888887956,5716,-4.657815
102.8195833333732,18.408472222212893,5717,-4.8748384
102.42291666670648,18.544027777768466,5718,-5.8118415
102.75402777781764,18.45708333332401,5719,-6.063218
102.66791666670652,18.512083333324018,5720,8.834031
102.75597222226209,18.60986111110181,5721,-6.918026
102.56263888892872,18.498194444435125,5722,-5.4944706
102.8709722222621,18.744027777768494,5723,-6.2987814
102.73902777781764,18.484027777768457,5724,-6.5204105
102.55680555559539,18.758194444435162,5725,-4.2877593
102.87375000003988,18.75097222221294,5726,-4.556872
102.42958333337315,18.72541666665738,5727,-5.7478013
102.64263888892873,18.5498611111018,5728,11.136616
102.52625000003982,18.710694444435156,5729,4.034014
102.47208333337315,18.470138888879568,5730,5.2634535
102.47375000003983,18.612916666657366,5731,-6.832599
102.90069444448433,18.766805555546277,5732,-6.726669
102.46069444448426,18.58819444443514,5733,-6.3598385
102.89152777781766,18.754027777768496,5734,-7.379678
102.68680555559541,18.694305555546265,5735,-6.8584614
102.64625000003984,18.720416666657382,5736,-3.5904937
102.68541666670652,18.467638888879566,5737,-6.79548
102.42458333337315,18.6337499999907,5738,-5.9698086
102.4240277778176,18.68486111110182,5739,-7.1388297
102.77847222226208,18.585416666657363,5740,-4.362946
102.76291666670653,18.546805555546246,5741,7.1445036
102.82069444448432,18.57541666665736,5742,2.6316338
102.7706944444843,18.629305555546257,5743,-5.1805186
102.82708333337321,18.432638888879563,5744,-6.471706
102.51930555559538,18.62402777776848,5745,-6.9913163
102.74125000003986,18.41013888887956,5746,-1.0038021
102.90513888892878,18.6826388888796,5747,5.9385653
102.69902777781763,18.6387499999907,5748,10.865463
102.86041666670654,18.732361111101827,5749,-7.24205
102.77013888892876,18.45180555554623,5750,-0.65299433
102.81263888892876,18.41152777776845,5751,-7.140562
102.80986111115098,18.425416666657338,5752,-5.8821325
102.66347222226207,18.687916666657376,5753,-5.524101
102.857361111151,18.627638888879588,5754,-4.1071544
102.62319444448428,18.588749999990696,5755,10.797641
102.60375000003984,18.48624999999068,5756,7.205179
102.6643055555954,18.389861111101776,5757,0.397764
102.66513888892874,18.540694444435132,5758,5.3118863
102.81819444448432,18.543749999990688,5759,8.493033
102.80041666670654,18.677361111101817,5760,-3.5993407
102.8959722222621,18.632083333324033,5761,-6.904355
102.75930555559542,18.504861111101793,5762,-4.8964863
102.64597222226207,18.55374999999069,5763,3.7828617
102.49625000003982,18.41124999999067,5764,-1.5460225
102.50625000003983,18.47263888887957,5765,-5.4850645
102.54375000003984,18.64180555554626,5766,6.8785505
102.65208333337318,18.40374999999067,5767,-4.48787
102.79930555559542,18.642638888879592,5768,-6.215247
102.70097222226208,18.45319444443512,5769,-4.6003227
102.67819444448429,18.635972222212924,5770,11.55861
102.70847222226207,18.594027777768474,5771,9.393647
102.89875000003988,18.737361111101826,5772,-6.4213343
102.49513888892871,18.644027777768482,5773,-7.557266
102.48708333337316,18.402916666657337,5774,-2.6830642
102.63375000003984,18.60986111110181,5775,6.127478
102.4651388889287,18.58291666665736,5776,-0.4850843
102.49569444448427,18.59958333332403,5777,6.4582844
102.5040277778176,18.640694444435148,5778,-6.7248797
102.66319444448429,18.47069444443512,5779,10.959282
102.74763888892875,18.519583333324018,5780,-3.2861776
102.60208333337317,18.473194444435123,5781,11.111299
102.78652777781764,18.691805555546264,5782,-6.684619
102.85458333337321,18.46208333332401,5783,-5.2917895
102.53736111115094,18.64819444443515,5784,3.178028
102.6131944444843,18.604305555546254,5785,10.538779
102.74930555559541,18.527638888879576,5786,-6.035408
102.5290277778176,18.61513888887959,5787,-5.5926566
102.85791666670654,18.476527777768457,5788,-6.4107156
102.48486111115093,18.42652777776845,5789,-4.609773
102.79069444448432,18.593472222212917,5790,-4.4409475
102.56097222226205,18.64652777776848,5791,11.471266
102.66180555559541,18.768194444435164,5792,-4.8504796
102.88902777781766,18.550694444435134,5793,-5.532169
102.63097222226207,18.453749999990677,5794,5.023885
102.58125000003983,18.442083333324007,5795,-5.0053535
102.5804166667065,18.61347222221292,5796,-6.0222545
102.80902777781765,18.742916666657383,5797,-6.8940144
102.84013888892876,18.764305555546276,5798,-1.0842038
102.53736111115094,18.619027777768476,5799,13.331059
102.58763888892872,18.715972222212937,5800,-4.018686
102.90041666670655,18.479583333324012,5801,8.013769
102.47597222226204,18.75069444443516,5802,-1.2344481
102.57986111115095,18.429861111101783,5803,-3.7821856
102.5643055555954,18.405694444435113,5804,-3.120587
102.48319444448427,18.397916666657334,5805,-3.9022217
102.84319444448433,18.595138888879585,5806,-6.6885343
102.8534722222621,18.645972222212926,5807,-6.426159
102.66291666670652,18.520138888879575,5808,4.5035715
102.57180555559539,18.526527777768464,5809,11.481977
102.70208333337318,18.579861111101806,5810,5.9603367
102.50569444448428,18.450416666657343,5811,0.61289
102.51708333337317,18.728749999990715,5812,-1.5478827
102.68541666670652,18.754861111101828,5813,-2.6058655
102.56513888892873,18.519861111101797,5814,10.5280285
102.50097222226205,18.74819444443516,5815,12.514469
102.5993055555954,18.554027777768468,5816,20.62286
102.60458333337317,18.41291666665734,5817,-3.0191188
102.42458333337315,18.694305555546265,5818,-6.0200047
102.66986111115096,18.602916666657364,5819,12.163248
102.83819444448432,18.639305555546258,5820,-2.8523192
102.8495833333732,18.459861111101787,5821,-5.642846
102.79180555559542,18.472916666657344,5822,-6.2989616
102.84652777781766,18.4709722222129,5823,4.809853
102.58458333337317,18.49652777776846,5824,10.583231
102.83236111115099,18.558472222212913,5825,-5.70843
102.75347222226209,18.585138888879584,5826,-4.869931
102.73152777781763,18.587638888879585,5827,-3.8661056
102.56013888892872,18.527638888879576,5828,1.9083207
102.86125000003987,18.730138888879605,5829,-7.5713587
102.86930555559543,18.518194444435128,5830,-6.0428123
102.68958333337319,18.531805555546242,5831,5.9605927
102.89680555559544,18.517916666657353,5832,-6.384436
102.87152777781766,18.477638888879568,5833,-6.7209797
102.50430555559538,18.706805555546268,5834,-7.5176697
102.61513888892873,18.61736111110181,5835,6.7545896
102.74930555559541,18.524027777768463,5836,-2.8643825
102.61569444448429,18.71541666665738,5837,-5.4367933
102.4790277778176,18.642083333324035,5838,10.492258
102.51847222226205,18.406805555546224,5839,-4.1653757
102.72263888892874,18.63763888887959,5840,-6.409278
102.58680555559539,18.619305555546255,5841,-5.458005
102.66569444448429,18.52180555554624,5842,14.620929
102.67819444448429,18.408194444435114,5843,-5.637714
102.62986111115096,18.7690277777685,5844,-3.4401715
102.60125000003984,18.4684722222129,5845,-4.9749346
102.59847222226206,18.699583333324043,5846,7.037156
102.48513888892872,18.575694444435136,5847,-4.4255733
102.66041666670651,18.588749999990696,5848,9.699028
102.66263888892874,18.565694444435135,5849,11.164614
102.89319444448432,18.646249999990705,5850,-6.038781
102.70736111115096,18.539027777768467,5851,6.127775
102.45930555559538,18.68847222221293,5852,-1.6228352
102.42736111115093,18.49624999999068,5853,5.669692
102.884861111151,18.7001388888796,5854,-3.6117036
102.90069444448433,18.461249999990677,5855,-6.554907
102.42680555559537,18.705972222212935,5856,-5.6175222
102.5479166667065,18.662083333324038,5857,6.1272583
102.48569444448427,18.410416666657337,5858,6.274838
102.4904166667065,18.42263888887956,5859,-2.7141058
102.82708333337321,18.54624999999069,5860,8.775754
102.68347222226207,18.68124999999071,5861,-6.592617
102.7320833333732,18.64819444443515,5862,-5.9760118
102.86958333337321,18.55347222221291,5863,-6.902216
102.84013888892876,18.642638888879592,5864,4.9284706
102.6643055555954,18.53819444443513,5865,4.302999
102.63041666670651,18.677083333324042,5866,-1.5684446
102.81236111115098,18.616805555546254,5867,-6.8417463
102.67958333337319,18.594583333324028,5868,11.947546
102.44597222226204,18.747916666657385,5869,-6.724762
102.79763888892876,18.407916666657336,5870,-6.549768
102.50069444448427,18.424861111101784,5871,10.392176
102.68347222226207,18.484861111101793,5872,-3.7921214
102.61375000003984,18.72597222221294,5873,-6.8470683
102.72097222226208,18.670972222212928,5874,15.270783
102.884861111151,18.672361111101818,5875,-3.0786982
102.41958333337315,18.396805555546223,5876,-4.3528767
102.90486111115099,18.696805555546266,5877,-3.4293454
102.79097222226208,18.610416666657365,5878,-6.0688615
102.8084722222621,18.602083333324032,5879,-5.4667115
102.5379166667065,18.452638888879566,5880,-3.7822158
102.71375000003985,18.604027777768476,5881,8.642185
102.66763888892874,18.754027777768496,5882,-6.9517713
102.75402777781764,18.704027777768488,5883,-6.090469
102.67152777781763,18.730416666657383,5884,-5.290016
102.4690277778176,18.575972222212915,5885,-3.7824402
102.86319444448432,18.437083333324008,5886,-5.814218
102.84430555559543,18.684027777768485,5887,-3.268523
102.7118055555954,18.47986111110179,5888,-5.00052
102.78180555559543,18.449027777768453,5889,2.933435
102.5265277778176,18.534583333324022,5890,-5.4323754
102.69875000003985,18.5373611111018,5891,13.61903
102.85541666670655,18.41874999999067,5892,-6.1547813
102.5440277778176,18.5423611111018,5893,-6.7710147
102.87763888892877,18.64902777776848,5894,-0.026111973
102.46819444448427,18.562916666657358,5895,-4.118781
102.57458333337317,18.726249999990713,5896,-4.230138
102.82875000003988,18.57013888887958,5897,-6.122283
102.4879166667065,18.611805555546255,5898,7.7323527
102.52513888892872,18.6087499999907,5899,-7.287607
102.44708333337316,18.63097222221292,5900,-6.0906715
102.897361111151,18.666527777768483,5901,-5.1648912
102.49486111115094,18.652083333324036,5902,-7.604415
102.49708333337315,18.468194444435124,5903,-5.132045
102.51958333337316,18.69847222221293,5904,-2.7165115
102.82875000003988,18.54874999999069,5905,11.504597
102.85375000003988,18.77013888887961,5906,-7.7355886
102.70125000003985,18.524861111101796,5907,3.104389
102.61736111115096,18.522361111101798,5908,9.46264
102.71152777781764,18.43902777776845,5909,-6.7253556
102.7606944444843,18.437361111101783,5910,-6.1305485
102.69652777781764,18.669861111101817,5911,0.52515674
102.72347222226207,18.404305555546223,5912,-5.7869987
102.60236111115096,18.406527777768446,5913,-4.9589405
102.80680555559543,18.43152777776845,5914,-2.4459546
102.4740277778176,18.47486111110179,5915,-4.3514476
102.42541666670648,18.65041666665737,5916,-6.937437
102.49819444448427,18.69847222221293,5917,-6.562831
102.7181944444843,18.53874999999069,5918,8.546345
102.82875000003988,18.655138888879595,5919,-6.726346
102.67152777781763,18.477916666657347,5920,9.393647
102.7845833333732,18.645694444435147,5921,-7.2991285
102.59263888892873,18.73569444443516,5922,-5.201195
102.75541666670652,18.66430555554626,5923,-7.7214193
102.66208333337318,18.517361111101796,5924,11.499521
102.72930555559542,18.442361111101786,5925,-3.3402069
102.77236111115097,18.754583333324053,5926,-4.921911
102.71930555559541,18.4784722222129,5927,-6.0223155
102.79819444448431,18.51041666665735,5928,-5.8154473
102.49680555559539,18.60597222221292,5929,-4.9591727
102.82236111115098,18.635972222212924,5930,-6.810147
102.67486111115096,18.68958333332404,5931,-2.6946967
102.43680555559537,18.57430555554625,5932,-4.266131
102.42041666670649,18.637916666657368,5933,-5.018816
102.48208333337315,18.76624999999072,5934,-5.989508
102.67263888892874,18.49374999999068,5935,-6.039056
102.7331944444843,18.47263888887957,5936,-6.559708
102.52069444448428,18.413472222212892,5937,6.75664
102.71652777781763,18.768194444435164,5938,-5.2056856
102.869861111151,18.728472222212936,5939,-5.04242
102.58986111115095,18.54874999999069,5940,10.604737
102.46097222226204,18.7151388888796,5941,-3.9739397
102.49125000003983,18.500416666657348,5942,-1.8391474
102.63013888892873,18.618749999990698,5943,7.046835
102.73180555559541,18.65819444443515,5944,6.201361
102.67847222226207,18.45208333332401,5945,-4.70358
102.84513888892876,18.472916666657344,5946,-4.124268
102.85541666670655,18.520972222212908,5947,-7.0742893
102.6581944444843,18.71152777776849,5948,-5.8618884
102.48375000003982,18.406805555546224,5949,-5.2262115
102.74986111115098,18.406805555546224,5950,-2.898597
102.78402777781764,18.612916666657366,5951,-4.671972
102.60986111115095,18.74958333332405,5952,-4.386559
102.7895833333732,18.72458333332405,5953,-7.215888
102.44486111115093,18.48902777776846,5954,-5.5741134
102.6293055555954,18.667638888879594,5955,10.251097
102.65458333337318,18.45208333332401,5956,10.583231
102.49458333337316,18.759027777768498,5957,-5.989477
102.8209722222621,18.535694444435133,5958,-0.62561923
102.52069444448428,18.72458333332405,5959,-4.9505153
102.75458333337319,18.73180555554627,5960,-7.34197
102.5968055555954,18.690416666657377,5961,-4.576019
102.55763888892872,18.50263888887957,5962,-6.145537
102.58208333337318,18.545138888879578,5963,10.220325
102.84486111115099,18.720694444435157,5964,-5.1650696
102.42430555559537,18.684305555546263,5965,-7.4748096
102.41430555559536,18.744861111101827,5966,-5.4349923
102.48291666670649,18.659027777768483,5967,-6.0190067
102.45208333337315,18.72819444443516,5968,-4.523199
102.74652777781763,18.455416666657342,5969,-7.139948
102.74986111115098,18.549027777768465,5970,8.647154
102.86569444448432,18.38847222221289,5971,-4.6180143
102.82430555559543,18.76013888887961,5972,-7.7408433
102.89458333337322,18.576527777768472,5973,-6.4537754
102.78597222226209,18.456249999990675,5974,-2.2704716
102.84930555559544,18.70902777776849,5975,-5.0843034
102.79319444448431,18.469305555546235,5976,-5.610005
102.89402777781766,18.709583333324044,5977,-1.8666853
102.59263888892873,18.479583333324012,5978,11.598777
102.42986111115093,18.650138888879592,5979,-5.8800564
102.87736111115099,18.41124999999067,5980,-7.326196
102.71013888892874,18.451527777768455,5981,-5.354871
102.62125000003984,18.43402777776845,5982,-6.3398433
102.70597222226208,18.63291666665737,5983,2.167308
102.6354166667065,18.44569444443512,5984,9.746369
102.66791666670652,18.686527777768486,5985,-5.5549097
102.75041666670653,18.601805555546253,5986,-6.9791017
102.72902777781763,18.47486111110179,5987,-7.3309727
102.61263888892873,18.468194444435124,5988,8.546285
102.68486111115097,18.512361111101796,5989,18.44731
102.52375000003983,18.74097222221294,5990,-3.1220207
102.52847222226205,18.73569444443516,5991,-2.2424965
102.43569444448426,18.501249999990684,5992,-2.3314593
102.70708333337319,18.483472222212903,5993,-8.154267
102.89541666670655,18.53097222221291,5994,-5.6511965
102.71680555559541,18.42902777776845,5995,-7.623
102.78430555559542,18.725138888879602,5996,-5.72371
102.69763888892874,18.629027777768478,5997,9.527178
102.82708333337321,18.60708333332403,5998,-6.676319
102.77597222226208,18.73069444443516,5999,-2.664094
102.68013888892874,18.439583333324006,6000,-4.995597
102.54486111115094,18.684027777768485,6001,6.127166
102.88430555559543,18.435972222212897,6002,-6.3742795
102.58263888892873,18.74319444443516,6003,-5.1479983
102.66375000003985,18.491249999990682,6004,-6.5049477
102.61486111115096,18.542638888879576,6005,6.2631307
102.7706944444843,18.57263888887958,6006,-5.2724357
102.88402777781766,18.652638888879594,6007,-6.0078397
102.49541666670649,18.49791666665735,6008,-3.3403668
102.87486111115099,18.468194444435124,6009,7.2823696
102.60513888892874,18.635416666657367,6010,-5.079662
102.49152777781761,18.594861111101807,6011,-1.2175423
102.70125000003985,18.76597222221294,6012,-6.8517456
102.63569444448429,18.610138888879586,6013,10.928977
102.49625000003982,18.5423611111018,6014,-4.9237056
102.80430555559542,18.545694444435135,6015,-6.905129
102.58930555559539,18.58041666665736,6016,10.898284
102.6493055555954,18.555694444435133,6017,9.644961
102.58708333337317,18.536249999990687,6018,10.365507
102.7670833333732,18.527361111101797,6019,6.010047
102.89791666670655,18.62486111110181,6020,-4.154309
102.50097222226205,18.704583333324045,6021,-7.608316
102.51986111115095,18.751527777768494,6022,9.375735
102.68291666670652,18.59569444443514,6023,11.866577
102.6418055555954,18.576527777768472,6024,6.701082
102.81625000003987,18.600416666657363,6025,-5.756586
102.80569444448432,18.72819444443516,6026,-4.904299
102.85319444448432,18.768472222212942,6027,-7.7903523
102.84180555559543,18.472916666657344,6028,-4.842242
102.77625000003987,18.52347222221291,6029,-5.7378654
102.67430555559541,18.49402777776846,6030,-1.9904861
102.72347222226207,18.643194444435146,6031,-6.6137133
102.69958333337318,18.430694444435115,6032,-6.180175
102.49680555559539,18.633472222212923,6033,-7.151527
102.80736111115098,18.466805555546234,6034,-5.4666886
102.84486111115099,18.673749999990708,6035,-6.806927
102.44097222226203,18.711805555546267,6036,-6.1818604
102.60986111115095,18.712361111101824,6037,-5.9329286
102.85125000003987,18.594583333324028,6038,-7.403338
102.66125000003984,18.635416666657367,6039,8.08703
102.81013888892876,18.56652777776847,6040,-6.538379
102.79430555559543,18.654027777768484,6041,-4.913539
102.43958333337315,18.723472222212937,6042,-5.5962405
102.68986111115096,18.492916666657347,6043,-4.729179
102.73375000003986,18.656249999990706,6044,-5.398363
102.48291666670649,18.739861111101828,6045,-6.6564846
102.47708333337316,18.531527777768463,6046,-2.5312843
102.76652777781764,18.510138888879574,6047,-1.8612938
102.43597222226204,18.7101388888796,6048,-7.444202
102.87930555559544,18.745972222212938,6049,-4.3052607
102.5479166667065,18.74236111110183,6050,-6.6103044
102.5454166667065,18.601805555546253,6051,-5.9905825
102.79402777781765,18.480694444435123,6052,-3.0738301
102.45847222226205,18.70791666665738,6053,-6.727365
102.68708333337318,18.49680555554624,6054,-2.3280873
102.68375000003985,18.695138888879598,6055,-4.757833
102.82819444448431,18.737638888879605,6056,-0.9104239
102.56513888892873,18.554305555546247,6057,12.396497
102.7106944444843,18.625694444435144,6058,-5.536661
102.79152777781765,18.68347222221293,6059,-4.1116776
102.63375000003984,18.554305555546247,6060,6.2630816
102.48319444448427,18.58069444443514,6061,-5.9756203
102.47819444448427,18.435694444435118,6062,-4.474707
102.62569444448428,18.647361111101816,6063,6.6317587
102.73708333337319,18.68124999999071,6064,10.369205
102.89541666670655,18.64930555554626,6065,-6.7003236
102.66458333337319,18.729305555546272,6066,-2.583992
102.8484722222621,18.54624999999069,6067,-6.603439
102.43319444448426,18.42013888887956,6068,-5.594661
102.64125000003985,18.591527777768473,6069,6.8094025
102.43041666670648,18.66819444443515,6070,-7.0638123
102.54180555559539,18.445138888879562,6071,-4.0333304
102.68458333337318,18.69624999999071,6072,-5.5009785
102.66402777781762,18.42902777776845,6073,-3.527315
102.8384722222621,18.54874999999069,6074,-7.179471
102.47736111115093,18.47236111110179,6075,6.0225945
102.67208333337318,18.470416666657346,6076,10.762146
102.88152777781765,18.708194444435158,6077,-5.2827907
102.75791666670654,18.45430555554623,6078,-5.012825
102.82263888892876,18.556805555546244,6079,-5.6697416
102.45680555559538,18.48152777776846,6080,0.56315535
102.81319444448431,18.688194444435155,6081,-5.4808598
102.69236111115096,18.664861111101818,6082,-4.748011
102.82236111115098,18.69236111110182,6083,-3.3030412
102.86930555559543,18.59097222221292,6084,-6.2296476
102.5793055555954,18.560138888879578,6085,-6.1139426
102.6093055555954,18.399861111101778,6086,-3.8134775
102.56652777781761,18.55458333332402,6087,12.458372
102.68736111115096,18.467916666657345,6088,-6.90018
102.77680555559542,18.39736111110178,6089,-4.062915
102.76569444448431,18.46486111110179,6090,-4.535929
102.8020833333732,18.552638888879578,6091,-7.131301
102.77930555559541,18.731249999990716,6092,-5.662336
102.79430555559543,18.651527777768482,6093,-6.772777
102.48291666670649,18.65847222221293,6094,-5.1330705
102.5204166667065,18.74208333332405,6095,9.790481
102.72847222226208,18.670972222212928,6096,4.931112
102.7795833333732,18.417361111101783,6097,-5.66305
102.46958333337315,18.70152777776849,6098,-5.996703
102.64847222226207,18.671805555546264,6099,-4.812407
102.69930555559542,18.559861111101803,6100,7.0373344
102.81291666670654,18.714861111101825,6101,-6.964469
102.66319444448429,18.517361111101796,6102,8.560872
102.49736111115094,18.71791666665738,6103,-6.7998085
102.74513888892875,18.594583333324028,6104,-5.652462
102.74041666670652,18.71652777776849,6105,-2.412834
102.72875000003985,18.67958333332404,6106,5.832758
102.83430555559544,18.74180555554627,6107,-6.491993
102.51513888892872,18.5448611111018,6108,-5.046021
102.85986111115099,18.515972222212906,6109,-3.6873434
102.83902777781765,18.624305555546254,6110,-6.8096004
102.6806944444843,18.524027777768463,6111,12.760942
102.87958333337322,18.745138888879605,6112,-7.675039
102.82958333337321,18.39486111110178,6113,-5.6417212
102.78986111115098,18.542083333324022,6114,-6.0669336
102.68458333337318,18.677638888879596,6115,-3.9228802
102.44430555559538,18.58680555554625,6116,-4.386502
102.50902777781761,18.764583333324055,6117,7.4477367
102.85236111115098,18.438749999990673,6118,-2.9010859
102.61458333337318,18.499583333324015,6119,-6.9062004
102.55013888892873,18.450972222212897,6120,-5.8413477
102.74125000003986,18.40874999999067,6121,8.140883
102.57402777781762,18.649861111101814,6122,-6.1767845
102.53430555559538,18.531527777768463,6123,-5.2675443
102.66013888892874,18.564583333324023,6124,8.834031
102.70875000003986,18.665138888879596,6125,-5.0933733
102.57597222226205,18.467083333324013,6126,-5.353886
102.54513888892872,18.45208333332401,6127,-3.469896
102.85291666670655,18.595416666657364,6128,-5.8171105
102.57625000003983,18.75124999999072,6129,-5.486141
102.85930555559543,18.59069444443514,6130,-2.7522826
102.77847222226208,18.391527777768445,6131,-3.7822397
102.52708333337316,18.716249999990712,6132,-1.0384701
102.65986111115096,18.675138888879594,6133,-5.114295
102.48430555559538,18.577361111101805,6134,-5.536425
102.88791666670654,18.6312499999907,6135,-6.6283474
102.63819444448428,18.530416666657352,6136,7.853202
102.64486111115096,18.74069444443516,6137,-5.452564
102.80791666670653,18.53847222221291,6138,-6.1844587
102.7970833333732,18.764583333324055,6139,-6.8961887
102.68375000003985,18.76791666665739,6140,-4.43059
102.66486111115096,18.544583333324024,6141,5.4057784
102.6079166667065,18.644861111101815,6142,14.450802
102.51486111115094,18.747916666657385,6143,8.706849
102.67180555559541,18.483194444435124,6144,12.907381
102.58541666670651,18.62347222221292,6145,-5.7316737
102.46625000003982,18.64541666665737,6146,-6.07796
102.67875000003986,18.404583333324002,6147,-6.80747
102.60986111115095,18.532916666657353,6148,9.319539
102.50236111115093,18.561805555546247,6149,-0.12167838
102.89375000003989,18.44430555554623,6150,-7.4815874
102.70402777781763,18.500972222212905,6151,-5.005995
102.6706944444843,18.57013888887958,6152,1.7382529
102.67486111115096,18.468194444435124,6153,9.792758
102.5415277778176,18.555416666657358,6154,-6.0056987
102.7731944444843,18.730416666657383,6155,-3.964793
102.8834722222621,18.657361111101817,6156,-7.770855
102.61125000003985,18.521249999990687,6157,9.845632
102.87486111115099,18.756527777768497,6158,-6.508247
102.5140277778176,18.74986111110183,6159,3.0782888
102.67458333337318,18.66680555554626,6160,-6.3351793
102.57208333337317,18.669861111101817,6161,-4.812549
102.4126388889287,18.409583333324004,6162,-4.4912195
102.89125000003988,18.762083333324053,6163,-6.1381893
102.65097222226207,18.48736111110179,6164,16.344378
102.59375000003983,18.502083333324016,6165,8.140883
102.67263888892874,18.478194444435125,6166,6.7158146
102.89763888892877,18.41291666665734,6167,-3.1061406
102.41375000003981,18.62263888887959,6168,-6.9258823
102.62263888892873,18.75847222221294,6169,2.6864645
102.83569444448432,18.61208333332403,6170,-7.079961
102.5290277778176,18.746805555546274,6171,-6.311227
102.54458333337317,18.615416666657364,6172,6.127453
102.46875000003982,18.492083333324015,6173,-4.165775
102.46819444448427,18.542083333324022,6174,-5.2006774
102.58680555559539,18.388749999990665,6175,9.351713
102.89513888892877,18.751527777768494,6176,-2.8427057
102.70041666670652,18.73347222221294,6177,-6.13196
102.44625000003981,18.635694444435146,6178,-6.374535
102.6443055555954,18.609305555546253,6179,6.906911
102.87069444448433,18.670694444435153,6180,-6.7783175
102.6343055555954,18.74041666665738,6181,-5.223773
102.81930555559542,18.428194444435118,6182,-6.1369176
102.77902777781765,18.70152777776849,6183,-5.2186885
102.58458333337317,18.527916666657354,6184,10.522346
102.86958333337321,18.602361111101807,6185,-7.02259
102.65236111115095,18.727916666657382,6186,-4.4865513
102.80763888892876,18.61597222221292,6187,-1.7187779
102.70625000003986,18.765416666657387,6188,-7.138658
102.41486111115093,18.62402777776848,6189,-4.2436924
102.68013888892874,18.753749999990717,6190,-4.820521
102.82819444448431,18.75736111110183,6191,0.42069924
102.66375000003985,18.431249999990673,6192,-5.9721394
102.52125000003983,18.398194444435113,6193,-2.6135333
102.62125000003984,18.654027777768484,6194,7.853202
102.75430555559542,18.65791666665737,6195,-6.810514
102.72986111115097,18.451527777768455,6196,-4.56791
102.85458333337321,18.467361111101788,6197,-7.217079
102.75736111115097,18.397083333324,6198,-4.8636966
102.63763888892873,18.673749999990708,6199,-5.547087
102.48069444448427,18.470138888879568,6200,-3.7823315
102.78625000003987,18.580972222212917,6201,-5.243492
102.72402777781764,18.676527777768484,6202,6.631721
102.75263888892876,18.408472222212893,6203,-4.4541817
102.59013888892872,18.677361111101817,6204,-5.733195
102.90208333337321,18.42041666665734,6205,10.082035
102.87208333337321,18.399861111101778,6206,-6.3178086
102.49430555559537,18.392638888879556,6207,-4.165303
102.4401388889287,18.729027777768493,6208,-6.354181
102.83291666670654,18.739027777768495,6209,-5.685032
102.88013888892877,18.685972222212932,6210,-5.4632826
102.89013888892877,18.522361111101798,6211,-4.8513155
102.67513888892874,18.47736111110179,6212,17.877668
102.83486111115099,18.746249999990717,6213,-6.3221188
102.78125000003986,18.397083333324,6214,-5.504359
102.5454166667065,18.727638888879603,6215,-6.8664904
102.44291666670648,18.731249999990716,6216,-6.2115655
102.86930555559543,18.609583333324032,6217,-5.3511305
102.67541666670651,18.718749999990713,6218,-1.4326061
102.60263888892872,18.712916666657378,6219,-5.9780016
102.62069444448429,18.51680555554624,6220,9.243445
102.86319444448432,18.533194444435132,6221,-7.384944
102.7495833333732,18.500138888879572,6222,-7.193376
102.56402777781761,18.528749999990687,6223,9.799112
102.53958333337316,18.71402777776849,6224,6.5325036
102.81402777781764,18.65819444443515,6225,-6.1702423
102.53763888892873,18.63236111110181,6226,10.974097
102.70708333337319,18.694861111101822,6227,-2.9489632
102.47208333337315,18.644583333324036,6228,-3.3408387
102.89930555559543,18.48624999999068,6229,-5.9708185
102.81652777781765,18.585416666657363,6230,0.045137122
102.46069444448426,18.605138888879587,6231,-3.744046
102.74236111115097,18.41097222221289,6232,-4.51823
102.48625000003982,18.404027777768448,6233,-3.877677
102.67902777781762,18.469027777768456,6234,13.825314
102.89041666670654,18.504861111101793,6235,13.712891
102.47986111115094,18.647083333324037,6236,-3.8148887
102.67597222226208,18.48152777776846,6237,4.854408
102.68375000003985,18.60708333332403,6238,12.027589
102.63875000003985,18.58291666665736,6239,11.36971
102.85902777781766,18.406805555546224,6240,-7.0568743
102.4126388889287,18.41013888887956,6241,-2.7339425
102.71625000003985,18.53819444443513,6242,4.6267037
102.869861111151,18.484861111101793,6243,-5.449789
102.74291666670652,18.48874999999068,6244,-5.4746904
102.89152777781766,18.523749999990685,6245,-5.963697
102.49263888892871,18.696805555546266,6246,-6.110276
102.45986111115093,18.618194444435144,6247,-5.6168685
102.4226388889287,18.675694444435152,6248,-4.5627937
102.51236111115094,18.66069444443515,6249,-2.783927
102.6354166667065,18.47069444443512,6250,6.3808737
102.76791666670653,18.597361111101808,6251,-5.989084
102.89791666670655,18.428194444435118,6252,-3.7139602
102.78847222226209,18.471805555546233,6253,-5.057788
102.82069444448432,18.674305555546262,6254,-5.6841497
102.56597222226206,18.433749999990674,6255,-2.9861848
102.4501388889287,18.602638888879586,6256,-5.6949196
102.85375000003988,18.551805555546245,6257,-5.650766
102.71763888892875,18.73430555554627,6258,-6.557493
102.69763888892874,18.650972222212925,6259,9.644961
102.71625000003985,18.596249999990697,6260,-2.9669466
102.78541666670654,18.404027777768448,6261,-5.963695
102.72597222226209,18.387638888879554,6262,-4.717784
102.52875000003984,18.47124999999068,6263,-3.7979698
102.5329166667065,18.51263888887957,6264,-6.2957273
102.73041666670653,18.7690277777685,6265,-6.9186234
102.63986111115095,18.45569444443512,6266,12.163602
102.72763888892875,18.464027777768454,6267,-4.521198
102.78152777781764,18.59180555554625,6268,-6.1956325
102.82236111115098,18.510138888879574,6269,-5.654245
102.5454166667065,18.475972222212903,6270,-4.308033
102.872361111151,18.75736111110183,6271,-6.3527827
102.60875000003985,18.516527777768463,6272,11.761304
102.6943055555954,18.577361111101805,6273,4.851449
102.89486111115099,18.512083333324018,6274,-6.1610346
102.51236111115094,18.431805555546227,6275,-5.0413733
102.85458333337321,18.55652777776847,6276,-6.508175
102.56847222226206,18.480694444435123,6277,-6.08562
102.77236111115097,18.51569444443513,6278,-5.9955144
102.86263888892877,18.650972222212925,6279,2.981609
102.63597222226207,18.68986111110182,6280,-6.203171
102.4126388889287,18.419583333324006,6281,-5.2887387
102.6818055555954,18.57013888887958,6282,11.124038
102.85402777781765,18.69124999999071,6283,-5.540203
102.7920833333732,18.47208333332401,6284,-6.0638194
102.53958333337316,18.662361111101816,6285,10.540934
102.61763888892874,18.484861111101793,6286,10.450349
102.77986111115098,18.760416666657385,6287,-5.065266
102.70236111115096,18.502361111101795,6288,-6.186696
102.5140277778176,18.46458333332401,6289,-5.0318017
102.53236111115095,18.576249999990694,6290,-6.417219
102.89402777781766,18.44680555554623,6291,-6.9085207
102.87875000003989,18.638472222212926,6292,-6.6755695
102.46680555559537,18.68208333332404,6293,-6.1236396
102.63569444448429,18.564861111101802,6294,12.183935
102.79569444448431,18.576249999990694,6295,-1.008196
102.62458333337318,18.70930555554627,6296,-1.2758052
102.81236111115098,18.762361111101832,6297,-6.6901627
102.41458333337314,18.641249999990702,6298,-7.453566
102.6731944444843,18.585972222212916,6299,9.750321
102.47291666670648,18.61236111110181,6300,-5.467999
102.53958333337316,18.68069444443515,6301,7.3936167
102.82847222226209,18.48902777776846,6302,-6.7476845
102.48819444448426,18.645694444435147,6303,-4.49999
102.4465277778176,18.654583333324037,6304,-7.2003317
102.73236111115096,18.4559722222129,6305,-6.1449523
102.7495833333732,18.593472222212917,6306,-6.347186
102.60180555559539,18.509305555546238,6307,-5.32669
102.51263888892872,18.46986111110179,6308,-6.1332135
102.62208333337318,18.736805555546272,6309,-5.274706
102.89236111115099,18.480416666657348,6310,-3.3371854
102.65125000003985,18.392083333324,6311,-3.8603127
102.7720833333732,18.38847222221289,6312,-4.256316
102.63652777781762,18.394027777768446,6313,-4.1176314
102.76402777781765,18.56541666665736,6314,-4.5180874
102.69402777781764,18.747916666657385,6315,-2.6640093
102.51736111115093,18.648472222212927,6316,-5.242118
102.48763888892871,18.620416666657366,6317,-5.6768627
102.78597222226209,18.54847222221291,6318,-5.005461
102.5629166667065,18.534861111101797,6319,10.365507
102.5140277778176,18.587638888879585,6320,-5.606161
102.5529166667065,18.764583333324055,6321,-5.450199
102.84680555559542,18.702361111101823,6322,-7.934653
102.42208333337315,18.720694444435157,6323,-4.1458435
102.48263888892872,18.39847222221289,6324,-4.1232305
102.67763888892874,18.57180555554625,6325,19.239218
102.43597222226204,18.56263888887958,6326,-5.5571027
102.81819444448432,18.616805555546254,6327,-6.0100603
102.54430555559539,18.48624999999068,6328,-0.80620056
102.80875000003986,18.719027777768492,6329,-4.9910884
102.68347222226207,18.62208333332403,6330,11.111299
102.61152777781761,18.49791666665735,6331,-4.3790755
102.72930555559542,18.76374999999072,6332,-5.6018624
102.81597222226209,18.45430555554623,6333,-4.9869514
102.41652777781759,18.59958333332403,6334,-4.3528733
102.45208333337315,18.499861111101794,6335,-0.99053323
102.80319444448432,18.466249999990676,6336,-5.290913
102.60236111115096,18.686249999990707,6337,-5.2396336
102.72375000003986,18.47124999999068,6338,-6.179715
102.6418055555954,18.707083333324046,6339,-5.1021395
102.69097222226208,18.710972222212934,6340,-5.6665864
102.57625000003983,18.521249999990687,6341,7.853202
102.48069444448427,18.652638888879594,6342,-6.919037
102.51013888892872,18.605416666657366,6343,-6.025628
102.49291666670649,18.62263888887959,6344,-6.6764035
102.85291666670655,18.432361111101784,6345,-1.487573
102.74402777781764,18.744027777768494,6346,-5.8980045
102.8584722222621,18.51319444443513,6347,-6.418154
102.51625000003983,18.651527777768482,6348,-5.8086476
102.61375000003984,18.49902777776846,6349,-6.229787
102.72430555559541,18.587361111101806,6350,6.7545896
102.74680555559542,18.745138888879605,6351,-5.7548018
102.85930555559543,18.70152777776849,6352,-6.143412
102.88569444448433,18.74708333332405,6353,-3.6178877
102.56152777781762,18.396805555546223,6354,-4.3482985
102.70402777781763,18.572361111101802,6355,8.0874
102.70152777781763,18.47208333332401,6356,-5.965155
102.63513888892874,18.499583333324015,6357,-5.8618093
102.52541666670649,18.458472222212897,6358,-2.7806172
102.70097222226208,18.627916666657367,6359,-4.1517363
102.82375000003987,18.591527777768473,6360,-7.7527924
102.49013888892871,18.409305555546226,6361,-4.2649455
102.72208333337319,18.653472222212926,6362,-4.123419
102.51125000003982,18.61986111110181,6363,-2.6676931
102.67902777781762,18.60986111110181,6364,11.6297865
102.79736111115098,18.467083333324013,6365,-6.247453
102.42208333337315,18.678749999990707,6366,-5.1878395
102.80930555559543,18.401805555546225,6367,-7.208251
102.71847222226208,18.53708333332402,6368,8.834031
102.74486111115097,18.480694444435123,6369,-4.380394
102.67402777781763,18.762916666657386,6370,-6.998655
102.74652777781763,18.53069444443513,6371,2.8492303
102.87291666670654,18.577083333324026,6372,-6.7077365
102.84486111115099,18.61597222221292,6373,-6.5501595
102.80430555559542,18.63236111110181,6374,-6.636826
102.82652777781765,18.75874999999072,6375,-5.269876
102.68125000003985,18.392916666657335,6376,-5.7747397
102.65652777781763,18.564305555546248,6377,8.688735
102.51041666670649,18.50541666665735,6378,-1.9208721
102.88541666670655,18.502083333324016,6379,-7.234244
102.7595833333732,18.46374999999068,6380,-0.268
102.4140277778176,18.76513888887961,6381,-6.918198
102.70291666670651,18.482083333324013,6382,-4.2586536
102.42486111115093,18.467916666657345,6383,-1.3083507
102.56819444448428,18.566249999990692,6384,12.092128
102.67708333337319,18.612916666657366,6385,11.339557
102.81208333337321,18.704027777768488,6386,-6.7713847
102.76513888892875,18.693472222212932,6387,-6.0161276
102.43208333337314,18.73347222221294,6388,-5.3208265
102.69875000003985,18.69374999999071,6389,-5.356792
102.54625000003983,18.476527777768457,6390,-6.10312
102.87152777781766,18.681527777768487,6391,-3.5804975
102.47680555559538,18.5473611111018,6392,-4.915316
102.76569444448431,18.6901388888796,6393,-5.9664307
102.5704166667065,18.547916666657358,6394,11.854456
102.63708333337318,18.708194444435158,6395,-6.004787
102.63319444448429,18.685694444435153,6396,-4.445141
102.6243055555954,18.452361111101787,6397,-1.6465112
102.50930555559538,18.735138888879604,6398,8.897372
102.6906944444843,18.768472222212942,6399,-5.0678163
102.79569444448431,18.399305555546224,6400,-2.2515693
102.69347222226207,18.73486111110183,6401,-5.2305126
102.83958333337321,18.704305555546267,6402,-7.4432874
102.6268055555954,18.554305555546247,6403,6.406558
102.53958333337316,18.390972222212888,6404,-3.6455176
102.77652777781765,18.769583333324054,6405,-7.3025613
102.76013888892875,18.42902777776845,6406,-2.9667063
102.48486111115093,18.56513888887958,6407,-4.959259
102.4765277778176,18.42152777776845,6408,-4.265612
102.84430555559543,18.50569444443513,6409,-5.8528824
102.5015277778176,18.472916666657344,6410,-4.974322
102.56819444448428,18.467083333324013,6411,-4.3210917
102.62263888892873,18.428472222212893,6412,-1.5264156
102.49541666670649,18.62402777776848,6413,-4.364393
102.61152777781761,18.454027777768452,6414,-4.8136907
102.67652777781763,18.434583333324007,6415,-6.666197
102.60847222226207,18.673749999990708,6416,10.28095
102.41430555559536,18.745138888879605,6417,-5.277206
102.48569444448427,18.649861111101814,6418,-3.0141828
102.87958333337322,18.500694444435126,6419,-5.6076674
102.4465277778176,18.602083333324032,6420,-5.5315213
102.49319444448427,18.740138888879606,6421,-5.8968205
102.62569444448428,18.420972222212892,6422,-5.044244
102.47986111115094,18.760972222212942,6423,-4.914739
102.66347222226207,18.654583333324037,6424,-6.134248
102.5704166667065,18.65791666665737,6425,-3.3908138
102.88069444448432,18.696527777768488,6426,-6.643538
102.54847222226205,18.435694444435118,6427,-5.864606
102.6293055555954,18.573749999990692,6428,10.944244
102.43125000003981,18.74819444443516,6429,-6.7838364
102.4840277778176,18.63097222221292,6430,-3.6585257
102.82152777781765,18.45958333332401,6431,-3.0552342
102.6881944444843,18.537916666657356,6432,6.286483
102.70236111115096,18.63152777776848,6433,-5.897848
102.69458333337319,18.39569444443511,6434,-4.2523284
102.6756944444843,18.520138888879575,6435,9.480494
102.76236111115098,18.508749999990684,6436,-6.306486
102.64652777781762,18.39486111110178,6437,-4.4973507
102.50069444448427,18.702916666657377,6438,-7.5491085
102.87958333337322,18.68236111110182,6439,-7.559886
102.78986111115098,18.392361111101778,6440,-6.6593943
102.76763888892876,18.671249999990707,6441,-3.0838637
102.47847222226204,18.50374999999068,6442,-4.5545654
102.76041666670653,18.73569444443516,6443,-5.222666
102.62986111115096,18.41902777776845,6444,-5.5396624
102.69958333337318,18.49541666665735,6445,-6.170198
102.86069444448432,18.53069444443513,6446,-6.736784
102.58958333337317,18.63263888887959,6447,9.473341
102.84319444448433,18.620416666657366,6448,-7.505572
102.48680555559538,18.512361111101796,6449,-1.5584886
102.46319444448426,18.746527777768495,6450,-6.750757
102.65402777781763,18.401527777768447,6451,-5.79979
102.43263888892871,18.551527777768467,6452,0.32311222
102.84791666670654,18.507361111101794,6453,-5.319517
102.5229166667065,18.395416666657333,6454,6.0451655
102.59513888892873,18.765416666657387,6455,-6.166835
102.7445833333732,18.60486111110181,6456,-6.495963
102.5265277778176,18.480416666657348,6457,9.616529
102.6343055555954,18.660972222212926,6458,8.951814
102.45375000003982,18.621805555546256,6459,7.6726284
102.63569444448429,18.556805555546244,6460,12.303665
102.50013888892872,18.488194444435123,6461,-3.7150037
102.51375000003982,18.40986111110178,6462,-4.8513412
102.87263888892876,18.69152777776849,6463,-1.7507585
102.90597222226211,18.534861111101797,6464,-3.497234
102.50458333337316,18.64041666665737,6465,-4.839517
102.66986111115096,18.500694444435126,6466,10.121885
102.6493055555954,18.561527777768468,6467,6.739368
102.66486111115096,18.72819444443516,6468,-4.745092
102.50513888892871,18.450138888879565,6469,0.22886756
102.86430555559544,18.480416666657348,6470,-7.062879
102.81152777781764,18.639861111101812,6471,2.26112
102.8345833333732,18.39430555554622,6472,-4.8174825
102.79375000003986,18.531527777768463,6473,8.780787
102.45625000003982,18.67347222221293,6474,-2.4721856
102.81263888892876,18.515972222212906,6475,-6.2415023
102.50652777781761,18.561527777768468,6476,0.92351687
102.54930555559538,18.649861111101814,6477,12.928641
102.78347222226209,18.482361111101792,6478,-6.4496303
102.83902777781765,18.75986111110183,6479,-0.58950424
102.70625000003986,18.754305555546274,6480,-6.4284806
102.68680555559541,18.455416666657342,6481,-5.204173
102.902361111151,18.677916666657374,6482,-3.3085086
102.9009722222621,18.73958333332405,6483,-7.7883873
102.61402777781763,18.637083333324036,6484,9.587803
102.50625000003983,18.40513888887956,6485,9.973465
102.74208333337319,18.664027777768485,6486,-6.7875743
102.77902777781765,18.754027777768496,6487,-6.5993686
102.52986111115094,18.680416666657376,6488,8.364027
102.45736111115093,18.68736111110182,6489,-6.1429195
102.52013888892871,18.43402777776845,6490,12.214175
102.64597222226207,18.670694444435153,6491,-3.0044334
102.63597222226207,18.51291666665735,6492,-5.7827706
102.74486111115097,18.57902777776847,6493,6.046219
102.44902777781759,18.55374999999069,6494,-4.696559
102.67902777781762,18.7076388888796,6495,-6.8749866
102.48930555559538,18.70791666665738,6496,-6.8370376
102.90013888892877,18.475416666657345,6497,7.800286
102.84625000003987,18.684305555546263,6498,-5.0086656
102.8634722222621,18.74069444443516,6499,-7.0408387
102.44708333337316,18.62347222221292,6500,-3.0655305
102.46319444448426,18.45708333332401,6501,-3.8869057
102.47875000003982,18.700972222212933,6502,-5.378852
102.50875000003983,18.54097222221291,6503,-2.8122363
102.88569444448433,18.766805555546277,6504,0.31902072
102.74763888892875,18.597916666657362,6505,-6.5388618
102.83486111115099,18.736527777768494,6506,-3.9496868
102.85791666670654,18.644583333324036,6507,-6.801592
102.4715277778176,18.76791666665739,6508,-4.065196
102.59347222226206,18.524305555546242,6509,9.932643
102.62875000003984,18.40374999999067,6510,-3.4722118
102.85430555559543,18.595138888879585,6511,-6.7975793
102.76263888892875,18.74208333332405,6512,-3.7899668
102.49180555559538,18.501805555546238,6513,-4.7693167
102.7845833333732,18.42874999999067,6514,-5.126061
102.67291666670651,18.57013888887958,6515,11.045049
102.48763888892871,18.585694444435138,6516,-5.36905
102.5529166667065,18.55874999999069,6517,1.4103858
102.85541666670655,18.49680555554624,6518,-7.2613163
102.81736111115099,18.57013888887958,6519,-6.7596564
102.78930555559542,18.458472222212897,6520,-6.9503074
102.83902777781765,18.47486111110179,6521,-5.462091
102.86402777781765,18.57263888887958,6522,-5.1502314
102.81875000003987,18.430694444435115,6523,-6.7062225
102.68847222226208,18.73430555554627,6524,-2.764151
102.41541666670648,18.64291666665737,6525,-7.1910753
102.84541666670654,18.597638888879587,6526,-2.6523745
102.42375000003982,18.526805555546243,6527,-4.816588
102.54375000003984,18.448472222212896,6528,-3.2705534
102.42375000003982,18.721249999990714,6529,-6.994764
102.7093055555954,18.753749999990717,6530,-5.3874874
102.45041666670649,18.510138888879574,6531,-3.816271
102.66375000003985,18.639305555546258,6532,-7.004092
102.57208333337317,18.53874999999069,6533,11.823494
102.73152777781763,18.768472222212942,6534,-3.7897775
102.67263888892874,18.59319444443514,6535,10.538779
102.56930555559539,18.558472222212913,6536,11.980336
102.80736111115098,18.658749999990704,6537,-5.3877387
102.5290277778176,18.736527777768494,6538,-0.59721416
102.857361111151,18.413194444435113,6539,-6.153784
102.7895833333732,18.50541666665735,6540,-5.608463
102.76819444448431,18.649861111101814,6541,-5.874561
102.51458333337317,18.49374999999068,6542,-5.067353
102.8934722222621,18.55458333332402,6543,-6.5638885
102.53097222226205,18.61236111110181,6544,-6.842608
102.85763888892876,18.603749999990697,6545,-4.4393167
102.86625000003988,18.65069444443515,6546,-1.938123
102.46791666670649,18.48874999999068,6547,-2.7770252
102.73180555559541,18.746249999990717,6548,-5.7077127
102.75291666670653,18.703749999990713,6549,-5.062458
102.83180555559542,18.548194444435133,6550,6.701248
102.55875000003984,18.68374999999071,6551,-4.5290184
102.81930555559542,18.48152777776846,6552,-5.6379547
102.83625000003987,18.46208333332401,6553,-5.9691787
102.4590277778176,18.399027777768445,6554,-1.2270986
102.71291666670652,18.44708333332401,6555,-7.321812
102.54458333337317,18.769861111101832,6556,-6.8949046
102.66402777781762,18.457638888879565,6557,6.701469
102.46125000003983,18.646249999990705,6558,-5.1404905
102.67180555559541,18.487083333324016,6559,-5.560285
102.42041666670649,18.608194444435142,6560,-3.8637822
102.88930555559544,18.765416666657387,6561,-6.5837893
102.61125000003985,18.50402777776846,6562,-6.111812
102.47291666670648,18.624583333324033,6563,-0.92387134
102.57263888892872,18.409305555546226,6564,-4.9651675
102.4240277778176,18.64791666665737,6565,-3.5815923
102.87763888892877,18.408194444435114,6566,-6.585626
102.86430555559544,18.47124999999068,6567,15.993166
102.76763888892876,18.685138888879596,6568,-5.4494543
102.61569444448429,18.401249999990668,6569,-0.19505908
102.87125000003988,18.535416666657355,6570,-3.4552164
102.47180555559538,18.690694444435152,6571,-6.921272
102.64958333337319,18.635972222212924,6572,10.251097
102.52097222226205,18.728749999990715,6573,1.565582
102.64791666670651,18.695138888879598,6574,-6.626267
102.73180555559541,18.489305555546235,6575,-7.351721
102.6043055555954,18.626805555546255,6576,-4.2169743
102.68625000003985,18.721249999990714,6577,-3.0936434
102.7706944444843,18.471527777768458,6578,-5.2594914
102.44180555559538,18.75597222221294,6579,-4.2282524
102.53319444448428,18.471805555546233,6580,-6.1540956
102.64569444448429,18.40624999999067,6581,9.697808
102.43430555559537,18.704861111101824,6582,-5.8856773
102.49819444448427,18.620138888879588,6583,-7.2507696
102.5504166667065,18.583472222212915,6584,12.526031
102.77569444448432,18.49624999999068,6585,-5.48492
102.7156944444843,18.708194444435158,6586,-6.8372126
102.4465277778176,18.6212499999907,6587,-5.9057074
102.46819444448427,18.534583333324022,6588,-6.3571763
102.81902777781765,18.600138888879584,6589,-3.8561325
102.55430555559539,18.669027777768484,6590,-5.29946
102.56097222226205,18.48513888887957,6591,-5.2167745
102.65236111115095,18.433749999990674,6592,-6.425618
102.60513888892874,18.450416666657343,6593,-2.0838344
102.88875000003988,18.57180555554625,6594,-6.662053
102.53958333337316,18.57402777776847,6595,-6.2587476
102.85708333337321,18.440138888879563,6596,-5.423338
102.43402777781759,18.51458333332402,6597,-5.5522404
102.8070833333732,18.68874999999071,6598,-4.4755054
102.44125000003982,18.49541666665735,6599,-4.1649103
102.64125000003985,18.52180555554624,6600,6.9151464
102.61736111115096,18.489861111101792,6601,8.193328
102.74152777781764,18.394027777768446,6602,-6.7091064
102.54069444448427,18.601805555546253,6603,-6.285138
102.52375000003983,18.51180555554624,6604,0.08408097
102.64819444448429,18.559583333324024,6605,20.447453
102.66513888892874,18.573749999990692,6606,2.916883
102.62513888892873,18.72180555554627,6607,-5.04626
102.58958333337317,18.662638888879595,6608,-6.2128577
102.44125000003982,18.434583333324007,6609,-5.433811
102.4440277778176,18.541805555546244,6610,-5.7755294
102.7131944444843,18.53597222221291,6611,12.367124
102.81291666670654,18.520138888879575,6612,-6.3628244
102.75208333337319,18.413194444435113,6613,-4.6332045
102.89569444448432,18.541527777768465,6614,-5.361361
102.52708333337316,18.588749999990696,6615,-0.3106272
102.53625000003983,18.432361111101784,6616,-4.1233544
102.80513888892875,18.610972222212922,6617,-7.408242
102.44180555559538,18.451527777768455,6618,-4.867126
102.65041666670652,18.70874999999071,6619,-6.638372
102.8195833333732,18.70930555554627,6620,-5.53448
102.48486111115093,18.46986111110179,6621,-3.3624861
102.81513888892876,18.76374999999072,6622,-6.654559
102.75097222226208,18.694583333324044,6623,3.5750933
102.84180555559543,18.65041666665737,6624,-4.17158
102.76680555559543,18.399027777768445,6625,-7.3705945
102.67347222226208,18.634305555546256,6626,9.991744
102.57180555559539,18.41236111110178,6627,-2.6591272
102.56125000003983,18.547916666657358,6628,11.072078
102.4140277778176,18.442083333324007,6629,0.90205383
102.44458333337315,18.677916666657374,6630,-6.387932
102.77930555559541,18.38847222221289,6631,-4.1628003
102.76958333337319,18.73458333332405,6632,-6.102007
102.62958333337318,18.50541666665735,6633,8.708902
102.43291666670649,18.58152777776847,6634,8.65748
102.90347222226211,18.677638888879596,6635,-0.02175144
102.4551388889287,18.745694444435163,6636,-4.7704
102.64791666670651,18.591527777768473,6637,9.1439295
102.63652777781762,18.59319444443514,6638,11.3497095
102.78375000003986,18.709583333324044,6639,-6.636768
102.44902777781759,18.66319444443515,6640,-6.7317853
102.51930555559538,18.432638888879563,6641,12.384838
102.66902777781763,18.585694444435138,6642,9.239496
102.5429166667065,18.62347222221292,6643,4.6177454
102.69763888892874,18.595138888879585,6644,8.042714
102.81180555559543,18.476249999990678,6645,-6.040992
102.77680555559542,18.57180555554625,6646,-3.9912562
102.74736111115097,18.76763888887961,6647,-5.3239546
102.5029166667065,18.476527777768457,6648,-2.8332434
102.54041666670649,18.48263888887957,6649,-5.782538
102.61625000003984,18.458472222212897,6650,10.492259
102.42430555559537,18.42763888887956,6651,-4.2658362
102.59152777781762,18.471805555546233,6652,-6.5076528
102.61458333337318,18.700694444435154,6653,-5.675629
102.49263888892871,18.577083333324026,6654,-4.3864937
102.86569444448432,18.405416666657334,6655,-3.0944383
102.7195833333732,18.750138888879608,6656,-6.6637473
102.75680555559542,18.693194444435154,6657,6.1851034
102.63125000003984,18.465416666657344,6658,10.561252
102.47013888892872,18.50541666665735,6659,-4.076187
102.67375000003985,18.676527777768484,6660,-7.37314
102.51569444448427,18.685416666657375,6661,-6.6950655
102.53097222226205,18.549027777768465,6662,-5.9061985
102.5818055555954,18.624305555546254,6663,-5.36181
102.86625000003988,18.491527777768457,6664,-5.5770392
102.72208333337319,18.399583333324003,6665,-5.821053
102.88458333337321,18.534861111101797,6666,-1.4972435
102.43736111115093,18.62347222221292,6667,-2.2997622
102.47791666670649,18.60347222221292,6668,-4.0632925
102.8634722222621,18.539027777768467,6669,8.647212
102.70680555559541,18.617083333324032,6670,-6.563812
102.55597222226206,18.684583333324042,6671,-3.1320693
102.49291666670649,18.73708333332405,6672,-4.8620987
102.42736111115093,18.68736111110182,6673,-6.1995687
102.7970833333732,18.467638888879566,6674,-6.524119
102.85513888892876,18.550138888879577,6675,-6.436303
102.81319444448431,18.592916666657363,6676,-5.223999
102.7970833333732,18.42041666665734,6677,-4.3542576
102.43319444448426,18.60736111110181,6678,-4.3882174
102.4604166667065,18.540694444435132,6679,-6.4948583
102.89458333337322,18.553194444435135,6680,-3.655978
102.72791666670652,18.43513888887956,6681,-5.965114
102.61652777781762,18.578749999990695,6682,4.2590065
102.63486111115095,18.459027777768455,6683,10.832127
102.59986111115096,18.72569444443516,6684,-6.4440975
102.8259722222621,18.65680555554626,6685,-6.631256
102.85152777781765,18.670972222212928,6686,0.7370881
102.48625000003982,18.678749999990707,6687,-5.758379
102.88069444448432,18.672361111101818,6688,-5.362405
102.74291666670652,18.617638888879586,6689,-5.308347
102.77625000003987,18.47069444443512,6690,-7.588609
102.67208333337318,18.566805555546246,6691,10.761923
102.43041666670648,18.504861111101793,6692,2.9440355
102.81652777781765,18.757916666657387,6693,-4.9538097
102.46430555559537,18.405972222212892,6694,-5.6426196
102.49430555559537,18.637361111101814,6695,-6.2311797
102.59791666670651,18.768194444435164,6696,-6.1334486
102.79652777781764,18.597916666657362,6697,-6.2116923
102.73708333337319,18.43680555554623,6698,-2.6762168
102.4801388889287,18.7076388888796,6699,-6.3009887
102.43569444448426,18.641249999990702,6700,-5.7127366
102.74180555559542,18.41763888887956,6701,1.5266439
102.54625000003983,18.583749999990694,6702,15.228666
102.77236111115097,18.689027777768487,6703,-2.5831108
102.75013888892875,18.50402777776846,6704,-1.3898802
102.75263888892876,18.43152777776845,6705,-7.1707087
102.63625000003985,18.485694444435126,6706,11.84834
102.83736111115098,18.524305555546242,6707,-6.5161133
102.56847222226206,18.662361111101816,6708,-4.856986
102.71458333337318,18.387083333324,6709,-6.142269
102.55875000003984,18.659027777768483,6710,10.561252
102.68791666670651,18.38819444443511,6711,-6.7097287
102.61041666670651,18.769861111101832,6712,-6.6449327
102.54069444448427,18.490972222212903,6713,-5.9346585
102.87402777781766,18.433472222212895,6714,-6.1884637
102.41958333337315,18.506249999990683,6715,-3.4390938
102.83791666670653,18.634861111101813,6716,-3.090298
102.50013888892872,18.63152777776848,6717,-5.5760946
102.42041666670649,18.636805555546257,6718,-6.903957
102.88152777781765,18.429861111101783,6719,-4.8512135
102.82375000003987,18.498194444435125,6720,-7.114569
102.89791666670655,18.43541666665734,6721,13.992632
102.60486111115095,18.41902777776845,6722,-3.875374
102.90069444448433,18.536249999990687,6723,8.546349
102.6281944444843,18.64041666665737,6724,4.3528614
102.60763888892873,18.686249999990707,6725,-5.9247165
102.51486111115094,18.61736111110181,6726,-5.4679666
102.49125000003983,18.457361111101786,6727,-2.0754576
102.82625000003988,18.42930555554623,6728,-5.7272744
102.75486111115097,18.405972222212892,6729,-6.2272
102.66236111115096,18.76374999999072,6730,-6.2448845
102.8559722222621,18.49902777776846,6731,-5.346754
102.57069444448427,18.763194444435165,6732,-6.351961
102.87986111115099,18.52208333332402,6733,-7.0090556
102.61291666670651,18.398194444435113,6734,-0.4276042
102.84680555559542,18.5573611111018,6735,-6.8770285
102.85125000003987,18.673749999990708,6736,-4.715776
102.45680555559538,18.512361111101796,6737,-4.6106553
102.65402777781763,18.450416666657343,6738,10.625791
102.55763888892872,18.42263888887956,6739,-5.384666
102.52875000003984,18.64902777776848,6740,3.2374065
102.5654166667065,18.535138888879576,6741,8.834031
102.79736111115098,18.575694444435136,6742,-4.89667
102.62902777781763,18.747916666657385,6743,5.433471
102.85319444448432,18.522916666657352,6744,-5.277136
102.88125000003988,18.636527777768478,6745,-3.8148234
102.43152777781759,18.708194444435158,6746,-6.9174047
102.42319444448425,18.479305555546237,6747,5.649161
102.6093055555954,18.47736111110179,6748,8.493422
102.60847222226207,18.525138888879574,6749,11.308466
102.77680555559542,18.58013888887958,6750,-7.1909895
102.47041666670648,18.413194444435113,6751,-5.5740175
102.48875000003983,18.392916666657335,6752,-3.572374
102.52819444448427,18.715972222212937,6753,-3.7826316
102.65791666670651,18.719027777768492,6754,0.8441704
102.62125000003984,18.730138888879605,6755,-5.9439197
102.78486111115097,18.53208333332402,6756,-5.700629
102.7620833333732,18.700694444435154,6757,8.364027
102.869861111151,18.7051388888796,6758,-6.5310535
102.90152777781766,18.404305555546223,6759,-4.7126265
102.6581944444843,18.695416666657376,6760,-4.281596
102.84791666670654,18.475416666657345,6761,-7.303419
102.89486111115099,18.655972222212927,6762,-6.040163
102.61541666670651,18.458472222212897,6763,9.057175
102.62458333337318,18.628472222212924,6764,-4.5728226
102.57513888892872,18.72708333332405,6765,-5.5383096
102.7195833333732,18.567638888879582,6766,1.2055124
102.71458333337318,18.456527777768454,6767,-7.1313653
102.83652777781765,18.56513888887958,6768,-7.9091234
102.63263888892874,18.751527777768494,6769,-4.960158
102.69902777781763,18.409027777768447,6770,-4.735024
102.55486111115094,18.65180555554626,6771,-3.8758194
102.42208333337315,18.462916666657343,6772,-2.0509326
102.59847222226206,18.645972222212926,6773,7.558502
102.58541666670651,18.497361111101792,6774,10.743573
102.82430555559543,18.416805555546226,6775,-6.8510003
102.55263888892873,18.392083333324,6776,-2.088703
102.6193055555954,18.757916666657387,6777,-6.083386
102.84986111115099,18.40347222221289,6778,-5.310228
102.83652777781765,18.448749999990675,6779,-5.3798113
102.55569444448427,18.752916666657384,6780,-1.5374552
102.75597222226209,18.40097222221289,6781,-1.8876562
102.45375000003982,18.532916666657353,6782,-4.8310046
102.81208333337321,18.519583333324018,6783,-6.1891303
102.71513888892875,18.6137499999907,6784,-6.8825755
102.90652777781766,18.640972222212923,6785,-4.5793705
102.45791666670648,18.559027777768467,6786,9.628989
102.75180555559541,18.503194444435128,6787,-4.517684
102.68652777781763,18.617638888879586,6788,5.089411
102.43375000003982,18.765416666657387,6789,-6.9533534
102.6518055555954,18.49624999999068,6790,-5.351033
102.872361111151,18.654583333324037,6791,-6.42116
102.60069444448429,18.491249999990682,6792,7.3471026
102.85152777781765,18.422916666657336,6793,-6.7890196
102.52486111115094,18.582638888879583,6794,-6.5923586
102.65513888892873,18.539305555546242,6795,10.897724
102.80986111115098,18.478194444435125,6796,-3.7302134
102.54069444448427,18.554305555546247,6797,-5.0525155
102.83819444448432,18.7665277777685,6798,-6.7248178
102.79736111115098,18.5298611111018,6799,-6.4755754
102.90291666670655,18.617083333324032,6800,-5.532956
102.83819444448432,18.53708333332402,6801,-3.6028616
102.44180555559538,18.47069444443512,6802,-4.509024
102.89763888892877,18.624583333324033,6803,-6.54172
102.6243055555954,18.64930555554626,6804,8.429897
102.84375000003988,18.50541666665735,6805,-6.455339
102.78236111115098,18.717361111101823,6806,-6.9091406
102.66875000003985,18.737916666657384,6807,-5.0691943
102.6468055555954,18.51152777776846,6808,10.630701
102.64763888892874,18.74236111110183,6809,2.5704758
102.67513888892874,18.702083333324044,6810,-3.6176548
102.49597222226205,18.395416666657333,6811,-2.8973837
102.45097222226204,18.604305555546254,6812,-5.5462847
102.85763888892876,18.42152777776845,6813,-6.687453
102.42430555559537,18.6387499999907,6814,-1.34074
102.71652777781763,18.44680555554623,6815,1.722546
102.64458333337318,18.720138888879603,6816,-4.237751
102.74180555559542,18.699305555546267,6817,-3.5933857
102.4226388889287,18.65680555554626,6818,-4.4880257
102.45208333337315,18.73708333332405,6819,-2.2350678
102.66569444448429,18.45708333332401,6820,6.351919
102.5415277778176,18.408194444435114,6821,9.644961
102.50430555559538,18.524305555546242,6822,-3.2466562
102.62291666670652,18.628472222212924,6823,-0.2687877
102.66736111115097,18.716249999990712,6824,-4.12988
102.50097222226205,18.567083333324025,6825,13.652294
102.5040277778176,18.575138888879582,6826,5.8335776
102.4890277778176,18.48152777776846,6827,-0.19055268
102.7206944444843,18.566249999990692,6828,6.6535573
102.4515277778176,18.475416666657345,6829,-5.2630563
102.8634722222621,18.64291666665737,6830,8.086987
102.74125000003986,18.766805555546277,6831,-6.386696
102.4879166667065,18.713749999990714,6832,-7.566251
102.57152777781761,18.679305555546264,6833,-5.682051
102.5779166667065,18.71541666665738,6834,-6.231423
102.57208333337317,18.635972222212924,6835,7.4477367
102.81541666670654,18.58958333332403,6836,-5.666335
102.8170833333732,18.563472222212912,6837,-6.5174
102.66708333337318,18.507361111101794,6838,10.583231
102.57097222226206,18.434583333324007,6839,-5.931369
102.71986111115096,18.499861111101794,6840,-5.5046782
102.42819444448426,18.711249999990713,6841,-6.946286
102.87402777781766,18.63291666665737,6842,-4.7517776
102.50263888892871,18.471527777768458,6843,-4.405766
102.60125000003984,18.627083333324034,6844,-5.689325
102.80569444448432,18.711805555546267,6845,-5.312393
102.89819444448433,18.483194444435124,6846,-7.1488237
102.57875000003983,18.729861111101826,6847,18.00257
102.75291666670653,18.637083333324036,6848,-0.042701047
102.51013888892872,18.474305555546234,6849,9.112384
102.42319444448425,18.739861111101828,6850,-6.8121886
102.72486111115097,18.471805555546233,6851,-6.597639
102.81986111115098,18.536805555546245,6852,-6.325055
102.49375000003982,18.753749999990717,6853,-2.6479945
102.6329166667065,18.629583333324035,6854,-3.9046588
102.78402777781764,18.412083333324002,6855,-5.637719
102.66708333337318,18.499861111101794,6856,9.699028
102.58319444448428,18.765694444435166,6857,-1.8159127
102.44125000003982,18.474027777768455,6858,-2.3315568
102.43152777781759,18.416249999990672,6859,-3.8755455
102.45347222226204,18.656249999990706,6860,-5.9480743
102.44180555559538,18.487083333324016,6861,-3.3403351
102.88958333337321,18.390416666657334,6862,-5.329157
102.53375000003983,18.448749999990675,6863,10.1557865
102.89069444448432,18.605138888879587,6864,1.9752804
102.69958333337318,18.58819444443514,6865,9.846406
102.49347222226204,18.572083333324027,6866,-4.8166323
102.59736111115095,18.564861111101802,6867,-5.063712
102.57847222226206,18.409027777768447,6868,1.8305529
102.6193055555954,18.684027777768485,6869,-4.596186
102.44486111115093,18.734027777768492,6870,-6.0258846
102.79986111115097,18.397916666657334,6871,-7.514776
102.82180555559543,18.661249999990705,6872,-6.7893476
102.8384722222621,18.714861111101825,6873,-6.111853
102.6093055555954,18.42763888887956,6874,-4.5069866
102.50458333337316,18.679027777768486,6875,-5.6354895
102.64625000003984,18.631805555546258,6876,6.1480727
102.88902777781766,18.60736111110181,6877,-4.282094
102.41625000003981,18.720138888879603,6878,-6.1432195
102.71013888892874,18.59680555554625,6879,-3.7775602
102.4740277778176,18.516527777768463,6880,-4.7030973
102.67625000003986,18.390416666657334,6881,-6.362236
102.6431944444843,18.752916666657384,6882,-2.6519198
102.46069444448426,18.534305555546243,6883,-1.553494
102.58625000003984,18.694305555546265,6884,-4.8122354
102.42041666670649,18.738194444435162,6885,-6.9235134
102.43180555559537,18.41236111110178,6886,0.277257
102.54819444448428,18.557083333324023,6887,10.583231
102.54736111115095,18.5298611111018,6888,-5.4506965
102.41847222226204,18.54097222221291,6889,-4.8827195
102.63486111115095,18.576805555546247,6890,11.890388
102.50930555559538,18.72180555554627,6891,-3.4735339
102.43125000003981,18.560138888879578,6892,-4.019241
102.55097222226206,18.509583333324017,6893,-5.8989987
102.54041666670649,18.45958333332401,6894,-4.667723
102.52180555559538,18.549305555546244,6895,-5.2294745
102.55236111115094,18.751527777768494,6896,-6.448658
102.48625000003982,18.551805555546245,6897,-5.354112
102.4265277778176,18.518472222212907,6898,-1.9539756
102.82291666670653,18.573749999990692,6899,-6.8366294
102.85069444448432,18.418194444435116,6900,-0.8774588
102.60763888892873,18.603194444435143,6901,10.188577
102.69875000003985,18.43902777776845,6902,-4.62833
102.66569444448429,18.616805555546254,6903,11.111299
102.54680555559538,18.677916666657374,6904,11.297884
102.82375000003987,18.70041666665738,6905,-5.55551
102.67625000003986,18.629027777768478,6906,9.661578
102.51208333337316,18.4859722222129,6907,-5.045088
102.66791666670652,18.73930555554627,6908,-6.895225
102.56847222226206,18.536249999990687,6909,11.36971
102.69347222226207,18.577361111101805,6910,8.301428
102.46625000003982,18.642083333324035,6911,-5.509819
102.82486111115098,18.651527777768482,6912,-5.9844728
102.59652777781761,18.597361111101808,6913,-5.404248
102.44708333337316,18.482916666657346,6914,-5.433811
102.70986111115097,18.423472222212894,6915,-6.248293
102.7606944444843,18.65680555554626,6916,-5.5781755
102.54958333337316,18.424861111101784,6917,-1.3942462
102.77430555559542,18.625694444435144,6918,-5.879878
102.8609722222621,18.409305555546226,6919,-5.021041
102.44819444448426,18.410694444435116,6920,0.9906382
102.45041666670649,18.661527777768484,6921,-6.37758
102.4790277778176,18.40986111110178,6922,9.2310915
102.6706944444843,18.720416666657382,6923,-5.7453465
102.65013888892874,18.48736111110179,6924,9.393647
102.77041666670652,18.45486111110179,6925,-5.1261706
102.87791666670654,18.68958333332404,6926,-3.465116
102.45708333337315,18.672638888879597,6927,-6.160307
102.75875000003987,18.659027777768483,6928,-3.244334
102.89625000003988,18.549305555546244,6929,-6.920838
102.72652777781764,18.63513888887959,6930,-4.3865623
102.77569444448432,18.630416666657368,6931,-6.522947
102.61263888892873,18.72819444443516,6932,-6.2669415
102.79097222226208,18.675138888879594,6933,-3.2250028
102.69958333337318,18.560416666657357,6934,9.266126
102.52597222226206,18.469305555546235,6935,-5.453964
102.62763888892873,18.46208333332401,6936,9.152485
102.90569444448433,18.630416666657368,6937,-6.8963227
102.88791666670654,18.66708333332404,6938,-6.145597
102.42208333337315,18.507083333324015,6939,-3.3401473
102.67541666670651,18.443749999990676,6940,-4.9947762
102.64097222226206,18.637916666657368,6941,8.897946
102.5793055555954,18.49486111110179,6942,6.2484713
102.50458333337316,18.650138888879592,6943,-6.2783427
102.43652777781759,18.715694444435158,6944,-3.8715403
102.75986111115097,18.470138888879568,6945,-4.489003
102.61847222226207,18.542638888879576,6946,6.12776
102.59763888892873,18.409027777768447,6947,-3.676016
102.68347222226207,18.51180555554624,6948,9.697193
102.6243055555954,18.674027777768487,6949,8.748007
102.46819444448427,18.67958333332404,6950,-7.5637703
102.6543055555954,18.756249999990718,6951,-5.327463
102.53097222226205,18.731527777768495,6952,17.088316
102.59013888892872,18.66458333332404,6953,-5.7614417
102.57680555559539,18.56541666665736,6954,9.611528
102.69625000003985,18.471805555546233,6955,-2.2313385
102.64152777781763,18.560416666657357,6956,0.95337665
102.63375000003984,18.406805555546224,6957,-5.3644176
102.73736111115097,18.449861111101786,6958,-3.6406176
102.69319444448429,18.763194444435165,6959,-1.3469218
102.6568055555954,18.554305555546247,6960,-2.772483
102.44236111115093,18.546527777768468,6961,-5.2773147
102.50819444448427,18.729027777768493,6962,-5.2267847
102.83791666670653,18.610694444435143,6963,-6.6373463
102.70875000003986,18.53597222221291,6964,6.1277876
102.52597222226206,18.44819444443512,6965,-5.803182
102.4965277778176,18.716249999990712,6966,-6.4201145
102.80263888892875,18.454027777768452,6967,-6.9915814
102.72763888892875,18.745416666657384,6968,-5.2960167
102.57847222226206,18.39736111110178,6969,-5.1735597
102.69847222226207,18.555694444435133,6970,2.0038142
102.44041666670648,18.764027777768497,6971,-0.3953802
102.63625000003985,18.74041666665738,6972,-1.1748234
102.80569444448432,18.46208333332401,6973,-3.6555002
102.57069444448427,18.67986111110182,6974,-5.560933
102.62541666670651,18.48513888887957,6975,11.818238
102.48375000003982,18.705416666657378,6976,-5.7074113
102.52013888892871,18.71652777776849,6977,-1.7027729
102.68986111115096,18.66458333332404,6978,-5.1548796
102.4376388889287,18.580972222212917,6979,-5.9420276
102.50236111115093,18.7665277777685,6980,-5.4661508
102.48680555559538,18.410694444435116,6981,6.2748365
102.77486111115097,18.415416666657336,6982,-0.2831394
102.48625000003982,18.450416666657343,6983,18.22419
102.46597222226204,18.59180555554625,6984,-6.1982946
102.81847222226209,18.699305555546267,6985,-6.1374717
102.63708333337318,18.439861111101784,6986,-4.546053
102.5793055555954,18.448472222212896,6987,-1.697284
102.52013888892871,18.549305555546244,6988,2.6692066
102.68763888892875,18.755138888879607,6989,-7.7538977
102.75652777781764,18.712083333324045,6990,-4.639739
102.79569444448431,18.678194444435153,6991,-5.9685616
102.70763888892874,18.71152777776849,6992,-7.2329803
102.68736111115096,18.44402777776845,6993,-7.426249
102.88847222226211,18.627916666657367,6994,-5.9485464
102.66958333337318,18.5298611111018,6995,6.1482706
102.4690277778176,18.559027777768467,6996,-3.0415125
102.75791666670654,18.587638888879585,6997,-5.99725
102.4904166667065,18.674027777768487,6998,-6.131301
102.88847222226211,18.457361111101786,6999,-6.57914
102.47375000003983,18.44430555554623,7000,-1.9538083
102.79152777781765,18.55458333332402,7001,-5.7942967
102.65069444448429,18.498749999990682,7002,6.841478
102.5929166667065,18.648749999990702,7003,-5.5380716
102.72263888892874,18.4734722222129,7004,-5.3084874
102.58513888892873,18.563472222212912,7005,-6.012904
102.70180555559541,18.485416666657347,7006,-7.223787
102.87958333337322,18.575972222212915,7007,-5.623505
102.46486111115094,18.525416666657353,7008,-3.4972162
102.77097222226209,18.452638888879566,7009,-1.8570106
102.76319444448431,18.630416666657368,7010,-6.521416
102.87013888892876,18.56513888887958,7011,-7.033061
102.62097222226207,18.696805555546266,7012,-5.694826
102.65513888892873,18.70902777776849,7013,-5.3255887
102.67402777781763,18.424305555546226,7014,-0.39593104
102.87541666670654,18.73180555554627,7015,-7.6822114
102.6831944444843,18.618472222212922,7016,11.208937
102.62736111115096,18.63902777776848,7017,-4.816677
102.43375000003982,18.618194444435144,7018,6.1438727
102.53486111115095,18.673749999990708,7019,7.853202
102.75902777781764,18.555416666657358,7020,7.608286
102.52069444448428,18.690694444435152,7021,7.751503
102.63625000003985,18.717638888879602,7022,-5.9702997
102.57569444448428,18.602916666657364,7023,10.815032
102.73680555559541,18.53847222221291,7024,0.3059956
102.52458333337316,18.657361111101817,7025,-5.0032754
102.8320833333732,18.568194444435136,7026,-6.737866
102.76291666670653,18.606805555546252,7027,-7.404193
102.5779166667065,18.45208333332401,7028,-4.5255594
102.55819444448427,18.55624999999069,7029,10.251097
102.52847222226205,18.392361111101778,7030,-4.0326176
102.43458333337315,18.739027777768495,7031,-4.7074285
102.47458333337316,18.43152777776845,7032,9.527178
102.85375000003988,18.55458333332402,7033,-6.627858
102.8709722222621,18.617638888879586,7034,-4.7445455
102.5415277778176,18.664027777768485,7035,9.573302
102.67763888892874,18.389583333324,7036,-5.043422
102.53236111115095,18.751805555546273,7037,-5.7622743
102.58902777781762,18.490972222212903,7038,6.1279736
102.85791666670654,18.58319444443514,7039,-5.505113
102.80402777781765,18.636527777768478,7040,-3.972964
102.78152777781764,18.70902777776849,7041,-5.5674524
102.42819444448426,18.459305555546234,7042,-3.6749241
102.62597222226206,18.445138888879562,7043,-6.5195823
102.60513888892874,18.402916666657337,7044,-3.9018288
102.66041666670651,18.429861111101783,7045,-6.071476
102.72402777781764,18.58319444443514,7046,7.7520785
102.79069444448432,18.477638888879568,7047,-6.4251947
102.6393055555954,18.558472222212913,7048,12.001614
102.77041666670652,18.559305555546246,7049,-6.8488364
102.52819444448427,18.676805555546263,7050,11.231926
102.83513888892877,18.530416666657352,7051,-4.1697507
102.80236111115099,18.58930555554625,7052,-3.5484996
102.57986111115095,18.72597222221294,7053,-4.6141624
102.51263888892872,18.75986111110183,7054,7.853202
102.54513888892872,18.718749999990713,7055,-5.727874
102.56652777781761,18.70791666665738,7056,7.5581493
102.6668055555954,18.387083333324,7057,-6.933876
102.46847222226204,18.68874999999071,7058,-6.2532697
102.85902777781766,18.43402777776845,7059,-5.044274
102.82958333337321,18.677638888879596,7060,-6.9250345
102.76569444448431,18.751527777768494,7061,-6.118441
102.72791666670652,18.585138888879584,7062,8.780474
102.43569444448426,18.510138888879574,7063,8.49323
102.83763888892877,18.475416666657345,7064,-6.259497
102.76958333337319,18.475972222212903,7065,-6.6830664
102.72347222226207,18.527916666657354,7066,10.209338
102.90486111115099,18.75847222221294,7067,-5.092617
102.55902777781762,18.55347222221291,7068,10.797641
102.53208333337317,18.47874999999068,7069,0.49635515
102.5579166667065,18.720694444435157,7070,-4.461751
102.52541666670649,18.495694444435127,7071,-6.179766
102.90680555559544,18.668749999990705,7072,-3.9041734
102.52736111115094,18.472916666657344,7073,-1.7293773
102.50069444448427,18.42736111110178,7074,7.24708
102.7106944444843,18.550416666657355,7075,7.853202
102.50513888892871,18.54763888887958,7076,-0.24936791
102.85680555559543,18.43513888887956,7077,-5.447439
102.49236111115094,18.75874999999072,7078,-5.8982253
102.51291666670649,18.45569444443512,7079,3.078218
102.57263888892872,18.729305555546272,7080,-5.472191
102.5329166667065,18.65930555554626,7081,10.012686
102.73013888892875,18.597638888879587,7082,-0.38493043
102.48569444448427,18.489861111101792,7083,-4.1181736
102.50125000003983,18.537638888879577,7084,-4.150563
102.52958333337317,18.63902777776848,7085,10.881723
102.5329166667065,18.619305555546255,7086,8.898055
102.54347222226205,18.4859722222129,7087,-5.684814
102.7745833333732,18.68736111110182,7088,-4.419342
102.42041666670649,18.43680555554623,7089,-4.507028
102.88041666670655,18.65541666665737,7090,-7.507824
102.44180555559538,18.52930555554624,7091,-2.177394
102.83625000003987,18.481805555546234,7092,-5.4814157
102.71652777781763,18.704861111101824,7093,-6.2890544
102.78652777781764,18.708194444435158,7094,-2.7643807
102.50763888892871,18.53874999999069,7095,-5.8668804
102.5643055555954,18.616805555546254,7096,10.881723
102.86375000003987,18.395416666657333,7097,-6.0805154
102.65347222226207,18.502361111101795,7098,12.197007
102.70375000003986,18.57930555554625,7099,8.310504
102.65625000003985,18.43513888887956,7100,-5.1685796
102.4390277778176,18.52708333332402,7101,-2.1035068
102.43736111115093,18.76013888887961,7102,-6.653574
102.7345833333732,18.610416666657365,7103,-5.803661
102.62708333337318,18.47874999999068,7104,10.592361
102.45236111115094,18.652916666657372,7105,3.2476013
102.74652777781763,18.50291666665735,7106,-6.1742873
102.56819444448428,18.754027777768496,7107,-6.2273192
102.58763888892872,18.456527777768454,7108,-0.84154266
102.85958333337321,18.49013888887957,7109,-7.0380163
102.77736111115098,18.47208333332401,7110,-7.290998
102.90402777781766,18.452638888879566,7111,-6.9136477
102.81791666670654,18.483749999990682,7112,-5.6213098
102.4401388889287,18.618749999990698,7113,-3.8145783
102.49847222226205,18.579861111101806,7114,-2.7390857
102.58569444448428,18.652083333324036,7115,-5.2909565
102.7281944444843,18.669861111101817,7116,9.015738
102.74263888892875,18.515972222212906,7117,0.5681485
102.50819444448427,18.72819444443516,7118,-4.345686
102.62763888892873,18.58902777776847,7119,2.6227229
102.8384722222621,18.528749999990687,7120,-7.0755987
102.7570833333732,18.519027777768464,7121,-6.56531
102.87763888892877,18.41402777776845,7122,-7.4135246
102.84152777781765,18.636527777768478,7123,-6.798305
102.53180555559538,18.39624999999067,7124,-4.5068383
102.5704166667065,18.554027777768468,7125,11.980336
102.82013888892877,18.725138888879602,7126,-6.3544664
102.62902777781763,18.7665277777685,7127,-5.982666
102.52236111115094,18.490972222212903,7128,-3.8497283
102.78180555559543,18.460416666657345,7129,-5.023438
102.70708333337319,18.48652777776846,7130,-7.8857613
102.62291666670652,18.745138888879605,7131,-4.167141
102.57430555559539,18.554305555546247,7132,12.188312
102.89402777781766,18.76124999999072,7133,-4.9120617
102.48097222226204,18.43541666665734,7134,-4.2858076
102.83819444448432,18.500694444435126,7135,-4.7278643
102.79263888892875,18.497361111101792,7136,-4.7399125
102.80375000003987,18.711805555546267,7137,-5.070437
102.89263888892877,18.56124999999069,7138,-6.6862025
102.71236111115097,18.744027777768494,7139,-6.1387677
102.43625000003982,18.66430555554626,7140,-5.9776163
102.86708333337322,18.630694444435147,7141,-4.16372
102.58319444448428,18.43819444443512,7142,-3.6409705
102.5604166667065,18.60986111110181,7143,12.441565
102.89208333337321,18.63513888887959,7144,-6.8963227
102.58708333337317,18.49013888887957,7145,10.338108
102.70958333337319,18.599027777768473,7146,-5.7848797
102.8145833333732,18.57263888887958,7147,-2.3090022
102.53375000003983,18.702083333324044,7148,5.44758
102.54986111115095,18.51569444443513,7149,-0.20473777
102.90319444448433,18.61986111110181,7150,-7.146831
102.68208333337319,18.595138888879585,7151,11.890388
102.47763888892871,18.466527777768455,7152,-4.063546
102.75208333337319,18.493194444435126,7153,2.4263673
102.52708333337316,18.671249999990707,7154,6.916767
102.81680555559542,18.745972222212938,7155,-6.4943337
102.63208333337317,18.596527777768475,7156,1.6173264
102.62569444448428,18.65708333332404,7157,3.1452198
102.62069444448429,18.409027777768447,7158,-5.871186
102.45541666670648,18.433749999990674,7159,-0.76176393
102.47958333337316,18.671249999990707,7160,-5.0974216
102.60458333337317,18.757916666657387,7161,-6.389597
102.90152777781766,18.660416666657373,7162,-6.5672216
102.81263888892876,18.44041666665734,7163,-4.0597625
102.83930555559543,18.424861111101784,7164,-7.377322
102.78430555559542,18.490972222212903,7165,-3.3137243
102.47680555559538,18.550694444435134,7166,-5.5138836
102.75041666670653,18.446527777768452,7167,-6.5223775
102.78986111115098,18.582361111101804,7168,-3.850235
102.72791666670652,18.70152777776849,7169,-4.5592093
102.8984722222621,18.446249999990673,7170,-4.8066063
102.8584722222621,18.522916666657352,7171,-6.649009
102.4201388889287,18.647361111101816,7172,-5.447813
102.45097222226204,18.58791666665736,7173,-4.965866
102.50569444448428,18.7051388888796,7174,-4.969035
102.44541666670648,18.45486111110179,7175,13.594201
102.7056944444843,18.48736111110179,7176,-7.1188617
102.61625000003984,18.400416666657335,7177,-4.6957774
102.87180555559543,18.524027777768463,7178,-6.9142637
102.5643055555954,18.678194444435153,7179,4.1352396
102.81847222226209,18.64180555554626,7180,-4.9300504
102.77375000003987,18.722638888879604,7181,-3.52221
102.59736111115095,18.722083333324047,7182,-6.319233
102.72847222226208,18.525972222212907,7183,-5.522631
102.51069444448427,18.66708333332404,7184,-5.041618
102.83097222226209,18.729305555546272,7185,-7.0289254
102.4879166667065,18.42402777776845,7186,5.718371
102.4990277778176,18.49902777776846,7187,-4.1983438
102.4754166667065,18.560138888879578,7188,-5.179009
102.65263888892873,18.645138888879593,7189,-6.651476
102.49597222226205,18.59986111110181,7190,7.340987
102.5040277778176,18.42902777776845,7191,8.834031
102.7870833333732,18.486805555546237,7192,-7.250586
102.43875000003982,18.6212499999907,7193,-0.9424279
102.4665277778176,18.722361111101826,7194,-5.91256
102.68125000003985,18.55874999999069,7195,10.220325
102.90625000003989,18.597361111101808,7196,-6.5318522
102.53402777781761,18.56902777776847,7197,-5.820665
102.53597222226205,18.54874999999069,7198,-6.2141094
102.5265277778176,18.557083333324023,7199,-6.7372274
102.49763888892872,18.533749999990686,7200,-5.36466
102.5643055555954,18.686805555546265,7201,5.4408445
102.79930555559542,18.706805555546268,7202,-6.9358826
102.75847222226209,18.633472222212923,7203,-5.716992
102.77847222226208,18.58152777776847,7204,-6.1158013
102.84569444448432,18.57541666665736,7205,-1.0352681
102.73680555559541,18.516249999990684,7206,-6.674461
102.68902777781763,18.645694444435147,7207,8.614335
102.44541666670648,18.738194444435162,7208,-5.893316
102.6118055555954,18.641249999990702,7209,-0.42810878
102.42041666670649,18.600694444435142,7210,-3.7825084
102.85291666670655,18.438749999990673,7211,-7.65552
102.43625000003982,18.64791666665737,7212,1.6436411
102.61347222226206,18.53069444443513,7213,8.951814
102.44791666670649,18.558194444435134,7214,-4.5460167
102.4526388889287,18.713749999990714,7215,-6.827163
102.54958333337316,18.42124999999067,7216,-2.9665866
102.53652777781761,18.60708333332403,7217,-4.8921056
102.60708333337317,18.737361111101826,7218,-5.6715913
102.49347222226204,18.546805555546246,7219,12.797371
102.67625000003986,18.617916666657365,7220,9.011383
102.87902777781765,18.464027777768454,7221,-7.1779237
102.55125000003983,18.7051388888796,7222,-6.7188716
102.67041666670652,18.68069444443515,7223,-6.943958
102.5643055555954,18.685694444435153,7224,2.8081007
102.71986111115096,18.747361111101828,7225,-5.1343093
102.45319444448427,18.522361111101798,7226,-4.6237154
102.66319444448429,18.48736111110179,7227,8.7005
102.58930555559539,18.744027777768494,7228,-5.85464
102.79319444448431,18.420694444435114,7229,-1.6580054
102.58652777781762,18.490694444435125,7230,10.392176
102.76263888892875,18.41124999999067,7231,-4.7963495
102.5729166667065,18.495972222212902,7232,2.660977
102.83736111115098,18.49763888887957,7233,-6.0990086
102.85930555559543,18.567916666657357,7234,-5.669465
102.4226388889287,18.546527777768468,7235,-0.76987606
102.6079166667065,18.708194444435158,7236,-6.25438
102.71597222226208,18.714305555546268,7237,-2.0554798
102.69763888892874,18.584583333324026,7238,10.666613
102.45569444448427,18.721527777768493,7239,-6.29664
102.4265277778176,18.488194444435123,7240,-1.2607772
102.59513888892873,18.50541666665735,7241,-7.066268
102.48430555559538,18.470138888879568,7242,-5.5870657
102.74736111115097,18.630416666657368,7243,-6.6115813
102.44347222226205,18.75597222221294,7244,-4.981479
102.47180555559538,18.60097222221292,7245,-4.386499
102.69513888892874,18.613194444435145,7246,6.507404
102.61958333337317,18.432916666657338,7247,-3.6597238
102.55069444448428,18.68347222221293,7248,-2.727345
102.48041666670649,18.751805555546273,7249,-4.7462893
102.81041666670653,18.542638888879576,7250,6.701281
102.4690277778176,18.73430555554627,7251,-6.5821853
102.5943055555954,18.670416666657374,7252,-4.657177
102.46708333337315,18.62263888887959,7253,-6.1119413
102.8859722222621,18.694861111101822,7254,-5.505571
102.45430555559537,18.443472222212897,7255,-3.083858
102.43291666670649,18.677361111101817,7256,-5.109785
102.82791666670654,18.405416666657334,7257,-6.8905144
102.7645833333732,18.625694444435144,7258,-1.2875215
102.83097222226209,18.691805555546264,7259,-6.584501
102.77541666670653,18.658749999990704,7260,-2.2798219
102.69125000003986,18.50680555554624,7261,-4.5921597
102.67625000003986,18.411805555546227,7262,-6.8188996
102.66708333337318,18.62513888887959,7263,11.681843
102.45236111115094,18.4784722222129,7264,-4.122394
102.73597222226208,18.527361111101797,7265,-7.1518426
102.80236111115099,18.42152777776845,7266,-6.2779408
102.55736111115094,18.521527777768462,7267,-1.5010966
102.869861111151,18.577083333324026,7268,-1.3552909
102.75986111115097,18.542083333324022,7269,8.310721
102.59069444448428,18.73291666665738,7270,-5.1487474
102.72652777781764,18.68736111110182,7271,-5.4713893
102.79736111115098,18.441527777768453,7272,-4.759414
102.43569444448426,18.644861111101815,7273,-5.263235
102.49347222226204,18.593749999990695,7274,-2.981782
102.50819444448427,18.419305555546227,7275,10.173269
102.77902777781765,18.53208333332402,7276,11.954201
102.52819444448427,18.500416666657348,7277,-4.2623987
102.53597222226205,18.660138888879594,7278,9.46264
102.69208333337319,18.428194444435118,7279,-6.13752
102.89763888892877,18.73180555554627,7280,-7.348444
102.48430555559538,18.637083333324036,7281,-5.419261
102.74986111115098,18.494583333324016,7282,-6.1787634
102.83986111115098,18.604305555546254,7283,-5.6891336
102.74902777781764,18.407361111101782,7284,-4.9482384
102.4590277778176,18.577361111101805,7285,-3.8145542
102.69708333337319,18.54847222221291,7286,10.086794
102.7118055555954,18.43763888887956,7287,-4.5867014
102.89763888892877,18.656249999990706,7288,-7.5849495
102.48569444448427,18.59819444443514,7289,-1.836555
102.68875000003985,18.70930555554627,7290,-6.6070538
102.82625000003988,18.473194444435123,7291,-5.778037
102.57875000003983,18.467083333324013,7292,-4.9497166
102.41736111115092,18.572083333324027,7293,7.90027
102.73680555559541,18.40513888887956,7294,-5.1185856
102.82791666670654,18.662916666657374,7295,-4.1649795
102.46847222226204,18.509583333324017,7296,-6.4641004
102.51041666670649,18.5448611111018,7297,-5.7391634
102.7706944444843,18.708194444435158,7298,8.086601
102.85513888892876,18.435694444435118,7299,-4.331294
102.60875000003985,18.449305555546232,7300,-4.9589934
102.74597222226208,18.435972222212897,7301,-6.6629887
102.90402777781766,18.56513888887958,7302,-6.556551
102.62847222226206,18.399305555546224,7303,-5.5815167
102.60819444448428,18.575694444435136,7304,-3.8162918
102.50319444448427,18.65930555554626,7305,-7.1966553
102.79097222226208,18.683194444435152,7306,-6.1031713
102.4351388889287,18.730138888879605,7307,-3.3210242
102.79847222226209,18.677361111101817,7308,-4.570064
102.57680555559539,18.39430555554622,7309,-4.7263455
102.41986111115092,18.5398611111018,7310,9.5823145
102.48569444448427,18.578749999990695,7311,-5.263164
102.77291666670654,18.503472222212906,7312,-3.4602964
102.61347222226206,18.73458333332405,7313,-5.3825707
102.56458333337316,18.44541666665734,7314,1.360311
102.72958333337318,18.68347222221293,7315,-5.6224813
102.8509722222621,18.747916666657385,7316,-2.8663943
102.60402777781762,18.517916666657353,7317,10.928977
102.67208333337318,18.745972222212938,7318,-5.196778
102.83013888892876,18.423749999990672,7319,-3.1421585
102.44930555559537,18.60486111110181,7320,-5.78632
102.4465277778176,18.58791666665736,7321,-4.0468326
102.56486111115095,18.42736111110178,7322,-3.3401666
102.62763888892873,18.595972222212918,7323,3.0765915
102.7181944444843,18.468749999990678,7324,-3.8842556
102.4890277778176,18.50263888887957,7325,-3.8141887
102.43208333337314,18.400138888879557,7326,-3.7821624
102.84486111115099,18.702361111101823,7327,-5.7078824
102.62958333337318,18.730416666657383,7328,-5.1293025
102.46875000003982,18.40624999999067,7329,-5.699866
102.79319444448431,18.76791666665739,7330,-0.2035878
102.84152777781765,18.68236111110182,7331,-4.6371064
102.5379166667065,18.722361111101826,7332,2.3831654
102.6193055555954,18.499305555546236,7333,-6.541679
102.62097222226207,18.49402777776846,7334,-5.319211
102.55347222226206,18.517361111101796,7335,-2.7541363
102.61902777781762,18.408194444435114,7336,-2.9013193
102.52458333337316,18.46208333332401,7337,-4.912616
102.42541666670648,18.49486111110179,7338,-3.659726
102.73347222226208,18.420694444435114,7339,-5.5116677
102.50236111115093,18.727916666657382,7340,-6.3747196
102.60875000003985,18.48763888887957,7341,10.620077
102.87986111115099,18.676805555546263,7342,-6.1354146
102.51125000003982,18.609583333324032,7343,-6.3889174
102.78347222226209,18.6976388888796,7344,-6.137976
102.8020833333732,18.53847222221291,7345,-5.6719785
102.50680555559538,18.7151388888796,7346,-4.268911
102.80763888892876,18.388749999990665,7347,-4.0331755
102.67097222226207,18.399861111101778,7348,-7.0522804
102.70513888892874,18.51430555554624,7349,-6.749529
102.68291666670652,18.732638888879606,7350,-3.7427003
102.79819444448431,18.39624999999067,7351,-5.4360046
102.83236111115099,18.602916666657364,7352,-3.305977
102.44625000003981,18.53208333332402,7353,-4.249775
102.80291666670654,18.40986111110178,7354,-5.7028055
102.86875000003988,18.583472222212915,7355,-7.475425
102.73680555559541,18.726249999990713,7356,-6.36727
102.5004166667065,18.66708333332404,7357,-6.1004944
102.68791666670651,18.41124999999067,7358,-5.935312
102.67430555559541,18.46486111110179,7359,-6.2942038
102.6906944444843,18.442638888879564,7360,-6.320663
102.50680555559538,18.596249999990697,7361,-6.78296
102.67347222226208,18.4709722222129,7362,9.217744
102.69902777781763,18.415416666657336,7363,-6.269103
102.86875000003988,18.729583333324047,7364,-6.5341268
102.52930555559539,18.76791666665739,7365,-5.8623934
102.84486111115099,18.729027777768493,7366,-3.9476283
102.57152777781761,18.67597222221293,7367,4.4560575
102.88875000003988,18.476249999990678,7368,9.422435
102.53402777781761,18.677083333324042,7369,9.239496
102.4415277778176,18.4609722222129,7370,-4.404629
102.63819444448428,18.57041666665736,7371,20.62839
102.5643055555954,18.444583333324008,7372,-4.6959677
102.60347222226206,18.545694444435135,7373,6.7545896
102.77291666670654,18.709583333324044,7374,-7.077888
102.61402777781763,18.60569444443514,7375,11.622124
102.59513888892873,18.73319444443516,7376,-5.21999
102.57847222226206,18.54763888887958,7377,10.324226
102.48041666670649,18.6826388888796,7378,-5.8337708
102.7206944444843,18.61513888887959,7379,-5.0652175
102.50263888892871,18.570972222212916,7380,19.074339
102.70291666670651,18.6087499999907,7381,9.350473
102.46236111115093,18.662083333324038,7382,-5.3081784
102.57680555559539,18.415416666657336,7383,-3.9686196
102.6343055555954,18.395416666657333,7384,-3.6597323
102.78152777781764,18.492916666657347,7385,-1.5867348
102.62763888892873,18.655972222212927,7386,10.365507
102.75152777781764,18.437361111101783,7387,-6.9211593
102.54319444448427,18.41124999999067,7388,-2.6469514
102.51013888892872,18.422083333324004,7389,-4.386432
102.77152777781764,18.74958333332405,7390,-5.696881
102.52819444448427,18.768472222212942,7391,-0.21354607
102.65402777781763,18.446249999990673,7392,10.251097
102.86958333337321,18.664861111101818,7393,0.33557174
102.68458333337318,18.64791666665737,7394,-3.6725712
102.88375000003988,18.717638888879602,7395,-7.165869
102.8759722222621,18.76624999999072,7396,-5.963422
102.71736111115096,18.679027777768486,7397,-1.2270539
102.48597222226205,18.54013888887958,7398,-4.273797
102.49847222226205,18.732361111101827,7399,-2.2792826
102.70791666670652,18.552638888879578,7400,13.297159
102.88291666670655,18.56541666665736,7401,-6.1329165
102.82263888892876,18.494305555546237,7402,-4.853938
102.60375000003984,18.48263888887957,7403,5.9070644
102.68263888892874,18.609305555546253,7404,11.499521
102.50375000003983,18.73430555554627,7405,20.882526
102.47236111115093,18.46374999999068,7406,-4.769151
102.66847222226207,18.588749999990696,7407,9.587803
102.8095833333732,18.43791666665734,7408,-6.3054132
102.53708333337316,18.43041666665734,7409,-4.386439
102.76736111115098,18.759305555546273,7410,-6.8288364
102.54763888892872,18.539305555546242,7411,-6.691807
102.46708333337315,18.747361111101828,7412,-7.2635117
102.85902777781766,18.731527777768495,7413,-6.2160654
102.75208333337319,18.40513888887956,7414,-3.0008104
102.8470833333732,18.69374999999071,7415,-4.355842
102.71013888892874,18.630694444435147,7416,-4.577405
102.58708333337317,18.73180555554627,7417,-4.5084467
102.51347222226205,18.720138888879603,7418,-2.9661765
102.6793055555954,18.53069444443513,7419,11.276378
102.46180555559538,18.606805555546252,7420,18.306389
102.84319444448433,18.51541666665735,7421,8.940672
102.70291666670651,18.45430555554623,7422,-6.330912
102.44819444448426,18.756249999990718,7423,-7.308858
102.59152777781762,18.416527777768447,7424,-4.361459
102.64347222226206,18.459027777768455,7425,11.418029
102.84652777781766,18.670416666657374,7426,-6.0913644
102.73736111115097,18.50791666665735,7427,-6.080358
102.6693055555954,18.653472222212926,7428,-3.398817
102.89180555559544,18.642083333324035,7429,-0.052654505
102.71680555559541,18.726527777768492,7430,-2.5318944
102.8534722222621,18.40236111110178,7431,-5.254485
102.49291666670649,18.443194444435118,7432,6.7018614
102.83902777781765,18.663749999990706,7433,-5.6408906
102.83041666670654,18.614027777768477,7434,-6.6570177
102.72208333337319,18.59708333332403,7435,8.47507
102.72680555559542,18.519583333324018,7436,-4.73109
102.75402777781764,18.74347222221294,7437,4.0378737
102.71652777781763,18.54597222221291,7438,5.717786
102.4840277778176,18.416249999990672,7439,-3.3389215
102.75013888892875,18.568472222212915,7440,-3.316906
102.73763888892874,18.727361111101825,7441,-5.292979
102.50819444448427,18.490694444435125,7442,-5.53783
102.83958333337321,18.676249999990706,7443,-5.6422133
102.89541666670655,18.712916666657378,7444,-6.5346613
102.69291666670652,18.714583333324047,7445,-4.294103
102.79847222226209,18.68847222221293,7446,-5.042185
102.42291666670648,18.477638888879568,7447,0.9517
102.47847222226204,18.73430555554627,7448,-4.462163
102.73152777781763,18.507083333324015,7449,-6.232022
102.67791666670652,18.585416666657363,7450,9.527178
102.57347222226205,18.759305555546273,7451,-4.815375
102.86291666670654,18.54097222221291,7452,-2.3992026
102.83625000003987,18.476527777768457,7453,-6.988472
102.71263888892875,18.75097222221294,7454,-5.2840376
102.79791666670654,18.67319444443515,7455,-2.3062594
102.79430555559543,18.630416666657368,7456,-5.3228617
102.41680555559537,18.511249999990685,7457,8.140883
102.43680555559537,18.695416666657376,7458,-7.077359
102.60347222226206,18.704305555546267,7459,-6.441441
102.51958333337316,18.53208333332402,7460,-1.8935392
102.50375000003983,18.739861111101828,7461,16.742832
102.88847222226211,18.502083333324016,7462,-6.143559
102.7556944444843,18.642361111101813,7463,-6.6045475
102.62763888892873,18.717638888879602,7464,-4.9124904
102.89902777781766,18.419583333324006,7465,-4.482807
102.61513888892873,18.603194444435143,7466,2.8722606
102.48180555559537,18.410694444435116,7467,7.9652953
102.79069444448432,18.755694444435164,7468,-3.768109
102.86763888892877,18.57791666665736,7469,-4.826089
102.89513888892877,18.52347222221291,7470,-6.99161
102.54708333337317,18.72541666665738,7471,-4.056575
102.81236111115098,18.640694444435148,7472,-7.237498
102.45736111115093,18.65541666665737,7473,-6.5117807
102.85791666670654,18.500416666657348,7474,-5.434478
102.71013888892874,18.652916666657372,7475,5.3112316
102.66208333337318,18.507083333324015,7476,10.468162
102.90680555559544,18.575694444435136,7477,-4.9659886
102.45347222226204,18.719861111101824,7478,-4.8903904
102.54930555559538,18.597361111101808,7479,12.757297
102.41291666670648,18.407916666657336,7480,-4.2809634
102.56763888892873,18.622916666657368,7481,2.2581515
102.66402777781762,18.399027777768445,7482,-6.9029903
102.56125000003983,18.46374999999068,7483,-5.431974
102.70236111115096,18.73069444443516,7484,-4.4599886
102.79680555559543,18.577083333324026,7485,-6.281142
102.70097222226208,18.69124999999071,7486,1.0501502
102.56958333337317,18.501249999990684,7487,5.785232
102.54708333337317,18.485694444435126,7488,-5.211028
102.41680555559537,18.711805555546267,7489,-6.5324903
102.4615277778176,18.53819444443513,7490,-4.408816
102.6856944444843,18.41097222221289,7491,-6.5163755
102.55680555559539,18.73430555554627,7492,-5.8599963
102.88319444448433,18.449305555546232,7493,-4.6125145
102.54875000003983,18.630694444435147,7494,10.012686
102.51291666670649,18.74180555554627,7495,-1.260707
102.46263888892871,18.742916666657383,7496,-6.3584666
102.57652777781762,18.533194444435132,7497,9.956441
102.66513888892874,18.579861111101806,7498,3.609917
102.61902777781762,18.525138888879574,7499,9.799112
102.64291666670651,18.471527777768458,7500,10.832127
102.78291666670653,18.442638888879564,7501,-6.256919
102.73541666670653,18.5298611111018,7502,7.3894696
102.68458333337318,18.71541666665738,7503,-1.4403211
102.6693055555954,18.751527777768494,7504,-6.7844057
102.51597222226205,18.72458333332405,7505,8.503462
102.56875000003984,18.51930555554624,7506,10.492259
102.75263888892876,18.450416666657343,7507,-5.4727507
102.67291666670651,18.44680555554623,7508,-7.85729
102.66013888892874,18.41263888887956,7509,-6.456576
102.89041666670654,18.516527777768463,7510,-6.4680066
102.56930555559539,18.686249999990707,7511,-5.978177
102.54930555559538,18.706805555546268,7512,-0.7991171
102.58541666670651,18.7151388888796,7513,-5.509181
102.4990277778176,18.513472222212908,7514,-4.880998
102.48458333337315,18.479027777768458,7515,-3.5727808
102.61958333337317,18.66319444443515,7516,11.667802
102.6643055555954,18.57041666665736,7517,12.31911
102.60847222226207,18.51541666665735,7518,20.600668
102.79791666670654,18.620138888879588,7519,-4.123513
102.90597222226211,18.628194444435145,7520,-5.572462
102.81902777781765,18.67486111110182,7521,-5.488326
102.90180555559544,18.49652777776846,7522,-5.2549577
102.61208333337318,18.726249999990713,7523,-3.3507009
102.84152777781765,18.42736111110178,7524,-6.374454
102.4651388889287,18.627361111101813,7525,-3.8530028
102.72652777781764,18.57263888887958,7526,6.1618266
102.89763888892877,18.49624999999068,7527,-4.2518606
102.66236111115096,18.719027777768492,7528,-5.852886
102.84180555559543,18.696805555546266,7529,-7.103768
102.46736111115094,18.56263888887958,7530,-4.2830505
102.78069444448431,18.515138888879573,7531,-6.444819
102.56958333337317,18.645972222212926,7532,-2.0222518
102.6043055555954,18.748749999990718,7533,-3.4264426
102.50736111115094,18.747916666657385,7534,-6.177454
102.86513888892877,18.5573611111018,7535,-7.3368254
102.54569444448428,18.75708333332405,7536,-6.85145
102.48319444448427,18.388749999990665,7537,-3.4968383
102.84208333337321,18.669305555546263,7538,-7.1212616
102.67986111115096,18.712083333324045,7539,-4.9667916
102.83319444448432,18.586249999990695,7540,-7.0425653
102.48180555559537,18.49402777776846,7541,8.0402355
102.6731944444843,18.56124999999069,7542,11.731323
102.4176388889287,18.470416666657346,7543,-5.856949
102.44069444448427,18.41263888887956,7544,13.317258
102.68097222226207,18.70124999999071,7545,-6.3967943
102.72180555559541,18.604305555546254,7546,11.518484
102.67125000003985,18.67847222221293,7547,-7.3444266
102.89041666670654,18.526527777768464,7548,-7.0441537
102.87152777781766,18.76874999999072,7549,-4.8526244
102.81069444448431,18.400694444435114,7550,-6.405737
102.64986111115095,18.501249999990684,7551,6.148326
102.44180555559538,18.66847222221293,7552,-6.7032356
102.58375000003984,18.612638888879587,7553,2.7099428
102.7620833333732,18.568749999990693,7554,-5.898139
102.51125000003982,18.502361111101795,7555,-3.340336
102.61152777781761,18.509027777768463,7556,8.692849
102.4415277778176,18.536527777768466,7557,-5.8846245
102.71875000003986,18.556805555546244,7558,8.492957
102.86041666670654,18.685694444435153,7559,-7.399456
102.67736111115096,18.62097222221292,7560,11.031256
102.60152777781762,18.765416666657387,7561,-6.947616
102.46430555559537,18.730138888879605,7562,-6.76926
102.86625000003988,18.59708333332403,7563,-5.4473605
102.5668055555954,18.566249999990692,7564,12.255848
102.62652777781763,18.485416666657347,7565,11.818357
102.86402777781765,18.644305555546257,7566,-5.1676197
102.63597222226207,18.559027777768467,7567,12.214175
102.62291666670652,18.608194444435142,7568,11.574871
102.86736111115098,18.407916666657336,7569,-6.09158
102.44902777781759,18.63152777776848,7570,-5.6839647
102.8345833333732,18.68374999999071,7571,-3.805312
102.70347222226208,18.731249999990716,7572,-1.9656731
102.89458333337322,18.723472222212937,7573,-2.3749936
102.75652777781764,18.465694444435123,7574,-6.9768205
102.88375000003988,18.722361111101826,7575,-7.097849
102.8684722222621,18.650138888879592,7576,-4.975841
102.90680555559544,18.683194444435152,7577,-3.6669538
102.78902777781765,18.441527777768453,7578,-5.404073
102.4690277778176,18.731527777768495,7579,-4.583821
102.7895833333732,18.445138888879562,7580,-4.035444
102.57263888892872,18.558194444435134,7581,9.864501
102.66152777781762,18.42902777776845,7582,-6.3053675
102.73097222226208,18.526805555546243,7583,-3.2961051
102.8384722222621,18.512361111101796,7584,-4.408779
102.85986111115099,18.420972222212892,7585,-4.7963004
102.73930555559542,18.769583333324054,7586,-4.6544876
102.6318055555954,18.46236111110179,7587,10.779942
102.4290277778176,18.660416666657373,7588,-2.3371835
102.65291666670652,18.752638888879606,7589,-1.2115217
102.42319444448425,18.398194444435113,7590,-5.316793
102.48569444448427,18.518472222212907,7591,-1.9528152
102.73930555559542,18.573472222212914,7592,3.4967132
102.63263888892874,18.610694444435143,7593,5.554708
102.72152777781764,18.557916666657356,7594,8.7005
102.55708333337317,18.559027777768467,7595,12.733475
102.65763888892873,18.70902777776849,7596,0.51640403
102.72097222226208,18.742916666657383,7597,-5.853036
102.86958333337321,18.523749999990685,7598,-7.176342
102.53013888892872,18.41263888887956,7599,-4.7438545
102.73347222226208,18.483194444435124,7600,-6.248581
102.71236111115097,18.432916666657338,7601,-6.69222
102.43402777781759,18.59319444443514,7602,-4.256508
102.8584722222621,18.402916666657337,7603,-4.731015
102.55319444448428,18.466527777768455,7604,-4.34867
102.66486111115096,18.494305555546237,7605,-6.2624445
102.82986111115099,18.65041666665737,7606,-5.9350443
102.53513888892871,18.595138888879585,7607,-5.406512
102.79763888892876,18.634583333324034,7608,-4.8921437
102.78180555559543,18.769583333324054,7609,-7.699127
102.42541666670648,18.489861111101792,7610,6.7545896
102.6354166667065,18.39597222221289,7611,-5.507222
102.76847222226209,18.468194444435124,7612,-5.860874
102.6943055555954,18.482916666657346,7613,-0.12659682
102.43736111115093,18.753194444435163,7614,-1.1104754
102.80430555559542,18.451249999990676,7615,3.2068934
102.87486111115099,18.630694444435147,7616,-7.4041796
102.54263888892872,18.76791666665739,7617,-7.034422
102.8559722222621,18.452638888879566,7618,5.048711
102.53847222226206,18.500138888879572,7619,-6.7638035
102.4226388889287,18.4609722222129,7620,-4.4433494
102.86652777781765,18.670694444435153,7621,-6.2410884
102.81652777781765,18.615416666657364,7622,-5.1937923
102.69875000003985,18.558472222212913,7623,7.6082845
102.73402777781763,18.664861111101818,7624,-2.4244971
102.88069444448432,18.612916666657366,7625,3.7035172
102.52458333337316,18.58069444443514,7626,-5.2389402
102.66208333337318,18.457638888879565,7627,11.499521
102.90652777781766,18.58680555554625,7628,-2.167004
102.56236111115095,18.593749999990695,7629,9.667759
102.69375000003986,18.59041666665736,7630,8.951814
102.65708333337318,18.39486111110178,7631,-5.9636955
102.45847222226205,18.52180555554624,7632,-5.4466977
102.84041666670655,18.389583333324,7633,-5.885967
102.45291666670649,18.747361111101828,7634,-5.7908487
102.76180555559542,18.712916666657378,7635,-6.7697926
102.62847222226206,18.46986111110179,7636,10.121885
102.87375000003988,18.710972222212934,7637,-5.4666414
102.77819444448431,18.757638888879608,7638,10.213712
102.78013888892876,18.51930555554624,7639,-7.1338644
102.51819444448427,18.52458333332402,7640,-3.8138802
102.84041666670655,18.73069444443516,7641,2.1288657
102.84236111115098,18.543749999990688,7642,8.364027
102.68541666670652,18.68347222221293,7643,1.4809428
102.54875000003983,18.489583333324013,7644,-3.0351596
102.73930555559542,18.45319444443512,7645,-2.9574635
102.8209722222621,18.420694444435114,7646,-5.2985225
102.87541666670654,18.467916666657345,7647,5.0121717
102.72097222226208,18.460138888879566,7648,-5.8617578
102.87263888892876,18.49624999999068,7649,-5.642623
102.7106944444843,18.541805555546244,7650,9.83678
102.5329166667065,18.58791666665736,7651,-5.958098
102.8759722222621,18.745694444435163,7652,-8.286101
102.49680555559539,18.59986111110181,7653,-3.8146427
102.87263888892876,18.44041666665734,7654,-6.522378
102.70097222226208,18.54763888887958,7655,5.9286056
102.45958333337315,18.65930555554626,7656,-5.655991
102.66736111115097,18.751527777768494,7657,-3.7850487
102.70680555559541,18.77013888887961,7658,-4.857678
102.56791666670651,18.40513888887956,7659,-1.2871802
102.70541666670653,18.446527777768452,7660,-6.2879586
102.65263888892873,18.51569444443513,7661,7.334863
102.79986111115097,18.677638888879596,7662,-6.4836907
102.70097222226208,18.62513888887959,7663,-5.9110417
102.54513888892872,18.413472222212892,7664,-2.6468344
102.85708333337321,18.446527777768452,7665,-6.726775
102.75736111115097,18.71541666665738,7666,-2.1880677
102.78625000003987,18.585972222212916,7667,-6.617391
102.64513888892874,18.404027777768448,7668,-6.3109884
102.75541666670652,18.482083333324013,7669,-4.251117
102.43180555559537,18.49902777776846,7670,-3.572379
102.75125000003986,18.449861111101786,7671,-6.150026
102.76847222226209,18.457916666657344,7672,-5.7397275
102.65902777781763,18.693472222212932,7673,-5.571494
102.64458333337318,18.676805555546263,7674,-5.918226
102.88180555559543,18.432083333324005,7675,-4.7716446
102.88125000003988,18.443194444435118,7676,-3.6139114
102.78902777781765,18.544305555546245,7677,6.538031
102.44097222226203,18.745416666657384,7678,-6.3503766
102.76736111115098,18.461527777768456,7679,-5.5359025
102.87041666670655,18.523749999990685,7680,-6.285017
102.58263888892873,18.708194444435158,7681,-4.9717607
102.62569444448428,18.606805555546252,7682,10.928977
102.4790277778176,18.42513888887956,7683,-3.5929053
102.74791666670653,18.59041666665736,7684,-4.10052
102.74208333337319,18.73569444443516,7685,-5.4205337
102.7959722222621,18.59708333332403,7686,-6.4005637
102.84208333337321,18.48152777776846,7687,-2.0996566
102.87069444448433,18.65930555554626,7688,-6.909469
102.88819444448433,18.4784722222129,7689,-5.0427375
102.53986111115094,18.74958333332405,7690,-5.4797463
102.46208333337316,18.76874999999072,7691,-6.8872643
102.90319444448433,18.670416666657374,7692,-5.4553366
102.75319444448431,18.49902777776846,7693,-7.4187884
102.55486111115094,18.7026388888796,7694,-6.25918
102.76736111115098,18.42124999999067,7695,-6.337116
102.80430555559542,18.661805555546263,7696,-6.6128206
102.73736111115097,18.717638888879602,7697,-2.9262757
102.73152777781763,18.530138888879577,7698,9.340411
102.62013888892874,18.669861111101817,7699,10.392176
102.89236111115099,18.465138888879565,7700,-6.4041657
102.80041666670654,18.676249999990706,7701,-7.2036147
102.8609722222621,18.61236111110181,7702,-6.8139224
102.64736111115096,18.653472222212926,7703,-5.652577
102.8709722222621,18.68124999999071,7704,-7.9663157
102.46013888892871,18.42152777776845,7705,-3.0884058
102.77541666670653,18.387083333324,7706,-4.912231
102.74236111115097,18.435972222212897,7707,-3.458843
102.7856944444843,18.701805555546265,7708,-6.5327663
102.68208333337319,18.600416666657363,7709,11.77187
102.65375000003985,18.531527777768463,7710,11.4907875
102.58875000003984,18.692916666657375,7711,-6.24833
102.82875000003988,18.67958333332404,7712,-5.8694067
102.77180555559542,18.475138888879567,7713,-5.6953063
102.5554166667065,18.712638888879603,7714,6.286169
102.71513888892875,18.616805555546254,7715,-5.9815083
102.50736111115094,18.39486111110178,7716,12.161761
102.4351388889287,18.49486111110179,7717,-1.947916
102.41541666670648,18.434861111101785,7718,-4.0651674
102.72041666670653,18.602361111101807,7719,8.251897
102.44986111115092,18.6262499999907,7720,-4.5442924
102.47569444448426,18.676249999990706,7721,-7.0337296
102.46458333337316,18.660972222212926,7722,-7.3211102
102.49680555559539,18.65180555554626,7723,-6.7385054
102.8659722222621,18.448749999990675,7724,-5.043964
102.63208333337317,18.558194444435134,7725,1.0699772
102.6293055555954,18.684027777768485,7726,5.054037
102.66986111115096,18.407638888879557,7727,-6.458076
102.66569444448429,18.4659722222129,7728,17.205528
102.61708333337317,18.630416666657368,7729,2.819011
102.84263888892876,18.605138888879587,7730,-4.2970495
102.44458333337315,18.579861111101806,7731,2.068791
102.45236111115094,18.737361111101826,7732,-3.5004177
102.70125000003985,18.567083333324025,7733,-6.05823
102.54736111115095,18.5398611111018,7734,-6.625442
102.56152777781762,18.760972222212942,7735,-5.221212
102.41875000003981,18.484305555546236,7736,-0.022160761
102.52736111115094,18.649861111101814,7737,-2.5096893
102.75625000003986,18.600138888879584,7738,-7.9117956
102.5454166667065,18.50513888887957,7739,-5.770948
102.7845833333732,18.515972222212906,7740,-5.354705
102.48375000003982,18.399305555546224,7741,-5.1316504
102.58986111115095,18.65041666665737,7742,6.5569224
102.55680555559539,18.460138888879566,7743,-5.5025473
102.65486111115096,18.42513888887956,7744,-5.329145
102.61152777781761,18.756249999990718,7745,-1.8528725
102.45680555559538,18.687638888879597,7746,-3.7254758
102.64041666670651,18.440694444435117,7747,6.1237893
102.73013888892875,18.659027777768483,7748,14.110512
102.5943055555954,18.582361111101804,7749,10.121885
102.47791666670649,18.765694444435166,7750,-2.8584042
102.66875000003985,18.730972222212937,7751,-4.891164
102.43263888892871,18.737361111101826,7752,-6.0949965
102.6143055555954,18.630694444435147,7753,10.418151
102.53652777781761,18.387083333324,7754,-3.0189788
102.81236111115098,18.661249999990705,7755,-6.980471
102.43625000003982,18.55347222221291,7756,-5.230899
102.77291666670654,18.609583333324032,7757,-7.5951447
102.52958333337317,18.539305555546242,7758,-3.2715921
102.66347222226207,18.5373611111018,7759,8.542813
102.41347222226203,18.564583333324023,7760,-1.8681973
102.82625000003988,18.600416666657363,7761,-4.319498
102.75236111115098,18.497361111101792,7762,-5.378604
102.80819444448431,18.46958333332401,7763,-5.111241
102.72375000003986,18.611805555546255,7764,-4.741732
102.83013888892876,18.47236111110179,7765,-7.998304
102.8620833333732,18.52208333332402,7766,-6.2031093
102.85208333337322,18.643472222212925,7767,-5.7745185
102.62986111115096,18.603749999990697,7768,8.577686
102.58930555559539,18.754027777768496,7769,-4.6116076
102.8859722222621,18.674305555546262,7770,-7.267941
102.71736111115096,18.527916666657354,7771,6.701367
102.58708333337317,18.391527777768445,7772,-3.569309
102.52097222226205,18.528749999990687,7773,-5.385109
102.71847222226208,18.765416666657387,7774,-5.4167266
102.87319444448433,18.43930555554623,7775,-7.022764
102.45819444448426,18.40374999999067,7776,-3.757025
102.45680555559538,18.42763888887956,7777,-1.7306938
102.89180555559544,18.72569444443516,7778,-6.287662
102.6693055555954,18.71152777776849,7779,-6.5087824
102.87541666670654,18.664861111101818,7780,-6.892489
102.45430555559537,18.526805555546243,7781,-5.0929117
102.54208333337317,18.700972222212933,7782,6.1270943
102.5704166667065,18.720972222212936,7783,-5.539827
102.65652777781763,18.4559722222129,7784,9.682586
102.68541666670652,18.47236111110179,7785,-6.496949
102.8045833333732,18.568472222212915,7786,-6.67391
102.50097222226205,18.39736111110178,7787,-3.0464098
102.70513888892874,18.75124999999072,7788,-5.0262675
102.89263888892877,18.525972222212907,7789,-6.354419
102.66763888892874,18.639583333324037,7790,-5.8122315
102.75097222226208,18.484027777768457,7791,-6.365255
102.88875000003988,18.73458333332405,7792,-6.467505
102.78625000003987,18.56902777776847,7793,1.885448
102.78486111115097,18.61513888887959,7794,-7.999511
102.89819444448433,18.675694444435152,7795,0.037886936
102.62458333337318,18.684305555546263,7796,12.124592
102.78291666670653,18.579861111101806,7797,-7.030636
102.86763888892877,18.760694444435163,7798,-4.5398574
102.79819444448431,18.483472222212903,7799,-6.889312
102.66763888892874,18.518194444435128,7800,10.220325
102.63013888892873,18.54847222221291,7801,4.0307965
102.72541666670652,18.684583333324042,7802,-5.1931243
102.69847222226207,18.45291666665734,7803,-4.5448766
102.83236111115099,18.397083333324,7804,-4.4914465
102.68263888892874,18.652916666657372,7805,-5.6434402
102.71041666670652,18.510694444435128,7806,-6.8873353
102.7920833333732,18.715694444435158,7807,-6.2267823
102.71541666670652,18.563472222212912,7808,-3.435326
102.84486111115099,18.72291666665738,7809,-6.84253
102.81402777781764,18.50680555554624,7810,-4.8205123
102.47375000003983,18.685694444435153,7811,-6.034091
102.90319444448433,18.68097222221293,7812,0.060410913
102.42208333337315,18.594583333324028,7813,-4.774831
102.58541666670651,18.46208333332401,7814,-1.4438634
102.59958333337318,18.585694444435138,7815,10.012686
102.62013888892874,18.684305555546263,7816,-5.544543
102.5004166667065,18.554305555546247,7817,-4.610735
102.54513888892872,18.726527777768492,7818,-1.9241022
102.52875000003984,18.526249999990686,7819,9.53459
102.81375000003987,18.52819444443513,7820,-2.6406305
102.79180555559542,18.456527777768454,7821,-6.605315
102.5165277778176,18.489583333324013,7822,-1.7309059
102.53319444448428,18.646249999990705,7823,4.6778517
102.87986111115099,18.648472222212927,7824,-6.762587
102.47236111115093,18.462638888879567,7825,-5.154126
102.53430555559538,18.615416666657364,7826,-5.853844
102.54208333337317,18.576805555546247,7827,-3.9803646
102.52819444448427,18.654027777768484,7828,-3.3408625
102.75236111115098,18.657361111101817,7829,-4.3829966
102.72236111115097,18.41236111110178,7830,-4.361032
102.44930555559537,18.585972222212916,7831,-5.0946693
102.68902777781763,18.490972222212903,7832,-5.595802
102.65458333337318,18.402638888879558,7833,-6.892618
102.68625000003985,18.583472222212915,7834,1.3142543
102.53125000003983,18.504583333324018,7835,-2.5098557
102.887361111151,18.588749999990696,7836,-5.0142694
102.59097222226207,18.55763888887958,7837,9.644961
102.68375000003985,18.41374999999067,7838,-5.312145
102.71402777781763,18.720416666657382,7839,-6.64937
102.86736111115098,18.74236111110183,7840,-4.0092216
102.70013888892875,18.40874999999067,7841,-1.7474151
102.51041666670649,18.482916666657346,7842,-1.5781958
102.88625000003988,18.432083333324005,7843,-5.406868
102.74652777781763,18.635416666657367,7844,-6.6793604
102.87902777781765,18.58041666665736,7845,-5.41024
102.78902777781765,18.504583333324018,7846,-6.7209163
102.72791666670652,18.58680555554625,7847,-3.939702
102.5818055555954,18.714305555546268,7848,-7.134638
102.5179166667065,18.752638888879606,7849,-4.2560053
102.68458333337318,18.55763888887958,7850,10.797641
102.74819444448431,18.677083333324042,7851,8.309929
102.56458333337316,18.574583333324025,7852,12.115882
102.79680555559543,18.713749999990714,7853,-2.28039
102.72652777781764,18.43680555554623,7854,-6.1866565
102.58902777781762,18.613194444435145,7855,-4.531216
102.88680555559543,18.564305555546248,7856,-5.801762
102.80986111115098,18.70652777776849,7857,-5.5900054
102.66375000003985,18.73180555554627,7858,-5.525439
102.66875000003985,18.605416666657366,7859,11.161308
102.79680555559543,18.701805555546265,7860,-4.708707
102.45708333337315,18.484305555546236,7861,8.706915
102.57402777781762,18.65041666665737,7862,-1.9952807
102.88125000003988,18.647083333324037,7863,-6.0453324
102.47125000003982,18.435694444435118,7864,-3.4321766
102.67625000003986,18.542083333324022,7865,11.566773
102.68708333337318,18.675138888879594,7866,-5.302079
102.55986111115095,18.70041666665738,7867,-5.382565
102.54597222226205,18.64958333332404,7868,10.012686
102.58125000003983,18.455138888879564,7869,-5.5042787
102.44180555559538,18.41152777776845,7870,-3.338702
102.65513888892873,18.642083333324035,7871,-5.798644
102.77291666670654,18.639861111101812,7872,-2.1218567
102.75375000003986,18.517638888879574,7873,-5.8351073
102.71986111115096,18.57013888887958,7874,6.537883
102.56263888892872,18.58152777776847,7875,1.5564678
102.64375000003984,18.722361111101826,7876,-7.532106
102.8259722222621,18.51319444443513,7877,-2.942541
102.44236111115093,18.74819444443516,7878,0.07129584
102.49319444448427,18.555416666657358,7879,6.8018436
102.49541666670649,18.459305555546234,7880,9.798253
102.70902777781764,18.70624999999071,7881,-4.855066
102.61458333337318,18.617083333324032,7882,7.3644843
102.81513888892876,18.456249999990675,7883,-5.5377836
102.47958333337316,18.418472222212895,7884,-6.2871532
102.79013888892875,18.477916666657347,7885,-6.7795873
102.85875000003988,18.423749999990672,7886,-7.4394984
102.73430555559541,18.65041666665737,7887,-5.7674847
102.78291666670653,18.630694444435147,7888,-5.711016
102.86680555559543,18.511249999990685,7889,-5.671254
102.69375000003986,18.510138888879574,7890,-4.3307624
102.67180555559541,18.654027777768484,7891,2.1915612
102.79819444448431,18.48874999999068,7892,-7.01184
102.42069444448425,18.643749999990703,7893,-5.524101
102.48708333337316,18.406805555546224,7894,-1.4072524
102.59763888892873,18.6087499999907,7895,-5.3398366
102.48736111115093,18.625972222212923,7896,-3.917602
102.60986111115095,18.721527777768493,7897,-6.7154946
102.50347222226205,18.62402777776848,7898,-6.310017
102.43736111115093,18.628194444435145,7899,-5.2265863
102.57152777781761,18.546527777768468,7900,1.4917703
102.59069444448428,18.76374999999072,7901,-4.593958
102.82125000003987,18.500416666657348,7902,-4.027026
102.6318055555954,18.6926388888796,7903,-6.375694
102.59125000003984,18.54847222221291,7904,20.77199
102.82013888892877,18.409305555546226,7905,-3.953889
102.7934722222621,18.67319444443515,7906,-5.0418634
102.47375000003983,18.46458333332401,7907,-5.326492
102.88069444448432,18.57152777776847,7908,-6.7693377
102.85152777781765,18.659027777768483,7909,-7.2091594
102.65541666670651,18.73958333332405,7910,-4.6478987
102.64875000003984,18.523749999990685,7911,5.537628
102.69541666670652,18.708472222212933,7912,-5.1665516
102.86152777781766,18.549583333324023,7913,-6.7281384
102.71625000003985,18.41124999999067,7914,-4.9127765
102.49236111115094,18.448749999990675,7915,-5.171468
102.42847222226204,18.765694444435166,7916,-5.413753
102.64791666670651,18.76486111110183,7917,-4.970415
102.77097222226209,18.65680555554626,7918,-6.0683045
102.86375000003987,18.65708333332404,7919,-6.349205
102.72541666670652,18.479583333324012,7920,-5.1754913
102.81847222226209,18.71041666665738,7921,-3.3303144
102.77680555559542,18.49402777776846,7922,3.511674
102.82291666670653,18.7690277777685,7923,-5.5117316
102.5554166667065,18.536805555546245,7924,9.057175
102.80736111115098,18.482083333324013,7925,-4.93584
102.75513888892876,18.56513888887958,7926,-4.649171
102.62736111115096,18.585416666657363,7927,14.310005
102.67708333337319,18.58069444443514,7928,19.878132
102.79013888892875,18.618749999990698,7929,-6.104606
102.5440277778176,18.47736111110179,7930,-5.1262937
102.87041666670655,18.633194444435144,7931,-6.996597
102.59847222226206,18.396527777768444,7932,9.057175
102.53930555559539,18.635416666657367,7933,12.421016
102.6393055555954,18.476805555546235,7934,8.7005
102.80541666670653,18.548194444435133,7935,-6.3876395
102.59569444448428,18.49791666665735,7936,9.239496
102.54597222226205,18.644861111101815,7937,10.51579
102.50513888892871,18.694305555546265,7938,-6.6018953
102.84375000003988,18.404583333324002,7939,-3.8458874
102.43819444448427,18.609027777768475,7940,-6.5562544
102.88319444448433,18.65819444443515,7941,-7.8383403
102.88930555559544,18.65819444443515,7942,-4.620017
102.48763888892871,18.43624999999067,7943,-3.9527395
102.6443055555954,18.73958333332405,7944,-6.6560926
102.42680555559537,18.64652777776848,7945,-6.3380227
102.60347222226206,18.574861111101804,7946,-4.604086
102.42569444448426,18.576249999990694,7947,-3.1625018
102.60625000003984,18.6087499999907,7948,-5.563481
102.45319444448427,18.754027777768496,7949,-6.597851
102.50013888892872,18.676527777768484,7950,-5.054648
102.76791666670653,18.40374999999067,7951,0.11519868
102.57347222226205,18.68958333332404,7952,-5.924124
102.88986111115099,18.560694444435136,7953,-7.8021493
102.87513888892877,18.434583333324007,7954,-5.386696
102.82430555559543,18.75708333332405,7955,-5.9505715
102.46402777781759,18.46958333332401,7956,-4.9996204
102.47708333337316,18.754027777768496,7957,-5.6078815
102.51819444448427,18.721249999990714,7958,-2.678811
102.67458333337318,18.60763888887959,7959,6.1274858
102.44125000003982,18.578194444435137,7960,-4.439224
102.59708333337318,18.392638888879556,7961,10.580957
102.55458333337317,18.560694444435136,7962,11.254399
102.81041666670653,18.488472222212902,7963,0.81264776
102.75763888892875,18.73319444443516,7964,-6.1732664
102.8409722222621,18.74319444443516,7965,-6.619279
102.86875000003988,18.57791666665736,7966,-5.222096
102.8584722222621,18.61986111110181,7967,-5.4680023
102.64013888892873,18.42041666665734,7968,-6.3654866
102.77347222226209,18.7101388888796,7969,-7.1959968
102.60597222226207,18.55652777776847,7970,7.087368
102.5918055555954,18.71819444443516,7971,-5.5058284
102.81541666670654,18.4734722222129,7972,-5.4872313
102.73902777781764,18.488194444435123,7973,-6.3720074
102.77875000003986,18.65069444443515,7974,-5.1470456
102.71986111115096,18.561805555546247,7975,6.290187
102.74791666670653,18.60458333332403,7976,-7.4473815
102.65486111115096,18.587083333324028,7977,10.881723
102.43180555559537,18.630416666657368,7978,-6.20153
102.52180555559538,18.60847222221292,7979,-6.064552
102.84819444448432,18.467638888879566,7980,-6.6083217
102.68097222226207,18.62263888887959,7981,11.231926
102.89263888892877,18.64930555554626,7982,0.5165791
102.7706944444843,18.479305555546237,7983,-5.0498633
102.41375000003981,18.50374999999068,7984,-6.1205616
102.44458333337315,18.57124999999069,7985,-0.7561473
102.59875000003984,18.660416666657373,7986,8.153613
102.73013888892875,18.47069444443512,7987,-6.0405436
102.72958333337318,18.452638888879566,7988,-5.8263273
102.7006944444843,18.416805555546226,7989,-5.4759316
102.78013888892876,18.686527777768486,7990,-6.4234123
102.68708333337318,18.70736111110182,7991,-5.1515408
102.54569444448428,18.751527777768494,7992,-2.7662828
102.46708333337315,18.42513888887956,7993,-3.3401682
102.83319444448432,18.429861111101783,7994,-6.50481
102.41625000003981,18.389861111101776,7995,-2.7258666
102.80680555559543,18.568749999990693,7996,-6.0614953
102.83625000003987,18.491527777768457,7997,7.037421
102.57819444448428,18.58069444443514,7998,8.364027
102.5943055555954,18.6387499999907,7999,-5.2114296
102.62652777781763,18.619027777768476,8000,7.558655
102.62152777781762,18.594861111101807,8001,10.468162
102.65208333337318,18.407083333324003,8002,-5.3127813
102.59125000003984,18.40986111110178,8003,-5.3923216
102.47958333337316,18.692083333324042,8004,-6.599588
102.48125000003982,18.550972222212913,8005,-4.562667
102.65763888892873,18.758194444435162,8006,-6.9743285
102.50486111115094,18.59569444443514,8007,-4.100524
102.86013888892876,18.719861111101824,8008,-7.373161
102.86375000003987,18.438749999990673,8009,-6.787286
102.50208333337316,18.767083333324052,8010,-6.083249
102.71375000003985,18.661249999990705,8011,8.492343
102.82152777781765,18.714861111101825,8012,-7.862916
102.63958333337318,18.400416666657335,8013,-5.041486
102.55152777781761,18.6337499999907,8014,13.117335
102.47819444448427,18.600416666657363,8015,-6.560337
102.49430555559537,18.48124999999068,8016,-2.777159
102.46486111115094,18.592916666657363,8017,-4.2867646
102.42430555559537,18.58069444443514,8018,-5.9959335
102.49069444448426,18.54874999999069,8019,-6.0169
102.45236111115094,18.50791666665735,8020,-5.833145
102.74513888892875,18.610138888879586,8021,-8.492114
102.81902777781765,18.435972222212897,8022,-2.3304145
102.55625000003984,18.545138888879578,8023,10.51579
102.46819444448427,18.634583333324034,8024,-6.1562
102.69486111115097,18.442083333324007,8025,-5.8943815
102.49263888892871,18.484861111101793,8026,-4.6678104
102.80319444448432,18.416249999990672,8027,-5.4849887
102.60736111115095,18.543194444435134,8028,2.2238827
102.86013888892876,18.397916666657334,8029,-2.423737
102.88819444448433,18.5623611111018,8030,-7.543648
102.42180555559537,18.501249999990684,8031,-3.8138928
102.8609722222621,18.504583333324018,8032,-6.464095
102.64097222226206,18.747916666657385,8033,-5.5183024
102.60486111115095,18.641249999990702,8034,-6.022551
102.60097222226206,18.47236111110179,8035,8.364027
102.82236111115098,18.68374999999071,8036,-7.0921497
102.61041666670651,18.526527777768464,8037,10.3099375
102.44069444448427,18.649861111101814,8038,-7.2768936
102.46625000003982,18.628472222212924,8039,-5.351149
102.52152777781761,18.407361111101782,8040,0.7543649
102.81986111115098,18.53708333332402,8041,-5.8691483
102.49625000003982,18.60708333332403,8042,-5.326075
102.57958333337317,18.422361111101782,8043,-5.2381554
102.7445833333732,18.52180555554624,8044,-5.8618364
102.88208333337322,18.720694444435157,8045,-5.654487
102.81930555559542,18.592361111101805,8046,-5.745986
102.78875000003987,18.39624999999067,8047,-5.5230665
102.45125000003982,18.407916666657336,8048,-3.271461
102.79486111115098,18.51541666665735,8049,1.5255249
102.51902777781761,18.71680555554627,8050,10.389135
102.84041666670655,18.637916666657368,8051,-7.4785604
102.56819444448428,18.75708333332405,8052,-6.8063006
102.62013888892874,18.76513888887961,8053,-3.816271
102.67097222226207,18.524861111101796,8054,6.14828
102.68625000003985,18.45180555554623,8055,-3.7847905
102.47236111115093,18.75708333332405,8056,-0.008866106
102.47236111115093,18.7051388888796,8057,-1.8918725
102.45930555559538,18.712638888879603,8058,-6.7471786
102.56736111115094,18.526249999990686,8059,7.2757297
102.64513888892874,18.553194444435135,8060,8.65825
102.72958333337318,18.710972222212934,8061,-3.809946
102.61902777781762,18.654027777768484,8062,9.152485
102.6329166667065,18.573472222212914,8063,11.189695
102.48375000003982,18.612916666657366,8064,-6.285107
102.71513888892875,18.710694444435156,8065,-5.966273
102.90541666670654,18.741249999990718,8066,-6.957626
102.75402777781764,18.511249999990685,8067,-6.6408486
102.7809722222621,18.483472222212903,8068,-6.229151
102.77736111115098,18.50263888887957,8069,-6.2727985
102.44819444448426,18.542916666657355,8070,-5.994519
102.44819444448426,18.605416666657366,8071,-4.912486
102.53763888892873,18.5523611111018,8072,-4.822832
102.64875000003984,18.711249999990713,8073,-5.916756
102.65347222226207,18.712916666657378,8074,-3.5699918
102.62319444448428,18.762083333324053,8075,-4.4360967
102.66208333337318,18.542638888879576,8076,9.932643
102.85291666670655,18.730416666657383,8077,-5.7710357
102.64597222226207,18.696527777768488,8078,-5.3762817
102.54625000003983,18.516527777768463,8079,-6.7578387
102.82041666670654,18.720416666657382,8080,-6.1640058
102.67402777781763,18.500972222212905,8081,-1.1287905
102.86680555559543,18.560138888879578,8082,-6.7510095
102.88847222226211,18.620416666657366,8083,-6.127593
102.51486111115094,18.437361111101783,8084,-2.0874305
102.51375000003982,18.586527777768474,8085,-6.035891
102.70513888892874,18.391527777768445,8086,-6.7804484
102.6043055555954,18.57291666665736,8087,-5.174422
102.887361111151,18.567916666657357,8088,-6.46613
102.46069444448426,18.745138888879605,8089,-7.43037
102.71236111115097,18.58902777776847,8090,-5.9981184
102.48597222226205,18.55874999999069,8091,-5.013338
102.48347222226205,18.491249999990682,8092,-4.1233177
102.44708333337316,18.6137499999907,8093,-6.756682
102.76319444448431,18.592361111101805,8094,-6.1186266
102.46541666670649,18.477916666657347,8095,-5.2222533
102.7770833333732,18.49680555554624,8096,-7.241559
102.63597222226207,18.587638888879585,8097,11.637391
102.58319444448428,18.564305555546248,8098,10.188577
102.7056944444843,18.59180555554625,8099,6.53776
102.74847222226208,18.58291666665736,8100,-6.266491
102.55597222226206,18.713194444435157,8101,7.1057425
102.87736111115099,18.438749999990673,8102,-6.962962
102.80069444448431,18.497361111101792,8103,-5.979589
102.5179166667065,18.476249999990678,8104,-4.7640753
102.86402777781765,18.713749999990714,8105,-0.7053963
102.5629166667065,18.735416666657382,8106,-6.453222
102.63041666670651,18.39624999999067,8107,-4.036834
102.47819444448427,18.60569444443514,8108,-5.3719053
102.5265277778176,18.612638888879587,8109,-4.726988
102.50125000003983,18.460138888879566,8110,-5.71579
102.73236111115096,18.387638888879554,8111,-4.592351
102.65319444448428,18.399027777768445,8112,-4.714096
102.65347222226207,18.416527777768447,8113,-7.2211714
102.48680555559538,18.58902777776847,8114,-4.7280726
102.49847222226205,18.736527777768494,8115,-5.7816243
102.42097222226204,18.75124999999072,8116,-7.0038605
102.85541666670655,18.681527777768487,8117,-8.194061
102.83513888892877,18.42930555554623,8118,-6.818278
102.70625000003986,18.442361111101786,8119,-5.8901305
102.7320833333732,18.440694444435117,8120,-1.7549826
102.71041666670652,18.574583333324025,8121,6.589209
102.46013888892871,18.704583333324045,8122,-2.224281
102.59208333337317,18.645972222212926,8123,7.389395
102.76736111115098,18.72291666665738,8124,-3.8426356
102.44430555559538,18.602916666657364,8125,-5.7565894
102.63402777781762,18.42041666665734,8126,-7.331009
102.88263888892877,18.603194444435143,8127,-5.0796514
102.59569444448428,18.50680555554624,8128,-6.015852
102.49458333337316,18.54708333332402,8129,7.636628
102.62152777781762,18.43763888887956,8130,-4.863979
102.86902777781765,18.459305555546234,8131,-5.8400044
102.69152777781763,18.425416666657338,8132,-4.906523
102.84513888892876,18.663472222212928,8133,-6.849485
102.65486111115096,18.527638888879576,8134,11.418029
102.47125000003982,18.500416666657348,8135,-5.449908
102.70013888892875,18.704027777768488,8136,-2.6859753
102.76347222226208,18.4709722222129,8137,-5.4170103
102.77486111115097,18.726249999990713,8138,-4.0859165
102.57152777781761,18.711249999990713,8139,14.2671175
102.80902777781765,18.592361111101805,8140,-5.7474837
102.86625000003988,18.69874999999071,8141,-6.831402
102.55319444448428,18.762083333324053,8142,-5.504585
102.69180555559541,18.546805555546246,8143,4.175208
102.8495833333732,18.68874999999071,8144,-5.4114347
102.77680555559542,18.539305555546242,8145,10.068596
102.67513888892874,18.609027777768475,8146,0.71854955
102.66180555559541,18.756249999990718,8147,-5.5654798
102.71430555559542,18.702916666657377,8148,-6.507315
102.81430555559542,18.567083333324025,8149,-2.7940514
102.87041666670655,18.57902777776847,8150,-6.5427475
102.56402777781761,18.577638888879584,8151,12.0776
102.44847222226204,18.42263888887956,8152,-4.187203
102.6029166667065,18.65958333332404,8153,15.436279
102.57013888892872,18.585416666657363,8154,3.8974862
102.74208333337319,18.5448611111018,8155,4.908123
102.48708333337316,18.57430555554625,8156,-1.9365355
102.6493055555954,18.43513888887956,8157,-6.8057404
102.77013888892876,18.627638888879588,8158,-5.1403575
102.47986111115094,18.66819444443515,8159,-6.3312516
102.47375000003983,18.717361111101823,8160,-7.298834
102.54958333337316,18.632083333324033,8161,11.860535
102.58569444448428,18.70902777776849,8162,-5.8373923
102.86291666670654,18.56124999999069,8163,-6.145897
102.56708333337316,18.61736111110181,8164,10.779942
102.43402777781759,18.63263888887959,8165,4.521471
102.74375000003987,18.686249999990707,8166,-3.5447915
102.82847222226209,18.488472222212902,8167,-2.513671
102.5929166667065,18.45486111110179,8168,-4.923697
102.74097222226209,18.47263888887957,8169,-5.2528963
102.83625000003987,18.568472222212915,8170,-7.173146
102.41819444448426,18.401805555546225,8171,-5.4620223
102.5229166667065,18.549305555546244,8172,-4.112574
102.76930555559542,18.44402777776845,8173,-5.25451
102.52930555559539,18.58430555554625,8174,-6.856356
102.72986111115097,18.539305555546242,8175,7.4477367
102.69097222226208,18.443194444435118,8176,-5.42453
102.81152777781764,18.542916666657355,8177,8.310717
102.88513888892876,18.6337499999907,8178,-4.950235
102.5968055555954,18.703194444435155,8179,-6.7257457
102.81847222226209,18.432361111101784,8180,-5.6164207
102.6793055555954,18.507638888879573,8181,-5.269384
102.76319444448431,18.63291666665737,8182,-6.9271564
102.45347222226204,18.653472222212926,8183,-4.807541
102.76319444448431,18.50374999999068,8184,0.5730749
102.50486111115094,18.42652777776845,8185,6.1734467
102.43680555559537,18.452638888879566,8186,0.61822426
102.49708333337315,18.74708333332405,8187,7.56646
102.45458333337315,18.557916666657356,8188,-4.0279994
102.5668055555954,18.60736111110181,8189,11.3293
102.82236111115098,18.440138888879563,8190,-4.668238
102.57819444448428,18.484861111101793,8191,-6.551886
102.78041666670653,18.618472222212922,8192,-6.6615243
102.89930555559543,18.742638888879604,8193,-6.5212626
102.7556944444843,18.7001388888796,8194,13.660015
102.79152777781765,18.50513888887957,8195,-5.0357933
102.89541666670655,18.60736111110181,8196,-5.5863934
102.74486111115097,18.448472222212896,8197,-4.727788
102.61541666670651,18.56374999999069,8198,6.507453
102.74791666670653,18.492083333324015,8199,2.1365829
102.84986111115099,18.70652777776849,8200,-7.5877247
102.8484722222621,18.41402777776845,8201,-6.7746296
102.71347222226208,18.452638888879566,8202,-7.602402
102.81236111115098,18.425972222212895,8203,-0.88190424
102.80763888892876,18.500416666657348,8204,-5.1311984
102.65486111115096,18.66319444443515,8205,-5.6273007
102.5040277778176,18.761805555546275,8206,13.520424
102.59513888892873,18.74319444443516,8207,-6.119052
102.77263888892875,18.523749999990685,8208,-5.298815
102.47013888892872,18.433194444435117,8209,-4.816536
102.67902777781762,18.432638888879563,8210,-5.72036
102.70152777781763,18.582361111101804,8211,-5.343941
102.55097222226206,18.484583333324014,8212,-6.015278
102.79847222226209,18.492361111101793,8213,-2.0059333
102.74902777781764,18.640972222212923,8214,-6.1451874
102.80625000003987,18.54013888887958,8215,-6.4756947
102.5754166667065,18.624583333324033,8216,10.121885
102.65041666670652,18.713749999990714,8217,-6.9670553
102.85486111115098,18.7101388888796,8218,-7.278368
102.46819444448427,18.396527777768444,8219,-4.58153
102.6818055555954,18.546805555546246,8220,13.737538
102.84597222226209,18.574583333324025,8221,-7.429152
102.47986111115094,18.64930555554626,8222,-7.0628667
102.73152777781763,18.396805555546223,8223,-2.4178894
102.87875000003989,18.65541666665737,8224,-6.0992146
102.47069444448427,18.736805555546272,8225,-5.5443788
102.51986111115095,18.519583333324018,8226,-5.039739
102.45958333337315,18.559305555546246,8227,6.738134
102.90263888892878,18.45458333332401,8228,-5.2983923
102.58736111115095,18.51041666665735,8229,-5.1534047
102.6318055555954,18.47069444443512,8230,10.012686
102.77013888892876,18.64958333332404,8231,-5.742203
102.41652777781759,18.600416666657363,8232,-3.5981934
102.42930555559538,18.713472222212935,8233,4.646397
102.79402777781765,18.387083333324,8234,-3.0189238
102.5529166667065,18.66597222221293,8235,-4.265305
102.50791666670649,18.742638888879604,8236,8.301386
102.75125000003986,18.663749999990706,8237,-6.811219
102.62291666670652,18.714861111101825,8238,-6.3407273
102.89902777781766,18.68486111110182,8239,1.0607964
102.60902777781762,18.625694444435144,8240,-3.2048337
102.84652777781766,18.601527777768474,8241,-7.533266
102.50958333337316,18.751527777768494,8242,-0.3581777
102.51180555559539,18.44430555554623,8243,-3.6617556
102.68347222226207,18.489305555546235,8244,-5.738245
102.41958333337315,18.660972222212926,8245,-5.745451
102.57819444448428,18.53347222221291,8246,9.4236355
102.41875000003981,18.640972222212923,8247,-6.8159075
102.8084722222621,18.696805555546266,8248,0.117627
102.65069444448429,18.41402777776845,8249,-4.9459558
102.66513888892874,18.506249999990683,8250,10.28095
102.49986111115093,18.566249999990692,8251,7.853202
102.87208333337321,18.533749999990686,8252,-7.470423
102.57236111115094,18.59986111110181,8253,10.37487
102.89541666670655,18.401249999990668,8254,-5.9690394
102.58930555559539,18.715694444435158,8255,-5.50645
102.81902777781765,18.543472222212912,8256,9.964168
102.4290277778176,18.733749999990717,8257,-7.1632967
102.76652777781764,18.64930555554626,8258,1.3452181
102.45875000003981,18.491805555546236,8259,2.6546736
102.56013888892872,18.615694444435142,8260,12.507162
102.79652777781764,18.621805555546256,8261,-6.140343
102.8484722222621,18.51263888887957,8262,-4.220228
102.54958333337316,18.762083333324053,8263,14.42595
102.50986111115094,18.65041666665737,8264,-7.0660386
102.90625000003989,18.534861111101797,8265,-4.726776
102.80597222226208,18.606805555546252,8266,-7.350488
102.53513888892871,18.687083333324043,8267,6.3440247
102.43236111115093,18.638472222212926,8268,8.685266
102.58208333337318,18.534027777768465,8269,11.19181
102.49875000003982,18.746249999990717,8270,-1.3950253
102.4401388889287,18.576527777768472,8271,0.13216664
102.68458333337318,18.668749999990705,8272,-6.5289664
102.8320833333732,18.551527777768467,8273,-6.757898
102.47319444448426,18.593472222212917,8274,-5.255815
102.67152777781763,18.614305555546252,8275,11.473088
102.66541666670652,18.696527777768488,8276,-6.3595977
102.77152777781764,18.615694444435142,8277,-7.20603
102.43125000003981,18.692083333324042,8278,-0.40639925
102.67375000003985,18.432638888879563,8279,-6.3308806
102.54486111115094,18.625416666657365,8280,9.750321
102.81069444448431,18.650972222212925,8281,-6.875954
102.89930555559543,18.71041666665738,8282,-4.630482
102.56791666670651,18.613194444435145,8283,12.684178
102.73597222226208,18.499583333324015,8284,1.4826375
102.75097222226208,18.752638888879606,8285,-5.234815
102.74347222226208,18.64152777776848,8286,4.671209
102.7645833333732,18.645694444435147,8287,-5.2377687
102.5704166667065,18.650972222212925,8288,-5.997497
102.87069444448433,18.675138888879594,8289,-6.30096
102.58513888892873,18.559861111101803,8290,9.319539
102.69041666670653,18.55624999999069,8291,9.527178
102.86291666670654,18.440694444435117,8292,-6.389112
102.86041666670654,18.429583333324004,8293,-6.275427
102.41513888892871,18.477083333324014,8294,-4.438923
102.89958333337322,18.66569444443515,8295,-5.5723133
102.4840277778176,18.643194444435146,8296,-3.5938299
102.56569444448428,18.41874999999067,8297,5.9261565
102.76652777781764,18.488472222212902,8298,-7.4140863
102.50652777781761,18.486805555546237,8299,-5.463499
102.79375000003986,18.593749999990695,8300,-6.3933215
102.47708333337316,18.53347222221291,8301,-7.0329223
102.54569444448428,18.76736111110183,8302,-6.8532295
102.50208333337316,18.692916666657375,8303,-7.590498
102.46875000003982,18.720416666657382,8304,15.408439
102.47763888892871,18.453749999990677,8305,-5.883356
102.73902777781764,18.4634722222129,8306,-5.126214
102.52819444448427,18.467638888879566,8307,-6.283497
102.42625000003981,18.74958333332405,8308,-7.7090693
102.58680555559539,18.425972222212895,8309,17.08313
102.7895833333732,18.724861111101827,8310,-7.006598
102.47208333337315,18.617638888879586,8311,-6.2654576
102.42791666670648,18.755694444435164,8312,-7.432559
102.66708333337318,18.456249999990675,8313,1.9810168
102.66236111115096,18.50541666665735,8314,10.28095
102.43069444448426,18.4559722222129,8315,-4.5956736
102.90486111115099,18.727638888879603,8316,-6.0870667
102.73375000003986,18.401805555546225,8317,1.155763
102.64736111115096,18.484583333324014,8318,9.46264
102.50902777781761,18.433472222212895,8319,-5.000338
102.55402777781761,18.524027777768463,8320,-4.84386
102.68208333337319,18.562083333324026,8321,10.705833
102.7670833333732,18.710694444435156,8322,-3.3337054
102.70625000003986,18.497083333324014,8323,-7.7319627
102.57097222226206,18.623194444435143,8324,10.365507
102.60013888892873,18.59680555554625,8325,-6.6720476
102.41708333337314,18.524027777768463,8326,-7.0775995
102.76513888892875,18.688194444435155,8327,-7.117788
102.5729166667065,18.65958333332404,8328,-6.180466
102.89263888892877,18.425694444435116,8329,-0.9051585
102.74013888892875,18.76486111110183,8330,-6.7377
102.884861111151,18.55763888887958,8331,-6.004564
102.43263888892871,18.438472222212894,8332,-0.55570275
102.56958333337317,18.744305555546273,8333,1.110626
102.83680555559543,18.737638888879605,8334,3.4700446
102.47486111115093,18.566249999990692,8335,-1.7986757
102.48680555559538,18.741249999990718,8336,0.26979992
102.65902777781763,18.625972222212923,8337,10.51579
102.89541666670655,18.509861111101795,8338,-4.7664843
102.4540277778176,18.687916666657376,8339,-6.181413
102.80541666670653,18.73180555554627,8340,-6.922949
102.70791666670652,18.648472222212927,8341,10.365507
102.79930555559542,18.428194444435118,8342,-4.826064
102.63569444448429,18.600138888879584,8343,11.36971
102.61708333337317,18.67847222221293,8344,10.561252
102.73402777781763,18.757916666657387,8345,-2.5172877
102.79486111115098,18.726527777768492,8346,-4.5077324
102.85291666670655,18.587638888879585,8347,-7.4664145
102.64013888892873,18.69902777776849,8348,-6.238221
102.54513888892872,18.42902777776845,8349,-4.0596185
102.63791666670652,18.444583333324008,8350,2.2019877
102.89486111115099,18.6212499999907,8351,-7.179288
102.8934722222621,18.751527777768494,8352,-5.8707414
102.75263888892876,18.72319444443516,8353,-5.6329837
102.49541666670649,18.7026388888796,8354,-7.5959663
102.63513888892874,18.45208333332401,8355,11.857392
102.55347222226206,18.51569444443513,8356,-5.485081
102.72041666670653,18.603749999990697,8357,6.7683926
102.56263888892872,18.461527777768456,8358,-5.3867745
102.48041666670649,18.610972222212922,8359,-6.751776
102.48319444448427,18.443194444435118,8360,7.074104
102.59708333337318,18.6087499999907,8361,-4.6960006
102.77291666670654,18.46458333332401,8362,-5.5777063
102.90513888892878,18.553194444435135,8363,-4.566634
102.79319444448431,18.41236111110178,8364,-6.4774475
102.49736111115094,18.729583333324047,8365,-4.8469567
102.4276388889287,18.721527777768493,8366,-6.407765
102.63263888892874,18.65819444443515,8367,5.148618
102.46597222226204,18.68069444443515,8368,-6.7621355
102.87819444448432,18.659027777768483,8369,-3.8385956
102.54652777781762,18.63291666665737,8370,10.695667
102.52097222226205,18.509583333324017,8371,-3.7577956
102.48986111115093,18.619305555546255,8372,6.3118763
102.67513888892874,18.46236111110179,8373,-5.3674026
102.67986111115096,18.567916666657357,8374,13.433415
102.75513888892876,18.620694444435145,8375,-4.6531134
102.49097222226204,18.586527777768474,8376,-5.4376516
102.47041666670648,18.41013888887956,8377,-6.0777597
102.86569444448432,18.604305555546254,8378,-5.7744064
102.84069444448431,18.516527777768463,8379,-2.6491098
102.67375000003985,18.725138888879602,8380,-5.137651
102.67263888892874,18.42041666665734,8381,-6.2071905
102.53763888892873,18.58208333332403,8382,-5.6506333
102.88208333337322,18.70152777776849,8383,-5.328958
102.74013888892875,18.7051388888796,8384,1.129137
102.6093055555954,18.50652777776846,8385,-5.532303
102.64902777781762,18.498472222212904,8386,9.527178
102.69513888892874,18.451249999990676,8387,-6.188494
102.48069444448427,18.583472222212915,8388,-5.8637714
102.89902777781766,18.58430555554625,8389,-2.6981986
102.63708333337318,18.723749999990716,8390,3.515436
102.74430555559542,18.508472222212905,8391,-5.7992525
102.65375000003985,18.449861111101786,8392,10.761923
102.57180555559539,18.387083333324,8393,-3.120498
102.81236111115098,18.71930555554627,8394,-6.2303805
102.61041666670651,18.708472222212933,8395,-5.864991
102.87319444448433,18.6287499999907,8396,-7.1342154
102.89763888892877,18.729861111101826,8397,2.5422
102.56902777781761,18.702083333324044,8398,-5.843311
102.54763888892872,18.391249999990666,8399,-3.3400319
102.74430555559542,18.74319444443516,8400,-6.184345
102.42986111115093,18.486805555546237,8401,7.0961766
102.52152777781761,18.445138888879562,8402,-4.0512257
102.65486111115096,18.655972222212927,8403,-6.370386
102.49847222226205,18.470416666657346,8404,6.123638
102.53625000003983,18.465138888879565,8405,-6.2044663
102.76347222226208,18.559027777768467,8406,-5.7640257
102.4240277778176,18.654861111101816,8407,-6.985709
102.75541666670652,18.477916666657347,8408,-6.6508036
102.75513888892876,18.66708333332404,8409,-5.413641
102.80041666670654,18.404583333324002,8410,-6.3683305
102.81680555559542,18.676805555546263,8411,-7.8684096
102.8484722222621,18.60708333332403,8412,6.2109423
102.64847222226207,18.69124999999071,8413,-1.4861244
102.52708333337316,18.663749999990706,8414,6.5073533
102.89708333337322,18.493194444435126,8415,-5.3531785
102.84541666670654,18.615416666657364,8416,-4.313015
102.69625000003985,18.69236111110182,8417,-0.45669645
102.75763888892875,18.64958333332404,8418,-5.624018
102.55208333337316,18.389861111101776,8419,5.961345
102.5368055555954,18.456527777768454,8420,-6.5994577
102.72513888892874,18.619027777768476,8421,-4.959364
102.5643055555954,18.71652777776849,8422,-2.295105
102.73708333337319,18.708194444435158,8423,-5.630153
102.43597222226204,18.49902777776846,8424,-2.779541
102.77486111115097,18.719027777768492,8425,-2.1104171
102.71930555559541,18.522361111101798,8426,-6.8637834
102.85875000003988,18.74347222221294,8427,-7.104022
102.7995833333732,18.586527777768474,8428,-6.0100226
102.66458333337319,18.604305555546254,8429,11.582903
102.77097222226209,18.645694444435147,8430,-6.088684
102.71680555559541,18.456527777768454,8431,-3.9666424
102.8959722222621,18.493472222212905,8432,-6.0963254
102.49430555559537,18.443472222212897,8433,7.4429483
102.57263888892872,18.750416666657383,8434,-6.599256
102.67263888892874,18.702083333324044,8435,-6.3844714
102.79541666670653,18.414305555546225,8436,-5.438543
102.75430555559542,18.46486111110179,8437,-7.4610233
102.86152777781766,18.534305555546243,8438,-6.3937883
102.4176388889287,18.61597222221292,8439,-4.5760145
102.86875000003988,18.469027777768456,8440,8.689663
102.42819444448426,18.765416666657387,8441,-3.7430506
102.47680555559538,18.746527777768495,8442,-1.1431723
102.50513888892871,18.502361111101795,8443,-2.8442655
102.50263888892871,18.392638888879556,8444,10.050627
102.56458333337316,18.598749999990698,8445,11.590872
102.41680555559537,18.760416666657385,8446,-5.9914246
102.84236111115098,18.671249999990707,8447,-6.0511947
102.53430555559538,18.681805555546262,8448,2.238184
102.87486111115099,18.43902777776845,8449,-5.7196293
102.59319444448428,18.401249999990668,8450,7.853202
102.46847222226204,18.74347222221294,8451,-7.0750184
102.52263888892871,18.7001388888796,8452,5.554229
102.8234722222621,18.405416666657334,8453,-7.719615
102.74402777781764,18.392083333324,8454,-6.548645
102.63597222226207,18.697916666657378,8455,-6.565464
102.7820833333732,18.5323611111018,8456,8.898565
102.5204166667065,18.465694444435123,8457,-5.908921
102.79430555559543,18.73597222221294,8458,-5.102648
102.45541666670648,18.636527777768478,8459,-5.365621
102.43375000003982,18.769305555546275,8460,-6.5289183
102.8070833333732,18.58180555554625,8461,-6.1125937
102.5929166667065,18.439583333324006,8462,-3.5929763
102.87152777781766,18.60097222221292,8463,-4.6778445
102.59319444448428,18.579583333324027,8464,10.51579
102.75541666670652,18.48124999999068,8465,-6.583354
102.77569444448432,18.69624999999071,8466,-5.745788
102.51347222226205,18.59569444443514,8467,-5.817332
102.5729166667065,18.415416666657336,8468,-5.130708
102.84180555559543,18.562083333324026,8469,-4.9255404
102.62791666670651,18.4609722222129,8470,8.834031
102.43097222226204,18.694583333324044,8471,-5.3390455
102.4590277778176,18.61236111110181,8472,10.674634
102.8220833333732,18.45458333332401,8473,-5.199822
102.90319444448433,18.642638888879592,8474,-4.973939
102.83347222226209,18.672638888879597,8475,-5.7382693
102.50125000003983,18.72458333332405,8476,-4.8815155
102.60763888892873,18.563194444435137,8477,5.9066796
102.8684722222621,18.74958333332405,8478,-6.0869184
102.61125000003985,18.495972222212902,8479,-6.496025
102.88069444448432,18.581249999990693,8480,-4.799531
102.55097222226206,18.52041666665735,8481,-5.4714565
102.58819444448429,18.679305555546264,8482,9.745
102.43319444448426,18.53124999999069,8483,-5.3644714
102.53402777781761,18.6901388888796,8484,-4.058473
102.45791666670648,18.599027777768473,8485,-2.7346098
102.56986111115094,18.618472222212922,8486,13.5032835
102.75458333337319,18.62236111110181,8487,-5.5342636
102.90569444448433,18.588749999990696,8488,-5.8668666
102.62541666670651,18.754027777768496,8489,-4.845365
102.69763888892874,18.6062499999907,8490,7.698234
102.81875000003987,18.769583333324054,8491,-1.8459992
102.76013888892875,18.737638888879605,8492,-6.2510138
102.83736111115098,18.53069444443513,8493,-5.2582693
102.60319444448429,18.61597222221292,8494,-5.339871
102.71097222226207,18.699583333324043,8495,-2.6052284
102.58708333337317,18.41124999999067,8496,-5.4316773
102.83347222226209,18.739027777768495,8497,-6.5754986
102.43347222226204,18.390416666657334,8498,-5.7070503
102.73902777781764,18.63902777776848,8499,-6.5739512
102.7331944444843,18.57319444443514,8500,8.147303
102.66791666670652,18.515972222212906,8501,9.845632
102.8709722222621,18.59569444443514,8502,-7.0123906
102.6329166667065,18.38819444443511,8503,-3.2114499
102.8209722222621,18.577361111101805,8504,-6.4567957
102.52125000003983,18.62402777776848,8505,-5.8756638
102.53180555559538,18.497361111101792,8506,-3.0195673
102.897361111151,18.419583333324006,8507,9.46264
102.73430555559541,18.44291666665734,8508,-4.4101458
102.41569444448426,18.536805555546245,8509,9.645754
102.55152777781761,18.394027777768446,8510,-4.1176314
102.6881944444843,18.708194444435158,8511,-5.3013034
102.90291666670655,18.70041666665738,8512,-5.803493
102.89291666670655,18.750416666657383,8513,-7.675741
102.50708333337316,18.391249999990666,8514,-5.274636
102.68986111115096,18.462638888879567,8515,-3.6811004
102.44569444448426,18.751527777768494,8516,-5.7006288
102.70430555559541,18.727916666657382,8517,-4.002293
102.85208333337322,18.549305555546244,8518,-6.514914
102.71041666670652,18.415694444435115,8519,-3.7377439
102.74930555559541,18.763472222212943,8520,-5.793544
102.70125000003985,18.618194444435144,8521,-6.8218913
102.47041666670648,18.560416666657357,8522,-2.7158303
102.62208333337318,18.40874999999067,8523,-5.462055
102.55763888892872,18.643749999990703,8524,4.3023796
102.47069444448427,18.493194444435126,8525,-5.2004457
102.86375000003987,18.43624999999067,8526,-5.979505
102.42430555559537,18.76763888887961,8527,-6.5354466
102.84736111115099,18.462916666657343,8528,-6.2343483
102.47263888892871,18.45958333332401,8529,10.612301
102.78291666670653,18.4609722222129,8530,-5.305979
102.68125000003985,18.68097222221293,8531,-5.4791536
102.66513888892874,18.58152777776847,8532,3.9282691
102.61569444448429,18.644583333324036,8533,-4.183903
102.56125000003983,18.476805555546235,8534,-3.0655649
102.67819444448429,18.736249999990715,8535,-4.8815694
102.86958333337321,18.47986111110179,8536,-7.6581
102.45041666670649,18.41152777776845,8537,-3.6586733
102.65902777781763,18.43652777776845,8538,-5.5442915
102.6079166667065,18.70902777776849,8539,-5.643189
102.50652777781761,18.524861111101796,8540,-3.7129285
102.53430555559538,18.49652777776846,8541,-6.2858024
102.61347222226206,18.74069444443516,8542,-3.3772085
102.4551388889287,18.760416666657385,8543,-6.7484202
102.65097222226207,18.55597222221291,8544,12.134487
102.86680555559543,18.767083333324052,8545,-6.517797
102.58486111115094,18.47069444443512,8546,-5.1746454
102.5329166667065,18.673749999990708,8547,6.1225953
102.869861111151,18.42152777776845,8548,-0.47260448
102.857361111151,18.41986111110178,8549,-4.408724
102.84625000003987,18.42180555554623,8550,-5.8934937
102.60847222226207,18.43819444443512,8551,-5.698496
102.55402777781761,18.642638888879592,8552,2.4380038
102.64013888892873,18.619305555546255,8553,-4.5100307
102.50791666670649,18.541805555546244,8554,-5.5379925
102.86541666670655,18.4559722222129,8555,-6.739411
102.8609722222621,18.741527777768493,8556,-6.008202
102.58708333337317,18.42791666665734,8557,-3.309444
102.55402777781761,18.60708333332403,8558,11.985698
102.63125000003984,18.686527777768486,8559,11.757522
102.78986111115098,18.56402777776847,8560,-3.6597214
102.55736111115094,18.741527777768493,8561,-6.4780436
102.89652777781765,18.413194444435113,8562,-7.1421094
102.88069444448432,18.524861111101796,8563,-5.555308
102.49236111115094,18.457638888879565,8564,-5.1370816
102.75375000003986,18.690416666657377,8565,9.265361
102.80180555559542,18.550416666657355,8566,-2.7502582
102.44097222226203,18.57041666665736,8567,-5.929911
102.7556944444843,18.64041666665737,8568,9.609814
102.57597222226205,18.670972222212928,8569,-5.674628
102.70513888892874,18.566249999990692,8570,-4.580603
102.5165277778176,18.429861111101783,8571,-3.0369096
102.71930555559541,18.584583333324026,8572,-1.9277215
102.58847222226206,18.388749999990665,8573,8.018382
102.65319444448428,18.434305555546228,8574,-1.9371823
102.73013888892875,18.532638888879575,8575,9.979236
102.74597222226208,18.452361111101787,8576,-6.7175727
102.58708333337317,18.611249999990697,8577,8.7005
102.50375000003983,18.647361111101816,8578,-7.4183764
102.8909722222621,18.769583333324054,8579,-7.5140076
102.8234722222621,18.444583333324008,8580,-6.1114845
102.85430555559543,18.41291666665734,8581,-6.400125
102.64208333337318,18.45569444443512,8582,8.951814
102.61597222226206,18.6826388888796,8583,5.7132916
102.74430555559542,18.75708333332405,8584,-5.411056
102.57902777781761,18.68486111110182,8585,-5.1509504
102.84819444448432,18.69847222221293,8586,-6.182854
102.45291666670649,18.408472222212893,8587,-3.712245
102.70902777781764,18.409583333324004,8588,-3.9847796
102.78319444448431,18.645972222212926,8589,-4.6991205
102.7809722222621,18.692083333324042,8590,-7.661512
102.857361111151,18.5423611111018,8591,9.805513
102.54736111115095,18.754861111101828,8592,14.783045
102.82263888892876,18.56263888887958,8593,-6.994667
102.71347222226208,18.544583333324024,8594,9.057175
102.41847222226204,18.534027777768465,8595,-4.5294313
102.43708333337315,18.44402777776845,8596,-4.4433475
102.60236111115096,18.482083333324013,8597,11.883418
102.4840277778176,18.71652777776849,8598,-6.2696466
102.54125000003984,18.53874999999069,8599,-4.2014704
102.49569444448427,18.60736111110181,8600,-5.2113476
102.63263888892874,18.413472222212892,8601,-4.2254524
102.6204166667065,18.6901388888796,8602,-4.406689
102.49625000003982,18.66597222221293,8603,-6.500939
102.8209722222621,18.712916666657378,8604,-3.4092782
102.8784722222621,18.600416666657363,8605,-7.3217144
102.83430555559544,18.703749999990713,8606,-2.1706824
102.5968055555954,18.723472222212937,8607,-6.409128
102.42541666670648,18.585416666657363,8608,-5.77566
102.42291666670648,18.635972222212924,8609,-0.6802404
102.41958333337315,18.503194444435128,8610,-4.8447504
102.89930555559543,18.648472222212927,8611,-5.896362
102.86541666670655,18.45958333332401,8612,-7.281106
102.61597222226206,18.580972222212917,8613,2.6662369
102.88319444448433,18.555694444435133,8614,-6.5028415
102.7959722222621,18.727638888879603,8615,-5.7394075
102.41541666670648,18.745972222212938,8616,-5.350025
102.49486111115094,18.584027777768473,8617,-4.556804
102.56513888892873,18.534861111101797,8618,8.546349
102.81736111115099,18.458472222212897,8619,-6.0110993
102.54736111115095,18.475138888879567,8620,-5.0008335
102.44986111115092,18.434861111101785,8621,-4.432897
102.5140277778176,18.58069444443514,8622,-7.284489
102.8759722222621,18.59680555554625,8623,-6.7479544
102.87819444448432,18.716249999990712,8624,-4.2248516
102.66569444448429,18.41013888887956,8625,-5.671881
102.45236111115094,18.446527777768452,8626,-4.8142138
102.79125000003987,18.73291666665738,8627,-2.4829526
102.66597222226207,18.765416666657387,8628,-3.180854
102.67763888892874,18.58069444443514,8629,1.6829286
102.56958333337317,18.640972222212923,8630,6.610146
102.66847222226207,18.677361111101817,8631,-7.6621304
102.61986111115095,18.714583333324047,8632,-4.1893044
102.46930555559538,18.4684722222129,8633,0.27899823
102.89013888892877,18.567083333324025,8634,-7.501556
102.4690277778176,18.702083333324044,8635,-5.5670576
102.53569444448428,18.523749999990685,8636,-4.7264357
102.41569444448426,18.64013888887959,8637,-4.690053
102.82625000003988,18.74041666665738,8638,4.6774626
102.80013888892876,18.402083333324,8639,-5.891651
102.66319444448429,18.61208333332403,8640,11.436721
102.63263888892874,18.662083333324038,8641,8.364027
102.49819444448427,18.65958333332404,8642,-6.1781316
102.88652777781766,18.724861111101827,8643,-6.995877
102.48041666670649,18.425416666657338,8644,-4.4383917
102.7995833333732,18.616805555546254,8645,-6.699552
102.42541666670648,18.729583333324047,8646,-6.2832117
102.71986111115096,18.405416666657334,8647,-4.5234175
102.84902777781765,18.42624999999067,8648,-4.200003
102.61513888892873,18.466249999990676,8649,9.644961
102.61347222226206,18.483194444435124,8650,11.286595
102.72152777781764,18.620694444435145,8651,-4.1737432
102.48180555559537,18.75874999999072,8652,-7.033125
102.67847222226207,18.579861111101806,8653,7.4477367
102.57597222226205,18.39847222221289,8654,-4.671253
102.88513888892876,18.695138888879598,8655,-6.6337595
102.76597222226208,18.484027777768457,8656,-0.56332976
102.67125000003985,18.59680555554625,8657,10.625791
102.71597222226208,18.476249999990678,8658,-5.557731
102.66097222226207,18.567361111101803,8659,11.177815
102.56847222226206,18.510972222212907,8660,9.057175
102.68902777781763,18.696527777768488,8661,-3.3566208
102.90291666670655,18.47374999999068,8662,-6.970357
102.44708333337316,18.663472222212928,8663,-5.9373574
102.56930555559539,18.753194444435163,8664,-0.21181741
102.58013888892873,18.76791666665739,8665,-6.132053
102.79291666670653,18.45569444443512,8666,-4.6747103
102.72236111115097,18.718749999990713,8667,-4.9994063
102.6131944444843,18.479027777768458,8668,9.959749
102.59347222226206,18.469305555546235,8669,-6.9460025
102.49791666670649,18.561527777768468,8670,-3.9046218
102.75625000003986,18.724861111101827,8671,-5.714971
102.42486111115093,18.519583333324018,8672,-1.5001314
102.65402777781763,18.464027777768454,8673,11.3293
102.72208333337319,18.45569444443512,8674,-5.3200226
102.46430555559537,18.437083333324008,8675,-4.3513484
102.83513888892877,18.503472222212906,8676,-5.2182665
102.7231944444843,18.442361111101786,8677,-5.142435
102.42791666670648,18.50152777776846,8678,-1.2491312
102.44486111115093,18.522361111101798,8679,4.8749356
102.44763888892871,18.433472222212895,8680,-2.9663966
102.46847222226204,18.434861111101785,8681,-3.6290846
102.5479166667065,18.667638888879594,8682,6.127235
102.52763888892872,18.585416666657363,8683,-6.2340603
102.78125000003986,18.756249999990718,8684,-6.329035
102.53125000003983,18.492916666657347,8685,-6.252949
102.81625000003987,18.617916666657365,8686,-6.0886436
102.80819444448431,18.47374999999068,8687,-5.5572515
102.90597222226211,18.712638888879603,8688,-4.7923584
102.6268055555954,18.74180555554627,8689,-5.328107
102.7456944444843,18.448472222212896,8690,-5.535843
102.61819444448429,18.600694444435142,8691,11.6297865
102.63875000003985,18.5498611111018,8692,12.148217
102.89319444448432,18.441527777768453,8693,-5.3086896
102.6318055555954,18.677638888879596,8694,-4.3178463
102.66069444448429,18.423749999990672,8695,-1.8576893
102.50319444448427,18.557083333324023,8696,7.7998085
102.69541666670652,18.684305555546263,8697,-5.251843
102.8734722222621,18.628194444435145,8698,-6.802319
102.89069444448432,18.413194444435113,8699,-4.540026
102.67847222226207,18.579583333324027,8700,6.7545896
102.41458333337314,18.53097222221291,8701,-5.423768
102.62486111115095,18.39624999999067,8702,-3.0190287
102.65958333337318,18.394583333324,8703,-7.2098336
102.58097222226206,18.748749999990718,8704,-4.54485
102.5154166667065,18.543749999990688,8705,-1.9515331
102.5204166667065,18.75097222221294,8706,5.110046
102.59208333337317,18.736527777768494,8707,-5.6568713
102.41652777781759,18.55513888887958,8708,-6.3054533
102.89958333337322,18.52819444443513,8709,-7.5710855
102.81819444448432,18.44708333332401,8710,-6.8905573
102.67208333337318,18.52708333332402,8711,5.597713
102.5415277778176,18.575694444435136,8712,-6.37024
102.55958333337317,18.63763888887959,8713,12.654487
102.56652777781761,18.665138888879596,8714,9.799112
102.9009722222621,18.72319444443516,8715,-8.024113
102.51708333337317,18.41513888887956,8716,-2.0481565
102.52152777781761,18.560138888879578,8717,-3.6597266
102.63347222226207,18.449027777768453,8718,4.3603325
102.67430555559541,18.57402777776847,8719,11.085322
102.56597222226206,18.530416666657352,8720,0.14646958
102.41819444448426,18.639583333324037,8721,-7.263865
102.6968055555954,18.45180555554623,8722,-6.853076
102.72625000003985,18.625416666657365,8723,-5.580963
102.5115277778176,18.439583333324006,8724,-4.1233993
102.80763888892876,18.633472222212923,8725,-1.7846473
102.5329166667065,18.652638888879594,8726,8.951814
102.64097222226206,18.464027777768454,8727,10.832127
102.64263888892873,18.703472222212934,8728,-5.4686117
102.74875000003986,18.447361111101785,8729,-6.4582777
102.50347222226205,18.603749999990697,8730,-4.509652
102.81180555559543,18.564583333324023,8731,-6.992546
102.76097222226208,18.664027777768485,8732,-5.799197
102.7045833333732,18.638472222212926,8733,1.7510904
102.78680555559542,18.67208333332404,8734,-6.393429
102.56819444448428,18.53874999999069,8735,11.445937
102.5265277778176,18.424305555546226,8736,9.782212
102.69708333337319,18.742638888879604,8737,-0.7564166
102.75263888892876,18.636805555546257,8738,-6.922877
102.82875000003988,18.69236111110182,8739,-5.728048
102.59708333337318,18.694027777768486,8740,-3.058143
102.71986111115096,18.503472222212906,8741,-2.245435
102.45486111115093,18.7026388888796,8742,-2.8498197
102.45041666670649,18.43902777776845,8743,-5.1905136
102.7895833333732,18.40374999999067,8744,-0.5221037
102.42180555559537,18.7665277777685,8745,-6.0273805
102.75180555559541,18.424861111101784,8746,-5.6084595
102.42486111115093,18.590138888879583,8747,-5.672016
102.7093055555954,18.55874999999069,8748,-2.6287467
102.44041666670648,18.588472222212918,8749,-5.4131145
102.59069444448428,18.504583333324018,8750,-6.4347315
102.76597222226208,18.484583333324014,8751,-3.8091598
102.71013888892874,18.69847222221293,8752,-2.531258
102.76125000003987,18.5623611111018,8753,-3.6683433
102.50819444448427,18.71041666665738,8754,-6.9755135
102.85152777781765,18.69624999999071,8755,-7.7575393
102.65458333337318,18.710972222212934,8756,-6.815842
102.67347222226208,18.75708333332405,8757,-6.44622
102.5643055555954,18.63263888887959,8758,8.364027
102.58763888892872,18.566249999990692,8759,-5.3582716
102.54819444448428,18.705694444435156,8760,-6.3532767
102.85569444448431,18.39736111110178,8761,-5.8043184
102.87791666670654,18.59819444443514,8762,-4.507792
102.46736111115094,18.58958333332403,8763,-5.33975
102.77930555559541,18.726249999990713,8764,-4.5698495
102.41680555559537,18.702361111101823,8765,-5.0952015
102.7820833333732,18.507638888879573,8766,-6.3206663
102.81263888892876,18.754027777768496,8767,-6.679808
102.81597222226209,18.500694444435126,8768,4.8738666
102.78041666670653,18.54624999999069,8769,8.7005
102.83236111115099,18.611527777768476,8770,-6.854291
102.76652777781764,18.516527777768463,8771,-7.070804
102.58097222226206,18.499861111101794,8772,10.538779
102.74930555559541,18.4684722222129,8773,1.3094171
102.88430555559543,18.76597222221294,8774,-6.7271476
102.57819444448428,18.686805555546265,8775,-6.585535
102.47930555559537,18.681805555546262,8776,-6.694352
102.63041666670651,18.726527777768492,8777,-2.1501837
102.69236111115096,18.754305555546274,8778,-6.198598
102.88680555559543,18.524861111101796,8779,-7.1012435
102.7770833333732,18.412083333324002,8780,-5.6483884
102.74986111115098,18.537916666657356,8781,9.699028
102.63791666670652,18.495694444435127,8782,-5.724465
102.66625000003985,18.424861111101784,8783,-1.495707
102.57513888892872,18.53597222221291,8784,10.188577
102.66263888892874,18.73347222221294,8785,-7.3783994
102.5529166667065,18.66430555554626,8786,8.951814
102.41902777781759,18.5448611111018,8787,-5.479179
102.85986111115099,18.495972222212902,8788,-5.8168087
102.81430555559542,18.41013888887956,8789,-6.762411
102.83319444448432,18.712083333324045,8790,-6.661773
102.53347222226205,18.5473611111018,8791,-1.3924568
102.70347222226208,18.617638888879586,8792,-7.3682513
102.58847222226206,18.456527777768454,8793,-6.106256
102.69152777781763,18.59041666665736,8794,14.4551525
102.57847222226206,18.466249999990676,8795,-4.7443004
102.58291666670651,18.621527777768478,8796,-5.6536098
102.69597222226207,18.69152777776849,8797,-4.4854765
102.55319444448428,18.54763888887958,8798,9.890083
102.71013888892874,18.67847222221293,8799,-2.3955154
102.67875000003986,18.53124999999069,8800,11.254399
102.55625000003984,18.600416666657363,8801,11.902084
102.67347222226208,18.551249999990688,8802,11.481977
102.75402777781764,18.554305555546247,8803,5.8539147
102.4415277778176,18.585694444435138,8804,-5.713441
102.72402777781764,18.671805555546264,8805,6.631727
102.86513888892877,18.44569444443512,8806,-5.0297728
102.75736111115097,18.540694444435132,8807,8.31073
102.8209722222621,18.57124999999069,8808,-7.4391546
102.89652777781765,18.746249999990717,8809,-6.9558253
102.90402777781766,18.54624999999069,8810,-2.4995096
102.77041666670652,18.58152777776847,8811,-1.868248
102.48486111115093,18.574861111101804,8812,-4.9750714
102.56513888892873,18.71152777776849,8813,-2.780388
102.54430555559539,18.46374999999068,8814,-5.8165493
102.81652777781765,18.65958333332404,8815,-1.641119
102.86375000003987,18.42041666665734,8816,-6.58366
102.78375000003986,18.672916666657375,8817,-5.51925
102.85513888892876,18.47874999999068,8818,-6.331086
102.87819444448432,18.606527777768477,8819,-7.0004864
102.4265277778176,18.644305555546257,8820,-6.984499
102.4990277778176,18.685972222212932,8821,-6.874912
102.52263888892871,18.73208333332405,8822,8.357733
102.69902777781763,18.43819444443512,8823,-4.045034
102.7118055555954,18.424583333324005,8824,-6.178165
102.53569444448428,18.729305555546272,8825,-2.375334
102.53569444448428,18.545138888879578,8826,-5.641533
102.74013888892875,18.75069444443516,8827,-6.3363967
102.72736111115097,18.598749999990698,8828,-5.7379456
102.68986111115096,18.711805555546267,8829,-3.0278409
102.49263888892871,18.532916666657353,8830,-5.417635
102.44180555559538,18.43152777776845,8831,-3.9532113
102.51291666670649,18.761805555546275,8832,-4.9233713
102.6204166667065,18.7051388888796,8833,-5.9183674
102.87319444448433,18.44402777776845,8834,-2.259635
102.8659722222621,18.534583333324022,8835,-5.9670715
102.45930555559538,18.472916666657344,8836,-5.7126656
102.5729166667065,18.584583333324026,8837,11.55861
102.64263888892873,18.467361111101788,8838,11.045049
102.42847222226204,18.694305555546265,8839,-7.572308
102.43180555559537,18.701805555546265,8840,-6.279581
102.63263888892874,18.576527777768472,8841,5.55489
102.61569444448429,18.64013888887959,8842,-2.4182181
102.71930555559541,18.704861111101824,8843,-1.4982507
102.6668055555954,18.66319444443515,8844,-5.0471416
102.67986111115096,18.60708333332403,8845,11.724402
102.81763888892876,18.5298611111018,8846,-5.6275945
102.50930555559538,18.727916666657382,8847,-5.3455114
102.78930555559542,18.41374999999067,8848,-6.3744464
102.66291666670652,18.754027777768496,8849,-6.793431
102.7795833333732,18.70624999999071,8850,-6.282347
102.71847222226208,18.5623611111018,8851,-1.9293741
102.72375000003986,18.462638888879567,8852,-6.6417823
102.88402777781766,18.766805555546277,8853,-6.9763637
102.50902777781761,18.546527777768468,8854,-5.276253
102.6968055555954,18.467083333324013,8855,-4.9667726
102.869861111151,18.487083333324016,8856,0.6258499
102.46263888892871,18.39624999999067,8857,-3.0666811
102.56125000003983,18.59041666665736,8858,12.183935
102.52958333337317,18.605416666657366,8859,-1.415414
102.57708333337317,18.709861111101823,8860,-6.512883
102.65402777781763,18.573472222212914,8861,10.365507
102.64652777781762,18.695138888879598,8862,-4.4480515
102.52152777781761,18.424583333324005,8863,-1.6309503
102.69375000003986,18.401805555546225,8864,-7.1500525
102.47791666670649,18.392361111101778,8865,7.800769
102.51013888892872,18.53874999999069,8866,-6.054453
102.5054166667065,18.435694444435118,8867,10.447304
102.5879166667065,18.67347222221293,8868,-5.4880285
102.67597222226208,18.725138888879602,8869,-6.2031956
102.88041666670655,18.476527777768457,8870,5.6893325
102.53569444448428,18.458472222212897,8871,-5.8165274
102.45597222226205,18.595416666657364,8872,-4.2661695
102.44041666670648,18.42402777776845,8873,-4.0554447
102.81597222226209,18.49652777776846,8874,-6.45549
102.78319444448431,18.43680555554623,8875,-7.5038505
102.52875000003984,18.585416666657363,8876,-5.463332
102.65152777781762,18.443472222212897,8877,9.587803
102.60736111115095,18.599027777768473,8878,8.998864
102.6468055555954,18.466805555546234,8879,11.085322
102.46347222226204,18.754583333324053,8880,-5.8209887
102.80986111115098,18.525138888879574,8881,-6.1245837
102.57458333337317,18.443472222212897,8882,-4.739873
102.44930555559537,18.462638888879567,8883,16.966022
102.61902777781762,18.41152777776845,8884,-4.1122217
102.6204166667065,18.4734722222129,8885,6.7545896
102.49736111115094,18.719583333324046,8886,-0.50068504
102.72347222226207,18.764583333324055,8887,-7.388225
102.8259722222621,18.743749999990715,8888,-6.0973973
102.47513888892871,18.526249999990686,8889,0.66724795
102.41513888892871,18.61513888887959,8890,-5.782553
102.82069444448432,18.505972222212904,8891,-7.265809
102.57236111115094,18.443749999990676,8892,-5.269161
102.6329166667065,18.417361111101783,8893,0.7445784
102.46402777781759,18.428194444435118,8894,-2.4130766
102.5518055555954,18.73458333332405,8895,-3.9553127
102.74263888892875,18.557916666657356,8896,8.546349
102.59236111115095,18.700694444435154,8897,-5.951559
102.59152777781762,18.40874999999067,8898,-3.7822514
102.62125000003984,18.67486111110182,8899,10.234514
102.76180555559542,18.745972222212938,8900,-4.9828095
102.82152777781765,18.433194444435117,8901,-6.1538897
102.51930555559538,18.485694444435126,8902,-4.6466618
102.59597222226206,18.69736111110182,8903,-5.7325096
102.77347222226209,18.647361111101816,8904,-6.3962646
102.86069444448432,18.76374999999072,8905,-6.7531447
102.41875000003981,18.746805555546274,8906,-7.675078
102.51263888892872,18.491527777768457,8907,2.3487592
102.67430555559541,18.550972222212913,8908,11.574871
102.82152777781765,18.618472222212922,8909,-4.948837
102.55069444448428,18.739027777768495,8910,-6.4869018
102.57236111115094,18.38847222221289,8911,-3.9673798
102.44708333337316,18.598749999990698,8912,-4.0338345
102.44541666670648,18.642083333324035,8913,-6.4514995
102.57680555559539,18.429583333324004,8914,-1.341841
102.42375000003982,18.601805555546253,8915,7.7995462
102.57625000003983,18.575138888879582,8916,4.7541623
102.81402777781764,18.68847222221293,8917,-5.9356976
102.75069444448431,18.681527777768487,8918,-4.152016
102.82652777781765,18.65041666665737,8919,-6.36785
102.44263888892871,18.422083333324004,8920,-4.4178243
102.56875000003984,18.629583333324035,8921,5.4126368
102.83013888892876,18.620416666657366,8922,-6.576862
102.49597222226205,18.396527777768444,8923,-3.6932573
102.90597222226211,18.674027777768487,8924,-3.8011525
102.44375000003981,18.409027777768447,8925,1.8706269
102.4690277778176,18.410694444435116,8926,-2.1702766
102.63069444448429,18.407916666657336,8927,-4.7562447
102.86430555559544,18.630416666657368,8928,-7.215526
102.43791666670649,18.698194444435156,8929,-5.475104
102.69875000003985,18.63263888887959,8930,-5.709743
102.79902777781764,18.418194444435116,8931,-2.4795368
102.66263888892874,18.608194444435142,8932,9.575402
102.81291666670654,18.4659722222129,8933,-5.449772
102.64263888892873,18.619305555546255,8934,10.668193
102.6281944444843,18.600416666657363,8935,10.705833
102.53569444448428,18.696527777768488,8936,-1.7315421
102.86263888892877,18.559861111101803,8937,-7.0765805
102.45875000003981,18.57319444443514,8938,-6.421082
102.6329166667065,18.670694444435153,8939,9.890083
102.85652777781766,18.76874999999072,8940,-7.485635
102.59569444448428,18.58291666665736,8941,10.012686
102.47347222226205,18.634583333324034,8942,-2.2734299
102.68541666670652,18.692083333324042,8943,-5.426181
102.50680555559538,18.551805555546245,8944,8.524577
102.80791666670653,18.60347222221292,8945,-5.8287015
102.6193055555954,18.579583333324027,8946,1.2838295
102.7281944444843,18.720694444435157,8947,-6.914554
102.85180555559543,18.38736111110178,8948,-4.6912847
102.50069444448427,18.628194444435145,8949,-6.285099
102.70152777781763,18.75347222221294,8950,-6.158654
102.68708333337318,18.69124999999071,8951,-4.8862762
102.67513888892874,18.5373611111018,8952,11.111299
102.4840277778176,18.569861111101805,8953,-4.979668
102.81291666670654,18.74819444443516,8954,-7.0579
102.56458333337316,18.59986111110181,8955,11.55861
102.56847222226206,18.67597222221293,8956,-4.4068084
102.84930555559544,18.629305555546257,8957,-6.527104
102.77430555559542,18.69874999999071,8958,-5.620158
102.6843055555954,18.64819444443515,8959,-3.9572806
102.70680555559541,18.535138888879576,8960,11.223281
102.53180555559538,18.70624999999071,8961,-4.1593184
102.83819444448432,18.5373611111018,8962,-4.2567887
102.77430555559542,18.545138888879578,8963,6.5621567
102.83069444448432,18.7026388888796,8964,-3.5310988
102.55375000003983,18.41097222221289,8965,-3.0890996
102.76847222226209,18.594305555546253,8966,-2.8192756
102.75013888892875,18.664027777768485,8967,-6.044327
102.41458333337314,18.764305555546276,8968,-1.4693469
102.87013888892876,18.59319444443514,8969,-6.5916243
102.56763888892873,18.39624999999067,8970,-2.9660063
102.45375000003982,18.6926388888796,8971,-5.664949
102.82430555559543,18.566249999990692,8972,-6.413176
102.75486111115097,18.5498611111018,8973,-6.2103114
102.46875000003982,18.411805555546227,8974,-5.1051154
102.41847222226204,18.726249999990713,8975,-7.2846684
102.60319444448429,18.498194444435125,8976,-5.9295316
102.69180555559541,18.41097222221289,8977,-5.3644257
102.4551388889287,18.47374999999068,8978,-4.433124
102.68930555559541,18.612638888879587,8979,4.155111
102.77486111115097,18.676527777768484,8980,-7.3878827
102.65013888892874,18.415972222212893,8981,-3.4302354
102.49263888892871,18.521249999990687,8982,-3.1205435
102.62708333337318,18.596249999990697,8983,6.1275334
102.60625000003984,18.548194444435133,8984,4.621027
102.46819444448427,18.58208333332403,8985,-3.655479
102.87791666670654,18.7051388888796,8986,-7.2950788
102.75097222226208,18.625972222212923,8987,-5.6592927
102.86152777781766,18.52347222221291,8988,-6.2742786
102.65847222226208,18.46486111110179,8989,11.098394
102.61847222226207,18.63402777776848,8990,-2.327669
102.60819444448428,18.519861111101797,8991,11.630722
102.7595833333732,18.737916666657384,8992,-7.479117
102.71763888892875,18.508472222212905,8993,-4.4229326
102.4790277778176,18.50680555554624,8994,-5.4176517
102.79430555559543,18.613194444435145,8995,-6.0905786
102.86569444448432,18.484027777768457,8996,-6.1032405
102.46847222226204,18.4609722222129,8997,-5.9574223
102.63791666670652,18.502361111101795,8998,8.493276
102.8659722222621,18.39319444443511,8999,-6.0637336
102.4940277778176,18.49541666665735,9000,-5.504515
102.55486111115094,18.42624999999067,9001,-3.813815
102.60847222226207,18.51680555554624,9002,6.743542
102.77847222226208,18.498194444435125,9003,-7.230633
102.42625000003981,18.393749999990668,9004,-5.6426415
102.50263888892871,18.73597222221294,9005,8.013706
102.47430555559538,18.642083333324035,9006,6.2818427
102.63986111115095,18.527361111101797,9007,1.4814125
102.76319444448431,18.72458333332405,9008,-6.0302415
102.60875000003985,18.468749999990678,9009,17.927303
102.5229166667065,18.759583333324052,9010,-6.1444845
102.61986111115095,18.620138888879588,9011,5.906407
102.74347222226208,18.683194444435152,9012,7.073363
102.72402777781764,18.495972222212902,9013,-4.6621265
102.68263888892874,18.701805555546265,9014,-6.3328137
102.51736111115093,18.42513888887956,9015,8.311404
102.8084722222621,18.449305555546232,9016,-4.892722
102.41736111115092,18.510694444435128,9017,-3.9783092
102.67541666670651,18.517083333324017,9018,9.099325
102.8834722222621,18.719861111101824,9019,-5.1783466
102.54597222226205,18.591527777768473,9020,-6.7674646
102.82819444448431,18.661249999990705,9021,-6.1514606
102.55986111115095,18.493472222212905,9022,-6.75809
102.42569444448426,18.479305555546237,9023,0.937951
102.76791666670653,18.609583333324032,9024,-6.475596
102.80625000003987,18.392638888879556,9025,-5.5082793
102.4390277778176,18.431805555546227,9026,-5.1370015
102.68458333337318,18.401805555546225,9027,-4.597748
102.6179166667065,18.4734722222129,9028,2.0154417
102.73736111115097,18.425694444435116,9029,-4.5297666
102.45180555559537,18.760972222212942,9030,-3.195368
102.68708333337318,18.550138888879577,9031,10.779942
102.51819444448427,18.745416666657384,9032,6.385139
102.71402777781763,18.545138888879578,9033,13.833841
102.71236111115097,18.400694444435114,9034,-6.4469247
102.61125000003985,18.537638888879577,9035,10.362385
102.56263888892872,18.551805555546245,9036,11.308466
102.78847222226209,18.508194444435127,9037,-6.930811
102.78236111115098,18.439861111101784,9038,-6.841621
102.80375000003987,18.549027777768465,9039,-6.4681454
102.71208333337319,18.407916666657336,9040,-6.4662943
102.60652777781762,18.578472222212916,9041,-6.221775
102.68736111115096,18.459305555546234,9042,-4.826829
102.59152777781762,18.48124999999068,9043,13.182464
102.75319444448431,18.490694444435125,9044,-3.8357484
102.6054166667065,18.757916666657387,9045,-2.9669433
102.58069444448428,18.442638888879564,9046,-0.46499088
102.75458333337319,18.46180555554623,9047,-4.949704
102.70652777781763,18.628472222212924,9048,-5.692544
102.72986111115097,18.602638888879586,9049,-3.261055
102.83180555559542,18.53069444443513,9050,-3.3977067
102.5429166667065,18.443749999990676,9051,-4.03335
102.80263888892875,18.602361111101807,9052,-3.1944427
102.81625000003987,18.537916666657356,9053,-5.7980623
102.81819444448432,18.424861111101784,9054,-5.973383
102.85652777781766,18.72180555554627,9055,-7.6941805
102.83569444448432,18.71652777776849,9056,-6.7525716
102.71875000003986,18.51152777776846,9057,-6.040202
102.65708333337318,18.409305555546226,9058,-5.4316645
102.54680555559538,18.719861111101824,9059,-5.067705
102.87208333337321,18.55458333332402,9060,-7.422504
102.56847222226206,18.418194444435116,9061,-4.0326
102.59208333337317,18.524305555546242,9062,6.7988276
102.74986111115098,18.52180555554624,9063,-6.9782534
102.58847222226206,18.59097222221292,9064,9.699028
102.69625000003985,18.74347222221294,9065,-5.3986835
102.46097222226204,18.392083333324,9066,-5.0546274
102.68541666670652,18.65819444443515,9067,-6.4527006
102.83902777781765,18.39736111110178,9068,-3.0208032
102.6318055555954,18.759027777768498,9069,-4.9596395
102.66708333337318,18.722638888879604,9070,-6.508478
102.81791666670654,18.64902777776848,9071,-5.2909575
102.57375000003984,18.509027777768463,9072,10.974097
102.6568055555954,18.472916666657344,9073,5.432866
102.69208333337319,18.396527777768444,9074,-5.145738
102.50486111115094,18.564583333324023,9075,-3.7823503
102.60986111115095,18.751527777768494,9076,-1.5547286
102.81819444448432,18.73430555554627,9077,-5.5271244
102.8534722222621,18.60708333332403,9078,-6.256973
102.84569444448432,18.68958333332404,9079,-5.3638797
102.48180555559537,18.45319444443512,9080,-3.047517
102.81625000003987,18.7690277777685,9081,-6.8109245
102.7670833333732,18.474027777768455,9082,-6.384328
102.68375000003985,18.44402777776845,9083,-4.645007
102.6831944444843,18.64958333332404,9084,9.958749
102.83652777781765,18.416805555546226,9085,-5.978704
102.66152777781762,18.605138888879587,9086,3.539947
102.79791666670654,18.482916666657346,9087,-6.609346
102.83319444448432,18.41513888887956,9088,-4.032944
102.89458333337322,18.43791666665734,9089,10.415464
102.8409722222621,18.63291666665737,9090,-6.3618326
102.69152777781763,18.73958333332405,9091,-5.562328
102.57208333337317,18.689305555546266,9092,-5.6168776
102.69847222226207,18.53069444443513,9093,8.951814
102.85319444448432,18.4609722222129,9094,-6.1976576
102.55430555559539,18.660138888879594,9095,-3.9203017
102.62791666670651,18.58430555554625,9096,10.149967
102.65041666670652,18.676805555546263,9097,-6.616887
102.57208333337317,18.454027777768452,9098,0.62938535
102.88958333337321,18.558472222212913,9099,-5.4042296
102.89180555559544,18.567361111101803,9100,-7.4499273
102.71986111115096,18.585972222212916,9101,-0.9450287
102.76291666670653,18.59069444443514,9102,-2.4265282
102.43597222226204,18.399861111101778,9103,-3.1873276
102.74875000003986,18.476527777768457,9104,-6.6815653
102.82125000003987,18.75069444443516,9105,-7.2581005
102.70347222226208,18.607916666657363,9106,8.646808
102.61875000003984,18.551805555546245,9107,9.865389
102.75236111115098,18.74986111110183,9108,-5.2773404
102.57819444448428,18.602638888879586,9109,10.188577
102.69402777781764,18.689027777768487,9110,-0.94168484
102.48930555559538,18.540416666657354,9111,-4.2622085
102.51569444448427,18.525972222212907,9112,8.087672
102.51819444448427,18.60486111110181,9113,-7.7277746
102.80263888892875,18.48013888887957,9114,-5.0399165
102.81597222226209,18.660416666657373,9115,-4.956815
102.59708333337318,18.459861111101787,9116,-2.6062872
102.65541666670651,18.54097222221291,9117,10.761923
102.76986111115097,18.41263888887956,9118,3.9188347
102.79736111115098,18.753194444435163,9119,-6.8344774
102.82986111115099,18.567083333324025,9120,-6.432855
102.70375000003986,18.760694444435163,9121,-3.7056575
102.66180555559541,18.416805555546226,9122,-6.013674
102.48319444448427,18.46208333332401,9123,-2.966525
102.82486111115098,18.76736111110183,9124,-5.6869597
102.67708333337319,18.41902777776845,9125,-5.179663
102.53652777781761,18.619583333324034,9126,8.834031
102.86791666670655,18.40986111110178,9127,-6.473306
102.52263888892871,18.478194444435125,9128,-4.2659435
102.80819444448431,18.53958333332402,9129,-4.823411
102.872361111151,18.73458333332405,9130,-5.4816976
102.71541666670652,18.457361111101786,9131,-4.9701014
102.90402777781766,18.659861111101815,9132,-6.9080706
102.66013888892874,18.653749999990705,9133,-5.753617
102.6731944444843,18.677916666657374,9134,-4.870274
102.59847222226206,18.659027777768483,9135,-6.085154
102.42041666670649,18.391249999990666,9136,-4.165307
102.66291666670652,18.399583333324003,9137,-5.7373366
102.49819444448427,18.5398611111018,9138,5.7563906
102.58847222226206,18.509027777768463,9139,11.308008
102.84569444448432,18.513472222212908,9140,-6.146037
102.72125000003986,18.563472222212912,9141,8.172347
102.47347222226205,18.508472222212905,9142,2.7085063
102.8234722222621,18.398194444435113,9143,-6.2195554
102.64736111115096,18.465416666657344,9144,3.928948
102.66569444448429,18.54763888887958,9145,-6.088967
102.75236111115098,18.687083333324043,9146,9.003016
102.76125000003987,18.46374999999068,9147,-5.238384
102.76041666670653,18.52069444443513,9148,-6.3690724
102.69652777781764,18.597638888879587,9149,9.527178
102.6193055555954,18.718749999990713,9150,-6.0840764
102.82986111115099,18.414583333324003,9151,11.168537
102.71625000003985,18.535694444435133,9152,9.319539
102.64708333337317,18.720416666657382,9153,-5.5491686
102.80013888892876,18.43930555554623,9154,-5.6276517
102.82569444448431,18.600694444435142,9155,-5.999848
102.8709722222621,18.54624999999069,9156,-6.9379787
102.61236111115095,18.41236111110178,9157,-4.6985474
102.8645833333732,18.57152777776847,9158,-6.174407
102.88291666670655,18.41291666665734,9159,-5.607596
102.65152777781762,18.677083333324042,9160,-5.4740715
102.60819444448428,18.657638888879593,9161,11.276378
102.5565277778176,18.606527777768477,9162,11.77187
102.82541666670654,18.53069444443513,9163,-4.638646
102.69097222226208,18.59319444443514,9164,10.402925
102.42736111115093,18.407916666657336,9165,-5.1581445
102.63375000003984,18.677083333324042,9166,-3.8064406
102.77430555559542,18.6337499999907,9167,-4.3938856
102.71208333337319,18.6162499999907,9168,-6.197572
102.45180555559537,18.56652777776847,9169,-5.328843
102.57847222226206,18.387083333324,9170,9.187093
102.88041666670655,18.486805555546237,9171,-6.728702
102.74847222226208,18.676527777768484,9172,-1.9541912
102.74930555559541,18.76486111110183,9173,-6.6179953
102.69402777781764,18.74708333332405,9174,-7.669324
102.41347222226203,18.44291666665734,9175,-4.633217
102.67875000003986,18.542083333324022,9176,11.6297865
102.63236111115096,18.41874999999067,9177,-4.5564113
102.4615277778176,18.509861111101795,9178,-5.0420322
102.41541666670648,18.751527777768494,9179,-7.1576214
102.87430555559544,18.569583333324026,9180,-5.98664
102.81847222226209,18.60458333332403,9181,0.63291425
102.82875000003988,18.721527777768493,9182,-6.0238776
102.50736111115094,18.694861111101822,9183,-6.3552685
102.57458333337317,18.743749999990715,9184,-5.9153523
102.78263888892876,18.568749999990693,9185,-4.4756002
102.58402777781761,18.644305555546257,9186,-5.4531283
102.79541666670653,18.583749999990694,9187,-5.714244
102.72458333337319,18.584027777768473,9188,10.96862
102.897361111151,18.74208333332405,9189,3.44569
102.7406944444843,18.766805555546277,9190,-5.4851794
102.44097222226203,18.39347222221289,9191,-1.9904647
102.45291666670649,18.567916666657357,9192,-5.2890725
102.44875000003982,18.712083333324045,9193,-6.5566683
102.46097222226204,18.63236111110181,9194,-0.1250543
102.84263888892876,18.57152777776847,9195,-1.0639013
102.5943055555954,18.43013888887956,9196,-4.6576934
102.81986111115098,18.508194444435127,9197,0.17882049
102.89291666670655,18.46319444443512,9198,-5.8369055
102.63847222226207,18.65041666665737,9199,10.38499
102.75125000003986,18.56124999999069,9200,-4.296083
102.43069444448426,18.419305555546227,9201,-5.3825054
102.49847222226205,18.433749999990674,9202,6.9151707
102.43541666670649,18.693194444435154,9203,-6.3802576
102.82236111115098,18.667638888879594,9204,-5.597281
102.65125000003985,18.38819444443511,9205,-4.03319
102.6831944444843,18.449305555546232,9206,-6.08065
102.7181944444843,18.456527777768454,9207,-4.7585773
102.87569444448432,18.545138888879578,9208,-6.049258
102.60847222226207,18.510972222212907,9209,9.409516
102.64902777781762,18.664027777768485,9210,-3.1355681
102.4590277778176,18.6826388888796,9211,-6.4117403
102.5429166667065,18.401249999990668,9212,20.968134
102.72097222226208,18.568749999990693,9213,8.898353
102.79986111115097,18.480972222212902,9214,-0.2467537
102.79013888892875,18.744305555546273,9215,-2.831471
102.68736111115096,18.671805555546264,9216,-5.9093757
102.57736111115095,18.527638888879576,9217,9.313041
102.5290277778176,18.564861111101802,9218,-7.4056706
102.76291666670653,18.63097222221292,9219,-5.3406787
102.74513888892875,18.745416666657384,9220,-6.889463
102.87180555559543,18.689305555546266,9221,-4.664172
102.56708333337316,18.440138888879563,9222,-1.4622595
102.45625000003982,18.748749999990718,9223,-6.890514
102.67791666670652,18.660416666657373,9224,3.9289925
102.53708333337316,18.755694444435164,9225,13.073558
102.74486111115097,18.57791666665736,9226,8.780516
102.6793055555954,18.684305555546263,9227,-3.114689
102.67819444448429,18.730972222212937,9228,-7.915306
102.48291666670649,18.582638888879583,9229,0.29159564
102.75347222226209,18.694583333324044,9230,9.845632
102.47708333337316,18.44541666665734,9231,-2.3068378
102.8409722222621,18.67347222221293,9232,-6.5104685
102.72180555559541,18.490694444435125,9233,-7.330901
102.67736111115096,18.47069444443512,9234,3.7865508
102.44125000003982,18.727916666657382,9235,-6.208804
102.8934722222621,18.7151388888796,9236,-6.8288484
102.52513888892872,18.52458333332402,9237,-5.204463
102.56208333337317,18.686527777768486,9238,-5.362149
102.50458333337316,18.497361111101792,9239,-5.7382693
102.68902777781763,18.620416666657366,9240,-4.8244176
102.87791666670654,18.65791666665737,9241,-4.4740715
102.44125000003982,18.483194444435124,9242,-4.8142
102.83763888892877,18.61347222221292,9243,-6.6558013
102.71597222226208,18.47208333332401,9244,-4.7217894
102.63763888892873,18.75597222221294,9245,-5.0072484
102.62402777781762,18.719027777768492,9246,-5.93485
102.87763888892877,18.53819444443513,9247,-2.4241974
102.4604166667065,18.57791666665736,9248,-1.5158199
102.80763888892876,18.456249999990675,9249,-4.938691
102.41958333337315,18.542916666657355,9250,-3.0962834
102.83125000003987,18.56263888887958,9251,-6.8270755
102.6518055555954,18.6162499999907,9252,2.202879
102.68930555559541,18.579583333324027,9253,2.5446775
102.88180555559543,18.655138888879595,9254,-7.8483
102.64402777781763,18.584861111101805,9255,9.239206
102.56125000003983,18.515972222212906,9256,6.6740994
102.59402777781762,18.60347222221292,9257,6.0916705
102.64986111115095,18.76124999999072,9258,-5.078803
102.63097222226207,18.556805555546244,9259,10.492259
102.7920833333732,18.74208333332405,9260,-4.451504
102.73930555559542,18.634305555546256,9261,-4.1485157
102.62375000003985,18.72430555554627,9262,-4.6260676
102.59958333337318,18.706805555546268,9263,-6.96473
102.65347222226207,18.621805555546256,9264,10.121885
102.67402777781763,18.636805555546257,9265,3.7255754
102.50486111115094,18.460416666657345,9266,-3.915412
102.43069444448426,18.717638888879602,9267,-6.550791
102.44569444448426,18.635416666657367,9268,-4.1780405
102.72708333337319,18.433194444435117,9269,-5.066629
102.75319444448431,18.62208333332403,9270,-2.415184
102.70791666670652,18.401527777768447,9271,-6.095908
102.8509722222621,18.690416666657377,9272,-5.1344543
102.62513888892873,18.72291666665738,9273,-5.941555
102.52013888892871,18.563194444435137,9274,-1.1564356
102.81652777781765,18.525138888879574,9275,-6.6021996
102.67375000003985,18.579861111101806,9276,10.0504265
102.79319444448431,18.525416666657353,9277,-6.796269
102.57069444448427,18.452638888879566,9278,-5.126158
102.75736111115097,18.472916666657344,9279,-6.824333
102.70180555559541,18.640694444435148,9280,9.319539
102.8909722222621,18.728472222212936,9281,-7.288638
102.83736111115098,18.456805555546232,9282,-4.5977674
102.68541666670652,18.452361111101787,9283,-1.4328239
102.77347222226209,18.537916666657356,9284,5.569164
102.88263888892877,18.744305555546273,9285,-7.691869
102.5729166667065,18.536249999990687,9286,12.444949
102.57430555559539,18.542638888879576,9287,10.666613
102.53986111115094,18.597916666657362,9288,-5.257265
102.56347222226206,18.476805555546235,9289,-3.2743752
102.55430555559539,18.430972222212894,9290,-4.597745
102.8495833333732,18.49374999999068,9291,-6.159838
102.56513888892873,18.749027777768497,9292,-6.8955064
102.62513888892873,18.483749999990682,9293,5.975367
102.71291666670652,18.640972222212923,9294,-6.4075475
102.49125000003983,18.5473611111018,9295,5.9399114
102.86069444448432,18.435694444435118,9296,-6.9426694
102.86791666670655,18.721527777768493,9297,-5.966618
102.56513888892873,18.675138888879594,9298,5.1422195
102.87402777781766,18.6312499999907,9299,-7.454342
102.76680555559543,18.626805555546255,9300,-7.2995305
102.61958333337317,18.486805555546237,9301,6.127992
102.56319444448428,18.475416666657345,9302,-6.3916793
102.66458333337319,18.477916666657347,9303,6.3808513
102.65236111115095,18.693194444435154,9304,-5.942402
102.8045833333732,18.480972222212902,9305,-5.2775493
102.46319444448426,18.452638888879566,9306,0.41463777
102.52208333337316,18.7151388888796,9307,3.515037
102.74430555559542,18.50541666665735,9308,-1.5493374
102.64791666670651,18.445972222212898,9309,11.804445
102.64458333337318,18.44819444443512,9310,9.175147
102.77180555559542,18.518194444435128,9311,-5.747379
102.62236111115095,18.41097222221289,9312,-0.2583489
102.51263888892872,18.684027777768485,9313,14.844428
102.60402777781762,18.522361111101798,9314,10.64641
102.58625000003984,18.487083333324016,9315,9.932643
102.62708333337318,18.5498611111018,9316,9.845632
102.42986111115093,18.38736111110178,9317,-5.2418914
102.58430555559539,18.743749999990715,9318,-5.8006153
102.44069444448427,18.458749999990676,9319,0.3531633
102.88902777781766,18.727361111101825,9320,-6.6488233
102.43708333337315,18.700972222212933,9321,-6.107853
102.89569444448432,18.583749999990694,9322,-5.0076804
102.61041666670651,18.43013888887956,9323,-5.5044913
102.7470833333732,18.567083333324025,9324,9.186044
102.41847222226204,18.53597222221291,9325,-3.1348846
102.49930555559538,18.763472222212943,9326,-0.37677887
102.54458333337317,18.49374999999068,9327,-5.640725
102.53458333337316,18.64152777776848,9328,10.928977
102.6393055555954,18.49791666665735,9329,-4.245998
102.88652777781766,18.732361111101827,9330,-3.5214117
102.54819444448428,18.60763888887959,9331,4.2128835
102.55875000003984,18.399305555546224,9332,-5.3825
102.44347222226205,18.769305555546275,9333,-6.9557962
102.48569444448427,18.41986111110178,9334,-4.5955853
102.88180555559543,18.72708333332405,9335,-7.1610255
102.77736111115098,18.423472222212894,9336,-1.1818031
102.66041666670651,18.41402777776845,9337,-5.5401163
102.5279166667065,18.73486111110183,9338,-3.3411386
102.90208333337321,18.729583333324047,9339,-4.4539585
102.69291666670652,18.602361111101807,9340,11.085322
102.6079166667065,18.415416666657336,9341,-4.506926
102.77430555559542,18.758194444435162,9342,-5.8749576
102.56458333337316,18.4859722222129,9343,-5.9144683
102.75041666670653,18.690694444435152,9344,-2.9686096
102.4604166667065,18.434861111101785,9345,-4.3483644
102.41930555559537,18.392916666657335,9346,-5.2313666
102.79486111115098,18.54013888887958,9347,5.666784
102.81430555559542,18.61486111110181,9348,-3.2928162
102.77375000003987,18.703194444435155,9349,-7.973471
102.66013888892874,18.483194444435124,9350,9.973465
102.45208333337315,18.43791666665734,9351,0.22048791
102.48319444448427,18.451249999990676,9352,-4.001873
102.78597222226209,18.61458333332403,9353,-6.242644
102.86958333337321,18.764027777768497,9354,-6.1346254
102.4715277778176,18.640694444435148,9355,-0.17100225
102.59513888892873,18.578194444435137,9356,10.51579
102.67986111115096,18.64541666665737,9357,-6.695894
102.47041666670648,18.63013888887959,9358,-4.2869234
102.85125000003987,18.643749999990703,9359,-5.458018
102.6831944444843,18.71680555554627,9360,-6.4349427
102.71680555559541,18.627638888879588,9361,-4.7651634
102.87291666670654,18.406805555546224,9362,-5.861691
102.59763888892873,18.43624999999067,9363,-1.1504569
102.90125000003988,18.638472222212926,9364,-6.916089
102.59402777781762,18.51319444443513,9365,-4.76397
102.86930555559543,18.45430555554623,9366,-7.661948
102.54513888892872,18.602638888879586,9367,-5.142115
102.65763888892873,18.76791666665739,9368,-6.6639075
102.80680555559543,18.391805555546224,9369,-3.9850464
102.57180555559539,18.60736111110181,9370,2.396512
102.50375000003983,18.64958333332404,9371,-6.7787366
102.8370833333732,18.417916666657337,9372,-6.3959055
102.75430555559542,18.449583333324007,9373,-7.0424166
102.42125000003982,18.517361111101796,9374,-1.4828202
102.55513888892872,18.475694444435124,9375,-6.6727076
102.69902777781763,18.41986111110178,9376,-5.604164
102.79041666670653,18.526527777768464,9377,-4.766049
102.89208333337321,18.561805555546247,9378,-5.977228
102.51486111115094,18.694305555546265,9379,-1.2643527
102.83958333337321,18.479305555546237,9380,-3.1108572
102.60902777781762,18.576805555546247,9381,-5.5268846
102.74819444448431,18.62402777776848,9382,-5.586581
102.51097222226205,18.52180555554624,9383,7.8193355
102.73013888892875,18.400416666657335,9384,-6.556905
102.80625000003987,18.686249999990707,9385,-5.104409
102.86875000003988,18.754305555546274,9386,-6.77209
102.55125000003983,18.64180555554626,9387,10.779942
102.5379166667065,18.51541666665735,9388,-4.7880187
102.80097222226209,18.639583333324037,9389,-3.6330345
102.57902777781761,18.57124999999069,9390,10.418151
102.84486111115099,18.41874999999067,9391,-6.376701
102.43458333337315,18.65069444443515,9392,-3.4230402
102.88125000003988,18.486805555546237,9393,-5.7727532
102.43625000003982,18.734027777768492,9394,-6.1863427
102.58486111115094,18.722361111101826,9395,-5.7951035
102.52763888892872,18.74819444443516,9396,-5.0209002
102.54097222226206,18.75597222221294,9397,-6.1535378
102.80347222226209,18.62513888887959,9398,-3.6509116
102.8659722222621,18.652638888879594,9399,-6.3059225
102.62875000003984,18.617638888879586,9400,6.6181483
102.44069444448427,18.42041666665734,9401,-5.6117735
102.6668055555954,18.52347222221291,9402,7.7523975
102.52958333337317,18.763194444435165,9403,-6.548147
102.4879166667065,18.664861111101818,9404,-5.573122
102.82263888892876,18.7151388888796,9405,3.1337516
102.42986111115093,18.603749999990697,9406,-4.5960045
102.5504166667065,18.69374999999071,9407,0.21441504
102.62125000003984,18.515138888879573,9408,10.625791
102.82652777781765,18.74236111110183,9409,-7.380416
102.73236111115096,18.6237499999907,9410,-6.3529863
102.63069444448429,18.636527777768478,9411,5.9369855
102.65708333337318,18.627083333324034,9412,10.761923
102.56125000003983,18.661249999990705,9413,9.450331
102.45986111115093,18.49402777776846,9414,-4.8144565
102.71847222226208,18.73458333332405,9415,-1.8653944
102.68763888892875,18.423472222212894,9416,-4.3789062
102.44791666670649,18.737638888879605,9417,-4.7201834
102.5054166667065,18.44819444443512,9418,-4.661817
102.71236111115097,18.65069444443515,9419,7.853202
102.4840277778176,18.630694444435147,9420,-1.1061263
102.50875000003983,18.75208333332405,9421,-3.8336496
102.74152777781764,18.601527777768474,9422,-8.200125
102.56069444448428,18.441527777768453,9423,-5.923682
102.8384722222621,18.603749999990697,9424,1.0941492
102.9009722222621,18.48791666665735,9425,-6.5682397
102.71125000003985,18.5573611111018,9426,8.994579
102.63652777781762,18.739861111101828,9427,-2.9211886
102.67819444448429,18.74819444443516,9428,-3.7963972
102.47375000003983,18.66069444443515,9429,-4.478949
102.72347222226207,18.446527777768452,9430,-6.6328053
102.64958333337319,18.439583333324006,9431,8.546349
102.5154166667065,18.71791666665738,9432,-0.31685388
102.79236111115098,18.54763888887958,9433,-6.5075088
102.85875000003988,18.54708333332402,9434,-6.269528
102.6218055555954,18.549305555546244,9435,10.365507
102.61291666670651,18.652083333324036,9436,10.28095
102.57680555559539,18.769583333324054,9437,-7.3010197
102.76319444448431,18.58041666665736,9438,-3.0726151
102.49458333337316,18.49013888887957,9439,-5.3948054
102.42847222226204,18.477916666657347,9440,-2.6462708
102.64458333337318,18.433749999990674,9441,9.431945
102.8359722222621,18.52208333332402,9442,-6.88679
102.76291666670653,18.662083333324038,9443,-6.726283
102.75291666670653,18.565694444435135,9444,-4.9500227
102.86875000003988,18.72319444443516,9445,-2.478595
102.57736111115095,18.509583333324017,9446,10.468162
102.59069444448428,18.64930555554626,9447,-5.8186955
102.60819444448428,18.559583333324024,9448,5.4583545
102.76680555559543,18.601805555546253,9449,-6.8442893
102.76319444448431,18.390416666657334,9450,-4.6674848
102.7870833333732,18.619305555546255,9451,-5.0265074
102.75458333337319,18.50152777776846,9452,-4.0049396
102.77541666670653,18.43652777776845,9453,-5.8274293
102.7856944444843,18.681527777768487,9454,-5.909398
102.76930555559542,18.400694444435114,9455,-6.053748
102.61263888892873,18.490972222212903,9456,6.106542
102.85791666670654,18.663472222212928,9457,0.8940296
102.46069444448426,18.42930555554623,9458,-5.410076
102.41513888892871,18.476249999990678,9459,-4.465352
102.68458333337318,18.550416666657355,9460,10.188577
102.86402777781765,18.63763888887959,9461,-3.7591894
102.82319444448432,18.462638888879567,9462,-2.630104
102.6493055555954,18.540416666657354,9463,3.7556112
102.6043055555954,18.588472222212918,9464,-6.0032125
102.78625000003987,18.712361111101824,9465,-2.5896304
102.78375000003986,18.677638888879596,9466,-6.853463
102.6343055555954,18.729861111101826,9467,-4.3695135
102.86263888892877,18.400694444435114,9468,-7.17914
102.62625000003985,18.74319444443516,9469,-5.6962247
102.57597222226205,18.512083333324018,9470,10.365507
102.90486111115099,18.704861111101824,9471,-6.987478
102.52930555559539,18.65708333332404,9472,15.705037
102.65236111115095,18.658749999990704,9473,-5.035281
102.51736111115093,18.42402777776845,9474,-3.017552
102.50791666670649,18.479027777768458,9475,-1.8712053
102.76569444448431,18.713472222212935,9476,-2.0282438
102.88069444448432,18.45458333332401,9477,-6.2342243
102.55680555559539,18.640972222212923,9478,13.220735
102.6856944444843,18.467638888879566,9479,-6.4070835
102.58013888892873,18.42763888887956,9480,8.951814
102.52875000003984,18.5423611111018,9481,-5.4501386
102.49597222226205,18.66319444443515,9482,-6.9011817
102.62541666670651,18.637361111101814,9483,-4.7699194
102.52986111115094,18.663472222212928,9484,10.666613
102.77763888892875,18.659027777768483,9485,-6.4048448
102.6054166667065,18.701805555546265,9486,-4.3721204
102.78513888892876,18.479027777768458,9487,-5.835957
102.74097222226209,18.639305555546258,9488,-4.647529
102.62847222226206,18.387638888879554,9489,-3.018662
102.82791666670654,18.459861111101787,9490,-5.513941
102.87541666670654,18.409583333324004,9491,-4.7934327
102.90125000003988,18.446527777768452,9492,-5.304947
102.66347222226207,18.58791666665736,9493,7.4477367
102.5604166667065,18.690416666657377,9494,-4.725034
102.7495833333732,18.456527777768454,9495,-5.879329
102.62791666670651,18.413472222212892,9496,-2.6473088
102.42569444448426,18.6237499999907,9497,-4.4309654
102.77625000003987,18.53097222221291,9498,7.6523447
102.63458333337317,18.59569444443514,9499,12.713707
102.70513888892874,18.626527777768477,9500,-5.364837
102.6681944444843,18.663749999990706,9501,-6.817692
102.89763888892877,18.723749999990716,9502,-4.8125386
102.7945833333732,18.46486111110179,9503,-5.85771
102.84902777781765,18.72430555554627,9504,-5.648395
102.52069444448428,18.559861111101803,9505,-4.8565273
102.50319444448427,18.428194444435118,9506,6.11539
102.66375000003985,18.544027777768466,9507,5.1754794
102.64902777781762,18.527916666657354,9508,9.239496
102.41347222226203,18.739027777768495,9509,-6.179239
102.70291666670651,18.507361111101794,9510,-5.9083796
102.64041666670651,18.648472222212927,9511,-6.0629096
102.54708333337317,18.400694444435114,9512,-5.904983
102.64013888892873,18.580972222212917,9513,11.473088
102.87013888892876,18.458749999990676,9514,-3.7672534
102.54625000003983,18.737916666657384,9515,-7.107171
102.55513888892872,18.44819444443512,9516,7.3949795
102.47986111115094,18.533749999990686,9517,-6.1610584
102.60847222226207,18.51041666665735,9518,-6.5670714
102.75486111115097,18.64652777776848,9519,-6.7437367
102.45180555559537,18.657638888879593,9520,-5.0485835
102.5804166667065,18.652638888879594,9521,-5.596086
102.48458333337315,18.42013888887956,9522,-1.3561618
102.6793055555954,18.58208333332403,9523,9.542017
102.5315277778176,18.64291666665737,9524,11.149038
102.87430555559544,18.67208333332404,9525,-1.2348605
102.79986111115097,18.659027777768483,9526,-6.665878
102.66708333337318,18.41902777776845,9527,0.0942498
102.85208333337322,18.66319444443515,9528,-6.997314
102.59375000003983,18.49902777776846,9529,9.46264
102.59375000003983,18.58430555554625,9530,9.932643
102.88402777781766,18.531805555546242,9531,-4.2626953
102.78875000003987,18.69097222221293,9532,-3.1521242
102.6418055555954,18.629027777768478,9533,-5.8297043
102.59263888892873,18.415416666657336,9534,-4.1735187
102.7595833333732,18.534027777768465,9535,-4.793805
102.67125000003985,18.73458333332405,9536,-6.7433047
102.45430555559537,18.71652777776849,9537,-6.013557
102.4651388889287,18.737361111101826,9538,-5.078614
102.63319444448429,18.498194444435125,9539,5.988738
102.78930555559542,18.44541666665734,9540,-6.5749903
102.6543055555954,18.495694444435127,9541,-4.5691147
102.56763888892873,18.484861111101793,9542,-5.091998
102.58930555559539,18.636527777768478,9543,-4.1646132
102.82319444448432,18.75847222221294,9544,-5.0122275
102.70263888892875,18.509305555546238,9545,-5.2488613
102.53013888892872,18.717361111101823,9546,6.3801107
102.88569444448433,18.414861111101782,9547,-7.627981
102.50680555559538,18.745972222212938,9548,6.532368
102.58708333337317,18.466249999990676,9549,-6.4845037
102.49930555559538,18.42624999999067,9550,6.696389
102.80875000003986,18.73069444443516,9551,-7.178172
102.62291666670652,18.434305555546228,9552,-5.070369
102.81541666670654,18.43819444443512,9553,-5.904051
102.55152777781761,18.49652777776846,9554,-3.1598556
102.76347222226208,18.545138888879578,9555,7.394413
102.88291666670655,18.492916666657347,9556,-4.802272
102.62236111115095,18.678194444435153,9557,9.458504
102.46180555559538,18.655972222212927,9558,-7.021077
102.89291666670655,18.564583333324023,9559,-7.4653287
102.49375000003982,18.415694444435115,9560,-6.3819833
102.52236111115094,18.442083333324007,9561,-4.5976834
102.59763888892873,18.741249999990718,9562,-4.352623
102.59625000003984,18.4709722222129,9563,-6.8122725
102.8809722222621,18.595138888879585,9564,-5.279161
102.46958333337315,18.61236111110181,9565,-3.5796535
102.47513888892871,18.42624999999067,9566,-4.032448
102.43291666670649,18.638194444435147,9567,-2.0415146
102.74652777781763,18.760972222212942,9568,-6.7592444
102.54319444448427,18.425416666657338,9569,13.991864
102.4126388889287,18.705972222212935,9570,-6.06942
102.41541666670648,18.60847222221292,9571,-0.44741455
102.44125000003982,18.47208333332401,9572,-5.0008106
102.72902777781763,18.405416666657334,9573,-4.4271293
102.44902777781759,18.5448611111018,9574,-4.6020336
102.51180555559539,18.620416666657366,9575,-6.3745418
102.76180555559542,18.68986111110182,9576,-7.045613
102.50513888892871,18.68124999999071,9577,-2.7577052
102.52097222226205,18.670694444435153,9578,1.083941
102.75680555559542,18.55624999999069,9579,2.9055376
102.47625000003983,18.645138888879593,9580,-2.023105
102.90625000003989,18.476527777768457,9581,-3.5976489
102.61513888892873,18.433194444435117,9582,-5.22881
102.8770833333732,18.387916666657333,9583,-4.150514
102.57013888892872,18.618749999990698,9584,10.666613
102.79652777781764,18.4634722222129,9585,-5.396728
102.70763888892874,18.722638888879604,9586,-5.706522
102.67236111115096,18.54013888887958,9587,10.848934
102.76680555559543,18.670972222212928,9588,-3.7554913
102.57236111115094,18.673749999990708,9589,1.0332918
102.51930555559538,18.761527777768496,9590,-5.6084723
102.49875000003982,18.482083333324013,9591,8.546349
102.57902777781761,18.687638888879597,9592,-6.530539
102.65041666670652,18.730972222212937,9593,-5.781937
102.52013888892871,18.401249999990668,9594,-2.966601
102.56402777781761,18.66569444443515,9595,12.959531
102.66513888892874,18.484027777768457,9596,9.890083
102.87125000003988,18.47069444443512,9597,8.945788
102.60375000003984,18.768194444435164,9598,-3.9789786
102.60152777781762,18.549583333324023,9599,7.8347707
102.63652777781762,18.47874999999068,9600,13.289204
102.4904166667065,18.472916666657344,9601,-5.149779
102.74430555559542,18.687916666657376,9602,-4.4070344
102.47236111115093,18.745138888879605,9603,-6.726763
102.72152777781764,18.534583333324022,9604,7.4477367
102.8734722222621,18.68486111110182,9605,-3.5204346
102.61486111115096,18.637361111101814,9606,2.8191397
102.88791666670654,18.67486111110182,9607,-7.777736
102.65791666670651,18.63013888887959,9608,0.43261814
102.80125000003987,18.44708333332401,9609,-6.8932076
102.45597222226205,18.5373611111018,9610,-5.8754945
102.62708333337318,18.577083333324026,9611,10.492259
102.63736111115095,18.544027777768466,9612,10.66382
102.5379166667065,18.72541666665738,9613,-3.8152752
102.53708333337316,18.479305555546237,9614,-5.2495213
102.52402777781761,18.540416666657354,9615,-4.3364043
102.51291666670649,18.536249999990687,9616,9.724709
102.59402777781762,18.614305555546252,9617,-5.6395216
102.72875000003985,18.471805555546233,9618,-5.6296377
102.79902777781764,18.596527777768475,9619,-7.0619097
102.4226388889287,18.448472222212896,9620,-3.4501493
102.68263888892874,18.40486111110178,9621,-6.4081063
102.57902777781761,18.69902777776849,9622,-5.833567
102.74513888892875,18.53708333332402,9623,4.6373363
102.77625000003987,18.475694444435124,9624,-5.666544
102.58625000003984,18.535694444435133,9625,10.220325
102.67180555559541,18.557916666657356,9626,9.644961
102.44625000003981,18.72430555554627,9627,-1.9068894
102.49152777781761,18.438749999990673,9628,9.846706
102.5929166667065,18.579861111101806,9629,10.51579
102.71486111115097,18.513472222212908,9630,-6.1387496
102.8234722222621,18.535694444435133,9631,-6.1871786
102.74541666670653,18.447638888879563,9632,-3.4724474
102.65763888892873,18.4659722222129,9633,10.957001
102.71375000003985,18.609027777768475,9634,-4.971182
102.75430555559542,18.649861111101814,9635,-6.4560976
102.78597222226209,18.736249999990715,9636,-6.0389056
102.53125000003983,18.734027777768492,9637,10.881723
102.53652777781761,18.4659722222129,9638,-1.0959086
102.89625000003988,18.604305555546254,9639,-7.4430385
102.67263888892874,18.41013888887956,9640,-2.0324006
102.60180555559539,18.602638888879586,9641,7.4477367
102.53569444448428,18.5498611111018,9642,-6.526647
102.42125000003982,18.54124999999069,9643,-4.0162253
102.72458333337319,18.703472222212934,9644,-4.8167133
102.79013888892875,18.45958333332401,9645,-5.570973
102.64125000003985,18.634861111101813,9646,6.1480665
102.75430555559542,18.58819444443514,9647,-4.576018
102.73652777781764,18.532916666657353,9648,19.466463
102.60736111115095,18.475694444435124,9649,18.741358
102.6643055555954,18.66458333332404,9650,-4.9723396
102.64236111115096,18.583749999990694,9651,7.9399257
102.6193055555954,18.45180555554623,9652,-6.6029987
102.87041666670655,18.50263888887957,9653,2.200181
102.46125000003983,18.416249999990672,9654,9.867332
102.49708333337315,18.639305555546258,9655,-6.470777
102.89125000003988,18.717361111101823,9656,-2.6700501
102.66541666670652,18.46374999999068,9657,15.654569
102.71152777781764,18.562916666657358,9658,-4.724349
102.77402777781764,18.475138888879567,9659,1.1799629
102.58402777781761,18.626805555546255,9660,8.646697
102.53013888892872,18.509583333324017,9661,-6.5216217
102.80625000003987,18.530416666657352,9662,-6.202594
102.48041666670649,18.559583333324024,9663,0.5445216
102.63902777781762,18.477083333324014,9664,8.364027
102.45569444448427,18.60708333332403,9665,-2.173062
102.87069444448433,18.468194444435124,9666,7.037451
102.53819444448428,18.532638888879575,9667,-0.48161688
102.81569444448432,18.61597222221292,9668,-5.9762115
102.6443055555954,18.655972222212927,9669,-5.47453
102.43013888892871,18.64152777776848,9670,-6.867767
102.67402777781763,18.647361111101816,9671,-6.2250633
102.85263888892877,18.744305555546273,9672,-6.7721014
102.85486111115098,18.483472222212903,9673,-6.5273724
102.4740277778176,18.404305555546223,9674,7.0767365
102.62319444448428,18.401527777768447,9675,16.01813
102.53263888892872,18.39569444443511,9676,-0.63200474
102.54180555559539,18.483194444435124,9677,-6.0948954
102.89791666670655,18.699305555546267,9678,-4.044529
102.46208333337316,18.657638888879593,9679,-6.953129
102.4604166667065,18.512083333324018,9680,-0.1718844
102.51569444448427,18.570972222212916,9681,-4.776868
102.55486111115094,18.459027777768455,9682,1.8771654
102.88263888892877,18.75347222221294,9683,-4.894656
102.887361111151,18.74180555554627,9684,-7.6055446
102.45319444448427,18.46458333332401,9685,7.4145675
102.50125000003983,18.398749999990667,9686,-3.6597064
102.63319444448429,18.58208333332403,9687,6.1275945
102.89375000003989,18.606527777768477,9688,-6.7468343
102.55680555559539,18.549027777768465,9689,9.411576
102.57458333337317,18.59819444443514,9690,10.988696
102.42097222226204,18.69152777776849,9691,-6.9774823
102.6093055555954,18.482916666657346,9692,11.921986
102.67430555559541,18.653194444435147,9693,2.126705
102.53513888892871,18.423749999990672,9694,-4.4387617
102.56236111115095,18.74069444443516,9695,-6.3273396
102.65236111115095,18.525694444435132,9696,8.364027
102.5479166667065,18.485416666657347,9697,-1.9514078
102.42986111115093,18.585138888879584,9698,-4.7608404
102.43847222226204,18.606527777768477,9699,-5.0447145
102.60708333337317,18.577083333324026,9700,-6.102636
102.43069444448426,18.540694444435132,9701,-5.0674253
102.45763888892871,18.719861111101824,9702,-4.6493344
102.8684722222621,18.573472222212914,9703,-6.869047
102.62569444448428,18.753194444435163,9704,-5.123451
102.6293055555954,18.713194444435157,9705,-6.298009
102.64569444448429,18.449583333324007,9706,7.650314
102.67763888892874,18.668749999990705,9707,-6.54809
102.82013888892877,18.38847222221289,9708,13.2876835
102.71791666670653,18.394583333324,9709,-6.420804
102.73680555559541,18.531527777768463,9710,9.558739
102.86958333337321,18.719027777768492,9711,-6.661107
102.81541666670654,18.760972222212942,9712,-7.2602577
102.67847222226207,18.580972222212917,9713,8.546349
102.5754166667065,18.760972222212942,9714,-6.1114697
102.80652777781765,18.718472222212934,9715,-4.770332
102.85402777781765,18.416527777768447,9716,-4.698027
102.78041666670653,18.443194444435118,9717,-6.445329
102.897361111151,18.462638888879567,9718,-5.303618
102.53069444448427,18.648472222212927,9719,11.533713
102.87902777781765,18.398749999990667,9720,-4.9791017
102.56402777781761,18.671805555546264,9721,13.434943
102.49791666670649,18.479305555546237,9722,6.531446
102.53930555559539,18.616805555546254,9723,8.364027
102.60625000003984,18.45458333332401,9724,-6.0637865
102.6943055555954,18.693472222212932,9725,-7.0366197
102.68375000003985,18.5573611111018,9726,10.724881
102.86708333337322,18.6901388888796,9727,-4.429035
102.90402777781766,18.48736111110179,9728,-7.2358065
102.49208333337316,18.49791666665735,9729,-5.3917956
102.5290277778176,18.5573611111018,9730,-4.595895
102.49069444448426,18.395138888879558,9731,-4.949348
102.75486111115097,18.599027777768473,9732,-5.787939
102.89375000003989,18.517083333324017,9733,-0.39600292
102.7595833333732,18.423749999990672,9734,-2.9408715
102.87930555559544,18.721527777768493,9735,-6.651129
102.47625000003983,18.397083333324,9736,-1.2600482
102.58763888892872,18.498194444435125,9737,11.104808
102.41902777781759,18.455138888879564,9738,-1.8738306
102.50791666670649,18.574583333324025,9739,-2.578437
102.75541666670652,18.61513888887959,9740,-6.8450327
102.7431944444843,18.407361111101782,9741,6.5337873
102.58486111115094,18.7665277777685,9742,-5.5817213
102.56069444448428,18.54597222221291,9743,10.944244
102.71402777781763,18.602083333324032,9744,9.112351
102.67041666670652,18.650138888879592,9745,-5.9799047
102.46125000003983,18.399305555546224,9746,5.4948254
102.43125000003981,18.74708333332405,9747,-4.8283677
102.80430555559542,18.55374999999069,9748,-3.5716443
102.88875000003988,18.690694444435152,9749,-6.307413
102.65125000003985,18.660138888879594,9750,-5.031401
102.49986111115093,18.57152777776847,9751,-2.3590968
102.73236111115096,18.410694444435116,9752,-3.851185
102.74041666670652,18.675694444435152,9753,-5.137546
102.44847222226204,18.557083333324023,9754,-2.4873977
102.56486111115095,18.536805555546245,9755,9.239496
102.79291666670653,18.652916666657372,9756,-5.96596
102.51208333337316,18.76597222221294,9757,4.5111856
102.80041666670654,18.644861111101815,9758,-4.9644895
102.902361111151,18.423472222212894,9759,10.390856
102.62097222226207,18.492916666657347,9760,-4.8196497
102.69347222226207,18.726249999990713,9761,-7.1490374
102.74597222226208,18.47986111110179,9762,-3.9653816
102.74125000003986,18.432083333324005,9763,-5.997809
102.80597222226208,18.430694444435115,9764,0.11912569
102.89125000003988,18.42041666665734,9765,-6.2275896
102.72763888892875,18.410694444435116,9766,-6.2971907
102.8584722222621,18.6926388888796,9767,-5.5966086
102.50708333337316,18.567638888879582,9768,0.15807858
102.67513888892874,18.618194444435144,9769,10.220325
102.84430555559543,18.699305555546267,9770,-7.681605
102.5643055555954,18.617083333324032,9771,10.865463
102.77263888892875,18.61458333332403,9772,-7.365213
102.60986111115095,18.45708333332401,9773,-5.4008913
102.72986111115097,18.60708333332403,9774,-6.5967174
102.6793055555954,18.53597222221291,9775,19.862167
102.47291666670648,18.559861111101803,9776,-5.4239006
102.69791666670652,18.637083333324036,9777,10.881723
102.46375000003982,18.462638888879567,9778,-6.012357
102.43652777781759,18.41013888887956,9779,11.505022
102.63763888892873,18.75124999999072,9780,-5.756722
102.4526388889287,18.586527777768474,9781,-4.863695
102.7970833333732,18.689027777768487,9782,-7.2406826
102.52486111115094,18.57402777776847,9783,-6.4167037
102.57763888892873,18.586249999990695,9784,6.785982
102.84180555559543,18.598749999990698,9785,-4.376463
102.6118055555954,18.623194444435143,9786,-6.112567
102.55763888892872,18.685694444435153,9787,-5.7464094
102.60152777781762,18.610416666657365,9788,-4.4993067
102.58263888892873,18.697916666657378,9789,-6.554494
102.44541666670648,18.73347222221294,9790,-6.716257
102.7195833333732,18.417083333324005,9791,-6.554146
102.71402777781763,18.576249999990694,9792,7.853202
102.67041666670652,18.49263888887957,9793,-4.2584653
102.87763888892877,18.53097222221291,9794,-1.8606708
102.77819444448431,18.59958333332403,9795,-5.078114
102.81847222226209,18.497361111101792,9796,-5.7472763
102.85291666670655,18.76736111110183,9797,-6.167888
102.66791666670652,18.60097222221292,9798,10.832127
102.7556944444843,18.53958333332402,9799,1.758352
102.55125000003983,18.730416666657383,9800,-6.6305037
102.4890277778176,18.4559722222129,9801,7.9650416
102.56763888892873,18.449027777768453,9802,7.38263
102.51625000003983,18.575694444435136,9803,-6.6706405
102.43708333337315,18.637361111101814,9804,6.1597147
102.50347222226205,18.753749999990717,9805,-6.4822726
102.46069444448426,18.521527777768462,9806,-5.421357
102.60652777781762,18.428472222212893,9807,-4.3074336
102.74402777781764,18.425694444435116,9808,-0.5900678
102.83402777781765,18.71402777776849,9809,-7.1246524
102.73375000003986,18.680138888879597,9810,8.897697
102.73180555559541,18.553194444435135,9811,10.686415
102.47458333337316,18.414583333324003,9812,-2.2397306
102.47791666670649,18.622916666657368,9813,-4.470511
102.43930555559537,18.50291666665735,9814,-3.593245
102.82680555559543,18.741527777768493,9815,-6.668781
102.44513888892871,18.676527777768484,9816,-6.5756044
102.76597222226208,18.67486111110182,9817,-7.556898
102.61013888892873,18.44041666665734,9818,-4.15074
102.50069444448427,18.64041666665737,9819,-6.7372766
102.41875000003981,18.423194444435115,9820,-4.6331067
102.6831944444843,18.72569444443516,9821,-6.2938204
102.82291666670653,18.594305555546253,9822,-6.5695977
102.56402777781761,18.4734722222129,9823,-6.2534285
102.67791666670652,18.57319444443514,9824,6.12763
102.78625000003987,18.65819444443515,9825,-6.4575796
102.55347222226206,18.555416666657358,9826,0.603555
102.69541666670652,18.687083333324043,9827,-0.52677095
102.57236111115094,18.73291666665738,9828,-5.6175213
102.79736111115098,18.60986111110181,9829,-6.766146
102.75152777781764,18.42624999999067,9830,-6.6343904
102.73680555559541,18.618472222212922,9831,-6.5188007
102.8559722222621,18.417083333324005,9832,-6.80543
102.65041666670652,18.69736111110182,9833,-6.17713
102.5315277778176,18.68097222221293,9834,7.853202
102.80291666670654,18.5398611111018,9835,-3.4976773
102.71736111115096,18.619305555546255,9836,-5.391957
102.52069444448428,18.520972222212908,9837,-6.310002
102.58291666670651,18.63263888887959,9838,6.7683444
102.8220833333732,18.43013888887956,9839,-5.1582584
102.59541666670651,18.387083333324,9840,4.837981
102.56486111115095,18.74069444443516,9841,-5.913173
102.75291666670653,18.50291666665735,9842,-6.641257
102.62652777781763,18.392916666657335,9843,-2.6834831
102.4801388889287,18.69236111110182,9844,-0.95123863
102.79736111115098,18.467638888879566,9845,-5.9160504
102.66402777781762,18.567361111101803,9846,12.407079
102.6029166667065,18.607916666657363,9847,-3.7221093
102.59708333337318,18.714861111101825,9848,-5.7248983
102.65847222226208,18.53097222221291,9849,11.003085
102.90652777781766,18.702361111101823,9850,-7.581578
102.80097222226209,18.70152777776849,9851,-6.4220176
102.44763888892871,18.480416666657348,9852,8.647554
102.78652777781764,18.576527777768472,9853,-6.9696927
102.46402777781759,18.458194444435122,9854,11.293935
102.73125000003986,18.42930555554623,9855,-5.84382
102.77875000003986,18.690416666657377,9856,0.8686201
102.84597222226209,18.69736111110182,9857,-7.5827007
102.45208333337315,18.74180555554627,9858,-5.7068667
102.65541666670651,18.476805555546235,9859,7.512323
102.66097222226207,18.60763888887959,9860,0.32872963
102.83069444448432,18.49513888887957,9861,-6.254052
102.55069444448428,18.619305555546255,9862,12.0478945
102.53375000003983,18.406527777768446,9863,-5.079239
102.7031944444843,18.53097222221291,9864,5.413177
102.41430555559536,18.74930555554627,9865,-5.4216
102.54597222226205,18.560416666657357,9866,10.3099375
102.63847222226207,18.64291666665737,9867,-0.4655496
102.42597222226203,18.58013888887958,9868,-4.597787
102.63208333337317,18.49791666665735,9869,-2.2916346
102.83791666670653,18.493472222212905,9870,-5.52094
102.89152777781766,18.562083333324026,9871,-3.272427
102.90291666670655,18.53597222221291,9872,-5.094413
102.80902777781765,18.514861111101794,9873,-5.6267257
102.45069444448426,18.397083333324,9874,-4.0646787
102.88041666670655,18.73597222221294,9875,-2.6361554
102.82986111115099,18.429583333324004,9876,-6.055638
102.56347222226206,18.612638888879587,9877,11.161308
102.82180555559543,18.69236111110182,9878,-4.721742
102.80041666670654,18.647361111101816,9879,-7.1773853
102.49208333337316,18.389861111101776,9880,-4.964905
102.58958333337317,18.617638888879586,9881,-5.0948143
102.48958333337316,18.704027777768488,9882,-6.005495
102.8409722222621,18.63263888887959,9883,-5.677094
102.82569444448431,18.407361111101782,9884,-5.9003224
102.54263888892872,18.532638888879575,9885,-6.038206
102.7720833333732,18.736805555546272,9886,-7.0193624
102.46458333337316,18.705972222212935,9887,-0.58003867
102.53402777781761,18.537916666657356,9888,-5.7391653
102.86041666670654,18.60597222221292,9889,-4.8449984
102.64402777781763,18.607916666657363,9890,10.766974
102.56125000003983,18.66819444443515,9891,6.49341
102.4276388889287,18.558194444435134,9892,-5.4854317
102.49819444448427,18.617638888879586,9893,-5.617097
102.83430555559544,18.599027777768473,9894,-6.1401377
102.57069444448427,18.517916666657353,9895,10.815032
102.62152777781762,18.53874999999069,9896,11.058655
102.49125000003983,18.49680555554624,9897,-3.3720403
102.75263888892876,18.491249999990682,9898,-6.528966
102.46430555559537,18.543472222212912,9899,-4.8592477
102.76819444448431,18.46319444443512,9900,-3.3249605
102.53902777781761,18.73291666665738,9901,1.3684268
102.7431944444843,18.445972222212898,9902,-6.235139
102.58097222226206,18.606805555546252,9903,6.1617994
102.8145833333732,18.670416666657374,9904,-7.08023
102.52486111115094,18.502361111101795,9905,-5.421248
102.75291666670653,18.5423611111018,9906,4.3717427
102.68013888892874,18.455138888879564,9907,-5.222019
102.62902777781763,18.72569444443516,9908,-5.419313
102.72875000003985,18.719583333324046,9909,-5.799108
102.43375000003982,18.74097222221294,9910,-4.6759114
102.41902777781759,18.638194444435147,9911,-3.2762349
102.83763888892877,18.728472222212936,9912,-7.041108
102.53208333337317,18.698194444435156,9913,-3.121986
102.46819444448427,18.655972222212927,9914,-5.9999413
102.60819444448428,18.75236111110183,9915,-6.0316277
102.73875000003986,18.747638888879607,9916,-6.17811
102.51708333337317,18.575972222212915,9917,-7.2107954
102.7706944444843,18.66819444443515,9918,-4.1235437
102.58958333337317,18.407083333324003,9919,-0.92470556
102.74430555559542,18.562916666657358,9920,8.25212
102.48125000003982,18.465138888879565,9921,-3.712584
102.74263888892875,18.713472222212935,9922,-4.2475104
102.72736111115097,18.466805555546234,9923,-6.0756617
102.57013888892872,18.63763888887959,9924,-5.298269
102.54458333337317,18.398194444435113,9925,9.239496
102.62125000003984,18.40236111110178,9926,-4.8691835
102.55875000003984,18.64291666665737,9927,12.3893795
102.60263888892872,18.53958333332402,9928,-6.220023
102.60402777781762,18.533749999990686,9929,-5.127374
102.43486111115092,18.449583333324007,9930,-4.130299
102.68736111115096,18.69374999999071,9931,-6.1063786
102.82847222226209,18.397916666657334,9932,-4.3177476
102.4465277778176,18.40486111110178,9933,-2.0791292
102.89569444448432,18.678194444435153,9934,-4.4629793
102.7281944444843,18.698194444435156,9935,-4.5477037
102.84902777781765,18.470416666657346,9936,-7.215585
102.8209722222621,18.75736111110183,9937,-6.1627073
102.51986111115095,18.500138888879572,9938,-2.4961977
102.61875000003984,18.63402777776848,9939,-5.6501546
102.74236111115097,18.494305555546237,9940,-6.550131
102.62958333337318,18.55597222221291,9941,8.364027
102.72152777781764,18.62986111110181,9942,-5.4808507
102.61236111115095,18.68986111110182,9943,12.434762
102.63458333337317,18.39847222221289,9944,-5.4316053
102.54819444448428,18.727638888879603,9945,-5.878418
102.47513888892871,18.57402777776847,9946,-5.389817
102.84875000003987,18.52208333332402,9947,-7.113711
102.83375000003987,18.659027777768483,9948,-2.7242243
102.81486111115098,18.518749999990685,9949,-5.7650914
102.62458333337318,18.712361111101824,9950,-5.9763813
102.70208333337318,18.40513888887956,9951,-1.3401483
102.66208333337318,18.592916666657363,9952,13.302154
102.50513888892871,18.426805555546228,9953,5.394329
102.61625000003984,18.762916666657386,9954,-6.80643
102.42680555559537,18.531805555546242,9955,10.099902
102.80680555559543,18.549027777768465,9956,-2.8629594
102.73263888892875,18.768194444435164,9957,-4.702733
102.52875000003984,18.439583333324006,9958,-4.470654
102.62513888892873,18.521527777768462,9959,9.057175
102.7256944444843,18.467638888879566,9960,-5.835775
102.79291666670653,18.769861111101832,9961,-5.4921722
102.42152777781759,18.610138888879586,9962,-3.7824314
102.84013888892876,18.757638888879608,9963,-6.1062694
102.74986111115098,18.471805555546233,9964,-5.890156
102.59263888892873,18.59208333332403,9965,1.8456144
102.51486111115094,18.60763888887959,9966,-6.4864407
102.62625000003985,18.592638888879584,9967,9.46264
102.84180555559543,18.65541666665737,9968,-5.4306655
102.59569444448428,18.59569444443514,9969,-5.2012625
102.48319444448427,18.563194444435137,9970,-1.3275845
102.86375000003987,18.769583333324054,9971,-5.8149695
102.47847222226204,18.443749999990676,9972,-4.399488
102.55375000003983,18.57430555554625,9973,10.974097
102.68513888892875,18.466527777768455,9974,-4.694398
102.68763888892875,18.58958333332403,9975,8.310444
102.61625000003984,18.652083333324036,9976,11.02514
102.78430555559542,18.397916666657334,9977,-6.063751
102.82236111115098,18.43902777776845,9978,-2.1515012
102.60375000003984,18.617083333324032,9979,-5.201023
102.43625000003982,18.629305555546257,9980,-4.6310687
102.89930555559543,18.410694444435116,9981,-6.0637517
102.8959722222621,18.489861111101792,9982,15.83757
102.75791666670654,18.483749999990682,9983,-6.371982
102.49791666670649,18.440972222212896,9984,7.752835
102.82625000003988,18.605416666657366,9985,-6.438287
102.6068055555954,18.57319444443514,9986,-6.001247
102.7606944444843,18.651249999990704,9987,-3.9028642
102.83180555559542,18.400416666657335,9988,-5.745765
102.67430555559541,18.417083333324005,9989,-5.630508
102.73486111115098,18.527916666657354,9990,-1.945411
102.69097222226208,18.615416666657364,9991,9.533643
102.59819444448428,18.544027777768466,9992,-6.47625
102.67402777781763,18.43930555554623,9993,-2.0366385
102.8709722222621,18.695694444435155,9994,-4.4720736
102.71986111115096,18.59208333332403,9995,-3.230278
102.54652777781762,18.55374999999069,9996,9.152485
102.54819444448428,18.563194444435137,9997,10.974097
102.62736111115096,18.646249999990705,9998,5.906281
102.46208333337316,18.398194444435113,9999,-4.2657237
102.56402777781761,18.603194444435143,10000,11.481977
