X,Y,id,dtr
102.35444771445614,19.01971510031319,1,60.0
103.07292027869494,18.82055860182389,2,364.97
102.23128868900335,19.045317085910593,3,301.5
103.30818905160584,19.041274667132054,4,234.31
103.36936432245437,18.894400118178513,5,450.0
102.36926991664411,19.007587843977575,6,120.0
103.31330944872532,18.81328224802252,7,540.84
102.67784121673917,18.454045965903124,8,210.0
102.62852370764101,18.587445785594873,9,150.0
103.09151540507621,18.69497412510398,10,573.15
103.39846973765985,18.713569251485254,11,308.87
103.32624518881664,18.5936441610553,12,391.15
102.31590998876742,19.049898493859605,13,339.41
103.26075800460433,18.64242268098299,14,60.0
103.09933074804805,18.841040190301815,15,84.85
102.76919988113413,19.061756255609982,16,530.76
102.3504052956776,18.92700896299205,17,228.47
103.41544789652971,18.928086941332996,18,0.0
102.32695926676209,18.788219251595585,19,540.0
102.50105276882445,18.851280984540775,20,90.0
103.0117450078464,18.75022051507733,21,174.93
102.81312749852756,18.622480081675533,22,180.0
103.20605060380144,18.96096528073177,23,366.2
103.41598688570018,18.751837482588744,24,210.0
102.90125222789969,18.406345424316378,25,323.11
103.41868183155253,18.72354055113898,26,400.25
102.88669952029696,18.79980751876073,27,474.34
102.5525262346045,18.70063351139393,28,192.09
103.40439861853504,18.718689648604734,29,30.0
103.11253598272461,18.628408962550722,30,254.56
103.27315475552517,18.96931961287408,31,258.07
102.39406341848581,18.779864919453274,32,67.08
102.96943435796436,18.506866904609353,33,90.0
102.70991107238224,19.01163026275611,34,408.05
102.32210836422783,18.98495029881776,35,0.0
102.49566287711973,18.519263655530203,36,90.0
102.68323110844389,18.7860632949137,37,420.0
103.02144681291489,18.580708420963976,38,189.74
103.02656721003437,18.458088384681663,39,127.28
102.26470601757259,18.586098312668693,40,152.97
102.23263616192953,18.5049804425127,41,362.49
103.04004193929616,18.735667807474595,42,150.0
102.9117625167239,19.071997049848942,43,391.15
102.41508399613421,18.454045965903124,44,228.47
102.8487007837787,19.06310372853616,45,349.86
103.14837876256097,18.908413836610777,46,270.0
103.21305746301758,18.610891814510392,47,468.62
103.3297486184247,19.09113116540069,48,42.43
102.46952190235186,18.436259323277557,49,421.07
102.52988868944469,18.67610950413747,50,442.95
102.74952677641191,18.88469831311002,51,247.39
102.43960800339067,19.015403186949413,52,0.0
103.06052352777408,18.420628637333877,53,424.27
102.44904031387392,18.445691633760813,54,90.0
103.07561522454729,18.404997951390197,55,480.0
102.86540944806332,18.993035136374836,56,30.0
102.433140133345,18.51737719343355,57,390.0
102.9726682929872,18.444613655419868,58,189.74
103.16454843767512,19.01432520860847,59,371.08
103.07965764332583,18.910030804122194,60,534.14
103.0688778599164,18.534624846888644,61,42.43
103.25887154250768,18.79522611081172,62,390.0
102.98614302224898,19.014055714023232,63,335.41
102.97455475508384,18.48934975656902,64,420.0
102.32992370719968,18.539206254837655,65,361.25
103.36666937660202,18.996538565982902,66,474.34
102.40430421272477,18.90625787992889,67,60.0
102.65574266074982,18.92781744674776,68,161.56
102.3495968119219,19.075230984871773,69,67.08
102.91284049506484,18.842118168642756,70,0.0
102.27306034971491,18.69632159803016,71,108.17
103.19904374458531,19.08601076828121,72,60.0
103.357506560704,18.710065821877187,73,420.0
102.30593868911369,18.72866094825846,74,212.13
102.31078959164793,18.57451004550355,75,30.0
103.23111360022838,19.04962899927437,76,30.0
102.76946937571935,18.518994160944967,77,342.05
102.70263471858087,18.612239287436573,78,331.36
102.51856991686478,18.404997951390197,79,270.0
102.5819011443952,18.95907881863512,80,342.05
102.514258003501,18.459166363022604,81,201.25
102.49512388794926,18.50713639919459,82,308.87
102.23721756987854,18.539745244008127,83,676.83
102.63310511559001,19.054479901808612,84,150.0
102.79129843712346,18.88038639974625,85,60.0
102.54336341870648,18.941561670594787,86,284.61
102.64145944773233,18.59014073144723,87,180.0
103.28770746312792,18.92646997382158,88,169.71
103.39685277014843,18.921080082116863,89,331.36
103.42541919618343,18.437067807033266,90,391.15
103.15915854597041,18.97740445043116,91,420.0
102.6773022275687,18.87634398096771,92,234.31
102.76461847318511,19.007857338562808,93,94.87
102.54578886997359,19.017289649046063,94,390.0
102.64927479070417,18.72300156196851,95,161.56
103.25752406958149,18.612778276607045,96,335.41
102.77485926742408,18.48746329447237,97,60.0
102.53258363529704,18.681229901256952,98,759.54
103.42056829364918,19.037501742938755,99,403.61
102.83630403285785,18.993304630960072,100,60.0
103.133556560373,18.93509380054913,101,180.0
102.96081053123682,18.558609864974635,102,201.25
102.27925872517534,18.558070875804166,103,120.0
102.8449278595854,18.482073402767654,104,192.09
103.04677930392705,18.82163658016483,105,0.0
103.41140547775117,18.61951564123794,106,84.85
102.44984879762963,18.64673459434676,107,361.25
102.27332984430015,18.472102103113926,108,492.04
102.54578886997359,19.070919071508,109,0.0
102.80935457433426,18.831068890648087,110,258.07
103.28770746312792,18.675031525796527,111,0.0
102.54821432124072,18.972284053311675,112,426.38
103.12843616325353,18.75534091219681,113,318.91
103.37394573040339,18.678265460819357,114,362.49
103.09474934009904,18.834572320256154,115,451.0
103.44670926841707,18.8356502985971,116,295.47
102.57489428517907,18.855053908734078,117,270.0
102.50913760638151,19.091400659985926,118,379.48
103.15511612719187,18.438954269129916,119,30.0
103.13705998998107,18.776630984430444,120,708.03
102.4773372453237,18.947490551469976,121,0.0
103.04381486348946,18.953958421515637,122,180.0
102.91391847340577,18.85424542497837,123,349.86
102.45739464601624,18.764773222680066,124,0.0
103.08046612708154,18.416316723970105,125,90.0
103.09286287800239,19.027530443285027,126,241.87
102.5743552960086,18.827834955625256,127,335.41
103.30226017073065,18.414160767288216,128,342.05
103.26399193962716,18.435181344936613,129,301.5
102.45604717309006,18.51468224758119,130,67.08
102.2496143207994,18.428982969476188,131,349.86
102.76138453816229,18.87580499179724,132,558.03
103.3717897737215,19.085741273695973,133,582.5
102.58001468229855,18.811665280511107,134,0.0
102.98048363595903,19.075230984871773,135,258.07
103.25887154250768,18.803310948368793,136,134.16
102.28761305731764,18.807892356317804,137,551.55
103.06618291406404,18.42440156152718,138,180.0
102.97401576591338,18.738362753326953,139,84.85
102.64253742607328,18.722462572798037,140,174.93
102.61397100003828,18.614664738703695,141,30.0
102.21592749764491,18.881194883501955,142,60.0
103.17505872649932,19.026182970358846,143,161.56
103.03707749885857,18.80923982924398,144,258.07
102.41104157735568,18.473449576040107,145,335.41
103.15511612719187,18.471563113943454,146,120.0
102.22994121607718,18.594991633981476,147,254.56
102.5315056569561,18.84589109283606,148,0.0
102.76354049484416,18.987914739255356,149,212.13
102.87780619898417,18.993574125545308,150,484.67
102.57273832849718,18.93509380054913,151,150.0
103.35049970148786,18.686080803791196,152,335.41
102.26820944718067,18.981985858380167,153,429.54
102.4600895918686,18.505249937097936,154,330.0
102.96620042294154,18.68715878213214,155,349.86
102.28788255190288,18.99411311471578,156,30.0
103.22087280598942,18.79846004583455,157,390.0
102.91068453838295,18.75210697717398,158,240.0
102.44904031387392,18.59014073144723,159,123.69
102.62475078344771,18.515221236751664,160,60.0
103.03680800427333,18.429252464061424,161,30.0
102.90664211960441,18.942909143520968,162,30.0
103.01982984540346,19.079003909065076,163,30.0
103.14002443041866,18.725157518650395,164,67.08
103.05136071187607,19.01890661655748,165,161.56
103.43970240920093,19.01432520860847,166,30.0
102.31644897793788,18.938058240986724,167,240.0
103.22087280598942,18.583942355986807,168,84.85
102.52422930315473,18.686889287546904,169,67.08
102.53123616237086,18.410657337680153,170,276.59
102.2466498803618,18.654549937318603,171,0.0
102.72176883413262,19.076578457797954,172,636.4
102.21484951930397,18.598225569004306,173,0.0
102.32372533173925,18.48234289735289,174,234.31
103.08666450254196,18.751837482588744,175,342.05
103.36343544157918,18.84589109283606,176,234.31
103.16266197557847,18.552411489514213,177,234.31
102.59726233575364,18.632720875914497,178,108.17
102.3083641403808,18.922158060457807,179,318.91
103.26965132591711,18.65913134526761,180,94.87
102.50482569301775,19.0528629342972,181,212.13
102.79857479092483,18.75102899883304,182,212.13
102.38004970005355,18.462939287215907,183,218.4
102.52611576525138,18.641075208056808,184,335.41
102.84789230002299,18.66829416116563,185,0.0
102.61531847296445,18.450542536295057,186,349.86
102.86352298596667,18.859365822097853,187,150.0
102.57354681225289,18.732972861622237,188,523.93
103.29794825736687,18.475336038136756,189,241.87
102.73605204715011,18.59418315022577,190,228.47
102.24988381538462,18.932129360111535,191,488.37
103.19607930414772,18.87580499179724,192,271.66
102.67838020590963,18.783098854476105,193,699.72
102.42262984452081,18.63433784342591,194,120.0
102.2248208189577,18.57720499135591,195,566.04
102.35471720904138,18.98171636379493,196,150.0
102.46817442942567,18.877960948479128,197,0.0
103.10606811267894,18.979021417942572,198,30.0
102.93008814851993,18.969589107459317,199,210.0
102.42236034993557,18.943178638106204,200,283.02
102.65439518782365,19.010821779000402,201,30.0
103.44832623592848,18.69820806012681,202,324.5
102.91688291384337,18.554028457025627,203,660.68
102.86702641557474,18.90517990158795,204,30.0
102.22347334603151,18.457010406340718,205,381.84
102.75895908689516,18.556184413707513,206,120.0
103.00527713780073,18.502554991245578,207,429.54
102.98210060347046,18.55780138121893,208,60.0
103.39011540551753,18.725696507820867,209,150.0
103.12897515242399,18.82433152601719,210,201.25
102.28734356273242,18.558340370389402,211,161.56
102.72985367168968,18.89332213983757,212,134.16
102.62852370764101,18.886045786036203,213,540.0
102.5390515053427,18.734050839963178,214,134.16
102.97536323883955,18.996269071397666,215,60.0
103.04839627143848,18.600381525686196,216,247.39
103.44482280632042,18.48557683237572,217,228.47
103.01524843745446,19.043969612984412,218,283.02
102.58890800361134,18.494200659103267,219,30.0
103.2268016868646,18.46159181428973,220,123.69
102.99934825692554,19.03831022669446,221,371.08
102.24449392367991,18.67341455828511,222,120.0
102.5886385090261,18.569659142969307,223,212.13
102.49781883380162,19.017828638216535,224,127.28
102.88535204737077,18.51144831255836,225,201.25
102.76946937571935,18.982794342135875,226,84.85
102.88750800405266,18.87122358384823,227,0.0
103.42757515286532,18.79522611081172,228,361.25
102.39891432102006,18.922158060457807,229,67.08
103.11334446648031,18.704406435587234,230,134.16
102.94140692109984,18.712221778559076,231,324.5
103.05189970104654,19.08277683325838,232,276.59
102.93763399690653,18.4087708755835,233,134.16
103.17586721025503,18.763964738924358,234,465.73
102.27737226307869,18.90625787992889,235,201.25
102.66059356328407,19.04801203176295,236,375.9
103.4402413983714,18.403919973049256,237,218.4
102.94895276948644,18.636224305522564,238,30.0
103.3839170300571,18.7079098651953,239,42.43
102.9839870655671,18.89790354778658,240,445.98
102.94760529656025,18.544326651957135,241,256.32
102.39163796721868,19.079542898235548,242,391.15
103.29174988190645,18.942909143520968,243,735.46
102.7088330940413,18.665329720728035,244,318.91
102.4390690142202,18.93239885469677,245,295.47
102.48084067493176,18.894130623593277,246,30.0
103.29552280609975,18.580977915549212,247,361.25
103.15430764343616,18.98575878257347,248,284.61
102.55117876167832,19.076578457797954,249,192.09
102.76461847318511,18.959348313220357,250,360.0
102.93952045900319,18.621132608749356,251,364.97
102.69454988102379,18.54082322234907,252,240.0
102.20784266008783,18.620593619578884,253,94.87
102.938172986077,19.067954631070407,254,402.49
102.44904031387392,18.991957158033895,255,180.0
102.86433146972239,18.81274325885205,256,366.2
102.91661341925814,18.439493258300388,257,296.99
102.71395349116077,18.7965735837379,258,212.13
102.33827803934199,18.427366001964774,259,84.85
103.42622767993915,19.028338927040735,260,150.0
102.36873092747364,18.769624125214314,261,295.47
103.34106739100461,18.995730082227197,262,268.33
102.63283562100477,19.023488024506488,263,421.07
102.35283074694472,18.87634398096771,264,381.84
103.01956035081824,18.63568531635209,265,60.0
103.13732948456631,18.73782376415648,266,465.73
103.03195710173908,18.74186618293502,267,120.0
102.6991312889728,18.54136221151954,268,94.87
102.23101919441812,18.547021597809493,269,362.49
102.6344525885162,18.84077069571658,270,469.58
102.64738832860752,18.768007157702897,271,182.48
103.26129699377479,18.73917123708266,272,134.16
103.37017280621008,19.023757519091724,273,305.94
102.27548580098204,18.627061489624545,274,150.0
102.59160294946369,18.959887302390825,275,379.48
102.34851883358095,18.793070154129833,276,543.33
103.13463453871394,18.462130803460198,277,210.0
102.54686684831454,18.559957337900816,278,30.0
102.31483201042647,18.906527374514127,279,84.85
103.05621161441032,18.496087121199917,280,0.0
102.56222803967299,18.561843799997465,281,180.0
102.2541957287484,18.545943619468552,282,108.17
103.06429645196738,18.650507518540064,283,371.08
103.37340674123291,18.508753366706003,284,150.0
102.37735475420119,18.558070875804166,285,323.11
103.37717966542621,18.661287301949496,286,90.0
103.40682406980216,18.92269704962828,287,384.19
102.85489915923912,18.65320246439242,288,466.69
102.76623544069653,18.683385857938838,289,241.87
103.2087455496538,18.781212392379455,290,30.0
102.7869865237597,18.8574793600012,291,182.48
103.18718598283493,18.575588023844496,292,364.97
102.6277152238853,18.409848853924444,293,324.5
102.31483201042647,18.988723223011064,294,228.47
102.24152948324232,18.55645390829275,295,349.86
102.24476341826515,18.467520695164918,296,127.28
103.09394085634332,18.639458240545395,297,540.84
102.41804843657181,18.541901200690013,298,134.16
103.23677298651833,18.43221690449902,299,174.93
102.4323316495893,18.400147048855953,300,0.0
103.1936538528806,18.90895282578125,301,60.0
102.90933706545677,18.73593730205983,302,268.33
102.76273201108846,18.606849395731857,303,713.1
102.37654627044547,18.727852464502753,304,30.0
102.87214681269423,18.504710947927464,305,182.48
102.62016937549869,18.473449576040107,306,90.0
102.38813453761063,18.46859867350586,307,276.59
102.70452118067752,19.073883511945596,308,375.9
103.17856215610739,18.825409504358134,309,384.19
102.7961493396577,18.537589287326238,310,108.17
102.66409699289214,18.810587302170163,311,161.56
102.99961775151078,19.022679540750783,312,360.0
103.08127461083724,18.742135677520256,313,134.16
103.07696269747348,18.496895604955625,314,108.17
102.5554906750421,18.559418348730343,315,127.28
103.21251847384711,18.57343206716261,316,228.47
103.43296504457004,18.75210697717398,317,560.45
102.86163652387002,18.716803186508084,318,94.87
102.8982877874621,18.958539829464648,319,212.13
102.97078183089054,18.935363295134366,320,391.15
102.78941197502681,18.76369524433912,321,84.85
103.25240367246201,18.83295535274474,322,210.0
103.29498381692927,19.014594703193705,323,390.0
103.27045980967281,18.511987301728833,324,258.07
103.38364753547188,18.917846147094032,325,30.0
102.58809951985563,18.442457698737982,326,108.17
103.21736937638136,18.606849395731857,327,123.69
102.90502515209299,18.84130968488705,328,295.47
102.87268580186469,18.888471237303325,329,330.0
102.8915504228312,18.738362753326953,330,234.31
102.8592110726029,18.695782608859687,331,339.41
102.45550818391959,18.7860632949137,332,465.73
103.2537511453882,18.442188204152746,333,335.41
102.58836901444086,19.0852022845255,334,513.52
102.49701035004591,18.559957337900816,335,403.61
102.63014067515242,18.554836940781335,336,90.0
103.12708869032734,18.693357157592565,337,362.49
102.72715872583733,18.604962933635203,338,108.17
103.4491347196842,18.616551200800345,339,60.0
102.28545710063577,18.434372861180908,340,284.61
102.81447497145375,18.70548441392818,341,450.0
102.99126341936847,18.950185497322337,342,60.0
102.6562816499203,18.7469865800545,343,84.85
103.0554031306546,18.918115641679268,344,725.61
103.41895132613777,18.853975930393137,345,560.45
103.33567749929989,18.44515264459034,346,301.5
102.60238273287312,18.510100839632184,347,456.95
102.57866720937237,18.865294702973042,348,201.25
102.9726682929872,18.735128818304123,349,30.0
102.66921739001162,18.819480623482946,350,67.08
102.56492298552534,18.514951742166428,351,0.0
103.11226648813937,19.097329540861114,352,420.0
102.56573146928105,19.051515461371018,353,256.32
102.35741215489374,18.72946943201417,354,240.0
103.27908363640036,18.617359684556053,355,210.0
102.77189482698648,18.73593730205983,356,30.0
102.36253255201322,18.884967807695258,357,331.36
102.99584482731748,19.052323945126727,358,241.87
102.55656865338304,18.882003367257663,359,400.25
102.52611576525138,18.50821437753553,360,161.56
102.86540944806332,18.50578892626841,361,402.49
102.79480186673153,18.589062753106287,362,270.0
102.43718255212355,18.800616002516435,363,335.41
102.24611089119132,18.934554811378657,364,390.0
102.62609825637388,18.53570282522959,365,123.69
102.69993977272851,18.464556254727324,366,201.25
102.32237785881307,19.079273403650312,367,391.15
103.20308616336385,19.045856075081065,368,513.52
102.56357551259916,18.569928637554543,369,210.0
102.87484175854658,18.910839287877902,370,402.49
103.23138309481362,18.98495029881776,371,123.69
102.50132226340968,18.49905156163751,372,496.59
102.71853489910978,19.024566002847433,373,30.0
103.07292027869494,18.727582969917517,374,474.34
102.28815204648812,18.85694037083073,375,510.88
102.67891919508011,18.876613475552947,376,127.28
102.47275583737468,18.865833692143514,377,296.99
102.6886210001486,19.06121726643951,378,94.87
102.55171775084878,18.843735136154173,379,432.67
103.25563760748484,18.935902284304834,380,390.0
103.02333327501154,19.05474939639385,381,192.09
102.7886034912711,18.978212934186864,382,300.0
102.87214681269423,18.589062753106287,383,218.4
102.52611576525138,19.01297773568229,384,127.28
102.66598345498879,18.75803585804917,385,0.0
103.30953652453202,18.578282969696854,386,180.0
103.23326955691027,18.63191239215879,387,330.0
103.3965832755632,18.522228095967797,388,630.0
102.55656865338304,19.01432520860847,389,708.03
102.81582244437993,18.63918874596016,390,228.47
102.38543959175826,18.57019813213978,391,450.0
102.78348309415162,19.050167988444837,392,30.0
103.42245475574583,18.76854614687337,393,94.87
102.38813453761063,18.639997229715867,394,150.0
102.46979139693708,19.08277683325838,395,169.71
103.43458201208145,18.61358676036275,396,84.85
103.1222377877931,18.62679199503931,397,284.61
103.01578742662493,18.946951562299507,398,120.0
103.16347045933418,18.650507518540064,399,42.43
102.36684446537699,18.452698492976946,400,30.0
103.20928453882428,18.91542069582691,401,169.71
103.05702009816602,19.066876652729462,402,480.0
103.30845854619108,18.91542069582691,403,152.97
102.38624807551398,18.61358676036275,404,300.0
102.8915504228312,18.615473222459404,405,94.87
102.35202226318901,18.547830081565202,406,324.5
102.58648255234421,19.00650986563663,407,67.08
103.31600439457767,18.61250878202181,408,0.0
102.70371269692181,18.875266002626766,409,510.88
103.11657840150315,18.639458240545395,410,456.95
103.23946793237069,18.963121237413656,411,649.0
102.83522605451691,19.055557880149557,412,732.4
102.98452605473757,18.83160787981856,413,391.15
102.99395836522083,18.49473964827374,414,0.0
102.76893038654889,18.88146437808719,415,67.08
103.1192733473555,19.040735677961585,416,30.0
103.23461702983644,18.961234775317006,417,150.0
102.84007695705115,18.85047250078507,418,426.38
103.0726507841097,18.55887935955987,419,90.0
103.17101630772079,18.426557518209066,420,0.0
103.4087105318988,18.898442536957052,421,161.56
102.95003074782738,18.421437121089586,422,150.0
102.85112623504583,18.813551742607757,423,120.0
102.44068598173162,18.81516871011917,424,67.08
102.62367280510676,18.706292897683888,425,134.16
102.67703273298346,18.822714558505776,426,690.66
102.56141955591728,18.41200481060633,427,30.0
102.47652876156798,18.744291634202142,428,150.0
102.95110872616833,19.09301762749734,429,284.61
102.30593868911369,18.67664849330794,430,212.13
102.7869865237597,18.79253116495936,431,30.0
102.45982009728336,18.72866094825846,432,67.08
102.64496287734039,18.500399034563692,433,67.08
102.29785385155661,18.653471958977658,434,30.0
103.41490890735923,19.069841093167057,435,713.1
102.3991838156053,18.59526112856671,436,182.48
103.09313237258762,18.992496147204367,437,67.08
102.25931612586788,18.683385857938838,438,123.69
102.32022190213118,18.771510587310964,439,228.47
102.79453237214629,18.673145063699877,440,127.28
103.13652100081059,18.742135677520256,441,256.32
102.5037477146768,18.79172268120365,442,0.0
103.17586721025503,18.506058420853645,443,607.46
102.4075381477476,18.700364016808695,444,189.74
102.82202081984035,18.9318598655263,445,94.87
102.94841378031597,18.991148674278186,446,169.71
103.17398074815839,18.64619560517629,447,30.0
103.03195710173908,18.875535497212002,448,42.43
102.45443020557865,18.6650602261428,449,30.0
103.32462822130522,18.908683331196013,450,0.0
102.69077695683049,18.545674124883316,451,180.0
103.13274807661729,18.896286580275163,452,228.47
102.7179959099393,18.531929901036285,453,240.0
102.47086937527803,18.70979632729195,454,349.86
103.104990134338,18.679612933745535,455,488.37
102.37385132459312,18.83214686898903,456,152.97
103.28150908766749,18.642692175568225,457,30.0
102.70613814818893,18.54971654366185,458,553.18
103.29821775195211,18.486924305301898,459,240.0
102.54471089163266,18.75803585804917,460,300.0
102.4083466315033,18.594452644811007,461,300.0
102.67999717342106,18.9070663636846,462,30.0
102.61450998920874,18.943717627276676,463,324.5
103.12466323906021,18.89143567774092,464,90.0
103.19257587453966,18.42035914274864,465,0.0
102.72877569334875,18.8822728618429,466,390.0
102.37358183000788,18.563191272923646,467,161.56
102.92146432179239,18.8108567967554,468,134.16
103.02117731832965,18.639458240545395,469,256.32
103.09690529678092,18.565077735020296,470,510.0
102.30917262413652,19.002736941443327,471,234.31
103.02171630750011,18.68715878213214,472,600.75
102.63633905061285,18.478569973159587,473,30.0
102.77997966454356,18.857748854586436,474,60.0
102.95838507996969,18.716264197337612,475,84.85
102.33989500685341,18.651316002295772,476,84.85
102.94544933987838,18.47776148940388,477,42.43
103.31061450287297,18.883889829354317,478,84.85
102.7373995200763,18.401494521782134,479,84.85
103.14945674090191,18.997616544323847,480,258.07
102.51776143310907,18.528156976842986,481,174.93
103.02144681291489,18.510100839632184,482,150.0
102.27710276849345,18.779056435697566,483,120.0
102.44742334636251,18.83672827693804,484,300.0
102.39136847263345,19.083585317014084,485,513.52
103.11442244482126,18.55321997326992,486,60.0
103.22626269769414,18.7860632949137,487,60.0
102.39163796721868,18.41712520772581,488,301.5
103.27423273386611,18.860982789609267,489,636.4
102.8907419390755,18.480456435256237,490,256.32
102.84519735417064,18.623288565431242,491,241.87
103.24081540529687,18.923505533383985,492,295.47
103.07480674079159,19.058791815172388,493,67.08
103.04974374436465,18.60253748236808,494,30.0
103.00662461072692,18.584211850572043,495,241.87
102.7743202782536,18.820289107238654,496,150.0
102.73713002549106,18.632720875914497,497,0.0
102.5495617941669,18.666677193654216,498,120.0
102.94625782363408,18.454854449658832,499,150.0
102.69374139726808,19.038040732109224,500,30.0
102.83711251661356,19.008126833148044,501,573.15
103.39981721058602,18.513065280069778,502,445.98
102.96835637962342,18.5440571573719,503,120.0
102.44930980845916,19.074422501116064,504,94.87
103.443205838809,18.55968784331558,505,30.0
102.4579336351867,19.08008188740602,506,543.33
102.6058861624812,19.013786219438,507,60.0
103.42029879906396,18.688506255058318,508,30.0
102.81770890647658,18.426018529038593,509,150.0
103.29606179527022,18.729199937428934,510,60.0
102.7810576428845,18.571545605065957,511,474.34
102.49781883380162,18.47910896233006,512,323.11
102.92927966476422,19.06121726643951,513,241.87
102.45550818391959,18.523036579723502,514,150.0
102.44499789509538,18.731894883281292,515,134.16
102.86810439391569,18.739440731667898,516,0.0
103.09474934009904,18.75210697717398,517,210.0
102.7600370652361,18.4831513811086,518,313.21
102.21188507886637,18.79522611081172,519,421.07
103.27827515264465,19.02483549743267,520,42.43
102.37331233542265,18.565077735020296,521,330.0
103.27342425011041,18.52896546059869,522,488.37
102.2684789417659,18.446769612101757,523,30.0
103.03007063964243,18.565077735020296,524,296.99
102.61855240798728,18.761000298486763,525,453.98
102.21350204637778,18.56938964838407,526,424.27
103.02575872627865,18.835919793182335,527,161.56
103.37987461127858,18.698747049297282,528,30.0
102.29974031365326,18.5936441610553,529,180.0
103.20443363629003,19.040196688791113,530,0.0
102.48730854497742,18.442188204152746,531,182.48
102.35229175777425,18.777978457356625,532,0.0
103.07426775162111,18.519533150115436,533,480.94
102.77997966454356,18.53489434147388,534,271.66
102.34986630650712,18.429252464061424,535,67.08
102.738208003832,18.872571056774408,536,30.0
102.50240024175062,18.651316002295772,537,228.47
102.31267605374458,18.89979000988323,538,189.74
103.2041641417048,18.91676816875309,539,402.49
103.02845367213102,18.917846147094032,540,30.0
102.24341594533897,18.789836219107002,541,364.97
102.43637406836784,18.90194596656512,542,67.08
102.65331720948271,18.433025388254727,543,182.48
102.48218814785794,18.870145605507286,544,218.4
103.39550529722226,18.55645390829275,545,192.09
102.91742190301385,18.44515264459034,546,212.13
103.18260457488593,18.873379540530117,547,474.34
102.44391991675444,18.76342574975389,548,30.0
102.39406341848581,18.54944704907662,549,0.0
102.8117800256014,18.652932969807186,550,30.0
102.87861468273988,18.686889287546904,551,690.0
102.51264103598959,18.918385136264504,552,484.67
102.22697677563959,18.41847268065199,553,127.28
102.9486832749012,18.444344160834632,554,361.25
102.91391847340577,18.683655352524074,555,84.85
103.05917605484791,18.526809503916805,556,591.7
102.95030024241262,18.914881706656438,557,258.07
102.94221540485555,18.578282969696854,558,30.0
103.08774248088291,18.77690047901568,559,108.17
103.24728327534254,18.657514377756197,560,189.74
102.3962193751677,18.895208601934222,561,256.32
102.60480818414025,18.651046507710536,562,60.0
102.74871829265619,19.092478638326867,563,174.93
102.64523237192563,18.47506654355152,564,161.56
103.28662948478697,19.045047591325357,565,152.97
102.26740096342496,18.922966544213516,566,120.0
103.00042623526649,19.07873441447984,567,513.52
103.32867064008376,18.833224847329973,568,42.43
102.52288183022856,18.48934975656902,569,30.0
102.6667919387445,18.521689106797325,570,362.49
102.65304771489747,18.818133150556765,571,134.16
103.0907069213205,18.987106255499647,572,60.0
102.423977317447,18.41469975645869,573,484.67
103.07561522454729,19.078195425309367,574,429.54
103.32085529711192,18.44191870956751,575,247.39
102.65035276904511,18.658592356097138,576,379.48
103.23596450276263,18.509292355876475,577,591.7
103.38742045966518,18.98495029881776,578,134.16
103.30765006243536,18.93105138177059,579,189.74
103.21117100092093,19.069841093167057,580,42.43
102.39433291307105,18.822714558505776,581,120.0
102.83199211949407,18.93105138177059,582,192.09
102.75356919519044,18.52141961221209,583,0.0
102.58297912273615,18.764773222680066,584,84.85
102.47545078322705,18.54136221151954,585,212.13
102.79668832882818,18.679612933745535,586,42.43
102.36118507908704,18.87957791599054,587,445.98
103.16993832937985,18.454584955073596,588,30.0
102.50105276882445,18.514951742166428,589,474.34
103.28258706600843,18.688506255058318,590,216.33
102.20433923047977,18.903562934076533,591,42.43
103.10148670472994,18.703867446416762,592,240.0
103.29471432234405,18.419011669822464,593,361.25
102.30135728116467,18.727313475332284,594,169.71
102.28141468185723,19.03965769962064,595,30.0
102.69805331063186,19.026991454114555,596,210.0
103.16912984562413,19.060139288098565,597,305.94
102.65035276904511,18.437067807033266,598,0.0
102.91391847340577,18.54217069527525,599,42.43
102.79453237214629,18.969050118288845,600,84.85
102.28464861688005,18.561574305412233,601,60.0
103.25294266163249,18.77366654399285,602,569.21
102.60696414082214,18.620593619578884,603,0.0
102.78186612664021,18.960695786146534,604,331.36
103.38795944883564,18.935902284304834,605,120.0
102.50805962804058,18.68796726588785,606,120.0
103.05216919563178,19.00408441436951,607,371.08
102.56115006133204,18.798190551249313,608,108.17
102.87780619898417,18.680960406671716,609,729.93
103.03680800427333,18.478839467744823,610,123.69
102.70020926731374,18.554836940781335,611,212.13
102.63041016973766,18.806544883391624,612,60.0
102.76488796777035,18.54351816820143,613,180.0
102.95569013411733,19.04882051551866,614,30.0
102.54578886997359,18.853436941222665,615,256.32
103.24135439446735,18.573162572577374,616,517.88
102.69886179438757,18.720576110701387,617,305.94
102.45200475431152,18.65993982902332,618,0.0
102.22751576481005,19.099754992128236,619,60.0
102.59591486282747,18.4478475904427,620,323.11
102.72931468251922,18.983872320476816,621,90.0
103.20012172292626,18.507405893779826,622,649.0
103.44401432256471,18.468329178920623,623,60.0
102.90556414126347,18.636763294693036,624,371.08
102.45928110811289,18.535433330644352,625,362.49
103.27962262557084,18.429791453231896,626,60.0
102.82552424944842,18.703058962661057,627,150.0
103.01093652409068,18.92646997382158,628,192.09
102.72958417710446,18.74779506381021,629,169.71
102.75734211938375,18.453776471317887,630,60.0
103.36774735494296,18.853975930393137,631,335.41
102.72608074749638,18.591757698958645,632,30.0
103.06133201152979,18.742674666690725,633,403.61
102.4293672091517,18.7221930782128,634,42.43
102.7457538522186,18.791992175788888,635,84.85
102.3533697361152,18.99492159847149,636,0.0
103.1764061994255,18.911647771633607,637,152.97
102.99800078399936,18.42116762650435,638,180.0
102.54201594578029,18.80573639963592,639,60.0
102.79803580175437,18.882542356428136,640,180.0
102.29408092736331,18.4659037276535,641,256.32
102.54686684831454,18.74833405298068,642,436.81
102.83926847329545,18.680960406671716,643,216.33
102.48542208288076,18.991957158033895,644,94.87
102.62582876178865,18.452698492976946,645,120.0
102.82498526027794,18.77285806023714,646,690.0
103.20605060380144,18.888471237303325,647,42.43
102.95083923158309,18.914073222900733,648,268.33
103.08450854586007,18.97767394501639,649,90.0
102.51910890603524,18.687697771302613,650,0.0
102.48973399624454,18.655627915659544,651,67.08
103.01228399701687,18.46805968433539,652,123.69
102.64873580153369,18.641075208056808,653,429.54
103.43134807705863,18.59876455817478,654,152.97
102.9688953687939,18.41658621855534,655,120.0
102.88130962859223,19.02537448660314,656,94.87
102.81501396062421,18.55375896244039,657,335.41
102.24772785870275,19.014055714023232,658,496.59
103.2726157663547,18.549177554491383,659,360.0
103.24189338363782,18.47318008145487,660,436.81
103.22410674101225,18.698747049297282,661,120.0
102.29488941111902,18.975517988334506,662,108.17
102.8155529497947,18.728391453673225,663,270.0
102.90933706545677,18.41469975645869,664,201.25
103.34349284227173,18.77043260897002,665,150.0
103.28150908766749,18.7965735837379,666,400.25
102.8697213614271,18.72030661611615,667,595.49
103.03357406925049,19.046395064251538,668,120.0
102.25823814752694,18.828104450210493,669,400.25
103.36397443074966,18.63757177844874,670,94.87
103.31708237291862,18.727043980747048,671,216.33
102.33746955558628,19.0528629342972,672,313.21
102.23829554821948,18.942909143520968,673,150.0
103.42002930447872,18.926739468406815,674,174.93
103.09798327512186,18.640805713471572,675,364.97
102.96781739045295,18.475605532721993,676,150.0
102.41238905028185,18.638919251374922,677,150.0
102.56061107216156,18.40284199470831,678,270.0
102.38490060258779,19.038040732109224,679,201.25
103.18071811278928,18.564538745849827,680,150.0
103.33729446681131,18.73458982913365,681,308.87
102.26308905006118,18.75291546092969,682,127.28
102.81124103643091,18.89925102071276,683,0.0
102.23560060236713,18.442188204152746,684,108.17
103.14757027880526,18.925661490065874,685,84.85
102.25096179372557,18.820289107238654,686,458.91
103.16104500806706,18.9394057139129,687,330.0
102.30432172160226,19.065798674388517,688,323.11
102.70317370775133,18.55375896244039,689,210.0
103.03357406925049,18.506866904609353,690,296.99
102.39244645097439,19.030764378307857,691,0.0
102.82471576569272,18.656975388585725,692,30.0
102.8419634191478,19.10029398129871,693,371.08
103.04893526060894,18.82109759099436,694,150.0
103.13517352788442,18.975517988334506,695,421.07
103.43027009871768,18.572354088821665,696,540.0
102.86028905094385,19.06121726643951,697,706.12
102.34124247977958,18.825948493528607,698,42.43
102.8743027693761,18.758305352634405,699,566.04
103.12520222823069,18.622210587090297,700,502.89
102.2835706385391,18.41011834850968,701,189.74
102.24718886953227,18.703867446416762,702,30.0
102.64496287734039,18.790914197447943,703,169.71
103.39173237302896,18.4831513811086,704,123.69
103.30468562199778,18.457818890096426,705,90.0
102.6608630578693,18.835380804011862,706,60.0
102.42424681203222,18.934554811378657,707,0.0
102.72042136120643,18.501477012904633,708,42.43
102.66948688459685,18.952880443174696,709,531.6
102.89128092824596,18.48234289735289,710,451.0
103.4491347196842,18.859904811268326,711,496.59
103.05189970104654,18.925661490065874,712,635.69
102.59187244404893,18.574779540088787,713,90.0
103.36424392533489,18.86718116506969,714,67.08
102.66248002538073,18.704945424757707,715,210.0
102.88804699322314,18.837806255278984,716,42.43
102.79938327468054,18.458088384681663,717,797.12
102.21511901388921,19.080351381991253,718,560.45
102.86513995347809,18.814899215533934,719,127.28
102.742789411781,18.834302825670918,720,465.73
102.81043255267521,18.675301020381763,721,456.95
103.29848724653735,18.50902286129124,722,637.81
102.39217695638916,18.65508892648907,723,420.0
102.83037515198266,18.568311670043126,724,240.0
102.4390690142202,18.521150117626853,725,127.28
102.68915998931908,18.437067807033266,726,534.14
103.18476053156782,18.69308766300733,727,0.0
102.6705648629378,18.537589287326238,728,90.0
102.59968778702077,18.529234955183927,729,390.0
103.01012804033498,18.758844341804878,730,241.87
102.45092677597057,18.781212392379455,731,94.87
103.21197948467663,18.698477554712046,732,30.0
102.8877774986379,18.627869973380253,733,150.0
102.47221684820421,19.064720696047576,734,210.0
102.68457858137006,18.991957158033895,735,67.08
102.93413056729847,19.082237844087906,736,150.0
102.45308273265246,18.63838026220445,737,270.0
102.457125151431,18.632181886744025,738,296.99
102.62043887008393,18.507675388365058,739,0.0
103.12843616325353,18.447308601272226,740,42.43
102.56734843679247,18.889818710229505,741,67.08
102.49323742585261,18.83888423361993,742,416.78
103.00419915945979,18.505249937097936,743,483.74
102.79372388839059,18.827295966454784,744,268.33
103.31816035125956,18.651316002295772,745,512.64
103.08316107293389,18.545135135712844,746,30.0
103.04192840139281,18.531929901036285,747,189.74
103.23488652442168,18.792800659544596,748,152.97
102.3541782198709,18.62733098420978,749,150.0
103.38149157878999,18.961234775317006,750,492.04
102.49781883380162,19.03777123752399,751,134.16
102.21916143266775,18.643770153909166,752,192.09
102.2797977143458,18.413082788947275,753,30.0
102.99476684897654,18.671797590773696,754,30.0
102.56034157757634,19.01567268153465,755,436.81
102.87403327479088,18.436259323277557,756,597.75
102.77351179449789,18.66047881819379,757,270.0
103.44940421426942,19.092748132912103,758,42.43
102.68915998931908,18.898173042371816,759,247.39
102.30243525950561,18.401494521782134,760,180.0
102.45982009728336,18.873379540530117,761,276.59
102.79695782341342,18.87634398096771,762,417.85
102.53473959197893,18.579899937208268,763,816.09
103.08235258917819,18.746447590884028,764,134.16
103.23704248110357,18.9318598655263,765,400.25
102.94760529656025,18.61628170621511,766,234.31
102.9982702785846,18.548369070735674,767,161.56
102.69886179438757,18.824062031431954,768,60.0
103.21736937638136,19.02160156240984,769,618.47
103.23704248110357,18.51818567718926,770,390.0
102.91445746257625,18.744561128787378,771,90.0
103.04138941222234,18.880655894331486,772,30.0
102.23560060236713,18.793070154129833,773,212.13
102.55602966421256,19.094634595008756,774,67.08
102.28464861688005,18.848586038688417,775,349.86
102.97886666844762,18.859096327512617,776,573.15
102.29138598151096,18.706292897683888,777,247.39
103.39604428639272,18.440571236641333,778,182.48
103.15754157845899,18.412543799776802,779,342.05
102.23587009695237,18.922966544213516,780,700.36
102.57031287723007,18.558340370389402,781,60.0
102.30162677574991,19.06229524478045,782,323.11
103.09933074804805,18.84912502785889,783,228.47
102.89720980912115,18.993574125545308,784,256.32
102.34151197436482,18.652124486051477,785,84.85
102.20892063842878,18.675840009552235,786,361.25
102.78833399668586,18.506597410024117,787,429.54
102.7390164875877,18.48557683237572,788,60.0
103.15861955679993,18.909761309536957,789,90.0
103.40628508063169,18.86610318672875,790,60.0
102.39702785892341,18.625444522113128,791,342.05
102.84169392456256,19.022679540750783,792,637.81
102.97374627132814,18.433833872010435,793,30.0
102.31698796710836,18.92054109294639,794,436.81
102.72257731788832,18.749142536736386,795,0.0
102.59187244404893,18.55699289746322,796,60.0
103.06537443030832,18.46078333053402,797,600.75
103.2087455496538,18.476953005648173,798,240.0
102.99880926775508,18.75345445010016,799,247.39
102.25015330996986,18.71249127314431,800,271.66
102.86487045889285,18.587176291009637,801,180.0
102.72904518793398,18.46994614643204,802,424.27
102.34151197436482,19.01890661655748,803,381.84
102.73874699300247,18.812473764266812,804,90.0
102.2932724436076,18.713299756900017,805,127.28
102.74144193885483,19.026991454114555,806,30.0
103.21656089262565,18.805197410465446,807,123.69
102.79884428551007,18.40769289724256,808,241.87
102.72527226374068,18.511987301728833,809,127.28
102.49188995292643,18.894130623593277,810,646.22
103.4297311095472,19.020254089483657,811,94.87
103.08127461083724,18.788758240766057,812,450.0
102.80504266097049,18.747256074639736,813,30.0
103.06429645196738,18.63757177844874,814,0.0
102.9651224446006,18.779864919453274,815,657.95
102.42721125246982,18.65670589400049,816,300.0
102.6314881480786,19.00138946851715,817,271.66
102.23721756987854,18.900328999053702,818,212.13
102.20784266008783,19.01809813280177,819,30.0
102.78806450210064,18.60253748236808,820,330.0
102.55872461006491,18.72866094825846,821,276.59
102.43421811168595,18.583403366816334,822,30.0
102.4563166676753,18.864486219217333,823,360.0
103.02602822086389,18.463747770971615,824,465.73
102.79318489922011,18.53893676025242,825,324.5
102.92362027847427,18.43922376371515,826,212.13
103.32813165091329,18.48934975656902,827,349.86
103.00312118111884,18.722732067383273,828,247.39
103.35615908777781,18.822714558505776,829,108.17
103.21736937638136,19.021062573239366,830,573.15
102.99288038687989,18.84723856576224,831,30.0
102.71476197491648,19.065798674388517,832,551.55
102.67002587376733,19.0356152808421,833,300.0
103.31330944872532,18.929434414259173,834,84.85
102.61181504335639,18.435181344936613,835,42.43
103.41679536945588,18.76908513604384,836,296.99
102.22670728105435,18.88550679686573,837,192.09
103.10930204770177,18.732703367037,838,390.0
102.9651224446006,18.716533691922848,839,120.0
102.85732461050625,18.66236528029044,840,84.85
103.09259338341715,18.942370154350495,841,30.0
102.54228544036553,18.93428531679342,842,241.87
103.11765637984409,18.599034052760015,843,30.0
103.10660710184942,18.690931706325443,844,381.84
102.3256117938359,18.524923041820156,845,108.17
102.79992226385102,18.573162572577374,846,324.5
102.31375403208553,18.59687809607813,847,241.87
103.09340186717286,18.78525481115799,848,134.16
103.39631378097796,18.72542701323563,849,30.0
103.0621404952855,18.87203206760394,850,324.5
102.24206847241278,18.936441273475307,851,150.0
103.35615908777781,18.422784594015766,852,60.0
102.73955547675818,18.572893077992138,853,90.0
102.26281955547594,18.858557338342145,854,615.55
103.00015674068125,18.990340190522478,855,450.0
102.36226305742798,18.60657990114662,856,120.0
103.22087280598942,18.459705352193076,857,649.0
103.36774735494296,18.9213495767021,858,494.77
102.29165547609618,18.75345445010016,859,324.5
102.96485295001536,18.950724486492806,860,323.11
102.87376378020564,18.669911128677047,861,42.43
102.42505529578793,18.700364016808695,862,416.78
102.80746811223761,18.600920514856664,863,240.0
102.43772154129402,18.998694522664792,864,416.78
103.20146919585244,18.832685858159504,865,189.74
102.4352960900269,18.452698492976946,866,483.74
102.61316251628256,18.520341633871144,867,120.0
103.34079789641937,18.49258369159185,868,120.0
102.91849988135479,18.799538024175494,869,531.6
102.51668345476813,19.075769974042245,870,67.08
102.53366161363799,18.546752103224257,871,152.97
103.443205838809,18.543248673616194,872,84.85
102.58540457400326,18.9394057139129,873,0.0
102.36792244371793,18.547021597809493,874,108.17
103.01524843745446,18.714916724411435,875,60.0
103.39361883512561,18.715455713581903,876,349.86
102.47383381571562,18.9070663636846,877,90.0
102.33046269637015,18.81004831299969,878,0.0
102.41319753403755,18.466442716823973,879,108.17
102.43071468207789,18.49393116451803,880,150.0
102.23829554821948,18.96177376448748,881,30.0
103.29148038732122,18.820828096409127,882,450.0
102.78617804000399,18.952071959418987,883,283.02
102.6104675704302,18.90949181495172,884,313.21
103.20955403340952,19.01432520860847,885,84.85
103.14137190334485,18.529234955183927,886,551.55
102.85004825670488,18.806275388806387,887,573.15
102.26955692010685,19.083585317014084,888,750.0
102.29003850858477,18.852089468296484,889,234.31
102.29219446526666,19.034806797086397,890,480.94
103.3650524090906,18.968511129118376,891,655.21
103.35130818524357,18.909761309536957,892,30.0
102.33720006100104,18.448117085027935,893,169.71
102.60696414082214,18.695782608859687,894,496.59
103.40978851023975,18.468329178920623,895,241.87
102.51264103598959,18.523036579723502,896,108.17
102.33450511514869,18.842926652398464,897,0.0
103.12708869032734,18.77043260897002,898,42.43
102.37304284083741,19.082507338673143,899,390.0
103.08882045922385,18.83996221196087,900,161.56
103.43323453915528,18.591488204373412,901,496.59
102.59160294946369,18.40230300553784,902,30.0
103.27827515264465,18.876613475552947,903,577.06
102.33720006100104,18.616012211629872,904,530.76
102.9020607116554,18.907335858269835,905,270.0
102.51533598184194,19.056096869320026,906,420.0
103.3184298458448,18.909761309536957,907,94.87
102.95326468285022,18.41658621855534,908,67.08
103.1734417589879,18.82972141772191,909,120.0
102.9742852604986,18.81921112889771,910,480.94
102.35849013323468,18.788219251595585,911,284.61
102.49431540419354,19.00192845768762,912,30.0
102.40080078311671,18.54944704907662,913,180.0
102.37223435708171,18.900598493638938,914,30.0
103.29094139815074,18.492853186177086,915,384.19
102.71314500740506,19.100563475883945,916,60.0
102.36388002493939,19.034267807915924,917,67.08
103.28986341980979,18.492853186177086,918,323.11
102.29192497068142,19.078464919894603,919,60.0
103.34861323939121,18.451620514636,920,241.87
103.00716359989738,19.064990190632813,921,94.87
102.76812190279318,18.765581706435775,922,323.11
102.56546197469582,18.62490553294266,923,0.0
103.36747786035772,18.482612391938126,924,416.78
102.26147208254977,18.62409704918695,925,308.87
102.42424681203222,18.91137827704837,926,210.0
102.84007695705115,18.714916724411435,927,450.0
102.9403289427589,18.56103531624176,928,394.59
103.44886522509896,18.54621311405379,929,0.0
102.75734211938375,19.018367627387008,930,283.02
102.81851739023229,18.641344702642044,931,161.56
102.51641396018289,19.067954631070407,932,432.67
103.20012172292626,18.55968784331558,933,722.5
102.44418941133968,18.524114558064447,934,84.85
102.48030168576129,18.70548441392818,935,134.16
103.06914735450164,18.647812572687705,936,169.71
103.22356775184177,18.703597951831526,937,615.55
103.10714609101989,18.927547952162524,938,94.87
103.36181847406777,18.885776291450966,939,300.0
103.0621404952855,18.710874305632895,940,408.05
102.36657497079176,18.453776471317887,941,127.28
103.04192840139281,18.598225569004306,942,42.43
103.02791468296054,19.095712573349697,943,600.0
102.41912641491274,19.04477809674012,944,551.55
102.44338092758397,18.534624846888644,945,210.0
102.81743941189134,18.529234955183927,946,540.84
102.86487045889285,18.6973995763711,947,108.17
103.4335040337405,18.941561670594787,948,90.0
103.13759897915153,18.956383872782762,949,30.0
102.77701522410597,18.78336834906134,950,60.0
102.61666594589063,18.683385857938838,951,30.0
102.90529464667823,18.867450659654928,952,600.0
103.15107370841334,18.97767394501639,953,540.84
102.5608805667468,18.92054109294639,954,127.28
102.3458238877286,19.054479901808612,955,123.69
102.65089175821558,18.865025208387806,956,531.6
103.2251847193532,18.755071417611575,957,276.59
103.43323453915528,18.513873763825483,958,465.73
102.4105025881852,18.93428531679342,959,30.0
103.08666450254196,19.084932789940265,960,780.0
102.45928110811289,18.668024666580394,961,540.0
102.26497551215783,18.98656726632918,962,474.34
102.93143562144611,19.056905353075734,963,394.59
102.73174013378635,18.78148188696469,964,457.93
102.30405222701704,18.87823044306436,965,323.11
102.2541957287484,19.00920481148899,966,241.87
102.42182136076511,18.64484813225011,967,120.0
103.20712858214239,18.89008820481474,968,0.0
103.26587840172381,18.489619251154256,969,450.0
103.07238128952446,19.03831022669446,970,543.33
102.92119482720715,18.54082322234907,971,182.48
103.17425024274361,18.943178638106204,972,84.85
102.82417677652224,18.96500769951031,973,550.73
102.76354049484416,18.978751923357336,974,339.41
102.49754933921638,18.8041194321245,975,451.0
102.69940078355803,18.93239885469677,976,324.5
103.07426775162111,18.636763294693036,977,42.43
102.52234284105808,18.806544883391624,978,150.0
103.16185349182277,18.601459504027137,979,212.13
102.58702154151469,18.732972861622237,980,589.41
102.39271594555963,19.097868530031587,981,330.0
103.0734592678654,19.03130336747833,982,60.0
103.24458832949017,18.666677193654216,983,174.93
102.37196486249647,18.849394522444125,984,218.4
102.38139717297973,18.98171636379493,985,90.0
103.27504121762182,18.613047771192278,986,127.28
102.46035908645383,18.828104450210493,987,216.33
102.38867352678109,18.889279721059033,988,152.97
102.68377009761436,18.831877374403795,989,742.77
102.4105025881852,18.62490553294266,990,94.87
102.36253255201322,18.97524849374927,991,216.33
102.6142404946235,18.97524849374927,992,216.33
102.96808688503819,18.962043259072715,993,582.5
102.95784609079922,18.78929722993653,994,30.0
102.3000098082385,19.058252826001915,995,42.43
102.47652876156798,18.459166363022604,996,60.0
102.85678562133577,18.622480081675533,997,296.99
103.4499432034399,18.520072139285908,998,1260.01
103.33082659676565,18.55375896244039,999,276.59
103.18422154239734,18.789566724521766,1000,445.98
103.35939302280065,18.875535497212002,1001,342.05
102.39945331019052,18.898173042371816,1002,150.0
102.24206847241278,18.703597951831526,1003,331.36
102.44311143299873,18.530582428110108,1004,201.25
102.85489915923912,18.538667265667183,1005,180.0
103.28770746312792,18.87957791599054,1006,483.74
102.47760673990892,18.597147590663365,1007,234.31
102.55037027792261,18.566694702531713,1008,0.0
102.79776630716913,18.51037033421742,1009,161.56
103.12843616325353,18.714916724411435,1010,558.03
102.66167154162501,18.68069091208648,1011,152.97
102.28707406814718,19.031033872893094,1012,400.25
102.76246251650322,18.84400463073941,1013,150.0
102.54524988080313,18.86718116506969,1014,589.41
102.70721612652987,18.78794975701035,1015,780.0
102.31752695627883,18.9146122120712,1016,60.0
103.16993832937985,18.95584488361229,1017,152.97
102.76866089196365,19.05528838556432,1018,534.14
102.56923489888912,18.66236528029044,1019,0.0
102.33046269637015,18.6936266521778,1020,256.32
102.89963526038828,18.677726471648885,1021,268.33
103.21709988179612,18.609005352413742,1022,150.0
103.3612794848973,18.5154907313369,1023,390.0
102.97024284172007,18.632720875914497,1024,375.9
102.8713383289385,18.5297739443544,1025,268.33
102.39648886975293,18.97147556955597,1026,379.48
102.75222172226427,18.66964163409181,1027,150.0
103.01524843745446,18.52195860138256,1028,108.17
103.26533941255333,18.8003465079312,1029,30.0
103.03977244471092,18.41523874562916,1030,108.17
102.75518616270186,19.058791815172388,1031,60.0
102.45685565684576,18.448117085027935,1032,189.74
102.39541089141198,18.494470153688503,1033,127.28
102.7638099894294,18.566425207946477,1034,256.32
102.26955692010685,19.00058098476144,1035,591.7
102.37735475420119,18.935632789719598,1036,134.16
102.43933850880543,19.098946508372528,1037,210.0
102.7697388703046,18.594722139396243,1038,30.0
102.57139085557101,18.641075208056808,1039,234.31
102.47625926698275,18.67422304204082,1040,240.0
102.74790980890049,19.09625156252017,1041,0.0
102.56680944762199,18.61035282533992,1042,30.0
103.2507867049506,18.91110878246314,1043,150.0
102.6676004225002,19.071997049848942,1044,180.0
103.04974374436465,18.69820806012681,1045,161.56
103.22060331140418,18.500399034563692,1046,301.5
102.91823038676955,18.579630442623035,1047,192.09
103.21197948467663,18.871762573018703,1048,276.59
103.26965132591711,19.055827374734793,1049,339.41
102.77836269703214,18.698477554712046,1050,169.71
103.23677298651833,18.886045786036203,1051,42.43
103.3251672104757,18.791453186618416,1052,120.0
103.04677930392705,18.74563910712832,1053,547.45
102.32588128842114,18.56938964838407,1054,276.59
102.63849500729474,19.01998459489842,1055,0.0
102.63014067515242,18.74968152590686,1056,180.0
103.14541432212337,19.074422501116064,1057,276.59
102.5134495197453,18.620324124993648,1058,300.0
102.91014554921247,19.03965769962064,1059,94.87
102.60076576536171,18.841579179472287,1060,268.33
103.16266197557847,18.809509323829218,1061,524.79
102.23263616192953,19.045047591325357,1062,161.56
102.64523237192563,18.840231706546106,1063,150.0
102.87511125313182,19.08277683325838,1064,394.59
103.4364684741781,18.65481943190384,1065,108.17
103.44832623592848,18.71303026231478,1066,424.27
103.03950295012568,18.793878637885538,1067,391.15
102.88211811234795,18.83888423361993,1068,30.0
102.6172049350611,18.76585120102101,1069,30.0
102.66328850913644,18.97066708580026,1070,90.0
102.62448128886247,18.750490009662567,1071,240.0
102.25931612586788,19.004353908954744,1072,169.71
102.2992013244828,18.828643439380965,1073,189.74
102.33585258807487,18.804388926709738,1074,42.43
102.45092677597057,18.640805713471572,1075,150.0
102.92820168642328,18.650507518540064,1076,180.0
102.73120114461587,18.856131887075023,1077,94.87
103.3612794848973,19.007587843977575,1078,42.43
103.37367623581815,18.669372139506574,1079,123.69
102.60076576536171,18.755071417611575,1080,0.0
102.55683814796826,18.475336038136756,1081,120.0
102.23802605363424,18.67071961243275,1082,234.31
102.56249753425823,18.662904269460913,1083,60.0
103.27396323928089,18.636224305522564,1084,134.16
102.65439518782365,19.007048854807103,1085,120.0
103.18799446659064,18.90895282578125,1086,150.0
102.47464229947133,18.69632159803016,1087,268.33
102.5810926606395,19.036693259183046,1088,30.0
103.28097009849701,19.004353908954744,1089,30.0
102.97886666844762,18.90625787992889,1090,0.0
103.28851594688362,18.791992175788888,1091,150.0
102.55818562089445,18.469676651846804,1092,308.87
102.81743941189134,18.524114558064447,1093,408.05
103.4461702792466,19.061486761024746,1094,0.0
102.5075206388701,18.414969251043924,1095,318.91
102.76434897859988,18.42440156152718,1096,445.98
102.78456107249256,18.51468224758119,1097,180.0
102.43448760627119,18.629756435476903,1098,60.0
103.43000060413245,18.803310948368793,1099,30.0
103.32247226462334,18.714108240655726,1100,335.41
102.4428419384135,18.65724488317096,1101,342.05
102.34097298519434,18.717611670263793,1102,189.74
102.23371414027048,18.802232970027852,1103,499.3
102.60804211916309,18.99222665261913,1104,283.02
102.64738832860752,18.453776471317887,1105,450.0
102.823907281937,19.024566002847433,1106,120.0
102.88831648780837,18.602806976953318,1107,127.28
103.2470137807573,18.620324124993648,1108,474.34
103.27504121762182,18.919193620020213,1109,690.66
102.25742966377123,18.579899937208268,1110,108.17
103.33756396139654,18.670450117847516,1111,318.91
102.54390240787694,18.752645966344453,1112,30.0
103.3823000625457,19.055827374734793,1113,456.95
103.25429013455866,18.84508260908035,1114,134.16
102.42236034993557,18.467251200579682,1115,660.68
102.39594988058246,18.66182629111997,1116,94.87
103.26372244504192,19.022679540750783,1117,313.21
102.84923977294918,18.5726235834069,1118,351.14
103.36639988201678,18.856131887075023,1119,417.85
103.28824645229838,19.084932789940265,1120,42.43
103.15296017050999,18.74375264503167,1121,400.25
103.4033206401941,18.60065102027143,1122,468.62
103.02144681291489,18.895747591104694,1123,600.0
102.56492298552534,18.78417683281705,1124,192.09
103.29121089273598,18.68823676047308,1125,0.0
103.1583500622147,19.023757519091724,1126,792.03
102.87268580186469,18.84723856576224,1127,182.48
102.94437136153743,18.462939287215907,1128,301.5
103.21709988179612,18.827026471869548,1129,442.95
102.32453381549496,18.70278946807582,1130,123.69
102.89882677663257,18.833763836500445,1131,134.16
103.35427262568116,18.42763549655001,1132,301.5
102.31644897793788,18.62005463040841,1133,90.0
103.07938814874059,18.690662211740207,1134,494.77
103.01336197535781,18.513604269240247,1135,483.74
103.31492641623673,19.0528629342972,1136,0.0
102.98290908722616,19.0671461473147,1137,403.61
103.0230637804263,19.011091273585638,1138,569.21
103.13948544124818,18.97417051540833,1139,432.67
102.40538219106571,18.689584233399263,1140,258.07
103.31061450287297,18.43868477454468,1141,330.0
102.80342569345908,19.08385481159932,1142,576.28
102.43179266041884,18.562382789167938,1143,510.88
102.92469825681522,18.959887302390825,1144,560.45
103.30630258950919,18.50578892626841,1145,216.33
102.44930980845916,18.530312933524872,1146,30.0
103.16939934020937,18.58636780725393,1147,375.9
102.4848830937103,18.925391995480638,1148,161.56
103.23785096485928,18.87715246472342,1149,456.95
103.00824157823833,18.489888745739492,1150,42.43
103.13598201164012,18.603615460709026,1151,123.69
102.28680457356194,18.932668349282004,1152,308.87
103.30441612741254,18.762886760583417,1153,421.07
102.51964789520572,18.66425174238709,1154,666.11
102.27791125224915,18.704406435587234,1155,94.87
102.69562785936473,18.65481943190384,1156,60.0
103.43458201208145,18.861791273364975,1157,308.87
103.42056829364918,19.033998313330688,1158,450.0
102.43071468207789,18.567772680872654,1159,270.0
103.07184230035399,18.559957337900816,1160,228.47
102.88912497156407,19.061756255609982,1161,60.0
102.69751432146138,18.839423222790398,1162,30.0
103.14191089251531,18.403111489293547,1163,300.0
102.63364410476049,18.571006615895485,1164,0.0
103.25213417787678,18.7221930782128,1165,134.16
102.5638450071844,19.007048854807103,1166,778.27
103.11011053145748,18.586637301839165,1167,276.59
102.51533598184194,18.476683511062937,1168,212.13
103.32031630794145,19.079542898235548,1169,611.89
102.96134952040728,18.990609685107714,1170,606.72
103.22922713813173,19.07415300653083,1171,30.0
102.36280204659845,18.88362033476908,1172,330.0
102.3000098082385,18.84454361990988,1173,270.0
102.73227912295681,19.007587843977575,1174,445.98
103.27072930425805,18.450003547124588,1175,254.56
103.27665818513324,18.89332213983757,1176,305.94
102.5856740685885,18.98117737462446,1177,182.48
102.87457226396134,18.945873583958562,1178,30.0
102.49054248000024,18.776630984430444,1179,169.71
102.25581269625981,18.420628637333877,1180,30.0
102.9201168488662,18.78148188696469,1181,192.09
102.36226305742798,18.68473333086502,1182,840.54
103.1966182933182,18.40607592973114,1183,174.93
102.57112136098577,18.633529359670206,1184,150.0
102.35902912240515,18.475605532721993,1185,94.87
102.78752551293016,18.788219251595585,1186,84.85
102.5495617941669,18.92377502796922,1187,216.33
102.90637262501917,18.56750318628742,1188,30.0
102.40915511525903,18.458627373852135,1189,465.73
103.4259581853539,18.58771528018011,1190,666.11
102.20676468174689,18.974709504578797,1191,174.93
102.43017569290741,18.912456255389316,1192,120.0
102.95461215577639,18.961234775317006,1193,228.47
102.96862587420866,19.006779360221866,1194,174.93
102.6180134188168,18.45431546048836,1195,134.16
103.01336197535781,18.584211850572043,1196,228.47
103.00096522443695,18.983872320476816,1197,570.0
103.13544302246966,18.56426925126459,1198,870.0
102.8659484372338,18.48665481071666,1199,742.16
102.93844248066225,19.092748132912103,1200,212.13
102.45604717309006,18.869067627166345,1201,456.95
102.96835637962342,18.447308601272226,1202,0.0
102.33746955558628,18.47722250023341,1203,30.0
102.83145313032361,18.94533459478809,1204,212.13
102.5285412165185,18.459705352193076,1205,42.43
102.77620674035026,19.031842356648802,1206,582.5
102.81097154184567,18.826756977284315,1207,84.85
103.10067822097423,19.025104992017905,1208,218.4
102.76650493528176,18.725157518650395,1209,391.15
102.34178146895006,18.481264919011945,1210,212.13
103.08720349171243,18.80088549710167,1211,108.17
102.66867840084115,18.503632969586523,1212,330.0
103.25887154250768,18.61628170621511,1213,0.0
102.80073074760672,18.5936441610553,1214,339.41
103.28366504434938,18.62490553294266,1215,0.0
102.81043255267521,18.695243619689215,1216,390.0
102.45200475431152,18.40095553261166,1217,60.0
102.64253742607328,18.670180623262283,1218,0.0
103.04300637973375,18.99411311471578,1219,300.0
103.12250728237834,18.77420553316332,1220,30.0
103.10984103687224,19.03238134581927,1221,375.9
102.9209253326219,18.604693439049967,1222,330.0
103.26641739089428,19.072536039019415,1223,453.98
102.73470457422394,18.575588023844496,1224,210.0
102.35849013323468,18.866911670484455,1225,84.85
103.34915222856169,18.498243077881806,1226,123.69
103.1680518672832,18.724079540309454,1227,240.0
102.95272569367974,18.889818710229505,1228,540.84
103.30091269780446,19.07684795238319,1229,563.65
102.514258003501,18.701711489734876,1230,212.13
102.44149446548732,18.677726471648885,1231,30.0
102.76057605440657,19.099485497543,1232,247.39
102.33288814763728,18.945873583958562,1233,42.43
102.22967172149194,19.09032268164498,1234,324.5
102.43826053046449,18.803310948368793,1235,120.0
103.21467443052899,18.76854614687337,1236,483.74
102.8915504228312,18.879308421405305,1237,301.5
102.95946305831063,18.590679720617704,1238,30.0
102.86891287767139,18.68257737418313,1239,569.21
103.1928453691249,18.844274125324645,1240,684.77
102.89397587409833,18.825409504358134,1241,30.0
103.32085529711192,18.834302825670918,1242,283.02
102.46952190235186,18.457010406340718,1243,394.59
102.71772641535408,19.022679540750783,1244,192.09
103.26426143421239,18.63110390840308,1245,313.21
103.13759897915153,18.920810587531626,1246,60.0
103.10849356394607,18.909761309536957,1247,657.95
102.33773905017152,18.725157518650395,1248,150.0
102.6915854405862,18.77285806023714,1249,362.49
102.45685565684576,18.6402667243011,1250,30.0
103.29444482775881,19.01163026275611,1251,540.84
102.74251991719578,19.00462340353998,1252,360.0
102.2835706385391,18.786332789498935,1253,499.3
103.08747298629767,18.593374666470062,1254,240.0
102.48892551248883,18.915959684997382,1255,256.32
102.4646709998176,19.099485497543,1256,180.0
102.57085186640053,18.570737121310252,1257,0.0
103.38715096507994,18.950185497322337,1258,30.0
102.72338580164403,18.752376471759217,1259,201.25
102.28168417644245,18.753723944685397,1260,67.08
103.21709988179612,19.011899757341347,1261,361.25
102.84923977294918,18.801154991686907,1262,1056.84
102.30944211872175,18.881194883501955,1263,408.05
103.00366017028932,18.82756546104002,1264,390.0
102.90125222789969,19.012708241097055,1265,42.43
102.70613814818893,18.969858602044553,1266,778.27
103.33433002637372,18.595800117737184,1267,417.85
103.24755276992776,18.912456255389316,1268,451.0
102.6953583647795,19.02591347577361,1269,240.0
103.02414175876724,18.467520695164918,1270,590.93
103.35292515275499,19.064181706877104,1271,120.0
102.49970529589827,18.976865461260687,1272,284.61
103.01524843745446,18.98683676091441,1273,283.02
103.14271937627102,18.480725929841473,1274,296.99
103.21467443052899,18.569659142969307,1275,680.15
102.67541576547204,18.990609685107714,1276,0.0
102.65385619865317,19.02860842162597,1277,724.99
103.3364859830556,18.89790354778658,1278,510.0
103.01443995369875,18.44084073122657,1279,300.0
102.62798471847053,18.85424542497837,1280,60.0
102.89370637951309,18.635415821766856,1281,695.85
102.88912497156407,18.577474485941146,1282,90.0
102.83630403285785,19.076578457797954,1283,94.87
102.5495617941669,19.01486419777894,1284,577.06
102.46520998898808,18.9641992157546,1285,573.15
102.96808688503819,18.58178639930492,1286,706.12
103.04435385265994,18.42574903445336,1287,42.43
102.93763399690653,18.75614939595252,1288,618.47
103.31789085667432,18.932129360111535,1289,256.32
103.06779988157545,18.445422139175577,1290,216.33
102.46143706479478,18.89062719398521,1291,182.48
102.57327731766766,18.957192356538467,1292,690.0
103.03923345554045,18.878499937649597,1293,0.0
103.00608562155644,18.50956185046171,1294,60.0
103.31061450287297,18.611969792851337,1295,180.0
103.07777118122918,18.709526832706715,1296,161.56
102.69050746224525,18.87580499179724,1297,351.14
102.57462479059383,18.943717627276676,1298,210.0
102.34905782275142,18.517646688018786,1299,241.87
102.32022190213118,18.735128818304123,1300,308.87
103.16724338352748,19.090053187059745,1301,60.0
102.46520998898808,18.769354630629078,1302,241.87
103.34888273397645,19.071188566093234,1303,429.54
103.43592948500763,18.705753908513415,1304,60.0
102.99584482731748,18.42035914274864,1305,375.9
102.73120114461587,18.781751381549924,1306,480.0
102.67676323839822,18.865564197558278,1307,60.0
103.27126829342852,18.943987121861912,1308,270.0
103.19311486371012,18.6259835112836,1309,30.0
103.25186468329154,18.80600589422115,1310,256.32
102.46574897815854,19.08196834950267,1311,0.0
102.41697045823086,19.079003909065076,1312,127.28
103.01767388872159,18.4906972294952,1313,450.0
102.36657497079176,18.40553694056067,1314,123.69
102.738208003832,19.05070697761531,1315,169.71
102.84331089207399,18.7860632949137,1316,216.33
103.12142930403739,18.97336203165262,1317,90.0
103.2793531309856,18.875266002626766,1318,750.6
102.48164915868746,18.829182428551437,1319,60.0
102.60130475453218,18.960695786146534,1320,339.41
102.40807713691808,18.78660228408417,1321,94.87
103.42056829364918,18.55645390829275,1322,180.0
102.91391847340577,18.459705352193076,1323,42.43
102.35983760616085,19.038579721279696,1324,60.0
102.3083641403808,18.703597951831526,1325,84.85
103.36478291450537,18.70656239226912,1326,60.0
103.24351035114923,19.043161129228707,1327,192.09
102.4390690142202,18.559957337900816,1328,90.0
102.3083641403808,18.874996508041534,1329,192.09
103.15915854597041,18.471024124772985,1330,516.14
103.28447352810508,18.966355172436486,1331,268.33
102.65520367157936,18.58124741013445,1332,120.0
103.06106251694456,18.928356435918232,1333,615.55
103.26318345587144,18.481803908182417,1334,30.0
102.62178634301011,18.777169973600916,1335,210.0
102.42289933910605,18.69174019008115,1336,466.69
102.49188995292643,18.973631526237856,1337,361.25
102.83010565739743,18.649699034784355,1338,361.25
102.6066946462369,19.031842356648802,1339,335.41
103.37448471957386,18.55887935955987,1340,30.0
103.16158399723753,18.47910896233006,1341,256.32
102.95676811245828,18.679612933745535,1342,664.08
102.61235403252685,18.87203206760394,1343,713.1
102.90259970082587,18.478030983989115,1344,212.13
103.39200186761418,18.79899903500502,1345,394.59
102.71206702906412,18.450812030880293,1346,240.0
102.742789411781,18.692818168422093,1347,323.11
102.30917262413652,18.92970390884441,1348,30.0
102.9365560185656,18.62409704918695,1349,722.5
102.50779013345534,18.763156255168653,1350,295.47
102.28303164936864,18.729199937428934,1351,394.59
102.42155186617987,18.913264739145024,1352,67.08
103.2402764161264,18.813821237192993,1353,300.0
103.01093652409068,19.096790551690642,1354,450.0
102.62124735383964,18.64565661600582,1355,30.0
103.39739175931891,19.080351381991253,1356,30.0
103.20362515253433,18.966355172436486,1357,394.59
103.33756396139654,18.89008820481474,1358,540.0
102.25689067460075,18.841848674057523,1359,432.67
102.22670728105435,18.45108152546553,1360,60.0
102.47302533195992,18.769893619799547,1361,402.49
102.23694807529331,18.85235896288172,1362,84.85
102.55656865338304,18.54136221151954,1363,67.08
103.38283905171618,18.938597230157193,1364,241.87
102.59618435741271,18.659400839852847,1365,161.56
102.76866089196365,18.574779540088787,1366,108.17
103.0516302064613,18.85963531668309,1367,182.48
103.00446865404503,18.565347229605532,1368,496.59
103.35292515275499,18.955575389027054,1369,192.09
102.57327731766766,18.751298493418275,1370,484.67
102.55063977250785,18.947490551469976,1371,706.12
102.94814428573073,18.463747770971615,1372,30.0
103.25321215621773,18.900598493638938,1373,189.74
103.02602822086389,19.026991454114555,1374,0.0
103.01066702950546,18.84643008200653,1375,499.3
102.70775511570035,19.021332067824602,1376,90.0
103.43053959330291,18.939675208498137,1377,182.48
102.39433291307105,18.64565661600582,1378,189.74
102.26605349049878,18.56615571336124,1379,247.39
102.3571426603085,18.897364558616108,1380,256.32
102.34474590938765,18.423862572356708,1381,108.17
102.35687316572326,18.832416363574268,1382,699.72
103.20227767960814,18.818402645142,1383,276.59
102.53420060280845,18.898981526127525,1384,666.11
102.55063977250785,18.673145063699877,1385,270.0
102.35148327401855,18.47964795150053,1386,30.0
102.2932724436076,18.46805968433539,1387,120.0
102.93898146983271,18.870415100092522,1388,30.0
103.29633128985546,18.522767085138266,1389,60.0
102.29273345443713,18.788219251595585,1390,379.48
103.33136558593613,18.428982969476188,1391,201.25
102.77593724576502,18.4087708755835,1392,335.41
102.76246251650322,18.706831886854356,1393,67.08
102.33827803934199,18.496087121199917,1394,108.17
102.74386739012195,18.589332247691523,1395,42.43
103.28662948478697,18.687428276717377,1396,254.56
102.25662118001553,18.71060481104766,1397,595.49
103.1508042138281,18.93751925181625,1398,180.0
103.2974092681964,19.02483549743267,1399,305.94
103.14218038710055,18.908413836610777,1400,403.61
102.53473959197893,18.9784824287721,1401,150.0
103.37125078455102,18.737554269571245,1402,189.74
102.3991838156053,18.806544883391624,1403,201.25
102.91445746257625,18.554297951610863,1404,740.95
102.23856504280472,18.853436941222665,1405,174.93
102.2579686529417,18.634068348840675,1406,420.0
102.96161901499252,18.68203838501266,1407,351.14
102.84708381626729,18.83672827693804,1408,268.33
103.30468562199778,18.45754939551119,1409,90.0
102.790759447953,19.065798674388517,1410,400.25
103.1305921199354,18.92188856587257,1411,375.9
102.44580637885109,18.502016002075106,1412,150.0
102.52665475442186,18.459166363022604,1413,120.0
102.90664211960441,18.54863856532091,1414,161.56
102.50509518760299,18.480186940671004,1415,30.0
103.40197316726791,18.917576652508796,1416,276.59
103.16724338352748,19.01809813280177,1417,0.0
102.46494049440284,18.44919506336888,1418,152.97
102.51776143310907,18.733242356207473,1419,42.43
102.38436161341733,18.618976652067467,1420,30.0
103.133556560373,19.056905353075734,1421,543.33
103.19203688536918,18.580708420963976,1422,84.85
102.60103525994695,18.72812195908799,1423,182.48
102.29812334614185,19.08062087657649,1424,241.87
103.32840114549853,18.58178639930492,1425,632.85
102.20029681170124,18.803849937539265,1426,540.84
102.75949807606563,18.71788116484903,1427,90.0
103.00958905116451,18.430599936987605,1428,371.08
102.45577767850482,18.44326618249369,1429,424.27
102.62798471847053,18.401494521782134,1430,90.0
102.70721612652987,18.489080261983787,1431,120.0
102.58217063898044,18.90302394490606,1432,42.43
103.20470313087527,18.710335316462423,1433,182.48
103.44670926841707,18.74294416127596,1434,536.66
103.35292515275499,18.444613655419868,1435,390.0
103.08612551337148,18.977943439601628,1436,30.0
103.43997190378617,18.467251200579682,1437,30.0
102.85786359967672,18.414160767288216,1438,254.56
102.70263471858087,19.04558658049583,1439,510.0
103.01363146994305,19.041813656302526,1440,108.17
103.41140547775117,18.745908601713555,1441,60.0
102.60615565706642,18.44919506336888,1442,60.0
103.28366504434938,18.60927484699898,1443,0.0
103.03492154217668,18.88362033476908,1444,67.08
103.11657840150315,18.45674091175548,1445,216.33
102.92577623515615,18.80816185090304,1446,241.87
102.84735331085253,18.94533459478809,1447,469.58
103.00851107282357,18.771510587310964,1448,123.69
103.36963381703961,19.098407519202055,1449,240.0
102.59187244404893,18.61116130909563,1450,201.25
102.89208941200167,18.996538565982902,1451,30.0
103.34484031519791,19.07361401736036,1452,362.49
102.27871973600486,18.884159323939553,1453,60.0
102.41643146906038,18.53705029815577,1454,362.49
103.11576991774743,18.899520515297993,1455,442.95
102.5810926606395,18.88820174271809,1456,161.56
102.72446377998497,18.909761309536957,1457,120.0
102.51910890603524,18.732972861622237,1458,30.0
102.30620818369893,18.816246688460115,1459,180.0
102.342859447291,18.509831345046948,1460,108.17
102.40484320189525,18.89332213983757,1461,30.0
103.18718598283493,18.76261726599818,1462,212.13
102.25769915835647,18.589332247691523,1463,120.0
103.33163508052135,18.689314738814026,1464,30.0
102.795340855902,18.827026471869548,1465,276.59
102.25689067460075,18.7079098651953,1466,324.5
102.70559915901846,19.07792593072413,1467,402.49
102.5856740685885,19.069032609411348,1468,268.33
102.67595475464252,18.43598982869232,1469,600.0
102.63014067515242,19.03965769962064,1470,127.28
102.7961493396577,18.9784824287721,1471,94.87
103.08828147005337,18.94452611103238,1472,30.0
102.97132082006101,18.96500769951031,1473,600.0
102.72796720959303,18.5049804425127,1474,0.0
102.70775511570035,18.51656870967784,1475,150.0
102.66652244415926,18.552950478684682,1476,0.0
103.22572370852366,18.458627373852135,1477,134.16
102.37951071088307,18.40095553261166,1478,90.0
102.66652244415926,18.478569973159587,1479,42.43
103.00635511614168,18.623019070846006,1480,120.0
102.89720980912115,18.724618529479923,1481,60.0
102.28249266019817,19.088975208718804,1482,582.5
102.27252136054445,18.662634774875677,1483,234.31
102.81878688481753,18.947490551469976,1484,390.0
103.16724338352748,18.66640769906898,1485,442.95
102.99665331107319,18.626253005868836,1486,637.81
102.35283074694472,18.560496327071288,1487,483.74
103.2230287626713,18.931320876355826,1488,618.47
102.97536323883955,18.752376471759217,1489,84.85
102.42694175788459,18.87445751887106,1490,120.0
103.00689410531214,18.610622319925156,1491,94.87
103.0222552966706,18.928895425088704,1492,90.0
103.29471432234405,18.66182629111997,1493,695.85
102.2458413966061,18.472910586869634,1494,0.0
102.52827172193327,18.643231164738694,1495,174.93
103.20308616336385,18.53300787937723,1496,30.0
103.44293634422377,19.097868530031587,1497,150.0
102.27171287678873,18.98818423384059,1498,192.09
103.247822264513,18.829451923136673,1499,429.54
102.22697677563959,18.492314197006614,1500,42.43
102.95649861787304,18.826217988113843,1501,0.0
103.16912984562413,19.003006436028564,1502,453.98
102.99853977316984,19.03777123752399,1503,456.95
102.52207334647284,18.722462572798037,1504,590.93
103.39577479180748,18.771510587310964,1505,649.0
102.67541576547204,18.86879813258111,1506,127.28
102.37358183000788,18.784985316572754,1507,408.05
102.9419459102703,18.77609199525997,1508,90.0
102.6050776787255,18.695243619689215,1509,510.0
102.46736594566997,18.796304089152663,1510,108.17
103.20632009838668,18.829451923136673,1511,30.0
102.77000836488983,18.976326472090214,1512,600.0
102.93008814851993,18.648621056443414,1513,442.95
102.79183742629394,18.79010571369224,1514,241.87
102.5638450071844,18.99222665261913,1515,108.17
102.35525619821185,18.700903005979168,1516,67.08
103.19580980956249,18.884428818524785,1517,417.85
102.81690042272086,18.818133150556765,1518,589.41
102.49323742585261,18.786871778669408,1519,30.0
102.88481305820031,18.522228095967797,1520,240.0
102.88427406902983,18.66829416116563,1521,201.25
102.59483688448653,18.814899215533934,1522,0.0
102.87538074771705,18.57612701301497,1523,510.88
102.46925240776662,18.779864919453274,1524,0.0
103.2545596291439,18.605771417390912,1525,42.43
102.24934482621416,18.976865461260687,1526,510.0
103.31438742706626,18.988723223011064,1527,408.05
102.40457370731,18.970936580385498,1528,42.43
103.36774735494296,19.05394091263814,1529,42.43
102.20730367091737,18.870415100092522,1530,228.47
102.99207190312417,18.865025208387806,1531,150.0
102.73174013378635,18.47506654355152,1532,750.0
102.89289789575739,18.65805336692667,1533,361.25
103.43215656081433,18.523036579723502,1534,1020.45
103.00797208365309,18.924314017139693,1535,94.87
102.90179121707017,18.596339106907656,1536,60.0
103.30603309492395,18.889818710229505,1537,60.0
102.93682551315082,18.794956616226482,1538,152.97
102.35956811157563,18.793609143300305,1539,30.0
102.32291684798355,18.822714558505776,1540,361.25
102.39837533184958,18.987375750084883,1541,90.0
103.41140547775117,18.897634053201344,1542,474.34
103.43862443085999,18.49905156163751,1543,30.0
103.08720349171243,19.095712573349697,1544,60.0
102.8088155851638,18.930781887185354,1545,30.0
102.86702641557474,18.92000210377592,1546,300.0
102.83091414115313,18.400686038026425,1547,0.0
103.1260107119864,18.771510587310964,1548,150.0
103.15915854597041,18.902754450320824,1549,30.0
103.18934193951682,19.076578457797954,1550,300.0
102.79345439380535,18.876613475552947,1551,330.0
102.74737081973002,18.820019612653418,1552,577.06
103.44751775217277,18.42116762650435,1553,84.85
102.37115637874076,18.73216437786653,1554,254.56
102.40646016940666,18.535163836059116,1555,30.0
102.40080078311671,19.0604087826838,1556,0.0
103.26318345587144,18.692548673836857,1557,721.25
102.78375258873686,18.535433330644352,1558,530.76
103.0974442859514,18.792800659544596,1559,192.09
103.28662948478697,18.58960174227676,1560,60.0
103.11496143399172,18.531929901036285,1561,342.05
103.1801791236188,18.97336203165262,1562,390.0
102.50024428506873,18.75668838512299,1563,161.56
102.26012460962359,18.892513656081864,1564,416.78
103.08181360000772,19.098138024616823,1565,90.0
103.41868183155253,18.47398856521058,1566,60.0
102.80369518804432,18.511717807143597,1567,90.0
103.34564879895362,19.058252826001915,1568,127.28
102.26901793093637,18.731086399525584,1569,94.87
102.88616053112648,18.812204269681576,1570,371.08
103.02360276959678,18.440301742056096,1571,67.08
102.90691161418964,18.66317376404615,1572,318.91
103.42946161496197,18.978751923357336,1573,450.0
103.20173869043768,19.076578457797954,1574,436.81
103.13005313076494,18.5869067964244,1575,241.87
102.28815204648812,18.91030029870743,1576,351.14
102.53177515154134,18.828643439380965,1577,84.85
103.31384843789579,19.091939649156398,1578,84.85
103.01066702950546,18.552411489514213,1579,465.73
102.35121377943331,18.97524849374927,1580,120.0
102.4894645016593,18.71195228397384,1581,570.0
102.44391991675444,18.64754307810247,1582,408.05
102.48542208288076,18.574240550918315,1583,108.17
102.62906269681147,18.57855246428209,1584,134.16
103.35804554987448,18.506058420853645,1585,152.97
103.36047100114159,18.870145605507286,1586,30.0
102.73847749841724,18.908144342025544,1587,174.93
103.13005313076494,18.45889686843737,1588,150.0
103.15269067592475,18.940753186839082,1589,30.0
102.90098273331445,18.60523242822044,1590,466.69
103.37125078455102,19.031572862063566,1591,60.0
102.6923939243419,18.690123222569735,1592,0.0
102.6150489783792,18.874727013456297,1593,570.79
102.23263616192953,18.956653367367995,1594,551.55
102.29569789487472,18.637032789278273,1595,351.14
103.3823000625457,18.49150571325091,1596,690.0
102.46682695649949,18.75102899883304,1597,84.85
102.99207190312417,19.062564739365687,1598,169.71
103.12196829320786,18.455393438829304,1599,362.49
102.542824429536,18.48099542442671,1600,0.0
102.8840045744446,18.848047049517945,1601,150.0
102.63876450187996,18.520341633871144,1602,335.41
102.9201168488662,19.100563475883945,1603,496.59
103.02090782374441,18.973901020823092,1604,174.93
103.2289576435465,18.755879901367283,1605,416.78
102.76057605440657,18.775283511504266,1606,270.0
102.41023309359996,18.788758240766057,1607,60.0
103.08882045922385,18.51090932338789,1608,30.0
103.43404302291098,18.463747770971615,1609,60.0
103.21090150633569,18.652124486051477,1610,258.07
103.42488020701296,18.64484813225011,1611,30.0
102.88211811234795,18.863138746291153,1612,0.0
102.46790493484043,18.418203186066755,1613,271.66
102.56492298552534,18.426557518209066,1614,403.61
102.46170655938,18.953958421515637,1615,403.61
103.300373708634,19.07361401736036,1616,774.21
102.57408580142337,18.719228637775206,1617,0.0
103.24836125368347,18.6011900094419,1618,364.97
103.07965764332583,18.989262212181536,1619,603.74
103.2289576435465,18.621132608749356,1620,644.13
102.22805475398053,18.987375750084883,1621,60.0
103.38095258961951,18.741327193764548,1622,456.95
103.34591829353886,18.490427734909964,1623,573.15
103.25213417787678,18.948299035225684,1624,0.0
102.56492298552534,18.6650602261428,1625,90.0
103.23677298651833,18.930512392600118,1626,268.33
103.05998453860362,18.78282935989087,1627,603.74
102.92038634345144,18.76773766311766,1628,429.54
103.31438742706626,18.92970390884441,1629,152.97
102.46736594566997,18.468329178920623,1630,216.33
102.93386107271323,18.996269071397666,1631,362.49
102.46143706479478,19.04747304259248,1632,296.99
102.69050746224525,19.088705714133567,1633,216.33
102.58729103609991,18.77824795194186,1634,366.2
103.10633760726418,19.01163026275611,1635,615.55
102.88993345531979,18.938058240986724,1636,360.0
102.96188850957776,18.808431345488277,1637,284.61
103.386072986739,18.483690370279067,1638,429.54
102.44877081928868,19.01432520860847,1639,384.19
102.84950926753442,19.0280694324555,1640,371.08
102.95703760704352,18.513334774655014,1641,210.0
102.87511125313182,18.55887935955987,1642,30.0
103.19688778790342,18.530582428110108,1643,30.0
102.46494049440284,18.779595424868038,1644,254.56
102.75653363562803,18.898442536957052,1645,228.47
103.4041291239498,18.47964795150053,1646,240.0
102.86702641557474,18.426018529038593,1647,391.15
102.52395980856949,18.543248673616194,1648,189.74
102.64631035026657,19.051245966785782,1649,324.5
103.02117731832965,18.95180246483375,1650,331.36
102.76246251650322,19.08008188740602,1651,590.93
103.43134807705863,18.529234955183927,1652,523.93
103.27800565805941,18.515221236751664,1653,342.05
103.20335565794909,18.589062753106287,1654,30.0
102.73416558505346,19.095712573349697,1655,445.98
102.64954428528941,19.040735677961585,1656,408.05
103.23838995402974,18.8927831506671,1657,192.09
102.57543327434954,19.079812392820784,1658,360.0
103.1524211813395,18.815707699289643,1659,169.71
103.07831017039965,18.656436399415252,1660,429.54
102.36926991664411,18.459166363022604,1661,30.0
102.76111504357705,18.993843620130544,1662,152.97
102.22374284061675,18.82055860182389,1663,228.47
103.44051089295664,18.834302825670918,1664,210.0
102.32749825593255,18.61574271704464,1665,192.09
103.08962894297956,18.90194596656512,1666,67.08
102.40726865316236,18.92970390884441,1667,271.66
103.30738056785013,18.734050839963178,1668,284.61
102.41804843657181,18.858018349171672,1669,300.0
103.41571739111494,18.905988385343655,1670,169.71
103.18826396117588,18.546752103224257,1671,30.0
102.9764412171805,18.645117626835347,1672,67.08
102.45982009728336,18.84265715781323,1673,120.0
102.8449278595854,18.514951742166428,1674,240.0
102.96943435796436,18.91542069582691,1675,240.0
103.08370006210437,18.5049804425127,1676,305.94
102.3571426603085,19.080351381991253,1677,349.86
102.29731486238614,18.552950478684682,1678,90.0
103.0020432027779,19.011091273585638,1679,161.56
102.64604085568133,18.995730082227197,1680,123.69
103.27584970137754,18.58771528018011,1681,782.31
102.29677587321567,18.80762286173257,1682,228.47
102.42020439325368,18.75938333097535,1683,228.47
103.29282786024739,18.894400118178513,1684,90.0
103.07534572996205,18.957461851123703,1685,180.0
103.13652100081059,19.091400659985926,1686,150.0
103.3327130588623,18.706831886854356,1687,488.37
102.89424536868356,18.821906074750068,1688,296.99
102.88831648780837,18.908413836610777,1689,60.0
103.34537930436838,19.08978369247451,1690,384.19
102.61397100003828,18.45674091175548,1691,212.13
102.61154554877115,19.07361401736036,1692,342.05
102.58594356317374,18.65401094814813,1693,512.64
102.56438399635488,18.49473964827374,1694,254.56
103.2020081850229,18.72030661611615,1695,84.85
103.07750168664394,19.05313242888243,1696,150.0
102.73578255256487,18.449734052539352,1697,201.25
102.71826540452454,18.96931961287408,1698,174.93
103.30630258950919,18.83160787981856,1699,458.91
102.74413688470719,18.573162572577374,1700,240.0
103.12466323906021,18.982255352965403,1701,258.07
102.73093165003063,18.763156255168653,1702,711.2
102.72042136120643,18.43868477454468,1703,305.94
102.98641251683422,18.78471582198752,1704,589.41
103.03546053134716,18.842387663227992,1705,94.87
102.58136215522472,18.974709504578797,1706,152.97
102.37412081917836,18.448656074198407,1707,169.71
102.86729591015998,18.9641992157546,1708,84.85
102.64011197480615,18.736745785815536,1709,189.74
102.33881702851247,18.652393980636713,1710,108.17
102.86325349138144,18.861791273364975,1711,276.59
103.19877425000008,19.02483549743267,1712,530.76
103.11819536901456,18.557531886633694,1713,258.07
102.95380367202068,18.727852464502753,1714,240.0
103.05513363606937,18.764234233509594,1715,67.08
102.36199356284274,19.04558658049583,1716,0.0
102.24179897782756,18.847508060347476,1717,530.76
102.97024284172007,18.99599957681243,1718,488.37
103.10795457477559,19.01432520860847,1719,624.26
102.37007840039982,18.44272719332322,1720,150.0
103.33163508052135,18.675031525796527,1721,60.0
102.685656559711,18.67341455828511,1722,123.69
102.28518760605053,18.94344813269144,1723,90.0
103.06375746279691,18.779864919453274,1724,84.85
102.8344175707612,19.072536039019415,1725,551.55
103.40278165102362,18.623288565431242,1726,361.25
103.32085529711192,18.51414325841072,1727,150.0
103.31411793248103,18.492314197006614,1728,618.47
102.77701522410597,18.445691633760813,1729,450.0
102.68350060302912,18.579091453452563,1730,240.0
103.37044230079532,18.656436399415252,1731,174.93
103.2680343584057,18.938058240986724,1732,450.0
103.39631378097796,18.923505533383985,1733,600.75
103.01363146994305,18.804388926709738,1734,360.0
102.50240024175062,18.468329178920623,1735,295.47
102.38840403219585,18.744830623372614,1736,276.59
102.63957298563568,18.610622319925156,1737,240.0
102.28842154107336,18.846969071177003,1738,313.21
102.28707406814718,18.973901020823092,1739,384.19
102.67137334669351,18.92269704962828,1740,120.0
102.59348941156034,18.675031525796527,1741,0.0
103.26560890713857,18.925661490065874,1742,579.4
102.85139572963107,18.442457698737982,1743,573.15
102.98937695727182,18.604154449879495,1744,218.4
102.4323316495893,18.87068459467776,1745,416.78
102.31240655915934,18.75614939595252,1746,453.98
103.38095258961951,18.55887935955987,1747,42.43
103.08962894297956,18.667755171995157,1748,457.93
103.276388690548,18.958270334879412,1749,60.0
102.55845511547969,18.600381525686196,1750,60.0
103.2936363440031,18.630834413817848,1751,150.0
102.65358670406795,18.59094921520294,1752,30.0
102.57839771478713,18.641075208056808,1753,90.0
103.16562641601607,18.749412031321622,1754,90.0
102.87160782352375,18.6507770131253,1755,90.0
102.22535980812816,18.579091453452563,1756,591.7
102.64496287734039,18.86394723004686,1757,308.87
103.21278796843234,18.69497412510398,1758,313.21
103.44347533339423,18.455123944244068,1759,169.71
103.44536179549088,18.865025208387806,1760,474.34
103.43889392544523,19.097060046275878,1761,540.84
102.94760529656025,18.894400118178513,1762,90.0
103.104990134338,19.077656436138895,1763,30.0
103.32004681335621,18.899520515297993,1764,90.0
103.41975980989348,18.680960406671716,1765,361.25
103.33082659676565,18.535433330644352,1766,60.0
102.6134320108678,18.495548132029445,1767,161.56
103.16481793226036,18.43868477454468,1768,201.25
103.32408923213475,18.812204269681576,1769,872.07
102.31294554832982,18.64296167015346,1770,60.0
102.681075151762,19.006779360221866,1771,361.25
103.104990134338,19.07792593072413,1772,0.0
102.21592749764491,18.704406435587234,1773,94.87
103.1524211813395,18.451620514636,1774,201.25
103.23650349193309,19.021062573239366,1775,296.99
103.24243237280828,18.94668206771427,1776,30.0
102.25230926665175,19.05986979351333,1777,301.5
102.32318634256877,18.68904524422879,1778,241.87
103.2184473547223,18.81921112889771,1779,740.95
103.24000692154117,18.880655894331486,1780,301.5
102.20353074672406,18.704945424757707,1781,595.49
103.33217406969183,19.08277683325838,1782,540.84
103.16751287811272,18.697669070956337,1783,42.43
103.04624031475659,18.81651618304535,1784,362.49
102.5285412165185,19.03318982957498,1785,30.0
103.03680800427333,18.546752103224257,1786,108.17
103.09340186717286,19.086549757451678,1787,123.69
103.11576991774743,19.035884775427338,1788,0.0
103.19095890702823,18.52654000933157,1789,210.0
102.25473471791888,18.81193477509634,1790,305.94
102.81016305808997,18.603615460709026,1791,108.17
102.44418941133968,18.841040190301815,1792,725.61
102.75464717353138,18.713569251485254,1793,364.97
102.49674085546067,18.57451004550355,1794,150.0
102.5676179313777,18.955575389027054,1795,305.94
102.6886210001486,18.642692175568225,1796,0.0
103.16427894308988,18.937249757231015,1797,30.0
102.59106396029323,18.4440746662494,1798,295.47
102.90071323872922,18.63245138132926,1799,30.0
102.28896053024383,18.973901020823092,1800,301.5
102.40107027770195,18.9641992157546,1801,480.94
103.44724825758753,18.801424486272143,1802,516.14
102.27332984430015,18.540553727763836,1803,641.33
103.03815547719951,19.071727555263706,1804,247.39
102.43017569290741,18.757766363463933,1805,400.25
102.5525262346045,18.988453728425828,1806,361.25
103.1793706398631,18.570737121310252,1807,697.79
102.94329338319649,18.95584488361229,1808,536.66
103.14352786002672,18.49797358329657,1809,94.87
103.41059699399545,18.65724488317096,1810,42.43
102.40726865316236,18.98656726632918,1811,161.56
103.15215168675428,18.448656074198407,1812,180.0
103.00150421360743,18.92054109294639,1813,534.14
102.51210204681911,18.696591092615396,1814,192.09
102.77728471869119,19.077656436138895,1815,474.34
102.87026035059758,18.83295535274474,1816,283.02
102.88023165025129,19.024296508262196,1817,108.17
103.32624518881664,18.54459614654237,1818,150.0
103.02279428584106,18.928895425088704,1819,108.17
103.03087912339814,18.58960174227676,1820,42.43
102.84034645163639,18.63245138132926,1821,276.59
102.26066359879407,18.88469831311002,1822,174.93
103.08962894297956,18.663982247801858,1823,212.13
103.01821287789205,18.714916724411435,1824,228.47
103.37987461127858,18.84454361990988,1825,700.36
102.24099049407184,18.880116905161014,1826,349.86
102.95326468285022,18.97201455872644,1827,210.0
103.07588471913253,18.458088384681663,1828,540.0
103.44832623592848,18.5049804425127,1829,60.0
103.1772146831812,18.48099542442671,1830,530.76
102.44365042216921,19.098946508372528,1831,120.0
102.86001955635861,18.98117737462446,1832,152.97
103.4251497015982,18.606849395731857,1833,697.79
102.87403327479088,19.070110587752293,1834,150.0
102.81043255267521,18.766659684776716,1835,180.0
102.36253255201322,18.503632969586523,1836,182.48
102.49000349082978,18.742674666690725,1837,0.0
102.69940078355803,18.84508260908035,1838,108.17
103.13113110910588,19.095712573349697,1839,569.21
103.00015674068125,18.73135589411082,1840,123.69
102.50913760638151,18.613856254947986,1841,123.69
103.2868989793722,18.611969792851337,1842,84.85
102.24530240743562,18.789566724521766,1843,474.34
102.795340855902,18.49986004539322,1844,30.0
102.48838652331835,18.52249759055303,1845,453.98
102.35471720904138,18.627061489624545,1846,84.85
103.40682406980216,18.412543799776802,1847,256.32
102.54228544036553,18.575049034674024,1848,94.87
102.90987605462723,18.82756546104002,1849,408.05
102.9193083651105,18.877421959308656,1850,120.0
103.30845854619108,18.505519431683172,1851,108.17
103.17667569401074,18.949646508151865,1852,426.38
102.39082948346298,18.457010406340718,1853,351.14
103.2041641417048,18.729199937428934,1854,180.0
103.0440843580747,19.04747304259248,1855,300.0
102.73713002549106,18.993574125545308,1856,67.08
103.35723706611876,18.758305352634405,1857,390.0
102.30054879740896,18.841579179472287,1858,60.0
103.20766757131287,18.83214686898903,1859,108.17
102.20919013301402,18.678265460819357,1860,271.66
103.16400944850466,18.974440009993565,1861,450.0
102.39972280477576,18.553489467855155,1862,42.43
102.67245132503444,18.834572320256154,1863,361.25
103.40089518892697,18.959348313220357,1864,67.08
102.38921251595157,18.95961780780559,1865,150.0
102.56734843679247,18.417394702311046,1866,42.43
102.85139572963107,18.936441273475307,1867,182.48
103.18233508030069,18.47506654355152,1868,192.09
102.5269242490071,18.6507770131253,1869,276.59
102.73578255256487,18.751298493418275,1870,318.91
103.15511612719187,18.75803585804917,1871,570.79
102.52018688437619,19.024566002847433,1872,711.2
102.3504052956776,19.060947771854273,1873,335.41
102.71368399657554,18.454854449658832,1874,201.25
102.28464861688005,18.745908601713555,1875,483.74
103.30765006243536,18.82433152601719,1876,618.47
102.3609155845018,18.683385857938838,1877,713.1
103.08370006210437,19.017828638216535,1878,531.6
103.14460583836767,18.84265715781323,1879,30.0
102.59860980867983,18.69820806012681,1880,42.43
103.18907244493158,19.042352645473,1881,496.59
103.38580349215377,18.766390190191483,1882,30.0
103.27881414181513,18.995191093056725,1883,318.91
102.57139085557101,18.71572520816714,1884,127.28
102.56222803967299,18.52061112845638,1885,300.0
102.88130962859223,18.59526112856671,1886,331.36
102.56276702884345,18.413891272702983,1887,234.31
102.34447641480241,18.424132066941944,1888,108.17
103.39712226473367,18.99546058764196,1889,60.0
103.01686540496587,18.897364558616108,1890,550.73
102.2016442846274,18.417664196896283,1891,351.14
102.40942460984425,18.486924305301898,1892,674.17
103.32004681335621,18.451620514636,1893,120.0
102.84789230002299,18.929973403429646,1894,301.5
102.4579336351867,18.404997951390197,1895,228.47
102.48407460995459,19.08978369247451,1896,360.0
102.29084699234048,18.802502464613088,1897,180.0
102.70775511570035,18.4583578792669,1898,60.0
102.64442388816992,18.423054088601,1899,573.15
103.39981721058602,18.684194341694546,1900,450.0
102.89855728204734,18.767468168532424,1901,42.43
103.03034013422767,18.51872466635973,1902,361.25
102.49431540419354,19.022949035336016,1903,150.0
103.05809807650697,18.730008421184642,1904,123.69
102.26255006089072,18.76019181473106,1905,67.08
102.47059988069279,18.91218676080408,1906,335.41
102.22455132437246,18.685002825450255,1907,684.11
103.20632009838668,18.57451004550355,1908,480.0
102.97913616303285,18.92593098465111,1909,42.43
102.34151197436482,18.82567899894337,1910,30.0
102.84546684875588,19.058252826001915,1911,30.0
102.94356287778172,18.945604089373326,1912,635.69
102.538243021587,18.901676471979883,1913,361.25
102.59699284116842,18.528426471428222,1914,90.0
102.35768164947898,18.463208781801143,1915,241.87
102.81231901477186,18.81274325885205,1916,657.95
102.86433146972239,18.447308601272226,1917,308.87
103.37017280621008,18.478839467744823,1918,551.55
103.1726332752322,18.92970390884441,1919,301.5
102.44661486260681,18.717342175678557,1920,67.08
102.41616197447514,19.07145806067847,1921,351.14
103.34915222856169,18.7965735837379,1922,271.66
103.43619897959287,18.719228637775206,1923,30.0
102.77458977283884,18.561304810826996,1924,123.69
102.24206847241278,18.409040370168736,1925,42.43
103.23865944861498,19.042083150887763,1926,108.17
102.62286432135106,18.81139578592587,1927,30.0
102.53285312988228,18.95261094858946,1928,480.94
103.43242605539956,18.417664196896283,1929,134.16
102.36738345454746,18.607927374072798,1930,60.0
103.31573489999244,18.455393438829304,1931,84.85
102.78995096419729,18.96231275365795,1932,258.07
102.652508725727,18.74617809629879,1933,0.0
102.45928110811289,18.577474485941146,1934,212.13
103.16131450265229,18.78848874618082,1935,256.32
102.93871197524747,18.614125749533223,1936,240.0
102.47868471824987,19.080351381991253,1937,169.71
103.17613670484026,18.964468710339837,1938,67.08
102.85570764299483,18.40230300553784,1939,180.0
102.70398219150705,18.824870515187662,1940,180.0
103.36720836577248,19.066607158144226,1941,513.52
103.16697388894225,18.814899215533934,1942,268.33
103.16670439435701,18.967702645362667,1943,127.28
102.87969266108082,18.95261094858946,1944,284.61
102.2962368840452,19.070649576922765,1945,0.0
102.6932024080976,18.86017430585356,1946,523.93
102.65062226363034,18.56804217545789,1947,210.0
103.43754645251904,19.00138946851715,1948,276.59
102.74225042261054,18.92916491967394,1949,60.0
103.36613038743154,18.98683676091441,1950,134.16
102.40511269648049,19.01809813280177,1951,436.81
102.39433291307105,19.07145806067847,1952,551.55
102.3008182919942,18.43868477454468,1953,60.0
102.83037515198266,18.67610950413747,1954,510.0
102.35471720904138,18.470215641017276,1955,466.69
103.07911865415535,18.584211850572043,1956,366.2
102.55576016962732,19.094095605838284,1957,94.87
103.23219157856933,18.504171958756995,1958,375.9
102.95056973699785,18.715994702752376,1959,218.4
102.74413688470719,18.565077735020296,1960,0.0
102.75949807606563,18.40284199470831,1961,90.0
103.44643977383183,18.486115821546193,1962,417.85
102.72985367168968,18.84508260908035,1963,94.87
103.36397443074966,18.746447590884028,1964,268.33
102.71476197491648,18.629486940891667,1965,429.54
102.50913760638151,18.98575878257347,1966,161.56
103.32381973754951,18.764773222680066,1967,429.54
103.44347533339423,18.69632159803016,1968,150.0
102.73308760671252,19.00650986563663,1969,390.0
103.07750168664394,18.41011834850968,1970,390.0
103.28851594688362,18.67233657994417,1971,120.0
102.65223923114176,19.083315822428847,1972,108.17
103.23407804066598,18.62517502752789,1973,872.07
102.96997334713484,18.49797358329657,1974,42.43
102.66571396040355,18.692818168422093,1975,483.74
103.17505872649932,18.52519253640539,1976,626.42
102.80692912306715,18.659670334438083,1977,512.64
102.41319753403755,18.90302394490606,1978,524.79
102.6554731661646,18.82325354767625,1979,30.0
102.92200331096285,18.83888423361993,1980,268.33
102.60184374370266,18.88954921564427,1981,445.98
102.65223923114176,18.403919973049256,1982,189.74
102.33854753392723,18.52141961221209,1983,692.61
103.44266684963853,18.742405172105492,1984,192.09
102.96727840128247,18.807353367147332,1985,258.07
103.20066071209673,18.94937701356663,1986,120.0
102.42667226329935,18.67745697706365,1987,216.33
102.50428670384727,18.73135589411082,1988,108.17
102.45469970016387,18.638919251374922,1989,218.4
103.43539049583715,19.004892898125213,1990,67.08
102.34258995270577,18.617090189970817,1991,361.25
102.29219446526666,18.52519253640539,1992,30.0
102.509676595552,18.981985858380167,1993,582.5
103.13544302246966,18.544865641127608,1994,201.25
103.11038002604272,18.520341633871144,1995,558.03
102.54066847285412,18.619246146652703,1996,161.56
103.08370006210437,19.04046618337635,1997,108.17
102.6840395921996,18.644039648494402,1998,150.0
102.83280060324978,18.411465821435858,1999,420.0
102.51991738979096,19.012708241097055,2000,67.08
103.38526450298329,18.82648748269908,2001,270.0
103.10337316682659,18.54351816820143,2002,120.0
102.41077208277044,18.636224305522564,2003,152.97
102.97185980923149,18.810317807584926,2004,216.33
102.63175764266384,18.719498132360442,2005,169.71
102.40107027770195,18.685002825450255,2006,534.14
103.0403114338814,18.620324124993648,2007,67.08
103.02656721003437,19.066607158144226,2008,84.85
103.3583150444597,18.727313475332284,2009,349.86
102.61397100003828,18.495278637444212,2010,94.87
102.6382255127095,18.647004088931997,2011,0.0
102.50266973633586,18.76773766311766,2012,152.97
102.47113886986327,19.07280553360465,2013,42.43
102.6096590866745,18.72111509987186,2014,426.38
102.53096666778562,18.814360226363466,2015,0.0
103.26695638006476,18.920810587531626,2016,642.03
102.24557190202086,18.91676816875309,2017,268.33
102.96161901499252,18.964468710339837,2018,241.87
102.63876450187996,18.768815641458605,2019,424.27
102.91391847340577,18.46859867350586,2020,241.87
102.32076089130166,18.997077555153375,2021,30.0
102.29273345443713,18.736476291230304,2022,530.76
103.13948544124818,18.84265715781323,2023,324.5
102.42316883369128,18.588523763935818,2024,108.17
102.77512876200932,18.72300156196851,2025,180.0
102.96188850957776,18.950185497322337,2026,241.87
102.96620042294154,18.513873763825483,2027,284.61
103.38957641634707,18.77609199525997,2028,189.74
103.13490403329918,18.942909143520968,2029,424.27
103.29902623570781,18.604962933635203,2030,30.0
103.1276276794978,18.86879813258111,2031,127.28
102.91984735428096,18.568581164628363,2032,0.0
103.08423905127484,18.879847410575778,2033,120.0
103.2214117951599,19.056366363905262,2034,390.0
102.6029217220436,18.78202087613516,2035,480.0
103.15861955679993,18.939944703083373,2036,308.87
102.21080710052543,18.5545674461961,2037,480.94
102.69185493517143,18.82244506392054,2038,60.0
102.65304771489747,18.596608601492893,2039,30.0
103.1470312896348,18.60253748236808,2040,450.0
102.91203201130912,19.008665822318516,2041,577.06
103.43592948500763,18.866911670484455,2042,60.0
103.39550529722226,18.474258059795815,2043,120.0
103.2057811092162,19.059330804342856,2044,371.08
103.17829266152215,18.619246146652703,2045,84.85
103.10472063975277,19.001658963102386,2046,632.85
102.23101919441812,18.427096507379538,2047,510.0
103.21197948467663,18.470215641017276,2048,469.58
102.57489428517907,18.904640912417477,2049,60.0
103.00150421360743,18.998425028079556,2050,94.87
102.75815060313946,18.921080082116863,2051,630.72
102.31240655915934,18.74833405298068,2052,276.59
103.32381973754951,18.852897952052192,2053,120.0
102.74629284138908,18.57397105633308,2054,330.0
102.76515746235559,19.004353908954744,2055,480.0
102.766774429867,18.522228095967797,2056,42.43
102.83333959242026,18.414969251043924,2057,60.0
102.48973399624454,18.583133872231098,2058,30.0
102.75572515187233,18.872301562189172,2059,496.59
102.23560060236713,18.53947574942289,2060,494.77
102.66571396040355,18.922158060457807,2061,30.0
102.61073706501544,18.736206796645067,2062,60.0
102.98910746268658,19.06229524478045,2063,60.0
102.45469970016387,19.038040732109224,2064,212.13
103.23946793237069,18.77043260897002,2065,120.0
102.42074338242416,18.53112141728058,2066,120.0
103.10094771555946,18.926200479236346,2067,30.0
102.79722731799865,18.82163658016483,2068,573.15
102.60426919496977,18.591218709788176,2069,60.0
103.40924952106928,18.547021597809493,2070,218.4
102.6630190145512,18.600381525686196,2071,150.0
103.44967370885466,18.943717627276676,2072,436.81
102.44068598173162,18.4440746662494,2073,662.72
103.19850475541485,18.782290370720396,2074,540.84
102.46574897815854,18.685541814620723,2075,658.64
103.13894645207772,18.582055893890157,2076,30.0
102.36980890581458,19.069841093167057,2077,123.69
103.17613670484026,18.536780803570533,2078,825.41
103.15861955679993,18.926200479236346,2079,563.65
102.60777262457785,18.793878637885538,2080,375.9
102.28761305731764,18.875266002626766,2081,509.12
103.12196829320786,18.99680806056814,2082,496.59
102.29165547609618,18.749412031321622,2083,90.0
102.77297280532743,18.625714016698364,2084,218.4
102.3646885086951,18.98575878257347,2085,152.97
102.9915329139537,18.724618529479923,2086,108.17
102.78213562122545,18.62679199503931,2087,212.13
102.57543327434954,18.82244506392054,2088,375.9
102.99800078399936,18.75345445010016,2089,161.56
102.68619554888149,18.451890009221238,2090,276.59
102.24422442909467,18.77878694111233,2091,150.0
102.45820312977195,18.807353367147332,2092,0.0
102.28384013312434,18.688775749643554,2093,216.33
103.29687027902592,18.6831163633536,2094,300.0
102.26147208254977,18.754532428441106,2095,90.0
103.20605060380144,18.50821437753553,2096,630.72
103.08558652420102,18.626522500454072,2097,180.0
102.97239879840195,18.73593730205983,2098,60.0
102.31968291296072,18.942370154350495,2099,108.17
103.31627388916291,18.893052645252336,2100,313.21
103.30765006243536,19.079273403650312,2101,308.87
103.27881414181513,18.466442716823973,2102,67.08
102.92065583803668,18.703058962661057,2103,127.28
103.02872316671625,18.967972139947904,2104,30.0
102.33666107183058,18.813821237192993,2105,420.0
102.69886179438757,18.48342087569383,2106,108.17
102.69643634312044,18.736745785815536,2107,510.0
102.2038002413093,18.879308421405305,2108,674.17
102.40646016940666,18.831877374403795,2109,228.47
103.44509230090566,18.969589107459317,2110,540.84
102.37735475420119,18.455393438829304,2111,499.3
102.26066359879407,19.035345786256865,2112,379.48
102.29866233531232,18.80358044295403,2113,150.0
102.96754789586771,18.97147556955597,2114,152.97
103.33621648847037,18.859096327512617,2115,84.85
102.2210478947644,18.86340824087639,2116,254.56
103.3184298458448,18.445691633760813,2117,254.56
103.04597082017135,18.587176291009637,2118,0.0
102.97751919552144,18.680151922916007,2119,335.41
102.33935601768293,18.761539287657236,2120,256.32
103.28932443063933,18.539745244008127,2121,30.0
102.46278453772095,19.03507629167163,2122,30.0
103.03815547719951,19.041005172546818,2123,30.0
103.00366017028932,19.010821779000402,2124,30.0
103.27045980967281,18.651854991466244,2125,362.49
102.59591486282747,18.849933511614598,2126,120.0
102.95811558538446,18.53947574942289,2127,174.93
102.7411724442696,18.58259488306063,2128,90.0
103.17236378064696,18.558609864974635,2129,0.0
102.7848305670778,18.62490553294266,2130,576.28
103.21117100092093,18.950454991907574,2131,366.2
103.35238616358451,18.65670589400049,2132,169.71
103.13086161452064,19.00246744685809,2133,150.0
103.01578742662493,19.063373223121395,2134,576.28
102.21700547598586,18.640805713471572,2135,90.0
102.84007695705115,18.60334596612379,2136,30.0
102.23452262402618,18.858557338342145,2137,300.0
102.26713146883972,18.857209865415964,2138,305.94
102.24018201031613,18.455393438829304,2139,331.36
102.73497406880917,18.72354055113898,2140,685.42
102.4352960900269,18.947490551469976,2141,67.08
103.40601558604645,18.578282969696854,2142,134.16
102.58055367146902,18.67610950413747,2143,300.0
103.26237497211574,18.92646997382158,2144,692.61
102.56357551259916,18.956383872782762,2145,510.88
102.73847749841724,18.444883150005104,2146,480.0
103.0907069213205,18.482881886523362,2147,42.43
102.30728616203986,18.60981383616945,2148,30.0
102.35121377943331,18.48746329447237,2149,108.17
103.0990612534628,18.501477012904633,2150,60.0
103.35696757153353,19.006240371051394,2151,30.0
102.7352435633944,18.43275589366949,2152,120.0
102.68161414093247,18.747525569224972,2153,180.0
102.74386739012195,18.629756435476903,2154,318.91
102.80153923136243,18.96931961287408,2155,241.87
102.79372388839059,18.570467626725016,2156,210.0
102.93332208354276,18.597686579833837,2157,570.79
102.31887442920501,18.759922320145822,2158,362.49
102.44176396007256,18.900059504468466,2159,550.73
102.70047876189898,18.9394057139129,2160,408.05
103.41329193984782,18.4192811644077,2161,484.67
103.01066702950546,18.95907881863512,2162,108.17
102.61073706501544,18.815438204704407,2163,591.7
102.72338580164403,18.449464557954116,2164,366.2
102.53312262446751,18.623827554601714,2165,371.08
103.14972623548715,18.946951562299507,2166,450.0
103.2057811092162,18.994382609301017,2167,241.87
102.31941341837548,18.40607592973114,2168,192.09
102.4827271370284,18.813012753437285,2169,510.88
102.57839771478713,19.04962899927437,2170,240.0
102.7419809280253,18.550255532832324,2171,120.0
102.31671847252312,18.4478475904427,2172,228.47
102.69077695683049,18.713299756900017,2173,276.59
102.38705655926968,18.7146472298262,2174,849.59
102.46547948357332,18.694165641348274,2175,67.08
103.13005313076494,19.033459324160216,2176,702.93
103.29417533317357,18.862330262535448,2177,436.81
102.6180134188168,18.67880444998983,2178,60.0
103.42568869076867,18.929434414259173,2179,216.33
102.92847118100852,19.100563475883945,2180,391.15
103.31061450287297,18.636224305522564,2181,30.0
103.32947912383946,18.71788116484903,2182,60.0
102.9419459102703,18.45889686843737,2183,174.93
102.88319609068888,19.054479901808612,2184,210.0
102.36684446537699,18.544865641127608,2185,60.0
102.41211955569662,18.626253005868836,2186,308.87
102.27710276849345,18.68581130920596,2187,254.56
103.33810295056702,18.463208781801143,2188,342.05
102.58675204692945,18.505249937097936,2189,210.0
102.62043887008393,18.97336203165262,2190,42.43
102.68646504346671,19.043430623813943,2191,108.17
102.44769284094775,18.502554991245578,2192,241.87
102.49566287711973,19.07226654443418,2193,284.61
102.42424681203222,18.443805171664163,2194,150.0
102.53339211905275,19.01971510031319,2195,301.5
103.30549410575348,18.427904991135247,2196,445.98
102.95380367202068,19.067415641899935,2197,349.86
102.42316883369128,18.66425174238709,2198,150.0
102.86567894264856,18.409040370168736,2199,516.14
103.43053959330291,18.841579179472287,2200,228.47
103.17236378064696,18.483690370279067,2201,276.59
102.56034157757634,18.777439468186152,2202,30.0
102.48919500707407,18.612239287436573,2203,84.85
103.16993832937985,18.40688441348685,2204,394.59
102.98183110888522,18.454045965903124,2205,0.0
103.32705367257235,18.541092716934305,2206,90.0
102.91742190301385,18.535163836059116,2207,127.28
103.14918724631669,18.950454991907574,2208,670.82
103.17020782396507,18.977943439601628,2209,379.48
102.62528977261817,18.510100839632184,2210,30.0
102.40969410442949,18.497434594126098,2211,30.0
102.44877081928868,18.755610406782047,2212,530.76
102.57516377976431,19.05394091263814,2213,240.0
103.24863074826871,18.704945424757707,2214,42.43
103.29794825736687,19.015942176119886,2215,247.39
102.20433923047977,18.93374632762295,2216,593.97
102.54686684831454,18.488541272813315,2217,42.43
103.44239735505329,18.639458240545395,2218,480.94
102.83010565739743,18.58043892637874,2219,323.11
102.63957298563568,18.707101381439593,2220,67.08
102.75653363562803,18.93105138177059,2221,241.87
103.23892894320022,18.803310948368793,2222,60.0
102.3827446459059,18.57343206716261,2223,270.0
103.24054591071163,18.961234775317006,2224,560.45
103.07804067581442,18.78794975701035,2225,90.0
102.93978995358842,18.77097159814049,2226,240.0
103.0184823724773,18.745908601713555,2227,240.0
103.41221396150688,18.495009142858976,2228,258.07
103.31519591082197,18.62005463040841,2229,210.0
103.34025890724891,18.78660228408417,2230,361.25
103.22033381681895,18.941022681424318,2231,192.09
103.19634879873296,18.439493258300388,2232,305.94
103.26102749918957,19.02214055158031,2233,201.25
102.38247515132066,18.994382609301017,2234,150.0
103.31438742706626,19.094634595008756,2235,60.0
102.31590998876742,18.563999756679355,2236,174.93
103.38742045966518,19.05906130975762,2237,390.0
102.94841378031597,18.524114558064447,2238,954.83
102.4369130575383,18.79899903500502,2239,403.61
102.77270331074219,18.838345244449457,2240,488.37
103.03465204759144,18.484768348620012,2241,330.0
102.25931612586788,18.53893676025242,2242,408.05
102.31483201042647,19.00004199559097,2243,0.0
103.3364859830556,18.49716509954086,2244,60.0
102.33962551226817,18.941022681424318,2245,94.87
103.12250728237834,18.878499937649597,2246,524.79
102.35929861699039,18.997077555153375,2247,371.08
102.48892551248883,18.663982247801858,2248,360.0
102.34393742563194,18.444613655419868,2249,450.0
102.98641251683422,19.026991454114555,2250,300.0
102.32345583715401,18.40607592973114,2251,84.85
103.06564392489356,18.861252284194503,2252,241.87
102.60157424911742,18.798729540419785,2253,169.71
102.86244500762572,19.017828638216535,2254,496.59
103.09852226429234,18.829182428551437,2255,510.0
102.37762424878642,18.737015280400772,2256,60.0
102.20191377921265,18.563460767508882,2257,591.7
102.61477948379398,18.507944882950294,2258,30.0
103.37502370874432,18.723271056553745,2259,0.0
102.37034789498506,18.712221778559076,2260,488.37
102.60858110833355,18.92700896299205,2261,429.54
102.80477316638526,18.770702103555255,2262,361.25
103.1801791236188,18.404728456804964,2263,90.0
103.26749536923522,18.69820806012681,2264,666.11
102.68134464634723,18.883081345598608,2265,30.0
103.09501883468427,18.900328999053702,2266,300.0
102.48380511536935,18.964738204925073,2267,134.16
103.35588959319259,18.504171958756995,2268,240.0
102.82336829276653,18.616012211629872,2269,695.85
102.46898291318138,19.013247230267527,2270,30.0
102.84331089207399,18.844274125324645,2271,67.08
103.13167009827635,18.778517446527097,2272,402.49
102.58217063898044,18.900059504468466,2273,84.85
102.30324374326133,19.006240371051394,2274,305.94
102.89505385243926,18.81274325885205,2275,807.78
103.12574121740116,18.41793369148152,2276,241.87
102.4315231658336,18.824870515187662,2277,271.66
102.53851251617223,18.76342574975389,2278,445.98
103.04354536890422,18.824601020602426,2279,60.0
103.11981233652597,18.929434414259173,2280,216.33
102.95056973699785,18.793609143300305,2281,60.0
102.92254230013333,18.67880444998983,2282,445.98
103.35157767982881,18.89143567774092,2283,150.0
102.60103525994695,18.474527554381048,2284,0.0
103.21009302257998,18.898981526127525,2285,212.13
102.60453868955501,18.67745697706365,2286,150.0
102.98641251683422,18.633529359670206,2287,189.74
103.13328706578777,19.060678277269037,2288,530.76
102.5773197364462,18.953958421515637,2289,300.0
102.68511757054054,18.633798854255442,2290,0.0
103.01605692121016,18.931320876355826,2291,42.43
103.2087455496538,18.970397591215026,2292,394.59
103.08747298629767,18.989801201352005,2293,424.27
103.2230287626713,18.70548441392818,2294,603.0
102.80396468262956,18.615473222459404,2295,270.0
103.2747717230366,18.72354055113898,2296,30.0
102.93925096441795,19.05986979351333,2297,416.78
103.44886522509896,18.99815553349432,2298,390.0
102.85301269714247,18.856670876245495,2299,488.37
102.46736594566997,18.900328999053702,2300,94.87
103.31438742706626,18.907874847440308,2301,247.39
102.76839139737841,18.844274125324645,2302,429.54
102.58217063898044,18.87391852970059,2303,276.59
102.94544933987838,18.98252484755064,2304,597.75
103.05432515231367,18.808970334658746,2305,182.48
103.15430764343616,18.775822500674735,2306,254.56
102.93035764310517,18.98495029881776,2307,330.0
102.68808201097814,19.098138024616823,2308,330.0
102.52099536813189,19.092478638326867,2309,271.66
103.14837876256097,19.01890661655748,2310,30.0
103.30576360033871,18.97659596667545,2311,241.87
102.93628652398036,18.540014738593364,2312,30.0
102.2210478947644,18.541092716934305,2313,424.27
102.50832912262581,18.744830623372614,2314,323.11
103.00150421360743,18.60388495529426,2315,445.98
102.457125151431,18.730816904940347,2316,161.56
103.20012172292626,18.720576110701387,2317,0.0
102.59672334658318,18.53166040645105,2318,60.0
103.16131450265229,18.73135589411082,2319,379.48
102.90772009794536,18.81732466680106,2320,456.95
102.6142404946235,18.480725929841473,2321,0.0
102.54363291329172,18.888471237303325,2322,891.97
102.36765294913269,18.915690190412146,2323,30.0
103.04947424977941,18.670989107017988,2324,456.95
103.24431883490493,18.504710947927464,2325,30.0
102.6150489783792,18.531390911865817,2326,379.48
103.13463453871394,19.063912212291868,2327,390.0
102.91957785969574,18.671797590773696,2328,241.87
102.7314706392011,18.666677193654216,2329,30.0
102.53096666778562,18.47910896233006,2330,84.85
102.58136215522472,18.636224305522564,2331,268.33
102.52288183022856,18.459705352193076,2332,30.0
102.59941829243553,19.097868530031587,2333,90.0
103.07184230035399,18.680421417501243,2334,30.0
102.78833399668586,18.716533691922848,2335,270.0
102.28761305731764,18.852628457466956,2336,42.43
102.70856359945606,18.976865461260687,2337,722.5
102.33908652309769,18.81516871011917,2338,300.0
103.24809175909824,18.90194596656512,2339,271.66
102.34905782275142,18.452967987562182,2340,488.37
102.2706348984478,18.48422935944954,2341,240.0
102.24853634245845,18.500129539978456,2342,0.0
102.87618923147276,18.77824795194186,2343,241.87
102.92577623515615,18.66640769906898,2344,108.17
102.98371757098187,18.94425661644715,2345,416.78
102.84223291373304,18.770702103555255,2346,241.87
102.96431396084488,19.00462340353998,2347,349.86
102.20703417633213,18.83888423361993,2348,408.05
102.44445890592492,18.685002825450255,2349,615.55
103.24970872660965,18.402033510952602,2350,210.0
102.6878125163929,18.827834955625256,2351,108.17
102.3113285808184,18.499590550807984,2352,210.0
102.35094428484807,18.82567899894337,2353,67.08
102.88669952029696,18.559418348730343,2354,450.0
103.25617659665532,18.904101923247005,2355,30.0
103.21413544135852,18.907335858269835,2356,240.0
102.35148327401855,18.720037121530915,2357,134.16
103.26668688547952,18.966355172436486,2358,161.56
103.25994952084862,18.949107518981393,2359,458.91
102.41023309359996,18.993304630960072,2360,424.27
102.28761305731764,18.700094522223463,2361,67.08
103.38634248132423,18.67287556911464,2362,426.38
102.69562785936473,18.49905156163751,2363,570.0
103.08801197546813,18.588254269350582,2364,300.0
103.25671558582579,18.86987611092205,2365,276.59
102.92281179471856,18.958539829464648,2366,394.59
102.27171287678873,18.668833150336102,2367,30.0
102.81959536857323,19.00731834939234,2368,90.0
102.86945186684186,18.681768890427424,2369,483.74
102.31860493461977,18.47722250023341,2370,551.55
103.28824645229838,18.423054088601,2371,189.74
102.77566775117978,18.77285806023714,2372,67.08
103.26210547753051,18.766120695606247,2373,60.0
102.44526738968062,18.918115641679268,2374,94.87
103.25806305875197,18.62490553294266,2375,240.0
102.80288670428861,18.940753186839082,2376,228.47
102.9554206395321,18.86286925170592,2377,349.86
103.25752406958149,19.083315822428847,2378,134.16
102.38759554844015,18.818941634312473,2379,699.72
103.27584970137754,18.40418946763449,2380,450.0
103.08504753503054,18.879308421405305,2381,90.0
102.51668345476813,19.01163026275611,2382,201.25
102.52746323817756,19.00516239271045,2383,296.99
102.84250240831828,18.81004831299969,2384,331.36
102.67784121673917,18.602267987782845,2385,0.0
102.28599608980623,18.688506255058318,2386,30.0
102.49862731755732,18.407423402657322,2387,234.31
103.09501883468427,18.69120120091068,2388,254.56
102.4638625160619,18.928895425088704,2389,150.0
102.96027154206635,18.567772680872654,2390,134.16
102.42721125246982,18.91137827704837,2391,127.28
102.45550818391959,18.472371597699162,2392,308.87
103.19015042327253,18.502824485830814,2393,212.13
103.41706486404112,18.485307337790484,2394,590.93
103.10552912350848,18.623288565431242,2395,496.59
102.56303652342869,18.782559865305632,2396,241.87
102.80800710140808,18.760461309316295,2397,161.56
102.62933219139671,18.820019612653418,2398,90.0
102.30971161330699,18.771510587310964,2399,361.25
103.17317226440267,18.584750839742515,2400,305.94
103.44482280632042,18.838345244449457,2401,403.61
102.65439518782365,18.454584955073596,2402,30.0
102.88616053112648,18.718150659434265,2403,90.0
103.1028341776561,19.075230984871773,2404,283.02
103.16077551348182,19.097060046275878,2405,450.0
102.2789892305901,18.554836940781335,2406,30.0
103.06025403318885,18.700094522223463,2407,150.0
102.70910258862652,18.43679831244803,2408,127.28
102.63660854519809,18.578282969696854,2409,30.0
102.54390240787694,18.624366543772187,2410,30.0
102.30890312955128,18.879847410575778,2411,254.56
102.92874067559374,18.47587502730723,2412,60.0
103.14271937627102,18.907335858269835,2413,457.93
103.21494392511423,18.995730082227197,2414,60.0
102.2323666673443,19.036693259183046,2415,360.0
103.24458832949017,18.87580499179724,2416,684.77
103.2545596291439,19.085741273695973,2417,94.87
102.33720006100104,18.772319071066672,2418,305.94
102.60399970038455,18.999772501005733,2419,390.0
103.36262695782348,18.565077735020296,2420,90.0
102.4886560179036,18.700094522223463,2421,902.5
103.22114230057466,18.767468168532424,2422,30.0
102.66355800372166,19.06552917980328,2423,150.0
102.21161558428113,18.747256074639736,2424,30.0
102.99503634356176,18.877691453893892,2425,241.87
102.31402352667077,18.414160767288216,2426,94.87
103.08208309459295,19.03777123752399,2427,150.0
103.26237497211574,18.875266002626766,2428,60.0
102.3781632379569,18.42763549655001,2429,468.62
102.48461359912505,18.48153441359718,2430,268.33
103.03438255300621,18.848855533273653,2431,421.07
102.55872461006491,19.083585317014084,2432,523.93
102.53123616237086,18.748603547565914,2433,442.95
103.37744916001145,18.529504449769163,2434,180.0
103.07884915957013,18.903562934076533,2435,60.0
102.47976269659081,18.679073944575066,2436,30.0
103.26021901543385,18.56804217545789,2437,60.0
102.34555439314336,18.96015679697606,2438,212.13
102.51183255223388,19.067954631070407,2439,60.0
103.41787334779683,19.041813656302526,2440,201.25
102.2428769561685,18.8108567967554,2441,150.0
103.26587840172381,18.566694702531713,2442,270.0
102.45766414060147,18.87122358384823,2443,384.19
102.7562641410428,18.89601708568993,2444,234.31
103.16158399723753,18.42521004528289,2445,324.5
103.26291396128622,19.051515461371018,2446,120.0
103.31977731877097,19.003006436028564,2447,697.79
102.9411374265146,19.060678277269037,2448,553.18
102.28141468185723,18.914342717485965,2449,256.32
102.98102262512951,18.45674091175548,2450,313.21
102.76785240820794,18.4478475904427,2451,120.0
103.43916342003047,18.927278457577287,2452,120.0
102.85462966465388,18.953958421515637,2453,42.43
102.84923977294918,18.835380804011862,2454,234.31
102.44607587343633,18.803041453783557,2455,228.47
102.3293847180292,18.639997229715867,2456,330.0
103.40574609146121,18.530851922695344,2457,241.87
102.58998598195228,18.534624846888644,2458,120.0
102.8697213614271,18.535433330644352,2459,84.85
102.6134320108678,18.656436399415252,2460,120.0
102.83603453827261,18.72623549699134,2461,591.7
102.50805962804058,18.904910407002713,2462,108.17
103.019290856233,18.937788746401488,2463,416.78
102.34744085524001,18.685002825450255,2464,127.28
103.35669807694829,18.99007069593724,2465,360.0
103.414639412774,19.097868530031587,2466,234.31
102.40349572896906,18.70278946807582,2467,271.66
102.34555439314336,18.464286760142087,2468,180.0
102.51910890603524,18.519263655530203,2469,442.95
103.1012172101447,19.08115986574696,2470,189.74
103.32624518881664,18.57720499135591,2471,436.81
102.24772785870275,18.428713474890955,2472,509.12
102.91849988135479,18.694165641348274,2473,740.95
103.11711739067361,18.708987843536246,2474,240.0
102.88723850946742,19.058252826001915,2475,134.16
102.20299175755359,18.548908059906147,2476,150.0
103.36047100114159,18.625714016698364,2477,429.54
103.30926702994678,18.854514919563606,2478,120.0
102.78159663205497,19.083315822428847,2479,764.86
102.86352298596667,18.511717807143597,2480,295.47
102.95515114494687,18.93293784386724,2481,134.16
103.03465204759144,18.85235896288172,2482,67.08
103.08855096463861,18.593374666470062,2483,169.71
102.89640132536545,18.88038639974625,2484,331.36
102.49512388794926,19.03453730250116,2485,499.3
103.36235746323824,18.511987301728833,2486,60.0
102.64550186651087,18.716264197337612,2487,30.0
102.97024284172007,18.435720334107085,2488,30.0
103.16320096474894,18.603076471538554,2489,228.47
103.00069572985173,18.917307157923563,2490,603.74
102.37870222712736,18.589062753106287,2491,189.74
102.82552424944842,18.623558060016478,2492,42.43
103.15915854597041,18.969858602044553,2493,201.25
102.43340962793025,18.658322861511902,2494,502.89
102.99288038687989,18.934554811378657,2495,67.08
102.43664356295308,18.734320334548414,2496,212.13
102.9155354409172,18.668024666580394,2497,0.0
102.90772009794536,18.438415279959443,2498,284.61
102.65223923114176,18.75102899883304,2499,150.0
102.41804843657181,18.747256074639736,2500,379.48
103.26345295045668,18.54082322234907,2501,474.34
103.11711739067361,18.525462030990624,2502,371.08
102.99611432190271,18.510639828802653,2503,90.0
102.7600370652361,18.542979179030958,2504,421.07
102.54632785914407,18.440301742056096,2505,284.61
102.47248634278945,18.50578892626841,2506,84.85
102.62394229969199,19.025104992017905,2507,67.08
102.98587352766376,18.634607338011147,2508,180.0
102.5638450071844,18.431947409913786,2509,335.41
103.28528201186079,18.81786365597153,2510,60.0
103.10040872638899,19.063373223121395,2511,84.85
102.76057605440657,18.777978457356625,2512,150.0
102.40726865316236,18.681499395842188,2513,361.25
102.60615565706642,19.016481165290358,2514,67.08
102.24934482621416,18.93509380054913,2515,366.2
102.84897027836394,18.76531221185054,2516,84.85
102.86810439391569,18.510100839632184,2517,60.0
102.90394717375204,18.71383874607049,2518,90.0
103.22464573018271,19.00138946851715,2519,210.0
103.19985222834102,18.403919973049256,2520,108.17
102.60938959208926,19.026991454114555,2521,417.85
102.70694663194465,18.449734052539352,2522,90.0
102.2797977143458,18.463208781801143,2523,360.0
102.83172262490883,19.058791815172388,2524,655.21
103.27881414181513,18.534624846888644,2525,30.0
102.4886560179036,18.545943619468552,2526,0.0
103.21413544135852,18.90302394490606,2527,161.56
102.26820944718067,18.444883150005104,2528,180.0
102.53285312988228,19.012169251926583,2529,120.0
103.22033381681895,19.043969612984412,2530,60.0
102.81016305808997,19.042083150887763,2531,108.17
102.95973255289587,19.000850479346678,2532,488.37
102.35121377943331,18.58367286140157,2533,240.0
102.74656233597432,18.801424486272143,2534,268.33
102.93278309437228,18.93698026264578,2535,210.0
102.88804699322314,18.883081345598608,2536,283.02
103.10714609101989,19.084124306184556,2537,30.0
102.76111504357705,18.65320246439242,2538,180.0
103.20658959297192,18.710335316462423,2539,152.97
102.44499789509538,19.056905353075734,2540,276.59
102.538243021587,18.712760767729545,2541,247.39
102.9133794842353,18.738362753326953,2542,550.73
102.2550042125041,18.78336834906134,2543,134.16
103.10930204770177,18.701711489734876,2544,150.0
103.06025403318885,18.890357699399974,2545,420.0
102.62744572930006,18.88954921564427,2546,573.15
102.9373645023213,18.993574125545308,2547,0.0
102.33181016929633,18.74510011795785,2548,180.0
102.94275439402601,18.421437121089586,2549,67.08
102.99692280565843,18.60981383616945,2550,212.13
103.23380854608074,18.551064016588033,2551,30.0
102.53851251617223,18.622210587090297,2552,42.43
102.74063345509913,18.791992175788888,2553,150.0
102.80288670428861,18.988723223011064,2554,394.59
103.05998453860362,18.742674666690725,2555,516.14
102.85004825670488,19.039927194205877,2556,550.73
102.59618435741271,18.6402667243011,2557,108.17
103.44967370885466,18.63002593006214,2558,123.69
102.81905637940275,18.916498674167855,2559,424.27
103.01767388872159,18.727852464502753,2560,161.56
102.60642515165166,18.65508892648907,2561,120.0
102.7390164875877,18.467520695164918,2562,416.78
102.77593724576502,19.096790551690642,2563,0.0
102.62394229969199,18.783907338231813,2564,335.41
102.67191233586398,18.479917446085768,2565,210.0
102.72069085579167,18.997616544323847,2566,150.0
102.428558725396,18.756418890537756,2567,547.45
102.86487045889285,18.5049804425127,2568,474.34
102.9457188344636,18.40095553261166,2569,30.0
102.5112935630634,18.652393980636713,2570,408.05
103.3995477160008,18.959887302390825,2571,127.28
102.66167154162501,18.766120695606247,2572,120.0
102.37789374337166,18.796034594567427,2573,169.71
102.771355837816,18.670450117847516,2574,30.0
102.38840403219585,18.48934975656902,2575,108.17
103.07399825703588,18.681768890427424,2576,241.87
102.74386739012195,18.53705029815577,2577,201.25
103.2154829142847,18.793070154129833,2578,391.15
102.73686053090582,18.59014073144723,2579,30.0
103.2057811092162,18.46347827638638,2580,161.56
102.28330114395388,18.797921056664077,2581,540.84
103.14514482753815,19.07603946862748,2582,247.39
103.08450854586007,18.56750318628742,2583,120.0
102.52234284105808,18.400147048855953,2584,0.0
102.51075457389294,18.772049576481436,2585,134.16
102.84735331085253,18.930781887185354,2586,379.48
102.5638450071844,18.73216437786653,2587,84.85
102.64927479070417,18.51037033421742,2588,180.0
102.58297912273615,18.539745244008127,2589,150.0
102.6773022275687,18.859096327512617,2590,84.85
102.75949807606563,18.546752103224257,2591,510.88
102.990724430198,19.011360768170874,2592,510.0
102.89262840117215,18.45674091175548,2593,678.83
102.30701666745463,18.58771528018011,2594,150.0
103.10391215599705,19.023488024506488,2595,30.0
102.93871197524747,18.63918874596016,2596,30.0
102.25150078289604,19.009474306074225,2597,301.5
102.86810439391569,18.604962933635203,2598,690.0
103.37259825747721,18.43033044240237,2599,458.91
102.20622569257642,18.935363295134366,2600,400.25
102.80639013389667,18.5440571573719,2601,90.0
102.32291684798355,18.909222320366485,2602,67.08
102.8373820111988,18.77878694111233,2603,474.34
103.22383724642701,18.74617809629879,2604,468.62
102.32668977217685,18.444883150005104,2605,483.74
102.962158004163,19.090053187059745,2606,579.4
102.44311143299873,18.727582969917517,2607,42.43
102.76111504357705,19.07415300653083,2608,745.19
102.52342081939902,18.623558060016478,2609,268.33
103.39065439468801,18.846160587421295,2610,323.11
102.46736594566997,18.65805336692667,2611,240.0
102.54713634289978,19.094095605838284,2612,308.87
102.81609193896516,18.486115821546193,2613,323.11
102.84708381626729,18.48827177822808,2614,189.74
103.4003561997565,18.50902286129124,2615,324.5
102.87268580186469,18.798190551249313,2616,108.17
102.47625926698275,18.736206796645067,2617,408.05
102.21754446515632,18.708179359780537,2618,271.66
102.40942460984425,18.685541814620723,2619,270.0
103.41949031530824,18.502285496660342,2620,161.56
102.51156305764864,18.744830623372614,2621,335.41
102.52018688437619,18.808970334658746,2622,182.48
102.42209085535033,18.8108567967554,2623,284.61
102.20110529545694,18.42116762650435,2624,468.62
102.62933219139671,18.46482574931256,2625,30.0
102.59537587365699,18.902484955735588,2626,30.0
102.62124735383964,18.63325986508497,2627,90.0
102.50859861721105,18.802502464613088,2628,210.0
103.28635999020173,18.969589107459317,2629,335.41
102.8155529497947,18.42116762650435,2630,30.0
102.82148183066988,18.456471417170246,2631,313.21
102.22023941100868,18.97255354789691,2632,174.93
102.87699771522847,18.945873583958562,2633,60.0
103.0936713617581,18.940753186839082,2634,127.28
102.27575529556727,18.989531706766773,2635,108.17
103.02495024252295,18.794148132470774,2636,684.11
103.09205439424667,18.445691633760813,2637,283.02
103.13517352788442,18.73054741035511,2638,270.0
102.29273345443713,18.88038639974625,2639,42.43
102.32534229925066,18.539745244008127,2640,30.0
102.33288814763728,18.571006615895485,2641,60.0
102.69643634312044,18.746447590884028,2642,351.14
103.42676666910961,18.757766363463933,2643,240.0
102.342859447291,18.966355172436486,2644,228.47
103.2650699179681,18.87903892682007,2645,342.05
102.73955547675818,18.84400463073941,2646,42.43
102.66221053079549,18.643770153909166,2647,615.55
102.80100024219196,18.985219793402997,2648,684.77
102.4533522272377,18.92054109294639,2649,127.28
102.71853489910978,18.673684052870346,2650,228.47
102.59456738990129,18.474258059795815,2651,123.69
103.15673309470328,18.598495063589542,2652,90.0
103.03087912339814,19.05906130975762,2653,30.0
102.8411549353921,18.540553727763836,2654,30.0
103.09501883468427,18.95584488361229,2655,180.0
103.08720349171243,18.451890009221238,2656,30.0
102.5398599890984,18.752645966344453,2657,120.0
102.27386883347062,18.863138746291153,2658,150.0
103.01767388872159,18.77501401691903,2659,258.07
103.13086161452064,19.03453730250116,2660,684.11
102.40322623438384,18.643231164738694,2661,150.0
102.35471720904138,18.63838026220445,2662,0.0
102.80207822053289,18.528695966013455,2663,228.47
102.53204464612656,18.822714558505776,2664,90.0
102.4247858012027,19.08008188740602,2665,424.27
102.58998598195228,18.76585120102101,2666,150.0
102.71610944784265,18.433294882839963,2667,42.43
102.9441018669522,19.04477809674012,2668,90.0
103.35508110943688,18.76369524433912,2669,510.0
102.29866233531232,18.708179359780537,2670,169.71
102.76354049484416,18.812473764266812,2671,67.08
103.33325204803278,19.09759903544635,2672,161.56
103.03599952051762,18.976056977504978,2673,127.28
102.55010078333737,18.733242356207473,2674,403.61
102.50105276882445,18.478839467744823,2675,408.05
102.25150078289604,18.675031525796527,2676,67.08
103.12493273364545,18.457818890096426,2677,420.0
102.60777262457785,18.959348313220357,2678,120.0
102.52395980856949,18.889818710229505,2679,270.0
102.87268580186469,18.568311670043126,2680,364.97
103.0125534916021,18.902484955735588,2681,300.0
103.26587840172381,18.448117085027935,2682,60.0
102.85516865382436,18.42521004528289,2683,474.34
102.56195854508775,18.66182629111997,2684,120.0
102.61585746213493,18.869067627166345,2685,595.49
103.03168760715384,19.0566358584905,2686,134.16
103.27531071220706,18.610891814510392,2687,254.56
102.52530728149567,18.895747591104694,2688,335.41
102.42613327412887,19.086819252036914,2689,342.05
102.8125885093571,18.999503006420497,2690,67.08
103.27019031508758,18.60253748236808,2691,30.0
102.67460728171633,19.038849215864932,2692,216.33
102.81663092813564,18.724618529479923,2693,450.0
103.18449103698258,18.4831513811086,2694,84.85
102.28249266019817,18.74887304215115,2695,390.0
103.02818417754578,18.872840551359644,2696,30.0
102.53851251617223,18.562382789167938,2697,534.14
103.33325204803278,18.600381525686196,2698,30.0
103.25402063997343,18.995730082227197,2699,351.14
102.22023941100868,18.821906074750068,2700,313.21
102.95757659621398,19.041813656302526,2701,403.61
102.28330114395388,19.00004199559097,2702,240.0
103.23300006232503,18.812204269681576,2703,366.2
102.5344700973937,19.000311490176205,2704,90.0
103.386072986739,18.53705029815577,2705,589.41
102.72230782330308,19.098407519202055,2706,134.16
102.3789717217126,18.459974846778312,2707,94.87
103.18934193951682,18.6364938001078,2708,657.95
102.56923489888912,18.417664196896283,2709,90.0
102.41750944740133,19.091400659985926,2710,60.0
103.28070060391178,18.645926110591056,2711,67.08
102.69967027814327,18.871762573018703,2712,182.48
103.19257587453966,18.91137827704837,2713,0.0
102.62987118056718,18.966624667021723,2714,680.15
102.63283562100477,18.76450372809483,2715,150.0
103.03141811256862,18.936710768060543,2716,94.87
102.85004825670488,18.824601020602426,2717,234.31
102.83414807617596,18.516838204263077,2718,618.47
102.90233020624063,19.049359504689132,2719,30.0
103.39307984595513,18.460513835948785,2720,408.05
102.74090294968435,18.4831513811086,2721,330.0
102.36495800328034,18.493122680762323,2722,283.02
102.35929861699039,18.81732466680106,2723,308.87
102.43556558461214,18.399877554270716,2724,0.0
103.276388690548,18.67341455828511,2725,466.69
103.14972623548715,18.953419432345168,2726,664.08
102.61693544047587,19.050976472200546,2727,424.27
103.1545771380214,18.504710947927464,2728,254.56
102.95595962870257,18.849394522444125,2729,474.34
102.40942460984425,18.966355172436486,2730,67.08
102.26793995259543,18.941292176009554,2731,402.49
102.2579686529417,18.41281329436204,2732,381.84
102.86379248055191,18.606040911976148,2733,421.07
102.26632298508402,18.86340824087639,2734,296.99
103.34888273397645,18.950993981078042,2735,258.07
102.31321504291505,18.40553694056067,2736,169.71
103.16939934020937,18.655627915659544,2737,300.0
103.34106739100461,19.08789723037786,2738,597.75
102.57192984474148,18.954766905271345,2739,429.54
102.72554175832592,18.761269793072,2740,420.0
102.55683814796826,19.030225389137385,2741,127.28
103.41544789652971,18.60711889031709,2742,390.0
102.30647767828415,18.553489467855155,2743,595.49
102.7352435633944,18.658322861511902,2744,120.0
102.93844248066225,18.891705172326155,2745,268.33
102.2992013244828,18.443535677078927,2746,256.32
102.64819681236322,18.55187250034374,2747,30.0
103.14244988168578,18.99680806056814,2748,150.0
102.82067334691418,18.66047881819379,2749,94.87
103.2966007844407,18.5049804425127,2750,894.99
102.26120258796453,18.598225569004306,2751,381.84
103.36262695782348,18.513334774655014,2752,212.13
102.2210478947644,18.92188856587257,2753,256.32
102.8381904949545,18.580708420963976,2754,60.0
102.9869515060047,18.56292177833841,2755,120.0
102.48407460995459,18.427904991135247,2756,480.0
102.89343688492785,18.6507770131253,2757,0.0
102.73578255256487,18.95907881863512,2758,276.59
102.24072099948661,18.598225569004306,2759,361.25
102.8373820111988,18.918385136264504,2760,390.0
102.31725746169359,18.616551200800345,2761,180.0
102.32507280466542,18.489619251154256,2762,700.36
102.69050746224525,18.556723402877985,2763,234.31
102.6096590866745,19.017828638216535,2764,313.21
102.99261089229465,18.77285806023714,2765,60.0
102.28761305731764,19.005431887295686,2766,60.0
102.20703417633213,18.54136221151954,2767,30.0
102.89586233619498,18.505519431683172,2768,551.55
103.14676179504956,18.560765821656524,2769,256.32
102.44984879762963,18.879847410575778,2770,67.08
102.81124103643091,18.93509380054913,2771,240.0
102.96134952040728,18.690931706325443,2772,161.56
103.20955403340952,18.521689106797325,2773,451.0
102.73793850924676,18.9784824287721,2774,120.0
103.3011821923897,18.423862572356708,2775,543.33
103.1432583654415,18.99087917969295,2776,90.0
103.18610800449399,18.59687809607813,2777,108.17
102.5991487978503,18.521689106797325,2778,330.0
103.3259756942314,18.898173042371816,2779,90.0
102.64927479070417,18.82837394479573,2780,189.74
102.34393742563194,18.54082322234907,2781,161.56
103.30522461116824,18.94452611103238,2782,42.43
102.83414807617596,18.93105138177059,2783,120.0
103.27504121762182,19.05798333141668,2784,84.85
103.13086161452064,18.74779506381021,2785,0.0
103.3717897737215,18.950724486492806,2786,90.0
103.35211666899929,18.993035136374836,2787,502.89
102.83603453827261,18.555375929951808,2788,84.85
102.26416702840213,18.42844398030572,2789,540.0
103.11576991774743,18.9784824287721,2790,499.3
103.08558652420102,18.958000840294176,2791,161.56
103.33001811300994,18.647273583517233,2792,84.85
103.28986341980979,19.026452464944082,2793,67.08
103.1764061994255,18.85047250078507,2794,258.07
102.88481305820031,18.457010406340718,2795,169.71
103.00554663238597,18.669372139506574,2796,182.48
102.94544933987838,18.682846868768365,2797,742.77
102.61989988091347,19.055018890979085,2798,94.87
102.84816179460823,18.68203838501266,2799,782.31
102.24099049407184,18.96824163453314,2800,123.69
102.46817442942567,18.733781345377942,2801,335.41
102.49431540419354,19.021062573239366,2802,295.47
102.60049627077647,18.808970334658746,2803,381.84
102.99126341936847,18.405267445975433,2804,483.74
102.40565168565095,18.879308421405305,2805,67.08
103.09771378053664,18.950185497322337,2806,42.43
103.1020256939004,18.447578095857462,2807,127.28
102.42963670373695,18.729199937428934,2808,247.39
102.41643146906038,18.735128818304123,2809,308.87
102.83280060324978,19.051245966785782,2810,342.05
102.77270331074219,18.89871203154229,2811,270.0
103.15673309470328,18.935363295134366,2812,276.59
102.57219933932672,18.820828096409127,2813,364.97
102.87888417732512,18.47075463018775,2814,169.71
102.70775511570035,19.083585317014084,2815,67.08
102.47841522366464,18.62679199503931,2816,240.0
102.90421666833728,19.017020154460827,2817,618.47
102.46628796732902,18.623019070846006,2818,256.32
102.2188919380825,18.64484813225011,2819,120.0
102.3571426603085,18.733781345377942,2820,335.41
102.26740096342496,18.624636038357423,2821,474.34
103.10714609101989,18.772319071066672,2822,152.97
102.92146432179239,18.515760225922136,2823,189.74
102.83522605451691,18.57855246428209,2824,67.08
103.40008670517126,18.859365822097853,2825,480.0
102.77728471869119,18.811126291340635,2826,268.33
103.12142930403739,18.4831513811086,2827,284.61
103.4087105318988,18.788758240766057,2828,150.0
102.45820312977195,18.43410336659567,2829,84.85
102.98102262512951,18.67287556911464,2830,256.32
102.6306796643229,18.681768890427424,2831,30.0
102.31078959164793,18.748603547565914,2832,152.97
102.5495617941669,18.579091453452563,2833,30.0
102.41939590949798,19.066876652729462,2834,174.93
103.41787334779683,19.023488024506488,2835,127.28
102.79992226385102,18.77097159814049,2836,30.0
103.29767876278164,18.475336038136756,2837,216.33
102.91095403296818,18.708448854365773,2838,150.0
103.34295385310126,18.457818890096426,2839,201.25
102.96781739045295,18.730008421184642,2840,240.0
102.82633273320413,18.410387843094917,2841,402.49
103.15673309470328,19.091400659985926,2842,161.56
102.2752163063968,18.632990370499734,2843,0.0
102.42640276871411,19.084124306184556,2844,313.21
102.33827803934199,18.643770153909166,2845,218.4
102.65789861743171,18.78794975701035,2846,30.0
103.2440493403197,18.918924125434977,2847,256.32
103.26938183133187,18.559148854145107,2848,123.69
102.33342713680774,18.40607592973114,2849,0.0
102.40861612608855,18.82972141772191,2850,42.43
102.26713146883972,18.67799596623412,2851,474.34
102.90286919541111,18.652932969807186,2852,0.0
102.99099392478324,18.697669070956337,2853,570.79
102.74629284138908,18.63002593006214,2854,361.25
102.71233652364936,19.086819252036914,2855,30.0
103.3717897737215,18.5688506592136,2856,189.74
102.38678706468444,18.73593730205983,2857,84.85
102.53851251617223,18.451620514636,2858,94.87
103.00770258906786,18.88550679686573,2859,417.85
102.58513507941804,18.895478096519458,2860,30.0
103.02845367213102,18.911647771633607,2861,241.87
103.24916973743919,18.52896546059869,2862,216.33
103.21952533306325,18.550255532832324,2863,90.0
103.40601558604645,18.458627373852135,2864,180.0
103.2650699179681,18.875266002626766,2865,305.94
102.54983128875213,18.564538745849827,2866,0.0
103.13113110910588,18.44919506336888,2867,296.99
103.15134320299856,18.813821237192993,2868,150.0
102.65789861743171,18.661556796534732,2869,534.14
102.43664356295308,18.539206254837655,2870,134.16
103.18476053156782,18.615473222459404,2871,296.99
102.88023165025129,18.66748567740992,2872,169.71
103.31088399745819,18.702519973490585,2873,888.43
103.23865944861498,18.83484181484139,2874,42.43
102.89047244449026,19.06552917980328,2875,161.56
103.11011053145748,18.40041654344119,2876,0.0
102.98075313054427,18.517916182604022,2877,379.48
103.31250096496962,18.952880443174696,2878,690.0
102.38705655926968,18.721923583627564,2879,360.0
102.29785385155661,18.99168766344866,2880,174.93
103.28285656059367,18.554836940781335,2881,94.87
103.2289576435465,18.772049576481436,2882,379.48
102.47113886986327,18.73135589411082,2883,402.49
103.23434753525122,18.83484181484139,2884,123.69
103.10310367224135,18.44191870956751,2885,120.0
103.1966182933182,18.628139467965486,2886,127.28
103.1944623366363,18.634876832596383,2887,630.72
103.42245475574583,18.885237302280494,2888,150.0
103.40439861853504,18.565886218776004,2889,150.0
102.84034645163639,18.79522611081172,2890,134.16
102.96081053123682,18.815707699289643,2891,510.88
103.17425024274361,18.85559289790455,2892,301.5
103.00581612697121,18.993843620130544,2893,782.31
102.54524988080313,18.60657990114662,2894,30.0
103.14379735461196,18.52654000933157,2895,150.0
102.44742334636251,18.82837394479573,2896,577.06
103.21224897926187,18.41523874562916,2897,416.78
102.50805962804058,18.707101381439593,2898,42.43
102.80827659599332,18.468329178920623,2899,150.0
102.58594356317374,19.079273403650312,2900,547.45
102.75949807606563,18.724079540309454,2901,349.86
103.21063201175046,18.443535677078927,2902,42.43
103.15376865426569,18.939944703083373,2903,90.0
102.97024284172007,18.83214686898903,2904,453.98
103.20739807672763,18.56426925126459,2905,1050.0
102.49108146917072,18.524114558064447,2906,258.07
102.80665962848191,18.74051871000884,2907,134.16
102.53393110822321,18.433294882839963,2908,123.69
103.29633128985546,18.62517502752789,2909,180.0
102.79965276926578,18.425479539868125,2910,161.56
102.40726865316236,18.652124486051477,2911,30.0
102.84142442997734,18.810587302170163,2912,241.87
102.82848868988602,18.59526112856671,2913,300.0
103.14837876256097,18.52465354723492,2914,390.0
103.40089518892697,18.48665481071666,2915,547.45
102.98614302224898,18.855323403319314,2916,150.0
102.3323491584668,18.78471582198752,2917,120.0
103.17748417776644,18.790914197447943,2918,30.0
102.80504266097049,19.07684795238319,2919,60.0
103.07777118122918,18.54971654366185,2920,436.81
103.15107370841334,18.96878062370361,2921,254.56
102.62043887008393,18.594452644811007,2922,90.0
103.33028760759518,18.93293784386724,2923,384.19
103.06860836533116,18.687697771302613,2924,150.0
103.32705367257235,18.7574968688787,2925,375.9
102.97671071176573,18.70225047890535,2926,60.0
102.74737081973002,18.534624846888644,2927,152.97
102.45281323806722,18.97767394501639,2928,318.91
102.32534229925066,18.471293619358217,2929,201.25
103.30684157867965,18.49662611037039,2930,379.48
103.36882533328391,18.727313475332284,2931,201.25
102.7276977150078,18.74375264503167,2932,228.47
102.68700403263719,18.84130968488705,2933,780.58
103.20308616336385,18.445691633760813,2934,127.28
102.38220565673544,19.100563475883945,2935,30.0
102.90313868999634,18.687697771302613,2936,30.0
103.43592948500763,18.695782608859687,2937,42.43
102.75868959230992,18.693896146763038,2938,318.91
102.78456107249256,19.059330804342856,2939,108.17
103.38849843800612,18.79980751876073,2940,360.0
103.30522461116824,18.86017430585356,2941,384.19
103.20146919585244,18.807892356317804,2942,375.9
102.58351811190661,19.074961490286537,2943,169.71
103.25968002626338,18.769624125214314,2944,300.0
102.68350060302912,18.728930442843698,2945,210.0
102.87618923147276,18.618437662896998,2946,241.87
102.66948688459685,18.781212392379455,2947,782.31
102.89586233619498,18.65401094814813,2948,0.0
103.26453092879763,19.03453730250116,2949,268.33
103.386072986739,18.82163658016483,2950,216.33
103.40682406980216,18.72542701323563,2951,30.0
103.31762136208908,18.671797590773696,2952,296.99
102.5600720829911,18.49581762661468,2953,84.85
103.32678417798711,18.74186618293502,2954,134.16
102.61558796754969,18.577474485941146,2955,30.0
103.16347045933418,18.963390731998892,2956,90.0
102.51210204681911,19.015133692364177,2957,60.0
102.82336829276653,18.623558060016478,2958,150.0
102.72338580164403,18.995191093056725,2959,161.56
103.2057811092162,18.59876455817478,2960,108.17
102.55683814796826,18.88954921564427,2961,192.09
102.77324229991267,18.693357157592565,2962,30.0
102.59052497112275,18.661556796534732,2963,256.32
103.11981233652597,18.4478475904427,2964,127.28
103.07938814874059,18.874188024285825,2965,123.69
103.14460583836767,18.53893676025242,2966,30.0
103.02926215588673,18.751298493418275,2967,240.0
103.16859085645366,18.954766905271345,2968,123.69
102.38975150512204,18.767468168532424,2969,123.69
102.73281811212728,18.739440731667898,2970,0.0
102.29408092736331,18.635415821766856,2971,189.74
102.53851251617223,18.69039271715497,2972,268.33
103.16104500806706,19.082507338673143,2973,210.0
102.53959049451318,18.550255532832324,2974,234.31
102.58055367146902,18.727852464502753,2975,241.87
102.65304771489747,18.783637843646577,2976,0.0
102.56600096386629,18.930242898014882,2977,330.0
102.68080565717676,18.727313475332284,2978,0.0
103.16427894308988,18.78929722993653,2979,276.59
102.90475565750776,19.080351381991253,2980,30.0
102.3083641403808,18.938058240986724,2981,630.0
102.40322623438384,18.685002825450255,2982,708.03
102.32318634256877,18.75102899883304,2983,379.48
103.22248977350084,18.686889287546904,2984,210.0
102.23991251573091,18.40418946763449,2985,426.38
102.35444771445614,19.04423910756965,2986,60.0
102.67272081961968,18.96689416160696,2987,182.48
102.64631035026657,18.71383874607049,2988,192.09
102.62636775095912,18.41712520772581,2989,123.69
103.40251215643839,18.902484955735588,2990,228.47
103.39685277014843,18.855862392489787,2991,212.13
103.21629139804041,18.71383874607049,2992,0.0
103.39846973765985,18.811126291340635,2993,120.0
102.95946305831063,18.99168766344866,2994,577.06
102.46170655938,18.738093258741717,2995,394.59
103.17101630772079,18.791992175788888,2996,445.98
102.87672822064323,19.040735677961585,2997,30.0
102.70290421316611,19.021062573239366,2998,169.71
102.33127118012585,18.419820153578172,2999,484.67
102.57597226352001,18.803849937539265,3000,201.25
102.38166666756496,18.44838657961317,3001,349.86
102.83226161407931,19.06957159858182,3002,330.0
102.92820168642328,18.836189287767567,3003,331.36
103.24243237280828,18.611969792851337,3004,420.0
102.6667919387445,18.75210697717398,3005,30.0
102.39163796721868,18.578282969696854,3006,300.0
102.41697045823086,18.62490553294266,3007,30.0
102.27036540386256,18.869606616336814,3008,216.33
102.47167785903373,18.92781744674776,3009,361.25
102.85382118089818,18.504710947927464,3010,90.0
103.44051089295664,18.666677193654216,3011,330.0
102.48057118034652,18.496356615785153,3012,123.69
102.30324374326133,18.910839287877902,3013,296.99
102.66652244415926,18.777439468186152,3014,509.12
103.01336197535781,18.44326618249369,3015,67.08
102.26659247966926,18.80573639963592,3016,94.87
103.24054591071163,18.569659142969307,3017,342.05
102.40430421272477,18.833763836500445,3018,276.59
102.7457538522186,19.092478638326867,3019,456.95
102.42343832827652,18.627061489624545,3020,30.0
102.25311775040745,18.891705172326155,3021,42.43
103.23300006232503,18.82325354767625,3022,254.56
102.91472695716149,18.925661490065874,3023,42.43
102.88319609068888,18.521150117626853,3024,67.08
103.15969753514088,18.769354630629078,3025,582.5
102.92981865393469,18.869606616336814,3026,152.97
102.27494681181156,18.482073402767654,3027,150.0
103.11415295023602,18.908413836610777,3028,60.0
103.30899753536154,18.908683331196013,3029,94.87
102.33558309348963,18.762078276827708,3030,192.09
103.42110728281966,19.026182970358846,3031,60.0
102.25931612586788,18.836997771523276,3032,218.4
102.25015330996986,18.404997951390197,3033,120.0
103.25294266163249,18.786871778669408,3034,94.87
103.04570132558611,18.9889927175963,3035,276.59
102.50266973633586,18.97982990169828,3036,247.39
103.15861955679993,18.563999756679355,3037,30.0
102.42613327412887,18.970397591215026,3038,330.0
103.33756396139654,18.451351020050765,3039,30.0
102.87969266108082,18.777978457356625,3040,499.3
102.97751919552144,18.95314993775993,3041,360.0
103.10957154228701,19.032650840404507,3042,416.78
102.25311775040745,19.057713836831443,3043,330.0
102.3579511440642,18.782559865305632,3044,30.0
103.13652100081059,18.467790189750154,3045,313.21
103.11280547730983,19.00058098476144,3046,458.91
102.84708381626729,18.506866904609353,3047,120.0
102.90152172248493,18.61816816831176,3048,42.43
102.87079933976804,18.74051871000884,3049,240.0
102.66409699289214,18.73054741035511,3050,123.69
102.27952821976058,18.765042717265302,3051,212.13
103.08370006210437,18.880655894331486,3052,161.56
102.31617948335264,18.949107518981393,3053,241.87
102.43421811168595,18.927278457577287,3054,276.59
102.7179959099393,18.580169431793504,3055,30.0
103.42919212037674,18.8822728618429,3056,366.2
102.61774392423158,18.64673459434676,3057,30.0
103.3079195570206,18.726774486161812,3058,123.69
103.27746666888895,19.06121726643951,3059,268.33
103.35184717441405,18.6259835112836,3060,108.17
103.44778724675801,19.092478638326867,3061,182.48
102.54659735372931,18.603615460709026,3062,0.0
102.2932724436076,18.943717627276676,3063,276.59
102.70802461028558,18.418203186066755,3064,445.98
103.32193327545286,18.6117002982661,3065,400.25
102.89424536868356,18.818672139727237,3066,576.28
102.50347822009157,18.59795607441907,3067,0.0
102.60157424911742,18.96743315077743,3068,859.6
102.86271450221096,18.982255352965403,3069,403.61
102.84250240831828,18.756418890537756,3070,192.09
102.79695782341342,18.58259488306063,3071,212.13
103.38203056796046,18.553489467855155,3072,295.47
103.2553681128996,18.75668838512299,3073,30.0
102.71664843701313,19.01055228441517,3074,534.14
103.39334934054037,19.04423910756965,3075,241.87
103.02791468296054,18.61116130909563,3076,794.3
102.48218814785794,18.648351561858178,3077,94.87
102.50240024175062,18.497704088711334,3078,313.21
102.24179897782756,18.72300156196851,3079,276.59
102.86190601845526,18.609544341584215,3080,161.56
102.75895908689516,18.400686038026425,3081,0.0
103.00473814863027,18.650507518540064,3082,94.87
103.10633760726418,18.865025208387806,3083,30.0
102.84169392456256,18.841579179472287,3084,30.0
102.83037515198266,18.557262392048457,3085,127.28
102.85274320255724,18.925661490065874,3086,150.0
103.44670926841707,18.592296688129117,3087,283.02
102.63256612641955,18.806544883391624,3088,67.08
103.22356775184177,18.732433872451765,3089,150.0
102.9659309283563,18.976326472090214,3090,152.97
103.44239735505329,18.58879325852105,3091,606.72
103.4213767774049,18.587176291009637,3092,331.36
102.89667081995069,18.694435135933507,3093,30.0
102.40080078311671,18.79576509998219,3094,474.34
103.1772146831812,19.050976472200546,3095,90.0
102.98021414137379,18.554297951610863,3096,474.34
102.88454356361507,18.500399034563692,3097,0.0
102.4962018662902,18.41469975645869,3098,426.38
102.81959536857323,18.630834413817848,3099,0.0
103.44051089295664,18.762886760583417,3100,30.0
103.23407804066598,19.02537448660314,3101,134.16
103.25132569412106,18.721923583627564,3102,228.47
103.01120601867592,18.509292355876475,3103,192.09
103.23973742695593,18.63918874596016,3104,60.0
103.41275295067734,18.89008820481474,3105,361.25
102.56276702884345,18.89709506403087,3106,0.0
103.07588471913253,18.620324124993648,3107,42.43
103.02656721003437,18.684194341694546,3108,810.56
102.66840890625592,18.4659037276535,3109,120.0
102.42047388783892,18.502285496660342,3110,120.0
103.2041641417048,18.92970390884441,3111,379.48
102.96350547708917,18.985489287988234,3112,152.97
103.43619897959287,18.63245138132926,3113,308.87
102.49754933921638,18.73593730205983,3114,210.0
103.4079020481431,18.563191272923646,3115,330.0
102.91041504379771,18.53381636313294,3116,30.0
103.2305746110579,18.625714016698364,3117,792.03
102.81366648769804,18.950724486492806,3118,466.69
103.31735186750386,18.623019070846006,3119,108.17
103.21494392511423,18.927278457577287,3120,212.13
103.38957641634707,18.673684052870346,3121,120.0
102.67245132503444,18.699016543882518,3122,697.79
102.64657984485181,19.001119973931914,3123,300.0
102.64092045856185,18.531929901036285,3124,60.0
103.20524212004574,18.48557683237572,3125,488.37
102.33585258807487,18.56292177833841,3126,0.0
102.78267461039592,18.9461430785438,3127,152.97
102.91499645174672,19.005431887295686,3128,362.49
102.3248033100802,18.82567899894337,3129,241.87
102.41508399613421,18.50902286129124,3130,390.0
102.23748706446378,18.78848874618082,3131,597.75
102.92469825681522,18.71895914318997,3132,228.47
102.23209717275905,18.493122680762323,3133,161.56
103.13975493583342,18.797382067493604,3134,342.05
102.34124247977958,18.783907338231813,3135,120.0
102.76461847318511,18.91137827704837,3136,30.0
102.41912641491274,18.604154449879495,3137,30.0
102.80827659599332,18.452967987562182,3138,240.0
102.42236034993557,18.603076471538554,3139,241.87
102.3504052956776,18.874188024285825,3140,540.84
102.90179121707017,18.99007069593724,3141,408.05
103.30684157867965,19.083046327843615,3142,120.0
102.93386107271323,19.012708241097055,3143,0.0
103.02414175876724,18.72030661611615,3144,364.97
103.39415782429607,18.79576509998219,3145,152.97
102.64873580153369,18.72866094825846,3146,42.43
102.42801973622552,18.448117085027935,3147,123.69
102.80827659599332,18.841848674057523,3148,30.0
102.3579511440642,18.754532428441106,3149,150.0
103.44104988212712,19.10029398129871,3150,492.04
102.78806450210064,19.031033872893094,3151,30.0
102.74305890636624,18.41119632685062,3152,90.0
103.26965132591711,19.065259685218045,3153,94.87
103.39092388927324,18.81921112889771,3154,108.17
103.12439374447499,18.553489467855155,3155,276.59
103.2327305677398,18.40176401636737,3156,180.0
103.41652587487064,18.956383872782762,3157,127.28
102.83630403285785,18.828104450210493,3158,180.0
102.90152172248493,18.56804217545789,3159,120.0
102.4999747904835,18.648621056443414,3160,0.0
102.89747930370639,18.72354055113898,3161,30.0
102.40187876145765,18.824870515187662,3162,150.0
102.7743202782536,18.610891814510392,3163,632.85
102.83711251661356,18.823523042261485,3164,67.08
102.28033670351628,18.408501380998263,3165,417.85
102.88050114483653,18.45943585760784,3166,488.37
102.8133969931128,18.555914919122277,3167,509.12
103.04974374436465,18.98495029881776,3168,67.08
103.40385962936456,18.60657990114662,3169,42.43
102.91984735428096,18.818941634312473,3170,247.39
102.36684446537699,18.774475027748558,3171,300.0
102.54417190246218,18.91353423373026,3172,531.6
103.42029879906396,18.426827012794302,3173,180.0
102.90637262501917,18.914881706656438,3174,127.28
102.54093796743935,18.49851257246704,3175,330.0
102.42694175788459,18.46024434136355,3176,530.76
102.75437767894616,19.051784955956254,3177,496.59
102.82229031442559,18.752645966344453,3178,692.61
102.50913760638151,18.428174485720483,3179,189.74
103.05648110899554,18.809509323829218,3180,362.49
103.01821287789205,18.655627915659544,3181,300.0
103.13732948456631,18.996269071397666,3182,201.25
103.2079370658981,18.60711889031709,3183,212.13
102.77809320244691,18.629486940891667,3184,134.16
103.32193327545286,18.99546058764196,3185,216.33
102.72958417710446,18.790914197447943,3186,540.0
102.61235403252685,18.61493423328893,3187,150.0
103.26668688547952,18.571815099651193,3188,30.0
103.19419284205107,18.77770896277139,3189,42.43
102.59483688448653,18.55968784331558,3190,30.0
102.23587009695237,18.80681437797686,3191,150.0
103.39927822141556,18.89979000988323,3192,120.0
102.71772641535408,18.964738204925073,3193,134.16
103.05567262523984,18.692548673836857,3194,30.0
102.75033526016762,19.062834233950923,3195,335.41
102.64011197480615,18.49986004539322,3196,296.99
102.57085186640053,18.601459504027137,3197,120.0
103.03007063964243,18.81409073177823,3198,690.0
102.50832912262581,18.493122680762323,3199,0.0
102.93413056729847,18.710874305632895,3200,90.0
102.38759554844015,18.853436941222665,3201,123.69
102.59618435741271,19.045856075081065,3202,30.0
103.07561522454729,18.86610318672875,3203,67.08
102.61747442964634,18.55052502741756,3204,210.0
102.24314645075373,18.86286925170592,3205,30.0
102.23640908612283,18.706292897683888,3206,228.47
103.42326323950155,18.79333964871507,3207,67.08
102.92577623515615,18.54217069527525,3208,313.21
102.57300782308242,18.565616724190768,3209,120.0
102.20137479004218,18.56615571336124,3210,543.33
102.2474583641175,18.47183260852869,3211,123.69
102.47140836444851,18.624636038357423,3212,408.05
103.2297661273022,18.409848853924444,3213,228.47
103.15781107304423,19.000311490176205,3214,670.82
102.27467731722632,18.961504269902242,3215,42.43
103.14595331129385,18.997616544323847,3216,169.71
102.79776630716913,18.409309864753972,3217,390.0
103.05594211982508,18.847777554932712,3218,379.48
102.5638450071844,18.51737719343355,3219,120.0
102.38058868922401,18.9394057139129,3220,161.56
103.32058580252668,19.055018890979085,3221,30.0
102.80207822053289,18.864216724632097,3222,90.0
103.4499432034399,18.548908059906147,3223,0.0
102.79507136131677,18.502554991245578,3224,256.32
103.3251672104757,18.489080261983787,3225,42.43
102.7554556572871,18.417394702311046,3226,150.0
102.62124735383964,18.904640912417477,3227,218.4
103.0087805674088,18.753723944685397,3228,42.43
103.22653219227936,18.985219793402997,3229,201.25
102.85193471880153,18.794687121641246,3230,660.68
102.52934970027421,19.052323945126727,3231,210.0
102.35471720904138,18.623827554601714,3232,240.0
102.61639645130539,18.611430803680864,3233,60.0
103.4281141420358,18.902215461150355,3234,30.0
102.55602966421256,18.45350697673265,3235,42.43
103.19230637995442,18.66964163409181,3236,120.0
102.42963670373695,18.766659684776716,3237,349.86
103.4394329146157,18.48827177822808,3238,362.49
102.71907388828025,18.730008421184642,3239,30.0
102.94464085612266,18.600381525686196,3240,570.79
102.7961493396577,18.664521236972327,3241,60.0
103.06348796821167,18.79765156207884,3242,371.08
102.34771034982525,18.92862593050347,3243,371.08
102.89397587409833,18.734320334548414,3244,560.45
102.85220421338677,18.91622917958262,3245,42.43
103.1268191957421,18.533277373962466,3246,256.32
103.17505872649932,18.48665481071666,3247,722.5
102.46952190235186,18.57774398052638,3248,339.41
103.43889392544523,18.535163836059116,3249,247.39
102.43448760627119,19.023488024506488,3250,361.25
102.9772497009362,18.79118369203318,3251,150.0
102.81393598228327,18.788219251595585,3252,300.0
102.77809320244691,18.471293619358217,3253,394.59
102.742789411781,18.905449396173182,3254,30.0
102.92981865393469,18.41335228353251,3255,247.39
103.13193959286158,18.510100839632184,3256,228.47
103.02926215588673,18.748603547565914,3257,60.0
102.45119627055581,19.062564739365687,3258,169.71
103.34241486393078,18.727313475332284,3259,551.55
103.21790836555182,18.56615571336124,3260,603.0
102.39002099970727,18.777439468186152,3261,296.99
103.10741558560512,18.783637843646577,3262,212.13
102.56357551259916,18.923505533383985,3263,0.0
102.86055854552907,18.989262212181536,3264,182.48
102.30890312955128,18.735128818304123,3265,466.69
102.73497406880917,18.846969071177003,3266,94.87
103.07372876245064,18.792800659544596,3267,0.0
103.15215168675428,18.61358676036275,3268,606.72
103.39442731888131,18.969858602044553,3269,469.58
102.41077208277044,18.465095243897796,3270,192.09
102.59133345487845,18.859904811268326,3271,180.0
102.60858110833355,18.582864377645862,3272,42.43
102.47598977239751,18.970936580385498,3273,42.43
103.26992082050235,18.768276652288133,3274,742.16
102.27332984430015,18.875535497212002,3275,120.0
102.57758923103142,19.00192845768762,3276,496.59
102.87376378020564,18.789027735351294,3277,632.85
102.71287551281983,18.4906972294952,3278,429.54
102.56141955591728,18.867720154240164,3279,0.0
103.03141811256862,18.69174019008115,3280,120.0
102.44715385177727,18.98764524467012,3281,553.18
103.2515951887063,18.62733098420978,3282,30.0
103.00069572985173,18.523575568893975,3283,742.16
102.74332840095148,18.45566293341454,3284,692.61
102.76623544069653,18.471563113943454,3285,391.15
102.61774392423158,18.76019181473106,3286,516.14
102.6667919387445,18.882003367257663,3287,465.73
103.18637749907923,18.979021417942572,3288,474.34
103.44347533339423,18.41119632685062,3289,313.21
102.8465448270968,18.707640370610065,3290,0.0
103.04354536890422,18.662095785705205,3291,313.21
103.21709988179612,18.47587502730723,3292,84.85
102.42155186617987,18.627869973380253,3293,0.0
102.50563417677346,18.75614939595252,3294,192.09
103.10957154228701,18.569659142969307,3295,30.0
102.23667858070807,18.485037843205248,3296,0.0
102.2714433822035,18.665868709898508,3297,361.25
102.64927479070417,18.92781744674776,3298,30.0
103.44886522509896,18.950454991907574,3299,724.99
103.36532190367583,18.543248673616194,3300,432.67
102.84142442997734,18.453776471317887,3301,313.21
102.90906757087153,18.782559865305632,3302,780.0
102.88157912317747,18.582055893890157,3303,457.93
103.38903742717659,18.813821237192993,3304,90.0
103.17829266152215,18.643770153909166,3305,30.0
103.38122208420475,18.69308766300733,3306,360.0
102.74629284138908,18.8003465079312,3307,295.47
102.59133345487845,18.774744522333794,3308,536.66
103.00473814863027,18.97740445043116,3309,150.0
103.33540800471465,18.47722250023341,3310,349.86
103.14460583836767,18.700364016808695,3311,189.74
102.47221684820421,18.898981526127525,3312,150.0
103.24728327534254,18.454584955073596,3313,305.94
103.17478923191409,18.883889829354317,3314,94.87
102.92766269725281,18.796304089152663,3315,210.0
102.71287551281983,18.689314738814026,3316,300.0
102.36630547620652,19.060139288098565,3317,108.17
103.12062082028169,18.985489287988234,3318,335.41
102.91661341925814,18.514951742166428,3319,323.11
102.38301414049114,18.876613475552947,3320,402.49
102.54255493495077,18.683385857938838,3321,30.0
102.90125222789969,18.530582428110108,3322,268.33
102.83549554910215,18.96689416160696,3323,150.0
102.35606468196755,19.095982067934933,3324,0.0
102.85786359967672,18.84912502785889,3325,134.16
102.4428419384135,18.894939107348986,3326,228.47
103.18422154239734,18.72434903489469,3327,60.0
102.63014067515242,18.83403333108568,3328,480.0
103.17209428606174,18.976326472090214,3329,416.78
103.14972623548715,18.594722139396243,3330,615.55
102.92065583803668,18.60253748236808,3331,90.0
103.03869446636998,18.8965560748604,3332,330.0
102.97482424966908,18.56938964838407,3333,0.0
102.70047876189898,19.002736941443327,3334,120.0
102.35390872528566,18.414430261873452,3335,429.54
102.5646534909401,18.969858602044553,3336,560.45
102.61612695672015,18.98063838545399,3337,210.0
102.87996215566606,18.761539287657236,3338,569.21
103.3041466328273,18.871762573018703,3339,94.87
102.99557533273224,18.44326618249369,3340,192.09
103.01443995369875,18.592296688129117,3341,234.31
102.52234284105808,19.097868530031587,3342,0.0
103.20173869043768,18.638110767619214,3343,254.56
102.80477316638526,18.558609864974635,3344,0.0
103.38634248132423,18.708179359780537,3345,90.0
102.26740096342496,18.858018349171672,3346,400.25
102.65520367157936,18.734859323718887,3347,228.47
103.27396323928089,18.73458982913365,3348,150.0
102.28114518727199,18.57019813213978,3349,180.0
103.4221852611606,18.82648748269908,3350,30.0
103.34214536934556,18.68715878213214,3351,573.15
102.457125151431,18.797921056664077,3352,494.77
103.2726157663547,19.016750659875594,3353,30.0
102.33989500685341,18.901676471979883,3354,390.0
102.58702154151469,18.687428276717377,3355,474.34
102.76192352733275,18.607388384902325,3356,708.03
102.57785872561666,19.02214055158031,3357,189.74
103.29040240898027,18.835919793182335,3358,127.28
102.4848830937103,18.917037663338327,3359,308.87
102.49970529589827,18.983602825891584,3360,108.17
103.18718598283493,18.6117002982661,3361,30.0
102.6398424802209,18.61951564123794,3362,510.88
102.43260114417454,18.776630984430444,3363,201.25
103.07399825703588,18.742674666690725,3364,30.0
102.96485295001536,18.76719867394719,3365,108.17
103.18152659654498,18.79899903500502,3366,657.95
103.33190457510659,18.713299756900017,3367,84.85
102.96727840128247,18.909761309536957,3368,335.41
102.82255980901083,19.011360768170874,3369,301.5
102.81797840106181,18.613047771192278,3370,313.21
103.20335565794909,18.95314993775993,3371,30.0
102.39217695638916,18.618437662896998,3372,30.0
102.42316883369128,18.53300787937723,3373,161.56
103.24593580241635,18.517646688018786,3374,536.66
102.45982009728336,19.017020154460827,3375,150.0
102.61639645130539,18.404997951390197,3376,30.0
103.33217406969183,18.583133872231098,3377,474.34
103.44509230090566,18.98495029881776,3378,268.33
102.63580006144237,18.755610406782047,3379,453.98
103.18610800449399,18.786332789498935,3380,664.08
102.69643634312044,18.544326651957135,3381,210.0
102.3256117938359,18.638919251374922,3382,42.43
102.7923764154644,18.465634233068265,3383,0.0
102.5112935630634,18.84508260908035,3384,241.87
102.21323255179256,18.988723223011064,3385,421.07
102.46305403230619,18.964468710339837,3386,510.88
102.72742822042257,18.919732609190685,3387,421.07
103.15430764343616,19.011360768170874,3388,30.0
102.65897659577266,19.028877916211208,3389,283.02
103.10310367224135,18.501477012904633,3390,234.31
103.05728959275126,18.54971654366185,3391,361.25
103.04381486348946,18.571815099651193,3392,150.0
103.17829266152215,18.571006615895485,3393,626.42
102.25689067460075,18.4583578792669,3394,174.93
102.48811702873313,18.962582248243187,3395,300.0
102.57974518771331,18.653741453562894,3396,364.97
103.20012172292626,19.016750659875594,3397,600.75
102.37924121629784,18.656166904830016,3398,256.32
103.08100511625202,18.59526112856671,3399,30.0
103.00662461072692,18.926200479236346,3400,180.0
103.38041360044905,19.02160156240984,3401,30.0
103.34160638017508,18.63056491923261,3402,331.36
102.40726865316236,18.4440746662494,3403,276.59
103.19904374458531,18.875266002626766,3404,169.71
102.49862731755732,18.742405172105492,3405,134.16
103.0448928418304,18.67287556911464,3406,457.93
102.89020294990502,18.798729540419785,3407,218.4
102.44526738968062,19.034806797086397,3408,550.73
103.35157767982881,18.628139467965486,3409,30.0
103.11442244482126,18.72623549699134,3410,271.66
102.96808688503819,18.476683511062937,3411,150.0
102.72230782330308,18.759652825560586,3412,240.0
102.7344350796387,19.0175591436313,3413,308.87
102.79210692087918,18.681229901256952,3414,210.0
102.70155674023992,18.775822500674735,3415,624.26
102.79291540463488,18.540553727763836,3416,240.0
102.41158056652614,18.848586038688417,3417,480.0
102.49754933921638,18.423054088601,3418,189.74
103.43916342003047,18.96015679697606,3419,169.71
102.85193471880153,18.72300156196851,3420,421.07
103.40251215643839,19.035884775427338,3421,60.0
102.28060619810151,18.721923583627564,3422,254.56
102.67137334669351,18.48153441359718,3423,90.0
102.85867208343242,19.031842356648802,3424,417.85
102.45955060269813,18.96743315077743,3425,379.48
102.40915511525903,18.694704630518743,3426,60.0
103.19500132580677,19.0175591436313,3427,582.5
103.29713977361116,18.772319071066672,3428,30.0
102.51776143310907,18.790375208277474,3429,60.0
103.05136071187607,19.028877916211208,3430,597.75
102.6554731661646,18.98656726632918,3431,296.99
103.16859085645366,18.722462572798037,3432,313.21
102.30863363496604,18.918924125434977,3433,192.09
103.2507867049506,18.618707157482234,3434,469.58
102.96377497167441,18.965816183266014,3435,30.0
102.50725114428487,18.629756435476903,3436,241.87
102.31213706457412,18.483690370279067,3437,810.0
102.61693544047587,18.89709506403087,3438,0.0
103.34025890724891,18.744022139616906,3439,360.0
102.59160294946369,18.71895914318997,3440,169.71
103.06645240864927,18.601459504027137,3441,349.86
102.75410818436092,18.726774486161812,3442,646.22
102.36388002493939,18.901676471979883,3443,296.99
103.15700258928852,18.997077555153375,3444,391.15
103.40520710229075,18.578013475111618,3445,150.0
102.48515258829553,18.777439468186152,3446,240.0
102.26928742552161,19.055018890979085,3447,254.56
102.72581125291116,18.779325930282802,3448,445.98
102.36145457367228,18.773397049407613,3449,228.47
102.46278453772095,18.89386112900804,3450,150.0
103.26075800460433,18.669911128677047,3451,152.97
102.92847118100852,18.504171958756995,3452,296.99
103.2470137807573,18.638649756789686,3453,241.87
102.50024428506873,18.617359684556053,3454,150.0
102.25257876123699,18.483959864864303,3455,408.05
102.35633417655279,18.491775207836145,3456,152.97
103.10525962892324,18.88631528062144,3457,270.0
102.47706775073846,19.0032759306138,3458,67.08
102.71988237203595,18.586637301839165,3459,228.47
102.44904031387392,18.993035136374836,3460,60.0
103.04947424977941,18.718689648604734,3461,108.17
103.30926702994678,19.0528629342972,3462,60.0
102.78968146961205,18.655627915659544,3463,201.25
102.5991487978503,18.982794342135875,3464,60.0
102.26820944718067,19.029686399966913,3465,67.08
102.33746955558628,18.451351020050765,3466,300.0
103.01390096452828,18.438145785374207,3467,361.25
102.31860493461977,18.752376471759217,3468,283.02
102.68835150556336,18.790914197447943,3469,42.43
103.17425024274361,19.062564739365687,3470,391.15
103.29174988190645,18.928356435918232,3471,351.14
103.17802316693692,18.837806255278984,3472,42.43
103.25563760748484,19.063912212291868,3473,451.0
103.16589591060131,18.73539831288936,3474,180.0
102.87241630727945,18.62274957626077,3475,228.47
102.29057749775524,18.421976110260058,3476,30.0
103.05324717397272,18.77501401691903,3477,123.69
102.49269843668213,18.964468710339837,3478,524.79
102.64388489899945,19.098138024616823,3479,30.0
102.98452605473757,18.913803728315496,3480,577.06
103.22168128974512,18.482881886523362,3481,305.94
102.6667919387445,18.637841273033978,3482,402.49
102.65385619865317,18.432486399084254,3483,150.0
103.32570619964616,18.738093258741717,3484,42.43
103.40844103731358,18.46159181428973,3485,268.33
103.42029879906396,18.670989107017988,3486,84.85
103.13382605495823,18.644039648494402,3487,201.25
102.97967515220333,18.81597719387488,3488,268.33
103.16266197557847,18.634876832596383,3489,394.59
102.73120114461587,18.689314738814026,3490,474.34
103.39981721058602,19.00408441436951,3491,30.0
103.0936713617581,19.04747304259248,3492,123.69
102.67352930337539,18.914073222900733,3493,360.0
103.00635511614168,18.703597951831526,3494,127.28
102.55845511547969,18.827295966454784,3495,90.0
102.6961668485352,18.413621778117747,3496,271.66
103.21386594677328,19.08466329535503,3497,212.13
102.69104645141573,18.71249127314431,3498,371.08
102.47760673990892,18.511987301728833,3499,234.31
102.48676955580694,18.876074486382475,3500,416.78
102.51937840062048,18.99411311471578,3501,120.0
103.44374482797947,18.581516904719685,3502,108.17
102.9403289427589,18.784985316572754,3503,90.0
103.14271937627102,18.90949181495172,3504,283.02
102.57354681225289,18.589332247691523,3505,305.94
103.44428381714994,18.933476833037712,3506,60.0
103.36693887118726,18.773397049407613,3507,60.0
102.42990619832219,18.64565661600582,3508,30.0
102.7104500615527,18.497434594126098,3509,764.86
103.44778724675801,18.485037843205248,3510,536.66
103.29013291439503,18.540014738593364,3511,67.08
103.26426143421239,18.836458782352803,3512,90.0
103.38041360044905,18.93886672474243,3513,308.87
102.24772785870275,18.71195228397384,3514,361.25
102.51695294935337,18.918385136264504,3515,123.69
102.8465448270968,18.66640769906898,3516,60.0
102.46224554855048,18.62679199503931,3517,30.0
102.50078327423921,18.459166363022604,3518,424.27
103.40278165102362,18.574240550918315,3519,182.48
102.86244500762572,18.907874847440308,3520,400.25
103.37610168708527,19.028877916211208,3521,295.47
103.22383724642701,18.995191093056725,3522,254.56
103.43916342003047,18.936441273475307,3523,42.43
102.38031919463879,19.04154416171729,3524,210.0
102.61477948379398,19.079812392820784,3525,228.47
103.14110240875961,18.51037033421742,3526,360.0
103.35238616358451,18.504710947927464,3527,134.16
102.84789230002299,18.770163114384783,3528,394.59
103.13140060369112,18.73728477498601,3529,120.0
102.53473959197893,18.736476291230304,3530,30.0
103.32112479169716,19.00246744685809,3531,755.38
103.33702497222608,18.93832773557196,3532,210.0
102.2210478947644,18.53112141728058,3533,450.0
102.21943092725297,18.746717085469264,3534,90.0
103.10148670472994,19.08708874662215,3535,674.17
102.49835782297208,18.407423402657322,3536,240.0
102.81528345520945,18.822984053091012,3537,42.43
103.4070935643874,18.744830623372614,3538,120.0
102.76273201108846,19.08843621954833,3539,234.31
103.35400313109594,18.63972773513063,3540,67.08
103.32301125379381,18.52896546059869,3541,94.87
102.25473471791888,18.48342087569383,3542,618.47
102.79102894253823,18.47776148940388,3543,300.0
103.3469962718798,18.963390731998892,3544,0.0
102.47006089152232,18.57774398052638,3545,300.0
103.29983471946352,18.52465354723492,3546,318.91
102.43933850880543,18.638110767619214,3547,228.47
102.58244013356567,18.86394723004686,3548,174.93
103.219255838478,18.531390911865817,3549,456.95
103.24458832949017,19.086819252036914,3550,531.6
103.43027009871768,18.615203727874167,3551,180.0
102.2180834543268,18.662095785705205,3552,150.0
102.32965421261444,18.958270334879412,3553,30.0
102.76084554899181,18.684194341694546,3554,94.87
102.88858598239361,18.510639828802653,3555,152.97
102.88184861776271,18.901676471979883,3556,807.78
103.05378616314319,18.985489287988234,3557,488.37
103.15808056762947,18.50309398041605,3558,391.15
102.78833399668586,18.699825027638227,3559,30.0
102.4323316495893,18.70548441392818,3560,276.59
102.75680313021327,19.02995589455215,3561,90.0
103.09016793215002,18.949646508151865,3562,180.0
102.36010710074609,18.674492536626055,3563,757.17
102.64981377987463,18.883081345598608,3564,335.41
102.53581757031988,18.447039106686994,3565,201.25
102.81743941189134,18.956114378197526,3566,42.43
102.46170655938,18.67287556911464,3567,591.7
103.14352786002672,18.872571056774408,3568,60.0
102.7923764154644,19.056366363905262,3569,150.0
103.133556560373,18.93239885469677,3570,480.0
103.37448471957386,18.961234775317006,3571,426.38
102.75518616270186,18.66425174238709,3572,450.0
102.53042767861515,18.623558060016478,3573,212.13
102.6667919387445,18.645117626835347,3574,270.0
102.59187244404893,19.06633766355899,3575,218.4
103.43889392544523,18.89925102071276,3576,201.25
102.93035764310517,18.66317376404615,3577,30.0
102.45955060269813,18.543248673616194,3578,120.0
102.75033526016762,18.960695786146534,3579,90.0
103.17236378064696,18.758844341804878,3580,492.04
102.26955692010685,18.485846326960957,3581,108.17
103.32085529711192,19.055557880149557,3582,90.0
102.32507280466542,18.738901742497426,3583,480.0
102.28303164936864,18.682307879597893,3584,234.31
103.07615421371776,18.428713474890955,3585,192.09
102.55306522377496,18.757227374293464,3586,127.28
103.05594211982508,18.616012211629872,3587,127.28
102.43583507919737,18.962043259072715,3588,30.0
103.41895132613777,18.78525481115799,3589,445.98
102.66571396040355,18.57451004550355,3590,60.0
103.2057811092162,19.096790551690642,3591,127.28
102.46440150523237,19.058791815172388,3592,660.68
102.82794970071554,18.7860632949137,3593,120.0
102.64307641524374,18.671797590773696,3594,150.0
102.64388489899945,19.092748132912103,3595,228.47
102.58082316605426,18.996538565982902,3596,536.66
102.8592110726029,18.51144831255836,3597,42.43
102.86837388850091,18.52141961221209,3598,120.0
102.37223435708171,18.918385136264504,3599,30.0
102.39675836433817,18.786871778669408,3600,60.0
102.95676811245828,18.59606961232242,3601,60.0
103.00096522443695,18.92000210377592,3602,550.73
102.47248634278945,18.50174650748987,3603,379.48
102.46790493484043,18.71249127314431,3604,432.67
103.02710619920484,19.09355661666781,3605,662.72
102.52234284105808,18.61816816831176,3606,0.0
103.39281035136989,18.643770153909166,3607,254.56
103.17209428606174,18.643770153909166,3608,228.47
102.59780132492412,18.851819973711248,3609,391.15
102.21242406803684,18.424671056112416,3610,445.98
102.86190601845526,18.44191870956751,3611,474.34
102.65735962826125,18.587176291009637,3612,360.0
103.35184717441405,18.814360226363466,3613,442.95
102.30647767828415,18.739440731667898,3614,582.5
102.31671847252312,18.631642897573553,3615,390.0
102.72042136120643,18.45108152546553,3616,84.85
102.21484951930397,18.558340370389402,3617,108.17
103.29875674112257,18.64296167015346,3618,436.81
103.36909482786913,18.45350697673265,3619,212.13
102.97859717386238,18.547830081565202,3620,90.0
103.34052840183413,18.777169973600916,3621,496.59
103.05405565772843,18.637841273033978,3622,468.62
102.60534717331072,18.55321997326992,3623,84.85
102.44930980845916,19.086819252036914,3624,301.5
102.93170511603134,18.97659596667545,3625,510.0
102.97132082006101,18.689314738814026,3626,531.6
102.54444139704742,19.017828638216535,3627,420.0
102.61693544047587,18.59606961232242,3628,60.0
102.77566775117978,18.753723944685397,3629,169.71
102.7314706392011,18.74887304215115,3630,30.0
103.27611919596276,19.008935316903752,3631,512.64
102.80450367180002,18.78013441403851,3632,600.0
103.24000692154117,18.452967987562182,3633,330.0
103.34780475563551,18.714108240655726,3634,513.52
103.07777118122918,18.73539831288936,3635,268.33
102.88508255278555,18.883350840183844,3636,0.0
102.72661973666686,18.715455713581903,3637,216.33
102.31159807540364,18.448925568783643,3638,381.84
103.41275295067734,19.090592176230217,3639,402.49
103.05782858192173,18.95314993775993,3640,573.15
103.12358526071928,18.931320876355826,3641,371.08
102.82956666822696,19.066876652729462,3642,189.74
102.92496775140044,18.632720875914497,3643,536.66
102.79399338297583,18.489080261983787,3644,420.0
102.69023796766001,18.558340370389402,3645,391.15
102.65116125280082,18.842926652398464,3646,228.47
102.32911522344396,18.41092683226539,3647,408.05
103.01794338330681,19.050976472200546,3648,42.43
102.32156937505736,18.410657337680153,3649,216.33
102.7171874261836,19.070919071508,3650,523.93
102.56680944762199,18.788758240766057,3651,488.37
103.32920962925424,19.096521057105406,3652,361.25
102.90637262501917,18.578013475111618,3653,657.95
102.51722244393859,18.993035136374836,3654,42.43
103.21736937638136,18.905449396173182,3655,30.0
102.33531359890439,18.993574125545308,3656,30.0
102.75815060313946,19.02914741079644,3657,216.33
103.41275295067734,18.980099396283517,3658,270.0
102.62636775095912,19.066068168973754,3659,120.0
102.52557677608091,18.859904811268326,3660,270.0
102.42963670373695,18.985489287988234,3661,67.08
102.27871973600486,18.716803186508084,3662,30.0
103.31708237291862,18.936441273475307,3663,502.89
102.63768652353903,18.72434903489469,3664,30.0
102.35552569279709,18.707640370610065,3665,331.36
102.69266341892714,19.03642376459781,3666,30.0
103.32759266174281,18.773936038578086,3667,30.0
103.19500132580677,18.62517502752789,3668,212.13
102.80908507974902,18.6402667243011,3669,67.08
102.92631522432663,18.724618529479923,3670,134.16
102.65601215533506,18.646465099761524,3671,829.76
103.34079789641937,18.964468710339837,3672,300.0
103.23542551359216,19.075769974042245,3673,517.88
103.05216919563178,18.639458240545395,3674,484.67
102.29300294902237,18.482612391938126,3675,658.64
102.21404103554826,18.932668349282004,3676,30.0
102.49054248000024,19.07603946862748,3677,335.41
103.34807425022075,18.5049804425127,3678,494.77
102.67352930337539,18.543787662786663,3679,67.08
102.39298544014487,18.859365822097853,3680,469.58
102.43637406836784,18.991957158033895,3681,134.16
103.1680518672832,18.711682789388604,3682,42.43
102.46359302147667,18.589062753106287,3683,517.88
103.19634879873296,18.58448134515728,3684,390.0
102.6646359820626,19.046664558836774,3685,30.0
102.74144193885483,18.867720154240164,3686,42.43
102.84519735417064,19.048551020933424,3687,90.0
102.45928110811289,19.0746919957013,3688,108.17
102.62178634301011,19.084393800769792,3689,436.81
102.99934825692554,18.689314738814026,3690,711.2
102.55522118045685,18.49797358329657,3691,123.69
102.93305258895752,19.019176111142716,3692,30.0
103.31519591082197,18.863138746291153,3693,150.0
102.83899897871021,19.01055228441517,3694,400.25
102.85436017006866,18.42844398030572,3695,403.61
102.6878125163929,18.969589107459317,3696,42.43
102.31725746169359,18.678534955404594,3697,150.0
103.27531071220706,18.89197466691139,3698,330.0
102.4247858012027,18.734859323718887,3699,218.4
102.97455475508384,18.968511129118376,3700,416.78
103.33325204803278,18.98495029881776,3701,551.55
103.37421522498862,18.600920514856664,3702,94.87
102.27198237137397,18.934015822208185,3703,84.85
102.38597858092874,18.610622319925156,3704,150.0
102.75680313021327,18.628139467965486,3705,270.0
103.00985854574974,19.04289163464347,3706,305.94
103.05028273353513,18.728391453673225,3707,120.0
102.87214681269423,18.534624846888644,3708,241.87
103.24539681324588,19.009474306074225,3709,60.0
102.26147208254977,18.4335643774252,3710,0.0
103.19203688536918,19.04046618337635,3711,576.28
102.41454500696373,18.69120120091068,3712,30.0
102.938172986077,18.798729540419785,3713,0.0
103.03357406925049,18.555375929951808,3714,60.0
102.70694663194465,18.573162572577374,3715,152.97
102.23694807529331,18.60199849319761,3716,60.0
102.84950926753442,18.987914739255356,3717,318.91
102.34447641480241,18.50632791543888,3718,60.0
102.7915679317087,18.894130623593277,3719,216.33
103.29687027902592,19.0461255696663,3720,496.59
102.84331089207399,18.9318598655263,3721,697.79
102.7638099894294,18.948029540640448,3722,268.33
103.40224266185315,18.41658621855534,3723,573.15
102.4789542128351,18.63002593006214,3724,42.43
102.89963526038828,18.937788746401488,3725,607.46
103.2214117951599,18.677187482478413,3726,582.5
102.65762912284647,18.492314197006614,3727,420.0
102.34366793104671,18.924853006310165,3728,543.33
103.07857966498489,19.027799937870263,3729,60.0
102.72581125291116,18.766390190191483,3730,270.0
102.44122497090208,18.628408962550722,3731,0.0
102.40484320189525,18.539745244008127,3732,150.0
103.00015674068125,18.87903892682007,3733,256.32
103.21871684930753,18.617898673726526,3734,646.22
102.2180834543268,19.051245966785782,3735,30.0
102.21619699223015,18.964468710339837,3736,241.87
102.71691793159836,18.426018529038593,3737,0.0
102.34851883358095,18.91946311460545,3738,30.0
103.12196829320786,19.07280553360465,3739,256.32
102.22778525939529,18.738093258741717,3740,150.0
102.3037827324318,18.93509380054913,3741,591.7
102.6352610722719,18.805466905050682,3742,0.0
103.13840746290725,18.45242899839171,3743,174.93
102.98425656015233,18.670989107017988,3744,30.0
103.32543670506094,18.685541814620723,3745,152.97
103.23838995402974,18.412274305191566,3746,212.13
102.69670583770568,18.80492791588021,3747,417.85
102.89397587409833,18.65993982902332,3748,456.95
103.27800565805941,18.480725929841473,3749,301.5
102.65412569323841,18.910839287877902,3750,794.3
102.87079933976804,19.08062087657649,3751,536.66
102.49404590960832,18.6259835112836,3752,254.56
102.34824933899571,18.92377502796922,3753,174.93
103.21009302257998,18.465095243897796,3754,402.49
102.73713002549106,18.533546868547703,3755,0.0
102.66059356328407,18.790914197447943,3756,150.0
103.44078038754188,18.50066852914893,3757,42.43
103.39146287844372,18.741596688349784,3758,420.0
102.84627533251158,18.58043892637874,3759,90.0
102.41481450154897,18.74051871000884,3760,870.0
102.60480818414025,18.824062031431954,3761,60.0
102.39082948346298,18.43491185035138,3762,0.0
103.21117100092093,19.087358241207387,3763,90.0
103.41975980989348,19.04477809674012,3764,283.02
103.31303995414008,19.005431887295686,3765,240.0
102.9516477153388,18.895478096519458,3766,189.74
103.31977731877097,18.41604722938487,3767,67.08
103.22787966520555,19.00839632773328,3768,241.87
102.79965276926578,18.672067085358933,3769,30.0
103.33001811300994,18.556723402877985,3770,189.74
102.62852370764101,18.76719867394719,3771,67.08
103.2688428421614,18.53219939562152,3772,342.05
102.8734942856204,18.950185497322337,3773,283.02
103.00743309448262,18.856670876245495,3774,241.87
102.66140204703979,18.403919973049256,3775,360.0
103.44536179549088,18.708987843536246,3776,0.0
102.72877569334875,18.56292177833841,3777,228.47
102.52908020568897,18.433025388254727,3778,283.02
102.46278453772095,18.91865463084974,3779,180.0
102.67245132503444,18.64161419722728,3780,516.14
102.52045637896143,18.452967987562182,3781,234.31
102.42424681203222,18.524923041820156,3782,0.0
102.84088544080686,18.634068348840675,3783,247.39
103.04570132558611,18.53947574942289,3784,331.36
103.18044861820404,18.513873763825483,3785,904.49
103.23785096485928,18.448925568783643,3786,295.47
103.38337804088664,18.597686579833837,3787,90.0
103.26938183133187,18.520880623041617,3788,342.05
102.30647767828415,18.8003465079312,3789,189.74
102.74359789553672,18.62194109250506,3790,349.86
102.97509374425432,18.735667807474595,3791,169.71
102.51371901433053,18.74186618293502,3792,134.16
103.35777605528924,18.669102644921338,3793,90.0
102.75815060313946,18.956114378197526,3794,0.0
103.20012172292626,18.930512392600118,3795,402.49
103.22707118144984,18.959348313220357,3796,108.17
102.57273832849718,18.525462030990624,3797,30.0
102.37169536791123,18.758844341804878,3798,0.0
103.29498381692927,18.523036579723502,3799,84.85
102.6630190145512,18.863677735461625,3800,127.28
103.19607930414772,18.58259488306063,3801,335.41
102.88238760693318,18.982255352965403,3802,674.17
102.62798471847053,18.515221236751664,3803,180.0
102.36441901410987,18.745369612543087,3804,361.25
102.79668832882818,19.0032759306138,3805,30.0
102.34636287689906,19.00192845768762,3806,189.74
103.1432583654415,18.956383872782762,3807,84.85
103.00042623526649,18.92188856587257,3808,342.05
103.09501883468427,18.555375929951808,3809,94.87
103.20227767960814,18.857748854586436,3810,174.93
102.7584200977247,19.04693405342201,3811,330.0
102.64065096397663,18.975517988334506,3812,120.0
102.56600096386629,18.732703367037,3813,258.07
102.44877081928868,18.891166183155683,3814,42.43
103.34807425022075,18.589871236861995,3815,636.4
103.40736305897263,18.816785677630588,3816,212.13
102.29974031365326,18.543787662786663,3817,300.0
103.44401432256471,19.068763114826112,3818,323.11
102.94679681280455,19.01809813280177,3819,0.0
102.63121865349336,18.851819973711248,3820,496.59
102.51021558472246,18.63972773513063,3821,241.87
103.36909482786913,19.0528629342972,3822,30.0
103.08073562166678,19.027799937870263,3823,60.0
102.32291684798355,18.60711889031709,3824,30.0
103.16724338352748,18.960695786146534,3825,436.81
103.00527713780073,18.420898131919113,3826,182.48
103.09609681302521,18.83484181484139,3827,456.95
102.48299663161364,18.736476291230304,3828,201.25
102.36253255201322,18.601459504027137,3829,30.0
102.53689554866081,18.81516871011917,3830,523.93
103.3327130588623,18.880925388916722,3831,342.05
103.41517840194447,18.70656239226912,3832,120.0
102.49269843668213,19.071997049848942,3833,241.87
103.31896883501527,18.66559921531327,3834,360.0
102.481110169517,18.61574271704464,3835,234.31
102.41697045823086,18.865025208387806,3836,30.0
102.53015818402991,18.975517988334506,3837,635.69
103.1793706398631,19.015942176119886,3838,174.93
103.03222659632432,18.987106255499647,3839,169.71
103.36074049572683,18.94856852981092,3840,84.85
102.9651224446006,18.567233691702185,3841,60.0
102.74090294968435,18.81732466680106,3842,573.15
102.93008814851993,19.05394091263814,3843,108.17
102.50240024175062,18.86394723004686,3844,42.43
102.83899897871021,18.6259835112836,3845,0.0
102.93062713769041,18.861252284194503,3846,402.49
102.44068598173162,18.476953005648173,3847,318.91
103.22464573018271,18.90302394490606,3848,270.0
102.34986630650712,19.061756255609982,3849,240.0
103.42299374491631,18.478569973159587,3850,42.43
102.73713002549106,18.934015822208185,3851,295.47
102.24099049407184,18.484498854034776,3852,192.09
102.2210478947644,19.058252826001915,3853,384.19
103.1553856217771,18.619246146652703,3854,42.43
103.22033381681895,18.485037843205248,3855,550.73
102.23533110778189,18.983333331306348,3856,210.0
102.98614302224898,18.784446327402286,3857,626.42
102.69751432146138,18.558070875804166,3858,339.41
102.27710276849345,18.42844398030572,3859,0.0
102.27764175766391,18.82244506392054,3860,551.55
103.27611919596276,18.55968784331558,3861,60.0
102.80100024219196,18.452698492976946,3862,174.93
102.53743453783129,18.478839467744823,3863,295.47
102.9899159464423,18.863677735461625,3864,218.4
102.7411724442696,18.677726471648885,3865,295.47
103.35292515275499,18.416855713140578,3866,30.0
102.9651224446006,18.802771959198324,3867,483.74
102.50428670384727,18.860443800438794,3868,30.0
102.26740096342496,18.753723944685397,3869,417.85
102.32129988047213,18.729738926599406,3870,108.17
103.29148038732122,18.854784414148842,3871,134.16
102.58513507941804,18.869337121751578,3872,308.87
102.94329338319649,18.46536473848303,3873,268.33
103.25617659665532,18.76531221185054,3874,0.0
103.09609681302521,18.89466961276375,3875,295.47
102.82202081984035,18.409848853924444,3876,180.0
102.84627533251158,19.08601076828121,3877,150.0
103.38418652464235,18.924853006310165,3878,577.06
102.83118363573837,18.729199937428934,3879,636.4
103.39173237302896,18.673953547455582,3880,90.0
103.41949031530824,18.87903892682007,3881,42.43
103.37340674123291,18.789836219107002,3882,268.33
103.40520710229075,19.013247230267527,3883,123.69
102.33477460973393,18.950724486492806,3884,127.28
102.63229663183431,18.69820806012681,3885,161.56
103.39415782429607,18.738901742497426,3886,502.89
103.12654970115688,18.484498854034776,3887,295.47
102.59052497112275,18.64942954019912,3888,108.17
103.37286775206245,18.741596688349784,3889,658.64
102.94679681280455,18.71895914318997,3890,84.85
102.48057118034652,18.718420154019498,3891,547.45
103.31411793248103,19.003814919784272,3892,134.16
102.59052497112275,18.97982990169828,3893,60.0
102.3256117938359,18.423323583186235,3894,349.86
103.12924464700923,18.402572500123075,3895,240.0
102.61073706501544,18.731086399525584,3896,228.47
102.29596738945996,18.445691633760813,3897,488.37
102.91364897882055,18.677187482478413,3898,180.0
103.27692767971848,18.76585120102101,3899,152.97
103.19149789619871,19.092748132912103,3900,360.0
102.23182767817383,19.095982067934933,3901,30.0
102.88184861776271,18.9318598655263,3902,152.97
103.02252479125583,18.75022051507733,3903,150.0
102.88966396073455,19.03777123752399,3904,30.0
103.21278796843234,18.634876832596383,3905,228.47
102.87753670439893,18.52707899850204,3906,270.0
102.8209428414994,18.81921112889771,3907,150.0
102.79129843712346,18.681229901256952,3908,210.0
102.41077208277044,18.89008820481474,3909,150.0
102.41346702862279,19.02591347577361,3910,210.0
102.22535980812816,18.60711889031709,3911,342.05
103.30468562199778,18.427096507379538,3912,466.69
103.10714609101989,18.444613655419868,3913,0.0
103.3499607123174,18.460513835948785,3914,150.0
102.35929861699039,18.865025208387806,3915,0.0
103.39631378097796,18.502016002075106,3916,268.33
103.36639988201678,18.736476291230304,3917,271.66
102.83280060324978,18.98656726632918,3918,0.0
102.23506161319665,18.60711889031709,3919,339.41
102.91769139759909,18.740788204594075,3920,342.05
102.33396612597822,18.498782067052275,3921,161.56
102.7848305670778,18.402033510952602,3922,30.0
103.31196197579914,18.96096528073177,3923,30.0
103.0516302064613,19.044508602154885,3924,241.87
102.77539825659454,18.634607338011147,3925,42.43
102.43421811168595,19.0175591436313,3926,247.39
102.95137822075357,18.841848674057523,3927,342.05
103.35642858236305,18.666946688239452,3928,351.14
102.33800854475675,18.89601708568993,3929,150.0
103.13571251705488,18.9499160027371,3930,271.66
102.67029536835257,18.51872466635973,3931,0.0
102.67460728171633,18.804388926709738,3932,84.85
102.57381630683813,18.781751381549924,3933,0.0
103.11172749896889,18.53624181440006,3934,120.0
102.86163652387002,18.969858602044553,3935,417.85
102.66274951996596,18.86071329502403,3936,335.41
103.00931955657927,18.884159323939553,3937,241.87
102.78510006166304,18.463747770971615,3938,569.21
102.71368399657554,19.002197952272855,3939,30.0
102.30566919452845,18.571006615895485,3940,276.59
102.99341937605035,18.986028277158706,3941,120.0
102.57219933932672,18.6011900094419,3942,270.0
102.48676955580694,18.9889927175963,3943,174.93
102.33693056641582,19.011899757341347,3944,120.0
102.44715385177727,19.032920334989743,3945,550.73
102.65439518782365,19.06957159858182,3946,84.85
102.457125151431,18.79765156207884,3947,523.93
102.30270475409085,18.957192356538467,3948,234.31
102.24341594533897,19.063912212291868,3949,560.45
102.738208003832,18.913264739145024,3950,42.43
103.40628508063169,19.095712573349697,3951,445.98
102.56707894220723,18.6507770131253,3952,641.33
102.25931612586788,18.47318008145487,3953,30.0
102.89478435785404,18.950993981078042,3954,577.06
102.75329970060521,18.457010406340718,3955,241.87
102.73200962837157,18.872840551359644,3956,108.17
102.80100024219196,18.424940550697652,3957,228.47
102.81878688481753,18.414160767288216,3958,228.47
103.362087968653,18.789566724521766,3959,152.97
103.41005800482499,19.021062573239366,3960,84.85
103.1764061994255,18.929973403429646,3961,30.0
103.25186468329154,18.402572500123075,3962,270.0
102.21215457345161,18.528695966013455,3963,543.33
102.3361220826601,18.649699034784355,3964,361.25
102.49081197458548,18.51629921509261,3965,271.66
102.37412081917836,18.425479539868125,3966,284.61
102.55117876167832,18.807892356317804,3967,84.85
102.3083641403808,18.846160587421295,3968,84.85
102.27413832805586,18.948029540640448,3969,466.69
103.14218038710055,18.910569793292666,3970,301.5
103.37232876289197,19.00192845768762,3971,30.0
103.1650874268456,18.431138926158077,3972,42.43
102.41373652320803,18.485846326960957,3973,308.87
102.3609155845018,18.459166363022604,3974,241.87
102.59807081950936,18.8041194321245,3975,810.0
103.02521973710819,18.920810587531626,3976,351.14
103.32947912383946,18.942370154350495,3977,180.0
103.18422154239734,18.472641092284398,3978,127.28
103.0621404952855,18.94937701356663,3979,0.0
103.06833887074592,19.075230984871773,3980,30.0
102.4067296639919,18.439762752885624,3981,84.85
102.23263616192953,18.774475027748558,3982,426.38
102.44553688426586,18.919732609190685,3983,60.0
102.90502515209299,18.650238023954827,3984,67.08
102.538243021587,18.812204269681576,3985,318.91
102.54309392412124,18.86987611092205,3986,636.4
103.0696863436721,18.642153186397753,3987,530.76
102.80180872594767,18.40041654344119,3988,0.0
102.423977317447,18.44596112834605,3989,0.0
103.01740439413635,18.420089648163405,3990,30.0
102.40187876145765,18.85424542497837,3991,180.0
103.21036251716522,19.029416905381677,3992,429.54
103.09986973721851,18.73971022625313,3993,335.41
102.6180134188168,18.541092716934305,3994,150.0
102.92901017017898,18.720037121530915,3995,174.93
103.24000692154117,18.74510011795785,3996,0.0
103.08154410542248,18.57531852925926,3997,240.0
103.34510980978315,18.933207338452476,3998,474.34
102.91580493550242,18.579091453452563,3999,400.25
103.41005800482499,19.058791815172388,4000,127.28
103.21467443052899,19.09220914374163,4001,283.02
102.67137334669351,18.891705172326155,4002,270.0
103.07938814874059,18.656975388585725,4003,540.84
102.50266973633586,18.965816183266014,4004,216.33
102.55063977250785,19.03507629167163,4005,339.41
103.26695638006476,18.942370154350495,4006,150.0
102.30513020535798,18.72300156196851,4007,212.13
102.89882677663257,18.913803728315496,4008,510.88
103.09232388883191,18.628139467965486,4009,0.0
103.31223147038438,18.6402667243011,4010,90.0
102.58351811190661,18.79899903500502,4011,234.31
103.19041991785777,19.050976472200546,4012,84.85
103.23407804066598,18.452967987562182,4013,216.33
102.79129843712346,18.484498854034776,4014,258.07
103.0020432027779,18.659400839852847,4015,84.85
102.66840890625592,18.788219251595585,4016,531.6
102.34905782275142,18.86475571380257,4017,400.25
103.33810295056702,18.906796869099363,4018,120.0
103.05648110899554,18.64619560517629,4019,127.28
102.30270475409085,18.749142536736386,4020,283.02
103.36990331162485,18.46266979263067,4021,94.87
102.78536955624827,18.768007157702897,4022,331.36
102.2722518659592,18.54136221151954,4023,560.45
102.75761161396898,18.413891272702983,4024,161.56
103.14999573007239,19.01567268153465,4025,94.87
103.31950782418575,18.899520515297993,4026,90.0
102.91068453838295,18.462939287215907,4027,421.07
102.49512388794926,18.904101923247005,4028,30.0
103.00689410531214,18.54351816820143,4029,391.15
103.17290276981744,19.051245966785782,4030,127.28
102.61208453794161,18.83484181484139,4031,364.97
102.8705298451828,18.98495029881776,4032,510.88
102.53716504324605,18.970397591215026,4033,361.25
103.1432583654415,18.874727013456297,4034,180.0
102.38975150512204,18.66182629111997,4035,150.0
103.3259756942314,19.054210407223376,4036,150.0
103.03114861798338,18.46536473848303,4037,120.0
102.4676354402552,18.978751923357336,4038,60.0
103.18799446659064,19.03642376459781,4039,192.09
103.10849356394607,18.450542536295057,4040,180.0
102.64172894231756,18.99599957681243,4041,271.66
102.43664356295308,18.652932969807186,4042,30.0
102.35929861699039,18.716803186508084,4043,123.69
102.60238273287312,18.538397771081947,4044,150.0
103.19931323917055,19.02672195952932,4045,349.86
102.44122497090208,18.82837394479573,4046,403.61
102.88319609068888,18.92970390884441,4047,210.0
102.90475565750776,19.094634595008756,4048,483.74
102.83711251661356,18.528426471428222,4049,424.27
102.90772009794536,18.74563910712832,4050,108.17
103.2507867049506,18.717611670263793,4051,192.09
102.81824789564705,18.441379720397038,4052,573.15
103.33891143432272,18.997077555153375,4053,0.0
102.94437136153743,18.894130623593277,4054,150.0
103.11091901521318,18.76854614687337,4055,442.95
103.00797208365309,18.51414325841072,4056,127.28
103.18341305864163,18.782559865305632,4057,258.07
102.51991738979096,18.85828784375691,4058,120.0
102.9441018669522,18.974440009993565,4059,152.97
103.07588471913253,19.035345786256865,4060,308.87
102.59699284116842,18.528695966013455,4061,90.0
102.41777894198657,18.64619560517629,4062,120.0
103.2079370658981,19.051515461371018,4063,108.17
103.12843616325353,19.051784955956254,4064,60.0
103.4033206401941,18.786871778669408,4065,60.0
102.31456251584123,18.71895914318997,4066,684.11
102.39783634267911,18.64242268098299,4067,108.17
102.76057605440657,18.852089468296484,4068,150.0
102.55602966421256,18.993035136374836,4069,582.5
102.46601847274378,19.03318982957498,4070,351.14
102.4293672091517,19.009474306074225,4071,150.0
102.70101775106946,18.437876290788974,4072,426.38
103.11280547730983,18.77690047901568,4073,335.41
102.27117388761826,18.776361489845208,4074,234.31
102.33881702851247,18.59418315022577,4075,247.39
102.77378128908313,18.67476203121129,4076,134.16
102.80800710140808,18.857209865415964,4077,618.47
102.68242262468817,18.631373402988316,4078,300.0
102.55872461006491,18.77770896277139,4079,134.16
102.74737081973002,18.54971654366185,4080,300.0
102.37223435708171,18.848855533273653,4081,180.0
102.68269211927341,18.854784414148842,4082,108.17
103.03761648802903,19.032650840404507,4083,782.31
102.22616829188387,18.428982969476188,4084,752.4
103.14837876256097,18.953419432345168,4085,551.55
102.25527370708934,18.960426291561298,4086,420.0
102.46251504313572,18.657514377756197,4087,480.0
102.23048020524764,18.404728456804964,4088,540.0
102.38004970005355,18.481803908182417,4089,90.0
103.06753038699021,18.42251509943053,4090,60.0
102.47033038610756,19.012169251926583,4091,189.74
103.0990612534628,18.799268529590258,4092,60.0
103.03411305842097,18.619246146652703,4093,150.0
103.34861323939121,18.77258856565191,4094,284.61
103.39900872683032,18.881194883501955,4095,30.0
102.81528345520945,18.66236528029044,4096,284.61
103.40089518892697,18.84077069571658,4097,270.0
102.54228544036553,18.857209865415964,4098,484.67
102.38678706468444,18.90383242866177,4099,30.0
103.29848724653735,18.738901742497426,4100,240.0
102.42640276871411,18.845352103665586,4101,524.79
102.83765150578402,18.561304810826996,4102,0.0
103.04246739056327,18.54944704907662,4103,42.43
103.00797208365309,18.967702645362667,4104,361.25
103.31357894331056,18.90949181495172,4105,169.71
102.32911522344396,18.568311670043126,4106,335.41
103.3327130588623,18.78202087613516,4107,67.08
102.49539338253449,19.027799937870263,4108,169.71
102.58756053068515,18.854784414148842,4109,42.43
103.1734417589879,18.695243619689215,4110,270.0
102.41697045823086,18.679073944575066,4111,301.5
103.04165890680757,18.821906074750068,4112,30.0
102.31348453750029,18.78471582198752,4113,335.41
103.44724825758753,18.71976762694568,4114,402.49
103.42029879906396,19.011091273585638,4115,161.56
103.02441125335248,18.540014738593364,4116,134.16
102.62609825637388,18.490966724080437,4117,108.17
102.28599608980623,18.47776148940388,4118,241.87
103.23973742695593,18.787141273254644,4119,480.94
102.52315132481378,18.644039648494402,4120,270.0
103.37987461127858,18.825948493528607,4121,308.87
102.41104157735568,18.6259835112836,4122,228.47
103.11792587442932,18.84912502785889,4123,536.66
102.32642027759161,19.086549757451678,4124,212.13
102.2962368840452,19.054479901808612,4125,150.0
102.6306796643229,18.585289828912988,4126,30.0
102.75410818436092,18.89008820481474,4127,742.77
102.79722731799865,18.987375750084883,4128,874.65
102.27198237137397,19.01055228441517,4129,402.49
102.6058861624812,18.52654000933157,4130,424.27
103.25105619953584,18.734859323718887,4131,210.0
102.9591935637254,18.768815641458605,4132,305.94
103.34591829353886,18.874727013456297,4133,510.0
102.45308273265246,18.80681437797686,4134,330.0
102.96323598250395,18.438145785374207,4135,295.47
103.05890656026267,19.0032759306138,4136,670.82
102.88346558527412,18.42170661567482,4137,436.81
102.82336829276653,19.037501742938755,4138,108.17
103.27746666888895,18.81139578592587,4139,466.69
103.30899753536154,18.91946311460545,4140,453.98
103.18341305864163,19.00731834939234,4141,323.11
103.44940421426942,19.05205445054149,4142,247.39
102.51668345476813,18.91137827704837,4143,90.0
102.50725114428487,19.08277683325838,4144,161.56
102.60912009750402,18.973901020823092,4145,271.66
103.18287406947117,18.897364558616108,4146,740.95
102.5180309276943,18.484768348620012,4147,510.88
103.32920962925424,19.093826111253048,4148,134.16
102.70991107238224,18.68823676047308,4149,30.0
103.24377984573447,19.079542898235548,4150,30.0
102.37115637874076,18.582864377645862,4151,523.93
103.1184648635998,18.952880443174696,4152,0.0
102.36792244371793,18.60199849319761,4153,90.0
103.25563760748484,18.720845605286623,4154,212.13
102.91661341925814,18.5869067964244,4155,276.59
103.34726576646503,18.725157518650395,4156,271.66
102.78159663205497,18.67071961243275,4157,216.33
102.53015818402991,18.740249215423603,4158,330.0
102.27090439303302,18.61116130909563,4159,394.59
102.92442876222998,19.098138024616823,4160,30.0
102.7163789424279,18.762347771412944,4161,540.0
103.2230287626713,18.442188204152746,4162,90.0
102.86540944806332,18.866911670484455,4163,30.0
103.29983471946352,18.807892356317804,4164,547.45
103.00312118111884,19.023757519091724,4165,67.08
103.1222377877931,18.84130968488705,4166,342.05
103.38418652464235,18.952880443174696,4167,468.62
102.9915329139537,18.670450117847516,4168,30.0
102.34151197436482,18.714916724411435,4169,342.05
102.52018688437619,19.078195425309367,4170,30.0
102.44553688426586,18.960695786146534,4171,161.56
102.23883453738996,18.93428531679342,4172,247.39
102.8449278595854,18.860443800438794,4173,90.0
102.795340855902,18.690123222569735,4174,563.65
102.58998598195228,18.944795605617617,4175,234.31
102.50401720926205,18.966355172436486,4176,123.69
102.24826684787321,18.572893077992138,4177,466.69
103.19203688536918,19.089514197889272,4178,323.11
102.98910746268658,18.97740445043116,4179,323.11
102.37304284083741,18.682307879597893,4180,150.0
103.12520222823069,18.786332789498935,4181,484.67
102.48757803956265,19.050976472200546,4182,30.0
102.88319609068888,18.466173222238737,4183,390.0
102.45658616226054,18.495009142858976,4184,240.0
102.23371414027048,18.632181886744025,4185,182.48
103.20901504423904,18.733242356207473,4186,270.0
102.65816811201695,18.68581130920596,4187,42.43
103.38849843800612,18.858557338342145,4188,420.0
102.33989500685341,18.710335316462423,4189,180.0
102.80558165014097,18.481803908182417,4190,90.0
102.22401233520199,18.794687121641246,4191,30.0
102.89047244449026,18.487732789057606,4192,134.16
103.06564392489356,18.59094921520294,4193,120.0
102.84007695705115,18.561304810826996,4194,152.97
103.32112479169716,18.409309864753972,4195,512.64
103.38203056796046,18.807892356317804,4196,30.0
102.20353074672406,18.958809324049884,4197,30.0
103.10040872638899,18.49797358329657,4198,150.0
103.10984103687224,18.723271056553745,4199,60.0
102.39945331019052,18.94210065976526,4200,134.16
102.82255980901083,18.815438204704407,4201,391.15
102.83145313032361,18.96824163453314,4202,212.13
102.21404103554826,18.745369612543087,4203,189.74
102.77728471869119,19.018367627387008,4204,371.08
102.66140204703979,18.623827554601714,4205,30.0
102.34690186606953,18.67152809618846,4206,442.95
103.12843616325353,18.97012809662979,4207,642.03
102.59321991697512,18.56426925126459,4208,90.0
102.44391991675444,18.991957158033895,4209,150.0
102.24206847241278,19.064720696047576,4210,536.66
102.52395980856949,18.93428531679342,4211,351.14
103.34915222856169,18.510639828802653,4212,30.0
102.52934970027421,19.07415300653083,4213,94.87
102.71961287745073,18.73539831288936,4214,0.0
103.29067190356551,18.821906074750068,4215,391.15
102.58783002527039,18.78336834906134,4216,30.0
102.47491179405657,18.77285806023714,4217,492.04
102.35525619821185,18.92269704962828,4218,150.0
103.25590710207008,19.091670154571162,4219,523.93
103.34457082061267,18.700903005979168,4220,60.0
103.35615908777781,18.941561670594787,4221,182.48
102.35687316572326,18.628947951721194,4222,189.74
102.86621793181904,18.48934975656902,4223,453.98
102.65062226363034,18.877960948479128,4224,174.93
102.31240655915934,18.606310406561384,4225,120.0
102.5180309276943,18.878769432234833,4226,90.0
103.38445601922758,18.804658421294974,4227,331.36
102.95488165036163,18.766659684776716,4228,201.25
103.42353273408678,18.835380804011862,4229,234.31
103.30711107326489,18.605501922805676,4230,123.69
102.78267461039592,18.703597951831526,4231,161.56
102.35094428484807,18.647812572687705,4232,152.97
102.93143562144611,18.520072139285908,4233,234.31
102.8306446465679,18.515760225922136,4234,984.08
102.30539969994321,18.72354055113898,4235,161.56
102.46709645108473,18.519533150115436,4236,228.47
102.75168273309379,18.55968784331558,4237,0.0
103.25482912372914,18.60442394446473,4238,169.71
102.82255980901083,18.757227374293464,4239,182.48
103.31277045955484,19.053401923467668,4240,60.0
103.31411793248103,18.773127554822377,4241,573.15
103.41949031530824,19.02995589455215,4242,67.08
102.40646016940666,19.075230984871773,4243,254.56
102.74871829265619,18.726774486161812,4244,1032.28
102.8201343577437,19.004353908954744,4245,276.59
102.98722100058993,19.059330804342856,4246,30.0
102.79587984507248,18.890896688570447,4247,366.2
102.94464085612266,18.43033044240237,4248,349.86
103.10391215599705,19.069302103996584,4249,120.0
103.26345295045668,19.061486761024746,4250,228.47
103.25509861831438,18.932129360111535,4251,488.37
102.8667569209895,18.45108152546553,4252,123.69
102.64792731777798,18.64242268098299,4253,408.05
102.39352442931533,19.007048854807103,4254,212.13
103.14056341958913,18.738901742497426,4255,480.0
103.32274175920857,18.916498674167855,4256,589.41
102.58459609024756,18.83915372820516,4257,342.05
102.98614302224898,18.41658621855534,4258,127.28
103.40601558604645,18.41847268065199,4259,649.0
103.23165258939885,18.451620514636,4260,30.0
103.07184230035399,18.848855533273653,4261,150.0
102.92200331096285,19.038040732109224,4262,30.0
103.41302244526258,18.710874305632895,4263,510.0
102.90502515209299,18.637302283863505,4264,335.41
102.65062226363034,18.56938964838407,4265,210.0
102.98506504390805,18.730008421184642,4266,127.28
103.07426775162111,18.58636780725393,4267,30.0
102.74952677641191,18.736206796645067,4268,323.11
103.22033381681895,18.43221690449902,4269,228.47
103.07965764332583,19.049359504689132,4270,488.37
103.05459464689889,19.091400659985926,4271,210.0
102.51668345476813,18.446769612101757,4272,301.5
102.48407460995459,19.01432520860847,4273,436.81
102.99692280565843,18.909222320366485,4274,30.0
102.5344700973937,18.907335858269835,4275,120.0
103.00419915945979,19.03453730250116,4276,764.86
102.34851883358095,18.945065100202854,4277,483.74
102.37061738957028,18.556723402877985,4278,276.59
102.58729103609991,18.705753908513415,4279,256.32
102.64172894231756,18.8041194321245,4280,30.0
102.95515114494687,19.035884775427338,4281,240.0
103.28447352810508,18.52330607430874,4282,94.87
102.56653995303675,18.855053908734078,4283,450.0
102.35067479026284,18.732433872451765,4284,300.0
102.55953309382063,18.82325354767625,4285,120.0
102.36603598162128,18.500399034563692,4286,318.91
103.37825764376716,18.461052825119257,4287,161.56
102.5247682923252,18.574240550918315,4288,192.09
102.41966540408322,18.612778276607045,4289,295.47
102.3210303858869,18.586637301839165,4290,174.93
103.00689410531214,19.080351381991253,4291,108.17
103.17856215610739,18.715994702752376,4292,607.46
103.24593580241635,18.441110225811805,4293,0.0
102.48703905039218,18.792800659544596,4294,60.0
102.89262840117215,18.40553694056067,4295,400.25
102.9915329139537,18.968511129118376,4296,563.65
102.3458238877286,18.457010406340718,4297,624.26
102.9629664879187,18.84454361990988,4298,234.31
102.93844248066225,19.04046618337635,4299,450.0
102.428558725396,18.543248673616194,4300,695.85
103.3755626979148,18.500938023734165,4301,182.48
102.57516377976431,18.47075463018775,4302,150.0
102.5398599890984,18.917576652508796,4303,480.0
102.77728471869119,18.879308421405305,4304,360.0
103.19122840161347,18.409579359339208,4305,540.84
102.49674085546067,18.855862392489787,4306,42.43
103.1966182933182,18.73135589411082,4307,241.87
102.47329482654516,18.612778276607045,4308,510.0
102.93278309437228,18.42251509943053,4309,108.17
102.9087980762863,18.993574125545308,4310,60.0
103.12250728237834,18.666946688239452,4311,379.48
102.76327100025894,19.092748132912103,4312,305.94
102.8554381484096,18.80681437797686,4313,161.56
102.62636775095912,18.668563655750866,4314,94.87
102.30216576492039,18.426827012794302,4315,335.41
103.30522461116824,18.930242898014882,4316,30.0
102.23640908612283,18.569120153798835,4317,254.56
102.36199356284274,18.69497412510398,4318,120.0
102.82768020613031,18.53947574942289,4319,30.0
103.28878544146886,18.947221056884743,4320,492.04
102.90718110877488,19.00408441436951,4321,0.0
102.69562785936473,19.090053187059745,4322,212.13
102.59429789531605,18.947760046055212,4323,134.16
103.42703616369485,19.063912212291868,4324,0.0
103.17236378064696,18.413082788947275,4325,466.69
103.03276558549479,19.056366363905262,4326,60.0
102.65358670406795,18.61358676036275,4327,30.0
103.04516233641564,18.669102644921338,4328,201.25
102.71071955613795,18.422245604845294,4329,30.0
103.05567262523984,18.861252284194503,4330,212.13
102.70101775106946,19.026182970358846,4331,351.14
102.94733580197503,18.443535677078927,4332,241.87
102.27764175766391,19.027530443285027,4333,330.0
103.15511612719187,19.03130336747833,4334,192.09
102.93520854563941,18.89601708568993,4335,660.68
102.86891287767139,19.01998459489842,4336,42.43
103.02980114505719,18.55645390829275,4337,120.0
102.62070836466917,18.88820174271809,4338,408.05
102.77378128908313,18.857209865415964,4339,323.11
103.43377352832574,19.017289649046063,4340,150.0
102.80719861765238,19.071727555263706,4341,318.91
102.42074338242416,19.065798674388517,4342,270.0
103.18368255322687,18.49662611037039,4343,324.5
103.13679049539583,18.485307337790484,4344,134.16
103.1553856217771,18.88469831311002,4345,94.87
103.0696863436721,18.884159323939553,4346,42.43
103.0869339971272,18.906527374514127,4347,212.13
103.23892894320022,18.895478096519458,4348,30.0
102.37088688415552,19.079542898235548,4349,276.59
102.63633905061285,18.86017430585356,4350,42.43
102.5150664872567,19.04289163464347,4351,42.43
103.01578742662493,19.04558658049583,4352,234.31
102.4142755123785,18.467790189750154,4353,295.47
103.40898002648404,18.965277194095545,4354,276.59
102.35579518738231,18.670450117847516,4355,914.39
102.5819011443952,18.402572500123075,4356,210.0
102.78833399668586,18.56022683248605,4357,445.98
102.2113460896959,18.877960948479128,4358,180.0
102.85678562133577,18.732433872451765,4359,192.09
102.77647623493549,18.857209865415964,4360,318.91
103.14137190334485,18.8431961469837,4361,127.28
102.23748706446378,18.825409504358134,4362,182.48
102.28896053024383,18.497434594126098,4363,42.43
103.06995583825734,19.049359504689132,4364,174.93
103.4259581853539,18.947760046055212,4365,349.86
103.08343056751913,18.721384594457096,4366,152.97
102.78240511581068,19.07145806067847,4367,540.0
102.98749049517517,18.879847410575778,4368,169.71
103.18422154239734,18.860443800438794,4369,323.11
103.40143417809745,18.79576509998219,4370,276.59
102.7209603503769,19.0528629342972,4371,351.14
103.00042623526649,18.88550679686573,4372,807.78
102.45443020557865,18.625714016698364,4373,60.0
102.21592749764491,18.797112572908368,4374,420.0
102.83091414115313,18.471024124772985,4375,60.0
103.04435385265994,18.957461851123703,4376,30.0
102.7877950075154,18.49797358329657,4377,84.85
103.17883165069263,18.612239287436573,4378,150.0
102.32318634256877,18.821367085579595,4379,513.52
102.89478435785404,18.882811851013372,4380,635.69
102.35013580109236,18.74294416127596,4381,90.0
102.57489428517907,18.869337121751578,4382,403.61
103.30360764365683,18.869606616336814,4383,258.07
102.35525619821185,18.507675388365058,4384,445.98
102.9478747911455,18.521150117626853,4385,676.83
103.03411305842097,18.496087121199917,4386,402.49
102.97455475508384,18.998425028079556,4387,42.43
102.64253742607328,19.092748132912103,4388,218.4
102.44418941133968,18.812473764266812,4389,174.93
102.53959049451318,18.911647771633607,4390,450.0
102.77512876200932,18.967972139947904,4391,730.55
102.64092045856185,18.829990912307142,4392,349.86
103.31869934043003,18.71518621899667,4393,120.0
102.32372533173925,18.977134955845923,4394,189.74
102.5840571010771,18.93374632762295,4395,30.0
103.14999573007239,18.56615571336124,4396,256.32
102.7840220833221,18.5440571573719,4397,60.0
102.9486832749012,18.509292355876475,4398,120.0
102.74764031431525,18.720037121530915,4399,569.21
102.87026035059758,18.43410336659567,4400,684.77
103.23542551359216,18.813821237192993,4401,134.16
103.22868814896125,18.96878062370361,4402,120.0
102.42909771456647,18.436528817862794,4403,169.71
103.24970872660965,18.567772680872654,4404,295.47
103.20173869043768,18.83915372820516,4405,210.0
103.12331576613404,18.763156255168653,4406,342.05
103.3839170300571,18.60927484699898,4407,349.86
102.99314988146511,18.77366654399285,4408,123.69
102.65978507952836,18.737015280400772,4409,150.0
102.74710132514478,18.47776148940388,4410,442.95
102.35444771445614,18.96231275365795,4411,647.61
102.5306971732004,18.84912502785889,4412,0.0
103.0688778599164,18.792800659544596,4413,30.0
102.88831648780837,18.718689648604734,4414,161.56
103.03114861798338,18.590410226032468,4415,42.43
102.30324374326133,19.022679540750783,4416,127.28
102.28491811146529,18.538397771081947,4417,510.0
102.88184861776271,18.626253005868836,4418,300.0
102.46682695649949,19.048551020933424,4419,366.2
103.06483544113786,18.780673403208983,4420,161.56
103.08235258917819,18.666677193654216,4421,436.81
102.9869515060047,18.920810587531626,4422,551.55
103.362087968653,18.98656726632918,4423,313.21
102.96431396084488,18.54971654366185,4424,90.0
102.86891287767139,19.00731834939234,4425,0.0
102.26066359879407,18.923505533383985,4426,360.0
103.35130818524357,18.962582248243187,4427,150.0
103.18718598283493,18.628139467965486,4428,134.16
102.83387858159072,19.087627735792623,4429,445.98
102.44877081928868,18.827026471869548,4430,480.94
102.34986630650712,19.01567268153465,4431,615.55
102.58217063898044,18.45674091175548,4432,342.05
102.94329338319649,18.438145785374207,4433,60.0
102.3579511440642,18.511178817973125,4434,30.0
102.47760673990892,18.97740445043116,4435,60.0
102.9554206395321,18.55699289746322,4436,84.85
103.16697388894225,18.986028277158706,4437,540.84
103.42622767993915,19.043430623813943,4438,483.74
102.78132713746973,18.704136941001998,4439,284.61
103.44455331173518,19.021871056995074,4440,391.15
102.37978020546831,18.746717085469264,4441,30.0
102.32049139671642,18.806544883391624,4442,42.43
102.37061738957028,19.082507338673143,4443,161.56
103.36100999031207,18.889010226473797,4444,241.87
103.1297836361797,18.831338385233323,4445,152.97
102.38975150512204,18.79064470286271,4446,402.49
102.59941829243553,19.029686399966913,4447,424.27
102.94814428573073,18.920271598361158,4448,182.48
102.20730367091737,19.010282789829933,4449,0.0
102.36064608991657,19.017828638216535,4450,30.0
102.39541089141198,18.8537064358079,4451,150.0
102.91203201130912,18.77366654399285,4452,300.0
102.63418309393096,18.537858781911474,4453,60.0
102.44634536802157,18.855323403319314,4454,210.0
103.13652100081059,19.055557880149557,4455,349.86
102.54767533207026,19.08978369247451,4456,589.41
102.70101775106946,18.891166183155683,4457,323.11
102.52503778691043,18.97740445043116,4458,300.0
102.94517984529314,19.05205445054149,4459,123.69
103.26722587464998,18.455123944244068,4460,408.05
102.32291684798355,19.088705714133567,4461,30.0
102.28330114395388,19.07550047945701,4462,436.81
103.21898634389277,18.618707157482234,4463,700.36
102.29030800317001,18.70063351139393,4464,0.0
102.47248634278945,18.468329178920623,4465,60.0
102.26901793093637,18.6364938001078,4466,42.43
102.60157424911742,18.782559865305632,4467,330.0
102.46952190235186,18.698747049297282,4468,492.04
103.0125534916021,18.90895282578125,4469,212.13
102.7630015056737,18.58771528018011,4470,268.33
103.35993201197113,18.446769612101757,4471,127.28
103.26183598294527,18.428713474890955,4472,84.85
103.40197316726791,18.77285806023714,4473,453.98
102.83172262490883,18.723271056553745,4474,512.64
103.23704248110357,18.569659142969307,4475,509.12
102.59537587365699,18.988723223011064,4476,30.0
102.79507136131677,18.881194883501955,4477,150.0
103.36478291450537,18.734320334548414,4478,496.59
102.48703905039218,18.832416363574268,4479,210.0
102.6104675704302,18.731086399525584,4480,256.32
102.99557533273224,18.701711489734876,4481,381.84
103.44778724675801,19.04882051551866,4482,30.0
103.34484031519791,18.60523242822044,4483,30.0
103.1260107119864,18.87634398096771,4484,241.87
102.38759554844015,18.95503639985658,4485,342.05
103.28150908766749,18.60388495529426,4486,150.0
102.36819193830317,18.861791273364975,4487,30.0
103.10067822097423,18.73027791576988,4488,670.82
103.29498381692927,19.022949035336016,4489,192.09
103.2499782211949,18.985219793402997,4490,256.32
102.73605204715011,18.40365047846402,4491,84.85
102.80234771511813,18.98818423384059,4492,450.0
102.99853977316984,19.02537448660314,4493,60.0
102.31779645086407,18.907874847440308,4494,30.0
102.32830673968826,18.89332213983757,4495,271.66
102.78456107249256,18.76261726599818,4496,247.39
102.45443020557865,18.945604089373326,4497,0.0
102.84384988124445,18.906527374514127,4498,524.79
102.98021414137379,18.42251509943053,4499,60.0
103.3461877881241,19.00839632773328,4500,42.43
102.3331576422225,18.704945424757707,4501,189.74
102.61909139715775,19.056366363905262,4502,84.85
102.23964302114567,18.78471582198752,4503,152.97
103.17883165069263,19.003006436028564,4504,150.0
103.18233508030069,18.998425028079556,4505,60.0
103.0448928418304,18.565616724190768,4506,180.0
103.33433002637372,18.749142536736386,4507,308.87
102.26551450132831,18.818402645142,4508,469.58
103.0163264157954,18.942909143520968,4509,67.08
102.76812190279318,18.908683331196013,4510,174.93
102.65709013367601,19.003814919784272,4511,458.91
102.53689554866081,18.956114378197526,4512,429.54
103.08100511625202,18.668833150336102,4513,453.98
102.25096179372557,18.926739468406815,4514,60.0
102.6676004225002,18.95773134570894,4515,318.91
102.39217695638916,18.75291546092969,4516,150.0
102.60130475453218,18.510100839632184,4517,569.21
103.07238128952446,19.03911871045017,4518,453.98
103.42002930447872,18.820019612653418,4519,30.0
102.45550818391959,18.847777554932712,4520,30.0
103.4499432034399,19.00138946851715,4521,270.0
102.71557045867219,18.621132608749356,4522,161.56
103.31088399745819,19.04046618337635,4523,30.0
103.2305746110579,18.741596688349784,4524,180.0
103.17748417776644,18.50390246417176,4525,600.75
103.03519103676192,18.506866904609353,4526,212.13
103.27045980967281,18.95692286195323,4527,30.0
102.93466955646893,18.479917446085768,4528,0.0
103.42730565828009,19.03777123752399,4529,751.8
102.40726865316236,18.76773766311766,4530,218.4
103.00177370819267,18.885776291450966,4531,745.19
103.39173237302896,18.68473333086502,4532,318.91
103.39550529722226,18.775822500674735,4533,403.61
102.39082948346298,19.026991454114555,4534,30.0
103.14676179504956,18.485037843205248,4535,436.81
103.21009302257998,18.816785677630588,4536,134.16
102.23209717275905,18.58960174227676,4537,216.33
102.73928598217294,19.06633766355899,4538,360.0
103.40170367268267,18.445691633760813,4539,247.39
102.55360421294544,18.88739325896238,4540,624.26
103.29228887107692,18.99546058764196,4541,513.52
102.86406197513715,19.041005172546818,4542,108.17
102.46143706479478,18.854514919563606,4543,90.0
102.22428182978722,19.02860842162597,4544,324.5
103.2793531309856,18.91946311460545,4545,445.98
102.95892406914017,18.987106255499647,4546,247.39
102.7562641410428,18.933207338452476,4547,216.33
102.481110169517,19.025643981188377,4548,240.0
103.32786215632805,18.862599757120684,4549,134.16
102.91742190301385,18.64350065932393,4550,60.0
102.42424681203222,18.822984053091012,4551,0.0
103.29309735483263,18.589062753106287,4552,408.05
102.20703417633213,19.099485497543,4553,90.0
102.86999085601234,18.87391852970059,4554,67.08
103.39550529722226,18.892244161496627,4555,192.09
102.42694175788459,18.503363475001287,4556,84.85
102.81393598228327,18.44838657961317,4557,123.69
102.73605204715011,19.090053187059745,4558,150.0
102.96862587420866,18.64296167015346,4559,60.0
102.86190601845526,18.62086311416412,4560,60.0
102.54659735372931,18.921080082116863,4561,483.74
102.40565168565095,18.976056977504978,4562,84.85
102.46790493484043,18.75857484721964,4563,432.67
102.97778869010668,19.009474306074225,4564,381.84
102.5104850793077,18.56615571336124,4565,161.56
103.28932443063933,18.922966544213516,4566,573.15
102.87376378020564,18.82244506392054,4567,450.0
103.35049970148786,18.428982969476188,4568,127.28
102.681075151762,18.46913766267633,4569,210.0
103.31681287833338,18.85424542497837,4570,375.9
103.3079195570206,18.81786365597153,4571,84.85
102.99719230024365,18.895478096519458,4572,94.87
103.41868183155253,18.60388495529426,4573,90.0
102.83926847329545,18.814360226363466,4574,123.69
103.14676179504956,19.06310372853616,4575,90.0
102.8697213614271,18.647004088931997,4576,366.2
103.10660710184942,18.94344813269144,4577,384.19
102.90233020624063,18.962582248243187,4578,30.0
102.22670728105435,18.98252484755064,4579,271.66
103.10445114516753,18.46078333053402,4580,84.85
102.35148327401855,18.73728477498601,4581,108.17
102.64927479070417,18.69308766300733,4582,436.81
102.7848305670778,18.735667807474595,4583,276.59
103.2974092681964,19.021062573239366,4584,241.87
102.50051377965397,18.55887935955987,4585,210.0
102.68053616259152,18.41469975645869,4586,60.0
102.67137334669351,18.557262392048457,4587,90.0
103.19203688536918,19.07603946862748,4588,335.41
103.00096522443695,18.47910896233006,4589,360.0
103.16751287811272,18.740249215423603,4590,189.74
102.33827803934199,18.73054741035511,4591,530.76
102.69832280521709,18.438954269129916,4592,210.0
102.83980746246591,18.470215641017276,4593,84.85
103.16212298640801,19.011899757341347,4594,642.03
103.06106251694456,18.90437141783224,4595,360.0
103.04354536890422,18.982255352965403,4596,60.0
102.79830529633959,18.605501922805676,4597,254.56
102.55980258840586,18.501477012904633,4598,458.91
102.31429302125599,18.648351561858178,4599,216.33
102.98479554932281,18.774744522333794,4600,283.02
102.4579336351867,18.416855713140578,4601,216.33
102.91472695716149,18.76585120102101,4602,218.4
102.98156161429998,18.63838026220445,4603,30.0
102.84950926753442,19.008665822318516,4604,371.08
102.28869103565859,18.573701561747846,4605,60.0
103.03950295012568,19.0671461473147,4606,258.07
102.83495655993167,18.86017430585356,4607,426.38
102.94437136153743,18.50309398041605,4608,60.0
102.4789542128351,18.687428276717377,4609,67.08
102.75114374392332,18.54136221151954,4610,0.0
102.54713634289978,18.683655352524074,4611,150.0
102.6314881480786,18.565347229605532,4612,150.0
102.57839771478713,18.509292355876475,4613,360.0
103.3499607123174,19.018637121972244,4614,94.87
103.11091901521318,19.09301762749734,4615,516.14
103.0621404952855,18.691470695495912,4616,192.09
103.36478291450537,19.08385481159932,4617,780.0
102.95649861787304,18.974440009993565,4618,42.43
103.06160150611503,18.428982969476188,4619,351.14
103.28797695771314,18.71788116484903,4620,90.0
102.41697045823086,19.03723224835352,4621,90.0
102.88858598239361,19.09113116540069,4622,420.0
102.7869865237597,18.860443800438794,4623,349.86
102.9449103507079,18.66748567740992,4624,152.97
102.52369031398426,18.513873763825483,4625,458.91
103.05486414148413,18.75803585804917,4626,201.25
102.49943580131303,18.869067627166345,4627,134.16
103.17101630772079,18.89466961276375,4628,553.18
102.76542695694081,18.912725749974552,4629,30.0
102.25581269625981,18.762886760583417,4630,123.69
102.47545078322705,18.976056977504978,4631,180.0
103.3184298458448,19.000850479346678,4632,483.74
102.20056630628646,18.528426471428222,4633,637.81
103.44805674134325,19.079003909065076,4634,258.07
102.49054248000024,18.819750118068182,4635,216.33
102.69886179438757,18.916498674167855,4636,502.89
102.99584482731748,18.80358044295403,4637,360.0
103.33001811300994,18.975517988334506,4638,42.43
103.23434753525122,19.02079307865413,4639,240.0
103.05755908733649,18.526001020161097,4640,510.88
102.78833399668586,18.517646688018786,4641,90.0
103.01417045911352,18.40365047846402,4642,150.0
103.07561522454729,18.727043980747048,4643,523.93
103.3499607123174,19.059600298928093,4644,30.0
102.61208453794161,18.683655352524074,4645,30.0
102.97994464678857,18.487193799887134,4646,30.0
103.14622280587909,18.9070663636846,4647,445.98
102.22239536769057,18.41712520772581,4648,375.9
102.23290565651477,18.58636780725393,4649,42.43
103.41733435862636,18.830529901477615,4650,174.93
103.11630890691791,18.775553006089503,4651,547.45
102.62933219139671,19.028338927040735,4652,150.0
102.91742190301385,19.08466329535503,4653,30.0
103.42380222867202,18.5793609480378,4654,300.0
102.20137479004218,18.497434594126098,4655,391.15
103.00392966487455,19.068493620240876,4656,84.85
102.44391991675444,18.409848853924444,4657,108.17
102.97482424966908,18.869606616336814,4658,90.0
102.38840403219585,18.77609199525997,4659,192.09
102.37654627044547,18.812473764266812,4660,180.0
102.24476341826515,18.86987611092205,4661,150.0
103.19203688536918,18.417394702311046,4662,201.25
102.88966396073455,18.892513656081864,4663,180.0
102.49593237170497,18.658861850682374,4664,67.08
103.08154410542248,18.62490553294266,4665,150.0
102.5773197364462,18.66047881819379,4666,30.0
102.96620042294154,18.898442536957052,4667,30.0
103.14972623548715,18.691470695495912,4668,182.48
103.26830385299093,19.016750659875594,4669,42.43
103.01309248077257,18.94263964893573,4670,60.0
102.9238897730595,18.810317807584926,4671,84.85
102.84600583792634,18.9641992157546,4672,0.0
102.24206847241278,18.88820174271809,4673,421.07
102.71557045867219,19.00138946851715,4674,201.25
102.75195222767903,18.433025388254727,4675,400.25
103.01794338330681,18.850741995370306,4676,606.72
102.93440006188371,18.565886218776004,4677,403.61
102.69212442975667,18.916498674167855,4678,212.13
102.61127605418591,18.625714016698364,4679,169.71
103.29174988190645,18.448117085027935,4680,182.48
102.21350204637778,18.64350065932393,4681,120.0
102.26497551215783,18.57774398052638,4682,0.0
103.41356143443305,18.99411311471578,4683,324.5
102.68134464634723,18.519802644700672,4684,120.0
102.24152948324232,18.462939287215907,4685,283.02
102.95784609079922,18.60711889031709,4686,42.43
103.25698508041103,18.582864377645862,4687,247.39
103.17209428606174,18.447308601272226,4688,270.0
103.43107858247339,18.974709504578797,4689,384.19
102.51371901433053,18.757766363463933,4690,30.0
102.96323598250395,18.549986038247088,4691,210.0
102.30054879740896,18.8356502985971,4692,241.87
102.31671847252312,18.806275388806387,4693,256.32
102.22428182978722,18.542979179030958,4694,254.56
102.77701522410597,18.544865641127608,4695,390.0
103.30711107326489,18.455123944244068,4696,276.59
103.30926702994678,18.93617177889007,4697,502.89
103.10768508019036,18.49473964827374,4698,210.0
102.94760529656025,19.008665822318516,4699,589.41
102.6172049350611,18.880116905161014,4700,603.0
102.6592460903579,19.091400659985926,4701,254.56
103.02818417754578,18.923236038798752,4702,569.21
103.41356143443305,18.716533691922848,4703,60.0
102.5600720829911,18.90625787992889,4704,210.0
102.21296305720732,18.783907338231813,4705,30.0
102.27252136054445,18.45431546048836,4706,313.21
102.9591935637254,18.53112141728058,4707,120.0
103.052438690217,18.517646688018786,4708,547.45
102.56627045845153,18.659400839852847,4709,212.13
102.78078814829927,18.992496147204367,4710,371.08
102.35498670362661,18.430060947817132,4711,84.85
103.24512731866065,18.654549937318603,4712,513.52
103.07211179493923,18.632720875914497,4713,94.87
103.18556901532352,18.583942355986807,4714,510.0
103.29606179527022,18.617090189970817,4715,234.31
102.29785385155661,18.831877374403795,4716,120.0
102.63795601812426,18.73216437786653,4717,300.0
102.69724482687614,18.88550679686573,4718,60.0
102.54632785914407,18.908144342025544,4719,797.12
102.21754446515632,19.045856075081065,4720,216.33
102.50617316594392,19.006240371051394,4721,120.0
103.0276451883753,18.962582248243187,4722,600.0
102.33800854475675,18.52195860138256,4723,735.46
102.39029049429251,18.454584955073596,4724,276.59
103.00500764321549,18.95584488361229,4725,247.39
103.1831435640564,18.96743315077743,4726,247.39
102.39460240765628,18.76908513604384,4727,318.91
103.06321847362645,18.79441762705601,4728,426.38
102.90071323872922,19.050437483030073,4729,42.43
102.45362172182294,18.490427734909964,4730,150.0
103.23165258939885,18.794956616226482,4731,234.31
102.22805475398053,18.793878637885538,4732,271.66
102.55225674001926,18.802502464613088,4733,510.0
102.35552569279709,18.67341455828511,4734,713.1
103.21521341969947,18.81516871011917,4735,256.32
102.60103525994695,18.5936441610553,4736,318.91
102.71610944784265,18.580977915549212,4737,30.0
103.27908363640036,18.904640912417477,4738,536.66
102.48784753414789,18.470485135602512,4739,390.0
103.06133201152979,18.461052825119257,4740,361.25
103.13032262535017,18.8356502985971,4741,276.59
102.62609825637388,18.498243077881806,4742,152.97
103.1680518672832,18.604154449879495,4743,120.0
102.81447497145375,19.04693405342201,4744,180.0
102.92442876222998,18.585559323498224,4745,108.17
102.59510637907177,19.094904089593992,4746,0.0
102.56707894220723,18.825409504358134,4747,469.58
102.54201594578029,18.84130968488705,4748,492.04
102.28734356273242,18.742135677520256,4749,60.0
102.39514139682676,19.056366363905262,4750,424.27
102.80935457433426,18.731894883281292,4751,364.97
102.98129211971474,19.035345786256865,4752,547.45
103.12412424988975,18.526270514746333,4753,600.0
102.6352610722719,18.442188204152746,4754,189.74
103.13652100081059,18.85047250078507,4755,591.7
102.28518760605053,18.95503639985658,4756,523.93
103.29633128985546,18.42628802362383,4757,42.43
103.32651468340187,18.62921744630643,4758,42.43
103.17478923191409,19.087627735792623,4759,300.0
102.49539338253449,18.92862593050347,4760,67.08
102.74898778724143,19.075769974042245,4761,324.5
102.47356432113038,18.902484955735588,4762,150.0
103.20443363629003,18.602806976953318,4763,530.76
102.7743202782536,18.96931961287408,4764,785.18
102.38247515132066,18.452698492976946,4765,0.0
103.05432515231367,18.699825027638227,4766,84.85
102.63202713724907,18.728930442843698,4767,228.47
102.97994464678857,18.901406977394647,4768,134.16
102.90340818458158,18.79333964871507,4769,450.0
102.29974031365326,18.700094522223463,4770,192.09
102.53878201075747,18.536780803570533,4771,335.41
103.39469681346655,18.579091453452563,4772,331.36
103.11253598272461,18.558340370389402,4773,468.62
102.45362172182294,18.687428276717377,4774,276.59
102.80639013389667,19.086819252036914,4775,642.03
102.25958562045312,18.97336203165262,4776,30.0
102.95973255289587,18.567772680872654,4777,108.17
102.41292803945232,18.793070154129833,4778,241.87
102.88562154195601,18.586098312668693,4779,216.33
102.72230782330308,18.965277194095545,4780,90.0
102.25257876123699,18.922158060457807,4781,182.48
103.25887154250768,18.62409704918695,4782,330.0
102.71745692076884,18.70467593017247,4783,150.0
102.34690186606953,19.012169251926583,4784,429.54
103.10714609101989,18.495009142858976,4785,150.0
102.68269211927341,18.968511129118376,4786,228.47
102.23964302114567,18.547830081565202,4787,402.49
103.26992082050235,18.76854614687337,4788,750.0
102.21565800305967,18.45350697673265,4789,60.0
103.42326323950155,18.433294882839963,4790,268.33
103.00069572985173,18.561843799997465,4791,256.32
103.29606179527022,18.932129360111535,4792,360.0
103.01228399701687,18.773397049407613,4793,67.08
102.57974518771331,18.902484955735588,4794,152.97
102.98021414137379,19.02726094869979,4795,335.41
103.24728327534254,18.889279721059033,4796,150.0
102.35175276860379,18.573162572577374,4797,192.09
102.88211811234795,18.462400298045434,4798,499.3
102.67029536835257,18.549986038247088,4799,123.69
103.24189338363782,18.40607592973114,4800,174.93
102.42667226329935,19.017828638216535,4801,120.0
103.44401432256471,18.67071961243275,4802,150.0
103.32759266174281,18.559148854145107,4803,169.71
102.31429302125599,18.818672139727237,4804,241.87
103.39173237302896,19.001119973931914,4805,589.41
102.95784609079922,18.442188204152746,4806,216.33
102.45146576514105,18.889010226473797,4807,67.08
102.4428419384135,18.64161419722728,4808,0.0
102.72365529622927,18.79899903500502,4809,201.25
103.12870565783875,18.65805336692667,4810,469.58
103.25671558582579,18.936441273475307,4811,403.61
102.28033670351628,19.02672195952932,4812,276.59
102.88211811234795,18.87203206760394,4813,240.0
103.38256955713094,18.493122680762323,4814,666.11
103.08423905127484,19.027799937870263,4815,218.4
102.72042136120643,18.765581706435775,4816,90.0
102.66813941167068,19.072536039019415,4817,240.0
102.9494917586569,18.92377502796922,4818,108.17
102.52665475442186,18.45943585760784,4819,90.0
102.29596738945996,18.74294416127596,4820,402.49
103.24809175909824,19.06633766355899,4821,182.48
102.38894302136633,18.572354088821665,4822,0.0
102.5743552960086,19.0032759306138,4823,618.47
102.46359302147667,18.70225047890535,4824,268.33
102.21484951930397,18.570467626725016,4825,458.91
103.1974267770739,18.656436399415252,4826,169.71
102.96054103665158,18.6831163633536,4827,210.0
102.54336341870648,18.403380983878783,4828,0.0
103.43781594710428,18.670989107017988,4829,120.0
102.38517009717303,19.095982067934933,4830,540.0
103.08316107293389,18.960426291561298,4831,313.21
103.41356143443305,18.688775749643554,4832,268.33
102.37196486249647,19.07738694155366,4833,67.08
103.36424392533489,18.779056435697566,4834,550.73
103.04731829309753,18.95961780780559,4835,90.0
102.40619067482143,18.699286038467754,4836,30.0
102.76785240820794,18.88550679686573,4837,283.02
103.38634248132423,18.457279900925954,4838,295.47
103.22087280598942,18.547830081565202,4839,0.0
102.21458002471873,18.59014073144723,4840,120.0
103.17290276981744,18.504441453342228,4841,313.21
102.67595475464252,18.712221778559076,4842,789.18
102.6646359820626,18.75210697717398,4843,60.0
103.39146287844372,18.502016002075106,4844,94.87
102.66274951996596,18.412543799776802,4845,42.43
103.24890024285395,18.997077555153375,4846,301.5
103.41706486404112,18.41281329436204,4847,90.0
103.36424392533489,18.9536889269304,4848,330.0
103.1184648635998,18.593105171884826,4849,174.93
103.05944554943314,18.70979632729195,4850,339.41
103.33136558593613,19.090053187059745,4851,254.56
102.52961919485945,18.694435135933507,4852,42.43
103.24916973743919,18.591488204373412,4853,636.4
102.88885547697885,18.92188856587257,4854,192.09
102.84897027836394,18.441110225811805,4855,295.47
102.4646709998176,18.81597719387488,4856,241.87
102.33639157724534,19.093287122082575,4857,764.86
103.08504753503054,19.093287122082575,4858,180.0
102.86190601845526,18.40688441348685,4859,42.43
102.77917118078786,19.055827374734793,4860,432.67
102.65735962826125,18.487732789057606,4861,240.0
102.32965421261444,18.818672139727237,4862,108.17
102.8155529497947,18.64942954019912,4863,120.0
102.96404446625965,18.62409704918695,4864,212.13
103.42029879906396,19.050976472200546,4865,216.33
102.4390690142202,18.914881706656438,4866,152.97
102.8629839967962,19.050437483030073,4867,647.61
102.93170511603134,18.844274125324645,4868,152.97
103.05216919563178,18.674492536626055,4869,488.37
103.2709987988433,18.809778818414454,4870,182.48
102.8465448270968,19.085741273695973,4871,127.28
102.23398363485572,18.418742175237227,4872,30.0
103.24539681324588,18.903293439491296,4873,499.3
103.25994952084862,18.532468890206758,4874,603.0
102.61019807584496,18.442996687908455,4875,420.0
102.51830042227954,18.747525569224972,4876,84.85
103.37421522498862,19.06822412565564,4877,660.0
102.26470601757259,18.406345424316378,4878,429.54
102.3991838156053,18.920810587531626,4879,150.0
102.43367912251549,18.64889055102865,4880,161.56
103.23246107315455,18.967972139947904,4881,161.56
102.98021414137379,18.583942355986807,4882,660.68
102.86325349138144,18.405267445975433,4883,42.43
103.00797208365309,18.70737087602483,4884,42.43
102.933591578128,18.77690047901568,4885,216.33
103.19877425000008,18.69820806012681,4886,339.41
103.3823000625457,18.443805171664163,4887,284.61
102.23344464568524,18.495278637444212,4888,90.0
102.59402840073082,18.50066852914893,4889,120.0
103.35211666899929,18.60011203110096,4890,330.0
102.64226793148804,18.514412752995955,4891,108.17
102.80126973677719,18.740788204594075,4892,240.0
102.25284825582222,19.029686399966913,4893,0.0
102.28869103565859,18.576396507600204,4894,212.13
102.76246251650322,18.90895282578125,4895,241.87
103.37717966542621,18.648351561858178,4896,60.0
102.48515258829553,19.051245966785782,4897,84.85
102.27117388761826,18.934015822208185,4898,60.0
102.399992299361,19.071727555263706,4899,189.74
102.38463110800255,18.818672139727237,4900,402.49
103.32328074837905,18.71707268109332,4901,240.0
103.02144681291489,18.532738384791994,4902,192.09
102.39702785892341,18.83160787981856,4903,0.0
103.1801791236188,18.64754307810247,4904,90.0
102.95110872616833,18.569120153798835,4905,426.38
102.85085674046059,18.79576509998219,4906,711.2
102.7961493396577,18.471563113943454,4907,318.91
102.79022045878251,18.40095553261166,4908,30.0
102.80773760682285,18.513065280069778,4909,150.0
102.26201107172024,18.980368890868753,4910,241.87
102.2331751511,19.06310372853616,4911,270.0
102.65008327445987,18.622480081675533,4912,240.0
102.86055854552907,18.897634053201344,4913,108.17
103.07022533284257,19.02402701367696,4914,270.0
103.30549410575348,18.67476203121129,4915,466.69
102.80935457433426,18.472641092284398,4916,0.0
103.42407172325726,19.0566358584905,4917,391.15
102.99234139770941,18.627600478795017,4918,323.11
102.40565168565095,18.52061112845638,4919,361.25
103.35400313109594,18.863138746291153,4920,189.74
103.39766125390415,19.042622140058235,4921,189.74
103.2793531309856,18.401225027196897,4922,120.0
103.43673796876334,18.40176401636737,4923,0.0
102.8365735274431,18.57774398052638,4924,234.31
102.86136702928479,18.739440731667898,4925,513.52
103.10741558560512,19.054210407223376,4926,42.43
102.4743728048861,18.77609199525997,4927,218.4
102.77243381615695,18.628139467965486,4928,161.56
103.14352786002672,18.514951742166428,4929,123.69
102.24880583704369,18.87311004594488,4930,84.85
103.02063832915918,18.915690190412146,4931,90.0
102.80935457433426,18.593105171884826,4932,212.13
102.85867208343242,18.60334596612379,4933,90.0
102.90448616292252,18.90760535285507,4934,30.0
102.9209253326219,18.711682789388604,4935,408.05
102.43475710085643,18.667755171995157,4936,483.74
102.78348309415162,18.49393116451803,4937,390.0
103.14083291417437,18.86664217589922,4938,300.0
103.36720836577248,18.545674124883316,4939,394.59
102.70748562111511,18.45566293341454,4940,30.0
102.95784609079922,18.502285496660342,4941,228.47
102.52369031398426,18.687697771302613,4942,174.93
102.92820168642328,18.4478475904427,4943,30.0
103.34672677729456,18.737015280400772,4944,474.34
102.61882190257252,18.423054088601,4945,228.47
103.0974442859514,18.784985316572754,4946,0.0
102.49889681214256,19.08843621954833,4947,685.42
103.26453092879763,18.566694702531713,4948,240.0
103.15053471924286,18.88685426979191,4949,530.76
103.02575872627865,19.052323945126727,4950,390.0
103.08908995380908,18.42844398030572,4951,30.0
103.2335390514955,19.032920334989743,4952,0.0
102.26389753381689,18.583133872231098,4953,150.0
103.32624518881664,18.83295535274474,4954,60.0
103.04085042305186,18.790375208277474,4955,180.0
103.17128580230602,18.947490551469976,4956,241.87
103.2747717230366,18.462130803460198,4957,366.2
103.35508110943688,18.552141994928977,4958,323.11
103.42649717452437,18.43491185035138,4959,342.05
102.65709013367601,18.735128818304123,4960,212.13
102.21161558428113,18.85235896288172,4961,296.99
102.9201168488662,18.481803908182417,4962,339.41
102.46278453772095,18.473449576040107,4963,67.08
102.56977388805959,18.794148132470774,4964,426.38
102.89667081995069,18.657514377756197,4965,67.08
102.61989988091347,18.70467593017247,4966,201.25
103.3995477160008,18.774744522333794,4967,335.41
102.27252136054445,18.92862593050347,4968,391.15
102.73551305797965,19.080890371161725,4969,536.66
102.50482569301775,19.015403186949413,4970,308.87
102.68835150556336,18.945604089373326,4971,600.75
102.91203201130912,18.81786365597153,4972,442.95
102.74467587387765,18.44838657961317,4973,591.7
102.88993345531979,18.803310948368793,4974,483.74
102.83307009783502,18.719228637775206,4975,349.86
102.28896053024383,18.87445751887106,4976,509.12
103.21709988179612,18.932668349282004,4977,606.72
102.83872948412497,18.97255354789691,4978,30.0
102.36765294913269,19.079812392820784,4979,67.08
102.92874067559374,18.92700896299205,4980,300.0
102.95003074782738,18.44326618249369,4981,509.12
102.7179959099393,18.70979632729195,4982,577.06
103.35103869065834,18.773397049407613,4983,402.49
103.23623399734787,18.79846004583455,4984,212.13
102.55144825626355,18.54136221151954,4985,0.0
102.78132713746973,19.04289163464347,4986,30.0
102.3277677505178,18.433025388254727,4987,240.0
103.23812045944452,18.399877554270716,4988,0.0
103.1486482571462,18.496356615785153,4989,323.11
102.98749049517517,18.435181344936613,4990,582.5
102.44311143299873,18.505519431683172,4991,560.45
103.28070060391178,18.768007157702897,4992,492.04
102.7638099894294,18.547021597809493,4993,30.0
102.2210478947644,19.088975208718804,4994,366.2
102.37250385166695,18.61816816831176,4995,426.38
102.70290421316611,18.909222320366485,4996,60.0
103.02441125335248,18.50578892626841,4997,30.0
102.5840571010771,18.791992175788888,4998,390.0
102.74548435763337,18.469676651846804,4999,283.02
103.10067822097423,18.917307157923563,5000,424.27
103.36424392533489,18.842387663227992,5001,42.43
102.7562641410428,18.998964017250024,5002,465.73
103.43080908788815,18.49339217534756,5003,180.0
103.36154897948254,18.753993439270634,5004,30.0
102.67406829254587,18.73458982913365,5005,324.5
102.9419459102703,18.551603005758505,5006,276.59
102.86487045889285,19.04747304259248,5007,305.94
103.02710619920484,18.974978999164033,5008,30.0
102.22077840017916,18.65805336692667,5009,308.87
103.15646360011804,18.80600589422115,5010,67.08
102.962158004163,18.592296688129117,5011,42.43
102.88211811234795,18.797921056664077,5012,60.0
102.79749681258389,19.10083297046918,5013,258.07
102.39594988058246,18.57720499135591,5014,284.61
102.48730854497742,18.814360226363466,5015,300.0
103.41221396150688,18.769354630629078,5016,429.54
102.29488941111902,19.056096869320026,5017,30.0
102.74764031431525,18.646465099761524,5018,276.59
102.26039410420883,18.652932969807186,5019,210.0
103.14595331129385,19.00570138188092,5020,228.47
103.25725457499625,18.820019612653418,5021,361.25
103.18503002615304,18.77609199525997,5022,590.93
102.6029217220436,18.442996687908455,5023,210.0
102.66490547664785,18.783637843646577,5024,212.13
102.52342081939902,18.71195228397384,5025,42.43
103.18907244493158,18.692818168422093,5026,375.9
102.50644266052916,18.409309864753972,5027,324.5
103.35966251738589,18.988723223011064,5028,305.94
103.19607930414772,18.761808782242472,5029,90.0
103.00473814863027,18.428174485720483,5030,474.34
102.40133977228717,18.963390731998892,5031,570.0
103.1028341776561,18.501477012904633,5032,216.33
102.84950926753442,18.941292176009554,5033,451.0
103.38122208420475,19.022949035336016,5034,0.0
102.21431053013349,19.086819252036914,5035,174.93
102.37870222712736,18.65320246439242,5036,360.0
102.87026035059758,19.09113116540069,5037,300.0
103.4033206401941,18.436259323277557,5038,339.41
102.5285412165185,19.073883511945596,5039,174.93
102.61235403252685,18.568581164628363,5040,42.43
102.36495800328034,18.65481943190384,5041,853.29
103.26668688547952,18.95961780780559,5042,94.87
103.33406053178848,18.61035282533992,5043,201.25
102.6953583647795,18.746447590884028,5044,465.73
102.95569013411733,18.768007157702897,5045,84.85
103.04381486348946,18.43275589366949,5046,189.74
103.01578742662493,18.643231164738694,5047,361.25
102.59187244404893,19.049090010103896,5048,228.47
102.40726865316236,19.031842356648802,5049,127.28
102.54875331041119,18.426018529038593,5050,180.0
103.3785271383524,18.883350840183844,5051,123.69
102.94221540485555,19.0032759306138,5052,513.52
102.20703417633213,18.565347229605532,5053,30.0
102.8907419390755,19.05798333141668,5054,228.47
103.30091269780446,18.536780803570533,5055,210.0
102.40133977228717,18.44838657961317,5056,0.0
103.18044861820404,18.862599757120684,5057,150.0
102.56977388805959,18.526270514746333,5058,120.0
102.30405222701704,18.67745697706365,5059,390.0
103.29390583858833,18.73539831288936,5060,94.87
103.42056829364918,18.88685426979191,5061,323.11
102.75599464645757,18.898173042371816,5062,161.56
103.0734592678654,18.987375750084883,5063,295.47
102.9629664879187,18.75426293385587,5064,531.6
102.57219933932672,18.958809324049884,5065,798.82
103.03195710173908,19.026991454114555,5066,150.0
102.99719230024365,18.527617987672514,5067,420.0
103.30818905160584,18.478839467744823,5068,30.0
102.22994121607718,18.526809503916805,5069,335.41
103.25698508041103,18.483690370279067,5070,276.59
103.25779356416673,18.423323583186235,5071,30.0
102.98048363595903,18.58043892637874,5072,445.98
102.3331576422225,18.566694702531713,5073,60.0
102.77512876200932,18.7221930782128,5074,90.0
103.02063832915918,18.64296167015346,5075,67.08
103.25321215621773,18.58879325852105,5076,729.93
102.71988237203595,18.90302394490606,5077,417.85
103.06321847362645,18.643231164738694,5078,30.0
102.47248634278945,18.766390190191483,5079,323.11
103.20551161463098,18.845352103665586,5080,30.0
103.1192733473555,18.779864919453274,5081,30.0
103.08855096463861,18.476683511062937,5082,0.0
103.21467443052899,18.407962391827795,5083,30.0
102.90313868999634,18.493661669932795,5084,0.0
102.28976901399953,19.00058098476144,5085,94.87
103.36154897948254,18.43922376371515,5086,150.0
102.62259482676582,18.930242898014882,5087,818.84
102.3827446459059,18.560765821656524,5088,152.97
103.33109609135089,19.05205445054149,5089,174.93
103.30576360033871,19.04558658049583,5090,692.61
102.57543327434954,18.44272719332322,5091,429.54
103.44805674134325,19.012169251926583,5092,90.0
102.76893038654889,19.098138024616823,5093,424.27
102.56788742596294,18.78660228408417,5094,465.73
102.44796233553298,18.879847410575778,5095,108.17
102.5134495197453,18.958539829464648,5096,84.85
102.49539338253449,18.974978999164033,5097,617.74
102.64442388816992,18.643770153909166,5098,394.59
102.31213706457412,18.474797048966284,5099,362.49
102.98263959264092,18.920810587531626,5100,127.28
103.23030511647268,18.95584488361229,5101,108.17
103.43997190378617,18.51656870967784,5102,894.99
102.40646016940666,18.447039106686994,5103,323.11
102.81420547686851,18.681499395842188,5104,684.77
103.18476053156782,18.929434414259173,5105,212.13
103.35777605528924,19.02914741079644,5106,180.0
102.90179121707017,18.72300156196851,5107,465.73
102.80477316638526,19.06822412565564,5108,30.0
102.60157424911742,18.93239885469677,5109,134.16
102.45604717309006,19.000311490176205,5110,785.18
103.052438690217,18.820828096409127,5111,94.87
102.45847262435719,18.399877554270716,5112,0.0
103.03330457466527,18.685002825450255,5113,725.61
102.70640764277417,18.770702103555255,5114,123.69
102.88508255278555,18.704945424757707,5115,84.85
102.95757659621398,18.898981526127525,5116,30.0
102.58890800361134,19.06552917980328,5117,201.25
102.33800854475675,18.734050839963178,5118,445.98
102.95272569367974,18.569928637554543,5119,240.0
102.83118363573837,19.002736941443327,5120,513.52
102.56492298552534,18.793070154129833,5121,499.3
103.35696757153353,18.727852464502753,5122,258.07
102.36226305742798,18.93428531679342,5123,120.0
103.26264446670098,18.495009142858976,5124,361.25
103.34537930436838,18.590679720617704,5125,361.25
103.24297136197876,18.941561670594787,5126,394.59
102.790759447953,18.809778818414454,5127,150.0
103.36774735494296,18.863138746291153,5128,618.47
102.51291053057483,18.9394057139129,5129,577.06
102.60696414082214,18.81193477509634,5130,241.87
103.08882045922385,19.014055714023232,5131,474.34
102.27952821976058,18.91865463084974,5132,67.08
102.56438399635488,18.49851257246704,5133,483.74
103.17802316693692,18.867450659654928,5134,450.0
103.0486657660237,18.540014738593364,5135,0.0
102.51614446559765,18.5726235834069,5136,150.0
102.81743941189134,18.47964795150053,5137,390.0
102.60534717331072,19.042352645473,5138,442.95
102.41373652320803,18.50390246417176,5139,201.25
102.52934970027421,18.409848853924444,5140,450.0
102.6562816499203,18.71788116484903,5141,189.74
103.04812677685324,18.508483872120767,5142,189.74
102.60184374370266,18.59418315022577,5143,330.0
102.23694807529331,18.673145063699877,5144,108.17
102.36145457367228,18.688506255058318,5145,600.0
102.60184374370266,18.80492791588021,5146,618.47
102.77836269703214,18.55564542453704,5147,335.41
102.77944067537308,18.784985316572754,5148,150.0
103.02117731832965,18.80088549710167,5149,0.0
103.04219789597805,18.77609199525997,5150,189.74
102.62582876178865,18.441379720397038,5151,483.74
102.88373507985936,18.5688506592136,5152,228.47
103.02548923169343,18.721654089042328,5153,517.88
102.42316883369128,18.691470695495912,5154,509.12
102.30324374326133,18.788758240766057,5155,300.0
103.2936363440031,19.02995589455215,5156,30.0
103.20632009838668,18.576935496770673,5157,240.0
103.1184648635998,18.900059504468466,5158,331.36
102.31860493461977,18.463208781801143,5159,42.43
102.98156161429998,18.508753366706003,5160,416.78
102.20406973589454,19.000850479346678,5161,560.45
102.87753670439893,18.67610950413747,5162,234.31
102.62286432135106,19.07226654443418,5163,94.87
103.25213417787678,18.708179359780537,5164,30.0
103.16239248099323,18.43598982869232,5165,256.32
102.87807569356941,18.790375208277474,5166,276.59
103.02414175876724,18.991148674278186,5167,240.0
103.35723706611876,18.964468710339837,5168,210.0
102.29084699234048,18.65724488317096,5169,469.58
103.15942804055564,18.86017430585356,5170,0.0
102.8953233470245,19.06552917980328,5171,313.21
102.49485439336402,18.729199937428934,5172,466.69
102.29893182989755,18.51090932338789,5173,108.17
103.25671558582579,19.033459324160216,5174,408.05
102.81016305808997,18.8003465079312,5175,84.85
103.31708237291862,18.64565661600582,5176,708.03
103.07372876245064,18.802771959198324,5177,284.61
102.34986630650712,18.711413294803368,5178,108.17
102.75788110855422,18.668563655750866,5179,342.05
102.49377641502308,18.78525481115799,5180,169.71
103.05136071187607,19.031842356648802,5181,469.58
103.33945042349319,18.695243619689215,5182,228.47
102.47167785903373,18.840501201131342,5183,216.33
102.9982702785846,19.05394091263814,5184,150.0
102.80854609057856,18.506866904609353,5185,523.93
102.4773372453237,18.83996221196087,5186,212.13
102.82255980901083,18.675031525796527,5187,60.0
103.44967370885466,18.638110767619214,5188,169.71
103.20012172292626,18.653741453562894,5189,134.16
103.39119338385848,18.73216437786653,5190,494.77
103.01497894286922,18.678534955404594,5191,632.85
102.41481450154897,18.507675388365058,5192,240.0
103.04246739056327,18.472102103113926,5193,420.0
103.00500764321549,18.94425661644715,5194,150.0
102.85112623504583,18.649699034784355,5195,403.61
102.94760529656025,18.861791273364975,5196,408.05
103.34133688558984,18.647004088931997,5197,335.41
102.64038146939139,18.589062753106287,5198,300.0
102.76407948401464,18.715455713581903,5199,150.0
102.47194735361897,18.52788748225775,5200,339.41
103.08801197546813,18.658861850682374,5201,67.08
102.63633905061285,18.674492536626055,5202,330.0
102.87618923147276,18.88739325896238,5203,513.52
102.86891287767139,18.649699034784355,5204,330.0
103.18556901532352,18.968511129118376,5205,42.43
102.61100655960068,18.75857484721964,5206,499.3
102.93413056729847,18.667216182824685,5207,150.0
102.41616197447514,18.931320876355826,5208,256.32
103.35966251738589,18.929973403429646,5209,335.41
102.62906269681147,18.452159503806474,5210,90.0
102.28707406814718,18.411735316021094,5211,0.0
102.91984735428096,18.987106255499647,5212,349.86
102.87484175854658,18.648621056443414,5213,108.17
103.24297136197876,18.913803728315496,5214,318.91
103.247822264513,18.98063838545399,5215,308.87
103.12628020657164,18.686619792961668,5216,540.84
102.8163614335504,18.40365047846402,5217,330.0
102.77216432157172,18.881194883501955,5218,216.33
102.42370782286176,18.90437141783224,5219,349.86
102.36334103576893,18.714108240655726,5220,362.49
102.78375258873686,18.54944704907662,5221,295.47
102.3571426603085,19.03911871045017,5222,150.0
103.19230637995442,18.48934975656902,5223,84.85
102.58217063898044,18.78660228408417,5224,180.0
103.09232388883191,18.890357699399974,5225,108.17
102.40160926687241,18.741596688349784,5226,174.93
103.44886522509896,18.634068348840675,5227,570.79
102.9268542134971,19.025104992017905,5228,466.69
102.60184374370266,18.911917266218843,5229,457.93
102.67137334669351,18.603615460709026,5230,330.0
102.37573778668977,18.81597719387488,5231,108.17
103.18044861820404,18.687697771302613,5232,30.0
103.29201937649168,19.02995589455215,5233,84.85
103.23515601900692,18.680151922916007,5234,421.07
102.27090439303302,18.88954921564427,5235,450.0
102.83549554910215,18.52195860138256,5236,256.32
102.58675204692945,18.973901020823092,5237,94.87
102.7877950075154,18.40553694056067,5238,60.0
103.15296017050999,18.443805171664163,5239,60.0
102.25177027748128,18.59876455817478,5240,510.0
103.25429013455866,18.40041654344119,5241,30.0
103.15403814885093,19.03318982957498,5242,241.87
102.98533453849328,18.70656239226912,5243,60.0
102.99800078399936,18.73728477498601,5244,391.15
102.86621793181904,18.603076471538554,5245,517.88
103.38068309503429,19.049359504689132,5246,120.0
102.76623544069653,18.677726471648885,5247,152.97
103.25617659665532,18.45108152546553,5248,301.5
102.80423417721478,18.504710947927464,5249,436.81
103.3785271383524,18.45620192258501,5250,30.0
102.74790980890049,18.62194109250506,5251,90.0
103.07130331118351,18.741327193764548,5252,30.0
102.6134320108678,18.794148132470774,5253,424.27
103.2515951887063,18.60523242822044,5254,30.0
102.42020439325368,18.441110225811805,5255,420.0
102.36199356284274,18.827026471869548,5256,134.16
102.82983616281219,18.900598493638938,5257,308.87
102.35444771445614,18.990609685107714,5258,474.34
102.25742966377123,19.02591347577361,5259,210.0
102.7163789424279,18.697669070956337,5260,408.05
103.08666450254196,18.706292897683888,5261,335.41
103.32920962925424,19.066607158144226,5262,123.69
102.85355168631294,18.491775207836145,5263,362.49
102.43637406836784,18.71788116484903,5264,152.97
102.40565168565095,19.09113116540069,5265,94.87
102.35310024152996,18.892244161496627,5266,150.0
102.90313868999634,18.997077555153375,5267,218.4
102.98856847351611,18.586637301839165,5268,60.0
102.24395493450943,18.641075208056808,5269,84.85
102.83549554910215,18.76369524433912,5270,210.0
102.76731341903748,18.662095785705205,5271,403.61
102.37492930293406,18.708987843536246,5272,134.16
103.043275874319,18.642153186397753,5273,375.9
103.4041291239498,18.500938023734165,5274,30.0
102.76893038654889,18.77043260897002,5275,829.76
102.95407316660592,18.894130623593277,5276,323.11
103.28285656059367,18.90625787992889,5277,189.74
103.38203056796046,18.67233657994417,5278,465.73
103.07426775162111,18.85694037083073,5279,874.65
102.31564049418218,19.031842356648802,5280,90.0
103.39523580263702,18.592296688129117,5281,212.13
102.73982497134341,18.77097159814049,5282,512.64
103.00985854574974,18.672606074529405,5283,174.93
102.48784753414789,18.519802644700672,5284,361.25
102.80046125302148,18.54270968444572,5285,30.0
103.14191089251531,18.98441130964729,5286,228.47
102.5059036713587,18.768815641458605,5287,30.0
102.57893670395761,18.670180623262283,5288,90.0
102.36900042205887,18.42116762650435,5289,218.4
102.75976757065087,18.867720154240164,5290,234.31
103.38768995425042,18.937788746401488,5291,90.0
102.66409699289214,18.5726235834069,5292,60.0
102.7810576428845,18.90571889075842,5293,577.06
102.88346558527412,18.623288565431242,5294,67.08
103.02737569379008,18.63191239215879,5295,90.0
103.00285168653362,18.524923041820156,5296,729.93
103.16859085645366,18.717342175678557,5297,150.0
103.13301757120253,18.697669070956337,5298,660.68
102.21727497057108,18.497704088711334,5299,30.0
103.37421522498862,18.796304089152663,5300,90.0
102.51291053057483,18.766659684776716,5301,42.43
103.2545596291439,18.55187250034374,5302,161.56
103.2041641417048,18.926739468406815,5303,123.69
103.18961143410206,18.578821958867326,5304,30.0
102.95865457455493,18.483690370279067,5305,189.74
103.15700258928852,18.77043260897002,5306,270.0
102.68538706512577,18.75022051507733,5307,216.33
103.24081540529687,18.797382067493604,5308,169.71
103.38553399756853,18.53893676025242,5309,371.08
102.39837533184958,18.529504449769163,5310,67.08
103.24863074826871,18.950993981078042,5311,182.48
102.54093796743935,18.604693439049967,5312,551.55
102.51452749808624,18.551603005758505,5313,161.56
102.53662605407558,19.04154416171729,5314,284.61
103.40951901565452,19.039927194205877,5315,108.17
103.29148038732122,19.009474306074225,5316,180.0
103.03653850968809,18.792800659544596,5317,403.61
102.44122497090208,18.427096507379538,5318,339.41
102.9982702785846,18.858018349171672,5319,90.0
103.12897515242399,18.889818710229505,5320,182.48
102.39163796721868,18.675301020381763,5321,60.0
102.98371757098187,18.547830081565202,5322,60.0
103.39496630805178,19.043161129228707,5323,60.0
102.23155818358859,18.998694522664792,5324,228.47
103.03034013422767,18.834302825670918,5325,296.99
103.28609049561649,18.678265460819357,5326,240.0
103.02629771544913,18.598225569004306,5327,240.0
103.44751775217277,19.087358241207387,5328,390.0
102.80746811223761,18.535163836059116,5329,305.94
102.95299518826498,18.75668838512299,5330,361.25
102.83576504368737,18.495278637444212,5331,192.09
102.83226161407931,18.990340190522478,5332,30.0
103.30630258950919,18.60253748236808,5333,67.08
102.44311143299873,18.408231886413027,5334,30.0
102.4428419384135,18.94937701356663,5335,150.0
102.31671847252312,18.539745244008127,5336,296.99
103.21170999009139,18.4478475904427,5337,30.0
103.06645240864927,18.805466905050682,5338,84.85
103.43161757164386,18.71114380021813,5339,323.11
102.3075556566251,18.493122680762323,5340,174.93
103.30845854619108,18.53624181440006,5341,339.41
103.32166378086762,18.464286760142087,5342,30.0
102.70613814818893,18.93617177889007,5343,60.0
102.75680313021327,18.43221690449902,5344,436.81
103.14730078422004,18.808970334658746,5345,361.25
102.61235403252685,18.81921112889771,5346,700.36
102.95030024241262,19.036962753768282,5347,313.21
102.43772154129402,18.584750839742515,5348,127.28
102.39541089141198,18.868259143410636,5349,582.5
103.29848724653735,18.688775749643554,5350,30.0
102.8705298451828,18.433025388254727,5351,607.46
102.66167154162501,19.064181706877104,5352,60.0
103.07130331118351,18.782290370720396,5353,295.47
102.29569789487472,18.82244506392054,5354,725.61
102.57192984474148,19.068763114826112,5355,442.95
103.13732948456631,18.629756435476903,5356,644.13
103.02198580208535,18.51090932338789,5357,152.97
103.38661197590947,18.70063351139393,5358,212.13
103.33513851012943,18.810587302170163,5359,234.31
103.12169879862262,18.655627915659544,5360,424.27
103.03546053134716,18.89062719398521,5361,630.72
103.02980114505719,19.06445120146234,5362,216.33
102.53312262446751,18.79846004583455,5363,84.85
102.56734843679247,18.70548441392818,5364,94.87
102.88993345531979,18.814899215533934,5365,429.54
102.5306971732004,18.406345424316378,5366,283.02
102.90556414126347,18.808700840073513,5367,60.0
103.06483544113786,19.05394091263814,5368,424.27
102.91014554921247,19.09759903544635,5369,295.47
102.45820312977195,18.734859323718887,5370,241.87
103.41814284238207,18.90194596656512,5371,420.0
103.1238547553045,18.706831886854356,5372,429.54
102.89316739034261,18.863677735461625,5373,420.0
102.80531215555573,18.420628637333877,5374,296.99
103.37879663293764,19.00462340353998,5375,258.07
102.52369031398426,18.426557518209066,5376,362.49
102.83307009783502,18.56480824043506,5377,150.0
102.42074338242416,19.022949035336016,5378,218.4
102.51991738979096,19.021871056995074,5379,573.15
103.42784464745056,19.045856075081065,5380,174.93
102.25015330996986,18.9461430785438,5381,400.25
103.33298255344754,18.67880444998983,5382,371.08
102.26713146883972,18.73863224791219,5383,600.75
102.70640764277417,18.917576652508796,5384,60.0
102.62394229969199,18.833763836500445,5385,484.67
102.77944067537308,18.714108240655726,5386,362.49
103.09151540507621,18.755879901367283,5387,60.0
102.87861468273988,18.494470153688503,5388,361.25
103.00985854574974,18.96824163453314,5389,276.59
102.99773128941413,18.727852464502753,5390,300.0
102.69212442975667,18.669102644921338,5391,0.0
103.38580349215377,18.72300156196851,5392,30.0
103.10930204770177,18.78282935989087,5393,364.97
103.32678417798711,18.937249757231015,5394,228.47
102.933591578128,18.742674666690725,5395,553.18
102.83872948412497,18.49851257246704,5396,247.39
103.10633760726418,18.59795607441907,5397,247.39
102.57947569312807,18.960426291561298,5398,360.0
103.1898809286873,18.42844398030572,5399,150.0
103.19796576624437,18.74617809629879,5400,0.0
102.42424681203222,18.87122358384823,5401,270.0
102.81959536857323,18.68203838501266,5402,692.61
102.6277152238853,18.983333331306348,5403,330.0
102.50563417677346,18.814360226363466,5404,558.03
102.5029392309211,18.64808206727294,5405,120.0
102.48515258829553,18.924853006310165,5406,228.47
103.16697388894225,18.832416363574268,5407,335.41
102.56734843679247,18.71895914318997,5408,254.56
102.31833544003453,18.498782067052275,5409,540.84
102.38409211883209,18.918924125434977,5410,442.95
103.35023020690262,18.426557518209066,5411,364.97
102.20730367091737,19.058252826001915,5412,134.16
103.11711739067361,18.61816816831176,5413,152.97
103.3499607123174,19.031033872893094,5414,308.87
102.67891919508011,18.859365822097853,5415,30.0
102.92658471891187,18.844274125324645,5416,60.0
103.42946161496197,18.902484955735588,5417,90.0
103.2995652248783,18.818941634312473,5418,300.0
102.49135096375595,19.03777123752399,5419,632.85
103.16670439435701,18.526270514746333,5420,150.0
102.52422930315473,18.910030804122194,5421,499.3
102.71449248033124,18.46994614643204,5422,127.28
103.35130818524357,18.593374666470062,5423,241.87
103.2003912175115,18.541092716934305,5424,90.0
102.56357551259916,18.635954810937328,5425,210.0
102.68592605429625,18.653741453562894,5426,150.0
102.57381630683813,18.495548132029445,5427,30.0
103.01659591038064,18.99492159847149,5428,563.65
103.11523092857696,18.766120695606247,5429,270.0
102.26686197425448,18.97012809662979,5430,636.4
102.99180240853894,18.99168766344866,5431,424.27
102.74332840095148,18.705214919342943,5432,67.08
102.29084699234048,19.03049488372262,5433,558.03
102.90421666833728,18.956114378197526,5434,268.33
103.13679049539583,19.055557880149557,5435,324.5
103.14460583836767,18.485846326960957,5436,361.25
102.3991838156053,18.976326472090214,5437,94.87
103.17290276981744,18.413891272702983,5438,403.61
103.17128580230602,18.477491994818642,5439,60.0
103.00419915945979,18.765581706435775,5440,284.61
102.95703760704352,18.620593619578884,5441,342.05
103.32247226462334,19.0356152808421,5442,618.47
103.38957641634707,18.438954269129916,5443,390.0
103.34861323939121,18.698747049297282,5444,301.5
102.81016305808997,18.428713474890955,5445,134.16
103.01093652409068,18.54136221151954,5446,84.85
103.1726332752322,18.70225047890535,5447,331.36
103.25887154250768,18.90194596656512,5448,84.85
102.73389609046822,19.017289649046063,5449,241.87
102.7134145019903,18.946412573129034,5450,94.87
103.10418165058229,19.017020154460827,5451,349.86
103.3537336365107,18.53624181440006,5452,30.0
103.44239735505329,18.863138746291153,5453,180.0
102.90556414126347,18.632990370499734,5454,402.49
102.7179959099393,18.763964738924358,5455,342.05
103.36316594699394,19.013786219438,5456,324.5
102.78833399668586,18.886584775206675,5457,301.5
102.32830673968826,18.950724486492806,5458,0.0
103.13490403329918,18.503632969586523,5459,84.85
102.60858110833355,18.774475027748558,5460,127.28
102.60642515165166,18.645117626835347,5461,174.93
102.72122984496214,18.892244161496627,5462,84.85
102.36900042205887,18.846969071177003,5463,30.0
102.28788255190288,18.6364938001078,5464,381.84
103.06699139781975,18.747525569224972,5465,30.0
102.75329970060521,18.83996221196087,5466,127.28
103.4221852611606,18.869067627166345,5467,212.13
103.05459464689889,18.889818710229505,5468,240.0
102.8155529497947,18.733781345377942,5469,210.0
102.49404590960832,18.869067627166345,5470,90.0
102.9268542134971,18.54459614654237,5471,335.41
102.72796720959303,18.848047049517945,5472,256.32
102.72122984496214,18.827834955625256,5473,201.25
102.34474590938765,18.955305894441818,5474,30.0
102.25581269625981,18.758305352634405,5475,228.47
102.25527370708934,18.882003367257663,5476,182.48
102.50428670384727,18.512526290899306,5477,30.0
103.21224897926187,18.819480623482946,5478,474.34
103.07238128952446,18.599034052760015,5479,67.08
103.40089518892697,18.629756435476903,5480,469.58
102.3991838156053,18.932129360111535,5481,120.0
102.46709645108473,18.802771959198324,5482,330.0
103.05297767938748,18.50821437753553,5483,429.54
102.67864970049487,18.974709504578797,5484,780.0
103.23731197568881,18.779056435697566,5485,201.25
102.75356919519044,18.541901200690013,5486,270.0
103.23704248110357,18.939136219327665,5487,335.41
103.11199699355413,18.961234775317006,5488,30.0
102.30620818369893,18.64242268098299,5489,150.0
103.37529320332956,18.988453728425828,5490,30.0
103.39846973765985,18.427904991135247,5491,550.73
103.15107370841334,18.423323583186235,5492,547.45
102.53123616237086,19.048281526348187,5493,379.48
102.8201343577437,18.463208781801143,5494,283.02
102.84977876211964,18.402033510952602,5495,150.0
103.01875186706252,18.436528817862794,5496,618.47
103.01201450243163,18.427096507379538,5497,295.47
102.89208941200167,18.68904524422879,5498,603.74
102.62232533218058,19.046395064251538,5499,161.56
103.36424392533489,18.591488204373412,5500,169.71
102.38894302136633,18.622210587090297,5501,161.56
102.96862587420866,18.415508240214397,5502,0.0
102.97455475508384,19.01055228441517,5503,283.02
103.05297767938748,18.958000840294176,5504,494.77
103.35966251738589,18.672067085358933,5505,161.56
102.261741577135,18.8041194321245,5506,384.19
103.25752406958149,19.054479901808612,5507,150.0
102.53716504324605,18.423323583186235,5508,180.0
103.29336684941786,18.899520515297993,5509,120.0
102.37277334625217,18.58124741013445,5510,301.5
102.2331751511,18.562652283753174,5511,550.73
103.29282786024739,18.615473222459404,5512,512.64
103.29929573029305,18.72030661611615,5513,67.08
103.13921594666296,18.41712520772581,5514,90.0
103.28959392522457,18.708179359780537,5515,499.3
103.34079789641937,18.59526112856671,5516,361.25
102.86271450221096,18.821367085579595,5517,169.71
102.49566287711973,19.033459324160216,5518,530.76
103.44212786046806,19.00408441436951,5519,67.08
102.65520367157936,19.024296508262196,5520,729.93
102.85624663216531,18.95314993775993,5521,42.43
102.70506016984798,18.409040370168736,5522,339.41
103.30091269780446,18.52061112845638,5523,67.08
102.26901793093637,18.548908059906147,5524,256.32
103.2868989793722,18.592296688129117,5525,60.0
102.61531847296445,18.80358044295403,5526,591.7
102.39379392390057,18.8822728618429,5527,512.64
102.41185006111138,18.530582428110108,5528,283.02
102.77917118078786,19.082237844087906,5529,702.29
102.4533522272377,18.67664849330794,5530,108.17
103.25563760748484,18.96015679697606,5531,465.73
102.33881702851247,18.8146297209487,5532,361.25
102.20945962759924,19.014055714023232,5533,0.0
102.46601847274378,18.535972319814825,5534,84.85
103.32274175920857,18.791453186618416,5535,42.43
102.3037827324318,18.40553694056067,5536,276.59
102.35121377943331,18.406614918901614,5537,212.13
102.31240655915934,19.02995589455215,5538,67.08
103.00258219194838,19.04801203176295,5539,42.43
102.94760529656025,18.980368890868753,5540,390.0
103.33459952095895,18.944795605617617,5541,256.32
103.28851594688362,18.638110767619214,5542,480.94
102.20326125213883,18.58960174227676,5543,516.14
102.2361395915376,18.404728456804964,5544,484.67
102.43260114417454,19.064720696047576,5545,335.41
103.17802316693692,18.597147590663365,5546,240.0
102.81986486315846,19.068763114826112,5547,582.5
102.92146432179239,19.083585317014084,5548,335.41
102.23209717275905,19.0280694324555,5549,30.0
102.91041504379771,18.94937701356663,5550,120.0
103.35238616358451,18.613856254947986,5551,67.08
102.7840220833221,18.880655894331486,5552,30.0
103.36181847406777,18.65481943190384,5553,90.0
102.87645872605799,18.985219793402997,5554,657.95
102.32210836422783,19.012169251926583,5555,569.21
103.01443995369875,19.03642376459781,5556,684.11
102.48757803956265,18.943178638106204,5557,295.47
102.43745204670878,18.800077013345962,5558,390.0
103.05405565772843,18.45242899839171,5559,276.59
102.76569645152605,18.74051871000884,5560,234.31
102.9591935637254,18.73054741035511,5561,402.49
103.019290856233,18.89143567774092,5562,318.91
102.99773128941413,19.0604087826838,5563,84.85
102.47248634278945,18.69497412510398,5564,284.61
103.39631378097796,19.014055714023232,5565,632.85
103.0163264157954,18.58259488306063,5566,60.0
102.61963038632823,18.689584233399263,5567,480.0
102.22670728105435,19.060139288098565,5568,60.0
103.43970240920093,18.79441762705601,5569,150.0
103.11711739067361,18.78202087613516,5570,30.0
102.40349572896906,18.835919793182335,5571,150.0
103.2268016868646,18.504710947927464,5572,90.0
103.32085529711192,18.716803186508084,5573,201.25
103.17047731855031,18.61035282533992,5574,189.74
103.01767388872159,19.023488024506488,5575,127.28
102.47598977239751,18.48827177822808,5576,150.0
103.09609681302521,18.51414325841072,5577,445.98
103.13948544124818,18.933476833037712,5578,300.0
102.73281811212728,18.993574125545308,5579,483.74
103.25914103709292,18.502016002075106,5580,182.48
103.06645240864927,18.866372681313983,5581,403.61
102.77485926742408,18.822175569335304,5582,30.0
103.25671558582579,18.704136941001998,5583,228.47
102.59483688448653,19.068493620240876,5584,331.36
102.92793219183804,18.444613655419868,5585,210.0
102.87565024230229,18.57019813213978,5586,67.08
102.88535204737077,18.994382609301017,5587,94.87
103.33406053178848,19.027530443285027,5588,313.21
103.32462822130522,18.6364938001078,5589,300.0
102.54093796743935,19.035884775427338,5590,483.74
103.12115980945215,18.79522611081172,5591,67.08
102.97374627132814,18.669911128677047,5592,842.14
102.94302388861125,18.833763836500445,5593,212.13
103.14891775173145,19.081429360332198,5594,0.0
102.36549699245082,18.41604722938487,5595,570.0
103.18368255322687,18.557531886633694,5596,421.07
103.17748417776644,19.025643981188377,5597,247.39
102.63957298563568,18.95261094858946,5598,510.88
102.7239247908145,18.766659684776716,5599,60.0
102.77944067537308,18.667216182824685,5600,390.0
103.13948544124818,19.005431887295686,5601,201.25
102.55360421294544,18.693896146763038,5602,268.33
102.3285762342735,18.739979720838367,5603,84.85
102.35121377943331,18.554297951610863,5604,60.0
103.01012804033498,18.605501922805676,5605,379.48
102.24638038577656,19.09436510042352,5606,161.56
103.21063201175046,18.991418168863422,5607,30.0
102.71179753447889,19.07280553360465,5608,60.0
102.68673453805195,18.501477012904633,5609,228.47
103.30926702994678,18.883081345598608,5610,67.08
102.7961493396577,18.880925388916722,5611,42.43
103.29013291439503,18.89386112900804,5612,30.0
102.30593868911369,18.665329720728035,5613,201.25
103.05028273353513,18.82055860182389,5614,84.85
103.06753038699021,18.80600589422115,5615,30.0
102.73120114461587,18.520072139285908,5616,295.47
102.57031287723007,18.795495605396955,5617,276.59
103.32328074837905,18.47398856521058,5618,474.34
102.79183742629394,18.640805713471572,5619,566.04
103.13463453871394,18.92916491967394,5620,123.69
103.09771378053664,18.74833405298068,5621,108.17
102.9163439246729,19.018367627387008,5622,94.87
103.26237497211574,18.87391852970059,5623,210.0
102.84331089207399,18.836189287767567,5624,60.0
102.92523724598568,19.00839632773328,5625,513.52
102.44176396007256,19.03049488372262,5626,94.87
103.13705998998107,19.058791815172388,5627,445.98
102.25850764211218,18.900328999053702,5628,234.31
102.66328850913644,18.40284199470831,5629,240.0
103.23461702983644,18.86610318672875,5630,256.32
103.1755977156698,18.730816904940347,5631,60.0
102.78563905083351,19.088705714133567,5632,721.25
103.21979482764847,18.877691453893892,5633,453.98
102.96620042294154,18.7469865800545,5634,67.08
103.11199699355413,18.654280442733366,5635,569.21
102.43960800339067,18.996538565982902,5636,120.0
103.02656721003437,18.46913766267633,5637,742.77
102.50428670384727,18.904910407002713,5638,408.05
103.1718247914765,18.93617177889007,5639,366.2
102.30324374326133,18.930242898014882,5640,466.69
102.92254230013333,18.703058962661057,5641,150.0
102.41723995281609,18.796034594567427,5642,84.85
103.15188219216904,19.05205445054149,5643,534.14
102.8743027693761,18.61493423328893,5644,364.97
102.78051865371403,18.535433330644352,5645,342.05
103.00905006199403,18.584750839742515,5646,270.0
102.86810439391569,18.526270514746333,5647,523.93
102.89855728204734,18.924314017139693,5648,67.08
103.15727208387375,18.811126291340635,5649,169.71
102.9494917586569,18.46024434136355,5650,60.0
102.92631522432663,18.73782376415648,5651,335.41
102.4638625160619,18.764234233509594,5652,150.0
103.36828634411343,18.95126347566328,5653,417.85
102.72149933954738,18.603076471538554,5654,152.97
102.26605349049878,18.459974846778312,5655,180.0
103.19473183122155,18.436259323277557,5656,67.08
103.37960511669334,18.567233691702185,5657,0.0
102.57597226352001,18.98764524467012,5658,42.43
102.261741577135,18.559148854145107,5659,492.04
102.31213706457412,18.731086399525584,5660,234.31
103.20012172292626,18.732703367037,5661,30.0
102.38409211883209,19.07738694155366,5662,457.93
102.27629428473774,18.728391453673225,5663,735.46
102.74225042261054,18.758305352634405,5664,313.21
102.84923977294918,18.492314197006614,5665,152.97
103.27342425011041,19.034267807915924,5666,606.72
102.93224410520182,18.842118168642756,5667,384.19
102.77512876200932,18.56426925126459,5668,342.05
103.21709988179612,18.94344813269144,5669,228.47
103.20632009838668,19.08708874662215,5670,0.0
102.23991251573091,18.820289107238654,5671,624.26
103.18071811278928,18.453776471317887,5672,60.0
103.15754157845899,18.574240550918315,5673,420.0
103.07372876245064,18.939675208498137,5674,84.85
103.10795457477559,18.96554668868078,5675,318.91
102.29138598151096,18.912725749974552,5676,192.09
102.52557677608091,18.77097159814049,5677,84.85
102.22724627022481,19.082507338673143,5678,218.4
103.11442244482126,18.993035136374836,5679,499.3
102.75788110855422,18.516029720507373,5680,30.0
102.47140836444851,18.59418315022577,5681,402.49
103.14083291417437,18.852089468296484,5682,424.27
102.33773905017152,18.742135677520256,5683,420.0
103.10175619931518,18.99411311471578,5684,530.76
103.00581612697121,18.63002593006214,5685,361.25
102.46952190235186,18.466442716823973,5686,349.86
103.29929573029305,18.825409504358134,5687,496.59
102.80046125302148,19.09625156252017,5688,120.0
102.52315132481378,18.57208459423643,5689,94.87
103.00985854574974,18.85694037083073,5690,60.0
102.47572027781227,18.824062031431954,5691,390.0
102.75680313021327,18.922158060457807,5692,523.93
102.30432172160226,18.68796726588785,5693,123.69
102.55010078333737,19.070110587752293,5694,30.0
103.019290856233,18.598225569004306,5695,360.0
103.43134807705863,18.97066708580026,5696,212.13
102.97320728215766,18.46078333053402,5697,300.0
102.43017569290741,18.739979720838367,5698,123.69
103.18260457488593,18.765042717265302,5699,543.33
102.6050776787255,18.589062753106287,5700,108.17
102.82983616281219,19.045047591325357,5701,161.56
103.25294266163249,18.586637301839165,5702,750.6
102.94086793192936,18.993035136374836,5703,30.0
102.87295529644993,18.719498132360442,5704,657.95
102.34232045812053,18.831068890648087,5705,0.0
102.61585746213493,18.708987843536246,5706,120.0
102.6600545741136,18.668024666580394,5707,360.0
102.23506161319665,18.633798854255442,5708,0.0
102.2180834543268,18.74887304215115,5709,42.43
102.84304139748875,18.52654000933157,5710,60.0
102.21377154096302,18.87580499179724,5711,30.0
102.58459609024756,18.537858781911474,5712,180.0
103.3995477160008,18.86017430585356,5713,502.89
103.07130331118351,18.5402842331786,5714,254.56
102.56141955591728,18.966624667021723,5715,725.61
102.73200962837157,18.485037843205248,5716,494.77
102.31698796710836,18.639458240545395,5717,90.0
102.36819193830317,18.877421959308656,5718,0.0
102.32668977217685,18.915959684997382,5719,351.14
102.78833399668586,18.492314197006614,5720,134.16
102.44688435719203,18.888471237303325,5721,182.48
102.28249266019817,18.779864919453274,5722,0.0
102.61855240798728,18.48827177822808,5723,360.0
102.49539338253449,19.097329540861114,5724,120.0
102.39136847263345,18.487193799887134,5725,161.56
103.23731197568881,18.69551311427445,5726,189.74
102.99692280565843,18.959348313220357,5727,120.0
102.77324229991267,18.671797590773696,5728,174.93
102.7961493396577,19.009474306074225,5729,429.54
103.35939302280065,18.756957879708228,5730,161.56
102.83145313032361,18.803849937539265,5731,530.76
103.05001323894989,18.46859867350586,5732,488.37
102.4600895918686,18.49393116451803,5733,0.0
102.39460240765628,18.578013475111618,5734,258.07
102.27737226307869,19.028338927040735,5735,421.07
102.89801829287686,18.42359307777147,5736,60.0
103.12897515242399,18.744291634202142,5737,216.33
102.8449278595854,18.708448854365773,5738,30.0
102.88292659610366,18.658592356097138,5739,90.0
103.37879663293764,18.755071417611575,5740,212.13
103.29633128985546,18.893591634422805,5741,318.91
102.39945331019052,18.421976110260058,5742,240.0
102.38759554844015,18.545674124883316,5743,271.66
102.53312262446751,18.96878062370361,5744,123.69
102.5894469927818,18.601728998612373,5745,210.0
102.37843273254214,18.426557518209066,5746,375.9
103.0440843580747,18.70467593017247,5747,120.0
102.75949807606563,18.937249757231015,5748,276.59
102.59187244404893,18.493122680762323,5749,234.31
102.42316883369128,18.423054088601,5750,600.75
102.62663724554436,18.427366001964774,5751,42.43
102.59295042238988,18.617359684556053,5752,429.54
102.94221540485555,18.95907881863512,5753,335.41
102.78806450210064,18.84831654410318,5754,120.0
102.75329970060521,18.487732789057606,5755,313.21
102.57273832849718,18.98495029881776,5756,30.0
102.60453868955501,18.800077013345962,5757,296.99
102.21026811135496,19.020254089483657,5758,60.0
102.89586233619498,18.661017807364264,5759,366.2
102.21835294891203,18.874996508041534,5760,0.0
102.49727984463114,19.097329540861114,5761,30.0
102.97617172259525,18.521689106797325,5762,853.82
102.71880439369502,18.53166040645105,5763,228.47
103.3831085463014,18.669102644921338,5764,400.25
103.35993201197113,19.013786219438,5765,644.13
102.9726682929872,19.081429360332198,5766,84.85
102.90664211960441,18.891166183155683,5767,120.0
102.52557677608091,18.945604089373326,5768,417.85
102.99395836522083,19.059330804342856,5769,30.0
103.08666450254196,18.825948493528607,5770,247.39
102.91122352755342,18.417664196896283,5771,390.0
103.0936713617581,18.558340370389402,5772,432.67
103.41194446692164,18.780673403208983,5773,465.73
102.3029742486761,18.683385857938838,5774,94.87
102.44472840051016,18.906527374514127,5775,268.33
103.07534572996205,18.790914197447943,5776,84.85
102.31698796710836,18.575857518429732,5777,90.0
102.75195222767903,18.77258856565191,5778,0.0
102.24260746158326,18.86664217589922,5779,189.74
102.87699771522847,18.823523042261485,5780,379.48
102.31052009706269,18.5726235834069,5781,30.0
102.26255006089072,18.84966401702936,5782,123.69
102.2609330933793,19.020254089483657,5783,589.41
103.20551161463098,18.54270968444572,5784,295.47
103.30468562199778,19.03911871045017,5785,283.02
102.47625926698275,18.74294416127596,5786,67.08
102.60912009750402,18.74051871000884,5787,90.0
102.67002587376733,18.868528637995873,5788,270.0
102.72338580164403,18.5297739443544,5789,150.0
102.6360695560276,18.765042717265302,5790,379.48
102.4361045737826,18.97255354789691,5791,42.43
102.69212442975667,18.52141961221209,5792,127.28
102.3495968119219,18.584750839742515,5793,349.86
102.8713383289385,18.87580499179724,5794,84.85
103.16131450265229,18.58124741013445,5795,201.25
102.95434266119116,18.53166040645105,5796,402.49
102.71503146950171,18.833224847329973,5797,480.0
103.2839345389346,19.02321852992125,5798,0.0
103.44886522509896,18.63838026220445,5799,94.87
102.7344350796387,18.551603005758505,5800,390.0
103.27800565805941,18.72354055113898,5801,276.59
102.95030024241262,18.837267266108512,5802,595.49
102.46305403230619,18.762078276827708,5803,94.87
102.80100024219196,18.92377502796922,5804,674.17
103.10849356394607,18.743483150446433,5805,510.0
103.2974092681964,18.66748567740992,5806,381.84
102.43799103587925,18.585828818083456,5807,218.4
102.54848381582596,18.523036579723502,5808,270.0
103.30279915990111,18.476953005648173,5809,108.17
103.076423708303,18.552411489514213,5810,384.19
102.27332984430015,18.511178817973125,5811,523.93
102.36873092747364,18.46401726555685,5812,30.0
102.2706348984478,19.00570138188092,5813,474.34
102.84304139748875,18.71976762694568,5814,84.85
102.82848868988602,18.709257338121482,5815,152.97
102.98452605473757,18.53166040645105,5816,241.87
102.8411549353921,18.622480081675533,5817,361.25
103.04246739056327,18.91030029870743,5818,67.08
102.54039897826888,18.426018529038593,5819,30.0
102.80207822053289,18.99734704973861,5820,192.09
103.37987461127858,18.496895604955625,5821,483.74
102.81043255267521,18.513065280069778,5822,134.16
102.72122984496214,18.444344160834632,5823,450.0
103.01363146994305,18.963121237413656,5824,488.37
102.66733092791497,19.079273403650312,5825,488.37
102.82282930359605,18.914881706656438,5826,30.0
102.55737713713874,18.8822728618429,5827,313.21
102.38112767839449,18.72434903489469,5828,258.07
102.56141955591728,18.92269704962828,5829,67.08
103.08262208376343,18.46159181428973,5830,618.47
102.39271594555963,18.616551200800345,5831,60.0
103.01390096452828,18.936710768060543,5832,547.45
103.19688778790342,18.817055172215824,5833,516.14
103.271807282599,18.55321997326992,5834,161.56
103.05755908733649,18.78929722993653,5835,150.0
103.27207677718422,18.41119632685062,5836,161.56
102.36145457367228,18.903293439491296,5837,150.0
102.27871973600486,18.621402103334592,5838,234.31
102.57597226352001,18.559957337900816,5839,174.93
103.1801791236188,19.071188566093234,5840,241.87
102.41804843657181,19.046395064251538,5841,466.69
103.4335040337405,18.488002283642842,5842,182.48
102.38247515132066,18.523036579723502,5843,711.2
102.59672334658318,18.98306383672111,5844,150.0
102.24530240743562,18.663712753216622,5845,234.31
103.15673309470328,18.400147048855953,5846,0.0
102.37735475420119,18.993843620130544,5847,488.37
103.04138941222234,18.560765821656524,5848,534.14
102.8117800256014,18.496895604955625,5849,301.5
102.49889681214256,18.713569251485254,5850,180.0
102.7066771373594,19.007857338562808,5851,606.72
102.71368399657554,18.701711489734876,5852,300.0
103.20308616336385,18.73971022625313,5853,30.0
102.44068598173162,18.496356615785153,5854,182.48
103.01875186706252,18.777169973600916,5855,524.79
103.276388690548,18.49905156163751,5856,330.0
103.38068309503429,18.784985316572754,5857,60.0
102.44553688426586,18.93374632762295,5858,30.0
103.15754157845899,19.042083150887763,5859,134.16
102.53662605407558,18.583942355986807,5860,913.9
102.55845511547969,18.992496147204367,5861,402.49
102.80719861765238,18.839692717375634,5862,180.0
102.77243381615695,18.623827554601714,5863,308.87
102.72742822042257,18.760730803901527,5864,360.0
102.9478747911455,18.74294416127596,5865,123.69
102.63687803978331,19.10083297046918,5866,30.0
102.3504052956776,18.64296167015346,5867,240.0
102.3894820105368,18.50390246417176,5868,234.31
102.96431396084488,18.491775207836145,5869,394.59
102.56357551259916,19.036154270012574,5870,30.0
102.76946937571935,19.05394091263814,5871,582.5
102.2474583641175,18.89790354778658,5872,276.59
102.39487190224152,18.90437141783224,5873,579.4
103.42164627199013,18.408501380998263,5874,123.69
102.57651125269048,18.46805968433539,5875,216.33
102.49458489877878,18.978751923357336,5876,536.66
103.41760385321159,18.57208459423643,5877,67.08
102.2714433822035,18.56292177833841,5878,210.0
102.73200962837157,18.435181344936613,5879,268.33
102.76650493528176,18.70737087602483,5880,295.47
103.28177858225273,18.831068890648087,5881,391.15
102.64038146939139,19.030764378307857,5882,240.0
103.35292515275499,18.5688506592136,5883,216.33
103.36990331162485,18.813012753437285,5884,67.08
103.35103869065834,18.57397105633308,5885,161.56
103.0184823724773,18.471563113943454,5886,330.0
103.43862443085999,18.966355172436486,5887,558.03
102.5059036713587,19.10029398129871,5888,42.43
103.02171630750011,19.01998459489842,5889,0.0
102.35390872528566,19.097329540861114,5890,108.17
103.24970872660965,19.00058098476144,5891,67.08
102.55845511547969,18.979021417942572,5892,0.0
102.25446522333364,18.776630984430444,5893,30.0
103.17020782396507,18.529234955183927,5894,499.3
103.10768508019036,18.45566293341454,5895,335.41
102.59510637907177,18.569659142969307,5896,120.0
102.55683814796826,18.586098312668693,5897,60.0
103.28097009849701,18.582055893890157,5898,457.93
102.2684789417659,18.70602340309865,5899,456.95
103.39227136219942,18.515221236751664,5900,402.49
103.2462052970016,18.496087121199917,5901,30.0
102.90340818458158,18.941022681424318,5902,94.87
102.98048363595903,18.617090189970817,5903,445.98
102.30135728116467,18.55968784331558,5904,0.0
102.66921739001162,18.92916491967394,5905,295.47
102.23425312944094,18.419011669822464,5906,0.0
102.69643634312044,18.531390911865817,5907,67.08
102.509676595552,18.59687809607813,5908,67.08
102.49296793126737,18.755071417611575,5909,169.71
102.78941197502681,19.095982067934933,5910,241.87
102.67218183044922,18.649160045613883,5911,42.43
102.71826540452454,18.71114380021813,5912,494.77
103.1974267770739,18.710874305632895,5913,256.32
102.27306034971491,18.969858602044553,5914,361.25
103.2995652248783,18.56696419711695,5915,161.56
102.88481305820031,18.885776291450966,5916,30.0
103.22464573018271,18.79522611081172,5917,420.0
103.38876793259136,18.948029540640448,5918,0.0
102.51695294935337,18.481803908182417,5919,375.9
102.44122497090208,19.082237844087906,5920,283.02
102.54524988080313,18.624636038357423,5921,180.0
103.07184230035399,18.786332789498935,5922,152.97
102.80315619887384,18.73917123708266,5923,30.0
102.63310511559001,18.853436941222665,5924,509.12
102.68242262468817,19.05798333141668,5925,362.49
102.88643002571172,18.628947951721194,5926,120.0
102.78240511581068,18.569659142969307,5927,240.0
102.28249266019817,18.617898673726526,5928,313.21
102.39082948346298,18.578282969696854,5929,361.25
102.64631035026657,19.084393800769792,5930,722.5
102.90583363584871,18.783098854476105,5931,618.47
103.2222202789156,19.099754992128236,5932,120.0
102.62367280510676,18.826756977284315,5933,391.15
102.92469825681522,18.779595424868038,5934,42.43
103.27450222845135,18.78282935989087,5935,390.0
102.75222172226427,19.00650986563663,5936,390.0
102.485691577466,18.526001020161097,5937,510.88
102.6428069206585,19.024296508262196,5938,150.0
103.4491347196842,18.92646997382158,5939,108.17
102.61019807584496,18.495009142858976,5940,488.37
103.07534572996205,18.846160587421295,5941,270.0
102.47033038610756,18.74779506381021,5942,108.17
102.7373995200763,18.516838204263077,5943,150.0
103.4491347196842,18.652124486051477,5944,256.32
103.19338435829536,18.404728456804964,5945,192.09
103.32058580252668,18.472641092284398,5946,218.4
103.10013923180375,18.73027791576988,5947,729.93
103.36666937660202,18.819750118068182,5948,120.0
102.46332352689143,18.57666600218544,5949,228.47
102.89640132536545,18.74617809629879,5950,42.43
102.49943580131303,18.931590370941063,5951,403.61
102.98506504390805,18.442996687908455,5952,240.0
102.39756684809387,18.929973403429646,5953,42.43
103.37906612752286,18.46347827638638,5954,30.0
102.3008182919942,18.499321056222747,5955,150.0
102.57192984474148,18.416316723970105,5956,268.33
102.3743903137636,18.692548673836857,5957,276.59
102.41508399613421,18.633529359670206,5958,123.69
103.1276276794978,18.584211850572043,5959,60.0
102.35929861699039,18.55052502741756,5960,318.91
102.72742822042257,18.554028457025627,5961,361.25
103.15269067592475,18.552680984099446,5962,408.05
102.50482569301775,18.4831513811086,5963,150.0
103.05324717397272,18.538667265667183,5964,182.48
103.31789085667432,18.660748312779027,5965,381.84
103.03815547719951,19.0671461473147,5966,366.2
102.30243525950561,18.6507770131253,5967,30.0
102.68242262468817,18.442996687908455,5968,702.93
102.8365735274431,18.58043892637874,5969,0.0
102.27198237137397,18.700364016808695,5970,174.93
103.13463453871394,18.647273583517233,5971,424.27
102.6886210001486,18.963121237413656,5972,218.4
102.27413832805586,18.925661490065874,5973,615.55
102.78941197502681,19.03130336747833,5974,0.0
103.06133201152979,18.450542536295057,5975,210.0
103.31196197579914,18.549177554491383,5976,330.0
102.63202713724907,18.439493258300388,5977,630.72
103.10040872638899,18.421976110260058,5978,189.74
103.22087280598942,18.402033510952602,5979,169.71
103.1020256939004,18.568311670043126,5980,210.0
103.20173869043768,18.510100839632184,5981,647.61
103.04246739056327,19.025104992017905,5982,408.05
102.77324229991267,18.549177554491383,5983,0.0
103.03896396095521,18.48234289735289,5984,458.91
103.276388690548,18.706831886854356,5985,844.81
102.21646648681538,19.090592176230217,5986,180.0
103.44940421426942,18.484498854034776,5987,543.33
102.37870222712736,18.63514632718162,5988,900.5
103.26318345587144,18.561304810826996,5989,0.0
103.02171630750011,18.821906074750068,5990,161.56
102.9899159464423,19.036693259183046,5991,276.59
102.64307641524374,18.627600478795017,5992,276.59
102.72149933954738,18.684463836279782,5993,276.59
103.3965832755632,18.79010571369224,5994,342.05
103.10660710184942,18.78794975701035,5995,547.45
103.19500132580677,18.87203206760394,5996,212.13
103.28204807683795,18.620324124993648,5997,120.0
103.39092388927324,18.6507770131253,5998,240.0
103.133556560373,18.61250878202181,5999,450.0
103.14164139793007,18.967163656192195,6000,228.47
102.78536955624827,18.459166363022604,6001,189.74
102.481110169517,18.45620192258501,6002,90.0
102.65143074738606,18.794687121641246,6003,234.31
103.16427894308988,18.500938023734165,6004,150.0
103.2184473547223,18.768815641458605,6005,228.47
102.69643634312044,18.40176401636737,6006,0.0
103.03707749885857,18.693357157592565,6007,483.74
102.58971648736704,18.779325930282802,6008,445.98
102.78159663205497,18.950185497322337,6009,295.47
102.63175764266384,18.579899937208268,6010,0.0
102.72069085579167,18.789027735351294,6011,276.59
102.74817930348573,18.547830081565202,6012,258.07
102.44715385177727,18.497704088711334,6013,127.28
102.68134464634723,19.020254089483657,6014,30.0
103.4469787630023,18.876882970138183,6015,607.46
102.6419984369028,18.603076471538554,6016,120.0
102.8125885093571,18.576396507600204,6017,60.0
102.59672334658318,18.663982247801858,6018,305.94
103.31196197579914,18.896286580275163,6019,247.39
102.9155354409172,18.692548673836857,6020,812.22
103.08262208376343,18.766929179361952,6021,234.31
102.30432172160226,18.4440746662494,6022,123.69
102.61531847296445,19.03965769962064,6023,123.69
103.39523580263702,18.891166183155683,6024,228.47
102.80531215555573,18.922427555043043,6025,510.88
102.73200962837157,19.08708874662215,6026,123.69
102.65439518782365,18.827834955625256,6027,90.0
103.33540800471465,18.60765787948756,6028,120.0
103.24000692154117,19.071188566093234,6029,530.76
102.38112767839449,18.928086941332996,6030,210.0
103.24916973743919,18.605771417390912,6031,228.47
103.0621404952855,18.489619251154256,6032,42.43
102.60615565706642,18.987106255499647,6033,42.43
103.34834374480597,19.01055228441517,6034,150.0
103.10067822097423,19.097868530031587,6035,201.25
102.45982009728336,18.926739468406815,6036,67.08
102.36307154118369,18.875266002626766,6037,510.88
102.57489428517907,18.96554668868078,6038,295.47
102.21754446515632,18.941831165180023,6039,752.4
103.38634248132423,18.507675388365058,6040,360.0
102.35552569279709,18.712221778559076,6041,108.17
102.8117800256014,18.450003547124588,6042,30.0
102.89586233619498,18.57451004550355,6043,416.78
102.78752551293016,18.751567988003508,6044,655.21
102.82633273320413,18.929434414259173,6045,644.13
102.77917118078786,18.599034052760015,6046,700.36
102.44688435719203,18.757227374293464,6047,366.2
102.51479699267148,19.036962753768282,6048,0.0
103.20066071209673,19.078464919894603,6049,301.5
103.21790836555182,18.588254269350582,6050,349.86
102.39514139682676,18.45108152546553,6051,0.0
102.47625926698275,18.80923982924398,6052,466.69
103.24970872660965,18.62167159791983,6053,530.76
103.16373995391942,18.545135135712844,6054,161.56
102.80665962848191,19.041005172546818,6055,284.61
102.34851883358095,18.47587502730723,6056,67.08
103.36316594699394,19.053671418052904,6057,30.0
102.59618435741271,18.871493078433467,6058,421.07
103.35508110943688,18.714377735240962,6059,228.47
102.685656559711,18.590410226032468,6060,30.0
102.43556558461214,18.57451004550355,6061,335.41
102.58513507941804,18.89709506403087,6062,123.69
103.42676666910961,18.97012809662979,6063,247.39
102.48596107205124,18.769624125214314,6064,300.0
102.58351811190661,19.039927194205877,6065,276.59
103.36666937660202,18.952880443174696,6066,361.25
102.49215944751167,18.840231706546106,6067,390.0
102.89559284160974,18.96231275365795,6068,84.85
102.28761305731764,18.4764140164777,6069,323.11
103.2726157663547,18.76719867394719,6070,591.7
103.1057986180937,18.941292176009554,6071,379.48
103.23650349193309,18.40284199470831,6072,216.33
103.23434753525122,18.837267266108512,6073,371.08
102.73470457422394,18.67233657994417,6074,94.87
102.61235403252685,18.585828818083456,6075,60.0
102.2474583641175,18.485846326960957,6076,192.09
102.65008327445987,18.753723944685397,6077,108.17
103.37664067625575,18.945873583958562,6078,212.13
102.71853489910978,18.769893619799547,6079,384.19
102.96108002582206,18.564538745849827,6080,84.85
103.37879663293764,18.42952195864666,6081,67.08
103.4364684741781,18.566694702531713,6082,60.0
102.36819193830317,18.629756435476903,6083,360.0
102.98452605473757,18.908413836610777,6084,94.87
102.52908020568897,18.519533150115436,6085,241.87
102.71583995325743,18.42844398030572,6086,127.28
102.96134952040728,18.901676471979883,6087,371.08
102.28033670351628,18.999503006420497,6088,30.0
102.50698164969964,18.89871203154229,6089,67.08
102.38921251595157,18.446230622931285,6090,300.0
102.91391847340577,19.032920334989743,6091,318.91
103.2327305677398,18.87122358384823,6092,582.5
102.97832767927714,18.628139467965486,6093,240.0
103.08935944839432,19.073075028189887,6094,590.93
103.11954284194074,18.566694702531713,6095,256.32
103.219255838478,18.506058420853645,6096,318.91
102.9734767767429,19.08008188740602,6097,84.85
102.24503291285038,18.99492159847149,6098,108.17
103.39820024307461,18.666946688239452,6099,618.47
103.38418652464235,18.92970390884441,6100,450.0
103.12196829320786,18.48665481071666,6101,174.93
103.27126829342852,18.94668206771427,6102,0.0
103.33837244515225,19.024566002847433,6103,331.36
102.7306621554454,19.098407519202055,6104,300.0
102.24099049407184,18.794148132470774,6105,108.17
103.18449103698258,18.427096507379538,6106,169.71
102.94464085612266,18.71383874607049,6107,323.11
102.538243021587,18.92000210377592,6108,403.61
102.62421179427723,18.927547952162524,6109,646.22
103.40924952106928,18.852897952052192,6110,150.0
103.1898809286873,18.759113836390114,6111,42.43
102.49808832838686,18.524114558064447,6112,182.48
102.40160926687241,18.998425028079556,6113,607.46
103.2222202789156,18.67287556911464,6114,432.67
102.67029536835257,19.016750659875594,6115,30.0
102.22670728105435,18.566694702531713,6116,94.87
103.43539049583715,18.88550679686573,6117,283.02
103.19634879873296,18.524923041820156,6118,270.0
103.0621404952855,19.020523584068894,6119,60.0
103.28824645229838,19.003006436028564,6120,301.5
102.74871829265619,18.916498674167855,6121,150.0
103.43808544168952,18.413621778117747,6122,84.85
103.09582731843999,18.449464557954116,6123,516.14
102.52422930315473,19.008126833148044,6124,276.59
103.22464573018271,18.887123764377147,6125,84.85
102.2789892305901,18.70979632729195,6126,445.98
102.6382255127095,18.61035282533992,6127,90.0
102.23398363485572,18.42952195864666,6128,607.46
102.48919500707407,18.866372681313983,6129,90.0
103.01363146994305,18.930512392600118,6130,108.17
102.81690042272086,18.575857518429732,6131,30.0
102.75815060313946,18.845352103665586,6132,134.16
102.49431540419354,18.706292897683888,6133,630.72
102.55144825626355,18.870415100092522,6134,553.18
102.76407948401464,18.424940550697652,6135,496.59
103.11361396106555,18.843465641568937,6136,569.21
103.29013291439503,18.713299756900017,6137,330.0
103.44131937671234,18.63056491923261,6138,270.0
102.33908652309769,18.42170661567482,6139,94.87
103.22868814896125,18.426827012794302,6140,429.54
102.7314706392011,18.516029720507373,6141,189.74
103.00905006199403,18.90625787992889,6142,169.71
102.43718255212355,18.56696419711695,6143,127.28
102.67245132503444,18.793070154129833,6144,740.95
102.98425656015233,18.652124486051477,6145,420.0
102.86271450221096,18.630834413817848,6146,550.73
102.75410818436092,18.437337301618502,6147,758.95
103.16589591060131,19.022949035336016,6148,67.08
102.22455132437246,18.58879325852105,6149,0.0
102.9869515060047,18.626253005868836,6150,60.0
102.29974031365326,18.952880443174696,6151,445.98
103.02710619920484,19.080890371161725,6152,120.0
102.70910258862652,18.671797590773696,6153,240.0
102.44338092758397,18.53166040645105,6154,108.17
103.09771378053664,18.661017807364264,6155,192.09
102.62825421305577,18.856131887075023,6156,30.0
103.07076432201305,18.640536218886336,6157,436.81
103.29579230068498,19.026991454114555,6158,60.0
103.39873923224508,19.030225389137385,6159,362.49
102.40187876145765,18.614125749533223,6160,60.0
103.37879663293764,19.073344522775123,6161,180.0
102.29057749775524,18.583942355986807,6162,42.43
103.2251847193532,18.997616544323847,6163,90.0
102.54255493495077,18.632990370499734,6164,120.0
103.43754645251904,18.810317807584926,6165,0.0
102.83199211949407,18.64350065932393,6166,169.71
103.05486414148413,18.818672139727237,6167,30.0
102.91688291384337,18.783098854476105,6168,94.87
102.22805475398053,18.756418890537756,6169,189.74
102.5533347183602,19.010282789829933,6170,134.16
102.85705511592101,18.876074486382475,6171,0.0
103.4116749723364,18.9213495767021,6172,180.0
102.61855240798728,18.548369070735674,6173,90.0
102.56734843679247,18.75480192302634,6174,90.0
102.88454356361507,18.92054109294639,6175,174.93
103.12520222823069,18.45674091175548,6176,301.5
103.21332695760282,19.01163026275611,6177,424.27
102.5592635992354,18.838614739034693,6178,67.08
102.87322479103517,18.75480192302634,6179,201.25
102.44176396007256,18.599842536515723,6180,258.07
103.1524211813395,18.811126291340635,6181,120.0
103.19392334746583,18.988453728425828,6182,318.91
103.24674428617206,18.534085857718175,6183,480.0
103.21979482764847,18.430060947817132,6184,127.28
102.69993977272851,18.442457698737982,6185,150.0
103.26129699377479,18.66640769906898,6186,212.13
102.36900042205887,18.832685858159504,6187,366.2
102.6592460903579,18.983872320476816,6188,210.0
102.93520854563941,18.589332247691523,6189,432.67
103.22087280598942,18.521689106797325,6190,391.15
102.44365042216921,18.71707268109332,6191,60.0
102.3008182919942,18.88550679686573,6192,30.0
102.66733092791497,18.958270334879412,6193,254.56
102.45308273265246,18.655627915659544,6194,268.33
103.36532190367583,18.60657990114662,6195,308.87
103.29094139815074,18.606310406561384,6196,30.0
103.05702009816602,18.53947574942289,6197,391.15
102.37546829210454,18.900867988224174,6198,152.97
103.44401432256471,19.05394091263814,6199,60.0
102.61397100003828,18.43922376371515,6200,0.0
103.30818905160584,18.935632789719598,6201,494.77
102.36549699245082,19.098407519202055,6202,123.69
102.31537099959694,18.566694702531713,6203,474.34
103.13625150622536,18.58367286140157,6204,212.13
102.98641251683422,18.713299756900017,6205,150.0
103.41652587487064,18.478030983989115,6206,60.0
103.17020782396507,18.932668349282004,6207,84.85
102.84950926753442,18.431408420743313,6208,30.0
103.18610800449399,18.520341633871144,6209,258.07
102.66652244415926,18.590679720617704,6210,30.0
102.26066359879407,18.5726235834069,6211,300.0
102.49162045834119,18.7717800818962,6212,134.16
102.31025060247745,19.050976472200546,6213,42.43
102.98075313054427,18.47910896233006,6214,530.76
103.06537443030832,18.767468168532424,6215,67.08
102.34393742563194,19.011360768170874,6216,436.81
102.97024284172007,18.48746329447237,6217,180.0
102.59860980867983,18.415508240214397,6218,150.0
102.80396468262956,18.9318598655263,6219,180.0
103.04354536890422,18.487193799887134,6220,182.48
102.70290421316611,18.970397591215026,6221,660.68
103.36747786035772,18.595530623151948,6222,324.5
102.50644266052916,18.81409073177823,6223,649.0
102.47760673990892,18.536780803570533,6224,90.0
102.4991663067278,18.409579359339208,6225,390.0
102.41292803945232,18.893052645252336,6226,94.87
102.53258363529704,18.8146297209487,6227,182.48
103.27692767971848,18.708448854365773,6228,778.27
102.43933850880543,18.503363475001287,6229,421.07
103.17020782396507,18.766390190191483,6230,480.94
103.34106739100461,18.96366022658413,6231,270.0
102.2676704580102,18.953419432345168,6232,108.17
102.33396612597822,18.796843078323132,6233,60.0
102.47113886986327,18.805466905050682,6234,67.08
102.30863363496604,18.794687121641246,6235,534.14
102.21404103554826,19.04046618337635,6236,67.08
103.39604428639272,18.443535677078927,6237,120.0
102.62987118056718,18.888471237303325,6238,740.95
102.36953941122935,18.74186618293502,6239,60.0
102.81231901477186,19.075230984871773,6240,589.41
102.9734767767429,18.96824163453314,6241,339.41
103.0898984375648,18.92000210377592,6242,483.74
102.55737713713874,18.63002593006214,6243,60.0
102.33531359890439,18.478839467744823,6244,108.17
103.3116924812139,18.460513835948785,6245,201.25
102.33558309348963,18.60765787948756,6246,134.16
103.24836125368347,19.00004199559097,6247,42.43
102.33720006100104,18.71114380021813,6248,42.43
102.31752695627883,18.55375896244039,6249,342.05
102.24125998865708,18.81786365597153,6250,318.91
102.52072587354667,18.431408420743313,6251,30.0
102.63660854519809,18.757766363463933,6252,241.87
102.69697533229092,18.695243619689215,6253,67.08
103.43754645251904,18.497704088711334,6254,108.17
102.95380367202068,18.596339106907656,6255,60.0
103.02656721003437,18.668833150336102,6256,301.5
102.95003074782738,18.59418315022577,6257,381.84
102.41238905028185,18.974978999164033,6258,330.0
102.72581125291116,18.66236528029044,6259,67.08
102.33773905017152,18.51629921509261,6260,547.45
102.48030168576129,18.586098312668693,6261,174.93
102.34986630650712,18.927278457577287,6262,228.47
103.4041291239498,18.81651618304535,6263,342.05
102.92550674057092,18.738093258741717,6264,301.5
102.64226793148804,18.603076471538554,6265,90.0
102.35687316572326,18.44515264459034,6266,84.85
103.35319464734022,18.43545083952185,6267,120.0
102.26551450132831,19.031033872893094,6268,301.5
103.11091901521318,19.08708874662215,6269,483.74
103.18637749907923,18.91137827704837,6270,120.0
102.62798471847053,18.810317807584926,6271,30.0
103.34079789641937,18.862599757120684,6272,351.14
102.81905637940275,19.053401923467668,6273,488.37
102.64118995314709,18.40688441348685,6274,152.97
102.4247858012027,18.5869067964244,6275,0.0
103.07615421371776,19.031842356648802,6276,120.0
102.74764031431525,18.731086399525584,6277,874.65
102.40026179394624,18.671258601603224,6278,254.56
102.92146432179239,18.873649035115353,6279,276.59
102.44014699256114,18.437606796203738,6280,270.0
102.24045150490137,18.99492159847149,6281,42.43
102.30405222701704,18.853436941222665,6282,241.87
102.77405078366837,18.935363295134366,6283,424.27
102.20972912218448,18.68796726588785,6284,161.56
102.74305890636624,18.413621778117747,6285,94.87
102.20784266008783,19.098946508372528,6286,150.0
103.06645240864927,18.797382067493604,6287,436.81
102.24341594533897,18.90437141783224,6288,301.5
103.30576360033871,19.082507338673143,6289,0.0
102.82660222778937,18.46671221140921,6290,42.43
102.21323255179256,18.675840009552235,6291,362.49
102.41346702862279,18.85882683292738,6292,323.11
103.25132569412106,18.87634398096771,6293,174.93
102.66032406869884,18.46859867350586,6294,180.0
102.85975006177337,18.656436399415252,6295,108.17
102.53204464612656,18.5974170852486,6296,442.95
103.31250096496962,18.700094522223463,6297,600.0
102.96027154206635,18.46401726555685,6298,371.08
102.88481305820031,18.75291546092969,6299,276.59
102.22428182978722,18.600920514856664,6300,60.0
102.90044374414398,18.869606616336814,6301,161.56
102.71988237203595,18.544326651957135,6302,240.0
102.33019320178491,18.6117002982661,6303,108.17
102.43853002504973,18.489619251154256,6304,150.0
102.9629664879187,18.922427555043043,6305,0.0
103.16616540518653,18.710874305632895,6306,67.08
103.15322966509522,18.651316002295772,6307,60.0
103.2966007844407,18.52141961221209,6308,127.28
103.11226648813937,18.559418348730343,6309,582.5
102.22131738934962,18.796304089152663,6310,30.0
102.28949951941429,18.773397049407613,6311,30.0
103.39793074848937,18.449464557954116,6312,0.0
102.55980258840586,18.718689648604734,6313,67.08
102.86945186684186,18.95449741068611,6314,123.69
102.94652731821931,18.893591634422805,6315,67.08
102.81743941189134,18.813821237192993,6316,785.18
102.61989988091347,18.926739468406815,6317,563.65
103.12816666866829,18.83026040689238,6318,42.43
102.20568670340595,18.640536218886336,6319,60.0
103.15700258928852,18.79846004583455,6320,900.5
102.68377009761436,18.753184955514925,6321,201.25
102.98506504390805,18.465634233068265,6322,551.55
102.89047244449026,18.891166183155683,6323,90.0
103.39846973765985,19.029416905381677,6324,364.97
103.02926215588673,18.637841273033978,6325,241.87
102.83765150578402,18.42359307777147,6326,517.88
102.54012948368364,18.506058420853645,6327,436.81
102.88238760693318,18.7965735837379,6328,90.0
102.65870710118742,18.765042717265302,6329,323.11
103.20551161463098,18.93698026264578,6330,305.94
102.40268724521336,18.419550658992936,6331,361.25
102.99853977316984,18.83672827693804,6332,563.65
103.3011821923897,18.774475027748558,6333,150.0
103.07884915957013,18.678534955404594,6334,161.56
103.19877425000008,18.86286925170592,6335,394.59
102.28599608980623,18.444344160834632,6336,201.25
102.52638525983662,18.71976762694568,6337,256.32
102.31510150501171,18.535163836059116,6338,271.66
102.33423562056345,18.653471958977658,6339,174.93
102.28599608980623,18.936710768060543,6340,271.66
102.66032406869884,19.07873441447984,6341,270.0
103.31896883501527,18.589332247691523,6342,247.39
102.52746323817756,19.049359504689132,6343,474.34
102.399992299361,18.488541272813315,6344,283.02
103.28123959308225,18.762347771412944,6345,42.43
102.9373645023213,18.70602340309865,6346,429.54
102.34824933899571,18.82244506392054,6347,305.94
103.22168128974512,18.48557683237572,6348,603.0
103.14110240875961,18.6973995763711,6349,0.0
103.14514482753815,18.950454991907574,6350,284.61
102.96808688503819,19.084932789940265,6351,256.32
102.21026811135496,18.738093258741717,6352,450.0
102.47706775073846,18.604154449879495,6353,254.56
102.43718255212355,18.438954269129916,6354,94.87
102.61019807584496,18.700364016808695,6355,480.94
102.68215313010295,18.57666600218544,6356,390.0
103.02953165047197,18.85882683292738,6357,305.94
103.14837876256097,18.839423222790398,6358,218.4
102.6277152238853,19.00974380065946,6359,234.31
102.66032406869884,18.826217988113843,6360,123.69
102.9117625167239,18.95180246483375,6361,84.85
103.0155179320397,18.995191093056725,6362,553.18
103.41760385321159,18.677187482478413,6363,284.61
102.57705024186096,18.838614739034693,6364,30.0
103.37717966542621,18.787680262425116,6365,450.0
102.57543327434954,18.86475571380257,6366,517.88
103.3537336365107,18.75534091219681,6367,254.56
102.69886179438757,18.770702103555255,6368,429.54
103.06699139781975,19.00839632773328,6369,127.28
102.47949320200557,18.473719070625343,6370,201.25
102.29219446526666,18.670989107017988,6371,161.56
103.41436991818877,18.575857518429732,6372,90.0
102.82579374403365,18.95692286195323,6373,270.0
102.60723363540737,18.56750318628742,6374,134.16
103.19392334746583,18.577474485941146,6375,60.0
103.4297311095472,18.74617809629879,6376,134.16
102.69481937560903,18.452967987562182,6377,60.0
102.76866089196365,18.993035136374836,6378,424.27
102.88292659610366,18.620324124993648,6379,174.93
102.54794482665548,18.719498132360442,6380,256.32
103.00285168653362,18.493661669932795,6381,67.08
102.65223923114176,18.678534955404594,6382,182.48
102.49727984463114,18.874188024285825,6383,300.0
102.59052497112275,18.645926110591056,6384,0.0
102.95595962870257,18.993304630960072,6385,174.93
102.97320728215766,18.707101381439593,6386,384.19
102.43799103587925,18.90437141783224,6387,218.4
102.76919988113413,18.824062031431954,6388,67.08
102.32426432090972,18.988453728425828,6389,258.07
103.38418652464235,18.68257737418313,6390,284.61
102.51614446559765,18.929973403429646,6391,271.66
102.7877950075154,19.051784955956254,6392,474.34
102.27952821976058,18.67071961243275,6393,90.0
103.03168760715384,18.865833692143514,6394,134.16
103.19311486371012,18.733242356207473,6395,364.97
102.4352960900269,18.454854449658832,6396,379.48
103.10687659643465,18.731086399525584,6397,212.13
103.04165890680757,18.40553694056067,6398,94.87
103.27800565805941,19.050437483030073,6399,637.81
102.97590222801003,18.75291546092969,6400,0.0
103.18125710195974,18.977943439601628,6401,766.62
102.81663092813564,18.755610406782047,6402,488.37
102.72419428539973,18.95261094858946,6403,582.5
103.0936713617581,18.513604269240247,6404,394.59
102.49296793126737,18.965816183266014,6405,400.25
102.55387370753067,18.693896146763038,6406,283.02
103.39281035136989,18.7146472298262,6407,351.14
102.8697213614271,18.88820174271809,6408,270.0
103.41975980989348,18.455932427999777,6409,120.0
103.4221852611606,19.003545425199036,6410,256.32
103.18044861820404,18.880925388916722,6411,258.07
102.34312894187623,18.904101923247005,6412,318.91
102.97751919552144,18.570737121310252,6413,0.0
102.82040385232894,18.898173042371816,6414,0.0
102.31752695627883,19.027799937870263,6415,90.0
103.41975980989348,18.546482608639025,6416,241.87
103.08774248088291,18.73728477498601,6417,553.18
102.21565800305967,18.72946943201417,6418,212.13
102.81501396062421,18.44191870956751,6419,453.98
102.62394229969199,19.05986979351333,6420,234.31
103.05324717397272,18.713569251485254,6421,391.15
103.02926215588673,18.68392484710931,6422,810.56
102.77647623493549,18.529234955183927,6423,30.0
102.766774429867,18.902754450320824,6424,212.13
102.26740096342496,18.57531852925926,6425,30.0
102.53689554866081,18.6011900094419,6426,150.0
102.69266341892714,18.657783872341433,6427,212.13
103.28905493605409,18.700094522223463,6428,300.0
103.37098128996578,18.79333964871507,6429,174.93
102.681075151762,18.896825569445635,6430,424.27
102.4369130575383,18.431138926158077,6431,161.56
102.3571426603085,18.901676471979883,6432,30.0
102.38894302136633,18.490427734909964,6433,67.08
103.02953165047197,18.83672827693804,6434,189.74
103.29094139815074,18.679612933745535,6435,108.17
102.71880439369502,18.714108240655726,6436,276.59
102.95056973699785,19.005431887295686,6437,276.59
103.30064320321924,18.780403908623747,6438,474.34
102.91203201130912,19.049898493859605,6439,84.85
103.21656089262565,18.43598982869232,6440,152.97
102.53177515154134,18.753184955514925,6441,234.31
102.51371901433053,19.00839632773328,6442,0.0
102.20029681170124,18.872840551359644,6443,30.0
102.85516865382436,18.551603005758505,6444,240.0
102.89640132536545,18.980099396283517,6445,0.0
103.06833887074592,18.797921056664077,6446,429.54
102.31617948335264,19.04962899927437,6447,342.05
102.43098417666312,19.069302103996584,6448,330.0
102.48623056663648,18.399877554270716,6449,0.0
102.8840045744446,18.64161419722728,6450,241.87
103.37125078455102,18.946412573129034,6451,403.61
102.23048020524764,18.98117737462446,6452,201.25
103.34187587476032,18.644578637664875,6453,150.0
102.6209778592544,19.044508602154885,6454,30.0
103.13409554954347,19.059600298928093,6455,649.0
103.29767876278164,18.417394702311046,6456,271.66
103.09960024263329,18.9536889269304,6457,313.21
103.42353273408678,18.737554269571245,6458,189.74
103.37071179538056,18.576396507600204,6459,210.0
103.38661197590947,18.63056491923261,6460,785.18
102.45065728138535,19.04154416171729,6461,90.0
102.24530240743562,19.031842356648802,6462,108.17
103.11981233652597,18.942370154350495,6463,90.0
103.22356775184177,18.466442716823973,6464,510.0
102.90825908711582,18.449734052539352,6465,150.0
102.31564049418218,18.97147556955597,6466,684.77
102.89882677663257,18.88685426979191,6467,589.41
103.43916342003047,18.974709504578797,6468,420.0
102.45820312977195,18.61682069538558,6469,408.05
102.43772154129402,18.963390731998892,6470,120.0
102.93790349149177,18.660209323608555,6471,212.13
103.2049726254605,18.71976762694568,6472,390.0
103.40574609146121,18.969050118288845,6473,169.71
102.44553688426586,18.903293439491296,6474,484.67
103.26776486382046,18.643770153909166,6475,150.0
103.36963381703961,18.870145605507286,6476,379.48
102.57139085557101,18.87903892682007,6477,566.04
102.32749825593255,18.748603547565914,6478,161.56
102.78078814829927,18.942909143520968,6479,445.98
103.42946161496197,18.945873583958562,6480,218.4
103.01497894286922,18.84831654410318,6481,530.76
102.49512388794926,18.912995244559788,6482,276.59
103.02872316671625,18.499590550807984,6483,150.0
102.75087424933808,19.012708241097055,6484,30.0
102.43206215500406,18.852089468296484,6485,240.0
103.25321215621773,18.96285174282842,6486,212.13
103.08935944839432,18.92188856587257,6487,657.95
102.4894645016593,18.563460767508882,6488,560.45
102.21673598140062,18.4440746662494,6489,212.13
103.35777605528924,18.64484813225011,6490,60.0
102.4293672091517,19.08277683325838,6491,254.56
102.91122352755342,18.87311004594488,6492,735.46
103.17398074815839,18.433025388254727,6493,375.9
102.85166522421629,18.701711489734876,6494,618.47
103.11900385277026,18.749951020492095,6495,510.88
102.52961919485945,18.972284053311675,6496,361.25
102.81016305808997,18.50066852914893,6497,120.0
103.28716847395744,18.902484955735588,6498,90.0
102.85328219172771,18.589871236861995,6499,60.0
103.2268016868646,18.72111509987186,6500,123.69
102.26066359879407,18.73539831288936,6501,364.97
102.41023309359996,18.92700896299205,6502,234.31
102.90017424955875,18.51468224758119,6503,421.07
102.50698164969964,18.884428818524785,6504,228.47
103.23623399734787,18.681768890427424,6505,606.72
103.19958273375579,19.063912212291868,6506,757.17
102.2835706385391,18.5936441610553,6507,894.99
103.31977731877097,18.74779506381021,6508,180.0
103.10067822097423,18.86394723004686,6509,161.56
102.47302533195992,18.41847268065199,6510,241.87
103.26911233674663,18.99222665261913,6511,715.61
102.70101775106946,18.78848874618082,6512,241.87
102.371425873326,18.445422139175577,6513,67.08
103.09528832926951,18.792800659544596,6514,361.25
102.25257876123699,18.606849395731857,6515,30.0
102.4789542128351,18.503632969586523,6516,517.88
102.78375258873686,18.461861308874965,6517,442.95
102.38085818380925,18.455123944244068,6518,318.91
102.5029392309211,19.06552917980328,6519,283.02
102.85436017006866,18.854784414148842,6520,450.0
103.10229518848564,18.561304810826996,6521,886.4
102.709641577797,18.755071417611575,6522,582.5
103.2553681128996,18.883889829354317,6523,0.0
103.05567262523984,18.641344702642044,6524,417.85
102.85462966465388,19.042083150887763,6525,339.41
102.23263616192953,19.070649576922765,6526,276.59
102.86810439391569,19.0032759306138,6527,212.13
102.7457538522186,19.051245966785782,6528,108.17
103.34942172314692,18.75291546092969,6529,30.0
102.77378128908313,18.900059504468466,6530,108.17
102.2533872449927,18.90383242866177,6531,0.0
103.09717479136616,18.555375929951808,6532,152.97
102.94544933987838,18.97767394501639,6533,123.69
103.05297767938748,18.659670334438083,6534,192.09
103.16239248099323,18.715455713581903,6535,0.0
102.87079933976804,18.504441453342228,6536,30.0
102.67029536835257,19.086549757451678,6537,445.98
102.87888417732512,18.870415100092522,6538,212.13
102.70128724565468,18.587176291009637,6539,60.0
102.56519248011058,18.707101381439593,6540,67.08
102.37061738957028,18.56615571336124,6541,366.2
102.91445746257625,18.428174485720483,6542,60.0
102.27171287678873,18.933207338452476,6543,0.0
103.33513851012943,18.489619251154256,6544,296.99
102.63633905061285,18.851011489955543,6545,630.0
102.77674572952073,18.8537064358079,6546,30.0
103.2499782211949,18.764234233509594,6547,108.17
102.86001955635861,18.47398856521058,6548,120.0
102.2294022269067,18.479378456915295,6549,67.08
102.65735962826125,18.73917123708266,6550,150.0
102.71691793159836,18.755879901367283,6551,180.0
103.05863706567743,18.578282969696854,6552,442.95
103.07615421371776,18.983602825891584,6553,445.98
102.92739320266757,18.458627373852135,6554,67.08
103.40008670517126,18.86340824087639,6555,150.0
103.06402695738215,18.51656870967784,6556,0.0
102.56950439347435,18.401494521782134,6557,94.87
103.17964013444833,18.65670589400049,6558,342.05
103.03842497178475,18.686619792961668,6559,763.68
103.34079789641937,18.818133150556765,6560,271.66
102.60373020579931,19.09517358417923,6561,94.87
102.74090294968435,19.008665822318516,6562,313.21
102.81959536857323,18.762078276827708,6563,192.09
103.44778724675801,18.97201455872644,6564,268.33
102.64927479070417,18.540553727763836,6565,120.0
102.48380511536935,18.62194109250506,6566,276.59
103.32166378086762,18.90625787992889,6567,360.0
103.06833887074592,18.876613475552947,6568,152.97
102.38382262424685,18.53300787937723,6569,324.5
103.36855583869867,19.096790551690642,6570,349.86
102.23452262402618,19.044508602154885,6571,0.0
102.64011197480615,18.784985316572754,6572,161.56
102.33073219095539,18.673145063699877,6573,254.56
103.4243412178425,18.412543799776802,6574,120.0
102.6277152238853,19.00138946851715,6575,169.71
102.84331089207399,18.746717085469264,6576,531.6
102.84223291373304,18.74186618293502,6577,450.0
103.16347045933418,18.61116130909563,6578,496.59
102.82741071154507,18.768276652288133,6579,189.74
102.6630190145512,19.079542898235548,6580,456.95
102.97401576591338,18.406345424316378,6581,30.0
102.36603598162128,18.504171958756995,6582,134.16
103.14298887085626,18.818941634312473,6583,228.47
102.54578886997359,18.75210697717398,6584,210.0
102.81905637940275,18.88038639974625,6585,700.36
103.05648110899554,18.874188024285825,6586,429.54
103.20847605506857,19.09544307876446,6587,390.0
102.89316739034261,18.96931961287408,6588,42.43
102.4075381477476,18.889818710229505,6589,240.0
103.43431251749621,18.877960948479128,6590,108.17
102.73416558505346,19.003006436028564,6591,570.0
103.32840114549853,18.852089468296484,6592,308.87
102.83926847329545,18.77501401691903,6593,611.89
103.05917605484791,18.467520695164918,6594,523.93
102.85328219172771,19.062025750195218,6595,655.21
103.3469962718798,18.84508260908035,6596,510.0
103.03950295012568,19.10083297046918,6597,30.0
102.38139717297973,18.45889686843737,6598,0.0
102.21943092725297,18.878499937649597,6599,90.0
103.10795457477559,18.490966724080437,6600,192.09
103.05809807650697,18.406614918901614,6601,283.02
102.43260114417454,18.49797358329657,6602,530.76
102.36630547620652,18.617090189970817,6603,722.5
102.28599608980623,18.997077555153375,6604,241.87
103.31330944872532,19.02672195952932,6605,254.56
103.20173869043768,18.712221778559076,6606,30.0
102.36630547620652,18.910030804122194,6607,182.48
102.8907419390755,19.062834233950923,6608,30.0
103.20901504423904,18.827295966454784,6609,360.0
102.79857479092483,18.596608601492893,6610,134.16
103.29336684941786,18.45674091175548,6611,60.0
103.2402764161264,18.893591634422805,6612,60.0
103.1012172101447,18.438415279959443,6613,60.0
103.24297136197876,18.664790731557563,6614,90.0
102.61639645130539,19.097868530031587,6615,134.16
103.4011646835122,18.8965560748604,6616,182.48
102.68619554888149,18.993035136374836,6617,150.0
102.82794970071554,18.535972319814825,6618,192.09
102.46601847274378,18.571006615895485,6619,228.47
102.23937352656043,18.97929091252781,6620,42.43
103.18125710195974,18.51468224758119,6621,807.78
102.96997334713484,18.57774398052638,6622,313.21
102.39783634267911,18.529504449769163,6623,94.87
102.2781807468344,18.86987611092205,6624,402.49
103.362087968653,18.418203186066755,6625,630.0
102.87699771522847,18.9318598655263,6626,644.13
103.35238616358451,18.399877554270716,6627,0.0
102.53500908656416,18.55887935955987,6628,67.08
102.36765294913269,18.835111309426626,6629,335.41
103.4221852611606,18.861252284194503,6630,268.33
103.39469681346655,18.580169431793504,6631,254.56
102.36684446537699,19.09544307876446,6632,276.59
102.99584482731748,18.47830047857435,6633,228.47
102.80989356350474,18.720576110701387,6634,90.0
102.80288670428861,18.56103531624176,6635,30.0
102.46682695649949,18.938058240986724,6636,502.89
102.27467731722632,18.40365047846402,6637,0.0
102.46440150523237,18.730008421184642,6638,150.0
103.32247226462334,18.99168766344866,6639,30.0
103.01740439413635,18.642692175568225,6640,216.33
102.43125367124836,19.013247230267527,6641,254.56
102.64711883402228,18.670450117847516,6642,0.0
103.33217406969183,18.676378998722704,6643,90.0
102.39864482643482,18.749951020492095,6644,30.0
103.10337316682659,18.920810587531626,6645,42.43
103.01147551326116,18.5621132945827,6646,108.17
102.59968778702077,19.100024486713473,6647,84.85
102.69508887019427,18.673953547455582,6648,313.21
102.38004970005355,18.49797358329657,6649,256.32
103.06914735450164,18.98171636379493,6650,30.0
102.47006089152232,18.51872466635973,6651,201.25
102.48784753414789,18.421437121089586,6652,134.16
102.90448616292252,18.733511850792706,6653,201.25
102.7126060182346,19.01055228441517,6654,218.4
102.38463110800255,18.835380804011862,6655,228.47
103.29228887107692,18.466173222238737,6656,152.97
103.23731197568881,18.875266002626766,6657,530.76
102.7886034912711,18.4335643774252,6658,362.49
103.08612551337148,19.003006436028564,6659,216.33
102.88669952029696,18.83026040689238,6660,150.0
103.39846973765985,18.746717085469264,6661,94.87
102.46332352689143,18.600920514856664,6662,360.0
102.23290565651477,18.495278637444212,6663,84.85
102.95784609079922,18.97659596667545,6664,67.08
103.1012172101447,18.686350298376432,6665,283.02
102.7562641410428,18.635954810937328,6666,150.0
103.16589591060131,18.575049034674024,6667,284.61
102.33720006100104,18.9251225008954,6668,823.78
102.39891432102006,18.668024666580394,6669,84.85
102.22697677563959,18.628947951721194,6670,0.0
102.87780619898417,18.826217988113843,6671,442.95
103.05001323894989,18.857209865415964,6672,60.0
103.44940421426942,18.610083330754684,6673,30.0
102.85436017006866,18.74510011795785,6674,0.0
103.44455331173518,18.606849395731857,6675,30.0
103.33459952095895,19.010282789829933,6676,169.71
103.33756396139654,18.787141273254644,6677,617.74
102.24179897782756,18.802771959198324,6678,530.76
102.65062226363034,19.066876652729462,6679,313.21
102.29569789487472,19.06445120146234,6680,134.16
102.87214681269423,19.059600298928093,6681,234.31
102.32345583715401,18.62679199503931,6682,384.19
103.01605692121016,19.07873441447984,6683,60.0
102.25662118001553,18.91542069582691,6684,123.69
102.96081053123682,18.68392484710931,6685,123.69
102.43448760627119,18.845621598250823,6686,362.49
102.66328850913644,18.411735316021094,6687,0.0
103.26156648836003,18.469407157261568,6688,484.67
102.34016450143864,19.067954631070407,6689,134.16
102.93574753480988,18.686619792961668,6690,212.13
102.69131594600096,18.841040190301815,6691,551.55
102.69266341892714,18.887123764377147,6692,0.0
103.18449103698258,18.641344702642044,6693,408.05
103.08396955668961,18.71195228397384,6694,210.0
102.54066847285412,18.485846326960957,6695,442.95
102.35902912240515,18.969589107459317,6696,30.0
102.62933219139671,18.76261726599818,6697,150.0
102.32992370719968,18.453237482147415,6698,94.87
102.73200962837157,18.939136219327665,6699,228.47
102.8734942856204,18.413621778117747,6700,241.87
102.69589735394997,18.527617987672514,6701,201.25
102.95649861787304,18.837806255278984,6702,182.48
103.04839627143848,18.64673459434676,6703,150.0
102.88616053112648,18.414160767288216,6704,283.02
102.99988724609602,18.696860587200632,6705,295.47
102.6398424802209,18.975787482919742,6706,180.0
102.2533872449927,18.728391453673225,6707,90.0
103.26399193962716,18.698747049297282,6708,1033.16
103.4335040337405,18.897364558616108,6709,516.14
102.26820944718067,18.934015822208185,6710,305.94
103.3297486184247,18.829182428551437,6711,366.2
102.48218814785794,18.496087121199917,6712,60.0
103.4259581853539,18.893591634422805,6713,313.21
103.26399193962716,18.599842536515723,6714,180.0
102.23263616192953,18.483959864864303,6715,180.0
103.01390096452828,18.884967807695258,6716,30.0
102.27359933888539,18.536780803570533,6717,240.0
103.27989212015608,18.621402103334592,6718,30.0
102.36307154118369,18.56750318628742,6719,127.28
103.05890656026267,18.45889686843737,6720,42.43
102.20218327379789,19.013516724852764,6721,330.0
102.46871341859614,18.877421959308656,6722,30.0
102.52449879773997,18.776630984430444,6723,502.89
102.42721125246982,18.970936580385498,6724,426.38
103.19904374458531,18.655358421074308,6725,30.0
102.9936888706356,18.747256074639736,6726,618.47
102.90798959253058,18.450812030880293,6727,67.08
102.83872948412497,18.839423222790398,6728,42.43
103.00285168653362,18.829451923136673,6729,212.13
102.81932587398799,18.46159181428973,6730,424.27
102.56168905050251,18.476683511062937,6731,180.0
102.87672822064323,18.51037033421742,6732,94.87
102.56411450176964,18.952341454004223,6733,90.0
102.81932587398799,19.026452464944082,6734,330.0
103.23030511647268,18.55187250034374,6735,364.97
103.28609049561649,19.092748132912103,6736,256.32
102.68619554888149,18.554028457025627,6737,0.0
103.40978851023975,18.716803186508084,6738,169.71
102.52584627066615,18.708448854365773,6739,216.33
102.70263471858087,18.909761309536957,6740,0.0
103.1184648635998,18.936441273475307,6741,120.0
102.40403471813954,18.601459504027137,6742,0.0
102.32911522344396,19.005431887295686,6743,30.0
103.06267948445597,18.92269704962828,6744,247.39
102.36199356284274,18.5621132945827,6745,330.0
103.31923832960051,18.98252484755064,6746,0.0
103.34241486393078,18.551603005758505,6747,573.15
102.35687316572326,18.579630442623035,6748,42.43
102.30027930282374,19.10083297046918,6749,0.0
103.44401432256471,18.595800117737184,6750,161.56
103.0155179320397,18.85828784375691,6751,323.11
102.35094428484807,18.67152809618846,6752,502.89
102.48057118034652,18.874727013456297,6753,42.43
102.87807569356941,18.573162572577374,6754,212.13
102.88130962859223,18.896286580275163,6755,324.5
102.69401089185332,18.893052645252336,6756,150.0
102.80288670428861,18.77366654399285,6757,30.0
103.04974374436465,18.958809324049884,6758,123.69
102.52746323817756,18.91353423373026,6759,42.43
102.44984879762963,18.77878694111233,6760,30.0
103.12628020657164,18.73782376415648,6761,127.28
102.80046125302148,19.017020154460827,6762,108.17
103.276388690548,18.74887304215115,6763,764.86
102.71395349116077,18.753723944685397,6764,218.4
103.01039753492022,18.638919251374922,6765,480.0
103.4049376077055,18.86017430585356,6766,42.43
103.36316594699394,18.65993982902332,6767,256.32
102.2992013244828,18.861252284194503,6768,67.08
103.15619410553282,18.542979179030958,6769,108.17
102.36226305742798,18.80923982924398,6770,84.85
102.68215313010295,18.785524305743227,6771,480.0
102.44526738968062,18.79333964871507,6772,150.0
103.2402764161264,18.78282935989087,6773,268.33
102.64442388816992,19.000311490176205,6774,484.67
102.57085186640053,18.9784824287721,6775,94.87
103.34969121773216,18.711682789388604,6776,394.59
103.00608562155644,18.92970390884441,6777,30.0
102.40592118023619,18.711682789388604,6778,0.0
103.38526450298329,19.021332067824602,6779,254.56
103.31789085667432,18.489888745739492,6780,595.49
102.66167154162501,18.413082788947275,6781,67.08
102.71449248033124,18.564538745849827,6782,30.0
102.83899897871021,18.905988385343655,6783,212.13
103.41841233696731,18.40607592973114,6784,469.58
102.3609155845018,18.414160767288216,6785,379.48
102.87780619898417,18.72434903489469,6786,403.61
102.88104013400701,18.476953005648173,6787,30.0
102.53285312988228,18.85828784375691,6788,120.0
102.55090926709308,18.776361489845208,6789,408.05
102.50859861721105,18.509831345046948,6790,210.0
102.63472208310144,18.493122680762323,6791,524.79
102.71098905072317,18.852089468296484,6792,169.71
102.39379392390057,18.9536889269304,6793,42.43
102.86136702928479,18.54540463029808,6794,201.25
102.40915511525903,18.690123222569735,6795,192.09
103.19985222834102,18.446230622931285,6796,0.0
102.49323742585261,18.672606074529405,6797,30.0
102.4773372453237,18.64754307810247,6798,216.33
102.37789374337166,18.58367286140157,6799,335.41
102.92200331096285,18.848855533273653,6800,366.2
103.13086161452064,18.59526112856671,6801,150.0
102.50832912262581,18.72812195908799,6802,127.28
102.33261865305204,18.448925568783643,6803,218.4
102.73793850924676,18.496356615785153,6804,391.15
103.35184717441405,19.014055714023232,6805,258.07
103.24351035114923,18.696591092615396,6806,488.37
102.49727984463114,18.939944703083373,6807,182.48
102.2865350789767,19.075769974042245,6808,445.98
102.40861612608855,18.64484813225011,6809,563.65
102.91284049506484,18.89709506403087,6810,618.47
103.17398074815839,18.92377502796922,6811,351.14
102.46278453772095,18.842387663227992,6812,182.48
102.51075457389294,18.5049804425127,6813,216.33
102.25850764211218,19.084124306184556,6814,540.84
102.78078814829927,18.92916491967394,6815,90.0
102.23937352656043,18.42763549655001,6816,442.95
103.33028760759518,18.65401094814813,6817,502.89
103.07076432201305,18.744830623372614,6818,120.0
102.68889049473384,18.93617177889007,6819,60.0
103.30576360033871,18.418203186066755,6820,0.0
102.25635168543029,18.972823042482148,6821,42.43
102.46709645108473,18.482073402767654,6822,283.02
102.87969266108082,18.727852464502753,6823,271.66
102.31914392379024,18.828104450210493,6824,270.0
102.48757803956265,18.900598493638938,6825,499.3
102.65439518782365,18.775553006089503,6826,192.09
102.90933706545677,18.59930354734525,6827,212.13
102.51183255223388,18.80358044295403,6828,360.0
102.31617948335264,18.558070875804166,6829,400.25
102.86487045889285,18.461052825119257,6830,351.14
102.67945818425058,18.68203838501266,6831,30.0
102.81743941189134,18.462130803460198,6832,390.0
102.25635168543029,18.91542069582691,6833,120.0
103.38337804088664,18.980099396283517,6834,391.15
102.75356919519044,19.098946508372528,6835,300.0
102.96054103665158,19.07226654443418,6836,150.0
102.83926847329545,18.91676816875309,6837,466.69
102.31698796710836,18.991957158033895,6838,30.0
103.33675547764084,18.873379540530117,6839,0.0
102.97913616303285,18.738901742497426,6840,127.28
103.42541919618343,18.718420154019498,6841,67.08
102.8907419390755,18.59876455817478,6842,212.13
102.67029536835257,18.451620514636,6843,180.0
103.08882045922385,18.53300787937723,6844,30.0
102.53285312988228,18.54863856532091,6845,127.28
103.08154410542248,18.42116762650435,6846,94.87
103.43619897959287,18.817594161386296,6847,90.0
103.11981233652597,18.68796726588785,6848,212.13
103.33729446681131,18.428713474890955,6849,300.0
102.93547804022465,18.684463836279782,6850,453.98
102.34905782275142,19.090053187059745,6851,161.56
102.61693544047587,18.95126347566328,6852,134.16
102.74979627099714,18.74779506381021,6853,180.0
103.35157767982881,18.61628170621511,6854,90.0
103.023872264182,18.56373026209412,6855,94.87
103.09097641590573,18.667216182824685,6856,510.88
102.29569789487472,18.570737121310252,6857,300.0
103.32813165091329,18.89925102071276,6858,276.59
102.33181016929633,18.69497412510398,6859,240.0
103.41787334779683,18.781212392379455,6860,632.85
102.7449453684629,18.78094289779422,6861,67.08
102.81501396062421,18.64673459434676,6862,417.85
103.35238616358451,18.409309864753972,6863,150.0
103.3087280407763,18.807892356317804,6864,590.93
102.20945962759924,18.45108152546553,6865,127.28
102.97105132547578,18.678265460819357,6866,483.74
102.34528489855812,18.754532428441106,6867,60.0
103.17451973732885,18.76854614687337,6868,641.33
103.06133201152979,18.628139467965486,6869,234.31
102.25850764211218,18.491775207836145,6870,152.97
103.31061450287297,18.859904811268326,6871,379.48
102.81501396062421,18.82756546104002,6872,60.0
102.69778381604662,18.77285806023714,6873,445.98
102.49027298541502,18.616012211629872,6874,240.0
103.26722587464998,18.559148854145107,6875,150.0
102.83603453827261,19.050167988444837,6876,488.37
102.43394861710071,19.01055228441517,6877,201.25
102.48515258829553,18.79441762705601,6878,42.43
102.40538219106571,18.909761309536957,6879,120.0
102.9478747911455,18.760461309316295,6880,90.0
103.13867695749248,18.527617987672514,6881,721.25
103.07857966498489,18.63191239215879,6882,189.74
102.59807081950936,18.49851257246704,6883,276.59
103.41194446692164,18.915690190412146,6884,30.0
102.24045150490137,18.78417683281705,6885,150.0
102.95515114494687,18.420628637333877,6886,108.17
103.00500764321549,18.578821958867326,6887,180.0
103.2515951887063,18.592296688129117,6888,804.99
102.5562991587978,19.075769974042245,6889,366.2
102.65196973655652,18.651046507710536,6890,900.0
103.36639988201678,18.898981526127525,6891,782.31
103.29255836566216,18.44515264459034,6892,90.0
103.17478923191409,18.880655894331486,6893,234.31
103.33729446681131,18.902754450320824,6894,577.06
102.67029536835257,19.010013295244697,6895,134.16
103.40628508063169,19.09032268164498,6896,123.69
102.48676955580694,18.878499937649597,6897,600.0
102.75572515187233,18.75426293385587,6898,256.32
103.00851107282357,18.810317807584926,6899,402.49
102.82202081984035,18.912725749974552,6900,84.85
102.31402352667077,18.84831654410318,6901,247.39
103.06321847362645,18.60765787948756,6902,644.13
103.30468562199778,18.712760767729545,6903,330.0
102.34447641480241,18.727852464502753,6904,466.69
103.44751775217277,18.66964163409181,6905,234.31
103.12654970115688,18.494470153688503,6906,436.81
103.03357406925049,18.934554811378657,6907,391.15
102.66248002538073,18.817594161386296,6908,90.0
103.10525962892324,18.964738204925073,6909,553.18
102.433140133345,18.50632791543888,6910,94.87
103.16293147016371,18.89143567774092,6911,680.15
102.99099392478324,19.026452464944082,6912,212.13
103.04624031475659,18.694704630518743,6913,108.17
103.16724338352748,18.77609199525997,6914,540.84
103.00581612697121,18.53893676025242,6915,180.0
102.53716504324605,18.692009684666385,6916,42.43
102.42828923081076,18.71249127314431,6917,30.0
102.64604085568133,18.526270514746333,6918,42.43
103.2462052970016,18.962582248243187,6919,284.61
103.11576991774743,18.99168766344866,6920,499.3
102.50186125258016,18.665868709898508,6921,84.85
102.42828923081076,18.476144521892465,6922,42.43
103.17505872649932,18.976326472090214,6923,212.13
103.37044230079532,18.748603547565914,6924,335.41
102.80073074760672,18.597686579833837,6925,30.0
102.2533872449927,19.020254089483657,6926,60.0
102.87026035059758,18.993574125545308,6927,375.9
103.11738688525885,18.908683331196013,6928,212.13
102.8592110726029,18.894400118178513,6929,182.48
102.91310998965007,18.538397771081947,6930,30.0
102.80558165014097,18.45027304170982,6931,67.08
102.7276977150078,18.641344702642044,6932,201.25
102.26524500674307,18.7717800818962,6933,270.0
102.26793995259543,18.936710768060543,6934,488.37
102.46952190235186,18.981985858380167,6935,120.0
103.1057986180937,18.791992175788888,6936,192.09
103.07022533284257,19.083046327843615,6937,234.31
102.76731341903748,19.02591347577361,6938,201.25
102.47491179405657,18.915690190412146,6939,189.74
102.90637262501917,18.661556796534732,6940,499.3
102.75006576558238,18.414160767288216,6941,254.56
102.87538074771705,18.607388384902325,6942,150.0
102.80342569345908,18.934015822208185,6943,0.0
102.60373020579931,18.95180246483375,6944,295.47
103.0268367046196,18.60846636324327,6945,523.93
102.8734942856204,18.969858602044553,6946,67.08
103.40385962936456,18.49339217534756,6947,127.28
103.01659591038064,18.851280984540775,6948,496.59
102.38705655926968,18.891705172326155,6949,323.11
103.17020782396507,18.884428818524785,6950,182.48
103.03869446636998,18.922427555043043,6951,67.08
102.30890312955128,18.850741995370306,6952,429.54
103.27019031508758,18.443805171664163,6953,218.4
102.26713146883972,18.744830623372614,6954,30.0
102.77863219161738,18.98818423384059,6955,632.85
102.67029536835257,18.435181344936613,6956,212.13
103.20066071209673,18.517107698848314,6957,30.0
102.55683814796826,18.91542069582691,6958,120.0
103.1268191957421,18.51090932338789,6959,375.9
102.94302388861125,18.517916182604022,6960,94.87
102.26066359879407,18.613047771192278,6961,180.0
102.44634536802157,18.785793800328463,6962,466.69
102.40457370731,19.03777123752399,6963,480.94
102.40026179394624,19.00516239271045,6964,570.0
102.4743728048861,18.88685426979191,6965,469.58
102.46979139693708,18.584750839742515,6966,212.13
103.29282786024739,18.417394702311046,6967,216.33
102.4781457290794,19.03453730250116,6968,305.94
102.30782515121034,19.094634595008756,6969,301.5
102.34932731733666,19.01432520860847,6970,684.11
102.69481937560903,19.025104992017905,6971,161.56
102.54821432124072,18.540553727763836,6972,182.48
103.21305746301758,18.453776471317887,6973,0.0
102.2781807468344,18.40688441348685,6974,284.61
102.47545078322705,18.620593619578884,6975,0.0
102.70802461028558,18.64754307810247,6976,84.85
103.24836125368347,18.433294882839963,6977,0.0
103.36936432245437,19.00516239271045,6978,330.0
102.75356919519044,18.597686579833837,6979,150.0
102.5991487978503,18.496087121199917,6980,30.0
103.18125710195974,19.075769974042245,6981,216.33
103.40763255355786,18.996269071397666,6982,0.0
102.9171524084286,18.77609199525997,6983,840.54
103.08774248088291,18.766390190191483,6984,517.88
102.2760247901525,18.57208459423643,6985,384.19
103.2057811092162,18.47183260852869,6986,60.0
103.08154410542248,19.089514197889272,6987,713.1
102.52395980856949,18.771510587310964,6988,94.87
102.49862731755732,18.516838204263077,6989,429.54
103.06941684908686,18.74186618293502,6990,180.0
102.57624175810525,18.64565661600582,6991,240.0
102.25527370708934,19.099216002957764,6992,120.0
102.99314988146511,18.796843078323132,6993,30.0
102.40133977228717,18.477491994818642,6994,268.33
103.44940421426942,18.703597951831526,6995,624.26
102.44930980845916,18.466173222238737,6996,366.2
102.48623056663648,18.63191239215879,6997,342.05
102.86136702928479,18.603615460709026,6998,390.0
103.02872316671625,18.511987301728833,6999,268.33
103.22653219227936,18.894130623593277,7000,30.0
102.20056630628646,18.935363295134366,7001,240.0
102.29866233531232,18.66182629111997,7002,360.0
103.21656089262565,18.95692286195323,7003,0.0
102.43826053046449,18.823523042261485,7004,323.11
102.44796233553298,18.443805171664163,7005,84.85
103.2974092681964,18.950185497322337,7006,662.72
103.386072986739,19.073344522775123,7007,234.31
102.99665331107319,18.413082788947275,7008,241.87
102.36711395996223,18.661287301949496,7009,390.0
103.13840746290725,18.51737719343355,7010,30.0
103.18583850990876,18.46401726555685,7011,30.0
102.3075556566251,18.50390246417176,7012,339.41
102.8621755130405,18.600381525686196,7013,360.0
102.36010710074609,18.551064016588033,7014,256.32
102.2752163063968,18.998425028079556,7015,256.32
103.24351035114923,18.62086311416412,7016,457.93
102.75949807606563,19.088166724963095,7017,60.0
102.45982009728336,18.787680262425116,7018,60.0
103.05890656026267,18.51818567718926,7019,530.76
102.99018544102752,18.665329720728035,7020,0.0
102.24826684787321,18.749951020492095,7021,192.09
103.16158399723753,19.022679540750783,7022,458.91
102.8133969931128,18.49797358329657,7023,276.59
103.15430764343616,18.89601708568993,7024,127.28
103.29148038732122,19.03318982957498,7025,84.85
103.31357894331056,18.843735136154173,7026,84.85
103.20685908755715,18.887662753547616,7027,67.08
102.200027317116,18.623558060016478,7028,436.81
102.72985367168968,18.654280442733366,7029,42.43
103.43835493627475,18.901676471979883,7030,30.0
103.41949031530824,18.67745697706365,7031,468.62
103.43970240920093,18.484498854034776,7032,308.87
102.45766414060147,18.873379540530117,7033,403.61
103.1448753329529,18.795495605396955,7034,323.11
103.14972623548715,18.78848874618082,7035,134.16
102.93601702939512,18.472371597699162,7036,361.25
102.81986486315846,18.67341455828511,7037,182.48
102.62906269681147,18.893591634422805,7038,611.89
103.19985222834102,18.40553694056067,7039,241.87
102.45200475431152,19.098138024616823,7040,300.0
102.51910890603524,18.818402645142,7041,570.79
102.29866233531232,18.62274957626077,7042,241.87
102.74629284138908,18.90625787992889,7043,305.94
102.9163439246729,18.93751925181625,7044,247.39
103.10445114516753,18.746447590884028,7045,379.48
103.19176739078395,19.0671461473147,7046,429.54
102.61882190257252,18.792261670374124,7047,0.0
102.52045637896143,18.578821958867326,7048,362.49
102.29569789487472,18.527348493087278,7049,127.28
102.25608219084505,18.67422304204082,7050,424.27
102.59860980867983,18.98063838545399,7051,0.0
103.03168760715384,18.701172500564404,7052,60.0
103.13705998998107,18.75022051507733,7053,234.31
102.65466468240888,19.038040732109224,7054,792.03
102.89559284160974,18.749951020492095,7055,84.85
103.05351666855795,18.54136221151954,7056,335.41
102.8155529497947,18.767468168532424,7057,169.71
103.42541919618343,18.959887302390825,7058,150.0
102.44041648714638,19.084932789940265,7059,228.47
102.75949807606563,18.66964163409181,7060,152.97
102.77782370786167,18.65913134526761,7061,420.0
103.4049376077055,18.811665280511107,7062,582.5
103.31115349204343,18.507675388365058,7063,450.0
102.94005944817366,18.87823044306436,7064,218.4
102.2744078226411,18.87634398096771,7065,0.0
102.78375258873686,18.846160587421295,7066,60.0
102.68323110844389,18.621402103334592,7067,120.0
103.0516302064613,18.552411489514213,7068,30.0
102.70694663194465,18.407153908072086,7069,42.43
102.69859229980233,18.75102899883304,7070,0.0
103.41113598316593,18.408501380998263,7071,67.08
102.65062226363034,18.98171636379493,7072,362.49
103.03680800427333,19.035884775427338,7073,445.98
103.13679049539583,18.890357699399974,7074,192.09
102.31671847252312,18.565347229605532,7075,300.0
102.87295529644993,18.945604089373326,7076,60.0
102.57947569312807,19.08978369247451,7077,161.56
102.39406341848581,18.67880444998983,7078,60.0
103.3763711816705,18.634876832596383,7079,834.09
102.26308905006118,18.705753908513415,7080,295.47
103.28851594688362,18.855053908734078,7081,120.0
102.40538219106571,18.53812827649671,7082,180.0
102.2714433822035,19.053671418052904,7083,270.0
102.39541089141198,18.751567988003508,7084,0.0
102.62394229969199,18.4583578792669,7085,450.0
102.34447641480241,18.702519973490585,7086,216.33
102.26335854464642,18.450542536295057,7087,108.17
102.4638625160619,19.08601076828121,7088,67.08
103.41140547775117,18.562652283753174,7089,360.0
103.17101630772079,18.64808206727294,7090,192.09
102.29569789487472,18.694165641348274,7091,150.0
102.26066359879407,18.8431961469837,7092,108.17
102.68754302180766,18.469676651846804,7093,182.48
102.95569013411733,18.43410336659567,7094,323.11
102.62313381593628,18.59283567729959,7095,390.0
102.68754302180766,19.035884775427338,7096,120.0
103.30711107326489,19.08978369247451,7097,67.08
102.31564049418218,18.50632791543888,7098,349.86
103.15511612719187,18.58043892637874,7099,30.0
102.38409211883209,18.865025208387806,7100,228.47
102.48596107205124,18.52141961221209,7101,569.21
102.89047244449026,18.8146297209487,7102,494.77
102.3609155845018,18.417394702311046,7103,271.66
102.7675829136227,18.530582428110108,7104,30.0
102.56438399635488,18.824601020602426,7105,364.97
102.47679825615322,18.75291546092969,7106,67.08
103.05728959275126,18.925391995480638,7107,725.61
103.32813165091329,18.507944882950294,7108,300.0
102.73605204715011,19.017828638216535,7109,483.74
103.15107370841334,18.464286760142087,7110,0.0
103.06133201152979,18.84077069571658,7111,417.85
102.25850764211218,19.008126833148044,7112,563.65
103.25482912372914,18.769893619799547,7113,123.69
103.05189970104654,18.993843620130544,7114,212.13
103.26372244504192,18.98063838545399,7115,90.0
103.25240367246201,18.928086941332996,7116,30.0
103.31627388916291,18.52330607430874,7117,240.0
102.46062858103906,18.88685426979191,7118,247.39
102.60022677619123,18.866372681313983,7119,180.0
102.90448616292252,18.81328224802252,7120,361.25
103.0222552966706,18.493122680762323,7121,123.69
102.6172049350611,18.56804217545789,7122,90.0
102.34070349060912,18.4659037276535,7123,120.0
103.07750168664394,18.621402103334592,7124,30.0
102.40726865316236,18.524923041820156,7125,169.71
102.77997966454356,18.704945424757707,7126,400.25
102.96323598250395,18.935632789719598,7127,134.16
103.32867064008376,18.78929722993653,7128,270.0
102.64631035026657,18.79441762705601,7129,240.0
102.48407460995459,19.096521057105406,7130,510.0
102.7915679317087,18.884159323939553,7131,241.87
103.44886522509896,18.491775207836145,7132,120.0
102.51641396018289,18.67880444998983,7133,0.0
102.38166666756496,18.52654000933157,7134,474.34
102.3617240682575,18.407153908072086,7135,657.95
102.45550818391959,18.703597951831526,7136,381.84
102.57866720937237,18.783907338231813,7137,30.0
102.84923977294918,18.959348313220357,7138,323.11
103.08100511625202,18.49473964827374,7139,313.21
102.23802605363424,18.989262212181536,7140,524.79
102.47976269659081,18.602806976953318,7141,270.0
102.64253742607328,18.79333964871507,7142,192.09
102.50940710096675,18.869337121751578,7143,90.0
102.47976269659081,18.450812030880293,7144,313.21
102.45227424889676,18.828643439380965,7145,169.71
102.36307154118369,18.77043260897002,7146,134.16
102.27764175766391,18.53570282522959,7147,150.0
102.86001955635861,18.769893619799547,7148,842.14
102.54147695660983,18.907874847440308,7149,457.93
103.43485150666669,18.96608567785125,7150,228.47
102.84977876211964,18.485846326960957,7151,254.56
103.00554663238597,19.03453730250116,7152,807.78
102.66409699289214,19.01809813280177,7153,510.88
102.65466468240888,19.078195425309367,7154,480.0
103.23407804066598,18.969589107459317,7155,161.56
102.79938327468054,18.796843078323132,7156,390.0
103.11253598272461,19.03453730250116,7157,150.0
103.0990612534628,18.85559289790455,7158,591.7
102.38867352678109,18.667216182824685,7159,296.99
102.44338092758397,18.807892356317804,7160,108.17
103.30765006243536,18.45431546048836,7161,216.33
103.12089031486691,18.673145063699877,7162,90.0
103.06564392489356,18.40095553261166,7163,30.0
102.69562785936473,19.036154270012574,7164,216.33
103.19931323917055,18.63568531635209,7165,458.91
103.05082172270559,18.874188024285825,7166,300.0
102.48703905039218,18.718420154019498,7167,300.0
102.2676704580102,18.893591634422805,7168,342.05
103.35885403363018,19.08601076828121,7169,600.0
102.90852858170106,18.685541814620723,7170,361.25
102.57381630683813,18.773127554822377,7171,510.0
102.27009590927732,18.64619560517629,7172,84.85
102.77243381615695,18.416855713140578,7173,94.87
102.33450511514869,19.019445605727952,7174,445.98
103.10525962892324,18.512526290899306,7175,174.93
102.65439518782365,19.064990190632813,7176,331.36
102.2587771366974,18.43868477454468,7177,0.0
102.76812190279318,18.756957879708228,7178,30.0
103.23165258939885,18.712221778559076,7179,361.25
102.54336341870648,18.85640138166026,7180,524.79
102.47545078322705,19.044508602154885,7181,657.95
103.31142298662867,18.80923982924398,7182,510.0
102.42909771456647,18.62679199503931,7183,403.61
102.94976125324214,18.552680984099446,7184,84.85
102.52234284105808,18.631373402988316,7185,349.86
103.28285656059367,18.668563655750866,7186,375.9
102.6894294839043,18.75480192302634,7187,740.95
102.34447641480241,18.442996687908455,7188,276.59
102.62825421305577,19.03049488372262,7189,180.0
102.27925872517534,18.420089648163405,7190,258.07
102.88616053112648,18.871762573018703,7191,108.17
102.28141468185723,18.879308421405305,7192,216.33
103.05648110899554,18.962582248243187,7193,270.0
102.59402840073082,18.781212392379455,7194,390.0
103.2268016868646,18.656436399415252,7195,540.84
103.10903255311653,19.051784955956254,7196,335.41
102.4848830937103,19.067954631070407,7197,240.0
103.15565511636234,18.990609685107714,7198,134.16
103.34591829353886,18.83484181484139,7199,429.54
102.70074825648422,19.032650840404507,7200,891.97
103.31438742706626,18.94856852981092,7201,394.59
103.40763255355786,18.739979720838367,7202,615.55
102.91499645174672,18.787680262425116,7203,256.32
102.98587352766376,18.6898537279845,7204,480.94
102.79695782341342,18.882811851013372,7205,240.0
102.23506161319665,18.676378998722704,7206,240.0
102.71476197491648,18.976865461260687,7207,480.0
103.06995583825734,18.870954089262995,7208,451.0
103.05755908733649,18.442457698737982,7209,123.69
102.33800854475675,18.99546058764196,7210,349.86
102.31025060247745,18.521689106797325,7211,296.99
103.34376233685697,18.837536760693748,7212,192.09
102.33962551226817,18.51144831255836,7213,60.0
102.29138598151096,18.877960948479128,7214,94.87
102.74790980890049,18.601728998612373,7215,161.56
102.98371757098187,18.598495063589542,7216,429.54
102.58675204692945,18.409309864753972,7217,436.81
102.76839139737841,18.449464557954116,7218,30.0
102.21619699223015,18.720845605286623,7219,150.0
102.95622912328781,18.796843078323132,7220,300.0
102.65116125280082,18.912725749974552,7221,597.75
103.08908995380908,18.989801201352005,7222,323.11
103.18071811278928,18.448656074198407,7223,120.0
103.1696688347946,18.552411489514213,7224,123.69
103.15727208387375,18.552411489514213,7225,451.0
102.57597226352001,18.519802644700672,7226,150.0
103.00581612697121,18.854514919563606,7227,189.74
103.42676666910961,18.693896146763038,7228,123.69
102.27871973600486,18.94856852981092,7229,123.69
102.8953233470245,18.5440571573719,7230,210.0
102.5059036713587,18.935902284304834,7231,150.0
102.38624807551398,18.943717627276676,7232,210.0
102.59887930326506,18.574240550918315,7233,420.0
103.37583219250004,18.72111509987186,7234,120.0
102.95003074782738,18.92862593050347,7235,360.0
102.2609330933793,19.023488024506488,7236,258.07
102.32291684798355,18.607388384902325,7237,60.0
103.4243412178425,18.964738204925073,7238,30.0
102.80908507974902,18.861791273364975,7239,174.93
102.61477948379398,18.733242356207473,7240,0.0
103.3305571021804,18.946951562299507,7241,90.0
102.23290565651477,18.784985316572754,7242,201.25
102.22751576481005,18.90437141783224,7243,458.91
102.71772641535408,18.625444522113128,7244,210.0
102.45577767850482,18.97929091252781,7245,150.0
103.02117731832965,18.855323403319314,7246,690.66
103.22491522476795,18.71195228397384,7247,150.0
103.1982352608296,18.907874847440308,7248,502.89
102.5991487978503,18.866911670484455,7249,60.0
102.9726682929872,19.05205445054149,7250,150.0
103.01875186706252,18.686080803791196,7251,636.4
103.16320096474894,18.483959864864303,7252,127.28
103.04058092846662,18.969050118288845,7253,84.85
102.98075313054427,18.427096507379538,7254,284.61
102.45227424889676,18.626522500454072,7255,30.0
103.38418652464235,19.09517358417923,7256,424.27
102.62178634301011,18.41092683226539,7257,192.09
102.25473471791888,18.96608567785125,7258,60.0
103.14676179504956,18.427904991135247,7259,60.0
103.23326955691027,19.050976472200546,7260,201.25
102.62906269681147,18.686619792961668,7261,30.0
102.200027317116,18.864216724632097,7262,417.85
102.4277502416403,18.875266002626766,7263,30.0
103.11388345565078,18.706831886854356,7264,254.56
103.2868989793722,18.987375750084883,7265,641.33
103.3717897737215,18.517646688018786,7266,30.0
102.45766414060147,18.59283567729959,7267,180.0
102.3458238877286,18.87903892682007,7268,488.37
102.55872461006491,19.020254089483657,7269,123.69
102.43017569290741,18.824601020602426,7270,305.94
102.33881702851247,18.64296167015346,7271,182.48
102.9839870655671,18.876613475552947,7272,330.0
102.5398599890984,18.732972861622237,7273,240.0
103.41679536945588,18.646465099761524,7274,450.0
102.63499157768666,18.979021417942572,7275,60.0
102.94652731821931,18.560765821656524,7276,390.0
102.8125885093571,18.922158060457807,7277,256.32
102.33477460973393,18.965816183266014,7278,456.95
102.68754302180766,18.721384594457096,7279,180.0
102.80126973677719,18.490427734909964,7280,429.54
103.33298255344754,19.055018890979085,7281,201.25
102.46278453772095,18.60927484699898,7282,60.0
103.36289645240872,18.963390731998892,7283,551.55
102.2226648622758,18.646465099761524,7284,569.21
103.16454843767512,19.06445120146234,7285,597.75
103.22841865437603,18.59606961232242,7286,331.36
103.00689410531214,18.97929091252781,7287,67.08
102.57031287723007,18.44326618249369,7288,276.59
103.44886522509896,18.617090189970817,7289,0.0
102.7886034912711,18.589332247691523,7290,534.14
102.64927479070417,18.641344702642044,7291,494.77
103.06914735450164,18.87823044306436,7292,150.0
103.42029879906396,18.585289828912988,7293,150.0
102.38004970005355,18.798729540419785,7294,84.85
102.4789542128351,18.430599936987605,7295,67.08
103.30980601911725,18.44919506336888,7296,90.0
103.29983471946352,18.588523763935818,7297,30.0
103.39334934054037,18.507405893779826,7298,371.08
102.27117388761826,18.5621132945827,7299,123.69
103.386072986739,18.99087917969295,7300,174.93
102.85759410509148,18.91676816875309,7301,120.0
102.93601702939512,18.866911670484455,7302,420.0
102.83280060324978,19.034267807915924,7303,335.41
102.53770403241653,18.876074486382475,7304,390.0
102.98587352766376,18.73971022625313,7305,523.93
103.0726507841097,18.764234233509594,7306,210.0
102.43826053046449,18.501477012904633,7307,384.19
102.21323255179256,18.413891272702983,7308,60.0
102.42694175788459,18.802771959198324,7309,296.99
103.16697388894225,18.63245138132926,7310,0.0
103.4335040337405,18.408231886413027,7311,150.0
102.39891432102006,18.881733872672427,7312,120.0
103.14137190334485,18.647273583517233,7313,210.0
102.31213706457412,18.755610406782047,7314,426.38
102.24934482621416,18.584750839742515,7315,361.25
102.80692912306715,18.524923041820156,7316,456.95
102.54471089163266,18.8965560748604,7317,480.0
102.85355168631294,18.53947574942289,7318,42.43
102.4743728048861,18.791992175788888,7319,390.0
102.46682695649949,18.5869067964244,7320,390.0
103.41490890735923,18.70656239226912,7321,108.17
103.32355024296427,18.94425661644715,7322,161.56
102.26982641469208,18.831068890648087,7323,270.0
102.51291053057483,18.401494521782134,7324,120.0
102.43718255212355,18.703058962661057,7325,120.0
102.33558309348963,19.048551020933424,7326,360.0
102.38975150512204,18.86340824087639,7327,745.19
103.05109121729083,18.856131887075023,7328,182.48
102.87834518815464,18.943717627276676,7329,189.74
102.56680944762199,18.55564542453704,7330,30.0
102.73254861754205,18.986028277158706,7331,30.0
102.69589735394997,19.004892898125213,7332,560.45
103.23865944861498,18.816246688460115,7333,30.0
102.63256612641955,18.808700840073513,7334,84.85
103.23030511647268,19.057444342246207,7335,381.84
103.3537336365107,19.08115986574696,7336,270.0
102.35606468196755,18.941022681424318,7337,0.0
102.87538074771705,18.884967807695258,7338,429.54
102.76488796777035,18.46536473848303,7339,201.25
102.64927479070417,18.49986004539322,7340,60.0
102.35229175777425,18.80088549710167,7341,60.0
103.18233508030069,18.62274957626077,7342,169.71
102.55198724543402,18.72111509987186,7343,553.18
102.60265222745836,19.100024486713473,7344,120.0
102.64657984485181,18.90302394490606,7345,90.0
102.3865175700992,18.71303026231478,7346,917.83
103.35696757153353,18.76908513604384,7347,364.97
102.38517009717303,18.90383242866177,7348,42.43
102.89963526038828,18.485846326960957,7349,480.94
102.20972912218448,18.686889287546904,7350,60.0
102.41912641491274,18.413621778117747,7351,127.28
102.2496143207994,18.861791273364975,7352,258.07
103.39577479180748,18.879308421405305,7353,30.0
102.66355800372166,18.87391852970059,7354,523.93
102.4398774979759,18.70737087602483,7355,216.33
102.69993977272851,18.878769432234833,7356,258.07
102.71853489910978,18.94533459478809,7357,60.0
102.57785872561666,18.493122680762323,7358,67.08
102.26955692010685,18.88038639974625,7359,403.61
103.11064952062796,19.008935316903752,7360,67.08
103.20658959297192,18.45027304170982,7361,216.33
103.11064952062796,18.561843799997465,7362,782.31
102.44823183011822,18.538397771081947,7363,531.6
102.99180240853894,18.623558060016478,7364,84.85
103.4049376077055,19.02914741079644,7365,134.16
102.28114518727199,18.845621598250823,7366,60.0
103.2839345389346,18.970936580385498,7367,30.0
102.31779645086407,18.830529901477615,7368,331.36
102.58244013356567,18.40230300553784,7369,180.0
102.40969410442949,18.980368890868753,7370,330.0
103.34915222856169,18.647004088931997,7371,0.0
102.22455132437246,18.804658421294974,7372,60.0
103.05459464689889,18.594991633981476,7373,466.69
102.83980746246591,19.094095605838284,7374,301.5
102.94302388861125,18.682307879597893,7375,606.72
103.1486482571462,18.53705029815577,7376,360.0
103.01875186706252,19.021332067824602,7377,94.87
103.10606811267894,18.735667807474595,7378,150.0
102.51614446559765,18.66829416116563,7379,488.37
102.46035908645383,18.537319792741005,7380,218.4
103.35669807694829,18.455393438829304,7381,84.85
102.74305890636624,18.993843620130544,7382,296.99
102.75303020601997,18.749412031321622,7383,123.69
103.38122208420475,18.47318008145487,7384,268.33
102.99314988146511,18.56938964838407,7385,216.33
103.15269067592475,18.961234775317006,7386,577.06
102.5315056569561,18.489080261983787,7387,108.17
103.3995477160008,19.04693405342201,7388,364.97
103.01902136164776,18.711413294803368,7389,42.43
102.8163614335504,18.494470153688503,7390,451.0
103.07777118122918,18.746447590884028,7391,241.87
103.37691017084099,18.88954921564427,7392,469.58
102.4293672091517,18.511987301728833,7393,339.41
103.047857282268,18.947490551469976,7394,0.0
102.58917749819658,18.433294882839963,7395,150.0
103.15888905138517,18.45566293341454,7396,30.0
102.75383868977568,18.860982789609267,7397,108.17
102.51452749808624,18.890896688570447,7398,234.31
102.58756053068515,18.87634398096771,7399,0.0
103.27504121762182,18.909222320366485,7400,0.0
102.31402352667077,18.65266347522195,7401,530.76
102.83253110866455,18.637841273033978,7402,67.08
102.68215313010295,18.403111489293547,7403,270.0
103.14676179504956,18.700903005979168,7404,42.43
102.80746811223761,19.050437483030073,7405,800.5
102.8344175707612,18.967702645362667,7406,0.0
102.53258363529704,18.861791273364975,7407,120.0
102.34232045812053,18.961504269902242,7408,30.0
102.4579336351867,18.68473333086502,7409,708.03
102.97590222801003,18.724618529479923,7410,67.08
102.45685565684576,18.735128818304123,7411,108.17
103.24836125368347,19.03238134581927,7412,416.78
103.31250096496962,18.81328224802252,7413,523.93
102.96054103665158,18.8003465079312,7414,429.54
102.70371269692181,18.762886760583417,7415,618.47
103.4394329146157,18.996269071397666,7416,123.69
103.15700258928852,18.539745244008127,7417,108.17
103.44563129007612,18.56022683248605,7418,247.39
103.10445114516753,18.807353367147332,7419,30.0
102.63660854519809,18.67233657994417,7420,150.0
102.76354049484416,19.09355661666781,7421,300.0
102.33073219095539,18.457010406340718,7422,308.87
103.36909482786913,18.546752103224257,7423,161.56
102.31025060247745,18.959887302390825,7424,234.31
102.685656559711,18.46024434136355,7425,0.0
103.41598688570018,18.641344702642044,7426,589.41
103.44347533339423,18.700094522223463,7427,256.32
102.3008182919942,18.860443800438794,7428,84.85
102.52369031398426,18.433294882839963,7429,210.0
102.9201168488662,18.422784594015766,7430,210.0
102.43826053046449,18.8927831506671,7431,216.33
102.53312262446751,19.00004199559097,7432,192.09
103.00285168653362,18.96177376448748,7433,218.4
102.31294554832982,18.704945424757707,7434,351.14
102.9516477153388,19.055018890979085,7435,161.56
103.36154897948254,18.653471958977658,7436,60.0
103.00527713780073,19.041274667132054,7437,270.0
102.75195222767903,19.081429360332198,7438,123.69
103.07911865415535,18.796304089152663,7439,90.0
102.52422930315473,18.48557683237572,7440,108.17
103.14837876256097,18.851011489955543,7441,30.0
102.31483201042647,18.59283567729959,7442,30.0
103.01686540496587,19.04477809674012,7443,234.31
102.8667569209895,18.815438204704407,7444,30.0
103.24351035114923,18.799268529590258,7445,268.33
102.5819011443952,19.065259685218045,7446,60.0
102.87780619898417,18.663443258631386,7447,120.0
103.07669320288824,18.768007157702897,7448,84.85
103.32651468340187,18.884159323939553,7449,342.05
102.32884572885874,18.926200479236346,7450,67.08
103.29471432234405,18.64430914307964,7451,241.87
102.61936089174299,18.739440731667898,7452,360.0
102.75410818436092,19.057713836831443,7453,30.0
102.65277822031223,18.440301742056096,7454,90.0
102.66733092791497,18.797382067493604,7455,510.88
102.46035908645383,18.815707699289643,7456,570.79
103.30980601911725,19.008665822318516,7457,268.33
103.20632009838668,18.94344813269144,7458,60.0
102.75087424933808,18.401225027196897,7459,60.0
102.86136702928479,18.914073222900733,7460,120.0
102.91499645174672,18.734320334548414,7461,67.08
102.46925240776662,18.437337301618502,7462,390.0
102.83468706534643,18.810317807584926,7463,674.17
103.27450222845135,18.63972773513063,7464,108.17
102.93386107271323,18.502824485830814,7465,94.87
103.24377984573447,18.524923041820156,7466,618.47
102.28707406814718,18.407423402657322,7467,391.15
102.88643002571172,18.768007157702897,7468,150.0
102.51075457389294,18.675570514967,7469,254.56
103.00958905116451,18.78848874618082,7470,697.79
103.13490403329918,18.872571056774408,7471,30.0
103.03761648802903,18.873649035115353,7472,295.47
102.78132713746973,18.99168766344866,7473,349.86
103.16562641601607,18.85559289790455,7474,512.64
102.57597226352001,18.89143567774092,7475,60.0
102.31294554832982,18.926739468406815,7476,540.84
102.75653363562803,18.555375929951808,7477,296.99
102.99314988146511,18.52465354723492,7478,814.99
102.41589247988992,19.043161129228707,7479,323.11
102.52800222734803,18.982255352965403,7480,591.7
102.98317858181139,18.789566724521766,7481,547.45
102.4886560179036,19.09517358417923,7482,150.0
103.02252479125583,18.545674124883316,7483,42.43
102.58351811190661,18.881194883501955,7484,127.28
102.21943092725297,18.91353423373026,7485,108.17
103.14191089251531,18.801154991686907,7486,90.0
103.27153778801376,18.543787662786663,7487,391.15
103.2041641417048,18.62921744630643,7488,189.74
102.78375258873686,18.568311670043126,7489,123.69
102.39460240765628,18.7469865800545,7490,30.0
102.22023941100868,18.49150571325091,7491,174.93
103.4297311095472,18.86394723004686,7492,90.0
102.43879951963497,19.090861670815453,7493,271.66
102.87079933976804,18.993574125545308,7494,408.05
102.92469825681522,18.604962933635203,7495,189.74
103.243240856564,18.541092716934305,7496,342.05
103.38445601922758,18.803310948368793,7497,182.48
102.41777894198657,18.578282969696854,7498,201.25
102.36199356284274,18.954227916100873,7499,550.73
103.39361883512561,18.497704088711334,7500,390.0
102.99341937605035,18.928895425088704,7501,296.99
102.79668832882818,18.42844398030572,7502,67.08
102.81151053101615,18.76369524433912,7503,42.43
103.41194446692164,18.482881886523362,7504,426.38
102.31590998876742,18.468329178920623,7505,256.32
103.04597082017135,18.551064016588033,7506,218.4
102.2579686529417,19.008935316903752,7507,524.79
102.39487190224152,18.78525481115799,7508,270.0
103.19904374458531,18.828104450210493,7509,456.95
103.40439861853504,18.427904991135247,7510,192.09
102.46170655938,18.835919793182335,7511,0.0
102.90933706545677,18.862599757120684,7512,60.0
102.34690186606953,18.66640769906898,7513,420.0
102.98802948434565,19.049898493859605,7514,189.74
102.38382262424685,18.65320246439242,7515,127.28
103.02279428584106,18.50309398041605,7516,90.0
102.46035908645383,18.904910407002713,7517,90.0
102.85355168631294,18.766120695606247,7518,416.78
102.79102894253823,18.68715878213214,7519,150.0
102.68592605429625,18.520072139285908,7520,150.0
103.18691648824971,19.003545425199036,7521,416.78
102.99422785980606,18.679073944575066,7522,120.0
102.76812190279318,19.09867701378729,7523,403.61
102.35552569279709,18.805466905050682,7524,84.85
103.28528201186079,18.816246688460115,7525,240.0
103.03680800427333,18.454045965903124,7526,218.4
103.04300637973375,18.722462572798037,7527,417.85
103.41922082072301,18.88685426979191,7528,210.0
103.27234627176946,18.57855246428209,7529,445.98
102.35956811157563,18.789566724521766,7530,241.87
102.37870222712736,18.768815641458605,7531,593.97
102.48919500707407,18.424940550697652,7532,180.0
102.93978995358842,18.77770896277139,7533,0.0
102.54578886997359,18.984141815062053,7534,597.75
102.7126060182346,18.457279900925954,7535,84.85
102.73686053090582,18.63002593006214,7536,30.0
102.71907388828025,18.541092716934305,7537,192.09
103.23246107315455,18.88874073188856,7538,108.17
102.72284681247356,18.67988242833077,7539,84.85
103.1192733473555,18.502554991245578,7540,30.0
103.40089518892697,18.649160045613883,7541,60.0
102.32615078300637,18.714377735240962,7542,67.08
102.26982641469208,18.71060481104766,7543,391.15
102.52800222734803,18.47830047857435,7544,60.0
102.452543743482,18.941292176009554,7545,42.43
102.36388002493939,19.03965769962064,7546,134.16
102.26820944718067,18.85828784375691,7547,375.9
103.38822894342088,18.819480623482946,7548,108.17
103.29767876278164,18.456471417170246,7549,323.11
102.70829410487082,18.43275589366949,7550,268.33
102.60615565706642,18.999503006420497,7551,330.0
102.38328363507638,18.840231706546106,7552,0.0
102.57408580142337,19.095982067934933,7553,174.93
102.67245132503444,19.000850479346678,7554,618.47
103.23596450276263,18.40688441348685,7555,134.16
102.65304771489747,19.02160156240984,7556,569.21
103.01443995369875,18.58960174227676,7557,30.0
102.90825908711582,18.57666600218544,7558,536.66
103.0801966324963,18.909222320366485,7559,426.38
102.83414807617596,18.64808206727294,7560,161.56
102.67191233586398,18.542979179030958,7561,123.69
102.74386739012195,18.79010571369224,7562,189.74
102.33288814763728,18.64808206727294,7563,108.17
102.4369130575383,19.09032268164498,7564,342.05
103.12574121740116,18.70871834895101,7565,417.85
102.21727497057108,18.593913655640534,7566,180.0
102.95030024241262,18.79333964871507,7567,30.0
103.04138941222234,18.449734052539352,7568,201.25
103.23407804066598,18.886584775206675,7569,301.5
103.01605692121016,18.796304089152663,7570,424.27
103.4499432034399,18.959348313220357,7571,819.39
102.72284681247356,19.087358241207387,7572,60.0
102.51318002516005,18.985219793402997,7573,210.0
103.03519103676192,18.88362033476908,7574,94.87
102.43583507919737,18.409309864753972,7575,234.31
102.38382262424685,18.555375929951808,7576,42.43
102.72635024208162,19.08466329535503,7577,494.77
103.44212786046806,18.808700840073513,7578,442.95
102.59887930326506,18.89790354778658,7579,174.93
103.2003912175115,18.5545674461961,7580,403.61
102.99880926775508,18.59876455817478,7581,67.08
102.45469970016387,18.46078333053402,7582,201.25
102.70074825648422,18.877960948479128,7583,305.94
103.29552280609975,18.796843078323132,7584,0.0
103.06429645196738,18.634876832596383,7585,256.32
103.1936538528806,18.693896146763038,7586,483.74
102.46709645108473,18.831338385233323,7587,450.0
102.9516477153388,18.46913766267633,7588,60.0
102.42316883369128,18.733242356207473,7589,67.08
102.75006576558238,19.01432520860847,7590,67.08
102.71476197491648,18.437606796203738,7591,123.69
102.21673598140062,18.825948493528607,7592,305.94
102.71583995325743,18.906796869099363,7593,318.91
102.59402840073082,18.692818168422093,7594,308.87
102.98883796810135,19.042083150887763,7595,512.64
102.33935601768293,18.685272320035487,7596,134.16
102.57327731766766,18.869337121751578,7597,308.87
103.09663580219569,18.86152177877974,7598,432.67
103.21413544135852,18.884967807695258,7599,335.41
102.8419634191478,18.533277373962466,7600,127.28
103.09124591049097,18.82163658016483,7601,30.0
102.3865175700992,18.55510643536657,7602,212.13
102.42748074705506,18.82055860182389,7603,84.85
102.59807081950936,18.76450372809483,7604,402.49
103.30549410575348,18.451890009221238,7605,84.85
103.19311486371012,18.628947951721194,7606,120.0
102.89936576580304,19.066068168973754,7607,120.0
102.8163614335504,18.683385857938838,7608,848.53
102.8125885093571,18.656166904830016,7609,42.43
103.13571251705488,18.410657337680153,7610,240.0
102.77405078366837,19.03831022669446,7611,324.5
103.00851107282357,19.07280553360465,7612,496.59
102.87241630727945,18.908413836610777,7613,228.47
102.65062226363034,18.915690190412146,7614,339.41
103.07292027869494,18.402572500123075,7615,150.0
103.39038490010277,18.681229901256952,7616,296.99
102.68377009761436,18.750759504247803,7617,60.0
102.68889049473384,18.485037843205248,7618,84.85
102.26066359879407,18.51414325841072,7619,351.14
103.25941053167814,18.946951562299507,7620,268.33
102.67299031420492,18.566425207946477,7621,120.0
103.4213767774049,19.06445120146234,7622,445.98
102.64631035026657,18.850741995370306,7623,408.05
103.26102749918957,18.435181344936613,7624,308.87
102.4105025881852,18.660209323608555,7625,510.88
102.76434897859988,18.902215461150355,7626,339.41
103.36370493616442,19.033459324160216,7627,318.91
102.7630015056737,18.640805713471572,7628,161.56
103.0688778599164,18.505519431683172,7629,42.43
102.71988237203595,18.844274125324645,7630,30.0
102.45928110811289,19.10029398129871,7631,60.0
102.70452118067752,18.979021417942572,7632,666.11
102.99719230024365,18.49473964827374,7633,0.0
102.85894157801766,18.44838657961317,7634,42.43
103.24916973743919,18.93617177889007,7635,566.04
102.83845998953974,18.737554269571245,7636,30.0
102.72554175832592,19.033998313330688,7637,174.93
102.64981377987463,18.673145063699877,7638,42.43
102.53258363529704,18.794956616226482,7639,150.0
102.60885060291879,18.939944703083373,7640,241.87
102.83926847329545,18.945873583958562,7641,108.17
102.62313381593628,18.963121237413656,7642,0.0
103.37448471957386,19.02537448660314,7643,120.0
103.05297767938748,18.46159181428973,7644,417.85
102.46601847274378,18.61951564123794,7645,632.85
102.80315619887384,18.665329720728035,7646,646.22
103.41949031530824,18.754532428441106,7647,216.33
102.59537587365699,18.996538565982902,7648,558.03
102.55063977250785,18.72434903489469,7649,180.0
103.00608562155644,19.03238134581927,7650,692.61
102.6050776787255,19.08466329535503,7651,42.43
102.49566287711973,18.596608601492893,7652,360.0
102.93520854563941,18.644578637664875,7653,335.41
102.91607443008766,18.699016543882518,7654,150.0
103.1402939250039,18.76019181473106,7655,120.0
103.16427894308988,18.594991633981476,7656,67.08
102.96943435796436,18.65508892648907,7657,247.39
102.57866720937237,18.92188856587257,7658,247.39
102.26362803923166,18.83026040689238,7659,228.47
103.25617659665532,18.570467626725016,7660,318.91
102.66571396040355,18.796034594567427,7661,283.02
103.30603309492395,18.745369612543087,7662,570.0
102.771355837816,18.890357699399974,7663,270.0
102.66517497123309,18.718150659434265,7664,84.85
102.60777262457785,18.745908601713555,7665,300.0
102.83468706534643,18.43545083952185,7666,60.0
102.8840045744446,18.73216437786653,7667,161.56
103.1764061994255,18.574779540088787,7668,182.48
102.36064608991657,18.77285806023714,7669,234.31
102.51883941145002,18.48665481071666,7670,456.95
103.21979482764847,18.842387663227992,7671,735.46
103.14541432212337,18.414969251043924,7672,152.97
102.48245764244317,18.765042717265302,7673,174.93
102.39217695638916,18.43086943157284,7674,300.0
103.30360764365683,18.407153908072086,7675,0.0
102.76407948401464,18.83807574986422,7676,697.79
102.29542840028948,18.551603005758505,7677,123.69
102.89747930370639,19.047742537177715,7678,390.0
103.13732948456631,19.00138946851715,7679,94.87
103.13032262535017,18.79980751876073,7680,30.0
102.60534717331072,19.08008188740602,7681,543.33
102.59672334658318,18.51872466635973,7682,60.0
102.34744085524001,18.978751923357336,7683,30.0
102.40053128853147,19.027799937870263,7684,108.17
103.01336197535781,18.77690047901568,7685,429.54
102.3894820105368,18.433833872010435,7686,150.0
102.21700547598586,18.786871778669408,7687,402.49
103.23946793237069,18.79010571369224,7688,624.26
103.20470313087527,18.529234955183927,7689,212.13
102.83118363573837,18.570737121310252,7690,258.07
102.39729735350865,18.695243619689215,7691,394.59
103.12870565783875,18.98818423384059,7692,90.0
102.22724627022481,18.803041453783557,7693,182.48
102.49970529589827,18.735128818304123,7694,67.08
102.22239536769057,18.954766905271345,7695,94.87
103.0898984375648,18.976865461260687,7696,445.98
103.06941684908686,19.058791815172388,7697,60.0
102.2541957287484,18.99815553349432,7698,30.0
103.386072986739,18.62274957626077,7699,30.0
103.30630258950919,18.744561128787378,7700,540.84
102.40996359901473,18.883889829354317,7701,256.32
102.52369031398426,18.719228637775206,7702,394.59
102.75437767894616,18.81409073177823,7703,30.0
102.9087980762863,18.8574793600012,7704,0.0
103.27531071220706,18.880925388916722,7705,67.08
103.02468074793771,19.016211670705122,7706,30.0
102.50401720926205,18.70548441392818,7707,271.66
102.49781883380162,18.891166183155683,7708,494.77
103.41329193984782,18.676378998722704,7709,150.0
102.77027785947507,18.92458351172493,7710,697.79
103.2297661273022,18.842387663227992,7711,361.25
102.34232045812053,18.606040911976148,7712,408.05
103.09528832926951,18.880925388916722,7713,94.87
102.39729735350865,19.052323945126727,7714,276.59
103.01309248077257,18.532468890206758,7715,30.0
102.8487007837787,18.42116762650435,7716,745.19
102.40403471813954,18.986297771743942,7717,228.47
103.38364753547188,18.503632969586523,7718,408.05
102.30917262413652,18.64754307810247,7719,161.56
102.71018056696747,18.62167159791983,7720,210.0
102.84304139748875,18.92970390884441,7721,603.0
102.47248634278945,18.531390911865817,7722,295.47
103.3583150444597,18.450542536295057,7723,218.4
102.36819193830317,18.606849395731857,7724,180.0
102.4113110719409,18.878769432234833,7725,108.17
103.03653850968809,18.972823042482148,7726,0.0
103.40466811312027,18.521150117626853,7727,90.0
103.21494392511423,18.437067807033266,7728,342.05
102.31564049418218,19.000850479346678,7729,30.0
102.55010078333737,18.410657337680153,7730,429.54
103.20308616336385,19.054210407223376,7731,362.49
102.21862244349727,18.498243077881806,7732,84.85
102.73416558505346,18.77824795194186,7733,42.43
102.46979139693708,18.502016002075106,7734,90.0
102.56303652342869,19.022949035336016,7735,134.16
102.20649518716165,18.527617987672514,7736,256.32
102.34474590938765,18.60199849319761,7737,458.91
102.98075313054427,19.041813656302526,7738,120.0
102.8306446465679,18.497704088711334,7739,150.0
103.40143417809745,18.690123222569735,7740,591.7
102.91418796799101,18.411735316021094,7741,323.11
103.31896883501527,18.42952195864666,7742,212.13
102.63741702895379,18.972284053311675,7743,210.0
102.33800854475675,18.72111509987186,7744,30.0
102.33693056641582,18.556184413707513,7745,381.84
103.0907069213205,18.420089648163405,7746,361.25
102.36846143288841,18.949107518981393,7747,384.19
102.8915504228312,18.79253116495936,7748,60.0
103.44751775217277,18.64296167015346,7749,276.59
103.14810926797574,19.065259685218045,7750,90.0
102.2541957287484,18.503632969586523,7751,84.85
103.18961143410206,18.840501201131342,7752,420.0
103.24297136197876,18.453776471317887,7753,30.0
103.21575240886993,18.399877554270716,7754,0.0
103.14649230046432,18.657783872341433,7755,400.25
102.78321359956638,18.79118369203318,7756,60.0
103.06914735450164,18.779595424868038,7757,240.0
102.91068453838295,18.793609143300305,7758,270.0
103.03573002593238,18.41658621855534,7759,284.61
102.90798959253058,18.902215461150355,7760,426.38
102.36010710074609,18.57531852925926,7761,174.93
103.23300006232503,18.841579179472287,7762,445.98
103.13894645207772,18.596608601492893,7763,30.0
102.54902280499643,18.947221056884743,7764,660.0
103.32489771589046,18.6973995763711,7765,30.0
102.23829554821948,18.847777554932712,7766,607.46
103.22949663271696,19.027530443285027,7767,189.74
102.77917118078786,18.64350065932393,7768,349.86
102.93305258895752,19.0604087826838,7769,67.08
102.78995096419729,18.806544883391624,7770,108.17
102.5398599890984,18.82163658016483,7771,543.33
102.3180659454493,18.866911670484455,7772,403.61
102.85139572963107,18.829182428551437,7773,60.0
102.50186125258016,18.703328457246293,7774,371.08
102.67514627088681,18.797112572908368,7775,408.05
102.2865350789767,18.769624125214314,7776,123.69
102.76866089196365,18.793609143300305,7777,600.0
103.1696688347946,18.708987843536246,7778,300.0
102.31402352667077,18.682846868768365,7779,300.0
102.76192352733275,18.461861308874965,7780,90.0
102.8697213614271,19.06229524478045,7781,366.2
102.67325980879016,18.546482608639025,7782,60.0
103.12142930403739,18.746717085469264,7783,524.79
103.10094771555946,18.49258369159185,7784,480.0
102.852473707972,18.448656074198407,7785,496.59
102.70532966443322,19.09625156252017,7786,390.0
102.71449248033124,18.69551311427445,7787,174.93
102.94760529656025,18.81139578592587,7788,174.93
102.88589103654125,18.478030983989115,7789,402.49
102.72688923125209,18.847777554932712,7790,161.56
103.08154410542248,18.50821437753553,7791,90.0
102.30054879740896,18.73054741035511,7792,108.17
102.39055998887774,18.596608601492893,7793,360.0
102.2797977143458,18.782290370720396,7794,150.0
102.75949807606563,18.586098312668693,7795,216.33
102.85894157801766,18.731894883281292,7796,318.91
102.7306621554454,18.48665481071666,7797,632.85
102.3180659454493,19.060947771854273,7798,551.55
102.74063345509913,18.95692286195323,7799,270.0
102.20218327379789,18.98306383672111,7800,558.03
102.94733580197503,18.587176291009637,7801,390.0
102.2722518659592,18.512526290899306,7802,660.68
102.48057118034652,18.74779506381021,7803,42.43
102.21862244349727,18.985219793402997,7804,300.0
102.31725746169359,19.027799937870263,7805,120.0
103.36262695782348,18.741596688349784,7806,524.79
102.80396468262956,18.82972141772191,7807,488.37
102.7457538522186,18.946951562299507,7808,192.09
102.51237154140435,18.96878062370361,7809,391.15
102.85274320255724,18.902484955735588,7810,240.0
102.60157424911742,18.865833692143514,7811,256.32
102.42828923081076,18.45620192258501,7812,305.94
102.48299663161364,18.619246146652703,7813,120.0
103.19554031497725,18.55564542453704,7814,210.0
103.21063201175046,18.825948493528607,7815,466.69
103.04677930392705,18.950454991907574,7816,182.48
103.35319464734022,18.787141273254644,7817,483.74
102.93170511603134,18.65401094814813,7818,690.66
102.29165547609618,18.92916491967394,7819,216.33
102.75815060313946,18.822175569335304,7820,364.97
102.25662118001553,18.675840009552235,7821,432.67
103.11118850979842,18.599842536515723,7822,212.13
102.88508255278555,18.935363295134366,7823,108.17
102.88211811234795,19.061486761024746,7824,180.0
103.05432515231367,18.98764524467012,7825,649.0
103.38041360044905,18.95449741068611,7826,700.36
102.2248208189577,18.484768348620012,7827,42.43
103.25590710207008,18.7221930782128,7828,189.74
102.31833544003453,19.00731834939234,7829,254.56
103.22060331140418,18.79522611081172,7830,390.0
102.3857090863435,19.02591347577361,7831,254.56
102.92927966476422,18.904640912417477,7832,391.15
103.414639412774,18.837536760693748,7833,216.33
103.20173869043768,18.40176401636737,7834,134.16
102.31995240754595,18.684463836279782,7835,212.13
102.68323110844389,18.993574125545308,7836,120.0
103.23380854608074,18.732972861622237,7837,67.08
102.97994464678857,18.89466961276375,7838,429.54
103.09879175887758,18.787680262425116,7839,30.0
102.37169536791123,18.862599757120684,7840,161.56
103.20712858214239,19.00731834939234,7841,361.25
102.62124735383964,18.50578892626841,7842,30.0
103.4116749723364,19.08843621954833,7843,324.5
103.3793356221081,18.99411311471578,7844,42.43
102.24799735328797,18.521150117626853,7845,308.87
102.74710132514478,18.444883150005104,7846,256.32
102.6818836355177,18.997616544323847,7847,108.17
102.26362803923166,18.72354055113898,7848,67.08
102.46413201064713,18.537319792741005,7849,30.0
103.12843616325353,18.727043980747048,7850,182.48
102.35363923070044,18.726774486161812,7851,30.0
103.39793074848937,18.98063838545399,7852,466.69
102.70613814818893,18.689314738814026,7853,60.0
102.9155354409172,18.77043260897002,7854,436.81
102.84843128919347,18.496087121199917,7855,241.87
102.38517009717303,18.781751381549924,7856,702.29
102.36253255201322,18.48422935944954,7857,553.18
103.18583850990876,18.818672139727237,7858,30.0
103.01066702950546,18.47776148940388,7859,161.56
103.3680168495282,18.502285496660342,7860,390.0
102.22805475398053,18.96096528073177,7861,254.56
102.34097298519434,18.841579179472287,7862,335.41
102.2541957287484,18.68581130920596,7863,108.17
102.70775511570035,18.712221778559076,7864,890.45
102.90691161418964,19.064990190632813,7865,780.58
102.5059036713587,19.100024486713473,7866,30.0
103.20066071209673,18.829182428551437,7867,474.34
102.44742334636251,18.56426925126459,7868,241.87
103.10418165058229,18.554836940781335,7869,169.71
102.85516865382436,18.823523042261485,7870,30.0
103.36828634411343,18.961234775317006,7871,926.13
103.2289576435465,18.499590550807984,7872,161.56
102.80288670428861,19.069841093167057,7873,268.33
102.83872948412497,18.745369612543087,7874,305.94
102.81420547686851,18.997616544323847,7875,180.0
102.21916143266775,19.097868530031587,7876,270.0
103.43916342003047,18.77420553316332,7877,904.49
102.85678562133577,18.699016543882518,7878,364.97
102.48973399624454,18.953958421515637,7879,228.47
102.57947569312807,18.984680804232525,7880,108.17
103.41140547775117,18.8356502985971,7881,268.33
102.37681576503071,18.59526112856671,7882,330.0
103.17074681313555,18.42844398030572,7883,210.0
102.32264735339831,19.00839632773328,7884,390.0
102.95811558538446,18.87068459467776,7885,67.08
103.2650699179681,18.820289107238654,7886,127.28
102.75410818436092,18.45350697673265,7887,67.08
102.90825908711582,18.80923982924398,7888,134.16
103.40439861853504,18.524923041820156,7889,67.08
103.43997190378617,18.722462572798037,7890,216.33
103.28716847395744,18.645926110591056,7891,123.69
103.25051721036536,18.80492791588021,7892,120.0
102.65358670406795,18.65993982902332,7893,676.83
102.3533697361152,18.712221778559076,7894,152.97
102.30270475409085,18.622480081675533,7895,84.85
102.7630015056737,18.812473764266812,7896,30.0
102.20730367091737,18.67233657994417,7897,42.43
102.6134320108678,18.539745244008127,7898,120.0
103.2839345389346,19.035345786256865,7899,391.15
102.82633273320413,18.678265460819357,7900,247.39
103.19122840161347,19.015133692364177,7901,417.85
102.7126060182346,19.064990190632813,7902,384.19
102.52288183022856,18.813551742607757,7903,465.73
102.35983760616085,18.86879813258111,7904,212.13
102.31941341837548,18.97417051540833,7905,182.48
103.17236378064696,19.066876652729462,7906,258.07
102.22778525939529,18.549177554491383,7907,60.0
102.33127118012585,18.873379540530117,7908,30.0
102.96727840128247,19.08466329535503,7909,276.59
102.87511125313182,19.083315822428847,7910,390.0
103.37664067625575,18.880655894331486,7911,134.16
102.5180309276943,18.522228095967797,7912,450.0
102.94544933987838,18.8108567967554,7913,417.85
103.21683038721088,18.81004831299969,7914,212.13
102.59483688448653,18.699825027638227,7915,201.25
102.38220565673544,18.93428531679342,7916,0.0
102.47140836444851,19.084393800769792,7917,60.0
102.30351323784656,18.876613475552947,7918,323.11
103.15700258928852,18.904640912417477,7919,210.0
102.99934825692554,18.52654000933157,7920,590.93
102.62475078344771,18.713569251485254,7921,30.0
102.71368399657554,18.660209323608555,7922,258.07
102.72230782330308,18.44919506336888,7923,381.84
102.72850619876351,18.511987301728833,7924,134.16
102.38220565673544,18.956653367367995,7925,268.33
102.790759447953,18.885237302280494,7926,379.48
103.23138309481362,18.754532428441106,7927,218.4
102.66517497123309,18.694704630518743,7928,361.25
102.69347190268284,18.437067807033266,7929,420.0
102.80126973677719,18.61493423328893,7930,469.58
102.86810439391569,19.067954631070407,7931,0.0
102.42640276871411,19.085471779110737,7932,305.94
103.0125534916021,19.053671418052904,7933,379.48
102.59537587365699,18.409309864753972,7934,603.74
103.26075800460433,18.665329720728035,7935,276.59
102.58729103609991,18.942909143520968,7936,270.0
102.36037659533133,18.427366001964774,7937,60.0
102.83037515198266,18.754532428441106,7938,30.0
103.43323453915528,18.787680262425116,7939,60.0
103.35427262568116,18.94533459478809,7940,84.85
103.23434753525122,19.08466329535503,7941,534.14
102.40861612608855,18.426557518209066,7942,30.0
102.52611576525138,18.935363295134366,7943,90.0
102.83172262490883,18.690662211740207,7944,60.0
103.1734417589879,18.66829416116563,7945,453.98
102.28761305731764,18.993843620130544,7946,60.0
102.35283074694472,18.407423402657322,7947,30.0
102.36819193830317,18.52896546059869,7948,161.56
103.43889392544523,19.093826111253048,7949,308.87
103.2259932031089,18.529234955183927,7950,496.59
102.39568038599722,18.549177554491383,7951,123.69
102.99638381648795,18.68796726588785,7952,752.4
102.83091414115313,18.508483872120767,7953,660.68
102.90475565750776,18.92970390884441,7954,360.0
103.41841233696731,18.53489434147388,7955,212.13
102.77324229991267,18.665868709898508,7956,271.66
103.29902623570781,18.830529901477615,7957,90.0
102.27009590927732,18.59526112856671,7958,84.85
103.30845854619108,18.802771959198324,7959,180.0
102.26955692010685,19.08789723037786,7960,553.18
102.76084554899181,18.696052103444924,7961,0.0
103.28635999020173,18.82648748269908,7962,276.59
102.36441901410987,18.824870515187662,7963,84.85
102.25985511503835,18.87445751887106,7964,0.0
102.3045912161875,18.797921056664077,7965,30.0
102.28976901399953,19.048281526348187,7966,201.25
103.1772146831812,18.66425174238709,7967,480.0
102.29758435697137,18.492314197006614,7968,324.5
103.41517840194447,18.58043892637874,7969,390.0
102.53339211905275,18.641883691812517,7970,84.85
103.24189338363782,18.883350840183844,7971,240.0
102.3277677505178,19.05906130975762,7972,569.21
103.0869339971272,18.76261726599818,7973,90.0
102.98910746268658,18.410387843094917,7974,94.87
102.4789542128351,18.990609685107714,7975,30.0
102.65574266074982,19.00516239271045,7976,276.59
102.95083923158309,18.945873583958562,7977,270.0
103.44940421426942,19.069841093167057,7978,658.64
102.88211811234795,19.011360768170874,7979,268.33
102.83980746246591,19.046664558836774,7980,474.34
103.25321215621773,18.66640769906898,7981,90.0
102.60426919496977,18.858557338342145,7982,30.0
103.04138941222234,18.415777734799633,7983,60.0
102.92658471891187,18.862599757120684,7984,335.41
102.20811215467307,19.09032268164498,7985,240.0
103.22707118144984,19.089514197889272,7986,566.04
103.42568869076867,18.973901020823092,7987,120.0
102.23209717275905,18.915151201241674,7988,636.4
102.50994609013723,18.906796869099363,7989,84.85
102.66921739001162,18.95961780780559,7990,169.71
103.41490890735923,18.794956616226482,7991,429.54
102.82714121695983,18.759652825560586,7992,30.0
103.043275874319,18.789836219107002,7993,192.09
103.01605692121016,18.695782608859687,7994,362.49
102.4029567397986,18.78741076783988,7995,134.16
103.1680518672832,18.93239885469677,7996,84.85
103.2057811092162,18.425479539868125,7997,94.87
102.69993977272851,18.84831654410318,7998,108.17
102.6314881480786,19.005970876466158,7999,30.0
102.21431053013349,18.824062031431954,8000,127.28
103.10876305853131,18.818941634312473,8001,256.32
102.30593868911369,18.473449576040107,8002,339.41
102.35660367113803,18.600381525686196,8003,313.21
102.2504228045551,18.98656726632918,8004,351.14
103.20551161463098,18.901406977394647,8005,0.0
103.23758147027404,18.463747770971615,8006,150.0
102.33666107183058,18.56480824043506,8007,216.33
102.46709645108473,18.657783872341433,8008,212.13
102.67891919508011,18.48099542442671,8009,30.0
102.69428038643855,18.471293619358217,8010,150.0
103.22545421393843,18.472371597699162,8011,402.49
103.16616540518653,19.069841093167057,8012,189.74
103.27531071220706,18.670450117847516,8013,523.93
103.10633760726418,19.035884775427338,8014,812.22
102.64819681236322,18.813821237192993,8015,0.0
103.19985222834102,18.51656870967784,8016,0.0
102.20514771423548,19.074422501116064,8017,0.0
103.18880295034636,18.99087917969295,8018,150.0
103.01309248077257,18.545943619468552,8019,270.0
102.97401576591338,18.927547952162524,8020,276.59
103.12062082028169,19.001658963102386,8021,90.0
102.34501540397288,18.81786365597153,8022,330.0
102.98156161429998,19.02726094869979,8023,189.74
103.22814915979079,18.593913655640534,8024,403.61
102.44930980845916,19.00920481148899,8025,445.98
103.07157280576875,18.955305894441818,8026,161.56
102.38867352678109,18.47075463018775,8027,403.61
103.31654338374815,19.052593439711963,8028,94.87
103.047857282268,18.44003224747086,8029,324.5
102.50320872550633,18.41011834850968,8030,516.14
102.27737226307869,18.97012809662979,8031,108.17
102.66248002538073,18.977134955845923,8032,30.0
102.9457188344636,18.789027735351294,8033,108.17
103.21009302257998,18.614125749533223,8034,30.0
102.74359789553672,19.073075028189887,8035,483.74
102.46601847274378,18.79522611081172,8036,67.08
103.34376233685697,18.811126291340635,8037,192.09
102.27009590927732,18.54351816820143,8038,276.59
103.01443995369875,18.843465641568937,8039,301.5
103.35885403363018,19.07738694155366,8040,108.17
103.31681287833338,18.89709506403087,8041,30.0
103.00851107282357,19.038849215864932,8042,618.47
102.97698020635097,18.740249215423603,8043,30.0
102.61828291340204,19.070919071508,8044,371.08
102.9403289427589,18.728930442843698,8045,256.32
103.28447352810508,18.910569793292666,8046,301.5
102.68215313010295,18.981446869209694,8047,182.48
102.90475565750776,19.086549757451678,8048,577.06
103.26857334757617,19.055018890979085,8049,390.0
103.35481161485164,18.521150117626853,8050,201.25
103.07480674079159,18.703328457246293,8051,60.0
102.81851739023229,18.860982789609267,8052,94.87
102.99207190312417,18.74968152590686,8053,416.78
102.538243021587,18.441649214982274,8054,84.85
102.452543743482,18.620593619578884,8055,67.08
102.52988868944469,18.628139467965486,8056,284.61
102.59968778702077,18.93374632762295,8057,150.0
102.43637406836784,18.63514632718162,8058,42.43
102.5112935630634,18.79010571369224,8059,361.25
103.16454843767512,18.49258369159185,8060,228.47
103.44455331173518,18.99087917969295,8061,268.33
102.78294410498115,18.804658421294974,8062,785.18
103.08073562166678,18.522767085138266,8063,664.08
103.36397443074966,18.697938565541573,8064,591.7
103.3364859830556,18.431947409913786,8065,90.0
103.07480674079159,18.970397591215026,8066,256.32
102.66786991708544,18.823523042261485,8067,120.0
102.48596107205124,18.79765156207884,8068,30.0
103.43727695793382,18.809509323829218,8069,90.0
103.04624031475659,18.490427734909964,8070,134.16
103.14730078422004,18.5049804425127,8071,30.0
103.39577479180748,18.90625787992889,8072,67.08
102.63041016973766,18.57774398052638,8073,192.09
103.41194446692164,18.75480192302634,8074,420.0
102.67191233586398,18.75210697717398,8075,150.0
102.69724482687614,18.578282969696854,8076,127.28
102.25769915835647,19.031033872893094,8077,134.16
103.36289645240872,18.596339106907656,8078,480.0
102.44769284094775,18.80681437797686,8079,308.87
102.47006089152232,18.62867845713596,8080,591.7
103.26614789630904,19.04046618337635,8081,330.0
102.35471720904138,18.65805336692667,8082,0.0
103.0020432027779,18.61816816831176,8083,169.71
102.5743552960086,18.72542701323563,8084,30.0
102.93520854563941,18.991148674278186,8085,240.0
102.76030655982134,18.428713474890955,8086,67.08
102.47275583737468,18.48881076739855,8087,408.05
102.8990962712178,18.72488802406516,8088,150.0
103.3259756942314,18.71060481104766,8089,192.09
102.65574266074982,18.812204269681576,8090,42.43
102.89559284160974,18.791992175788888,8091,258.07
102.54794482665548,18.7965735837379,8092,330.0
102.38786504302539,18.9146122120712,8093,169.71
102.27764175766391,18.870954089262995,8094,305.94
103.34295385310126,19.075230984871773,8095,295.47
102.95569013411733,18.546482608639025,8096,240.0
102.51183255223388,18.573162572577374,8097,192.09
103.24512731866065,18.898173042371816,8098,161.56
102.23209717275905,18.709526832706715,8099,531.6
103.18179609113022,18.48746329447237,8100,150.0
102.40322623438384,19.01432520860847,8101,216.33
103.35804554987448,18.78929722993653,8102,60.0
103.18556901532352,18.454584955073596,8103,150.0
103.27019031508758,19.04693405342201,8104,30.0
102.87861468273988,18.63325986508497,8105,189.74
102.54767533207026,18.860982789609267,8106,60.0
102.42155186617987,18.60334596612379,8107,201.25
102.25931612586788,18.44272719332322,8108,150.0
103.3823000625457,18.56022683248605,8109,123.69
102.58648255234421,18.493661669932795,8110,240.0
102.24314645075373,18.855862392489787,8111,0.0
102.96458345543012,18.415508240214397,8112,67.08
102.59860980867983,18.568581164628363,8113,510.0
102.60885060291879,18.955575389027054,8114,120.0
103.04273688514851,19.011899757341347,8115,745.19
102.31779645086407,19.03642376459781,8116,284.61
102.74710132514478,19.054210407223376,8117,0.0
102.63364410476049,18.70063351139393,8118,84.85
102.59968778702077,18.965816183266014,8119,882.33
102.37762424878642,18.670180623262283,8120,330.0
102.67487677630157,19.080351381991253,8121,416.78
103.28150908766749,18.69174019008115,8122,67.08
102.31617948335264,18.807353367147332,8123,192.09
103.39873923224508,19.088975208718804,8124,169.71
103.02629771544913,18.44515264459034,8125,127.28
102.28330114395388,18.63838026220445,8126,120.0
103.18907244493158,19.09436510042352,8127,201.25
102.36388002493939,18.73863224791219,8128,108.17
102.61235403252685,18.539206254837655,8129,240.0
102.76434897859988,18.57451004550355,8130,67.08
102.91849988135479,19.01809813280177,8131,108.17
102.31294554832982,19.074961490286537,8132,247.39
102.89774879829163,18.448117085027935,8133,94.87
102.63768652353903,18.479917446085768,8134,0.0
102.42047388783892,18.62490553294266,8135,305.94
103.43754645251904,18.52465354723492,8136,647.61
102.56950439347435,18.88469831311002,8137,301.5
103.07184230035399,18.752645966344453,8138,408.05
103.44967370885466,18.852089468296484,8139,480.0
102.31078959164793,18.554028457025627,8140,456.95
102.36010710074609,18.571006615895485,8141,182.48
102.41077208277044,18.974440009993565,8142,256.32
102.98156161429998,18.775283511504266,8143,480.0
102.76515746235559,18.866911670484455,8144,360.0
102.37223435708171,18.89790354778658,8145,270.0
102.51479699267148,18.585828818083456,8146,161.56
102.8088155851638,18.610622319925156,8147,254.56
103.32813165091329,18.598225569004306,8148,134.16
103.35562009860735,19.03777123752399,8149,453.98
103.03653850968809,18.689314738814026,8150,510.0
103.17425024274361,18.857748854586436,8151,67.08
103.07157280576875,18.578013475111618,8152,300.0
103.09771378053664,18.638649756789686,8153,606.72
103.21332695760282,19.00650986563663,8154,42.43
102.89936576580304,18.756957879708228,8155,417.85
102.43044518749265,18.72434903489469,8156,258.07
103.13032262535017,18.737015280400772,8157,241.87
102.97778869010668,18.7860632949137,8158,90.0
102.85651612675053,18.653471958977658,8159,324.5
102.79453237214629,19.043430623813943,8160,450.0
102.54390240787694,18.580977915549212,8161,313.21
102.70856359945606,18.579630442623035,8162,94.87
102.86379248055191,19.078195425309367,8163,84.85
102.73227912295681,18.449734052539352,8164,108.17
102.47059988069279,18.472371597699162,8165,284.61
103.36559139826107,18.888471237303325,8166,558.03
103.41194446692164,18.614664738703695,8167,591.7
103.014709448284,18.420628637333877,8168,60.0
103.38095258961951,19.031842356648802,8169,715.61
102.25203977206651,18.599034052760015,8170,480.0
102.7449453684629,18.66829416116563,8171,330.0
102.38166666756496,19.0604087826838,8172,108.17
103.19338435829536,18.86987611092205,8173,510.88
102.63094915890812,18.926200479236346,8174,212.13
102.8336090870055,18.964738204925073,8175,241.87
102.78510006166304,18.422784594015766,8176,120.0
102.21323255179256,18.898442536957052,8177,150.0
102.8629839967962,19.088705714133567,8178,30.0
102.28114518727199,18.80088549710167,8179,210.0
102.8713383289385,18.99007069593724,8180,42.43
102.3609155845018,19.060678277269037,8181,284.61
102.43260114417454,18.844813114495118,8182,391.15
102.61531847296445,18.428174485720483,8183,603.74
103.34295385310126,18.589871236861995,8184,234.31
102.25554320167458,19.059600298928093,8185,573.15
102.80854609057856,19.0356152808421,8186,212.13
102.37870222712736,18.461322319704493,8187,30.0
102.35687316572326,18.59202719354388,8188,792.03
102.61882190257252,18.736745785815536,8189,67.08
102.71368399657554,19.036154270012574,8190,174.93
102.61612695672015,18.582055893890157,8191,212.13
102.4991663067278,18.593913655640534,8192,67.08
102.73389609046822,18.632181886744025,8193,254.56
103.05109121729083,18.954766905271345,8194,550.73
103.16212298640801,18.97659596667545,8195,513.52
103.28878544146886,19.063912212291868,8196,308.87
102.46817442942567,19.045047591325357,8197,241.87
103.22248977350084,18.499321056222747,8198,300.0
102.59860980867983,18.92458351172493,8199,553.18
102.8877774986379,19.032650840404507,8200,379.48
102.37870222712736,18.668024666580394,8201,90.0
102.31186756998888,18.75534091219681,8202,417.85
102.84061594622162,18.889010226473797,8203,30.0
102.54201594578029,18.89143567774092,8204,742.16
103.29444482775881,18.592296688129117,8205,536.66
102.56977388805959,18.700903005979168,8206,458.91
102.81743941189134,18.538397771081947,8207,212.13
103.14244988168578,18.912995244559788,8208,324.5
102.90502515209299,18.63514632718162,8209,300.0
102.54471089163266,18.85235896288172,8210,120.0
102.79210692087918,18.88954921564427,8211,692.61
103.28474302269032,18.96554668868078,8212,323.11
103.29498381692927,18.72111509987186,8213,30.0
102.28518760605053,18.852089468296484,8214,270.0
103.0155179320397,18.801154991686907,8215,67.08
102.2819536710277,18.6402667243011,8216,60.0
103.09474934009904,18.426557518209066,8217,234.31
102.9554206395321,18.599842536515723,8218,305.94
102.80046125302148,18.762347771412944,8219,381.84
103.19392334746583,18.60388495529426,8220,420.0
102.79587984507248,19.096521057105406,8221,228.47
102.24611089119132,18.660209323608555,8222,67.08
103.23003562188744,18.42035914274864,8223,331.36
102.86325349138144,18.7717800818962,8224,695.85
103.42164627199013,18.531390911865817,8225,469.58
102.39298544014487,18.51037033421742,8226,0.0
102.50024428506873,18.53435535230341,8227,108.17
103.11576991774743,19.095982067934933,8228,570.0
102.83980746246591,18.500938023734165,8229,30.0
102.5134495197453,18.597686579833837,8230,94.87
103.12169879862262,18.855053908734078,8231,234.31
103.00312118111884,18.444883150005104,8232,420.0
102.44176396007256,18.592296688129117,8233,582.5
102.4894645016593,18.826217988113843,8234,84.85
103.39334934054037,19.050976472200546,8235,402.49
102.39729735350865,18.455932427999777,8236,30.0
102.7373995200763,19.066068168973754,8237,150.0
102.69077695683049,18.447578095857462,8238,270.0
103.41598688570018,18.560496327071288,8239,30.0
103.29552280609975,18.538667265667183,8240,152.97
103.15942804055564,18.777439468186152,8241,152.97
103.44455331173518,18.84265715781323,8242,182.48
102.34744085524001,18.50713639919459,8243,192.09
103.38876793259136,18.89143567774092,8244,134.16
102.83307009783502,18.406345424316378,8245,379.48
103.15565511636234,18.702519973490585,8246,182.48
102.49081197458548,18.739979720838367,8247,210.0
103.2003912175115,18.953419432345168,8248,256.32
102.40349572896906,18.865564197558278,8249,150.0
102.69724482687614,18.5297739443544,8250,258.07
102.59025547653752,18.482612391938126,8251,30.0
102.78159663205497,18.561574305412233,8252,600.75
102.2781807468344,18.877421959308656,8253,150.0
102.58998598195228,18.864216724632097,8254,228.47
102.73335710129776,18.826756977284315,8255,258.07
102.4277502416403,18.477491994818642,8256,180.0
102.98317858181139,19.07684795238319,8257,375.9
102.92200331096285,18.95503639985658,8258,42.43
103.24539681324588,18.6011900094419,8259,517.88
103.19958273375579,18.76854614687337,8260,30.0
102.58001468229855,18.91622917958262,8261,402.49
103.4033206401941,18.42763549655001,8262,296.99
102.45146576514105,18.922966544213516,8263,189.74
103.43862443085999,18.544865641127608,8264,283.02
103.24593580241635,18.836997771523276,8265,30.0
103.34753526105027,18.922966544213516,8266,201.25
103.29255836566216,18.483959864864303,8267,241.87
103.1508042138281,18.973092537067384,8268,523.93
102.67002587376733,18.825409504358134,8269,174.93
102.2541957287484,18.96689416160696,8270,42.43
103.16320096474894,18.47964795150053,8271,94.87
103.33810295056702,18.86610318672875,8272,234.31
102.69454988102379,18.437606796203738,8273,360.0
102.65978507952836,18.829451923136673,8274,134.16
103.03087912339814,18.6011900094419,8275,210.0
103.29821775195211,18.51468224758119,8276,30.0
102.56573146928105,18.544326651957135,8277,30.0
103.15888905138517,18.591488204373412,8278,726.23
103.08181360000772,19.000311490176205,8279,60.0
102.76946937571935,18.598495063589542,8280,90.0
102.48596107205124,18.513604269240247,8281,270.0
102.81285800394234,18.782290370720396,8282,457.93
103.13274807661729,18.616012211629872,8283,60.0
102.50832912262581,18.759922320145822,8284,360.0
102.47221684820421,18.898442536957052,8285,150.0
102.85462966465388,18.53624181440006,8286,150.0
103.10229518848564,19.03777123752399,8287,420.0
102.74710132514478,18.562652283753174,8288,84.85
103.03357406925049,18.547830081565202,8289,247.39
103.06106251694456,18.964738204925073,8290,180.0
102.41804843657181,18.90571889075842,8291,474.34
102.50051377965397,18.683655352524074,8292,67.08
102.85193471880153,18.678534955404594,8293,270.0
102.34447641480241,18.916498674167855,8294,127.28
102.79399338297583,18.625444522113128,8295,630.72
103.4033206401941,18.744291634202142,8296,150.0
102.452543743482,18.55564542453704,8297,210.0
102.26228056630548,18.922427555043043,8298,540.84
103.10256468307088,18.93293784386724,8299,30.0
102.56573146928105,18.519802644700672,8300,30.0
103.27450222845135,18.74779506381021,8301,632.85
102.32022190213118,18.40688441348685,8302,150.0
102.42451630661746,18.717342175678557,8303,123.69
102.47652876156798,18.420898131919113,8304,192.09
103.40062569434174,18.980907880039222,8305,254.56
103.31196197579914,18.47506654355152,8306,361.25
102.76354049484416,18.508483872120767,8307,301.5
103.34187587476032,19.075230984871773,8308,361.25
103.1718247914765,18.510100839632184,8309,67.08
102.67811071132441,18.974709504578797,8310,742.77
102.2496143207994,18.860982789609267,8311,318.91
103.1297836361797,18.926739468406815,8312,589.41
102.39783634267911,18.703328457246293,8313,120.0
102.62367280510676,18.447308601272226,8314,445.98
102.38139717297973,19.077656436138895,8315,342.05
102.23964302114567,18.959348313220357,8316,94.87
103.1028341776561,18.684194341694546,8317,429.54
102.72149933954738,18.850741995370306,8318,161.56
102.2302107106624,18.78336834906134,8319,42.43
103.247822264513,18.60065102027143,8320,436.81
102.3218388696426,18.41092683226539,8321,258.07
103.37394573040339,18.498782067052275,8322,30.0
103.43889392544523,18.454045965903124,8323,150.0
102.399992299361,18.549177554491383,8324,90.0
103.29687027902592,18.631373402988316,8325,308.87
102.7630015056737,18.908413836610777,8326,180.0
102.9268542134971,19.069032609411348,8327,60.0
102.77270331074219,18.544865641127608,8328,169.71
102.38490060258779,18.457010406340718,8329,30.0
103.15269067592475,19.040735677961585,8330,483.74
103.31573489999244,18.542979179030958,8331,270.0
103.17532822108456,18.864216724632097,8332,313.21
102.22967172149194,18.88954921564427,8333,276.59
102.69481937560903,18.799268529590258,8334,603.0
102.41616197447514,18.565886218776004,8335,241.87
103.14810926797574,18.777978457356625,8336,318.91
102.61477948379398,18.441379720397038,8337,201.25
103.4243412178425,18.84454361990988,8338,210.0
103.1944623366363,18.978751923357336,8339,536.66
103.06618291406404,18.406345424316378,8340,169.71
102.26686197425448,18.76531221185054,8341,331.36
102.58244013356567,19.05852232058715,8342,408.05
102.35768164947898,18.462400298045434,8343,228.47
103.1516126975838,18.81004831299969,8344,30.0
102.37385132459312,18.58367286140157,8345,349.86
102.93790349149177,19.038579721279696,8346,240.0
103.24243237280828,19.07361401736036,8347,600.0
102.35929861699039,18.702519973490585,8348,323.11
102.2226648622758,18.649699034784355,8349,763.68
102.30809464579558,19.052593439711963,8350,108.17
102.97967515220333,18.44515264459034,8351,305.94
102.96323598250395,18.482881886523362,8352,30.0
102.42155186617987,18.80762286173257,8353,60.0
102.59295042238988,19.067954631070407,8354,150.0
102.82821919530078,18.87068459467776,8355,400.25
102.26389753381689,18.496895604955625,8356,468.62
102.93547804022465,18.8965560748604,8357,699.72
103.18637749907923,18.5297739443544,8358,30.0
102.71664843701313,19.029416905381677,8359,30.0
102.61612695672015,18.640805713471572,8360,60.0
103.11819536901456,18.81516871011917,8361,271.66
102.8449278595854,18.759113836390114,8362,30.0
102.34528489855812,18.949107518981393,8363,150.0
103.40466811312027,18.836189287767567,8364,212.13
102.2083816492583,18.62490553294266,8365,0.0
103.42649717452437,18.942370154350495,8366,90.0
102.63633905061285,18.519802644700672,8367,465.73
103.41221396150688,19.055827374734793,8368,134.16
103.24216287822306,18.782290370720396,8369,366.2
102.34366793104671,18.993574125545308,8370,42.43
102.26012460962359,18.76854614687337,8371,339.41
102.82929717364172,19.00192845768762,8372,335.41
102.99341937605035,18.805466905050682,8373,268.33
103.17586721025503,18.79118369203318,8374,180.0
103.07130331118351,19.077117446968426,8375,210.0
102.64711883402228,18.915690190412146,8376,582.5
102.48676955580694,18.894939107348986,8377,301.5
102.95218670450927,19.04289163464347,8378,375.9
102.64954428528941,18.599842536515723,8379,90.0
102.56115006133204,18.40769289724256,8380,42.43
102.82067334691418,18.82433152601719,8381,375.9
102.5676179313777,19.011091273585638,8382,271.66
102.97374627132814,19.000850479346678,8383,180.0
103.35049970148786,18.587445785594873,8384,456.95
102.47922370742035,18.84400463073941,8385,0.0
102.53851251617223,18.978751923357336,8386,30.0
102.4848830937103,18.894400118178513,8387,123.69
102.33423562056345,18.548099576150438,8388,234.31
102.27710276849345,18.878499937649597,8389,241.87
103.2650699179681,18.406614918901614,8390,123.69
103.20739807672763,18.5297739443544,8391,94.87
102.51614446559765,18.475336038136756,8392,379.48
103.13409554954347,18.864216724632097,8393,120.0
102.71018056696747,18.60334596612379,8394,379.48
102.41616197447514,18.50390246417176,8395,180.0
103.29821775195211,18.706831886854356,8396,607.46
103.06187100070026,18.86206076795021,8397,94.87
103.42488020701296,18.59014073144723,8398,684.11
103.05297767938748,18.4087708755835,8399,390.0
103.18853345576112,18.97767394501639,8400,540.0
102.63121865349336,18.908683331196013,8401,94.87
103.13894645207772,18.769893619799547,8402,364.97
102.96485295001536,18.902484955735588,8403,360.0
102.34609338231382,18.799538024175494,8404,451.0
103.06106251694456,18.939675208498137,8405,201.25
103.16293147016371,19.021332067824602,8406,330.0
103.27800565805941,18.982255352965403,8407,189.74
102.35552569279709,18.654280442733366,8408,296.99
102.35983760616085,18.99599957681243,8409,421.07
103.31896883501527,18.44326618249369,8410,361.25
103.19931323917055,18.58124741013445,8411,134.16
102.86810439391569,18.91946311460545,8412,189.74
103.28528201186079,18.895208601934222,8413,169.71
102.79749681258389,19.075769974042245,8414,30.0
103.09609681302521,19.082237844087906,8415,684.77
102.20676468174689,18.839692717375634,8416,335.41
103.05459464689889,18.73458982913365,8417,324.5
102.60831161374831,18.711413294803368,8418,30.0
102.57678074727572,19.019176111142716,8419,201.25
103.26587840172381,18.527617987672514,8420,835.71
102.9516477153388,18.91137827704837,8421,361.25
102.62259482676582,18.405267445975433,8422,241.87
102.97374627132814,18.449464557954116,8423,258.07
102.59402840073082,18.616012211629872,8424,384.19
102.52881071110374,18.524114558064447,8425,67.08
102.30782515121034,18.533277373962466,8426,150.0
103.07534572996205,18.909222320366485,8427,258.07
103.3305571021804,18.6117002982661,8428,323.11
102.42828923081076,18.51225679631407,8429,234.31
102.63876450187996,18.64350065932393,8430,60.0
103.03492154217668,18.403380983878783,8431,212.13
102.99422785980606,18.505519431683172,8432,445.98
102.47787623449416,18.929973403429646,8433,60.0
102.30054879740896,18.87957791599054,8434,318.91
102.71907388828025,18.565886218776004,8435,335.41
102.64684933943704,18.808970334658746,8436,241.87
102.74440637929243,18.96366022658413,8437,241.87
102.43017569290741,18.77258856565191,8438,573.15
102.26308905006118,18.710065821877187,8439,384.19
102.9171524084286,18.67745697706365,8440,30.0
102.65520367157936,18.484768348620012,8441,0.0
102.2781807468344,18.601728998612373,8442,390.0
102.8697213614271,18.578821958867326,8443,536.66
102.51991738979096,18.576935496770673,8444,547.45
103.41302244526258,18.910030804122194,8445,150.0
102.86163652387002,18.43598982869232,8446,67.08
102.80477316638526,18.824870515187662,8447,42.43
102.33935601768293,19.05986979351333,8448,30.0
102.99314988146511,18.92593098465111,8449,256.32
103.14730078422004,18.772319071066672,8450,30.0
102.41481450154897,19.048551020933424,8451,597.75
102.28060619810151,18.90437141783224,8452,569.21
103.35481161485164,18.579091453452563,8453,666.11
103.38768995425042,18.566425207946477,8454,510.0
103.05567262523984,19.041005172546818,8455,216.33
102.86837388850091,19.07415300653083,8456,256.32
102.63660854519809,18.566694702531713,8457,30.0
102.41400601779327,18.680151922916007,8458,342.05
103.00366017028932,18.644578637664875,8459,84.85
103.18664699366447,19.092478638326867,8460,150.0
102.92739320266757,18.917037663338327,8461,390.0
102.76650493528176,18.735128818304123,8462,60.0
102.48811702873313,18.666946688239452,8463,42.43
102.72311630705879,18.688775749643554,8464,127.28
103.26210547753051,18.591757698958645,8465,524.79
103.11873435818502,18.74563910712832,8466,371.08
102.81905637940275,18.485037843205248,8467,108.17
102.58055367146902,19.073075028189887,8468,234.31
102.54659735372931,18.478030983989115,8469,516.14
102.92577623515615,18.82325354767625,8470,108.17
102.29839284072708,18.583403366816334,8471,313.21
103.05702009816602,18.811126291340635,8472,550.73
102.37789374337166,18.81328224802252,8473,276.59
102.38597858092874,18.653741453562894,8474,94.87
103.17236378064696,18.79253116495936,8475,284.61
103.06779988157545,18.547560586979966,8476,90.0
102.73713002549106,19.04747304259248,8477,270.0
102.2474583641175,18.601459504027137,8478,94.87
102.22913273232146,18.53947574942289,8479,150.0
102.6306796643229,18.69120120091068,8480,42.43
102.72203832871784,18.837267266108512,8481,742.16
102.47545078322705,18.737015280400772,8482,283.02
102.76893038654889,18.87122358384823,8483,644.13
103.18556901532352,18.44919506336888,8484,42.43
102.51102406847818,19.0604087826838,8485,67.08
103.30441612741254,19.060947771854273,8486,90.0
103.37717966542621,18.572354088821665,8487,127.28
103.15484663260663,18.842387663227992,8488,120.0
102.97994464678857,19.010282789829933,8489,295.47
102.59456738990129,18.665868709898508,8490,560.45
102.58621305775898,19.033728818745452,8491,120.0
102.24503291285038,18.7221930782128,8492,212.13
102.21727497057108,18.40041654344119,8493,60.0
102.4676354402552,18.57451004550355,8494,216.33
102.6638274983069,18.44515264459034,8495,218.4
102.56195854508775,18.66425174238709,8496,0.0
102.66598345498879,18.452967987562182,8497,123.69
102.81824789564705,18.501477012904633,8498,90.0
103.44131937671234,18.4087708755835,8499,364.97
102.62070836466917,18.949107518981393,8500,42.43
102.76946937571935,19.01432520860847,8501,510.0
102.83630403285785,18.964468710339837,8502,351.14
103.19607930414772,19.021332067824602,8503,576.28
102.52934970027421,18.870954089262995,8504,284.61
102.72419428539973,18.46078333053402,8505,189.74
103.11496143399172,18.726504991576576,8506,324.5
102.99800078399936,18.590410226032468,8507,597.75
103.28258706600843,18.97147556955597,8508,123.69
103.34834374480597,18.41335228353251,8509,0.0
102.67272081961968,18.42440156152718,8510,120.0
103.30549410575348,18.52519253640539,8511,516.14
102.62852370764101,18.861252284194503,8512,216.33
102.93925096441795,18.9641992157546,8513,161.56
102.65035276904511,19.008665822318516,8514,256.32
102.78051865371403,18.904101923247005,8515,632.85
102.6608630578693,18.77258856565191,8516,42.43
102.73793850924676,19.072536039019415,8517,0.0
103.1545771380214,18.458088384681663,8518,474.34
102.57920619854285,19.066068168973754,8519,84.85
102.84546684875588,19.02914741079644,8520,150.0
102.7630015056737,18.82567899894337,8521,30.0
103.07696269747348,18.77097159814049,8522,30.0
102.68161414093247,18.922966544213516,8523,597.75
102.9457188344636,18.64996852936959,8524,550.73
102.22751576481005,18.452159503806474,8525,42.43
103.23488652442168,18.42035914274864,8526,390.0
102.78536955624827,18.801424486272143,8527,381.84
102.40699915857714,18.773397049407613,8528,42.43
103.38122208420475,18.665868709898508,8529,30.0
103.29148038732122,18.507405893779826,8530,324.5
102.33558309348963,18.61439524411846,8531,466.69
103.36909482786913,18.720845605286623,8532,94.87
102.29488941111902,18.540553727763836,8533,361.25
103.31627388916291,19.00004199559097,8534,241.87
103.10472063975277,18.639997229715867,8535,510.0
103.34295385310126,18.6259835112836,8536,722.5
102.76731341903748,18.99168766344866,8537,300.0
102.29138598151096,18.80169398085738,8538,276.59
102.80935457433426,18.615473222459404,8539,123.69
102.7600370652361,18.41119632685062,8540,108.17
102.98533453849328,18.637841273033978,8541,276.59
102.35606468196755,18.609005352413742,8542,201.25
102.41481450154897,18.46347827638638,8543,60.0
103.39685277014843,19.040735677961585,8544,150.0
102.37223435708171,18.530043438939636,8545,362.49
103.28097009849701,19.03049488372262,8546,379.48
102.49485439336402,18.535163836059116,8547,335.41
103.28204807683795,18.609544341584215,8548,60.0
103.36532190367583,18.62409704918695,8549,108.17
102.70425168609228,19.077117446968426,8550,451.0
102.62555926720341,18.869606616336814,8551,390.0
102.2789892305901,19.085741273695973,8552,750.0
103.10013923180375,19.059330804342856,8553,318.91
102.95003074782738,18.518994160944967,8554,573.15
102.71071955613795,18.83915372820516,8555,496.59
102.59079446570799,18.610622319925156,8556,150.0
103.17613670484026,19.079542898235548,8557,342.05
103.24943923202441,18.753184955514925,8558,342.05
102.49323742585261,18.94210065976526,8559,417.85
103.03626901510286,19.049359504689132,8560,108.17
102.68592605429625,19.07603946862748,8561,0.0
103.05378616314319,18.399877554270716,8562,0.0
102.21862244349727,18.78282935989087,8563,276.59
102.22670728105435,18.921619071287335,8564,42.43
103.41005800482499,18.514951742166428,8565,421.07
102.25203977206651,18.71518621899667,8566,324.5
102.44122497090208,18.995191093056725,8567,120.0
103.27989212015608,18.472371597699162,8568,276.59
102.66490547664785,18.79899903500502,8569,474.34
103.42299374491631,18.716803186508084,8570,174.93
102.6818836355177,18.570737121310252,8571,420.0
102.34124247977958,18.703058962661057,8572,270.0
103.2230287626713,18.825409504358134,8573,624.26
103.4003561997565,18.890896688570447,8574,450.0
103.34753526105027,18.43221690449902,8575,270.0
102.32453381549496,19.06121726643951,8576,349.86
102.5840571010771,18.42251509943053,8577,90.0
102.78644753458921,18.643770153909166,8578,323.11
102.2752163063968,19.075769974042245,8579,342.05
103.03546053134716,18.938058240986724,8580,313.21
102.34151197436482,18.552950478684682,8581,30.0
103.30549410575348,19.013247230267527,8582,234.31
102.95838507996969,18.90383242866177,8583,516.14
102.45227424889676,18.880655894331486,8584,30.0
102.26362803923166,18.961234775317006,8585,381.84
102.67838020590963,18.76719867394719,8586,169.71
102.54983128875213,18.575857518429732,8587,0.0
102.78348309415162,18.849933511614598,8588,42.43
102.9839870655671,18.993574125545308,8589,90.0
102.5112935630634,18.802232970027852,8590,436.81
103.09986973721851,18.813821237192993,8591,488.37
102.6398424802209,18.406614918901614,8592,120.0
102.2932724436076,18.80762286173257,8593,189.74
102.31483201042647,18.401225027196897,8594,120.0
102.54659735372931,18.960695786146534,8595,362.49
103.02144681291489,18.61762917914129,8596,458.91
102.30728616203986,18.93698026264578,8597,523.93
102.52342081939902,18.88954921564427,8598,330.0
102.29812334614185,18.81193477509634,8599,67.08
102.75303020601997,18.63002593006214,8600,161.56
102.76569645152605,18.614125749533223,8601,844.81
102.8487007837787,18.56022683248605,8602,276.59
103.26695638006476,18.883350840183844,8603,134.16
103.39604428639272,18.86286925170592,8604,384.19
102.54498038621789,18.510100839632184,8605,30.0
103.39307984595513,19.0032759306138,8606,483.74
103.26857334757617,18.40365047846402,8607,174.93
102.20110529545694,18.81328224802252,8608,751.8
102.96539193918582,18.882003367257663,8609,308.87
102.49943580131303,18.74833405298068,8610,84.85
102.67999717342106,18.51872466635973,8611,0.0
103.03573002593238,18.49150571325091,8612,123.69
102.8675654047452,18.96231275365795,8613,42.43
103.2041641417048,19.09759903544635,8614,30.0
102.99638381648795,18.904640912417477,8615,30.0
103.42245475574583,18.524923041820156,8616,465.73
103.019290856233,18.576396507600204,8617,90.0
102.51210204681911,18.900059504468466,8618,371.08
103.04138941222234,18.841579179472287,8619,589.41
102.95595962870257,18.73027791576988,8620,108.17
102.89667081995069,18.449734052539352,8621,240.0
102.4789542128351,18.662095785705205,8622,84.85
103.19041991785777,18.867450659654928,8623,408.05
102.33288814763728,18.867450659654928,8624,161.56
102.39460240765628,18.42628802362383,8625,84.85
102.685656559711,18.568581164628363,8626,0.0
102.60777262457785,18.852089468296484,8627,189.74
103.44751775217277,18.530312933524872,8628,268.33
102.31698796710836,18.762078276827708,8629,573.15
102.2302107106624,19.100024486713473,8630,30.0
102.62043887008393,18.681768890427424,8631,271.66
102.24476341826515,18.49986004539322,8632,60.0
102.67164284127874,18.97255354789691,8633,390.0
102.3533697361152,18.589062753106287,8634,394.59
103.21494392511423,18.47776148940388,8635,283.02
103.16643489977177,19.027530443285027,8636,276.59
102.20487821965024,18.605771417390912,8637,624.26
103.07211179493923,18.48153441359718,8638,180.0
102.80692912306715,18.72434903489469,8639,606.72
102.43960800339067,18.447308601272226,8640,394.59
103.16023652431134,18.44272719332322,8641,134.16
103.26722587464998,18.717611670263793,8642,30.0
103.26911233674663,18.79333964871507,8643,120.0
103.15996702972612,19.029416905381677,8644,331.36
102.257160169186,19.047742537177715,8645,218.4
103.36828634411343,18.409309864753972,8646,30.0
102.21377154096302,19.043161129228707,8647,30.0
102.70344320233657,19.07415300653083,8648,284.61
102.90475565750776,18.658592356097138,8649,635.69
102.5571076425535,18.901406977394647,8650,90.0
102.41670096364562,18.661556796534732,8651,216.33
102.6066946462369,18.776361489845208,8652,90.0
102.966739412112,18.515760225922136,8653,366.2
103.35588959319259,18.491775207836145,8654,488.37
103.0659134194788,18.408231886413027,8655,0.0
103.0403114338814,18.726504991576576,8656,268.33
102.30324374326133,18.6259835112836,8657,150.0
102.96081053123682,18.927278457577287,8658,108.17
103.38849843800612,18.97982990169828,8659,152.97
102.36226305742798,18.732972861622237,8660,403.61
102.91526594633196,18.63918874596016,8661,210.0
103.09690529678092,19.010282789829933,8662,271.66
103.00150421360743,18.549177554491383,8663,174.93
103.10256468307088,18.88739325896238,8664,90.0
102.46116757020954,18.9784824287721,8665,90.0
103.1936538528806,18.77285806023714,8666,84.85
103.15107370841334,18.71518621899667,8667,256.32
102.36900042205887,18.574779540088787,8668,890.45
103.27072930425805,18.701172500564404,8669,375.9
102.94814428573073,18.86987611092205,8670,60.0
102.54686684831454,18.77258856565191,8671,67.08
103.26614789630904,18.918115641679268,8672,349.86
103.25806305875197,18.772319071066672,8673,551.55
102.78375258873686,18.723810045724218,8674,127.28
102.30135728116467,18.90113748280941,8675,632.85
103.21790836555182,19.055018890979085,8676,30.0
103.25348165080295,18.853975930393137,8677,607.46
102.31052009706269,18.477491994818642,8678,680.15
103.15646360011804,18.442457698737982,8679,90.0
102.86136702928479,18.997886038909083,8680,84.85
102.21242406803684,18.43275589366949,8681,108.17
102.79776630716913,18.572893077992138,8682,516.14
103.42056829364918,19.00462340353998,8683,60.0
103.01443995369875,18.831068890648087,8684,569.21
103.30818905160584,19.098138024616823,8685,270.0
103.04543183100088,18.571545605065957,8686,90.0
103.33621648847037,18.55968784331558,8687,300.0
102.30566919452845,18.843735136154173,8688,182.48
102.8171699173061,18.64619560517629,8689,371.08
102.91661341925814,18.51037033421742,8690,30.0
102.9974617948289,19.097868530031587,8691,360.0
102.47113886986327,18.535972319814825,8692,218.4
102.733626595883,18.709257338121482,8693,90.0
103.0688778599164,18.949646508151865,8694,30.0
102.49404590960832,18.450542536295057,8695,94.87
103.16347045933418,19.022679540750783,8696,256.32
103.4289226257915,18.436259323277557,8697,247.39
102.31698796710836,18.401494521782134,8698,150.0
102.47841522366464,18.692548673836857,8699,216.33
103.24458832949017,18.85828784375691,8700,591.7
102.93925096441795,18.61035282533992,8701,94.87
102.95730710162876,18.578013475111618,8702,658.64
103.11981233652597,19.047742537177715,8703,523.93
102.89694031453593,18.945604089373326,8704,725.61
102.74710132514478,18.773397049407613,8705,210.0
102.37870222712736,18.984141815062053,8706,0.0
103.05082172270559,18.99492159847149,8707,42.43
102.91607443008766,18.78013441403851,8708,436.81
103.16912984562413,18.756418890537756,8709,390.0
102.46332352689143,18.635954810937328,8710,241.87
102.58351811190661,18.53947574942289,8711,210.0
103.34888273397645,18.884159323939553,8712,30.0
103.1726332752322,18.976326472090214,8713,366.2
102.90798959253058,18.509292355876475,8714,296.99
102.53096666778562,18.946951562299507,8715,256.32
102.6277152238853,18.727313475332284,8716,445.98
102.83926847329545,19.08789723037786,8717,0.0
102.46440150523237,18.952341454004223,8718,379.48
102.82202081984035,18.977134955845923,8719,635.69
102.823907281937,19.088705714133567,8720,60.0
103.31142298662867,18.76773766311766,8721,750.0
103.39469681346655,18.78794975701035,8722,593.97
103.21413544135852,18.463747770971615,8723,30.0
103.10876305853131,19.009474306074225,8724,254.56
102.33854753392723,18.521150117626853,8725,702.29
102.22023941100868,18.537319792741005,8726,0.0
103.02899266130149,18.45431546048836,8727,30.0
102.29435042194855,18.782290370720396,8728,323.11
102.54174645119507,19.040196688791113,8729,692.61
103.36666937660202,18.656975388585725,8730,30.0
102.57192984474148,18.452967987562182,8731,182.48
103.4326955499848,18.4659037276535,8732,161.56
102.27791125224915,18.947760046055212,8733,241.87
103.33109609135089,18.407153908072086,8734,390.0
102.83414807617596,18.548908059906147,8735,424.27
103.00500764321549,18.786332789498935,8736,517.88
102.98021414137379,18.712221778559076,8737,379.48
102.95407316660592,18.655627915659544,8738,313.21
102.6667919387445,18.45108152546553,8739,0.0
102.31644897793788,19.053401923467668,8740,60.0
102.65412569323841,18.78471582198752,8741,60.0
102.61936089174299,18.768815641458605,8742,270.0
102.75060475475284,18.983872320476816,8743,551.55
102.76461847318511,18.963121237413656,8744,436.81
103.30818905160584,18.768276652288133,8745,547.45
102.55198724543402,18.68823676047308,8746,30.0
102.28303164936864,19.08789723037786,8747,715.61
103.36828634411343,18.664521236972327,8748,42.43
102.79426287756105,18.985489287988234,8749,483.74
103.24189338363782,18.78660228408417,8750,241.87
103.3116924812139,18.701711489734876,8751,785.18
103.27504121762182,18.605771417390912,8752,212.13
102.49593237170497,18.997077555153375,8753,271.66
103.36424392533489,18.74563910712832,8754,362.49
102.32372533173925,18.819480623482946,8755,403.61
102.72904518793398,18.6364938001078,8756,270.0
103.27396323928089,18.558070875804166,8757,150.0
102.24018201031613,18.76719867394719,8758,308.87
102.23856504280472,18.455123944244068,8759,416.78
103.29148038732122,18.591218709788176,8760,453.98
102.9974617948289,18.98683676091441,8761,152.97
102.37546829210454,18.419550658992936,8762,0.0
102.41454500696373,18.534624846888644,8763,536.66
103.22841865437603,18.630295424647375,8764,228.47
102.71206702906412,18.675301020381763,8765,630.72
103.25725457499625,18.835380804011862,8766,284.61
102.30351323784656,18.53705029815577,8767,127.28
102.22967172149194,18.528426471428222,8768,283.02
102.66733092791497,18.825409504358134,8769,90.0
102.21431053013349,18.431408420743313,8770,94.87
103.09528832926951,18.682846868768365,8771,67.08
102.84816179460823,18.886584775206675,8772,254.56
102.57920619854285,18.969050118288845,8773,488.37
102.72446377998497,18.705753908513415,8774,276.59
102.74898778724143,19.0032759306138,8775,0.0
103.26453092879763,19.00650986563663,8776,697.79
103.4087105318988,19.007048854807103,8777,366.2
102.78887298585634,18.97524849374927,8778,42.43
102.5104850793077,18.461322319704493,8779,465.73
103.09474934009904,18.804658421294974,8780,134.16
103.10310367224135,18.55133351117327,8781,30.0
102.9877599897604,18.934824305963893,8782,60.0
102.54066847285412,19.069032609411348,8783,108.17
103.26938183133187,18.908683331196013,8784,30.0
102.51183255223388,18.65320246439242,8785,496.59
102.2008358008717,19.045856075081065,8786,30.0
102.92362027847427,18.703597951831526,8787,212.13
102.62744572930006,18.582055893890157,8788,180.0
102.43206215500406,18.71060481104766,8789,123.69
102.4369130575383,18.647273583517233,8790,94.87
102.37007840039982,19.057444342246207,8791,0.0
102.59726233575364,19.076578457797954,8792,642.03
102.95515114494687,18.801963475442616,8793,558.03
102.2744078226411,18.784985316572754,8794,420.0
103.09555782385475,19.088705714133567,8795,84.85
102.2504228045551,18.92862593050347,8796,161.56
102.96620042294154,19.057444342246207,8797,30.0
103.41652587487064,18.42116762650435,8798,400.25
103.02845367213102,18.410387843094917,8799,60.0
102.87996215566606,19.05313242888243,8800,30.0
102.79022045878251,19.031033872893094,8801,30.0
102.8117800256014,18.860982789609267,8802,335.41
102.3865175700992,18.728930442843698,8803,94.87
103.18799446659064,19.031842356648802,8804,391.15
102.43772154129402,18.571545605065957,8805,271.66
102.25096179372557,19.086280262866442,8806,189.74
102.24880583704369,18.827834955625256,8807,509.12
102.26686197425448,19.048281526348187,8808,499.3
103.20551161463098,18.646465099761524,8809,0.0
103.44563129007612,19.039388205035404,8810,390.0
102.35956811157563,19.060139288098565,8811,421.07
102.51398850891577,18.41281329436204,8812,335.41
103.24539681324588,18.41469975645869,8813,445.98
103.28635999020173,18.517646688018786,8814,30.0
103.14837876256097,19.05474939639385,8815,715.61
102.51668345476813,18.919732609190685,8816,30.0
102.7179959099393,19.073883511945596,8817,442.95
103.02063832915918,18.560765821656524,8818,108.17
103.24054591071163,19.000850479346678,8819,390.0
102.95730710162876,19.080351381991253,8820,540.84
103.36020150655635,19.050976472200546,8821,0.0
103.31762136208908,18.84643008200653,8822,0.0
103.10391215599705,18.574779540088787,8823,360.0
102.84465836500016,18.769624125214314,8824,480.0
103.34591829353886,18.47075463018775,8825,551.55
102.72742822042257,19.084932789940265,8826,606.72
102.76839139737841,18.716533691922848,8827,42.43
102.4827271370284,19.057713836831443,8828,150.0
103.05189970104654,18.517646688018786,8829,524.79
102.20272226296835,19.101102465054417,8830,90.0
102.6638274983069,18.679073944575066,8831,174.93
103.44051089295664,18.68203838501266,8832,30.0
102.7562641410428,18.8108567967554,8833,84.85
102.92442876222998,19.08601076828121,8834,632.85
102.81043255267521,18.73135589411082,8835,268.33
103.09717479136616,18.751298493418275,8836,42.43
102.31186756998888,18.942370154350495,8837,523.93
102.96835637962342,19.078464919894603,8838,0.0
102.65870710118742,18.911647771633607,8839,577.06
102.24045150490137,18.92593098465111,8840,450.0
102.29057749775524,18.727852464502753,8841,30.0
102.96108002582206,18.831338385233323,8842,174.93
103.3823000625457,18.459974846778312,8843,30.0
102.47679825615322,18.713569251485254,8844,30.0
102.29138598151096,18.566425207946477,8845,0.0
102.90637262501917,18.687697771302613,8846,161.56
102.90125222789969,19.073075028189887,8847,218.4
102.67299031420492,18.71195228397384,8848,540.84
103.41302244526258,18.845621598250823,8849,127.28
102.81743941189134,18.86664217589922,8850,362.49
103.04165890680757,18.527617987672514,8851,416.78
102.2932724436076,18.97147556955597,8852,150.0
103.41383092901829,18.852089468296484,8853,30.0
103.16266197557847,18.41793369148152,8854,324.5
102.75410818436092,19.042622140058235,8855,84.85
102.7991137800953,18.870415100092522,8856,361.25
102.714222985746,18.70656239226912,8857,402.49
102.71287551281983,19.09867701378729,8858,30.0
102.52719374359232,18.54540463029808,8859,403.61
102.24718886953227,18.783637843646577,8860,308.87
102.63580006144237,18.578282969696854,8861,60.0
102.4827271370284,18.63514632718162,8862,67.08
103.03950295012568,18.603076471538554,8863,513.52
102.88966396073455,18.887662753547616,8864,150.0
103.02279428584106,18.593105171884826,8865,120.0
103.28285656059367,18.658592356097138,8866,169.71
103.02845367213102,18.489619251154256,8867,600.0
103.43296504457004,18.442188204152746,8868,30.0
102.69724482687614,18.551064016588033,8869,540.0
102.93952045900319,19.02483549743267,8870,276.59
102.27036540386256,18.923505533383985,8871,180.0
103.0020432027779,18.758305352634405,8872,150.0
102.75464717353138,18.876074486382475,8873,603.0
103.34915222856169,18.458627373852135,8874,60.0
102.95569013411733,18.46859867350586,8875,0.0
103.2462052970016,18.538397771081947,8876,589.41
102.98048363595903,18.717611670263793,8877,174.93
102.21592749764491,18.43679831244803,8878,94.87
103.32462822130522,18.727043980747048,8879,268.33
102.57004338264483,18.607388384902325,8880,30.0
102.52881071110374,18.87311004594488,8881,258.07
102.52342081939902,19.09759903544635,8882,67.08
102.7058686536037,18.807892356317804,8883,379.48
102.63553056685714,18.727043980747048,8884,300.0
102.46817442942567,18.897364558616108,8885,60.0
102.97185980923149,19.013247230267527,8886,60.0
102.43933850880543,18.75668838512299,8887,123.69
103.27962262557084,18.863138746291153,8888,442.95
102.74952677641191,18.667216182824685,8889,234.31
102.38139717297973,18.431138926158077,8890,256.32
102.25392623416316,18.669102644921338,8891,384.19
102.95892406914017,18.56103531624176,8892,108.17
102.36873092747364,18.40418946763449,8893,134.16
102.66544446581833,18.993574125545308,8894,474.34
103.28474302269032,18.656166904830016,8895,30.0
103.15026522465763,18.872840551359644,8896,30.0
102.69589735394997,18.86152177877974,8897,450.0
102.29866233531232,18.420628637333877,8898,349.86
102.59456738990129,18.73593730205983,8899,201.25
103.00581612697121,18.763964738924358,8900,90.0
102.60346071121407,18.586637301839165,8901,330.0
102.91203201130912,18.735128818304123,8902,308.87
102.70694663194465,18.808431345488277,8903,300.0
102.5075206388701,18.59795607441907,8904,150.0
102.61127605418591,18.75803585804917,8905,468.62
102.37304284083741,18.872571056774408,8906,241.87
102.36819193830317,18.77258856565191,8907,442.95
103.44266684963853,18.65320246439242,8908,120.0
102.51641396018289,18.41092683226539,8909,241.87
102.44122497090208,18.482612391938126,8910,474.34
103.01066702950546,18.770702103555255,8911,212.13
102.94733580197503,18.737015280400772,8912,256.32
102.33531359890439,19.066607158144226,8913,342.05
103.01875186706252,19.011899757341347,8914,721.25
103.09528832926951,19.097060046275878,8915,152.97
102.30513020535798,18.96878062370361,8916,268.33
102.27332984430015,18.729199937428934,8917,483.74
102.96781739045295,18.66640769906898,8918,488.37
102.42451630661746,18.641344702642044,8919,256.32
102.28141468185723,18.485037843205248,8920,270.0
103.04354536890422,18.646465099761524,8921,30.0
103.35588959319259,18.860982789609267,8922,241.87
102.66490547664785,18.622480081675533,8923,240.0
102.64011197480615,18.866911670484455,8924,60.0
102.76488796777035,19.051784955956254,8925,400.25
103.32085529711192,18.594991633981476,8926,323.11
102.73632154173535,18.489080261983787,8927,330.0
102.514258003501,18.772049576481436,8928,90.0
102.84007695705115,18.909761309536957,8929,0.0
102.70020926731374,18.987375750084883,8930,488.37
102.5390515053427,19.015942176119886,8931,210.0
103.18718598283493,18.713299756900017,8932,120.0
102.56896540430388,19.030225389137385,8933,391.15
102.76057605440657,18.989801201352005,8934,180.0
102.41238905028185,18.87823044306436,8935,30.0
103.43700746334858,18.64565661600582,8936,657.95
103.37610168708527,19.035345786256865,8937,90.0
103.12439374447499,18.506058420853645,8938,432.67
102.41993489866846,18.90895282578125,8939,295.47
102.76839139737841,19.03507629167163,8940,453.98
102.31779645086407,18.867720154240164,8941,445.98
102.92173381637762,18.728391453673225,8942,120.0
102.98722100058993,18.725157518650395,8943,216.33
103.076423708303,18.967972139947904,8944,42.43
103.00716359989738,18.745908601713555,8945,90.0
102.9238897730595,19.018637121972244,8946,305.94
102.24045150490137,19.03911871045017,8947,394.59
102.67918868966535,18.92593098465111,8948,573.15
103.3898459109323,18.930781887185354,8949,120.0
102.33720006100104,18.775283511504266,8950,30.0
102.59052497112275,18.895747591104694,8951,276.59
102.21053760594019,18.9536889269304,8952,335.41
103.2553681128996,18.637302283863505,8953,247.39
103.13598201164012,18.680960406671716,8954,375.9
103.43862443085999,18.6936266521778,8955,270.0
103.44185836588282,18.702519973490585,8956,218.4
102.83980746246591,18.52465354723492,8957,60.0
102.61127605418591,18.406614918901614,8958,90.0
103.27207677718422,19.011360768170874,8959,218.4
103.24916973743919,18.617090189970817,8960,403.61
102.55306522377496,18.868259143410636,8961,300.0
103.09151540507621,18.89925102071276,8962,174.93
102.80369518804432,18.534085857718175,8963,600.0
102.31914392379024,18.64242268098299,8964,0.0
103.00554663238597,18.75803585804917,8965,174.93
103.42703616369485,18.76019181473106,8966,295.47
103.0688778599164,19.040735677961585,8967,270.0
102.63094915890812,18.58367286140157,8968,0.0
103.019290856233,19.002197952272855,8969,512.64
102.52988868944469,18.824870515187662,8970,94.87
102.32507280466542,18.763156255168653,8971,331.36
103.30953652453202,18.76342574975389,8972,323.11
103.03168760715384,18.94452611103238,8973,212.13
102.26497551215783,18.835380804011862,8974,201.25
102.26928742552161,18.628408962550722,8975,349.86
102.34905782275142,18.938058240986724,8976,432.67
102.98210060347046,18.927278457577287,8977,120.0
103.26318345587144,19.028877916211208,8978,870.52
102.78968146961205,18.810317807584926,8979,123.69
103.0659134194788,18.409040370168736,8980,90.0
102.85759410509148,18.610891814510392,8981,30.0
103.29471432234405,18.808431345488277,8982,582.5
103.01093652409068,18.739979720838367,8983,617.74
102.29381143277807,18.582325388475393,8984,201.25
103.05998453860362,18.44084073122657,8985,270.0
103.43835493627475,18.887932248132852,8986,60.0
102.68457858137006,18.860982789609267,8987,228.47
102.23479211861142,18.93617177889007,8988,134.16
103.42083778823442,18.566425207946477,8989,573.15
102.51883941145002,18.759652825560586,8990,254.56
102.21215457345161,18.505249937097936,8991,134.16
102.47140836444851,19.078464919894603,8992,60.0
102.73012316627492,19.00516239271045,8993,324.5
102.47113886986327,19.03238134581927,8994,296.99
102.9125710004796,19.036962753768282,8995,150.0
102.58163164980996,18.41335228353251,8996,90.0
102.40726865316236,18.756418890537756,8997,120.0
103.04974374436465,18.97147556955597,8998,30.0
102.71152803989365,18.479917446085768,8999,516.14
103.21494392511423,19.031842356648802,9000,510.0
102.90798959253058,18.992496147204367,9001,67.08
102.8772672098137,18.651854991466244,9002,241.87
102.62124735383964,19.0671461473147,9003,67.08
103.11118850979842,18.65266347522195,9004,576.28
102.69428038643855,18.583403366816334,9005,67.08
102.59268092780464,18.91218676080408,9006,67.08
103.33891143432272,18.954227916100873,9007,442.95
103.35939302280065,18.552950478684682,9008,67.08
103.17128580230602,18.418203186066755,9009,0.0
103.20658959297192,18.94263964893573,9010,90.0
102.30566919452845,18.51414325841072,9011,216.33
102.68134464634723,18.57451004550355,9012,480.0
102.823907281937,18.478569973159587,9013,774.21
103.28258706600843,18.644578637664875,9014,42.43
102.3609155845018,18.9394057139129,9015,108.17
102.25823814752694,18.900867988224174,9016,216.33
102.29650637863043,18.47506654355152,9017,42.43
103.11873435818502,18.40607592973114,9018,218.4
102.34932731733666,18.548099576150438,9019,90.0
102.99395836522083,18.600381525686196,9020,30.0
103.33837244515225,18.958000840294176,9021,123.69
102.77917118078786,18.546482608639025,9022,150.0
103.33702497222608,18.610622319925156,9023,60.0
102.36657497079176,19.045856075081065,9024,403.61
103.23488652442168,18.400686038026425,9025,60.0
102.64873580153369,19.003006436028564,9026,127.28
103.27692767971848,18.742135677520256,9027,161.56
102.77512876200932,18.82648748269908,9028,201.25
103.047857282268,19.014594703193705,9029,590.93
102.80773760682285,18.619785135823175,9030,488.37
102.97886666844762,18.426557518209066,9031,450.0
102.2609330933793,19.094634595008756,9032,590.93
103.06348796821167,18.808970334658746,9033,408.05
102.4676354402552,18.922158060457807,9034,361.25
102.98479554932281,18.847508060347476,9035,0.0
102.57031287723007,19.01243874651182,9036,67.08
102.64927479070417,19.094095605838284,9037,268.33
102.59537587365699,18.84130968488705,9038,134.16
102.79776630716913,18.731894883281292,9039,254.56
102.39002099970727,18.56938964838407,9040,94.87
102.96808688503819,18.74051871000884,9041,210.0
102.76893038654889,18.42952195864666,9042,174.93
103.14110240875961,18.773936038578086,9043,384.19
102.96000204748111,18.82648748269908,9044,313.21
102.43287063875978,18.743213655861197,9045,551.55
103.06375746279691,18.81274325885205,9046,390.0
102.457125151431,18.72354055113898,9047,466.69
103.22437623559749,18.552680984099446,9048,218.4
103.0306096288129,18.507675388365058,9049,466.69
103.10552912350848,18.41658621855534,9050,234.31
102.9411374265146,18.85963531668309,9051,120.0
102.52719374359232,19.046664558836774,9052,284.61
102.74871829265619,18.64242268098299,9053,84.85
102.59780132492412,18.88954921564427,9054,416.78
102.97913616303285,18.755879901367283,9055,466.69
102.2008358008717,19.029686399966913,9056,785.18
103.1222377877931,18.560765821656524,9057,827.59
102.47598977239751,18.988723223011064,9058,189.74
102.9441018669522,18.434642355766144,9059,60.0
102.72608074749638,19.09517358417923,9060,60.0
103.15781107304423,18.41200481060633,9061,361.25
102.37304284083741,18.722732067383273,9062,150.0
102.61073706501544,18.72623549699134,9063,496.59
102.87591973688752,19.011899757341347,9064,127.28
102.51318002516005,18.72866094825846,9065,67.08
102.30863363496604,18.4831513811086,9066,483.74
102.36711395996223,18.945873583958562,9067,90.0
102.74548435763337,18.742405172105492,9068,120.0
103.22841865437603,18.66829416116563,9069,90.0
102.2827621547834,18.885776291450966,9070,450.0
102.25069229914034,18.96285174282842,9071,0.0
102.4495793030444,18.84831654410318,9072,384.19
103.33028760759518,18.436259323277557,9073,90.0
102.60049627077647,18.46078333053402,9074,247.39
102.93520854563941,18.454584955073596,9075,258.07
102.84277190290351,18.7469865800545,9076,523.93
102.52422930315473,18.578821958867326,9077,342.05
102.28626558439147,18.552141994928977,9078,90.0
103.25671558582579,18.54351816820143,9079,597.75
103.39442731888131,18.780403908623747,9080,362.49
102.39460240765628,18.83349434191521,9081,30.0
103.43053959330291,18.809778818414454,9082,30.0
102.73982497134341,18.590410226032468,9083,192.09
103.0230637804263,18.473449576040107,9084,271.66
102.29300294902237,18.971745064141203,9085,182.48
102.68457858137006,18.43598982869232,9086,593.97
103.0020432027779,18.64430914307964,9087,256.32
102.22455132437246,19.030225389137385,9088,169.71
102.85867208343242,18.840231706546106,9089,308.87
103.05513363606937,18.672067085358933,9090,582.5
102.46925240776662,18.688775749643554,9091,192.09
102.73093165003063,18.900059504468466,9092,30.0
102.8125885093571,18.505249937097936,9093,510.88
103.06699139781975,19.0175591436313,9094,212.13
102.66167154162501,18.987914739255356,9095,60.0
102.30486071077274,19.01486419777894,9096,451.0
102.5315056569561,18.734050839963178,9097,90.0
102.80908507974902,18.87715246472342,9098,228.47
102.24557190202086,18.83672827693804,9099,241.87
102.49323742585261,18.421437121089586,9100,180.0
103.24108489988211,18.98306383672111,9101,254.56
102.28923002482907,19.0852022845255,9102,270.0
102.35902912240515,19.089514197889272,9103,339.41
103.22329825725654,19.01297773568229,9104,216.33
103.26183598294527,18.73135589411082,9105,342.05
102.89559284160974,18.54217069527525,9106,254.56
102.86190601845526,18.963929721169364,9107,582.5
102.40214825604289,18.76773766311766,9108,212.13
102.45308273265246,18.585289828912988,9109,152.97
102.99934825692554,18.90895282578125,9110,67.08
103.01336197535781,19.00731834939234,9111,271.66
103.24916973743919,18.59094921520294,9112,607.46
102.57516377976431,19.04154416171729,9113,445.98
102.37924121629784,18.99492159847149,9114,268.33
103.29282786024739,18.77420553316332,9115,90.0
102.38894302136633,19.064720696047576,9116,780.58
102.45658616226054,18.570737121310252,9117,360.0
103.09609681302521,18.910030804122194,9118,442.95
103.15592461094758,18.90113748280941,9119,228.47
102.31564049418218,18.976056977504978,9120,626.42
102.82336829276653,18.686350298376432,9121,417.85
102.98937695727182,18.72354055113898,9122,123.69
102.48676955580694,18.66748567740992,9123,0.0
103.08154410542248,18.401225027196897,9124,60.0
102.59510637907177,18.475605532721993,9125,30.0
103.39361883512561,18.99492159847149,9126,120.0
102.43933850880543,18.96015679697606,9127,161.56
102.73012316627492,18.703058962661057,9128,276.59
102.93008814851993,18.68823676047308,9129,641.33
102.45496919474911,19.011360768170874,9130,954.83
102.24449392367991,18.607388384902325,9131,120.0
102.59968778702077,18.54729109239473,9132,150.0
102.42694175788459,18.57208459423643,9133,524.79
102.84762280543775,18.746717085469264,9134,342.05
102.6554731661646,18.675031525796527,9135,120.0
102.9238897730595,18.592566182714354,9136,271.66
102.36657497079176,18.68823676047308,9137,810.56
102.55387370753067,19.04423910756965,9138,120.0
103.10903255311653,18.975787482919742,9139,408.05
103.1146919394065,18.614664738703695,9140,570.0
103.43323453915528,18.568581164628363,9141,189.74
103.36774735494296,18.98495029881776,9142,90.0
102.88562154195601,19.09032268164498,9143,512.64
102.62609825637388,18.66964163409181,9144,108.17
102.94140692109984,18.462939287215907,9145,361.25
102.51830042227954,18.652932969807186,9146,732.4
103.15915854597041,19.07415300653083,9147,30.0
102.95353417743544,18.526001020161097,9148,942.02
102.40026179394624,18.420898131919113,9149,331.36
102.74413688470719,18.53705029815577,9150,174.93
103.3591235282154,18.561843799997465,9151,30.0
102.9659309283563,18.53300787937723,9152,150.0
102.23371414027048,18.836189287767567,9153,30.0
102.80207822053289,18.54270968444572,9154,0.0
102.63310511559001,18.818402645142,9155,270.0
103.25860204792244,18.595530623151948,9156,228.47
102.40538219106571,18.541901200690013,9157,276.59
102.96027154206635,18.970397591215026,9158,174.93
103.3011821923897,19.051784955956254,9159,134.16
103.10660710184942,18.48153441359718,9160,228.47
103.2507867049506,19.041813656302526,9161,335.41
102.59537587365699,18.617359684556053,9162,174.93
102.51722244393859,18.457010406340718,9163,420.0
102.83226161407931,18.662095785705205,9164,150.0
102.37061738957028,18.920810587531626,9165,283.02
102.59214193863417,18.692548673836857,9166,268.33
102.22239536769057,18.42251509943053,9167,324.5
102.45469970016387,18.70979632729195,9168,84.85
103.3591235282154,19.070649576922765,9169,169.71
102.9990787623403,18.9784824287721,9170,684.11
103.3364859830556,18.671797590773696,9171,342.05
103.27423273386611,18.73728477498601,9172,169.71
102.71826540452454,18.885776291450966,9173,642.03
102.76650493528176,18.420089648163405,9174,375.9
102.72230782330308,19.058252826001915,9175,271.66
102.65170024197128,18.798729540419785,9176,210.0
102.32022190213118,18.533277373962466,9177,84.85
102.2264377864691,18.797112572908368,9178,60.0
102.83333959242026,19.007048854807103,9179,510.0
103.05405565772843,18.8003465079312,9180,445.98
102.59052497112275,18.661017807364264,9181,241.87
102.3045912161875,18.458088384681663,9182,534.14
102.21377154096302,18.700364016808695,9183,42.43
103.37394573040339,18.80492791588021,9184,30.0
103.24458832949017,18.538397771081947,9185,417.85
102.68727352722242,18.692818168422093,9186,90.0
103.31196197579914,19.00516239271045,9187,201.25
103.10445114516753,19.003814919784272,9188,517.88
102.23209717275905,18.541631706104777,9189,216.33
102.3075556566251,18.604962933635203,9190,0.0
103.43242605539956,18.591218709788176,9191,566.04
102.33666107183058,19.046664558836774,9192,150.0
103.00015674068125,19.090053187059745,9193,268.33
103.42541919618343,18.74833405298068,9194,0.0
103.21359645218806,18.690662211740207,9195,212.13
102.84681432168205,18.744022139616906,9196,655.21
103.40251215643839,18.637032789278273,9197,600.0
103.27423273386611,19.099216002957764,9198,180.0
103.37744916001145,18.580977915549212,9199,108.17
102.34501540397288,18.467251200579682,9200,67.08
102.44014699256114,19.068493620240876,9201,429.54
103.11765637984409,18.84589109283606,9202,417.85
103.26318345587144,18.651046507710536,9203,318.91
102.4600895918686,18.836997771523276,9204,108.17
103.0659134194788,18.495548132029445,9205,90.0
102.83307009783502,18.78794975701035,9206,381.84
103.13894645207772,18.87715246472342,9207,384.19
102.25662118001553,18.7574968688787,9208,161.56
103.2297661273022,19.05906130975762,9209,212.13
102.20595619799118,18.504171958756995,9210,108.17
103.32732316715759,18.586098312668693,9211,764.86
102.78456107249256,19.0356152808421,9212,0.0
102.78536955624827,19.026452464944082,9213,276.59
102.70937208321176,18.487732789057606,9214,216.33
103.23192208398409,18.585828818083456,9215,234.31
102.66167154162501,19.02160156240984,9216,420.0
103.3087280407763,18.58502033432775,9217,270.0
102.81986486315846,18.53112141728058,9218,313.21
103.28285656059367,19.01163026275611,9219,216.33
102.28599608980623,18.76854614687337,9220,84.85
103.35669807694829,18.84130968488705,9221,30.0
103.00392966487455,18.404728456804964,9222,339.41
103.30441612741254,18.935632789719598,9223,127.28
102.8117800256014,19.03831022669446,9224,134.16
103.35292515275499,19.062834233950923,9225,108.17
102.23910403197519,18.66425174238709,9226,296.99
103.28177858225273,18.539745244008127,9227,402.49
102.56815692054818,18.797112572908368,9228,445.98
103.43107858247339,19.015942176119886,9229,123.69
103.0554031306546,18.752376471759217,9230,241.87
102.75114374392332,18.450812030880293,9231,458.91
102.58432659566232,18.99923351183526,9232,547.45
102.57462479059383,18.56480824043506,9233,300.0
102.98237009805568,18.78417683281705,9234,570.79
102.63687803978331,18.444344160834632,9235,67.08
103.13705998998107,18.84130968488705,9236,390.0
103.07184230035399,18.40176401636737,9237,0.0
103.30549410575348,18.501477012904633,9238,394.59
102.91903887052526,18.600920514856664,9239,120.0
102.35902912240515,18.53947574942289,9240,90.0
102.91122352755342,18.54540463029808,9241,161.56
102.32992370719968,18.688506255058318,9242,421.07
103.22787966520555,18.79899903500502,9243,361.25
102.58351811190661,18.562382789167938,9244,210.0
102.73497406880917,18.928356435918232,9245,60.0
102.23694807529331,18.511717807143597,9246,323.11
102.86028905094385,19.095982067934933,9247,600.75
102.36307154118369,18.616012211629872,9248,436.81
103.38203056796046,18.53705029815577,9249,644.13
103.01956035081824,18.431408420743313,9250,67.08
103.16778237269796,18.95907881863512,9251,247.39
102.8990962712178,18.97255354789691,9252,502.89
103.00096522443695,18.858557338342145,9253,120.0
103.10391215599705,19.09113116540069,9254,458.91
102.50698164969964,18.792800659544596,9255,271.66
102.771355837816,19.08008188740602,9256,84.85
103.0184823724773,18.67476203121129,9257,134.16
102.966739412112,18.81786365597153,9258,324.5
103.10660710184942,18.41335228353251,9259,120.0
102.538243021587,18.45674091175548,9260,483.74
102.66490547664785,18.687697771302613,9261,547.45
102.73174013378635,18.891166183155683,9262,150.0
102.37304284083741,18.978212934186864,9263,600.75
102.24530240743562,18.848855533273653,9264,416.78
102.67541576547204,18.599842536515723,9265,30.0
103.28932443063933,18.935363295134366,9266,30.0
102.39406341848581,18.692818168422093,9267,318.91
102.89640132536545,18.797112572908368,9268,308.87
102.67999717342106,18.947760046055212,9269,510.0
103.10957154228701,18.956653367367995,9270,400.25
102.76542695694081,18.907874847440308,9271,60.0
102.2458413966061,18.72354055113898,9272,169.71
102.30620818369893,18.84454361990988,9273,212.13
103.11091901521318,19.069841093167057,9274,342.05
102.48623056663648,18.68392484710931,9275,67.08
102.98129211971474,18.51144831255836,9276,300.0
102.41535349071944,18.979021417942572,9277,268.33
103.07804067581442,19.033728818745452,9278,331.36
102.99665331107319,19.049898493859605,9279,480.94
102.69212442975667,18.75022051507733,9280,641.33
103.2230287626713,19.064990190632813,9281,540.84
103.24593580241635,18.62274957626077,9282,182.48
103.40385962936456,18.92054109294639,9283,371.08
103.31546540540721,19.073883511945596,9284,84.85
102.76246251650322,18.720037121530915,9285,150.0
102.91149302213866,18.66748567740992,9286,212.13
102.36118507908704,18.75022051507733,9287,324.5
102.60238273287312,18.442996687908455,9288,270.0
103.40466811312027,18.459705352193076,9289,256.32
103.12169879862262,18.409040370168736,9290,90.0
103.13786847373677,18.715994702752376,9291,468.62
102.26228056630548,18.579630442623035,9292,180.0
102.29731486238614,18.935902284304834,9293,218.4
102.82741071154507,18.769354630629078,9294,305.94
103.13274807661729,18.519802644700672,9295,108.17
102.29273345443713,18.673145063699877,9296,375.9
102.57516377976431,19.05798333141668,9297,150.0
102.26308905006118,18.969589107459317,9298,458.91
102.8554381484096,18.541631706104777,9299,60.0
102.66867840084115,18.606040911976148,9300,30.0
103.30522461116824,18.92916491967394,9301,84.85
102.8155529497947,18.514951742166428,9302,192.09
102.41616197447514,18.572354088821665,9303,94.87
102.81312749852756,18.98252484755064,9304,218.4
103.44832623592848,18.714916724411435,9305,591.7
102.54686684831454,18.64430914307964,9306,90.0
102.37465980834882,18.703058962661057,9307,488.37
102.80450367180002,18.917846147094032,9308,60.0
102.61397100003828,19.010821779000402,9309,523.93
102.84331089207399,18.40041654344119,9310,0.0
102.75680313021327,18.973631526237856,9311,276.59
102.49512388794926,19.07603946862748,9312,120.0
102.91041504379771,18.420089648163405,9313,134.16
102.93574753480988,18.556723402877985,9314,84.85
102.41589247988992,18.905449396173182,9315,713.1
102.43179266041884,18.783907338231813,9316,240.0
103.02872316671625,18.86340824087639,9317,424.27
103.2839345389346,18.466981705994446,9318,192.09
102.30108778657944,18.443535677078927,9319,268.33
102.93224410520182,18.704136941001998,9320,218.4
102.75734211938375,18.528695966013455,9321,90.0
102.41643146906038,18.623288565431242,9322,60.0
103.26399193962716,18.782290370720396,9323,276.59
102.78429157790733,18.613047771192278,9324,0.0
103.02171630750011,18.725966002406103,9325,323.11
103.0222552966706,18.419550658992936,9326,0.0
103.10148670472994,18.567233691702185,9327,330.0
103.11145800438366,18.804388926709738,9328,318.91
102.47410331030086,18.989801201352005,9329,30.0
102.56842641513342,18.728930442843698,9330,512.64
102.54578886997359,18.540014738593364,9331,421.07
103.30387713824206,18.57531852925926,9332,127.28
103.04300637973375,18.48827177822808,9333,90.0
102.31644897793788,18.70467593017247,9334,150.0
102.77351179449789,18.79846004583455,9335,543.33
102.86513995347809,18.949646508151865,9336,550.73
102.681075151762,18.85882683292738,9337,120.0
103.247822264513,19.004353908954744,9338,296.99
102.6705648629378,18.80762286173257,9339,600.0
102.80854609057856,18.732433872451765,9340,450.0
103.1192733473555,18.768007157702897,9341,67.08
102.30539969994321,18.47506654355152,9342,189.74
102.20110529545694,18.91110878246314,9343,424.27
102.8411549353921,19.009474306074225,9344,152.97
102.61477948379398,18.613047771192278,9345,108.17
103.05459464689889,18.438415279959443,9346,516.14
102.86729591015998,18.67880444998983,9347,120.0
103.17964013444833,18.41092683226539,9348,60.0
102.33046269637015,18.682307879597893,9349,30.0
102.5840571010771,18.503363475001287,9350,30.0
103.2801616147413,18.88550679686573,9351,169.71
102.70263471858087,18.54971654366185,9352,637.81
102.6360695560276,18.894939107348986,9353,483.74
102.5398599890984,19.03453730250116,9354,331.36
102.4390690142202,18.5545674461961,9355,90.0
102.83926847329545,19.00920481148899,9356,360.0
102.35013580109236,18.409848853924444,9357,0.0
103.14837876256097,18.7860632949137,9358,150.0
103.3553506040221,18.865564197558278,9359,108.17
103.15565511636234,18.96177376448748,9360,391.15
103.14568381670861,18.502554991245578,9361,60.0
102.57354681225289,19.07038008233753,9362,570.79
103.1432583654415,19.015942176119886,9363,241.87
103.11657840150315,18.42251509943053,9364,342.05
103.3898459109323,18.86071329502403,9365,662.72
102.4646709998176,18.661287301949496,9366,161.56
103.08720349171243,19.054210407223376,9367,240.0
103.44590078466136,18.563191272923646,9368,442.95
102.5554906750421,19.015133692364177,9369,724.99
102.52934970027421,18.971206074970734,9370,323.11
102.8449278595854,18.78660228408417,9371,381.84
102.92442876222998,18.507405893779826,9372,436.81
102.27467731722632,18.665329720728035,9373,123.69
102.55144825626355,18.719498132360442,9374,371.08
103.31223147038438,19.07038008233753,9375,366.2
102.53285312988228,19.054210407223376,9376,150.0
102.32695926676209,18.786871778669408,9377,502.89
102.31860493461977,18.578013475111618,9378,134.16
102.97212930381673,18.66182629111997,9379,429.54
102.49269843668213,18.426018529038593,9380,30.0
103.07965764332583,18.938058240986724,9381,530.76
103.19122840161347,18.867450659654928,9382,494.77
103.07588471913253,19.03507629167163,9383,283.02
102.57219933932672,18.74375264503167,9384,276.59
103.32274175920857,18.917037663338327,9385,615.55
102.51291053057483,18.53893676025242,9386,169.71
102.56842641513342,18.954766905271345,9387,212.13
102.62663724554436,18.892244161496627,9388,426.38
103.34834374480597,18.68473333086502,9389,192.09
102.37304284083741,18.838614739034693,9390,402.49
102.72823670417827,18.796034594567427,9391,362.49
103.01417045911352,18.88550679686573,9392,0.0
103.33136558593613,18.662904269460913,9393,30.0
103.27881414181513,18.598495063589542,9394,67.08
102.8961318307802,18.588523763935818,9395,445.98
103.34160638017508,18.92862593050347,9396,607.46
102.61208453794161,18.869337121751578,9397,432.67
103.29983471946352,18.49797358329657,9398,201.25
102.35822063864944,19.027799937870263,9399,234.31
103.36747786035772,18.40418946763449,9400,241.87
102.32022190213118,19.07280553360465,9401,60.0
102.40996359901473,18.628408962550722,9402,362.49
102.20110529545694,18.860982789609267,9403,268.33
102.52908020568897,18.42170661567482,9404,210.0
102.35175276860379,18.948299035225684,9405,30.0
102.99557533273224,18.461052825119257,9406,180.0
102.47679825615322,18.702519973490585,9407,361.25
102.37546829210454,19.038849215864932,9408,150.0
103.03761648802903,18.632990370499734,9409,90.0
102.2180834543268,18.46913766267633,9410,318.91
103.37205926830673,18.63918874596016,9411,882.33
102.97805818469192,18.495548132029445,9412,394.59
102.60992858125974,18.998425028079556,9413,408.05
102.31052009706269,18.543787662786663,9414,192.09
103.27045980967281,18.731086399525584,9415,42.43
103.37906612752286,18.751837482588744,9416,30.0
103.25240367246201,18.959887302390825,9417,296.99
102.66409699289214,18.690123222569735,9418,576.28
103.33810295056702,18.810587302170163,9419,362.49
102.2550042125041,18.485307337790484,9420,540.84
103.43377352832574,18.80358044295403,9421,150.0
102.47221684820421,18.62921744630643,9422,445.98
103.35184717441405,18.608196868658034,9423,150.0
103.14649230046432,18.988723223011064,9424,161.56
102.45739464601624,19.044508602154885,9425,301.5
103.13140060369112,18.442996687908455,9426,94.87
103.3785271383524,18.623558060016478,9427,201.25
102.21943092725297,18.901406977394647,9428,60.0
102.54848381582596,18.868528637995873,9429,558.03
102.96539193918582,18.592566182714354,9430,30.0
103.18044861820404,18.558340370389402,9431,123.69
102.88184861776271,19.084932789940265,9432,120.0
102.67972767883582,18.919732609190685,9433,331.36
102.7659659461113,18.716264197337612,9434,67.08
102.34797984441047,19.090053187059745,9435,108.17
103.0659134194788,18.57666600218544,9436,94.87
102.58540457400326,19.01809813280177,9437,212.13
102.66786991708544,18.698477554712046,9438,764.86
103.06726089240497,18.540014738593364,9439,60.0
102.70937208321176,18.59795607441907,9440,182.48
102.5315056569561,18.691470695495912,9441,174.93
102.2797977143458,18.78013441403851,9442,90.0
102.53258363529704,18.405267445975433,9443,42.43
102.6419984369028,18.849933511614598,9444,823.78
102.68269211927341,18.56103531624176,9445,390.0
102.59375890614558,19.044508602154885,9446,192.09
103.19257587453966,18.81139578592587,9447,182.48
102.23182767817383,18.871493078433467,9448,534.14
102.26039410420883,18.50066852914893,9449,84.85
102.60480818414025,18.915151201241674,9450,362.49
103.28366504434938,18.862599757120684,9451,451.0
103.17236378064696,18.97201455872644,9452,391.15
103.03653850968809,18.672067085358933,9453,276.59
102.9899159464423,18.597147590663365,9454,201.25
102.97509374425432,18.74833405298068,9455,390.0
103.04192840139281,18.44515264459034,9456,240.0
102.44553688426586,18.574240550918315,9457,510.0
102.6773022275687,18.90113748280941,9458,685.42
102.80504266097049,19.076578457797954,9459,30.0
103.44428381714994,18.72030661611615,9460,241.87
102.85409067548342,18.63918874596016,9461,134.16
102.89047244449026,19.087627735792623,9462,42.43
102.23452262402618,18.778517446527097,9463,603.74
102.83684302202832,18.590679720617704,9464,189.74
102.52827172193327,18.405267445975433,9465,381.84
102.48703905039218,18.48746329447237,9466,60.0
102.39433291307105,18.814360226363466,9467,646.22
102.77566775117978,18.452698492976946,9468,270.0
102.98856847351611,18.645926110591056,9469,394.59
102.39029049429251,18.738901742497426,9470,108.17
102.76812190279318,18.714377735240962,9471,182.48
102.3466323714843,18.582864377645862,9472,84.85
103.08073562166678,18.86987611092205,9473,268.33
103.38742045966518,18.40176401636737,9474,210.0
103.17694518859598,18.608735857828506,9475,0.0
102.46547948357332,18.661556796534732,9476,94.87
102.56168905050251,18.86879813258111,9477,42.43
102.342859447291,18.785793800328463,9478,90.0
102.29354193819283,18.82163658016483,9479,536.66
102.2797977143458,18.74563910712832,9480,361.25
102.5773197364462,18.653741453562894,9481,416.78
103.11307497189507,18.839423222790398,9482,442.95
102.65035276904511,18.56615571336124,9483,180.0
102.200027317116,18.617898673726526,9484,123.69
102.32426432090972,18.537319792741005,9485,127.28
103.2184473547223,18.785524305743227,9486,543.33
103.08612551337148,18.767468168532424,9487,553.18
102.8201343577437,18.63568531635209,9488,150.0
102.31078959164793,18.786332789498935,9489,424.27
102.22805475398053,19.075230984871773,9490,563.65
102.57785872561666,18.47183260852869,9491,212.13
102.3029742486761,18.675840009552235,9492,540.0
102.71907388828025,18.549177554491383,9493,330.0
102.4075381477476,18.797112572908368,9494,450.0
103.26480042338287,18.468868168091095,9495,660.68
102.43799103587925,18.79333964871507,9496,361.25
102.35283074694472,18.50821437753553,9497,351.14
102.94086793192936,18.51414325841072,9498,60.0
102.5180309276943,19.097060046275878,9499,182.48
103.05324717397272,18.57720499135591,9500,360.0
102.50401720926205,19.008126833148044,9501,169.71
103.17398074815839,19.015942176119886,9502,391.15
102.79641883424294,18.810317807584926,9503,268.33
103.2230287626713,18.943178638106204,9504,268.33
102.55063977250785,18.72488802406516,9505,120.0
103.11954284194074,18.534624846888644,9506,120.0
103.23407804066598,19.04962899927437,9507,94.87
102.72311630705879,18.676917987893177,9508,30.0
102.40915511525903,18.575857518429732,9509,635.69
103.26965132591711,18.839423222790398,9510,271.66
102.67918868966535,18.511987301728833,9511,84.85
102.65843760660219,18.750490009662567,9512,210.0
103.16939934020937,18.46859867350586,9513,453.98
103.33486901554419,18.868259143410636,9514,30.0
102.30108778657944,18.86340824087639,9515,123.69
103.14083291417437,19.041005172546818,9516,123.69
102.49162045834119,18.455393438829304,9517,305.94
102.70236522399563,18.944795605617617,9518,60.0
102.95515114494687,18.70467593017247,9519,150.0
103.2545596291439,18.42844398030572,9520,30.0
102.20622569257642,18.729738926599406,9521,150.0
103.29121089273598,19.01432520860847,9522,403.61
102.34151197436482,18.507944882950294,9523,192.09
102.53581757031988,18.89332213983757,9524,42.43
103.12789717408305,18.657783872341433,9525,469.58
102.46332352689143,18.667755171995157,9526,465.73
103.30684157867965,18.744561128787378,9527,540.0
102.96188850957776,18.983872320476816,9528,108.17
103.28043110932654,18.915690190412146,9529,30.0
102.98802948434565,18.71303026231478,9530,30.0
102.44553688426586,18.438145785374207,9531,573.15
102.96997334713484,18.604154449879495,9532,30.0
102.43260114417454,18.703328457246293,9533,60.0
102.59780132492412,18.403380983878783,9534,94.87
102.26362803923166,18.47964795150053,9535,30.0
103.22195078433036,18.45108152546553,9536,276.59
102.36495800328034,18.72030661611615,9537,258.07
102.64253742607328,18.575588023844496,9538,60.0
102.74036396051389,18.778517446527097,9539,42.43
103.19958273375579,18.617898673726526,9540,483.74
103.31115349204343,18.904640912417477,9541,90.0
103.15592461094758,18.5049804425127,9542,339.41
102.61963038632823,18.70063351139393,9543,120.0
102.59106396029323,18.97982990169828,9544,67.08
103.06779988157545,18.641883691812517,9545,375.9
102.90664211960441,18.672606074529405,9546,241.87
102.23667858070807,18.92458351172493,9547,617.74
102.71691793159836,18.91676816875309,9548,536.66
102.9869515060047,18.602267987782845,9549,550.73
102.71449248033124,18.84966401702936,9550,150.0
103.08289157834867,19.07145806067847,9551,523.93
102.97859717386238,18.408231886413027,9552,30.0
103.11576991774743,18.428713474890955,9553,42.43
102.76111504357705,18.98818423384059,9554,161.56
103.32274175920857,18.663443258631386,9555,577.06
102.58594356317374,18.8146297209487,9556,360.0
103.37071179538056,18.620324124993648,9557,408.05
102.5773197364462,18.747525569224972,9558,558.03
102.6150489783792,18.668833150336102,9559,60.0
103.22195078433036,18.945604089373326,9560,127.28
103.39712226473367,18.61035282533992,9561,0.0
102.35525619821185,18.636763294693036,9562,30.0
102.82336829276653,18.687428276717377,9563,308.87
102.65277822031223,18.48099542442671,9564,60.0
103.357506560704,19.07361401736036,9565,296.99
102.46547948357332,18.655358421074308,9566,218.4
103.07696269747348,18.881733872672427,9567,192.09
102.8411549353921,18.967972139947904,9568,150.0
102.46332352689143,18.689584233399263,9569,360.0
103.23192208398409,18.96096528073177,9570,308.87
102.31321504291505,19.0175591436313,9571,42.43
102.41616197447514,19.052323945126727,9572,360.0
103.24351035114923,18.922427555043043,9573,234.31
102.75222172226427,19.01809813280177,9574,30.0
103.30010421404876,18.68796726588785,9575,150.0
103.16832136186842,18.535972319814825,9576,371.08
102.69562785936473,18.863677735461625,9577,210.0
102.62879320222625,19.03453730250116,9578,256.32
102.38867352678109,18.883350840183844,9579,60.0
103.2650699179681,18.610891814510392,9580,241.87
102.31590998876742,18.94452611103238,9581,42.43
102.54632785914407,18.712221778559076,9582,335.41
102.82741071154507,18.86340824087639,9583,192.09
102.44095547631684,18.861252284194503,9584,30.0
102.52827172193327,18.582864377645862,9585,258.07
103.4049376077055,18.987914739255356,9586,182.48
102.7104500615527,18.697938565541573,9587,120.0
103.35939302280065,19.052323945126727,9588,150.0
102.77297280532743,18.9536889269304,9589,450.0
102.31078959164793,18.459974846778312,9590,361.25
102.52503778691043,18.745908601713555,9591,174.93
103.35804554987448,18.947490551469976,9592,123.69
102.75976757065087,18.462400298045434,9593,241.87
102.44176396007256,18.672067085358933,9594,234.31
102.4390690142202,18.4583578792669,9595,270.0
103.31034500828773,18.624366543772187,9596,108.17
102.49647136087543,18.983602825891584,9597,30.0
102.48407460995459,18.526001020161097,9598,636.4
103.37691017084099,18.736476291230304,9599,692.61
103.23407804066598,18.74510011795785,9600,42.43
103.12735818491258,18.453776471317887,9601,189.74
103.30333814907159,18.530312933524872,9602,531.6
103.2041641417048,19.02160156240984,9603,632.85
102.23964302114567,18.98818423384059,9604,611.89
102.44796233553298,18.889818710229505,9605,94.87
103.36451341992013,18.526809503916805,9606,655.21
103.15349915968045,18.72542701323563,9607,692.61
102.66328850913644,18.54270968444572,9608,228.47
102.99773128941413,18.99168766344866,9609,189.74
102.9982702785846,18.515760225922136,9610,169.71
102.70452118067752,18.665329720728035,9611,247.39
103.38634248132423,18.92377502796922,9612,474.34
102.95892406914017,18.939136219327665,9613,349.86
102.43960800339067,18.73593730205983,9614,0.0
103.06348796821167,18.80492791588021,9615,30.0
103.17802316693692,18.401494521782134,9616,120.0
102.82902767905648,19.040735677961585,9617,30.0
102.50482569301775,18.994382609301017,9618,331.36
103.26722587464998,18.96824163453314,9619,150.0
103.0184823724773,19.000850479346678,9620,391.15
102.53554807573464,18.65805336692667,9621,150.0
102.9441018669522,18.85559289790455,9622,494.77
103.26722587464998,19.069841093167057,9623,212.13
103.30980601911725,18.9318598655263,9624,361.25
102.49754933921638,18.632181886744025,9625,295.47
102.53662605407558,19.04747304259248,9626,150.0
102.7179959099393,18.73054741035511,9627,123.69
102.46898291318138,18.762886760583417,9628,335.41
102.24772785870275,18.90760535285507,9629,362.49
102.5676179313777,18.609005352413742,9630,0.0
102.90933706545677,19.08385481159932,9631,300.0
102.31644897793788,18.827295966454784,9632,212.13
103.01363146994305,19.038040732109224,9633,488.37
102.83091414115313,18.541901200690013,9634,295.47
103.01578742662493,18.77043260897002,9635,42.43
102.92874067559374,18.76773766311766,9636,318.91
102.9020607116554,19.030764378307857,9637,313.21
103.05351666855795,18.66182629111997,9638,30.0
102.72742822042257,18.687697771302613,9639,201.25
103.26210547753051,18.424671056112416,9640,335.41
103.09717479136616,18.669911128677047,9641,134.16
103.16751287811272,18.731086399525584,9642,560.45
103.02521973710819,18.78794975701035,9643,300.0
102.94437136153743,18.94452611103238,9644,695.85
102.82714121695983,18.761539287657236,9645,0.0
102.25257876123699,18.766390190191483,9646,180.0
103.34537930436838,18.52330607430874,9647,60.0
102.42990619832219,18.46482574931256,9648,67.08
102.69967027814327,18.533277373962466,9649,276.59
103.31627388916291,18.57451004550355,9650,240.0
102.92281179471856,18.785524305743227,9651,189.74
102.82309879818129,18.56938964838407,9652,296.99
102.87268580186469,18.925661490065874,9653,607.46
102.74656233597432,19.05205445054149,9654,123.69
103.19419284205107,18.568581164628363,9655,90.0
102.69454988102379,18.737015280400772,9656,480.94
102.3617240682575,18.90113748280941,9657,60.0
102.33935601768293,18.55699289746322,9658,465.73
103.04758778768276,18.81193477509634,9659,674.17
102.27548580098204,18.80816185090304,9660,84.85
103.04381486348946,18.569928637554543,9661,30.0
102.86379248055191,18.604154449879495,9662,630.72
103.09960024263329,18.69174019008115,9663,408.05
102.23910403197519,18.433025388254727,9664,496.59
103.43619897959287,18.97417051540833,9665,750.6
103.40898002648404,19.099216002957764,9666,120.0
102.62690674012958,18.801154991686907,9667,60.0
102.25203977206651,18.93374632762295,9668,680.15
103.02252479125583,19.08385481159932,9669,301.5
102.62259482676582,18.712760767729545,9670,0.0
102.7630015056737,18.520341633871144,9671,276.59
102.92820168642328,18.591218709788176,9672,189.74
103.10984103687224,19.056096869320026,9673,0.0
102.61936089174299,18.60765787948756,9674,90.0
102.27656377932298,18.54459614654237,9675,182.48
102.8953233470245,18.86879813258111,9676,30.0
102.56923489888912,18.861252284194503,9677,360.0
103.26426143421239,18.60927484699898,9678,134.16
102.79965276926578,18.41092683226539,9679,362.49
103.15376865426569,18.760461309316295,9680,534.14
102.56061107216156,18.87634398096771,9681,60.0
103.39981721058602,18.447308601272226,9682,241.87
102.25365673957793,18.653471958977658,9683,108.17
103.26264446670098,19.05986979351333,9684,429.54
102.28761305731764,18.742405172105492,9685,90.0
102.50240024175062,18.64673459434676,9686,228.47
103.34457082061267,18.997616544323847,9687,366.2
102.81743941189134,18.64484813225011,9688,513.52
102.99288038687989,18.900328999053702,9689,150.0
102.56222803967299,18.93374632762295,9690,150.0
103.28177858225273,18.534085857718175,9691,30.0
103.13840746290725,18.484768348620012,9692,161.56
102.39783634267911,18.406614918901614,9693,150.0
103.3327130588623,19.081698854917434,9694,611.89
103.28474302269032,18.49473964827374,9695,120.0
102.71449248033124,19.023488024506488,9696,60.0
103.23812045944452,18.971206074970734,9697,300.0
102.22212587310534,18.832416363574268,9698,600.75
102.53878201075747,18.59526112856671,9699,192.09
102.78833399668586,18.500938023734165,9700,180.0
102.53393110822321,19.0280694324555,9701,67.08
103.00851107282357,19.079542898235548,9702,84.85
102.22670728105435,18.545135135712844,9703,90.0
103.37744916001145,18.928086941332996,9704,90.0
102.56115006133204,18.499590550807984,9705,483.74
102.96377497167441,19.084124306184556,9706,256.32
102.8554381484096,18.500129539978456,9707,349.86
102.81393598228327,18.87957791599054,9708,394.59
102.43960800339067,18.628139467965486,9709,123.69
102.63310511559001,18.6898537279845,9710,123.69
102.9629664879187,18.760461309316295,9711,270.0
102.4865000612217,19.04370011839918,9712,30.0
102.91876937594003,18.899520515297993,9713,258.07
102.58540457400326,18.793878637885538,9714,540.84
102.41454500696373,18.732972861622237,9715,67.08
102.47086937527803,18.676378998722704,9716,270.0
102.96808688503819,18.675570514967,9717,742.77
103.41410042360353,18.497434594126098,9718,442.95
102.98560403307852,18.690123222569735,9719,513.52
103.22033381681895,19.069302103996584,9720,270.0
102.22967172149194,18.502554991245578,9721,90.0
102.62528977261817,18.527617987672514,9722,150.0
102.7126060182346,18.638649756789686,9723,0.0
102.47572027781227,18.584211850572043,9724,84.85
102.9441018669522,18.640536218886336,9725,84.85
102.75895908689516,18.766659684776716,9726,579.4
102.51318002516005,18.557262392048457,9727,108.17
103.34564879895362,19.07038008233753,9728,692.61
102.20999861676972,18.936710768060543,9729,240.0
103.28339554976414,19.02672195952932,9730,228.47
102.40807713691808,18.88874073188856,9731,361.25
103.17667569401074,18.40688441348685,9732,318.91
102.27548580098204,18.56480824043506,9733,360.0
102.43664356295308,18.479917446085768,9734,60.0
102.7659659461113,18.54729109239473,9735,90.0
103.03653850968809,18.447578095857462,9736,192.09
103.03114861798338,18.737554269571245,9737,502.89
102.64792731777798,19.076578457797954,9738,256.32
103.047857282268,18.827834955625256,9739,402.49
102.20245276838311,18.446230622931285,9740,42.43
103.19715728248866,18.476144521892465,9741,534.14
102.41589247988992,18.874188024285825,9742,366.2
102.20622569257642,19.086280262866442,9743,94.87
103.39604428639272,18.57774398052638,9744,276.59
102.55468219128637,18.630295424647375,9745,240.0
102.59564536824223,18.66829416116563,9746,593.97
102.69832280521709,18.711682789388604,9747,859.6
102.58809951985563,18.69551311427445,9748,134.16
103.10984103687224,18.992496147204367,9749,120.0
102.26713146883972,18.51144831255836,9750,268.33
102.72823670417827,18.487732789057606,9751,917.83
102.32318634256877,18.72300156196851,9752,510.88
103.2507867049506,18.95261094858946,9753,30.0
102.91499645174672,18.62167159791983,9754,123.69
102.9155354409172,18.973092537067384,9755,603.74
102.78941197502681,18.674492536626055,9756,42.43
102.47464229947133,18.82244506392054,9757,456.95
102.38813453761063,18.83349434191521,9758,30.0
102.42882821998124,18.779056435697566,9759,182.48
102.67487677630157,18.801154991686907,9760,182.48
102.79965276926578,18.88739325896238,9761,513.52
102.96862587420866,18.901676471979883,9762,300.0
103.27396323928089,18.40418946763449,9763,318.91
103.21440493594376,18.85316744663743,9764,551.55
102.49970529589827,18.446230622931285,9765,330.0
102.70020926731374,18.834572320256154,9766,551.55
102.79372388839059,19.08385481159932,9767,30.0
102.82714121695983,18.966355172436486,9768,335.41
102.852473707972,19.04962899927437,9769,90.0
103.357506560704,18.729199937428934,9770,403.61
102.82956666822696,18.52249759055303,9771,912.42
103.17910114527785,18.606310406561384,9772,241.87
102.26308905006118,18.55564542453704,9773,450.0
102.91472695716149,18.407153908072086,9774,30.0
102.83630403285785,18.457010406340718,9775,600.75
102.66517497123309,18.593913655640534,9776,180.0
103.19257587453966,18.837806255278984,9777,371.08
102.84169392456256,18.630834413817848,9778,284.61
102.40915511525903,18.88362033476908,9779,192.09
102.61666594589063,18.966355172436486,9780,60.0
102.36657497079176,18.76369524433912,9781,150.0
103.11199699355413,18.6936266521778,9782,256.32
102.3751987975193,18.873649035115353,9783,182.48
102.6390339964652,18.6793434391603,9784,150.0
103.32408923213475,18.84454361990988,9785,182.48
102.5638450071844,19.034806797086397,9786,42.43
103.0012347190222,18.44838657961317,9787,271.66
102.90529464667823,18.555914919122277,9788,381.84
102.933591578128,18.649699034784355,9789,630.0
103.4041291239498,18.67071961243275,9790,617.74
103.32759266174281,18.57397105633308,9791,67.08
102.47572027781227,18.58367286140157,9792,42.43
102.3819361621502,18.929434414259173,9793,295.47
102.39082948346298,18.90517990158795,9794,474.34
102.99395836522083,18.543248673616194,9795,228.47
103.32867064008376,18.73917123708266,9796,216.33
103.01120601867592,18.46482574931256,9797,308.87
103.10094771555946,18.791992175788888,9798,30.0
102.34609338231382,18.434642355766144,9799,152.97
102.45820312977195,18.43086943157284,9800,123.69
103.23246107315455,18.51090932338789,9801,169.71
103.20820656048333,18.525462030990624,9802,305.94
103.2755802067923,18.980099396283517,9803,169.71
103.27045980967281,18.971206074970734,9804,247.39
103.15996702972612,18.565616724190768,9805,254.56
102.23829554821948,18.97740445043116,9806,276.59
103.38634248132423,18.642153186397753,9807,120.0
103.1688603510389,18.8927831506671,9808,641.33
103.10256468307088,18.872571056774408,9809,30.0
102.26713146883972,18.661017807364264,9810,169.71
102.6066946462369,18.959348313220357,9811,0.0
103.32786215632805,18.54621311405379,9812,30.0
103.24809175909824,18.84589109283606,9813,192.09
102.84735331085253,18.587445785594873,9814,573.15
102.62205583759534,19.06229524478045,9815,30.0
102.87160782352375,18.893052645252336,9816,180.0
102.47841522366464,18.83160787981856,9817,240.0
102.40080078311671,18.782559865305632,9818,330.0
102.40538219106571,18.818402645142,9819,42.43
103.2327305677398,18.519533150115436,9820,474.34
102.83684302202832,19.055827374734793,9821,615.55
102.90529464667823,18.46859867350586,9822,276.59
102.4142755123785,18.93239885469677,9823,189.74
102.49000349082978,19.07684795238319,9824,339.41
102.50347822009157,19.07738694155366,9825,530.76
102.33935601768293,18.60765787948756,9826,324.5
102.58324861732139,19.060947771854273,9827,123.69
102.2752163063968,18.841848674057523,9828,375.9
102.7344350796387,18.88550679686573,9829,540.84
102.43421811168595,18.43679831244803,9830,94.87
103.25994952084862,18.517916182604022,9831,424.27
102.20056630628646,18.67341455828511,9832,362.49
102.44338092758397,18.768007157702897,9833,123.69
103.09555782385475,18.560496327071288,9834,600.75
102.64927479070417,18.507405893779826,9835,30.0
103.17829266152215,18.644039648494402,9836,0.0
102.75114374392332,18.78848874618082,9837,381.84
103.12008183111121,19.03049488372262,9838,150.0
102.72042136120643,18.78794975701035,9839,152.97
102.90286919541111,18.934824305963893,9840,362.49
102.25527370708934,18.54459614654237,9841,300.0
103.16859085645366,18.557531886633694,9842,152.97
102.74737081973002,18.43545083952185,9843,379.48
103.42029879906396,18.64996852936959,9844,84.85
103.29255836566216,18.440571236641333,9845,305.94
102.93871197524747,18.42251509943053,9846,30.0
102.88023165025129,18.863677735461625,9847,120.0
102.53366161363799,18.47830047857435,9848,169.71
103.26938183133187,18.912995244559788,9849,94.87
102.68242262468817,18.658861850682374,9850,42.43
103.11011053145748,19.02914741079644,9851,108.17
102.29408092736331,18.7965735837379,9852,30.0
102.2744078226411,18.890896688570447,9853,90.0
102.50455619843251,18.749412031321622,9854,152.97
103.34457082061267,19.03911871045017,9855,349.86
103.276388690548,18.59795607441907,9856,30.0
103.37987461127858,18.71976762694568,9857,240.0
102.92362027847427,19.01567268153465,9858,313.21
102.34932731733666,18.783907338231813,9859,484.67
102.54767533207026,18.840231706546106,9860,362.49
103.12142930403739,18.88954921564427,9861,90.0
102.81231901477186,18.89925102071276,9862,120.0
103.30252966531589,18.726774486161812,9863,301.5
103.0516302064613,18.60846636324327,9864,342.05
102.45227424889676,18.782559865305632,9865,30.0
102.59995728160601,18.83996221196087,9866,134.16
102.542824429536,18.498243077881806,9867,416.78
103.41868183155253,18.997616544323847,9868,591.7
102.59699284116842,18.751567988003508,9869,60.0
102.771355837816,19.02591347577361,9870,90.0
103.40170367268267,18.5049804425127,9871,335.41
102.98749049517517,18.405806435145905,9872,192.09
102.96027154206635,18.865025208387806,9873,60.0
102.5886385090261,18.565616724190768,9874,300.0
103.36451341992013,19.011899757341347,9875,94.87
102.64253742607328,18.40688441348685,9876,108.17
102.39055998887774,18.699016543882518,9877,276.59
103.08450854586007,18.97255354789691,9878,42.43
102.95083923158309,18.735128818304123,9879,123.69
102.66059356328407,18.68473333086502,9880,234.31
102.38247515132066,19.03965769962064,9881,379.48
102.59995728160601,18.94021419766861,9882,67.08
102.35202226318901,18.957192356538467,9883,313.21
102.26874843635113,18.67071961243275,9884,323.11
103.18772497200541,18.535433330644352,9885,390.0
102.5134495197453,18.89871203154229,9886,510.88
103.13598201164012,18.70602340309865,9887,305.94
102.87079933976804,19.00920481148899,9888,0.0
103.3717897737215,18.877421959308656,9889,442.95
102.94841378031597,18.561304810826996,9890,553.18
103.29875674112257,18.801154991686907,9891,30.0
103.13490403329918,18.95261094858946,9892,182.48
102.7810576428845,18.985219793402997,9893,836.78
103.16131450265229,18.87122358384823,9894,189.74
103.29390583858833,18.592566182714354,9895,591.7
102.538243021587,18.627600478795017,9896,42.43
102.84142442997734,18.62409704918695,9897,180.0
102.80531215555573,18.40365047846402,9898,60.0
102.54632785914407,18.716264197337612,9899,60.0
103.04462334724516,18.435181344936613,9900,84.85
103.42191576657537,18.983602825891584,9901,192.09
103.40924952106928,18.95503639985658,9902,90.0
103.09394085634332,18.813551742607757,9903,241.87
103.27126829342852,18.488002283642842,9904,60.0
102.85624663216531,19.02160156240984,9905,436.81
103.43027009871768,18.742135677520256,9906,212.13
102.2609330933793,18.717342175678557,9907,364.97
102.79641883424294,18.942370154350495,9908,384.19
103.35023020690262,18.981985858380167,9909,457.93
103.33702497222608,18.44515264459034,9910,300.0
102.652508725727,18.540553727763836,9911,0.0
103.32462822130522,19.026991454114555,9912,424.27
103.36262695782348,19.06229524478045,9913,120.0
102.37061738957028,18.57774398052638,9914,649.0
102.20326125213883,18.91137827704837,9915,201.25
102.49350692043784,18.97201455872644,9916,228.47
103.29094139815074,18.790914197447943,9917,30.0
103.14271937627102,19.075230984871773,9918,60.0
102.97482424966908,18.680151922916007,9919,276.59
103.32867064008376,19.069032609411348,9920,67.08
102.4037652235543,18.73728477498601,9921,276.59
103.28204807683795,18.54270968444572,9922,607.46
103.18179609113022,18.63002593006214,9923,284.61
102.92496775140044,18.624366543772187,9924,270.0
102.71664843701313,18.935902284304834,9925,30.0
103.36343544157918,18.730008421184642,9926,517.88
103.17101630772079,19.100563475883945,9927,60.0
102.20945962759924,18.847777554932712,9928,210.0
103.43107858247339,18.77609199525997,9929,30.0
103.00177370819267,18.671258601603224,9930,94.87
102.45982009728336,18.78471582198752,9931,212.13
103.01794338330681,18.781751381549924,9932,408.05
102.62906269681147,18.77366654399285,9933,189.74
103.25887154250768,18.402572500123075,9934,270.0
102.66867840084115,18.946412573129034,9935,488.37
102.63795601812426,18.582864377645862,9936,60.0
102.68808201097814,18.756418890537756,9937,697.79
102.9171524084286,18.571006615895485,9938,108.17
102.24880583704369,18.682307879597893,9939,123.69
102.59429789531605,18.694704630518743,9940,169.71
103.24351035114923,18.97147556955597,9941,60.0
102.28761305731764,18.65724488317096,9942,216.33
102.8675654047452,18.80600589422115,9943,488.37
103.3327130588623,18.74051871000884,9944,335.41
103.32489771589046,18.455932427999777,9945,94.87
103.19392334746583,18.775553006089503,9946,108.17
102.4037652235543,19.07038008233753,9947,364.97
103.32705367257235,18.576935496770673,9948,391.15
102.81582244437993,18.91110878246314,9949,318.91
102.96754789586771,18.51225679631407,9950,67.08
102.21916143266775,19.002736941443327,9951,660.68
102.99018544102752,18.694165641348274,9952,724.99
103.11684789608837,18.597686579833837,9953,67.08
102.26335854464642,18.777439468186152,9954,192.09
102.74251991719578,18.62005463040841,9955,391.15
102.31240655915934,18.5154907313369,9956,670.82
102.3894820105368,18.638110767619214,9957,169.71
102.7630015056737,18.99007069593724,9958,67.08
103.31708237291862,18.969589107459317,9959,0.0
103.2268016868646,18.793609143300305,9960,270.0
102.63849500729474,18.427904991135247,9961,313.21
103.31708237291862,18.473449576040107,9962,84.85
103.30387713824206,18.871493078433467,9963,120.0
102.61235403252685,18.78660228408417,9964,218.4
102.30971161330699,18.83484181484139,9965,90.0
102.93305258895752,18.84077069571658,9966,362.49
103.00258219194838,18.8927831506671,9967,323.11
102.84816179460823,18.67476203121129,9968,169.71
102.75006576558238,19.051784955956254,9969,384.19
102.966739412112,18.80088549710167,9970,335.41
102.51856991686478,18.723810045724218,9971,516.14
103.21117100092093,18.787680262425116,9972,617.74
102.46305403230619,18.904910407002713,9973,60.0
102.69023796766001,18.900059504468466,9974,150.0
103.07884915957013,19.077117446968426,9975,210.0
102.88023165025129,18.642692175568225,9976,120.0
103.12008183111121,18.73216437786653,9977,390.0
103.19554031497725,19.089514197889272,9978,335.41
102.9403289427589,18.90437141783224,9979,30.0
102.54794482665548,18.570467626725016,9980,42.43
102.28788255190288,18.5974170852486,9981,674.17
102.79830529633959,18.858557338342145,9982,108.17
102.6953583647795,18.740788204594075,9983,524.79
102.3525612523595,19.072536039019415,9984,268.33
103.24809175909824,19.022679540750783,9985,276.59
102.7066771373594,18.45889686843737,9986,60.0
102.21781395974156,18.512795785484542,9987,240.0
102.6142404946235,18.60711889031709,9988,60.0
103.17236378064696,18.809778818414454,9989,152.97
103.18637749907923,18.484768348620012,9990,150.0
102.95757659621398,18.578013475111618,9991,684.77
103.00716359989738,18.64430914307964,9992,67.08
102.78590854541875,18.61762917914129,9993,517.88
102.78617804000399,18.87715246472342,9994,161.56
102.93197461061658,18.72354055113898,9995,161.56
102.37196486249647,18.732703367037,9996,351.14
102.23667858070807,18.810587302170163,9997,270.0
102.48434410453983,19.03318982957498,9998,618.47
103.133556560373,18.571545605065957,9999,60.0
103.40278165102362,18.610891814510392,10000,123.69
