valid_time,latitude,longitude,number,expver,tp
2010-01-01,18.700000000000834,102.29999999999846,0,0001,0.0041120583
2010-01-01,18.700000000000834,102.39999999999846,0,0001,0.004081675
2010-01-01,18.700000000000834,102.49999999999845,0,0001,0.0042455727
2010-01-01,18.700000000000834,102.59999999999845,0,0001,0.004417532
2010-01-01,18.700000000000834,102.69999999999844,0,0001,0.004590825
2010-01-01,18.700000000000834,102.79999999999843,0,0001,0.0047483826
2010-01-01,18.700000000000834,102.89999999999843,0,0001,0.0049039135
2010-01-01,18.600000000000833,102.29999999999846,0,0001,0.0039968276
2010-01-01,18.600000000000833,102.39999999999846,0,0001,0.003935733
2010-01-01,18.600000000000833,102.49999999999845,0,0001,0.00399799
2010-01-01,18.600000000000833,102.59999999999845,0,0001,0.0040816525
2010-01-01,18.600000000000833,102.69999999999844,0,0001,0.004203626
2010-01-01,18.600000000000833,102.79999999999843,0,0001,0.0043673003
2010-01-01,18.600000000000833,102.89999999999843,0,0001,0.004541979
2010-01-01,18.50000000000083,102.29999999999846,0,0001,0.0038337715
2010-01-01,18.50000000000083,102.39999999999846,0,0001,0.0037221543
2010-01-01,18.50000000000083,102.49999999999845,0,0001,0.0036920242
2010-01-01,18.50000000000083,102.59999999999845,0,0001,0.0036779798
2010-01-01,18.50000000000083,102.69999999999844,0,0001,0.003726349
2010-01-01,18.50000000000083,102.79999999999843,0,0001,0.0038632832
2010-01-01,18.50000000000083,102.89999999999843,0,0001,0.0040003145
2010-01-01,18.40000000000083,102.29999999999846,0,0001,0.0037225566
2010-01-01,18.40000000000083,102.39999999999846,0,0001,0.0035584203
2010-01-01,18.40000000000083,102.49999999999845,0,0001,0.0034373186
2010-01-01,18.40000000000083,102.59999999999845,0,0001,0.0033209554
2010-01-01,18.40000000000083,102.69999999999844,0,0001,0.003297799
2010-01-01,18.40000000000083,102.79999999999843,0,0001,0.0034112788
2010-01-01,18.40000000000083,102.89999999999843,0,0001,0.003524848
2010-01-01,18.30000000000083,102.29999999999846,0,0001,0.0038076795
2010-01-01,18.30000000000083,102.39999999999846,0,0001,0.0035962097
2010-01-01,18.30000000000083,102.49999999999845,0,0001,0.0033635728
2010-01-01,18.30000000000083,102.59999999999845,0,0001,0.0031361885
2010-01-01,18.30000000000083,102.69999999999844,0,0001,0.0030522353
2010-01-01,18.30000000000083,102.79999999999843,0,0001,0.0031434007
2010-01-01,18.30000000000083,102.89999999999843,0,0001,0.0032347671
2010-01-01,18.200000000000827,102.29999999999846,0,0001,0.0039206157
2010-01-01,18.200000000000827,102.39999999999846,0,0001,0.0036666326
2010-01-01,18.200000000000827,102.49999999999845,0,0001,0.0033269755
2010-01-01,18.200000000000827,102.59999999999845,0,0001,0.0029841594
2010-01-01,18.200000000000827,102.69999999999844,0,0001,0.002847091
2010-01-01,18.200000000000827,102.79999999999843,0,0001,0.0029035665
2010-01-01,18.200000000000827,102.89999999999843,0,0001,0.0029725886
2010-02-01,18.700000000000834,102.29999999999846,0,0001,0.0002141282
2010-02-01,18.700000000000834,102.39999999999846,0,0001,0.00021841974
2010-02-01,18.700000000000834,102.49999999999845,0,0001,0.00025616438
2010-02-01,18.700000000000834,102.59999999999845,0,0001,0.00029422194
2010-02-01,18.700000000000834,102.69999999999844,0,0001,0.00037939698
2010-02-01,18.700000000000834,102.79999999999843,0,0001,0.0005124792
2010-02-01,18.700000000000834,102.89999999999843,0,0001,0.00064956245
2010-02-01,18.600000000000833,102.29999999999846,0,0001,0.00018115193
2010-02-01,18.600000000000833,102.39999999999846,0,0001,0.0001929462
2010-02-01,18.600000000000833,102.49999999999845,0,0001,0.00022895486
2010-02-01,18.600000000000833,102.59999999999845,0,0001,0.00026919544
2010-02-01,18.600000000000833,102.69999999999844,0,0001,0.00034312755
2010-02-01,18.600000000000833,102.79999999999843,0,0001,0.000458619
2010-02-01,18.600000000000833,102.89999999999843,0,0001,0.00057197956
2010-02-01,18.50000000000083,102.29999999999846,0,0001,0.00014326573
2010-02-01,18.50000000000083,102.39999999999846,0,0001,0.00015815944
2010-02-01,18.50000000000083,102.49999999999845,0,0001,0.00019377322
2010-02-01,18.50000000000083,102.59999999999845,0,0001,0.00023302287
2010-02-01,18.50000000000083,102.69999999999844,0,0001,0.00028847755
2010-02-01,18.50000000000083,102.79999999999843,0,0001,0.0003650546
2010-02-01,18.50000000000083,102.89999999999843,0,0001,0.00044166893
2010-02-01,18.40000000000083,102.29999999999846,0,0001,0.000116346775
2010-02-01,18.40000000000083,102.39999999999846,0,0001,0.00013059974
2010-02-01,18.40000000000083,102.49999999999845,0,0001,0.00016362817
2010-02-01,18.40000000000083,102.59999999999845,0,0001,0.0001980424
2010-02-01,18.40000000000083,102.69999999999844,0,0001,0.00023730696
2010-02-01,18.40000000000083,102.79999999999843,0,0001,0.00028505028
2010-02-01,18.40000000000083,102.89999999999843,0,0001,0.00033293516
2010-02-01,18.30000000000083,102.29999999999846,0,0001,0.00013278276
2010-02-01,18.30000000000083,102.39999999999846,0,0001,0.00013860167
2010-02-01,18.30000000000083,102.49999999999845,0,0001,0.00015063435
2010-02-01,18.30000000000083,102.59999999999845,0,0001,0.00016381443
2010-02-01,18.30000000000083,102.69999999999844,0,0001,0.00019147099
2010-02-01,18.30000000000083,102.79999999999843,0,0001,0.00023538471
2010-02-01,18.30000000000083,102.89999999999843,0,0001,0.00027921647
2010-02-01,18.200000000000827,102.29999999999846,0,0001,0.00015627444
2010-02-01,18.200000000000827,102.39999999999846,0,0001,0.00015365929
2010-02-01,18.200000000000827,102.49999999999845,0,0001,0.00014211089
2010-02-01,18.200000000000827,102.59999999999845,0,0001,0.00013005585
2010-02-01,18.200000000000827,102.69999999999844,0,0001,0.00014716238
2010-02-01,18.200000000000827,102.79999999999843,0,0001,0.0001891166
2010-02-01,18.200000000000827,102.89999999999843,0,0001,0.00023262054
2010-03-01,18.700000000000834,102.29999999999846,0,0001,0.00020613507
2010-03-01,18.700000000000834,102.39999999999846,0,0001,9.852633e-05
2010-03-01,18.700000000000834,102.49999999999845,0,0001,0.00020837024
2010-03-01,18.700000000000834,102.59999999999845,0,0001,0.0003240256
2010-03-01,18.700000000000834,102.69999999999844,0,0001,0.0004034637
2010-03-01,18.700000000000834,102.79999999999843,0,0001,0.0004451795
2010-03-01,18.700000000000834,102.89999999999843,0,0001,0.00048412368
2010-03-01,18.600000000000833,102.29999999999846,0,0001,0.00019075707
2010-03-01,18.600000000000833,102.39999999999846,0,0001,0.00011346475
2010-03-01,18.600000000000833,102.49999999999845,0,0001,0.0001693739
2010-03-01,18.600000000000833,102.59999999999845,0,0001,0.00024802223
2010-03-01,18.600000000000833,102.69999999999844,0,0001,0.0003116353
2010-03-01,18.600000000000833,102.79999999999843,0,0001,0.0003552659
2010-03-01,18.600000000000833,102.89999999999843,0,0001,0.0004165022
2010-03-01,18.50000000000083,102.29999999999846,0,0001,0.00018689022
2010-03-01,18.50000000000083,102.39999999999846,0,0001,0.00011378512
2010-03-01,18.50000000000083,102.49999999999845,0,0001,0.00013086185
2010-03-01,18.50000000000083,102.59999999999845,0,0001,0.00016511217
2010-03-01,18.50000000000083,102.69999999999844,0,0001,0.00020984546
2010-03-01,18.50000000000083,102.79999999999843,0,0001,0.00027101472
2010-03-01,18.50000000000083,102.89999999999843,0,0001,0.00033460543
2010-03-01,18.40000000000083,102.29999999999846,0,0001,0.00018442408
2010-03-01,18.40000000000083,102.39999999999846,0,0001,0.00011015669
2010-03-01,18.40000000000083,102.49999999999845,0,0001,0.00010053799
2010-03-01,18.40000000000083,102.59999999999845,0,0001,9.593353e-05
2010-03-01,18.40000000000083,102.69999999999844,0,0001,0.00012181685
2010-03-01,18.40000000000083,102.79999999999843,0,0001,0.00019187466
2010-03-01,18.40000000000083,102.89999999999843,0,0001,0.00026199952
2010-03-01,18.30000000000083,102.29999999999846,0,0001,0.00019194916
2010-03-01,18.30000000000083,102.39999999999846,0,0001,0.00011750296
2010-03-01,18.30000000000083,102.49999999999845,0,0001,9.8928664e-05
2010-03-01,18.30000000000083,102.59999999999845,0,0001,8.0846105e-05
2010-03-01,18.30000000000083,102.69999999999844,0,0001,9.191022e-05
2010-03-01,18.30000000000083,102.79999999999843,0,0001,0.00014228359
2010-03-01,18.30000000000083,102.89999999999843,0,0001,0.00019279108
2010-03-01,18.200000000000827,102.29999999999846,0,0001,0.00020340816
2010-03-01,18.200000000000827,102.39999999999846,0,0001,0.00013086185
2010-03-01,18.200000000000827,102.49999999999845,0,0001,0.000102907274
2010-03-01,18.200000000000827,102.59999999999845,0,0001,7.606283e-05
2010-03-01,18.200000000000827,102.69999999999844,0,0001,7.3291216e-05
2010-03-01,18.200000000000827,102.79999999999843,0,0001,9.802714e-05
2010-03-01,18.200000000000827,102.89999999999843,0,0001,0.00012477473
2010-04-01,18.700000000000834,102.29999999999846,0,0001,0.0028012407
2010-04-01,18.700000000000834,102.39999999999846,0,0001,0.0022733596
2010-04-01,18.700000000000834,102.49999999999845,0,0001,0.0024684232
2010-04-01,18.700000000000834,102.59999999999845,0,0001,0.0026819718
2010-04-01,18.700000000000834,102.69999999999844,0,0001,0.0027902361
2010-04-01,18.700000000000834,102.79999999999843,0,0001,0.002777816
2010-04-01,18.700000000000834,102.89999999999843,0,0001,0.0027556058
2010-04-01,18.600000000000833,102.29999999999846,0,0001,0.002867208
2010-04-01,18.600000000000833,102.39999999999846,0,0001,0.00249567
2010-04-01,18.600000000000833,102.49999999999845,0,0001,0.0025275883
2010-04-01,18.600000000000833,102.59999999999845,0,0001,0.0026272994
2010-04-01,18.600000000000833,102.69999999999844,0,0001,0.0026974988
2010-04-01,18.600000000000833,102.79999999999843,0,0001,0.0027244922
2010-04-01,18.600000000000833,102.89999999999843,0,0001,0.0028219756
2010-04-01,18.50000000000083,102.29999999999846,0,0001,0.0029416543
2010-04-01,18.50000000000083,102.39999999999846,0,0001,0.0026279849
2010-04-01,18.50000000000083,102.49999999999845,0,0001,0.0025455814
2010-04-01,18.50000000000083,102.59999999999845,0,0001,0.0025089767
2010-04-01,18.50000000000083,102.69999999999844,0,0001,0.002520786
2010-04-01,18.50000000000083,102.79999999999843,0,0001,0.002604888
2010-04-01,18.50000000000083,102.89999999999843,0,0001,0.0026934755
2010-04-01,18.40000000000083,102.29999999999846,0,0001,0.0029374969
2010-04-01,18.40000000000083,102.39999999999846,0,0001,0.0026754302
2010-04-01,18.40000000000083,102.49999999999845,0,0001,0.002518372
2010-04-01,18.40000000000083,102.59999999999845,0,0001,0.0023739126
2010-04-01,18.40000000000083,102.69999999999844,0,0001,0.0023411822
2010-04-01,18.40000000000083,102.79999999999843,0,0001,0.0024705764
2010-04-01,18.40000000000083,102.89999999999843,0,0001,0.0026001122
2010-04-01,18.30000000000083,102.29999999999846,0,0001,0.0026576978
2010-04-01,18.30000000000083,102.39999999999846,0,0001,0.0024524566
2010-04-01,18.30000000000083,102.49999999999845,0,0001,0.0023175788
2010-04-01,18.30000000000083,102.59999999999845,0,0001,0.0021808234
2010-04-01,18.30000000000083,102.69999999999844,0,0001,0.002166548
2010-04-01,18.30000000000083,102.79999999999843,0,0001,0.0023115363
2010-04-01,18.30000000000083,102.89999999999843,0,0001,0.0024568674
2010-04-01,18.200000000000827,102.29999999999846,0,0001,0.0023500484
2010-04-01,18.200000000000827,102.39999999999846,0,0001,0.0021919173
2010-04-01,18.200000000000827,102.49999999999845,0,0001,0.00208822
2010-04-01,18.200000000000827,102.59999999999845,0,0001,0.0019861844
2010-04-01,18.200000000000827,102.69999999999844,0,0001,0.002002963
2010-04-01,18.200000000000827,102.79999999999843,0,0001,0.0021507752
2010-04-01,18.200000000000827,102.89999999999843,0,0001,0.0023069542
2010-05-01,18.700000000000834,102.29999999999846,0,0001,0.010163358
2010-05-01,18.700000000000834,102.39999999999846,0,0001,0.009672857
2010-05-01,18.700000000000834,102.49999999999845,0,0001,0.010077088
2010-05-01,18.700000000000834,102.59999999999845,0,0001,0.010489858
2010-05-01,18.700000000000834,102.69999999999844,0,0001,0.010888427
2010-05-01,18.700000000000834,102.79999999999843,0,0001,0.011298924
2010-05-01,18.700000000000834,102.89999999999843,0,0001,0.011711835
2010-05-01,18.600000000000833,102.29999999999846,0,0001,0.009707755
2010-05-01,18.600000000000833,102.39999999999846,0,0001,0.009577445
2010-05-01,18.600000000000833,102.49999999999845,0,0001,0.010149314
2010-05-01,18.600000000000833,102.59999999999845,0,0001,0.010841421
2010-05-01,18.600000000000833,102.69999999999844,0,0001,0.011290825
2010-05-01,18.600000000000833,102.79999999999843,0,0001,0.01150605
2010-05-01,18.600000000000833,102.89999999999843,0,0001,0.0117715215
2010-05-01,18.50000000000083,102.29999999999846,0,0001,0.0091401255
2010-05-01,18.50000000000083,102.39999999999846,0,0001,0.009272187
2010-05-01,18.50000000000083,102.49999999999845,0,0001,0.010141573
2010-05-01,18.50000000000083,102.59999999999845,0,0001,0.011137038
2010-05-01,18.50000000000083,102.69999999999844,0,0001,0.011630445
2010-05-01,18.50000000000083,102.79999999999843,0,0001,0.011459499
2010-05-01,18.50000000000083,102.89999999999843,0,0001,0.011325828
2010-05-01,18.40000000000083,102.29999999999846,0,0001,0.008627555
2010-05-01,18.40000000000083,102.39999999999846,0,0001,0.008870504
2010-05-01,18.40000000000083,102.49999999999845,0,0001,0.009929768
2010-05-01,18.40000000000083,102.59999999999845,0,0001,0.011006585
2010-05-01,18.40000000000083,102.69999999999844,0,0001,0.011526703
2010-05-01,18.40000000000083,102.79999999999843,0,0001,0.011210888
2010-05-01,18.40000000000083,102.89999999999843,0,0001,0.0108949235
2010-05-01,18.30000000000083,102.29999999999846,0,0001,0.008340939
2010-05-01,18.30000000000083,102.39999999999846,0,0001,0.008479117
2010-05-01,18.30000000000083,102.49999999999845,0,0001,0.008878409
2010-05-01,18.30000000000083,102.59999999999845,0,0001,0.0093147075
2010-05-01,18.30000000000083,102.69999999999844,0,0001,0.009726181
2010-05-01,18.30000000000083,102.79999999999843,0,0001,0.009946278
2010-05-01,18.30000000000083,102.89999999999843,0,0001,0.010166786
2010-05-01,18.200000000000827,102.29999999999846,0,0001,0.008120171
2010-05-01,18.200000000000827,102.39999999999846,0,0001,0.008149019
2010-05-01,18.200000000000827,102.49999999999845,0,0001,0.007751196
2010-05-01,18.200000000000827,102.59999999999845,0,0001,0.0073351855
2010-05-01,18.200000000000827,102.69999999999844,0,0001,0.007680274
2010-05-01,18.200000000000827,102.79999999999843,0,0001,0.008512079
2010-05-01,18.200000000000827,102.89999999999843,0,0001,0.009364738
2010-06-01,18.700000000000834,102.29999999999846,0,0001,0.01033577
2010-06-01,18.700000000000834,102.39999999999846,0,0001,0.010586684
2010-06-01,18.700000000000834,102.49999999999845,0,0001,0.01092345
2010-06-01,18.700000000000834,102.59999999999845,0,0001,0.0112562375
2010-06-01,18.700000000000834,102.69999999999844,0,0001,0.011378837
2010-06-01,18.700000000000834,102.79999999999843,0,0001,0.011264813
2010-06-01,18.700000000000834,102.89999999999843,0,0001,0.011130449
2010-06-01,18.600000000000833,102.29999999999846,0,0001,0.00977913
2010-06-01,18.600000000000833,102.39999999999846,0,0001,0.010131341
2010-06-01,18.600000000000833,102.49999999999845,0,0001,0.0106418105
2010-06-01,18.600000000000833,102.59999999999845,0,0001,0.011179944
2010-06-01,18.600000000000833,102.69999999999844,0,0001,0.011531872
2010-06-01,18.600000000000833,102.79999999999843,0,0001,0.011662428
2010-06-01,18.600000000000833,102.89999999999843,0,0001,0.011844394
2010-06-01,18.50000000000083,102.29999999999846,0,0001,0.0091483565
2010-06-01,18.50000000000083,102.39999999999846,0,0001,0.009545703
2010-06-01,18.50000000000083,102.49999999999845,0,0001,0.010285844
2010-06-01,18.50000000000083,102.59999999999845,0,0001,0.0110787945
2010-06-01,18.50000000000083,102.69999999999844,0,0001,0.011704196
2010-06-01,18.50000000000083,102.79999999999843,0,0001,0.012090434
2010-06-01,18.50000000000083,102.89999999999843,0,0001,0.012491156
2010-06-01,18.40000000000083,102.29999999999846,0,0001,0.008653094
2010-06-01,18.40000000000083,102.39999999999846,0,0001,0.009020363
2010-06-01,18.40000000000083,102.49999999999845,0,0001,0.009929058
2010-06-01,18.40000000000083,102.59999999999845,0,0001,0.010864724
2010-06-01,18.40000000000083,102.69999999999844,0,0001,0.011692275
2010-06-01,18.40000000000083,102.79999999999843,0,0001,0.012345728
2010-06-01,18.40000000000083,102.89999999999843,0,0001,0.012998995
2010-06-01,18.30000000000083,102.29999999999846,0,0001,0.008641583
2010-06-01,18.30000000000083,102.39999999999846,0,0001,0.00894018
2010-06-01,18.30000000000083,102.49999999999845,0,0001,0.009537977
2010-06-01,18.30000000000083,102.59999999999845,0,0001,0.01015487
2010-06-01,18.30000000000083,102.69999999999844,0,0001,0.010997866
2010-06-01,18.30000000000083,102.79999999999843,0,0001,0.012042326
2010-06-01,18.30000000000083,102.89999999999843,0,0001,0.013086935
2010-06-01,18.200000000000827,102.29999999999846,0,0001,0.008709748
2010-06-01,18.200000000000827,102.39999999999846,0,0001,0.008972314
2010-06-01,18.200000000000827,102.49999999999845,0,0001,0.009169017
2010-06-01,18.200000000000827,102.59999999999845,0,0001,0.009361033
2010-06-01,18.200000000000827,102.69999999999844,0,0001,0.010237333
2010-06-01,18.200000000000827,102.79999999999843,0,0001,0.011659105
2010-06-01,18.200000000000827,102.89999999999843,0,0001,0.013111961
2010-07-01,18.700000000000834,102.29999999999846,0,0001,0.017920978
2010-07-01,18.700000000000834,102.39999999999846,0,0001,0.017733686
2010-07-01,18.700000000000834,102.49999999999845,0,0001,0.017054595
2010-07-01,18.700000000000834,102.59999999999845,0,0001,0.016356789
2010-07-01,18.700000000000834,102.69999999999844,0,0001,0.016287617
2010-07-01,18.700000000000834,102.79999999999843,0,0001,0.016824149
2010-07-01,18.700000000000834,102.89999999999843,0,0001,0.017406605
2010-07-01,18.600000000000833,102.29999999999846,0,0001,0.017240204
2010-07-01,18.600000000000833,102.39999999999846,0,0001,0.017474182
2010-07-01,18.600000000000833,102.49999999999845,0,0001,0.0174255
2010-07-01,18.600000000000833,102.59999999999845,0,0001,0.017330058
2010-07-01,18.600000000000833,102.69999999999844,0,0001,0.017446853
2010-07-01,18.600000000000833,102.79999999999843,0,0001,0.017877437
2010-07-01,18.600000000000833,102.89999999999843,0,0001,0.018322669
2010-07-01,18.50000000000083,102.29999999999846,0,0001,0.01613579
2010-07-01,18.50000000000083,102.39999999999846,0,0001,0.016929112
2010-07-01,18.50000000000083,102.49999999999845,0,0001,0.017692141
2010-07-01,18.50000000000083,102.59999999999845,0,0001,0.018441401
2010-07-01,18.50000000000083,102.69999999999844,0,0001,0.018871926
2010-07-01,18.50000000000083,102.79999999999843,0,0001,0.018834151
2010-07-01,18.50000000000083,102.89999999999843,0,0001,0.018842317
2010-07-01,18.40000000000083,102.29999999999846,0,0001,0.015068807
2010-07-01,18.40000000000083,102.39999999999846,0,0001,0.016237922
2010-07-01,18.40000000000083,102.49999999999845,0,0001,0.017560937
2010-07-01,18.40000000000083,102.59999999999845,0,0001,0.018869199
2010-07-01,18.40000000000083,102.69999999999844,0,0001,0.019561
2010-07-01,18.40000000000083,102.79999999999843,0,0001,0.01934231
2010-07-01,18.40000000000083,102.89999999999843,0,0001,0.019123547
2010-07-01,18.30000000000083,102.29999999999846,0,0001,0.014253713
2010-07-01,18.30000000000083,102.39999999999846,0,0001,0.015164681
2010-07-01,18.30000000000083,102.49999999999845,0,0001,0.015866317
2010-07-01,18.30000000000083,102.59999999999845,0,0001,0.016604774
2010-07-01,18.30000000000083,102.69999999999844,0,0001,0.017319433
2010-07-01,18.30000000000083,102.79999999999843,0,0001,0.017821513
2010-07-01,18.30000000000083,102.89999999999843,0,0001,0.01832407
2010-07-01,18.200000000000827,102.29999999999846,0,0001,0.013492815
2010-07-01,18.200000000000827,102.39999999999846,0,0001,0.014054738
2010-07-01,18.200000000000827,102.49999999999845,0,0001,0.013976373
2010-07-01,18.200000000000827,102.59999999999845,0,0001,0.01387652
2010-07-01,18.200000000000827,102.69999999999844,0,0001,0.0146427825
2010-07-01,18.200000000000827,102.79999999999843,0,0001,0.015969269
2010-07-01,18.200000000000827,102.89999999999843,0,0001,0.017319925
2010-08-01,18.700000000000834,102.29999999999846,0,0001,0.023901526
2010-08-01,18.700000000000834,102.39999999999846,0,0001,0.024153363
2010-08-01,18.700000000000834,102.49999999999845,0,0001,0.023416225
2010-08-01,18.700000000000834,102.59999999999845,0,0001,0.022633653
2010-08-01,18.700000000000834,102.69999999999844,0,0001,0.021869224
2010-08-01,18.700000000000834,102.79999999999843,0,0001,0.021146562
2010-08-01,18.700000000000834,102.89999999999843,0,0001,0.020428363
2010-08-01,18.600000000000833,102.29999999999846,0,0001,0.022279251
2010-08-01,18.600000000000833,102.39999999999846,0,0001,0.022745099
2010-08-01,18.600000000000833,102.49999999999845,0,0001,0.022896122
2010-08-01,18.600000000000833,102.59999999999845,0,0001,0.022995774
2010-08-01,18.600000000000833,102.69999999999844,0,0001,0.022542503
2010-08-01,18.600000000000833,102.79999999999843,0,0001,0.02155624
2010-08-01,18.600000000000833,102.89999999999843,0,0001,0.020598818
2010-08-01,18.50000000000083,102.29999999999846,0,0001,0.020673294
2010-08-01,18.50000000000083,102.39999999999846,0,0001,0.021443803
2010-08-01,18.50000000000083,102.49999999999845,0,0001,0.022597637
2010-08-01,18.50000000000083,102.59999999999845,0,0001,0.023793366
2010-08-01,18.50000000000083,102.69999999999844,0,0001,0.023770321
2010-08-01,18.50000000000083,102.79999999999843,0,0001,0.0221035
2010-08-01,18.50000000000083,102.89999999999843,0,0001,0.020532627
2010-08-01,18.40000000000083,102.29999999999846,0,0001,0.019441169
2010-08-01,18.40000000000083,102.39999999999846,0,0001,0.02024727
2010-08-01,18.40000000000083,102.49999999999845,0,0001,0.02208576
2010-08-01,18.40000000000083,102.59999999999845,0,0001,0.023902584
2010-08-01,18.40000000000083,102.69999999999844,0,0001,0.024222683
2010-08-01,18.40000000000083,102.79999999999843,0,0001,0.022313405
2010-08-01,18.40000000000083,102.89999999999843,0,0001,0.02040394
2010-08-01,18.30000000000083,102.29999999999846,0,0001,0.019642327
2010-08-01,18.30000000000083,102.39999999999846,0,0001,0.019900944
2010-08-01,18.30000000000083,102.49999999999845,0,0001,0.020668555
2010-08-01,18.30000000000083,102.59999999999845,0,0001,0.021497924
2010-08-01,18.30000000000083,102.69999999999844,0,0001,0.021693889
2010-08-01,18.30000000000083,102.79999999999843,0,0001,0.020793136
2010-08-01,18.30000000000083,102.89999999999843,0,0001,0.01989254
2010-08-01,18.200000000000827,102.29999999999846,0,0001,0.020043153
2010-08-01,18.200000000000827,102.39999999999846,0,0001,0.01978701
2010-08-01,18.200000000000827,102.49999999999845,0,0001,0.019196685
2010-08-01,18.200000000000827,102.59999999999845,0,0001,0.018589731
2010-08-01,18.200000000000827,102.69999999999844,0,0001,0.018689413
2010-08-01,18.200000000000827,102.79999999999843,0,0001,0.018983077
2010-08-01,18.200000000000827,102.89999999999843,0,0001,0.019269552
2010-09-01,18.700000000000834,102.29999999999846,0,0001,0.0110432925
2010-09-01,18.700000000000834,102.39999999999846,0,0001,0.010743138
2010-09-01,18.700000000000834,102.49999999999845,0,0001,0.0106066065
2010-09-01,18.700000000000834,102.59999999999845,0,0001,0.010468331
2010-09-01,18.700000000000834,102.69999999999844,0,0001,0.0105287405
2010-09-01,18.700000000000834,102.79999999999843,0,0001,0.010802162
2010-09-01,18.700000000000834,102.89999999999843,0,0001,0.011093167
2010-09-01,18.600000000000833,102.29999999999846,0,0001,0.011201416
2010-09-01,18.600000000000833,102.39999999999846,0,0001,0.01102185
2010-09-01,18.600000000000833,102.49999999999845,0,0001,0.011228708
2010-09-01,18.600000000000833,102.59999999999845,0,0001,0.011502598
2010-09-01,18.600000000000833,102.69999999999844,0,0001,0.011651848
2010-09-01,18.600000000000833,102.79999999999843,0,0001,0.011713085
2010-09-01,18.600000000000833,102.89999999999843,0,0001,0.0117925005
2010-09-01,18.50000000000083,102.29999999999846,0,0001,0.01111493
2010-09-01,18.50000000000083,102.39999999999846,0,0001,0.01101872
2010-09-01,18.50000000000083,102.49999999999845,0,0001,0.0117332535
2010-09-01,18.50000000000083,102.59999999999845,0,0001,0.012573388
2010-09-01,18.50000000000083,102.69999999999844,0,0001,0.012912561
2010-09-01,18.50000000000083,102.79999999999843,0,0001,0.012570006
2010-09-01,18.50000000000083,102.89999999999843,0,0001,0.012260658
2010-09-01,18.40000000000083,102.29999999999846,0,0001,0.011113574
2010-09-01,18.40000000000083,102.39999999999846,0,0001,0.010940698
2010-09-01,18.40000000000083,102.49999999999845,0,0001,0.012058591
2010-09-01,18.40000000000083,102.59999999999845,0,0001,0.01321694
2010-09-01,18.40000000000083,102.69999999999844,0,0001,0.013713819
2010-09-01,18.40000000000083,102.79999999999843,0,0001,0.013225068
2010-09-01,18.40000000000083,102.89999999999843,0,0001,0.01273678
2010-09-01,18.30000000000083,102.29999999999846,0,0001,0.011348312
2010-09-01,18.30000000000083,102.39999999999846,0,0001,0.011078914
2010-09-01,18.30000000000083,102.49999999999845,0,0001,0.011647222
2010-09-01,18.30000000000083,102.59999999999845,0,0001,0.01224905
2010-09-01,18.30000000000083,102.69999999999844,0,0001,0.01271562
2010-09-01,18.30000000000083,102.79999999999843,0,0001,0.012844314
2010-09-01,18.30000000000083,102.89999999999843,0,0001,0.012972561
2010-09-01,18.200000000000827,102.29999999999846,0,0001,0.011628811
2010-09-01,18.200000000000827,102.39999999999846,0,0001,0.011353393
2010-09-01,18.200000000000827,102.49999999999845,0,0001,0.011169148
2010-09-01,18.200000000000827,102.59999999999845,0,0001,0.010980946
2010-09-01,18.200000000000827,102.69999999999844,0,0001,0.011448336
2010-09-01,18.200000000000827,102.79999999999843,0,0001,0.01228897
2010-09-01,18.200000000000827,102.89999999999843,0,0001,0.013142702
2010-10-01,18.700000000000834,102.29999999999846,0,0001,0.0057541793
2010-10-01,18.700000000000834,102.39999999999846,0,0001,0.0059095686
2010-10-01,18.700000000000834,102.49999999999845,0,0001,0.0065615317
2010-10-01,18.700000000000834,102.59999999999845,0,0001,0.0072173392
2010-10-01,18.700000000000834,102.69999999999844,0,0001,0.0069538867
2010-10-01,18.700000000000834,102.79999999999843,0,0001,0.005780465
2010-10-01,18.700000000000834,102.89999999999843,0,0001,0.0045367246
2010-10-01,18.600000000000833,102.29999999999846,0,0001,0.0053242138
2010-10-01,18.600000000000833,102.39999999999846,0,0001,0.0055918163
2010-10-01,18.600000000000833,102.49999999999845,0,0001,0.006340756
2010-10-01,18.600000000000833,102.59999999999845,0,0001,0.00717201
2010-10-01,18.600000000000833,102.69999999999844,0,0001,0.007063254
2010-10-01,18.600000000000833,102.79999999999843,0,0001,0.0058852797
2010-10-01,18.600000000000833,102.89999999999843,0,0001,0.004768758
2010-10-01,18.50000000000083,102.29999999999846,0,0001,0.004822037
2010-10-01,18.50000000000083,102.39999999999846,0,0001,0.0051317355
2010-10-01,18.50000000000083,102.49999999999845,0,0001,0.006049528
2010-10-01,18.50000000000083,102.59999999999845,0,0001,0.0070681935
2010-10-01,18.50000000000083,102.69999999999844,0,0001,0.0071543
2010-10-01,18.50000000000083,102.79999999999843,0,0001,0.00602617
2010-10-01,18.50000000000083,102.89999999999843,0,0001,0.004942796
2010-10-01,18.40000000000083,102.29999999999846,0,0001,0.0044643125
2010-10-01,18.40000000000083,102.39999999999846,0,0001,0.0047073876
2010-10-01,18.40000000000083,102.49999999999845,0,0001,0.005746781
2010-10-01,18.40000000000083,102.59999999999845,0,0001,0.0067855036
2010-10-01,18.40000000000083,102.69999999999844,0,0001,0.0070227524
2010-10-01,18.40000000000083,102.79999999999843,0,0001,0.006049826
2010-10-01,18.40000000000083,102.89999999999843,0,0001,0.0050764373
2010-10-01,18.30000000000083,102.29999999999846,0,0001,0.0046413084
2010-10-01,18.30000000000083,102.39999999999846,0,0001,0.0047282865
2010-10-01,18.30000000000083,102.49999999999845,0,0001,0.0053588515
2010-10-01,18.30000000000083,102.59999999999845,0,0001,0.006013184
2010-10-01,18.30000000000083,102.69999999999844,0,0001,0.0061867675
2010-10-01,18.30000000000083,102.79999999999843,0,0001,0.0056340536
2010-10-01,18.30000000000083,102.89999999999843,0,0001,0.0050816676
2010-10-01,18.200000000000827,102.29999999999846,0,0001,0.00490263
2010-10-01,18.200000000000827,102.39999999999846,0,0001,0.004883102
2010-10-01,18.200000000000827,102.49999999999845,0,0001,0.0049931845
2010-10-01,18.200000000000827,102.59999999999845,0,0001,0.00510317
2010-10-01,18.200000000000827,102.69999999999844,0,0001,0.00522568
2010-10-01,18.200000000000827,102.79999999999843,0,0001,0.0051524257
2010-10-01,18.200000000000827,102.89999999999843,0,0001,0.005058623
2010-11-01,18.700000000000834,102.29999999999846,0,0001,5.596002e-05
2010-11-01,18.700000000000834,102.39999999999846,0,0001,8.330365e-05
2010-11-01,18.700000000000834,102.49999999999845,0,0001,0.00022209306
2010-11-01,18.700000000000834,102.59999999999845,0,0001,0.00036439172
2010-11-01,18.700000000000834,102.69999999999844,0,0001,0.00043569377
2010-11-01,18.700000000000834,102.79999999999843,0,0001,0.00042988232
2010-11-01,18.700000000000834,102.89999999999843,0,0001,0.00041764847
2010-11-01,18.600000000000833,102.29999999999846,0,0001,5.4075022e-05
2010-11-01,18.600000000000833,102.39999999999846,0,0001,8.552392e-05
2010-11-01,18.600000000000833,102.49999999999845,0,0001,0.00017998238
2010-11-01,18.600000000000833,102.59999999999845,0,0001,0.0002851697
2010-11-01,18.600000000000833,102.69999999999844,0,0001,0.0003386425
2010-11-01,18.600000000000833,102.79999999999843,0,0001,0.00033166131
2010-11-01,18.600000000000833,102.89999999999843,0,0001,0.00032086542
2010-11-01,18.50000000000083,102.29999999999846,0,0001,6.332864e-05
2010-11-01,18.50000000000083,102.39999999999846,0,0001,8.126964e-05
2010-11-01,18.50000000000083,102.49999999999845,0,0001,0.00013531615
2010-11-01,18.50000000000083,102.59999999999845,0,0001,0.00019643326
2010-11-01,18.50000000000083,102.69999999999844,0,0001,0.00022312869
2010-11-01,18.50000000000083,102.79999999999843,0,0001,0.00020930042
2010-11-01,18.50000000000083,102.89999999999843,0,0001,0.00019562115
2010-11-01,18.40000000000083,102.29999999999846,0,0001,6.846954e-05
2010-11-01,18.40000000000083,102.39999999999846,0,0001,7.413198e-05
2010-11-01,18.40000000000083,102.49999999999845,0,0001,9.531398e-05
2010-11-01,18.40000000000083,102.59999999999845,0,0001,0.00011568387
2010-11-01,18.40000000000083,102.69999999999844,0,0001,0.00012195726
2010-11-01,18.40000000000083,102.79999999999843,0,0001,0.000105983214
2010-11-01,18.40000000000083,102.89999999999843,0,0001,9.002407e-05
2010-11-01,18.30000000000083,102.29999999999846,0,0001,5.944689e-05
2010-11-01,18.30000000000083,102.39999999999846,0,0001,5.9730013e-05
2010-11-01,18.30000000000083,102.49999999999845,0,0001,7.100274e-05
2010-11-01,18.30000000000083,102.59999999999845,0,0001,8.2625644e-05
2010-11-01,18.30000000000083,102.69999999999844,0,0001,8.46671e-05
2010-11-01,18.30000000000083,102.79999999999843,0,0001,7.2761075e-05
2010-11-01,18.30000000000083,102.89999999999843,0,0001,6.1093466e-05
2010-11-01,18.200000000000827,102.29999999999846,0,0001,4.825612e-05
2010-11-01,18.200000000000827,102.39999999999846,0,0001,4.4761797e-05
2010-11-01,18.200000000000827,102.49999999999845,0,0001,5.0126215e-05
2010-11-01,18.200000000000827,102.59999999999845,0,0001,5.569925e-05
2010-11-01,18.200000000000827,102.69999999999844,0,0001,5.6779583e-05
2010-11-01,18.200000000000827,102.79999999999843,0,0001,5.055835e-05
2010-11-01,18.200000000000827,102.89999999999843,0,0001,4.3875178e-05
2010-12-01,18.700000000000834,102.29999999999846,0,0001,0.0008457946
2010-12-01,18.700000000000834,102.39999999999846,0,0001,0.00074854965
2010-12-01,18.700000000000834,102.49999999999845,0,0001,0.0008149492
2010-12-01,18.700000000000834,102.59999999999845,0,0001,0.00088449294
2010-12-01,18.700000000000834,102.69999999999844,0,0001,0.0009478378
2010-12-01,18.700000000000834,102.79999999999843,0,0001,0.001002294
2010-12-01,18.700000000000834,102.89999999999843,0,0001,0.0010559829
2010-12-01,18.600000000000833,102.29999999999846,0,0001,0.00072817976
2010-12-01,18.600000000000833,102.39999999999846,0,0001,0.000659776
2010-12-01,18.600000000000833,102.49999999999845,0,0001,0.0006843182
2010-12-01,18.600000000000833,102.59999999999845,0,0001,0.00072477484
2010-12-01,18.600000000000833,102.69999999999844,0,0001,0.00076837564
2010-12-01,18.600000000000833,102.79999999999843,0,0001,0.00081611896
2010-12-01,18.600000000000833,102.89999999999843,0,0001,0.0008661049
2010-12-01,18.50000000000083,102.29999999999846,0,0001,0.00067090715
2010-12-01,18.50000000000083,102.39999999999846,0,0001,0.0006047162
2010-12-01,18.50000000000083,102.49999999999845,0,0001,0.00058824295
2010-12-01,18.50000000000083,102.59999999999845,0,0001,0.0005820217
2010-12-01,18.50000000000083,102.69999999999844,0,0001,0.0005842271
2010-12-01,18.50000000000083,102.79999999999843,0,0001,0.00060160185
2010-12-01,18.50000000000083,102.89999999999843,0,0001,0.0006199303
2010-12-01,18.40000000000083,102.29999999999846,0,0001,0.0006147372
2010-12-01,18.40000000000083,102.39999999999846,0,0001,0.0005469593
2010-12-01,18.40000000000083,102.49999999999845,0,0001,0.000498307
2010-12-01,18.40000000000083,102.59999999999845,0,0001,0.00045107777
2010-12-01,18.40000000000083,102.69999999999844,0,0001,0.0004218715
2010-12-01,18.40000000000083,102.79999999999843,0,0001,0.00041918183
2010-12-01,18.40000000000083,102.89999999999843,0,0001,0.00041647727
2010-12-01,18.30000000000083,102.29999999999846,0,0001,0.0005747425
2010-12-01,18.30000000000083,102.39999999999846,0,0001,0.00048546965
2010-12-01,18.30000000000083,102.49999999999845,0,0001,0.0004289123
2010-12-01,18.30000000000083,102.59999999999845,0,0001,0.00037292863
2010-12-01,18.30000000000083,102.69999999999844,0,0001,0.00034204597
2010-12-01,18.30000000000083,102.79999999999843,0,0001,0.00034220243
2010-12-01,18.30000000000083,102.89999999999843,0,0001,0.00034257496
2010-12-01,18.200000000000827,102.29999999999846,0,0001,0.00053692335
2010-12-01,18.200000000000827,102.39999999999846,0,0001,0.00042509014
2010-12-01,18.200000000000827,102.49999999999845,0,0001,0.0003637644
2010-12-01,18.200000000000827,102.59999999999845,0,0001,0.00030389155
2010-12-01,18.200000000000827,102.69999999999844,0,0001,0.00027655537
2010-12-01,18.200000000000827,102.79999999999843,0,0001,0.00028112257
2010-12-01,18.200000000000827,102.89999999999843,0,0001,0.0002879026
2011-01-01,18.700000000000834,102.29999999999846,0,0001,5.8556358e-05
2011-01-01,18.700000000000834,102.39999999999846,0,0001,6.722883e-05
2011-01-01,18.700000000000834,102.49999999999845,0,0001,8.920059e-05
2011-01-01,18.700000000000834,102.59999999999845,0,0001,0.00011163429
2011-01-01,18.700000000000834,102.69999999999844,0,0001,0.000121573365
2011-01-01,18.700000000000834,102.79999999999843,0,0001,0.00011741594
2011-01-01,18.700000000000834,102.89999999999843,0,0001,0.00011250601
2011-01-01,18.600000000000833,102.29999999999846,0,0001,4.3625394e-05
2011-01-01,18.600000000000833,102.39999999999846,0,0001,5.3117434e-05
2011-01-01,18.600000000000833,102.49999999999845,0,0001,7.481352e-05
2011-01-01,18.600000000000833,102.59999999999845,0,0001,9.866283e-05
2011-01-01,18.600000000000833,102.69999999999844,0,0001,0.00011109785
2011-01-01,18.600000000000833,102.79999999999843,0,0001,0.00011012182
2011-01-01,18.600000000000833,102.89999999999843,0,0001,0.00010948852
2011-01-01,18.50000000000083,102.29999999999846,0,0001,3.9900104e-05
2011-01-01,18.50000000000083,102.39999999999846,0,0001,4.9556056e-05
2011-01-01,18.50000000000083,102.49999999999845,0,0001,7.51935e-05
2011-01-01,18.50000000000083,102.59999999999845,0,0001,0.000103468454
2011-01-01,18.50000000000083,102.69999999999844,0,0001,0.00012031422
2011-01-01,18.50000000000083,102.79999999999843,0,0001,0.00012237803
2011-01-01,18.50000000000083,102.89999999999843,0,0001,0.0001245536
2011-01-01,18.40000000000083,102.29999999999846,0,0001,3.8648406e-05
2011-01-01,18.40000000000083,102.39999999999846,0,0001,4.5562545e-05
2011-01-01,18.40000000000083,102.49999999999845,0,0001,7.4746466e-05
2011-01-01,18.40000000000083,102.59999999999845,0,0001,0.000104526436
2011-01-01,18.40000000000083,102.69999999999844,0,0001,0.00012406186
2011-01-01,18.40000000000083,102.79999999999843,0,0001,0.00012827144
2011-01-01,18.40000000000083,102.89999999999843,0,0001,0.00013247356
2011-01-01,18.30000000000083,102.29999999999846,0,0001,4.641936e-05
2011-01-01,18.30000000000083,102.39999999999846,0,0001,4.766361e-05
2011-01-01,18.30000000000083,102.49999999999845,0,0001,7.0104754e-05
2011-01-01,18.30000000000083,102.59999999999845,0,0001,9.2955685e-05
2011-01-01,18.30000000000083,102.69999999999844,0,0001,0.000107730186
2011-01-01,18.30000000000083,102.79999999999843,0,0001,0.0001111351
2011-01-01,18.30000000000083,102.89999999999843,0,0001,0.00011459962
2011-01-01,18.200000000000827,102.29999999999846,0,0001,5.537496e-05
2011-01-01,18.200000000000827,102.39999999999846,0,0001,5.2648047e-05
2011-01-01,18.200000000000827,102.49999999999845,0,0001,6.544814e-05
2011-01-01,18.200000000000827,102.59999999999845,0,0001,7.863567e-05
2011-01-01,18.200000000000827,102.69999999999844,0,0001,8.7688124e-05
2011-01-01,18.200000000000827,102.79999999999843,0,0001,9.045974e-05
2011-01-01,18.200000000000827,102.89999999999843,0,0001,9.273962e-05
2011-02-01,18.700000000000834,102.29999999999846,0,0001,0.0003620515
2011-02-01,18.700000000000834,102.39999999999846,0,0001,0.00037531354
2011-02-01,18.700000000000834,102.49999999999845,0,0001,0.0006736795
2011-02-01,18.700000000000834,102.59999999999845,0,0001,0.0009791906
2011-02-01,18.700000000000834,102.69999999999844,0,0001,0.0011293645
2011-02-01,18.700000000000834,102.79999999999843,0,0001,0.0011197905
2011-02-01,18.700000000000834,102.89999999999843,0,0001,0.001097394
2011-02-01,18.600000000000833,102.29999999999846,0,0001,0.00031690844
2011-02-01,18.600000000000833,102.39999999999846,0,0001,0.00034893103
2011-02-01,18.600000000000833,102.49999999999845,0,0001,0.0005429069
2011-02-01,18.600000000000833,102.59999999999845,0,0001,0.00076415937
2011-02-01,18.600000000000833,102.69999999999844,0,0001,0.000885507
2011-02-01,18.600000000000833,102.79999999999843,0,0001,0.000885127
2011-02-01,18.600000000000833,102.89999999999843,0,0001,0.0008946563
2011-02-01,18.50000000000083,102.29999999999846,0,0001,0.00028198757
2011-02-01,18.50000000000083,102.39999999999846,0,0001,0.00028779157
2011-02-01,18.50000000000083,102.49999999999845,0,0001,0.00037550725
2011-02-01,18.50000000000083,102.59999999999845,0,0001,0.00048012086
2011-02-01,18.50000000000083,102.69999999999844,0,0001,0.0005467067
2011-02-01,18.50000000000083,102.79999999999843,0,0001,0.00057275395
2011-02-01,18.50000000000083,102.89999999999843,0,0001,0.0006007011
2011-02-01,18.40000000000083,102.29999999999846,0,0001,0.00025269933
2011-02-01,18.40000000000083,102.39999999999846,0,0001,0.00023779072
2011-02-01,18.40000000000083,102.49999999999845,0,0001,0.00023713507
2011-02-01,18.40000000000083,102.59999999999845,0,0001,0.00023633786
2011-02-01,18.40000000000083,102.69999999999844,0,0001,0.00025699832
2011-02-01,18.40000000000083,102.79999999999843,0,0001,0.00030571767
2011-02-01,18.40000000000083,102.89999999999843,0,0001,0.00035419114
2011-02-01,18.30000000000083,102.29999999999846,0,0001,0.00024671652
2011-02-01,18.30000000000083,102.39999999999846,0,0001,0.0002342666
2011-02-01,18.30000000000083,102.49999999999845,0,0001,0.00020424076
2011-02-01,18.30000000000083,102.59999999999845,0,0001,0.00017493017
2011-02-01,18.30000000000083,102.69999999999844,0,0001,0.00017992206
2011-02-01,18.30000000000083,102.79999999999843,0,0001,0.00022703953
2011-02-01,18.30000000000083,102.89999999999843,0,0001,0.00027438052
2011-02-01,18.200000000000827,102.29999999999846,0,0001,0.00024682083
2011-02-01,18.200000000000827,102.39999999999846,0,0001,0.0002368296
2011-02-01,18.200000000000827,102.49999999999845,0,0001,0.00019024857
2011-02-01,18.200000000000827,102.59999999999845,0,0001,0.000142617
2011-02-01,18.200000000000827,102.69999999999844,0,0001,0.00013907053
2011-02-01,18.200000000000827,102.79999999999843,0,0001,0.00017881938
2011-02-01,18.200000000000827,102.89999999999843,0,0001,0.00022148885
2011-03-01,18.700000000000834,102.29999999999846,0,0001,0.0047252695
2011-03-01,18.700000000000834,102.39999999999846,0,0001,0.004724517
2011-03-01,18.700000000000834,102.49999999999845,0,0001,0.004815079
2011-03-01,18.700000000000834,102.59999999999845,0,0001,0.004909701
2011-03-01,18.700000000000834,102.69999999999844,0,0001,0.0048997994
2011-03-01,18.700000000000834,102.79999999999843,0,0001,0.0047844346
2011-03-01,18.700000000000834,102.89999999999843,0,0001,0.004660889
2011-03-01,18.600000000000833,102.29999999999846,0,0001,0.004693299
2011-03-01,18.600000000000833,102.39999999999846,0,0001,0.0046684216
2011-03-01,18.600000000000833,102.49999999999845,0,0001,0.004729509
2011-03-01,18.600000000000833,102.59999999999845,0,0001,0.004805408
2011-03-01,18.600000000000833,102.69999999999844,0,0001,0.0047671194
2011-03-01,18.600000000000833,102.79999999999843,0,0001,0.004602223
2011-03-01,18.600000000000833,102.89999999999843,0,0001,0.004448443
2011-03-01,18.50000000000083,102.29999999999846,0,0001,0.004574939
2011-03-01,18.50000000000083,102.39999999999846,0,0001,0.004508167
2011-03-01,18.50000000000083,102.49999999999845,0,0001,0.004556961
2011-03-01,18.50000000000083,102.59999999999845,0,0001,0.0046247686
2011-03-01,18.50000000000083,102.69999999999844,0,0001,0.004565693
2011-03-01,18.50000000000083,102.79999999999843,0,0001,0.0043454985
2011-03-01,18.50000000000083,102.89999999999843,0,0001,0.0041332836
2011-03-01,18.40000000000083,102.29999999999846,0,0001,0.004426531
2011-03-01,18.40000000000083,102.39999999999846,0,0001,0.0043062638
2011-03-01,18.40000000000083,102.49999999999845,0,0001,0.004343211
2011-03-01,18.40000000000083,102.59999999999845,0,0001,0.0043811123
2011-03-01,18.40000000000083,102.69999999999844,0,0001,0.0043070014
2011-03-01,18.40000000000083,102.79999999999843,0,0001,0.0040644775
2011-03-01,18.40000000000083,102.89999999999843,0,0001,0.0038219015
2011-03-01,18.30000000000083,102.29999999999846,0,0001,0.004149116
2011-03-01,18.30000000000083,102.39999999999846,0,0001,0.0039976756
2011-03-01,18.30000000000083,102.49999999999845,0,0001,0.00396496
2011-03-01,18.30000000000083,102.59999999999845,0,0001,0.003936037
2011-03-01,18.30000000000083,102.69999999999844,0,0001,0.0038451622
2011-03-01,18.30000000000083,102.79999999999843,0,0001,0.0036578472
2011-03-01,18.30000000000083,102.89999999999843,0,0001,0.0034708823
2011-03-01,18.200000000000827,102.29999999999846,0,0001,0.0038484181
2011-03-01,18.200000000000827,102.39999999999846,0,0001,0.0036842446
2011-03-01,18.200000000000827,102.49999999999845,0,0001,0.0035670022
2011-03-01,18.200000000000827,102.59999999999845,0,0001,0.0034503113
2011-03-01,18.200000000000827,102.69999999999844,0,0001,0.003348812
2011-03-01,18.200000000000827,102.79999999999843,0,0001,0.0032304148
2011-03-01,18.200000000000827,102.89999999999843,0,0001,0.0031095962
2011-04-01,18.700000000000834,102.29999999999846,0,0001,0.0029989455
2011-04-01,18.700000000000834,102.39999999999846,0,0001,0.0024234925
2011-04-01,18.700000000000834,102.49999999999845,0,0001,0.0028243859
2011-04-01,18.700000000000834,102.59999999999845,0,0001,0.0032475789
2011-04-01,18.700000000000834,102.69999999999844,0,0001,0.0034649794
2011-04-01,18.700000000000834,102.79999999999843,0,0001,0.0034936045
2011-04-01,18.700000000000834,102.89999999999843,0,0001,0.003508297
2011-04-01,18.600000000000833,102.29999999999846,0,0001,0.0027092074
2011-04-01,18.600000000000833,102.39999999999846,0,0001,0.0022580374
2011-04-01,18.600000000000833,102.49999999999845,0,0001,0.0024874632
2011-04-01,18.600000000000833,102.59999999999845,0,0001,0.0028324176
2011-04-01,18.600000000000833,102.69999999999844,0,0001,0.003048693
2011-04-01,18.600000000000833,102.79999999999843,0,0001,0.0031012718
2011-04-01,18.600000000000833,102.89999999999843,0,0001,0.0032023613
2011-04-01,18.50000000000083,102.29999999999846,0,0001,0.0024283726
2011-04-01,18.50000000000083,102.39999999999846,0,0001,0.0019835506
2011-04-01,18.50000000000083,102.49999999999845,0,0001,0.0021140103
2011-04-01,18.50000000000083,102.59999999999845,0,0001,0.0023477275
2011-04-01,18.50000000000083,102.69999999999844,0,0001,0.0025725265
2011-04-01,18.50000000000083,102.79999999999843,0,0001,0.0027915288
2011-04-01,18.50000000000083,102.89999999999843,0,0001,0.0030062024
2011-04-01,18.40000000000083,102.29999999999846,0,0001,0.0022937406
2011-04-01,18.40000000000083,102.39999999999846,0,0001,0.001799879
2011-04-01,18.40000000000083,102.49999999999845,0,0001,0.0018577775
2011-04-01,18.40000000000083,102.59999999999845,0,0001,0.0019506564
2011-04-01,18.40000000000083,102.69999999999844,0,0001,0.002143291
2011-04-01,18.40000000000083,102.79999999999843,0,0001,0.002474
2011-04-01,18.40000000000083,102.89999999999843,0,0001,0.0028043513
2011-04-01,18.30000000000083,102.29999999999846,0,0001,0.0027152721
2011-04-01,18.30000000000083,102.39999999999846,0,0001,0.0021764014
2011-04-01,18.30000000000083,102.49999999999845,0,0001,0.002021109
2011-04-01,18.30000000000083,102.59999999999845,0,0001,0.001877596
2011-04-01,18.30000000000083,102.69999999999844,0,0001,0.001931568
2011-04-01,18.30000000000083,102.79999999999843,0,0001,0.0022197042
2011-04-01,18.30000000000083,102.89999999999843,0,0001,0.0025082056
2011-04-01,18.200000000000827,102.29999999999846,0,0001,0.0032341306
2011-04-01,18.200000000000827,102.39999999999846,0,0001,0.002680381
2011-04-01,18.200000000000827,102.49999999999845,0,0001,0.0022694517
2011-04-01,18.200000000000827,102.59999999999845,0,0001,0.0018605789
2011-04-01,18.200000000000827,102.69999999999844,0,0001,0.0017756423
2011-04-01,18.200000000000827,102.79999999999843,0,0001,0.0019810696
2011-04-01,18.200000000000827,102.89999999999843,0,0001,0.0022041623
2011-05-01,18.700000000000834,102.29999999999846,0,0001,0.010588573
2011-05-01,18.700000000000834,102.39999999999846,0,0001,0.009846175
2011-05-01,18.700000000000834,102.49999999999845,0,0001,0.010226915
2011-05-01,18.700000000000834,102.59999999999845,0,0001,0.01062719
2011-05-01,18.700000000000834,102.69999999999844,0,0001,0.010835091
2011-05-01,18.700000000000834,102.79999999999843,0,0001,0.010854261
2011-05-01,18.700000000000834,102.89999999999843,0,0001,0.01085856
2011-05-01,18.600000000000833,102.29999999999846,0,0001,0.009899365
2011-05-01,18.600000000000833,102.39999999999846,0,0001,0.009385848
2011-05-01,18.600000000000833,102.49999999999845,0,0001,0.009664806
2011-05-01,18.600000000000833,102.59999999999845,0,0001,0.010078507
2011-05-01,18.600000000000833,102.69999999999844,0,0001,0.010339284
2011-05-01,18.600000000000833,102.79999999999843,0,0001,0.010419467
2011-05-01,18.600000000000833,102.89999999999843,0,0001,0.010523805
2011-05-01,18.50000000000083,102.29999999999846,0,0001,0.009102473
2011-05-01,18.50000000000083,102.39999999999846,0,0001,0.00870342
2011-05-01,18.50000000000083,102.49999999999845,0,0001,0.008959511
2011-05-01,18.50000000000083,102.59999999999845,0,0001,0.009333545
2011-05-01,18.50000000000083,102.69999999999844,0,0001,0.009608159
2011-05-01,18.50000000000083,102.79999999999843,0,0001,0.009756604
2011-05-01,18.50000000000083,102.89999999999843,0,0001,0.009918215
2011-05-01,18.40000000000083,102.29999999999846,0,0001,0.008533159
2011-05-01,18.40000000000083,102.39999999999846,0,0001,0.008157844
2011-05-01,18.40000000000083,102.49999999999845,0,0001,0.008356513
2011-05-01,18.40000000000083,102.59999999999845,0,0001,0.008587124
2011-05-01,18.40000000000083,102.69999999999844,0,0001,0.008833462
2011-05-01,18.40000000000083,102.79999999999843,0,0001,0.009086797
2011-05-01,18.40000000000083,102.89999999999843,0,0001,0.009340288
2011-05-01,18.30000000000083,102.29999999999846,0,0001,0.008846188
2011-05-01,18.30000000000083,102.39999999999846,0,0001,0.008391315
2011-05-01,18.30000000000083,102.49999999999845,0,0001,0.008092167
2011-05-01,18.30000000000083,102.59999999999845,0,0001,0.007818768
2011-05-01,18.30000000000083,102.69999999999844,0,0001,0.007918874
2011-05-01,18.30000000000083,102.79999999999843,0,0001,0.008408295
2011-05-01,18.30000000000083,102.89999999999843,0,0001,0.008897657
2011-05-01,18.200000000000827,102.29999999999846,0,0001,0.009320298
2011-05-01,18.200000000000827,102.39999999999846,0,0001,0.008784661
2011-05-01,18.200000000000827,102.49999999999845,0,0001,0.007921943
2011-05-01,18.200000000000827,102.59999999999845,0,0001,0.007045442
2011-05-01,18.200000000000827,102.69999999999844,0,0001,0.0070292144
2011-05-01,18.200000000000827,102.79999999999843,0,0001,0.007730448
2011-05-01,18.200000000000827,102.89999999999843,0,0001,0.008473495
2011-06-01,18.700000000000834,102.29999999999846,0,0001,0.018004611
2011-06-01,18.700000000000834,102.39999999999846,0,0001,0.017941982
2011-06-01,18.700000000000834,102.49999999999845,0,0001,0.01806052
2011-06-01,18.700000000000834,102.59999999999845,0,0001,0.018173113
2011-06-01,18.700000000000834,102.69999999999844,0,0001,0.018746682
2011-06-01,18.700000000000834,102.79999999999843,0,0001,0.019816577
2011-06-01,18.700000000000834,102.89999999999843,0,0001,0.020926923
2011-06-01,18.600000000000833,102.29999999999846,0,0001,0.016860843
2011-06-01,18.600000000000833,102.39999999999846,0,0001,0.016869694
2011-06-01,18.600000000000833,102.49999999999845,0,0001,0.017214611
2011-06-01,18.600000000000833,102.59999999999845,0,0001,0.01761727
2011-06-01,18.600000000000833,102.69999999999844,0,0001,0.018112004
2011-06-01,18.600000000000833,102.79999999999843,0,0001,0.018782943
2011-06-01,18.600000000000833,102.89999999999843,0,0001,0.019410491
2011-06-01,18.50000000000083,102.29999999999846,0,0001,0.015704423
2011-06-01,18.50000000000083,102.39999999999846,0,0001,0.01581864
2011-06-01,18.50000000000083,102.49999999999845,0,0001,0.016455367
2011-06-01,18.50000000000083,102.59999999999845,0,0001,0.017175712
2011-06-01,18.50000000000083,102.69999999999844,0,0001,0.017543614
2011-06-01,18.50000000000083,102.79999999999843,0,0001,0.017444447
2011-06-01,18.50000000000083,102.89999999999843,0,0001,0.01739318
2011-06-01,18.40000000000083,102.29999999999846,0,0001,0.014662937
2011-06-01,18.40000000000083,102.39999999999846,0,0001,0.014783793
2011-06-01,18.40000000000083,102.49999999999845,0,0001,0.015637822
2011-06-01,18.40000000000083,102.59999999999845,0,0001,0.01650326
2011-06-01,18.40000000000083,102.69999999999844,0,0001,0.016799212
2011-06-01,18.40000000000083,102.79999999999843,0,0001,0.016255975
2011-06-01,18.40000000000083,102.89999999999843,0,0001,0.015712611
2011-06-01,18.30000000000083,102.29999999999846,0,0001,0.014015869
2011-06-01,18.30000000000083,102.39999999999846,0,0001,0.01411263
2011-06-01,18.30000000000083,102.49999999999845,0,0001,0.014558175
2011-06-01,18.30000000000083,102.59999999999845,0,0001,0.015027815
2011-06-01,18.30000000000083,102.69999999999844,0,0001,0.015297935
2011-06-01,18.30000000000083,102.79999999999843,0,0001,0.015189835
2011-06-01,18.30000000000083,102.89999999999843,0,0001,0.015082085
2011-06-01,18.200000000000827,102.29999999999846,0,0001,0.013447934
2011-06-01,18.200000000000827,102.39999999999846,0,0001,0.013553129
2011-06-01,18.200000000000827,102.49999999999845,0,0001,0.013473325
2011-06-01,18.200000000000827,102.59999999999845,0,0001,0.013382942
2011-06-01,18.200000000000827,102.69999999999844,0,0001,0.013669961
2011-06-01,18.200000000000827,102.79999999999843,0,0001,0.014120617
2011-06-01,18.200000000000827,102.89999999999843,0,0001,0.014573836
2011-07-01,18.700000000000834,102.29999999999846,0,0001,0.02175691
2011-07-01,18.700000000000834,102.39999999999846,0,0001,0.022154786
2011-07-01,18.700000000000834,102.49999999999845,0,0001,0.021774776
2011-07-01,18.700000000000834,102.59999999999845,0,0001,0.021353103
2011-07-01,18.700000000000834,102.69999999999844,0,0001,0.02123662
2011-07-01,18.700000000000834,102.79999999999843,0,0001,0.02146142
2011-07-01,18.700000000000834,102.89999999999843,0,0001,0.021714628
2011-07-01,18.600000000000833,102.29999999999846,0,0001,0.020258315
2011-07-01,18.600000000000833,102.39999999999846,0,0001,0.020576626
2011-07-01,18.600000000000833,102.49999999999845,0,0001,0.02079007
2011-07-01,18.600000000000833,102.59999999999845,0,0001,0.020988442
2011-07-01,18.600000000000833,102.69999999999844,0,0001,0.021138027
2011-07-01,18.600000000000833,102.79999999999843,0,0001,0.021289796
2011-07-01,18.600000000000833,102.89999999999843,0,0001,0.021467365
2011-07-01,18.50000000000083,102.29999999999846,0,0001,0.01846765
2011-07-01,18.50000000000083,102.39999999999846,0,0001,0.018810384
2011-07-01,18.50000000000083,102.49999999999845,0,0001,0.019604333
2011-07-01,18.50000000000083,102.59999999999845,0,0001,0.02045703
2011-07-01,18.50000000000083,102.69999999999844,0,0001,0.020854816
2011-07-01,18.50000000000083,102.79999999999843,0,0001,0.020622604
2011-07-01,18.50000000000083,102.89999999999843,0,0001,0.02044209
2011-07-01,18.40000000000083,102.29999999999846,0,0001,0.017097928
2011-07-01,18.40000000000083,102.39999999999846,0,0001,0.017319635
2011-07-01,18.40000000000083,102.49999999999845,0,0001,0.018522918
2011-07-01,18.40000000000083,102.59999999999845,0,0001,0.019748166
2011-07-01,18.40000000000083,102.69999999999844,0,0001,0.020331867
2011-07-01,18.40000000000083,102.79999999999843,0,0001,0.019961104
2011-07-01,18.40000000000083,102.89999999999843,0,0001,0.019590512
2011-07-01,18.30000000000083,102.29999999999846,0,0001,0.0172294
2011-07-01,18.30000000000083,102.39999999999846,0,0001,0.017258137
2011-07-01,18.30000000000083,102.49999999999845,0,0001,0.017778084
2011-07-01,18.30000000000083,102.59999999999845,0,0001,0.018337995
2011-07-01,18.30000000000083,102.69999999999844,0,0001,0.01883109
2011-07-01,18.30000000000083,102.79999999999843,0,0001,0.019061916
2011-07-01,18.30000000000083,102.89999999999843,0,0001,0.019292973
2011-07-01,18.200000000000827,102.29999999999846,0,0001,0.017588027
2011-07-01,18.200000000000827,102.39999999999846,0,0001,0.017500103
2011-07-01,18.200000000000827,102.49999999999845,0,0001,0.017142884
2011-07-01,18.200000000000827,102.59999999999845,0,0001,0.016771607
2011-07-01,18.200000000000827,102.69999999999844,0,0001,0.017196812
2011-07-01,18.200000000000827,102.79999999999843,0,0001,0.01811444
2011-07-01,18.200000000000827,102.89999999999843,0,0001,0.019051366
2011-08-01,18.700000000000834,102.29999999999846,0,0001,0.012797554
2011-08-01,18.700000000000834,102.39999999999846,0,0001,0.013486107
2011-08-01,18.700000000000834,102.49999999999845,0,0001,0.013936435
2011-08-01,18.700000000000834,102.59999999999845,0,0001,0.014370282
2011-08-01,18.700000000000834,102.69999999999844,0,0001,0.014828865
2011-08-01,18.700000000000834,102.79999999999843,0,0001,0.015326654
2011-08-01,18.700000000000834,102.89999999999843,0,0001,0.015828494
2011-08-01,18.600000000000833,102.29999999999846,0,0001,0.011793514
2011-08-01,18.600000000000833,102.39999999999846,0,0001,0.012405624
2011-08-01,18.600000000000833,102.49999999999845,0,0001,0.013199558
2011-08-01,18.600000000000833,102.59999999999845,0,0001,0.014025708
2011-08-01,18.600000000000833,102.69999999999844,0,0001,0.014628415
2011-08-01,18.600000000000833,102.79999999999843,0,0001,0.0150195705
2011-08-01,18.600000000000833,102.89999999999843,0,0001,0.015377645
2011-08-01,18.50000000000083,102.29999999999846,0,0001,0.0105518
2011-08-01,18.50000000000083,102.39999999999846,0,0001,0.011108835
2011-08-01,18.50000000000083,102.49999999999845,0,0001,0.012293805
2011-08-01,18.50000000000083,102.59999999999845,0,0001,0.013571848
2011-08-01,18.50000000000083,102.69999999999844,0,0001,0.0143346535
2011-08-01,18.50000000000083,102.79999999999843,0,0001,0.014404257
2011-08-01,18.50000000000083,102.89999999999843,0,0001,0.014497166
2011-08-01,18.40000000000083,102.29999999999846,0,0001,0.00973009
2011-08-01,18.40000000000083,102.39999999999846,0,0001,0.010085811
2011-08-01,18.40000000000083,102.49999999999845,0,0001,0.011540909
2011-08-01,18.40000000000083,102.59999999999845,0,0001,0.013020744
2011-08-01,18.40000000000083,102.69999999999844,0,0001,0.013868053
2011-08-01,18.40000000000083,102.79999999999843,0,0001,0.013773371
2011-08-01,18.40000000000083,102.89999999999843,0,0001,0.013678481
2011-08-01,18.30000000000083,102.29999999999846,0,0001,0.010422935
2011-08-01,18.30000000000083,102.39999999999846,0,0001,0.010511686
2011-08-01,18.30000000000083,102.49999999999845,0,0001,0.011306991
2011-08-01,18.30000000000083,102.59999999999845,0,0001,0.012140592
2011-08-01,18.30000000000083,102.69999999999844,0,0001,0.01273409
2011-08-01,18.30000000000083,102.79999999999843,0,0001,0.012892653
2011-08-01,18.30000000000083,102.89999999999843,0,0001,0.013051336
2011-08-01,18.200000000000827,102.29999999999846,0,0001,0.011336242
2011-08-01,18.200000000000827,102.39999999999846,0,0001,0.011254598
2011-08-01,18.200000000000827,102.49999999999845,0,0001,0.011210148
2011-08-01,18.200000000000827,102.59999999999845,0,0001,0.011160632
2011-08-01,18.200000000000827,102.69999999999844,0,0001,0.011492317
2011-08-01,18.200000000000827,102.79999999999843,0,0001,0.01196376
2011-08-01,18.200000000000827,102.89999999999843,0,0001,0.012434621
2011-09-01,18.700000000000834,102.29999999999846,0,0001,0.018838236
2011-09-01,18.700000000000834,102.39999999999846,0,0001,0.019779617
2011-09-01,18.700000000000834,102.49999999999845,0,0001,0.020682016
2011-09-01,18.700000000000834,102.59999999999845,0,0001,0.02156278
2011-09-01,18.700000000000834,102.69999999999844,0,0001,0.021716366
2011-09-01,18.700000000000834,102.79999999999843,0,0001,0.021196136
2011-09-01,18.700000000000834,102.89999999999843,0,0001,0.020625899
2011-09-01,18.600000000000833,102.29999999999846,0,0001,0.01815545
2011-09-01,18.600000000000833,102.39999999999846,0,0001,0.019273663
2011-09-01,18.600000000000833,102.49999999999845,0,0001,0.02060155
2011-09-01,18.600000000000833,102.59999999999845,0,0001,0.02196584
2011-09-01,18.600000000000833,102.69999999999844,0,0001,0.02232329
2011-09-01,18.600000000000833,102.79999999999843,0,0001,0.021579156
2011-09-01,18.600000000000833,102.89999999999843,0,0001,0.020860502
2011-09-01,18.50000000000083,102.29999999999846,0,0001,0.017253036
2011-09-01,18.50000000000083,102.39999999999846,0,0001,0.018573606
2011-09-01,18.50000000000083,102.49999999999845,0,0001,0.020369345
2011-09-01,18.50000000000083,102.59999999999845,0,0001,0.022237727
2011-09-01,18.50000000000083,102.69999999999844,0,0001,0.022824833
2011-09-01,18.50000000000083,102.79999999999843,0,0001,0.021728987
2011-09-01,18.50000000000083,102.89999999999843,0,0001,0.02069568
2011-09-01,18.40000000000083,102.29999999999846,0,0001,0.016471649
2011-09-01,18.40000000000083,102.39999999999846,0,0001,0.01782381
2011-09-01,18.40000000000083,102.49999999999845,0,0001,0.01989677
2011-09-01,18.40000000000083,102.59999999999845,0,0001,0.021934563
2011-09-01,18.40000000000083,102.69999999999844,0,0001,0.022667596
2011-09-01,18.40000000000083,102.79999999999843,0,0001,0.021447236
2011-09-01,18.40000000000083,102.89999999999843,0,0001,0.020226711
2011-09-01,18.30000000000083,102.29999999999846,0,0001,0.016153032
2011-09-01,18.30000000000083,102.39999999999846,0,0001,0.017216722
2011-09-01,18.30000000000083,102.49999999999845,0,0001,0.018427724
2011-09-01,18.30000000000083,102.59999999999845,0,0001,0.019685844
2011-09-01,18.30000000000083,102.69999999999844,0,0001,0.020118916
2011-09-01,18.30000000000083,102.79999999999843,0,0001,0.019320542
2011-09-01,18.30000000000083,102.89999999999843,0,0001,0.018522317
2011-09-01,18.200000000000827,102.29999999999846,0,0001,0.015910754
2011-09-01,18.200000000000827,102.39999999999846,0,0001,0.01669068
2011-09-01,18.200000000000827,102.49999999999845,0,0001,0.01687313
2011-09-01,18.200000000000827,102.59999999999845,0,0001,0.017032618
2011-09-01,18.200000000000827,102.69999999999844,0,0001,0.01715518
2011-09-01,18.200000000000827,102.79999999999843,0,0001,0.0168959
2011-09-01,18.200000000000827,102.89999999999843,0,0001,0.016598606
2011-10-01,18.700000000000834,102.29999999999846,0,0001,0.0060604336
2011-10-01,18.700000000000834,102.39999999999846,0,0001,0.0062400596
2011-10-01,18.700000000000834,102.49999999999845,0,0001,0.0063839825
2011-10-01,18.700000000000834,102.59999999999845,0,0001,0.006526132
2011-10-01,18.700000000000834,102.69999999999844,0,0001,0.0063733356
2011-10-01,18.700000000000834,102.79999999999843,0,0001,0.005898443
2011-10-01,18.700000000000834,102.89999999999843,0,0001,0.0053972127
2011-10-01,18.600000000000833,102.29999999999846,0,0001,0.0054995166
2011-10-01,18.600000000000833,102.39999999999846,0,0001,0.0057631033
2011-10-01,18.600000000000833,102.49999999999845,0,0001,0.0060863467
2011-10-01,18.600000000000833,102.59999999999845,0,0001,0.0064208554
2011-10-01,18.600000000000833,102.69999999999844,0,0001,0.0064341696
2011-10-01,18.600000000000833,102.79999999999843,0,0001,0.00608362
2011-10-01,18.600000000000833,102.89999999999843,0,0001,0.0057508023
2011-10-01,18.50000000000083,102.29999999999846,0,0001,0.0047872784
2011-10-01,18.50000000000083,102.39999999999846,0,0001,0.0051173316
2011-10-01,18.50000000000083,102.49999999999845,0,0001,0.0057003023
2011-10-01,18.50000000000083,102.59999999999845,0,0001,0.0063206004
2011-10-01,18.50000000000083,102.69999999999844,0,0001,0.00657962
2011-10-01,18.50000000000083,102.79999999999843,0,0001,0.0063508796
2011-10-01,18.50000000000083,102.89999999999843,0,0001,0.006119852
2011-10-01,18.40000000000083,102.29999999999846,0,0001,0.0042950856
2011-10-01,18.40000000000083,102.39999999999846,0,0001,0.004634631
2011-10-01,18.40000000000083,102.49999999999845,0,0001,0.0054097446
2011-10-01,18.40000000000083,102.59999999999845,0,0001,0.0061912285
2011-10-01,18.40000000000083,102.69999999999844,0,0001,0.0065968754
2011-10-01,18.40000000000083,102.79999999999843,0,0001,0.006440771
2011-10-01,18.40000000000083,102.89999999999843,0,0001,0.0062843235
2011-10-01,18.30000000000083,102.29999999999846,0,0001,0.0045877667
2011-10-01,18.30000000000083,102.39999999999846,0,0001,0.004957226
2011-10-01,18.30000000000083,102.49999999999845,0,0001,0.0054577338
2011-10-01,18.30000000000083,102.59999999999845,0,0001,0.0059751915
2011-10-01,18.30000000000083,102.69999999999844,0,0001,0.006172565
2011-10-01,18.30000000000083,102.79999999999843,0,0001,0.0059311064
2011-10-01,18.30000000000083,102.89999999999843,0,0001,0.0056900876
2011-10-01,18.200000000000827,102.29999999999846,0,0001,0.005017002
2011-10-01,18.200000000000827,102.39999999999846,0,0001,0.005435881
2011-10-01,18.200000000000827,102.49999999999845,0,0001,0.0055824043
2011-10-01,18.200000000000827,102.59999999999845,0,0001,0.005717744
2011-10-01,18.200000000000827,102.69999999999844,0,0001,0.00565992
2011-10-01,18.200000000000827,102.79999999999843,0,0001,0.0053320574
2011-10-01,18.200000000000827,102.89999999999843,0,0001,0.0049826475
2011-11-01,18.700000000000834,102.29999999999846,0,0001,0.00077786244
2011-11-01,18.700000000000834,102.39999999999846,0,0001,0.0007070745
2011-11-01,18.700000000000834,102.49999999999845,0,0001,0.00076921977
2011-11-01,18.700000000000834,102.59999999999845,0,0001,0.00083365984
2011-11-01,18.700000000000834,102.69999999999844,0,0001,0.0008330787
2011-11-01,18.700000000000834,102.79999999999843,0,0001,0.0007680649
2011-11-01,18.700000000000834,102.89999999999843,0,0001,0.0006981487
2011-11-01,18.600000000000833,102.29999999999846,0,0001,0.0007609869
2011-11-01,18.600000000000833,102.39999999999846,0,0001,0.00072225876
2011-11-01,18.600000000000833,102.49999999999845,0,0001,0.0007779891
2011-11-01,18.600000000000833,102.59999999999845,0,0001,0.00084999896
2011-11-01,18.600000000000833,102.69999999999844,0,0001,0.0008590365
2011-11-01,18.600000000000833,102.79999999999843,0,0001,0.0007955203
2011-11-01,18.600000000000833,102.89999999999843,0,0001,0.00073608704
2011-11-01,18.50000000000083,102.29999999999846,0,0001,0.00072430767
2011-11-01,18.50000000000083,102.39999999999846,0,0001,0.0006915847
2011-11-01,18.50000000000083,102.49999999999845,0,0001,0.0007524783
2011-11-01,18.50000000000083,102.59999999999845,0,0001,0.0008294726
2011-11-01,18.50000000000083,102.69999999999844,0,0001,0.0008475328
2011-11-01,18.50000000000083,102.79999999999843,0,0001,0.0007889638
2011-11-01,18.50000000000083,102.89999999999843,0,0001,0.00072991796
2011-11-01,18.40000000000083,102.29999999999846,0,0001,0.00067999907
2011-11-01,18.40000000000083,102.39999999999846,0,0001,0.0006416733
2011-11-01,18.40000000000083,102.49999999999845,0,0001,0.00070860184
2011-11-01,18.40000000000083,102.59999999999845,0,0001,0.0007788459
2011-11-01,18.40000000000083,102.69999999999844,0,0001,0.0008011902
2011-11-01,18.40000000000083,102.79999999999843,0,0001,0.0007509584
2011-11-01,18.40000000000083,102.89999999999843,0,0001,0.00070085324
2011-11-01,18.30000000000083,102.29999999999846,0,0001,0.00060522504
2011-11-01,18.30000000000083,102.39999999999846,0,0001,0.0005582715
2011-11-01,18.30000000000083,102.49999999999845,0,0001,0.0005906815
2011-11-01,18.30000000000083,102.59999999999845,0,0001,0.00062537886
2011-11-01,18.30000000000083,102.69999999999844,0,0001,0.0006322483
2011-11-01,18.30000000000083,102.79999999999843,0,0001,0.0005966047
2011-11-01,18.30000000000083,102.89999999999843,0,0001,0.0005612368
2011-11-01,18.200000000000827,102.29999999999846,0,0001,0.00052756764
2011-11-01,18.200000000000827,102.39999999999846,0,0001,0.0004778723
2011-11-01,18.200000000000827,102.49999999999845,0,0001,0.00046453575
2011-11-01,18.200000000000827,102.59999999999845,0,0001,0.00045198898
2011-11-01,18.200000000000827,102.69999999999844,0,0001,0.00044311534
2011-11-01,18.200000000000827,102.79999999999843,0,0001,0.0004240344
2011-11-01,18.200000000000827,102.89999999999843,0,0001,0.00040424566
2011-12-01,18.700000000000834,102.29999999999846,0,0001,0.00025695513
2011-12-01,18.700000000000834,102.39999999999846,0,0001,0.00028058837
2011-12-01,18.700000000000834,102.49999999999845,0,0001,0.00038526158
2011-12-01,18.700000000000834,102.59999999999845,0,0001,0.00049272133
2011-12-01,18.700000000000834,102.69999999999844,0,0001,0.00052306755
2011-12-01,18.700000000000834,102.79999999999843,0,0001,0.00046481143
2011-12-01,18.700000000000834,102.89999999999843,0,0001,0.00039910476
2011-12-01,18.600000000000833,102.29999999999846,0,0001,0.0001530866
2011-12-01,18.600000000000833,102.39999999999846,0,0001,0.00017248046
2011-12-01,18.600000000000833,102.49999999999845,0,0001,0.000245593
2011-12-01,18.600000000000833,102.59999999999845,0,0001,0.00032789956
2011-12-01,18.600000000000833,102.69999999999844,0,0001,0.00035953472
2011-12-01,18.600000000000833,102.79999999999843,0,0001,0.0003308649
2011-12-01,18.600000000000833,102.89999999999843,0,0001,0.00030418436
2011-12-01,18.50000000000083,102.29999999999846,0,0001,9.691667e-05
2011-12-01,18.50000000000083,102.39999999999846,0,0001,0.00010911327
2011-12-01,18.50000000000083,102.49999999999845,0,0001,0.00015603703
2011-12-01,18.50000000000083,102.59999999999845,0,0001,0.00020974081
2011-12-01,18.50000000000083,102.69999999999844,0,0001,0.00023337406
2011-12-01,18.50000000000083,102.79999999999843,0,0001,0.00022049945
2011-12-01,18.50000000000083,102.89999999999843,0,0001,0.0002076025
2011-12-01,18.40000000000083,102.29999999999846,0,0001,5.2906093e-05
2011-12-01,18.40000000000083,102.39999999999846,0,0001,5.711567e-05
2011-12-01,18.40000000000083,102.49999999999845,0,0001,8.247745e-05
2011-12-01,18.40000000000083,102.59999999999845,0,0001,0.00010804784
2011-12-01,18.40000000000083,102.69999999999844,0,0001,0.00012401443
2011-12-01,18.40000000000083,102.79999999999843,0,0001,0.0001241411
2011-12-01,18.40000000000083,102.89999999999843,0,0001,0.00012425285
2011-12-01,18.30000000000083,102.29999999999846,0,0001,5.5737313e-05
2011-12-01,18.30000000000083,102.39999999999846,0,0001,5.5752214e-05
2011-12-01,18.30000000000083,102.49999999999845,0,0001,6.7553934e-05
2011-12-01,18.30000000000083,102.59999999999845,0,0001,8.003366e-05
2011-12-01,18.30000000000083,102.69999999999844,0,0001,8.788657e-05
2011-12-01,18.30000000000083,102.79999999999843,0,0001,8.857947e-05
2011-12-01,18.30000000000083,102.89999999999843,0,0001,8.9376685e-05
2011-12-01,18.200000000000827,102.29999999999846,0,0001,6.633204e-05
2011-12-01,18.200000000000827,102.39999999999846,0,0001,6.367218e-05
2011-12-01,18.200000000000827,102.49999999999845,0,0001,6.301653e-05
2011-12-01,18.200000000000827,102.59999999999845,0,0001,6.2442836e-05
2011-12-01,18.200000000000827,102.69999999999844,0,0001,6.336671e-05
2011-12-01,18.200000000000827,102.79999999999843,0,0001,6.316554e-05
2011-12-01,18.200000000000827,102.89999999999843,0,0001,6.273341e-05
2012-01-01,18.700000000000834,102.29999999999846,0,0001,0.0006550788
2012-01-01,18.700000000000834,102.39999999999846,0,0001,0.0006323173
2012-01-01,18.700000000000834,102.49999999999845,0,0001,0.0006886362
2012-01-01,18.700000000000834,102.59999999999845,0,0001,0.00074641546
2012-01-01,18.700000000000834,102.69999999999844,0,0001,0.0008655875
2012-01-01,18.700000000000834,102.79999999999843,0,0001,0.001049058
2012-01-01,18.700000000000834,102.89999999999843,0,0001,0.0012381761
2012-01-01,18.600000000000833,102.29999999999846,0,0001,0.0005878522
2012-01-01,18.600000000000833,102.39999999999846,0,0001,0.0005867868
2012-01-01,18.600000000000833,102.49999999999845,0,0001,0.00064792624
2012-01-01,18.600000000000833,102.59999999999845,0,0001,0.00072009256
2012-01-01,18.600000000000833,102.69999999999844,0,0001,0.0008179038
2012-01-01,18.600000000000833,102.79999999999843,0,0001,0.00095281145
2012-01-01,18.600000000000833,102.89999999999843,0,0001,0.0010817139
2012-01-01,18.50000000000083,102.29999999999846,0,0001,0.0005154847
2012-01-01,18.50000000000083,102.39999999999846,0,0001,0.0005295216
2012-01-01,18.50000000000083,102.49999999999845,0,0001,0.0006068661
2012-01-01,18.50000000000083,102.59999999999845,0,0001,0.0006950586
2012-01-01,18.50000000000083,102.69999999999844,0,0001,0.0007643937
2012-01-01,18.50000000000083,102.79999999999843,0,0001,0.00081019243
2012-01-01,18.50000000000083,102.89999999999843,0,0001,0.0008583828
2012-01-01,18.40000000000083,102.29999999999846,0,0001,0.00047602644
2012-01-01,18.40000000000083,102.39999999999846,0,0001,0.0004928573
2012-01-01,18.40000000000083,102.49999999999845,0,0001,0.0005776598
2012-01-01,18.40000000000083,102.59999999999845,0,0001,0.0006639003
2012-01-01,18.40000000000083,102.69999999999844,0,0001,0.00071050366
2012-01-01,18.40000000000083,102.79999999999843,0,0001,0.0006984859
2012-01-01,18.40000000000083,102.89999999999843,0,0001,0.00068655005
2012-01-01,18.30000000000083,102.29999999999846,0,0001,0.00056208065
2012-01-01,18.30000000000083,102.39999999999846,0,0001,0.00056390604
2012-01-01,18.30000000000083,102.49999999999845,0,0001,0.00058799377
2012-01-01,18.30000000000083,102.59999999999845,0,0001,0.00061535975
2012-01-01,18.30000000000083,102.69999999999844,0,0001,0.0006416305
2012-01-01,18.30000000000083,102.79999999999843,0,0001,0.00065458706
2012-01-01,18.30000000000083,102.89999999999843,0,0001,0.0006675138
2012-01-01,18.200000000000827,102.29999999999846,0,0001,0.0006693988
2012-01-01,18.200000000000827,102.39999999999846,0,0001,0.0006567328
2012-01-01,18.200000000000827,102.49999999999845,0,0001,0.00060957065
2012-01-01,18.200000000000827,102.59999999999845,0,0001,0.0005606725
2012-01-01,18.200000000000827,102.69999999999844,0,0001,0.00057093194
2012-01-01,18.200000000000827,102.79999999999843,0,0001,0.00061879447
2012-01-01,18.200000000000827,102.89999999999843,0,0001,0.0006683036
2012-02-01,18.700000000000834,102.29999999999846,0,0001,0.00030040508
2012-02-01,18.700000000000834,102.39999999999846,0,0001,0.00031748926
2012-02-01,18.700000000000834,102.49999999999845,0,0001,0.0003956831
2012-02-01,18.700000000000834,102.59999999999845,0,0001,0.00047555333
2012-02-01,18.700000000000834,102.69999999999844,0,0001,0.0005430854
2012-02-01,18.700000000000834,102.79999999999843,0,0001,0.00059641665
2012-02-01,18.700000000000834,102.89999999999843,0,0001,0.00064847386
2012-02-01,18.600000000000833,102.29999999999846,0,0001,0.0002910099
2012-02-01,18.600000000000833,102.39999999999846,0,0001,0.00030471897
2012-02-01,18.600000000000833,102.49999999999845,0,0001,0.00035376614
2012-02-01,18.600000000000833,102.59999999999845,0,0001,0.00040884083
2012-02-01,18.600000000000833,102.69999999999844,0,0001,0.00046923524
2012-02-01,18.600000000000833,102.79999999999843,0,0001,0.0005327291
2012-02-01,18.600000000000833,102.89999999999843,0,0001,0.0005961112
2012-02-01,18.50000000000083,102.29999999999846,0,0001,0.0002808622
2012-02-01,18.50000000000083,102.39999999999846,0,0001,0.0002800948
2012-02-01,18.50000000000083,102.49999999999845,0,0001,0.00029851263
2012-02-01,18.50000000000083,102.59999999999845,0,0001,0.00032073027
2012-02-01,18.50000000000083,102.69999999999844,0,0001,0.0003666035
2012-02-01,18.50000000000083,102.79999999999843,0,0001,0.00044534868
2012-02-01,18.50000000000083,102.89999999999843,0,0001,0.000521434
2012-02-01,18.40000000000083,102.29999999999846,0,0001,0.0002822033
2012-02-01,18.40000000000083,102.39999999999846,0,0001,0.00027083373
2012-02-01,18.40000000000083,102.49999999999845,0,0001,0.00026508188
2012-02-01,18.40000000000083,102.59999999999845,0,0001,0.00026096916
2012-02-01,18.40000000000083,102.69999999999844,0,0001,0.0002935431
2012-02-01,18.40000000000083,102.79999999999843,0,0001,0.00037996983
2012-02-01,18.40000000000083,102.89999999999843,0,0001,0.00046618795
2012-02-01,18.30000000000083,102.29999999999846,0,0001,0.00032413518
2012-02-01,18.30000000000083,102.39999999999846,0,0001,0.00032052165
2012-02-01,18.30000000000083,102.49999999999845,0,0001,0.00031393534
2012-02-01,18.30000000000083,102.59999999999845,0,0001,0.00030735647
2012-02-01,18.30000000000083,102.69999999999844,0,0001,0.00033432757
2012-02-01,18.30000000000083,102.79999999999843,0,0001,0.00040689623
2012-02-01,18.30000000000083,102.89999999999843,0,0001,0.00047947234
2012-02-01,18.200000000000827,102.29999999999846,0,0001,0.0003733239
2012-02-01,18.200000000000827,102.39999999999846,0,0001,0.0003788001
2012-02-01,18.200000000000827,102.49999999999845,0,0001,0.00037589436
2012-02-01,18.200000000000827,102.59999999999845,0,0001,0.00037280237
2012-02-01,18.200000000000827,102.69999999999844,0,0001,0.00039539998
2012-02-01,18.200000000000827,102.79999999999843,0,0001,0.00044886535
2012-02-01,18.200000000000827,102.89999999999843,0,0001,0.00050449884
2012-03-01,18.700000000000834,102.29999999999846,0,0001,0.0012129955
2012-03-01,18.700000000000834,102.39999999999846,0,0001,0.0011657365
2012-03-01,18.700000000000834,102.49999999999845,0,0001,0.0015235133
2012-03-01,18.700000000000834,102.59999999999845,0,0001,0.0018883161
2012-03-01,18.700000000000834,102.69999999999844,0,0001,0.0021907948
2012-03-01,18.700000000000834,102.79999999999843,0,0001,0.0024445988
2012-03-01,18.700000000000834,102.89999999999843,0,0001,0.0026958995
2012-03-01,18.600000000000833,102.29999999999846,0,0001,0.0012171529
2012-03-01,18.600000000000833,102.39999999999846,0,0001,0.0012265183
2012-03-01,18.600000000000833,102.49999999999845,0,0001,0.0015042908
2012-03-01,18.600000000000833,102.59999999999845,0,0001,0.0018275492
2012-03-01,18.600000000000833,102.69999999999844,0,0001,0.002062615
2012-03-01,18.600000000000833,102.79999999999843,0,0001,0.0022049285
2012-03-01,18.600000000000833,102.89999999999843,0,0001,0.002348628
2012-03-01,18.50000000000083,102.29999999999846,0,0001,0.0012030713
2012-03-01,18.50000000000083,102.39999999999846,0,0001,0.0012102239
2012-03-01,18.50000000000083,102.49999999999845,0,0001,0.0014170893
2012-03-01,18.50000000000083,102.59999999999845,0,0001,0.001660768
2012-03-01,18.50000000000083,102.69999999999844,0,0001,0.0017917715
2012-03-01,18.50000000000083,102.79999999999843,0,0001,0.0017867945
2012-03-01,18.50000000000083,102.89999999999843,0,0001,0.00178973
2012-03-01,18.40000000000083,102.29999999999846,0,0001,0.0011738129
2012-03-01,18.40000000000083,102.39999999999846,0,0001,0.0011617653
2012-03-01,18.40000000000083,102.49999999999845,0,0001,0.0013103671
2012-03-01,18.40000000000083,102.59999999999845,0,0001,0.0014606379
2012-03-01,18.40000000000083,102.69999999999844,0,0001,0.0015112944
2012-03-01,18.40000000000083,102.79999999999843,0,0001,0.0014130212
2012-03-01,18.40000000000083,102.89999999999843,0,0001,0.00131445
2012-03-01,18.30000000000083,102.29999999999846,0,0001,0.0010959394
2012-03-01,18.30000000000083,102.39999999999846,0,0001,0.0010531731
2012-03-01,18.30000000000083,102.49999999999845,0,0001,0.0011190139
2012-03-01,18.30000000000083,102.59999999999845,0,0001,0.0011892729
2012-03-01,18.30000000000083,102.69999999999844,0,0001,0.0012032054
2012-03-01,18.30000000000083,102.79999999999843,0,0001,0.0011301078
2012-03-01,18.30000000000083,102.89999999999843,0,0001,0.0010573976
2012-03-01,18.200000000000827,102.29999999999846,0,0001,0.0010128655
2012-03-01,18.200000000000827,102.39999999999846,0,0001,0.0009465255
2012-03-01,18.200000000000827,102.49999999999845,0,0001,0.00092189386
2012-03-01,18.200000000000827,102.59999999999845,0,0001,0.0008977242
2012-03-01,18.200000000000827,102.69999999999844,0,0001,0.0008859746
2012-03-01,18.200000000000827,102.79999999999843,0,0001,0.00085778907
2012-03-01,18.200000000000827,102.89999999999843,0,0001,0.00082777813
2012-04-01,18.700000000000834,102.29999999999846,0,0001,0.004408483
2012-04-01,18.700000000000834,102.39999999999846,0,0001,0.0037912098
2012-04-01,18.700000000000834,102.49999999999845,0,0001,0.004058477
2012-04-01,18.700000000000834,102.59999999999845,0,0001,0.004344274
2012-04-01,18.700000000000834,102.69999999999844,0,0001,0.004685622
2012-04-01,18.700000000000834,102.79999999999843,0,0001,0.005064164
2012-04-01,18.700000000000834,102.89999999999843,0,0001,0.005445209
2012-04-01,18.600000000000833,102.29999999999846,0,0001,0.004338306
2012-04-01,18.600000000000833,102.39999999999846,0,0001,0.0039558006
2012-04-01,18.600000000000833,102.49999999999845,0,0001,0.0040978906
2012-04-01,18.600000000000833,102.59999999999845,0,0001,0.0043287096
2012-04-01,18.600000000000833,102.69999999999844,0,0001,0.0046763835
2012-04-01,18.600000000000833,102.79999999999843,0,0001,0.0051502404
2012-04-01,18.600000000000833,102.89999999999843,0,0001,0.0056905043
2012-04-01,18.50000000000083,102.29999999999846,0,0001,0.0043396694
2012-04-01,18.50000000000083,102.39999999999846,0,0001,0.004095514
2012-04-01,18.50000000000083,102.49999999999845,0,0001,0.0041733948
2012-04-01,18.50000000000083,102.59999999999845,0,0001,0.004314099
2012-04-01,18.50000000000083,102.69999999999844,0,0001,0.0046235365
2012-04-01,18.50000000000083,102.79999999999843,0,0001,0.005155411
2012-04-01,18.50000000000083,102.89999999999843,0,0001,0.0056830538
2012-04-01,18.40000000000083,102.29999999999846,0,0001,0.004342113
2012-04-01,18.40000000000083,102.39999999999846,0,0001,0.0041991216
2012-04-01,18.40000000000083,102.49999999999845,0,0001,0.0042183963
2012-04-01,18.40000000000083,102.59999999999845,0,0001,0.0042603803
2012-04-01,18.40000000000083,102.69999999999844,0,0001,0.0045196754
2012-04-01,18.40000000000083,102.79999999999843,0,0001,0.0050968346
2012-04-01,18.40000000000083,102.89999999999843,0,0001,0.0056735766
2012-04-01,18.30000000000083,102.29999999999846,0,0001,0.004392382
2012-04-01,18.30000000000083,102.39999999999846,0,0001,0.004264292
2012-04-01,18.30000000000083,102.49999999999845,0,0001,0.0041295406
2012-04-01,18.30000000000083,102.59999999999845,0,0001,0.0040028733
2012-04-01,18.30000000000083,102.69999999999844,0,0001,0.004208271
2012-04-01,18.30000000000083,102.79999999999843,0,0001,0.0048191217
2012-04-01,18.30000000000083,102.89999999999843,0,0001,0.0054300395
2012-04-01,18.200000000000827,102.29999999999846,0,0001,0.0044719023
2012-04-01,18.200000000000827,102.39999999999846,0,0001,0.0043314216
2012-04-01,18.200000000000827,102.49999999999845,0,0001,0.004032899
2012-04-01,18.200000000000827,102.59999999999845,0,0001,0.0037284908
2012-04-01,18.200000000000827,102.69999999999844,0,0001,0.003895138
2012-04-01,18.200000000000827,102.79999999999843,0,0001,0.004509185
2012-04-01,18.200000000000827,102.89999999999843,0,0001,0.0051506353
2012-05-01,18.700000000000834,102.29999999999846,0,0001,0.0139045045
2012-05-01,18.700000000000834,102.39999999999846,0,0001,0.013292581
2012-05-01,18.700000000000834,102.49999999999845,0,0001,0.013399683
2012-05-01,18.700000000000834,102.59999999999845,0,0001,0.0135223195
2012-05-01,18.700000000000834,102.69999999999844,0,0001,0.013493679
2012-05-01,18.700000000000834,102.79999999999843,0,0001,0.013302192
2012-05-01,18.700000000000834,102.89999999999843,0,0001,0.013097189
2012-05-01,18.600000000000833,102.29999999999846,0,0001,0.013749443
2012-05-01,18.600000000000833,102.39999999999846,0,0001,0.013390094
2012-05-01,18.600000000000833,102.49999999999845,0,0001,0.0135878995
2012-05-01,18.600000000000833,102.59999999999845,0,0001,0.013880961
2012-05-01,18.600000000000833,102.69999999999844,0,0001,0.013943985
2012-05-01,18.600000000000833,102.79999999999843,0,0001,0.013757929
2012-05-01,18.600000000000833,102.89999999999843,0,0001,0.013646066
2012-05-01,18.50000000000083,102.29999999999846,0,0001,0.013142854
2012-05-01,18.50000000000083,102.39999999999846,0,0001,0.012978405
2012-05-01,18.50000000000083,102.49999999999845,0,0001,0.013424411
2012-05-01,18.50000000000083,102.59999999999845,0,0001,0.013974249
2012-05-01,18.50000000000083,102.69999999999844,0,0001,0.014199667
2012-05-01,18.50000000000083,102.79999999999843,0,0001,0.013989046
2012-05-01,18.50000000000083,102.89999999999843,0,0001,0.013812244
2012-05-01,18.40000000000083,102.29999999999846,0,0001,0.012687139
2012-05-01,18.40000000000083,102.39999999999846,0,0001,0.012594402
2012-05-01,18.40000000000083,102.49999999999845,0,0001,0.013188988
2012-05-01,18.40000000000083,102.59999999999845,0,0001,0.013807654
2012-05-01,18.40000000000083,102.69999999999844,0,0001,0.01412493
2012-05-01,18.40000000000083,102.79999999999843,0,0001,0.0139813125
2012-05-01,18.40000000000083,102.89999999999843,0,0001,0.013837971
2012-05-01,18.30000000000083,102.29999999999846,0,0001,0.012801066
2012-05-01,18.30000000000083,102.39999999999846,0,0001,0.012633093
2012-05-01,18.30000000000083,102.49999999999845,0,0001,0.012621328
2012-05-01,18.30000000000083,102.59999999999845,0,0001,0.012642808
2012-05-01,18.30000000000083,102.69999999999844,0,0001,0.012805261
2012-05-01,18.30000000000083,102.79999999999843,0,0001,0.013023645
2012-05-01,18.30000000000083,102.89999999999843,0,0001,0.013242111
2012-05-01,18.200000000000827,102.29999999999846,0,0001,0.013030112
2012-05-01,18.200000000000827,102.39999999999846,0,0001,0.012785755
2012-05-01,18.200000000000827,102.49999999999845,0,0001,0.0120516345
2012-05-01,18.200000000000827,102.59999999999845,0,0001,0.011297978
2012-05-01,18.200000000000827,102.69999999999844,0,0001,0.011324458
2012-05-01,18.200000000000827,102.79999999999843,0,0001,0.011916541
2012-05-01,18.200000000000827,102.89999999999843,0,0001,0.012539126
2012-06-01,18.700000000000834,102.29999999999846,0,0001,0.010336755
2012-06-01,18.700000000000834,102.39999999999846,0,0001,0.010428978
2012-06-01,18.700000000000834,102.49999999999845,0,0001,0.010728015
2012-06-01,18.700000000000834,102.59999999999845,0,0001,0.0110137295
2012-06-01,18.700000000000834,102.69999999999844,0,0001,0.011834515
2012-06-01,18.700000000000834,102.79999999999843,0,0001,0.013232095
2012-06-01,18.700000000000834,102.89999999999843,0,0001,0.014677091
2012-06-01,18.600000000000833,102.29999999999846,0,0001,0.009226991
2012-06-01,18.600000000000833,102.39999999999846,0,0001,0.009537606
2012-06-01,18.600000000000833,102.49999999999845,0,0001,0.01024483
2012-06-01,18.600000000000833,102.59999999999845,0,0001,0.011020793
2012-06-01,18.600000000000833,102.69999999999844,0,0001,0.011904223
2012-06-01,18.600000000000833,102.79999999999843,0,0001,0.0129861515
2012-06-01,18.600000000000833,102.89999999999843,0,0001,0.014032764
2012-06-01,18.50000000000083,102.29999999999846,0,0001,0.008229343
2012-06-01,18.50000000000083,102.39999999999846,0,0001,0.008748187
2012-06-01,18.50000000000083,102.49999999999845,0,0001,0.009961886
2012-06-01,18.50000000000083,102.59999999999845,0,0001,0.011285795
2012-06-01,18.50000000000083,102.69999999999844,0,0001,0.0122172665
2012-06-01,18.50000000000083,102.79999999999843,0,0001,0.012611119
2012-06-01,18.50000000000083,102.89999999999843,0,0001,0.01304668
2012-06-01,18.40000000000083,102.29999999999846,0,0001,0.0074084974
2012-06-01,18.40000000000083,102.39999999999846,0,0001,0.007963566
2012-06-01,18.40000000000083,102.49999999999845,0,0001,0.009579746
2012-06-01,18.40000000000083,102.59999999999845,0,0001,0.011224149
2012-06-01,18.40000000000083,102.69999999999844,0,0001,0.012204004
2012-06-01,18.40000000000083,102.79999999999843,0,0001,0.012206418
2012-06-01,18.40000000000083,102.89999999999843,0,0001,0.012208549
2012-06-01,18.30000000000083,102.29999999999846,0,0001,0.007251886
2012-06-01,18.30000000000083,102.39999999999846,0,0001,0.007631255
2012-06-01,18.30000000000083,102.49999999999845,0,0001,0.008773087
2012-06-01,18.30000000000083,102.59999999999845,0,0001,0.009945301
2012-06-01,18.30000000000083,102.69999999999844,0,0001,0.010851903
2012-06-01,18.30000000000083,102.79999999999843,0,0001,0.011283455
2012-06-01,18.30000000000083,102.89999999999843,0,0001,0.011715261
2012-06-01,18.200000000000827,102.29999999999846,0,0001,0.007205961
2012-06-01,18.200000000000827,102.39999999999846,0,0001,0.007460115
2012-06-01,18.200000000000827,102.49999999999845,0,0001,0.0079426
2012-06-01,18.200000000000827,102.59999999999845,0,0001,0.008426933
2012-06-01,18.200000000000827,102.69999999999844,0,0001,0.009279339
2012-06-01,18.200000000000827,102.79999999999843,0,0001,0.010258896
2012-06-01,18.200000000000827,102.89999999999843,0,0001,0.0112371575
2012-07-01,18.700000000000834,102.29999999999846,0,0001,0.016880186
2012-07-01,18.700000000000834,102.39999999999846,0,0001,0.017851869
2012-07-01,18.700000000000834,102.49999999999845,0,0001,0.017653542
2012-07-01,18.700000000000834,102.59999999999845,0,0001,0.017421009
2012-07-01,18.700000000000834,102.69999999999844,0,0001,0.017143207
2012-07-01,18.700000000000834,102.79999999999843,0,0001,0.016805017
2012-07-01,18.700000000000834,102.89999999999843,0,0001,0.016461546
2012-07-01,18.600000000000833,102.29999999999846,0,0001,0.015483956
2012-07-01,18.600000000000833,102.39999999999846,0,0001,0.016383814
2012-07-01,18.600000000000833,102.49999999999845,0,0001,0.016752677
2012-07-01,18.600000000000833,102.59999999999845,0,0001,0.0170334
2012-07-01,18.600000000000833,102.69999999999844,0,0001,0.017006898
2012-07-01,18.600000000000833,102.79999999999843,0,0001,0.016672635
2012-07-01,18.600000000000833,102.89999999999843,0,0001,0.016329588
2012-07-01,18.50000000000083,102.29999999999846,0,0001,0.013880531
2012-07-01,18.50000000000083,102.39999999999846,0,0001,0.014782946
2012-07-01,18.50000000000083,102.49999999999845,0,0001,0.015763575
2012-07-01,18.50000000000083,102.59999999999845,0,0001,0.016736733
2012-07-01,18.50000000000083,102.69999999999844,0,0001,0.017084206
2012-07-01,18.50000000000083,102.79999999999843,0,0001,0.016576434
2012-07-01,18.50000000000083,102.89999999999843,0,0001,0.016077409
2012-07-01,18.40000000000083,102.29999999999846,0,0001,0.012548449
2012-07-01,18.40000000000083,102.39999999999846,0,0001,0.013315129
2012-07-01,18.40000000000083,102.49999999999845,0,0001,0.014713581
2012-07-01,18.40000000000083,102.59999999999845,0,0001,0.016106332
2012-07-01,18.40000000000083,102.69999999999844,0,0001,0.016750196
2012-07-01,18.40000000000083,102.79999999999843,0,0001,0.01627493
2012-07-01,18.40000000000083,102.89999999999843,0,0001,0.015799599
2012-07-01,18.30000000000083,102.29999999999846,0,0001,0.012197885
2012-07-01,18.30000000000083,102.39999999999846,0,0001,0.012587826
2012-07-01,18.30000000000083,102.49999999999845,0,0001,0.013379353
2012-07-01,18.30000000000083,102.59999999999845,0,0001,0.014206114
2012-07-01,18.30000000000083,102.69999999999844,0,0001,0.0148363365
2012-07-01,18.30000000000083,102.79999999999843,0,0001,0.015041846
2012-07-01,18.30000000000083,102.89999999999843,0,0001,0.015247355
2012-07-01,18.200000000000827,102.29999999999846,0,0001,0.011963571
2012-07-01,18.200000000000827,102.39999999999846,0,0001,0.012040119
2012-07-01,18.200000000000827,102.49999999999845,0,0001,0.012049767
2012-07-01,18.200000000000827,102.59999999999845,0,0001,0.012053723
2012-07-01,18.200000000000827,102.69999999999844,0,0001,0.012689645
2012-07-01,18.200000000000827,102.79999999999843,0,0001,0.0136577515
2012-07-01,18.200000000000827,102.89999999999843,0,0001,0.014635126
2012-08-01,18.700000000000834,102.29999999999846,0,0001,0.013652857
2012-08-01,18.700000000000834,102.39999999999846,0,0001,0.014348712
2012-08-01,18.700000000000834,102.49999999999845,0,0001,0.014923092
2012-08-01,18.700000000000834,102.59999999999845,0,0001,0.015475091
2012-08-01,18.700000000000834,102.69999999999844,0,0001,0.016061138
2012-08-01,18.700000000000834,102.79999999999843,0,0001,0.016716387
2012-08-01,18.700000000000834,102.89999999999843,0,0001,0.017377984
2012-08-01,18.600000000000833,102.29999999999846,0,0001,0.012725901
2012-08-01,18.600000000000833,102.39999999999846,0,0001,0.013452914
2012-08-01,18.600000000000833,102.49999999999845,0,0001,0.014442142
2012-08-01,18.600000000000833,102.59999999999845,0,0001,0.015477832
2012-08-01,18.600000000000833,102.69999999999844,0,0001,0.016349088
2012-08-01,18.600000000000833,102.79999999999843,0,0001,0.017057683
2012-08-01,18.600000000000833,102.89999999999843,0,0001,0.017743822
2012-08-01,18.50000000000083,102.29999999999846,0,0001,0.01182973
2012-08-01,18.50000000000083,102.39999999999846,0,0001,0.012600016
2012-08-01,18.50000000000083,102.49999999999845,0,0001,0.014047515
2012-08-01,18.50000000000083,102.59999999999845,0,0001,0.01559731
2012-08-01,18.50000000000083,102.69999999999844,0,0001,0.016784083
2012-08-01,18.50000000000083,102.79999999999843,0,0001,0.017464336
2012-08-01,18.50000000000083,102.89999999999843,0,0001,0.01813319
2012-08-01,18.40000000000083,102.29999999999846,0,0001,0.011279266
2012-08-01,18.40000000000083,102.39999999999846,0,0001,0.011943664
2012-08-01,18.40000000000083,102.49999999999845,0,0001,0.013697591
2012-08-01,18.40000000000083,102.59999999999845,0,0001,0.015490647
2012-08-01,18.40000000000083,102.69999999999844,0,0001,0.016853984
2012-08-01,18.40000000000083,102.79999999999843,0,0001,0.017571371
2012-08-01,18.40000000000083,102.89999999999843,0,0001,0.018288877
2012-08-01,18.30000000000083,102.29999999999846,0,0001,0.011944722
2012-08-01,18.30000000000083,102.39999999999846,0,0001,0.01247194
2012-08-01,18.30000000000083,102.49999999999845,0,0001,0.013446029
2012-08-01,18.30000000000083,102.59999999999845,0,0001,0.014464136
2012-08-01,18.30000000000083,102.69999999999844,0,0001,0.0155236535
2012-08-01,18.30000000000083,102.79999999999843,0,0001,0.01649722
2012-08-01,18.30000000000083,102.89999999999843,0,0001,0.017471235
2012-08-01,18.200000000000827,102.29999999999846,0,0001,0.012808885
2012-08-01,18.200000000000827,102.39999999999846,0,0001,0.013266619
2012-08-01,18.200000000000827,102.49999999999845,0,0001,0.013274472
2012-08-01,18.200000000000827,102.59999999999845,0,0001,0.013262089
2012-08-01,18.200000000000827,102.69999999999844,0,0001,0.014000814
2012-08-01,18.200000000000827,102.79999999999843,0,0001,0.015238117
2012-08-01,18.200000000000827,102.89999999999843,0,0001,0.016496506
2012-09-01,18.700000000000834,102.29999999999846,0,0001,0.007911342
2012-09-01,18.700000000000834,102.39999999999846,0,0001,0.007873896
2012-09-01,18.700000000000834,102.49999999999845,0,0001,0.008663083
2012-09-01,18.700000000000834,102.59999999999845,0,0001,0.009466539
2012-09-01,18.700000000000834,102.69999999999844,0,0001,0.009916174
2012-09-01,18.700000000000834,102.79999999999843,0,0001,0.009994495
2012-09-01,18.700000000000834,102.89999999999843,0,0001,0.010042067
2012-09-01,18.600000000000833,102.29999999999846,0,0001,0.007954623
2012-09-01,18.600000000000833,102.39999999999846,0,0001,0.008213545
2012-09-01,18.600000000000833,102.49999999999845,0,0001,0.00919121
2012-09-01,18.600000000000833,102.59999999999845,0,0001,0.010291713
2012-09-01,18.600000000000833,102.69999999999844,0,0001,0.010750282
2012-09-01,18.600000000000833,102.79999999999843,0,0001,0.010541017
2012-09-01,18.600000000000833,102.89999999999843,0,0001,0.0102711795
2012-09-01,18.50000000000083,102.29999999999846,0,0001,0.008041541
2012-09-01,18.50000000000083,102.39999999999846,0,0001,0.008565675
2012-09-01,18.50000000000083,102.49999999999845,0,0001,0.009920883
2012-09-01,18.50000000000083,102.59999999999845,0,0001,0.011416058
2012-09-01,18.50000000000083,102.69999999999844,0,0001,0.011892538
2012-09-01,18.50000000000083,102.79999999999843,0,0001,0.011037345
2012-09-01,18.50000000000083,102.89999999999843,0,0001,0.0102103455
2012-09-01,18.40000000000083,102.29999999999846,0,0001,0.008074622
2012-09-01,18.40000000000083,102.39999999999846,0,0001,0.0086643575
2012-09-01,18.40000000000083,102.49999999999845,0,0001,0.010292861
2012-09-01,18.40000000000083,102.59999999999845,0,0001,0.011917862
2012-09-01,18.40000000000083,102.69999999999844,0,0001,0.012407179
2012-09-01,18.40000000000083,102.79999999999843,0,0001,0.011206004
2012-09-01,18.40000000000083,102.89999999999843,0,0001,0.010004575
2012-09-01,18.30000000000083,102.29999999999846,0,0001,0.007963943
2012-09-01,18.30000000000083,102.39999999999846,0,0001,0.008236664
2012-09-01,18.30000000000083,102.49999999999845,0,0001,0.009242798
2012-09-01,18.30000000000083,102.59999999999845,0,0001,0.010284956
2012-09-01,18.30000000000083,102.69999999999844,0,0001,0.01057722
2012-09-01,18.30000000000083,102.79999999999843,0,0001,0.009763929
2012-09-01,18.30000000000083,102.89999999999843,0,0001,0.008950795
2012-09-01,18.200000000000827,102.29999999999846,0,0001,0.00783472
2012-09-01,18.200000000000827,102.39999999999846,0,0001,0.007818158
2012-09-01,18.200000000000827,102.49999999999845,0,0001,0.008023421
2012-09-01,18.200000000000827,102.59999999999845,0,0001,0.008229884
2012-09-01,18.200000000000827,102.69999999999844,0,0001,0.008335399
2012-09-01,18.200000000000827,102.79999999999843,0,0001,0.00805195
2012-09-01,18.200000000000827,102.89999999999843,0,0001,0.0077324687
2012-10-01,18.700000000000834,102.29999999999846,0,0001,0.0018261182
2012-10-01,18.700000000000834,102.39999999999846,0,0001,0.0017224657
2012-10-01,18.700000000000834,102.49999999999845,0,0001,0.0019744071
2012-10-01,18.700000000000834,102.59999999999845,0,0001,0.0022392902
2012-10-01,18.700000000000834,102.69999999999844,0,0001,0.0023634615
2012-10-01,18.700000000000834,102.79999999999843,0,0001,0.0023176032
2012-10-01,18.700000000000834,102.89999999999843,0,0001,0.002257164
2012-10-01,18.600000000000833,102.29999999999846,0,0001,0.0019131633
2012-10-01,18.600000000000833,102.39999999999846,0,0001,0.0018729824
2012-10-01,18.600000000000833,102.49999999999845,0,0001,0.0020644176
2012-10-01,18.600000000000833,102.59999999999845,0,0001,0.002295706
2012-10-01,18.600000000000833,102.69999999999844,0,0001,0.002381924
2012-10-01,18.600000000000833,102.79999999999843,0,0001,0.0023102718
2012-10-01,18.600000000000833,102.89999999999843,0,0001,0.0022348273
2012-10-01,18.50000000000083,102.29999999999846,0,0001,0.0020345482
2012-10-01,18.50000000000083,102.39999999999846,0,0001,0.0019972655
2012-10-01,18.50000000000083,102.49999999999845,0,0001,0.00219484
2012-10-01,18.50000000000083,102.59999999999845,0,0001,0.002433132
2012-10-01,18.50000000000083,102.69999999999844,0,0001,0.0024921182
2012-10-01,18.50000000000083,102.79999999999843,0,0001,0.0023206952
2012-10-01,18.50000000000083,102.89999999999843,0,0001,0.002152081
2012-10-01,18.40000000000083,102.29999999999846,0,0001,0.0021610367
2012-10-01,18.40000000000083,102.39999999999846,0,0001,0.0020906883
2012-10-01,18.40000000000083,102.49999999999845,0,0001,0.0022841278
2012-10-01,18.40000000000083,102.59999999999845,0,0001,0.0024812552
2012-10-01,18.40000000000083,102.69999999999844,0,0001,0.002510223
2012-10-01,18.40000000000083,102.79999999999843,0,0001,0.0022853347
2012-10-01,18.40000000000083,102.89999999999843,0,0001,0.0020603272
2012-10-01,18.30000000000083,102.29999999999846,0,0001,0.0023062485
2012-10-01,18.30000000000083,102.39999999999846,0,0001,0.0021689492
2012-10-01,18.30000000000083,102.49999999999845,0,0001,0.002198975
2012-10-01,18.30000000000083,102.59999999999845,0,0001,0.0022381875
2012-10-01,18.30000000000083,102.69999999999844,0,0001,0.0021957043
2012-10-01,18.30000000000083,102.79999999999843,0,0001,0.0020197066
2012-10-01,18.30000000000083,102.89999999999843,0,0001,0.001844089
2012-10-01,18.200000000000827,102.29999999999846,0,0001,0.0024543959
2012-10-01,18.200000000000827,102.39999999999846,0,0001,0.0022651139
2012-10-01,18.200000000000827,102.49999999999845,0,0001,0.002100538
2012-10-01,18.200000000000827,102.59999999999845,0,0001,0.0019352618
2012-10-01,18.200000000000827,102.69999999999844,0,0001,0.0018256861
2012-10-01,18.200000000000827,102.79999999999843,0,0001,0.0017160284
2012-10-01,18.200000000000827,102.89999999999843,0,0001,0.0016038525
2012-11-01,18.700000000000834,102.29999999999846,0,0001,0.0018693688
2012-11-01,18.700000000000834,102.39999999999846,0,0001,0.0016895267
2012-11-01,18.700000000000834,102.49999999999845,0,0001,0.0021366286
2012-11-01,18.700000000000834,102.59999999999845,0,0001,0.002598721
2012-11-01,18.700000000000834,102.69999999999844,0,0001,0.0028134244
2012-11-01,18.700000000000834,102.79999999999843,0,0001,0.0027803066
2012-11-01,18.700000000000834,102.89999999999843,0,0001,0.0027277279
2012-11-01,18.600000000000833,102.29999999999846,0,0001,0.0018746885
2012-11-01,18.600000000000833,102.39999999999846,0,0001,0.0017492059
2012-11-01,18.600000000000833,102.49999999999845,0,0001,0.0019794288
2012-11-01,18.600000000000833,102.59999999999845,0,0001,0.0022694427
2012-11-01,18.600000000000833,102.69999999999844,0,0001,0.0024192813
2012-11-01,18.600000000000833,102.79999999999843,0,0001,0.0023935246
2012-11-01,18.600000000000833,102.89999999999843,0,0001,0.0024023014
2012-11-01,18.50000000000083,102.29999999999846,0,0001,0.0018140408
2012-11-01,18.50000000000083,102.39999999999846,0,0001,0.0016426924
2012-11-01,18.50000000000083,102.49999999999845,0,0001,0.0016556564
2012-11-01,18.50000000000083,102.59999999999845,0,0001,0.0017065215
2012-11-01,18.50000000000083,102.69999999999844,0,0001,0.0017452198
2012-11-01,18.50000000000083,102.79999999999843,0,0001,0.0017861756
2012-11-01,18.50000000000083,102.89999999999843,0,0001,0.0018260363
2012-11-01,18.40000000000083,102.29999999999846,0,0001,0.0017428207
2012-11-01,18.40000000000083,102.39999999999846,0,0001,0.0015334147
2012-11-01,18.40000000000083,102.49999999999845,0,0001,0.0013785618
2012-11-01,18.40000000000083,102.59999999999845,0,0001,0.0012287828
2012-11-01,18.40000000000083,102.69999999999844,0,0001,0.0011776122
2012-11-01,18.40000000000083,102.79999999999843,0,0001,0.0012657153
2012-11-01,18.40000000000083,102.89999999999843,0,0001,0.0013534683
2012-11-01,18.30000000000083,102.29999999999846,0,0001,0.0016478035
2012-11-01,18.30000000000083,102.39999999999846,0,0001,0.0014271322
2012-11-01,18.30000000000083,102.49999999999845,0,0001,0.001274127
2012-11-01,18.30000000000083,102.59999999999845,0,0001,0.0011197957
2012-11-01,18.30000000000083,102.69999999999844,0,0001,0.0010562199
2012-11-01,18.30000000000083,102.79999999999843,0,0001,0.0011162641
2012-11-01,18.30000000000083,102.89999999999843,0,0001,0.0011766138
2012-11-01,18.200000000000827,102.29999999999846,0,0001,0.0015511992
2012-11-01,18.200000000000827,102.39999999999846,0,0001,0.0013230103
2012-11-01,18.200000000000827,102.49999999999845,0,0001,0.0011968198
2012-11-01,18.200000000000827,102.59999999999845,0,0001,0.0010736841
2012-11-01,18.200000000000827,102.69999999999844,0,0001,0.0010116058
2012-11-01,18.200000000000827,102.79999999999843,0,0001,0.0010275426
2012-11-01,18.200000000000827,102.89999999999843,0,0001,0.0010489929
2012-12-01,18.700000000000834,102.29999999999846,0,0001,0.0005723703
2012-12-01,18.700000000000834,102.39999999999846,0,0001,0.00041637747
2012-12-01,18.700000000000834,102.49999999999845,0,0001,0.00058087887
2012-12-01,18.700000000000834,102.59999999999845,0,0001,0.00075326295
2012-12-01,18.700000000000834,102.69999999999844,0,0001,0.0008376333
2012-12-01,18.700000000000834,102.79999999999843,0,0001,0.0008301008
2012-12-01,18.700000000000834,102.89999999999843,0,0001,0.00081528904
2012-12-01,18.600000000000833,102.29999999999846,0,0001,0.0004881191
2012-12-01,18.600000000000833,102.39999999999846,0,0001,0.00040090262
2012-12-01,18.600000000000833,102.49999999999845,0,0001,0.0004912782
2012-12-01,18.600000000000833,102.59999999999845,0,0001,0.0006118435
2012-12-01,18.600000000000833,102.69999999999844,0,0001,0.00066937687
2012-12-01,18.600000000000833,102.79999999999843,0,0001,0.0006530154
2012-12-01,18.600000000000833,102.89999999999843,0,0001,0.000650661
2012-12-01,18.50000000000083,102.29999999999846,0,0001,0.00043593525
2012-12-01,18.50000000000083,102.39999999999846,0,0001,0.0003790575
2012-12-01,18.50000000000083,102.49999999999845,0,0001,0.00041504382
2012-12-01,18.50000000000083,102.59999999999845,0,0001,0.00047031968
2012-12-01,18.50000000000083,102.69999999999844,0,0001,0.00048894616
2012-12-01,18.50000000000083,102.79999999999843,0,0001,0.00046584933
2012-12-01,18.50000000000083,102.89999999999843,0,0001,0.00044780402
2012-12-01,18.40000000000083,102.29999999999846,0,0001,0.00037715017
2012-12-01,18.40000000000083,102.39999999999846,0,0001,0.00034475504
2012-12-01,18.40000000000083,102.49999999999845,0,0001,0.0003417003
2012-12-01,18.40000000000083,102.59999999999845,0,0001,0.00033953963
2012-12-01,18.40000000000083,102.69999999999844,0,0001,0.00032919078
2012-12-01,18.40000000000083,102.79999999999843,0,0001,0.00030505835
2012-12-01,18.40000000000083,102.89999999999843,0,0001,0.00028100042
2012-12-01,18.30000000000083,102.29999999999846,0,0001,0.00031136154
2012-12-01,18.30000000000083,102.39999999999846,0,0001,0.0002813208
2012-12-01,18.30000000000083,102.49999999999845,0,0001,0.0002774465
2012-12-01,18.30000000000083,102.59999999999845,0,0001,0.00027354984
2012-12-01,18.30000000000083,102.69999999999844,0,0001,0.00026267944
2012-12-01,18.30000000000083,102.79999999999843,0,0001,0.00024260013
2012-12-01,18.30000000000083,102.89999999999843,0,0001,0.00022272198
2012-12-01,18.200000000000827,102.29999999999846,0,0001,0.0002492982
2012-12-01,18.200000000000827,102.39999999999846,0,0001,0.00021480946
2012-12-01,18.200000000000827,102.49999999999845,0,0001,0.00021506278
2012-12-01,18.200000000000827,102.59999999999845,0,0001,0.0002165082
2012-12-01,18.200000000000827,102.69999999999844,0,0001,0.00020989953
2012-12-01,18.200000000000827,102.79999999999843,0,0001,0.00019549756
2012-12-01,18.200000000000827,102.89999999999843,0,0001,0.0001805964
2013-01-01,18.700000000000834,102.29999999999846,0,0001,0.0004158707
2013-01-01,18.700000000000834,102.39999999999846,0,0001,0.000368485
2013-01-01,18.700000000000834,102.49999999999845,0,0001,0.0004392357
2013-01-01,18.700000000000834,102.59999999999845,0,0001,0.00051331683
2013-01-01,18.700000000000834,102.69999999999844,0,0001,0.00056858524
2013-01-01,18.700000000000834,102.79999999999843,0,0001,0.0006025301
2013-01-01,18.700000000000834,102.89999999999843,0,0001,0.0006349848
2013-01-01,18.600000000000833,102.29999999999846,0,0001,0.00038257404
2013-01-01,18.600000000000833,102.39999999999846,0,0001,0.0003550367
2013-01-01,18.600000000000833,102.49999999999845,0,0001,0.00038936897
2013-01-01,18.600000000000833,102.59999999999845,0,0001,0.00043443753
2013-01-01,18.600000000000833,102.69999999999844,0,0001,0.00047353818
2013-01-01,18.600000000000833,102.79999999999843,0,0001,0.00050503924
2013-01-01,18.600000000000833,102.89999999999843,0,0001,0.0005390139
2013-01-01,18.50000000000083,102.29999999999846,0,0001,0.0003642307
2013-01-01,18.50000000000083,102.39999999999846,0,0001,0.00034445687
2013-01-01,18.50000000000083,102.49999999999845,0,0001,0.00034700497
2013-01-01,18.50000000000083,102.59999999999845,0,0001,0.0003550814
2013-01-01,18.50000000000083,102.69999999999844,0,0001,0.00036986335
2013-01-01,18.50000000000083,102.79999999999843,0,0001,0.0003968121
2013-01-01,18.50000000000083,102.89999999999843,0,0001,0.0004243718
2013-01-01,18.40000000000083,102.29999999999846,0,0001,0.00035424693
2013-01-01,18.40000000000083,102.39999999999846,0,0001,0.00034275814
2013-01-01,18.40000000000083,102.49999999999845,0,0001,0.0003164427
2013-01-01,18.40000000000083,102.59999999999845,0,0001,0.00029023155
2013-01-01,18.40000000000083,102.69999999999844,0,0001,0.0002845691
2013-01-01,18.40000000000083,102.79999999999843,0,0001,0.000309007
2013-01-01,18.40000000000083,102.89999999999843,0,0001,0.00033321395
2013-01-01,18.30000000000083,102.29999999999846,0,0001,0.00038179918
2013-01-01,18.30000000000083,102.39999999999846,0,0001,0.0003741847
2013-01-01,18.30000000000083,102.49999999999845,0,0001,0.00032870634
2013-01-01,18.30000000000083,102.59999999999845,0,0001,0.0002837868
2013-01-01,18.30000000000083,102.69999999999844,0,0001,0.0002704279
2013-01-01,18.30000000000083,102.79999999999843,0,0001,0.000295365
2013-01-01,18.30000000000083,102.89999999999843,0,0001,0.00032075658
2013-01-01,18.200000000000827,102.29999999999846,0,0001,0.0004178451
2013-01-01,18.200000000000827,102.39999999999846,0,0001,0.00040836795
2013-01-01,18.200000000000827,102.49999999999845,0,0001,0.00034878566
2013-01-01,18.200000000000827,102.59999999999845,0,0001,0.00028753444
2013-01-01,18.200000000000827,102.69999999999844,0,0001,0.000269735
2013-01-01,18.200000000000827,102.79999999999843,0,0001,0.00029366626
2013-01-01,18.200000000000827,102.89999999999843,0,0001,0.000320317
2013-02-01,18.700000000000834,102.29999999999846,0,0001,0.00013280554
2013-02-01,18.700000000000834,102.39999999999846,0,0001,9.935988e-05
2013-02-01,18.700000000000834,102.49999999999845,0,0001,0.00020501656
2013-02-01,18.700000000000834,102.59999999999845,0,0001,0.00031494987
2013-02-01,18.700000000000834,102.69999999999844,0,0001,0.00044480604
2013-02-01,18.700000000000834,102.79999999999843,0,0001,0.00059053197
2013-02-01,18.700000000000834,102.89999999999843,0,0001,0.0007374574
2013-02-01,18.600000000000833,102.29999999999846,0,0001,0.00011460377
2013-02-01,18.600000000000833,102.39999999999846,0,0001,0.00010369612
2013-02-01,18.600000000000833,102.49999999999845,0,0001,0.0001625408
2013-02-01,18.600000000000833,102.59999999999845,0,0001,0.00023312015
2013-02-01,18.600000000000833,102.69999999999844,0,0001,0.0003261332
2013-02-01,18.600000000000833,102.79999999999843,0,0001,0.00044552874
2013-02-01,18.600000000000833,102.89999999999843,0,0001,0.0005643581
2013-02-01,18.50000000000083,102.29999999999846,0,0001,0.00010361416
2013-02-01,18.50000000000083,102.39999999999846,0,0001,8.739425e-05
2013-02-01,18.50000000000083,102.49999999999845,0,0001,0.000109053086
2013-02-01,18.50000000000083,102.59999999999845,0,0001,0.00013862444
2013-02-01,18.50000000000083,102.69999999999844,0,0001,0.00018594308
2013-02-01,18.50000000000083,102.79999999999843,0,0001,0.00026024025
2013-02-01,18.50000000000083,102.89999999999843,0,0001,0.0003344555
2013-02-01,18.40000000000083,102.29999999999846,0,0001,9.336216e-05
2013-02-01,18.40000000000083,102.39999999999846,0,0001,7.211311e-05
2013-02-01,18.40000000000083,102.49999999999845,0,0001,6.548954e-05
2013-02-01,18.40000000000083,102.59999999999845,0,0001,5.998356e-05
2013-02-01,18.40000000000083,102.69999999999844,0,0001,7.317854e-05
2013-02-01,18.40000000000083,102.79999999999843,0,0001,0.000114432405
2013-02-01,18.40000000000083,102.89999999999843,0,0001,0.00015555961
2013-02-01,18.30000000000083,102.29999999999846,0,0001,8.99647e-05
2013-02-01,18.30000000000083,102.39999999999846,0,0001,6.603343e-05
2013-02-01,18.30000000000083,102.49999999999845,0,0001,5.7539768e-05
2013-02-01,18.30000000000083,102.59999999999845,0,0001,4.896415e-05
2013-02-01,18.30000000000083,102.69999999999844,0,0001,5.9439666e-05
2013-02-01,18.30000000000083,102.79999999999843,0,0001,9.4800125e-05
2013-02-01,18.30000000000083,102.89999999999843,0,0001,0.00013022019
2013-02-01,18.200000000000827,102.29999999999846,0,0001,8.836282e-05
2013-02-01,18.200000000000827,102.39999999999846,0,0001,6.213678e-05
2013-02-01,18.200000000000827,102.49999999999845,0,0001,5.5565364e-05
2013-02-01,18.200000000000827,102.59999999999845,0,0001,4.9537844e-05
2013-02-01,18.200000000000827,102.69999999999844,0,0001,6.1704646e-05
2013-02-01,18.200000000000827,102.79999999999843,0,0001,9.3764495e-05
2013-02-01,18.200000000000827,102.89999999999843,0,0001,0.0001271878
2013-03-01,18.700000000000834,102.29999999999846,0,0001,0.0006904095
2013-03-01,18.700000000000834,102.39999999999846,0,0001,0.0006739959
2013-03-01,18.700000000000834,102.49999999999845,0,0001,0.00095059123
2013-03-01,18.700000000000834,102.59999999999845,0,0001,0.0012342944
2013-03-01,18.700000000000834,102.69999999999844,0,0001,0.0013624444
2013-03-01,18.700000000000834,102.79999999999843,0,0001,0.0013202294
2013-03-01,18.700000000000834,102.89999999999843,0,0001,0.0012639328
2013-03-01,18.600000000000833,102.29999999999846,0,0001,0.00052614656
2013-03-01,18.600000000000833,102.39999999999846,0,0001,0.0005478799
2013-03-01,18.600000000000833,102.49999999999845,0,0001,0.00074532774
2013-03-01,18.600000000000833,102.59999999999845,0,0001,0.000972861
2013-03-01,18.600000000000833,102.69999999999844,0,0001,0.0011033579
2013-03-01,18.600000000000833,102.79999999999843,0,0001,0.0011162474
2013-03-01,18.600000000000833,102.89999999999843,0,0001,0.001150833
2013-03-01,18.50000000000083,102.29999999999846,0,0001,0.0004522368
2013-03-01,18.50000000000083,102.39999999999846,0,0001,0.00046666857
2013-03-01,18.50000000000083,102.49999999999845,0,0001,0.0005959436
2013-03-01,18.50000000000083,102.59999999999845,0,0001,0.0007468849
2013-03-01,18.50000000000083,102.69999999999844,0,0001,0.0008584052
2013-03-01,18.50000000000083,102.79999999999843,0,0001,0.0009235307
2013-03-01,18.50000000000083,102.89999999999843,0,0001,0.0009893565
2013-03-01,18.40000000000083,102.29999999999846,0,0001,0.0003950983
2013-03-01,18.40000000000083,102.39999999999846,0,0001,0.00039883103
2013-03-01,18.40000000000083,102.49999999999845,0,0001,0.00047383603
2013-03-01,18.40000000000083,102.59999999999845,0,0001,0.0005524471
2013-03-01,18.40000000000083,102.69999999999844,0,0001,0.00064148154
2013-03-01,18.40000000000083,102.79999999999843,0,0001,0.0007419601
2013-03-01,18.40000000000083,102.89999999999843,0,0001,0.0008424982
2013-03-01,18.30000000000083,102.29999999999846,0,0001,0.00040534284
2013-03-01,18.30000000000083,102.39999999999846,0,0001,0.00040926185
2013-03-01,18.30000000000083,102.49999999999845,0,0001,0.00045177486
2013-03-01,18.30000000000083,102.59999999999845,0,0001,0.0004958674
2013-03-01,18.30000000000083,102.69999999999844,0,0001,0.0005551442
2013-03-01,18.30000000000083,102.79999999999843,0,0001,0.0006339937
2013-03-01,18.30000000000083,102.89999999999843,0,0001,0.00071299967
2013-03-01,18.200000000000827,102.29999999999846,0,0001,0.00042955723
2013-03-01,18.200000000000827,102.39999999999846,0,0001,0.00043556985
2013-03-01,18.200000000000827,102.49999999999845,0,0001,0.0004483476
2013-03-01,18.200000000000827,102.59999999999845,0,0001,0.00046085712
2013-03-01,18.200000000000827,102.69999999999844,0,0001,0.00049162057
2013-03-01,18.200000000000827,102.79999999999843,0,0001,0.0005394682
2013-03-01,18.200000000000827,102.89999999999843,0,0001,0.00058850046
2013-04-01,18.700000000000834,102.29999999999846,0,0001,0.0039544352
2013-04-01,18.700000000000834,102.39999999999846,0,0001,0.0031782484
2013-04-01,18.700000000000834,102.49999999999845,0,0001,0.0032564497
2013-04-01,18.700000000000834,102.59999999999845,0,0001,0.0033552295
2013-04-01,18.700000000000834,102.69999999999844,0,0001,0.0035750961
2013-04-01,18.700000000000834,102.79999999999843,0,0001,0.0039024747
2013-04-01,18.700000000000834,102.89999999999843,0,0001,0.0042376467
2013-04-01,18.600000000000833,102.29999999999846,0,0001,0.003907705
2013-04-01,18.600000000000833,102.39999999999846,0,0001,0.003280679
2013-04-01,18.600000000000833,102.49999999999845,0,0001,0.0031476414
2013-04-01,18.600000000000833,102.59999999999845,0,0001,0.003097961
2013-04-01,18.600000000000833,102.69999999999844,0,0001,0.00324359
2013-04-01,18.600000000000833,102.79999999999843,0,0001,0.0036041534
2013-04-01,18.600000000000833,102.89999999999843,0,0001,0.004027585
2013-04-01,18.50000000000083,102.29999999999846,0,0001,0.0038280583
2013-04-01,18.50000000000083,102.39999999999846,0,0001,0.0032406396
2013-04-01,18.50000000000083,102.49999999999845,0,0001,0.0029297417
2013-04-01,18.50000000000083,102.59999999999845,0,0001,0.002673874
2013-04-01,18.50000000000083,102.69999999999844,0,0001,0.002678985
2013-04-01,18.50000000000083,102.79999999999843,0,0001,0.0030347353
2013-04-01,18.50000000000083,102.89999999999843,0,0001,0.0034094101
2013-04-01,18.40000000000083,102.29999999999846,0,0001,0.0037220216
2013-04-01,18.40000000000083,102.39999999999846,0,0001,0.0031703955
2013-04-01,18.40000000000083,102.49999999999845,0,0001,0.0027230775
2013-04-01,18.40000000000083,102.59999999999845,0,0001,0.0022980368
2013-04-01,18.40000000000083,102.69999999999844,0,0001,0.0021844006
2013-04-01,18.40000000000083,102.79999999999843,0,0001,0.0025300926
2013-04-01,18.40000000000083,102.89999999999843,0,0001,0.0028755611
2013-04-01,18.30000000000083,102.29999999999846,0,0001,0.0035382158
2013-04-01,18.30000000000083,102.39999999999846,0,0001,0.0030401147
2013-04-01,18.30000000000083,102.49999999999845,0,0001,0.002551297
2013-04-01,18.30000000000083,102.59999999999845,0,0001,0.0020637906
2013-04-01,18.30000000000083,102.69999999999844,0,0001,0.001935447
2013-04-01,18.30000000000083,102.79999999999843,0,0001,0.0022672361
2013-04-01,18.30000000000083,102.89999999999843,0,0001,0.00259907
2013-04-01,18.200000000000827,102.29999999999846,0,0001,0.0033602512
2013-04-01,18.200000000000827,102.39999999999846,0,0001,0.0029024875
2013-04-01,18.200000000000827,102.49999999999845,0,0001,0.002389068
2013-04-01,18.200000000000827,102.59999999999845,0,0001,0.0018735625
2013-04-01,18.200000000000827,102.69999999999844,0,0001,0.0017526395
2013-04-01,18.200000000000827,102.79999999999843,0,0001,0.0020420796
2013-04-01,18.200000000000827,102.89999999999843,0,0001,0.0023596084
2013-05-01,18.700000000000834,102.29999999999846,0,0001,0.011474701
2013-05-01,18.700000000000834,102.39999999999846,0,0001,0.010397004
2013-05-01,18.700000000000834,102.49999999999845,0,0001,0.00998334
2013-05-01,18.700000000000834,102.59999999999845,0,0001,0.009575332
2013-05-01,18.700000000000834,102.69999999999844,0,0001,0.009165632
2013-05-01,18.700000000000834,102.79999999999843,0,0001,0.00878221
2013-05-01,18.700000000000834,102.89999999999843,0,0001,0.008402878
2013-05-01,18.600000000000833,102.29999999999846,0,0001,0.011028791
2013-05-01,18.600000000000833,102.39999999999846,0,0001,0.010297986
2013-05-01,18.600000000000833,102.49999999999845,0,0001,0.010017404
2013-05-01,18.600000000000833,102.59999999999845,0,0001,0.009813139
2013-05-01,18.600000000000833,102.69999999999844,0,0001,0.009502845
2013-05-01,18.600000000000833,102.79999999999843,0,0001,0.009083206
2013-05-01,18.600000000000833,102.89999999999843,0,0001,0.008758733
2013-05-01,18.50000000000083,102.29999999999846,0,0001,0.010297986
2013-05-01,18.50000000000083,102.39999999999846,0,0001,0.009840066
2013-05-01,18.50000000000083,102.49999999999845,0,0001,0.009788865
2013-05-01,18.50000000000083,102.59999999999845,0,0001,0.009809615
2013-05-01,18.50000000000083,102.69999999999844,0,0001,0.009630935
2013-05-01,18.50000000000083,102.79999999999843,0,0001,0.009178953
2013-05-01,18.50000000000083,102.89999999999843,0,0001,0.008775035
2013-05-01,18.40000000000083,102.29999999999846,0,0001,0.009675959
2013-05-01,18.40000000000083,102.39999999999846,0,0001,0.009397434
2013-05-01,18.40000000000083,102.49999999999845,0,0001,0.009514647
2013-05-01,18.40000000000083,102.59999999999845,0,0001,0.009648437
2013-05-01,18.40000000000083,102.69999999999844,0,0001,0.009573439
2013-05-01,18.40000000000083,102.79999999999843,0,0001,0.009181345
2013-05-01,18.40000000000083,102.89999999999843,0,0001,0.008789303
2013-05-01,18.30000000000083,102.29999999999846,0,0001,0.0095065925
2013-05-01,18.30000000000083,102.39999999999846,0,0001,0.009225974
2013-05-01,18.30000000000083,102.49999999999845,0,0001,0.009039344
2013-05-01,18.30000000000083,102.59999999999845,0,0001,0.008870171
2013-05-01,18.30000000000083,102.69999999999844,0,0001,0.008802639
2013-05-01,18.30000000000083,102.79999999999843,0,0001,0.008777613
2013-05-01,18.30000000000083,102.89999999999843,0,0001,0.008752437
2013-05-01,18.200000000000827,102.29999999999846,0,0001,0.009437809
2013-05-01,18.200000000000827,102.39999999999846,0,0001,0.009125644
2013-05-01,18.200000000000827,102.49999999999845,0,0001,0.00855794
2013-05-01,18.200000000000827,102.59999999999845,0,0001,0.007980222
2013-05-01,18.200000000000827,102.69999999999844,0,0001,0.00794463
2013-05-01,18.200000000000827,102.79999999999843,0,0001,0.008309202
2013-05-01,18.200000000000827,102.89999999999843,0,0001,0.008694986
2013-06-01,18.700000000000834,102.29999999999846,0,0001,0.011971681
2013-06-01,18.700000000000834,102.39999999999846,0,0001,0.011874869
2013-06-01,18.700000000000834,102.49999999999845,0,0001,0.011418133
2013-06-01,18.700000000000834,102.59999999999845,0,0001,0.010944798
2013-06-01,18.700000000000834,102.69999999999844,0,0001,0.010844856
2013-06-01,18.700000000000834,102.79999999999843,0,0001,0.0111350855
2013-06-01,18.700000000000834,102.89999999999843,0,0001,0.011456474
2013-06-01,18.600000000000833,102.29999999999846,0,0001,0.010996743
2013-06-01,18.600000000000833,102.39999999999846,0,0001,0.011114909
2013-06-01,18.600000000000833,102.49999999999845,0,0001,0.011116399
2013-06-01,18.600000000000833,102.59999999999845,0,0001,0.011099442
2013-06-01,18.600000000000833,102.69999999999844,0,0001,0.011056914
2013-06-01,18.600000000000833,102.79999999999843,0,0001,0.011056303
2013-06-01,18.600000000000833,102.89999999999843,0,0001,0.011071592
2013-06-01,18.50000000000083,102.29999999999846,0,0001,0.009905412
2013-06-01,18.50000000000083,102.39999999999846,0,0001,0.010281785
2013-06-01,18.50000000000083,102.49999999999845,0,0001,0.010851785
2013-06-01,18.50000000000083,102.59999999999845,0,0001,0.011444478
2013-06-01,18.50000000000083,102.69999999999844,0,0001,0.011536448
2013-06-01,18.50000000000083,102.79999999999843,0,0001,0.010944351
2013-06-01,18.50000000000083,102.89999999999843,0,0001,0.0104153
2013-06-01,18.40000000000083,102.29999999999846,0,0001,0.008913784
2013-06-01,18.40000000000083,102.39999999999846,0,0001,0.00942257
2013-06-01,18.40000000000083,102.49999999999845,0,0001,0.010416388
2013-06-01,18.40000000000083,102.59999999999845,0,0001,0.011402934
2013-06-01,18.40000000000083,102.69999999999844,0,0001,0.011647551
2013-06-01,18.40000000000083,102.79999999999843,0,0001,0.0107944
2013-06-01,18.40000000000083,102.89999999999843,0,0001,0.009941219
2013-06-01,18.30000000000083,102.29999999999846,0,0001,0.008306666
2013-06-01,18.30000000000083,102.39999999999846,0,0001,0.008697583
2013-06-01,18.30000000000083,102.49999999999845,0,0001,0.009299665
2013-06-01,18.30000000000083,102.59999999999845,0,0001,0.009926646
2013-06-01,18.30000000000083,102.69999999999844,0,0001,0.010278164
2013-06-01,18.30000000000083,102.79999999999843,0,0001,0.010123371
2013-06-01,18.30000000000083,102.89999999999843,0,0001,0.009968861
2013-06-01,18.200000000000827,102.29999999999846,0,0001,0.007767676
2013-06-01,18.200000000000827,102.39999999999846,0,0001,0.008037626
2013-06-01,18.200000000000827,102.49999999999845,0,0001,0.00810942
2013-06-01,18.200000000000827,102.59999999999845,0,0001,0.008172243
2013-06-01,18.200000000000827,102.69999999999844,0,0001,0.00867392
2013-06-01,18.200000000000827,102.79999999999843,0,0001,0.009353577
2013-06-01,18.200000000000827,102.89999999999843,0,0001,0.010034456
2013-07-01,18.700000000000834,102.29999999999846,0,0001,0.01901247
2013-07-01,18.700000000000834,102.39999999999846,0,0001,0.019270722
2013-07-01,18.700000000000834,102.49999999999845,0,0001,0.018568683
2013-07-01,18.700000000000834,102.59999999999845,0,0001,0.017818231
2013-07-01,18.700000000000834,102.69999999999844,0,0001,0.017425407
2013-07-01,18.700000000000834,102.79999999999843,0,0001,0.01746476
2013-07-01,18.700000000000834,102.89999999999843,0,0001,0.01754171
2013-07-01,18.600000000000833,102.29999999999846,0,0001,0.01822171
2013-07-01,18.600000000000833,102.39999999999846,0,0001,0.018623937
2013-07-01,18.600000000000833,102.49999999999845,0,0001,0.018604416
2013-07-01,18.600000000000833,102.59999999999845,0,0001,0.018514637
2013-07-01,18.600000000000833,102.69999999999844,0,0001,0.018343825
2013-07-01,18.600000000000833,102.79999999999843,0,0001,0.018148307
2013-07-01,18.600000000000833,102.89999999999843,0,0001,0.01798496
2013-07-01,18.50000000000083,102.29999999999846,0,0001,0.017379005
2013-07-01,18.50000000000083,102.39999999999846,0,0001,0.017980296
2013-07-01,18.50000000000083,102.49999999999845,0,0001,0.018619467
2013-07-01,18.50000000000083,102.59999999999845,0,0001,0.019249234
2013-07-01,18.50000000000083,102.69999999999844,0,0001,0.019329239
2013-07-01,18.50000000000083,102.79999999999843,0,0001,0.018653471
2013-07-01,18.50000000000083,102.89999999999843,0,0001,0.018041912
2013-07-01,18.40000000000083,102.29999999999846,0,0001,0.016759027
2013-07-01,18.40000000000083,102.39999999999846,0,0001,0.017434169
2013-07-01,18.40000000000083,102.49999999999845,0,0001,0.018498529
2013-07-01,18.40000000000083,102.59999999999845,0,0001,0.019546483
2013-07-01,18.40000000000083,102.69999999999844,0,0001,0.019836191
2013-07-01,18.40000000000083,102.79999999999843,0,0001,0.018997405
2013-07-01,18.40000000000083,102.89999999999843,0,0001,0.018158514
2013-07-01,18.30000000000083,102.29999999999846,0,0001,0.016941387
2013-07-01,18.30000000000083,102.39999999999846,0,0001,0.017465446
2013-07-01,18.30000000000083,102.49999999999845,0,0001,0.017798547
2013-07-01,18.30000000000083,102.59999999999845,0,0001,0.018172909
2013-07-01,18.30000000000083,102.69999999999844,0,0001,0.018450368
2013-07-01,18.30000000000083,102.79999999999843,0,0001,0.018400285
2013-07-01,18.30000000000083,102.89999999999843,0,0001,0.018350605
2013-07-01,18.200000000000827,102.29999999999846,0,0001,0.017255832
2013-07-01,18.200000000000827,102.39999999999846,0,0001,0.017616782
2013-07-01,18.200000000000827,102.49999999999845,0,0001,0.017066035
2013-07-01,18.200000000000827,102.59999999999845,0,0001,0.016482864
2013-07-01,18.200000000000827,102.69999999999844,0,0001,0.01679017
2013-07-01,18.200000000000827,102.79999999999843,0,0001,0.01764192
2013-07-01,18.200000000000827,102.89999999999843,0,0001,0.01851656
2013-08-01,18.700000000000834,102.29999999999846,0,0001,0.0134358425
2013-08-01,18.700000000000834,102.39999999999846,0,0001,0.013394939
2013-08-01,18.700000000000834,102.49999999999845,0,0001,0.013636189
2013-08-01,18.700000000000834,102.59999999999845,0,0001,0.013873132
2013-08-01,18.700000000000834,102.69999999999844,0,0001,0.014212238
2013-08-01,18.700000000000834,102.79999999999843,0,0001,0.014669405
2013-08-01,18.700000000000834,102.89999999999843,0,0001,0.01513646
2013-08-01,18.600000000000833,102.29999999999846,0,0001,0.012530448
2013-08-01,18.600000000000833,102.39999999999846,0,0001,0.012747945
2013-08-01,18.600000000000833,102.49999999999845,0,0001,0.013385238
2013-08-01,18.600000000000833,102.59999999999845,0,0001,0.014094437
2013-08-01,18.600000000000833,102.69999999999844,0,0001,0.014593931
2013-08-01,18.600000000000833,102.79999999999843,0,0001,0.014907265
2013-08-01,18.600000000000833,102.89999999999843,0,0001,0.0152489785
2013-08-01,18.50000000000083,102.29999999999846,0,0001,0.01165113
2013-08-01,18.50000000000083,102.39999999999846,0,0001,0.012216719
2013-08-01,18.50000000000083,102.49999999999845,0,0001,0.013406413
2013-08-01,18.50000000000083,102.59999999999845,0,0001,0.014697017
2013-08-01,18.50000000000083,102.69999999999844,0,0001,0.015414434
2013-08-01,18.50000000000083,102.79999999999843,0,0001,0.015354188
2013-08-01,18.50000000000083,102.89999999999843,0,0001,0.015344473
2013-08-01,18.40000000000083,102.29999999999846,0,0001,0.010932827
2013-08-01,18.40000000000083,102.39999999999846,0,0001,0.011669682
2013-08-01,18.40000000000083,102.49999999999845,0,0001,0.013271639
2013-08-01,18.40000000000083,102.59999999999845,0,0001,0.01489001
2013-08-01,18.40000000000083,102.69999999999844,0,0001,0.015776942
2013-08-01,18.40000000000083,102.79999999999843,0,0001,0.015574718
2013-08-01,18.40000000000083,102.89999999999843,0,0001,0.015372643
2013-08-01,18.30000000000083,102.29999999999846,0,0001,0.010851109
2013-08-01,18.30000000000083,102.39999999999846,0,0001,0.011460969
2013-08-01,18.30000000000083,102.49999999999845,0,0001,0.012492301
2013-08-01,18.30000000000083,102.59999999999845,0,0001,0.0135578085
2013-08-01,18.30000000000083,102.69999999999844,0,0001,0.014365854
2013-08-01,18.30000000000083,102.79999999999843,0,0001,0.014691429
2013-08-01,18.30000000000083,102.89999999999843,0,0001,0.015016826
2013-08-01,18.200000000000827,102.29999999999846,0,0001,0.010893138
2013-08-01,18.200000000000827,102.39999999999846,0,0001,0.011376703
2013-08-01,18.200000000000827,102.49999999999845,0,0001,0.011660399
2013-08-01,18.200000000000827,102.59999999999845,0,0001,0.011932874
2013-08-01,18.200000000000827,102.69999999999844,0,0001,0.012678618
2013-08-01,18.200000000000827,102.79999999999843,0,0001,0.013624074
2013-08-01,18.200000000000827,102.89999999999843,0,0001,0.014571505
2013-09-01,18.700000000000834,102.29999999999846,0,0001,0.0129651325
2013-09-01,18.700000000000834,102.39999999999846,0,0001,0.013141823
2013-09-01,18.700000000000834,102.49999999999845,0,0001,0.013309543
2013-09-01,18.700000000000834,102.59999999999845,0,0001,0.013476548
2013-09-01,18.700000000000834,102.69999999999844,0,0001,0.01332776
2013-09-01,18.700000000000834,102.79999999999843,0,0001,0.012845111
2013-09-01,18.700000000000834,102.89999999999843,0,0001,0.012335454
2013-09-01,18.600000000000833,102.29999999999846,0,0001,0.012926352
2013-09-01,18.600000000000833,102.39999999999846,0,0001,0.013268468
2013-09-01,18.600000000000833,102.49999999999845,0,0001,0.013631408
2013-09-01,18.600000000000833,102.59999999999845,0,0001,0.013998342
2013-09-01,18.600000000000833,102.69999999999844,0,0001,0.013920707
2013-09-01,18.600000000000833,102.79999999999843,0,0001,0.013362181
2013-09-01,18.600000000000833,102.89999999999843,0,0001,0.012825382
2013-09-01,18.50000000000083,102.29999999999846,0,0001,0.012746443
2013-09-01,18.50000000000083,102.39999999999846,0,0001,0.013234933
2013-09-01,18.50000000000083,102.49999999999845,0,0001,0.013887328
2013-09-01,18.50000000000083,102.59999999999845,0,0001,0.014562872
2013-09-01,18.50000000000083,102.69999999999844,0,0001,0.014631127
2013-09-01,18.50000000000083,102.79999999999843,0,0001,0.013896559
2013-09-01,18.50000000000083,102.89999999999843,0,0001,0.0131966295
2013-09-01,18.40000000000083,102.29999999999846,0,0001,0.012602952
2013-09-01,18.40000000000083,102.39999999999846,0,0001,0.013156173
2013-09-01,18.40000000000083,102.49999999999845,0,0001,0.013986682
2013-09-01,18.40000000000083,102.59999999999845,0,0001,0.014798981
2013-09-01,18.40000000000083,102.69999999999844,0,0001,0.014986207
2013-09-01,18.40000000000083,102.79999999999843,0,0001,0.01423609
2013-09-01,18.40000000000083,102.89999999999843,0,0001,0.01348595
2013-09-01,18.30000000000083,102.29999999999846,0,0001,0.012599048
2013-09-01,18.30000000000083,102.39999999999846,0,0001,0.013050568
2013-09-01,18.30000000000083,102.49999999999845,0,0001,0.013452825
2013-09-01,18.30000000000083,102.59999999999845,0,0001,0.013879177
2013-09-01,18.30000000000083,102.69999999999844,0,0001,0.014028464
2013-09-01,18.30000000000083,102.79999999999843,0,0001,0.013709781
2013-09-01,18.30000000000083,102.89999999999843,0,0001,0.013391045
2013-09-01,18.200000000000827,102.29999999999846,0,0001,0.012625215
2013-09-01,18.200000000000827,102.39999999999846,0,0001,0.012961638
2013-09-01,18.200000000000827,102.49999999999845,0,0001,0.012854424
2013-09-01,18.200000000000827,102.59999999999845,0,0001,0.012731169
2013-09-01,18.200000000000827,102.69999999999844,0,0001,0.012862419
2013-09-01,18.200000000000827,102.79999999999843,0,0001,0.013043505
2013-09-01,18.200000000000827,102.89999999999843,0,0001,0.013219629
2013-10-01,18.700000000000834,102.29999999999846,0,0001,0.0039215935
2013-10-01,18.700000000000834,102.39999999999846,0,0001,0.0038887814
2013-10-01,18.700000000000834,102.49999999999845,0,0001,0.0044465913
2013-10-01,18.700000000000834,102.59999999999845,0,0001,0.005019526
2013-10-01,18.700000000000834,102.69999999999844,0,0001,0.00531591
2013-10-01,18.700000000000834,102.79999999999843,0,0001,0.005319725
2013-10-01,18.700000000000834,102.89999999999843,0,0001,0.0052999062
2013-10-01,18.600000000000833,102.29999999999846,0,0001,0.0038981095
2013-10-01,18.600000000000833,102.39999999999846,0,0001,0.0039474918
2013-10-01,18.600000000000833,102.49999999999845,0,0001,0.004418577
2013-10-01,18.600000000000833,102.59999999999845,0,0001,0.0049614115
2013-10-01,18.600000000000833,102.69999999999844,0,0001,0.0051973565
2013-10-01,18.600000000000833,102.79999999999843,0,0001,0.0050972505
2013-10-01,18.600000000000833,102.89999999999843,0,0001,0.0049721254
2013-10-01,18.50000000000083,102.29999999999846,0,0001,0.003846492
2013-10-01,18.50000000000083,102.39999999999846,0,0001,0.003916259
2013-10-01,18.50000000000083,102.49999999999845,0,0001,0.0043645753
2013-10-01,18.50000000000083,102.59999999999845,0,0001,0.0048801405
2013-10-01,18.50000000000083,102.69999999999844,0,0001,0.0050310297
2013-10-01,18.50000000000083,102.79999999999843,0,0001,0.0047173304
2013-10-01,18.50000000000083,102.89999999999843,0,0001,0.004417713
2013-10-01,18.40000000000083,102.29999999999846,0,0001,0.0037711964
2013-10-01,18.40000000000083,102.39999999999846,0,0001,0.0038109228
2013-10-01,18.40000000000083,102.49999999999845,0,0001,0.004235993
2013-10-01,18.40000000000083,102.59999999999845,0,0001,0.004661034
2013-10-01,18.40000000000083,102.69999999999844,0,0001,0.0047411127
2013-10-01,18.40000000000083,102.79999999999843,0,0001,0.0043045385
2013-10-01,18.40000000000083,102.89999999999843,0,0001,0.003867726
2013-10-01,18.30000000000083,102.29999999999846,0,0001,0.0036134676
2013-10-01,18.30000000000083,102.39999999999846,0,0001,0.0035759315
2013-10-01,18.30000000000083,102.49999999999845,0,0001,0.0038008497
2013-10-01,18.30000000000083,102.59999999999845,0,0001,0.004036079
2013-10-01,18.30000000000083,102.69999999999844,0,0001,0.004024188
2013-10-01,18.30000000000083,102.79999999999843,0,0001,0.0036567703
2013-10-01,18.30000000000083,102.89999999999843,0,0001,0.0032896504
2013-10-01,18.200000000000827,102.29999999999846,0,0001,0.0034464404
2013-10-01,18.200000000000827,102.39999999999846,0,0001,0.0033505664
2013-10-01,18.200000000000827,102.49999999999845,0,0001,0.0033348606
2013-10-01,18.200000000000827,102.59999999999845,0,0001,0.003319721
2013-10-01,18.200000000000827,102.69999999999844,0,0001,0.0032234446
2013-10-01,18.200000000000827,102.79999999999843,0,0001,0.0029668466
2013-10-01,18.200000000000827,102.89999999999843,0,0001,0.0026968673
2013-11-01,18.700000000000834,102.29999999999846,0,0001,0.0007730916
2013-11-01,18.700000000000834,102.39999999999846,0,0001,0.0008394763
2013-11-01,18.700000000000834,102.49999999999845,0,0001,0.0011853024
2013-11-01,18.700000000000834,102.59999999999845,0,0001,0.0015394806
2013-11-01,18.700000000000834,102.69999999999844,0,0001,0.0017607182
2013-11-01,18.700000000000834,102.79999999999843,0,0001,0.0018333986
2013-11-01,18.700000000000834,102.89999999999843,0,0001,0.0018941208
2013-11-01,18.600000000000833,102.29999999999846,0,0001,0.00059631915
2013-11-01,18.600000000000833,102.39999999999846,0,0001,0.0006767109
2013-11-01,18.600000000000833,102.49999999999845,0,0001,0.00093458296
2013-11-01,18.600000000000833,102.59999999999845,0,0001,0.001222898
2013-11-01,18.600000000000833,102.69999999999844,0,0001,0.001389791
2013-11-01,18.600000000000833,102.79999999999843,0,0001,0.0014224618
2013-11-01,18.600000000000833,102.89999999999843,0,0001,0.0014358356
2013-11-01,18.50000000000083,102.29999999999846,0,0001,0.0005501926
2013-11-01,18.50000000000083,102.39999999999846,0,0001,0.0006061241
2013-11-01,18.50000000000083,102.49999999999845,0,0001,0.0007954806
2013-11-01,18.50000000000083,102.59999999999845,0,0001,0.0010094389
2013-11-01,18.50000000000083,102.69999999999844,0,0001,0.0010967597
2013-11-01,18.50000000000083,102.79999999999843,0,0001,0.0010278865
2013-11-01,18.50000000000083,102.89999999999843,0,0001,0.0009625897
2013-11-01,18.40000000000083,102.29999999999846,0,0001,0.0005138263
2013-11-01,18.40000000000083,102.39999999999846,0,0001,0.0005369902
2013-11-01,18.40000000000083,102.49999999999845,0,0001,0.00066880585
2013-11-01,18.40000000000083,102.59999999999845,0,0001,0.00079884083
2013-11-01,18.40000000000083,102.69999999999844,0,0001,0.000825052
2013-11-01,18.40000000000083,102.79999999999843,0,0001,0.000694868
2013-11-01,18.40000000000083,102.89999999999843,0,0001,0.00056443067
2013-11-01,18.30000000000083,102.29999999999846,0,0001,0.00051492156
2013-11-01,18.30000000000083,102.39999999999846,0,0001,0.0005099669
2013-11-01,18.30000000000083,102.49999999999845,0,0001,0.00058149995
2013-11-01,18.30000000000083,102.59999999999845,0,0001,0.00065608026
2013-11-01,18.30000000000083,102.69999999999844,0,0001,0.0006540686
2013-11-01,18.30000000000083,102.79999999999843,0,0001,0.0005430028
2013-11-01,18.30000000000083,102.89999999999843,0,0001,0.0004320562
2013-11-01,18.200000000000827,102.29999999999846,0,0001,0.0005221039
2013-11-01,18.200000000000827,102.39999999999846,0,0001,0.0004971519
2013-11-01,18.200000000000827,102.49999999999845,0,0001,0.00050584675
2013-11-01,18.200000000000827,102.59999999999845,0,0001,0.00051478745
2013-11-01,18.200000000000827,102.69999999999844,0,0001,0.0004928604
2013-11-01,18.200000000000827,102.79999999999843,0,0001,0.00041725935
2013-11-01,18.200000000000827,102.89999999999843,0,0001,0.00033703895
2013-12-01,18.700000000000834,102.29999999999846,0,0001,0.0030934552
2013-12-01,18.700000000000834,102.39999999999846,0,0001,0.0031365568
2013-12-01,18.700000000000834,102.49999999999845,0,0001,0.0031140263
2013-12-01,18.700000000000834,102.59999999999845,0,0001,0.003091846
2013-12-01,18.700000000000834,102.69999999999844,0,0001,0.0029115046
2013-12-01,18.700000000000834,102.79999999999843,0,0001,0.0025621469
2013-12-01,18.700000000000834,102.89999999999843,0,0001,0.0021990428
2013-12-01,18.600000000000833,102.29999999999846,0,0001,0.0028604756
2013-12-01,18.600000000000833,102.39999999999846,0,0001,0.002816681
2013-12-01,18.600000000000833,102.49999999999845,0,0001,0.0027662332
2013-12-01,18.600000000000833,102.59999999999845,0,0001,0.002715316
2013-12-01,18.600000000000833,102.69999999999844,0,0001,0.0025721753
2013-12-01,18.600000000000833,102.79999999999843,0,0001,0.0023106153
2013-12-01,18.600000000000833,102.89999999999843,0,0001,0.0020603056
2013-12-01,18.50000000000083,102.29999999999846,0,0001,0.0025149027
2013-12-01,18.50000000000083,102.39999999999846,0,0001,0.002367709
2013-12-01,18.50000000000083,102.49999999999845,0,0001,0.0022831599
2013-12-01,18.50000000000083,102.59999999999845,0,0001,0.0022070298
2013-12-01,18.50000000000083,102.69999999999844,0,0001,0.002116021
2013-12-01,18.50000000000083,102.79999999999843,0,0001,0.0020057673
2013-12-01,18.50000000000083,102.89999999999843,0,0001,0.0018920492
2013-12-01,18.40000000000083,102.29999999999846,0,0001,0.0022148306
2013-12-01,18.40000000000083,102.39999999999846,0,0001,0.001971286
2013-12-01,18.40000000000083,102.49999999999845,0,0001,0.0018707778
2013-12-01,18.40000000000083,102.59999999999845,0,0001,0.001779456
2013-12-01,18.40000000000083,102.69999999999844,0,0001,0.0017263707
2013-12-01,18.40000000000083,102.79999999999843,0,0001,0.0017262961
2013-12-01,18.40000000000083,102.89999999999843,0,0001,0.0017261918
2013-12-01,18.30000000000083,102.29999999999846,0,0001,0.0020528326
2013-12-01,18.30000000000083,102.39999999999846,0,0001,0.0018037226
2013-12-01,18.30000000000083,102.49999999999845,0,0001,0.0017285015
2013-12-01,18.30000000000083,102.59999999999845,0,0001,0.0016522299
2013-12-01,18.30000000000083,102.69999999999844,0,0001,0.0016123991
2013-12-01,18.30000000000083,102.79999999999843,0,0001,0.0016222264
2013-12-01,18.30000000000083,102.89999999999843,0,0001,0.0016321134
2013-12-01,18.200000000000827,102.29999999999846,0,0001,0.0019045811
2013-12-01,18.200000000000827,102.39999999999846,0,0001,0.0016833808
2013-12-01,18.200000000000827,102.49999999999845,0,0001,0.0016270023
2013-12-01,18.200000000000827,102.59999999999845,0,0001,0.0015751909
2013-12-01,18.200000000000827,102.69999999999844,0,0001,0.0015471842
2013-12-01,18.200000000000827,102.79999999999843,0,0001,0.0015502017
2013-12-01,18.200000000000827,102.89999999999843,0,0001,0.0015557226
2014-01-01,18.700000000000834,102.29999999999846,0,0001,2.1022413e-05
2014-01-01,18.700000000000834,102.39999999999846,0,0001,2.7027581e-05
2014-01-01,18.700000000000834,102.49999999999845,0,0001,4.961029e-05
2014-01-01,18.700000000000834,102.59999999999845,0,0001,7.272199e-05
2014-01-01,18.700000000000834,102.69999999999844,0,0001,7.491991e-05
2014-01-01,18.700000000000834,102.79999999999843,0,0001,5.368576e-05
2014-01-01,18.700000000000834,102.89999999999843,0,0001,3.087953e-05
2014-01-01,18.600000000000833,102.29999999999846,0,0001,1.5315269e-05
2014-01-01,18.600000000000833,102.39999999999846,0,0001,2.1163974e-05
2014-01-01,18.600000000000833,102.49999999999845,0,0001,3.5036956e-05
2014-01-01,18.600000000000833,102.59999999999845,0,0001,5.0422404e-05
2014-01-01,18.600000000000833,102.69999999999844,0,0001,5.1845465e-05
2014-01-01,18.600000000000833,102.79999999999843,0,0001,3.599063e-05
2014-01-01,18.600000000000833,102.89999999999843,0,0001,2.1156524e-05
2014-01-01,18.50000000000083,102.29999999999846,0,0001,8.378778e-06
2014-01-01,18.50000000000083,102.39999999999846,0,0001,1.1336659e-05
2014-01-01,18.50000000000083,102.49999999999845,0,0001,1.8749986e-05
2014-01-01,18.50000000000083,102.59999999999845,0,0001,2.7064834e-05
2014-01-01,18.50000000000083,102.69999999999844,0,0001,2.8383587e-05
2014-01-01,18.50000000000083,102.79999999999843,0,0001,2.122358e-05
2014-01-01,18.50000000000083,102.89999999999843,0,0001,1.4056121e-05
2014-01-01,18.40000000000083,102.29999999999846,0,0001,2.8802497e-06
2014-01-01,18.40000000000083,102.39999999999846,0,0001,3.5433513e-06
2014-01-01,18.40000000000083,102.49999999999845,0,0001,5.6369645e-06
2014-01-01,18.40000000000083,102.59999999999845,0,0001,7.4996096e-06
2014-01-01,18.40000000000083,102.69999999999844,0,0001,8.594845e-06
2014-01-01,18.40000000000083,102.79999999999843,0,0001,8.036051e-06
2014-01-01,18.40000000000083,102.89999999999843,0,0001,7.3804003e-06
2014-01-01,18.30000000000083,102.29999999999846,0,0001,2.537523e-06
2014-01-01,18.30000000000083,102.39999999999846,0,0001,2.8877002e-06
2014-01-01,18.30000000000083,102.49999999999845,0,0001,3.334735e-06
2014-01-01,18.30000000000083,102.59999999999845,0,0001,3.8935286e-06
2014-01-01,18.30000000000083,102.69999999999844,0,0001,4.280959e-06
2014-01-01,18.30000000000083,102.79999999999843,0,0001,4.42252e-06
2014-01-01,18.30000000000083,102.89999999999843,0,0001,4.6609384e-06
2014-01-01,18.200000000000827,102.29999999999846,0,0001,2.9696566e-06
2014-01-01,18.200000000000827,102.39999999999846,0,0001,3.2900316e-06
2014-01-01,18.200000000000827,102.49999999999845,0,0001,2.9324037e-06
2014-01-01,18.200000000000827,102.59999999999845,0,0001,2.6194793e-06
2014-01-01,18.200000000000827,102.69999999999844,0,0001,2.6045782e-06
2014-01-01,18.200000000000827,102.79999999999843,0,0001,2.6939852e-06
2014-01-01,18.200000000000827,102.89999999999843,0,0001,2.872799e-06
2014-02-01,18.700000000000834,102.29999999999846,0,0001,0.00012784654
2014-02-01,18.700000000000834,102.39999999999846,0,0001,0.00012664699
2014-02-01,18.700000000000834,102.49999999999845,0,0001,0.0001446774
2014-02-01,18.700000000000834,102.59999999999845,0,0001,0.00016291642
2014-02-01,18.700000000000834,102.69999999999844,0,0001,0.00023275071
2014-02-01,18.700000000000834,102.79999999999843,0,0001,0.0003541132
2014-02-01,18.700000000000834,102.89999999999843,0,0001,0.00047964058
2014-02-01,18.600000000000833,102.29999999999846,0,0001,8.457356e-05
2014-02-01,18.600000000000833,102.39999999999846,0,0001,8.501315e-05
2014-02-01,18.600000000000833,102.49999999999845,0,0001,0.0001010617
2014-02-01,18.600000000000833,102.59999999999845,0,0001,0.00011994147
2014-02-01,18.600000000000833,102.69999999999844,0,0001,0.00017798149
2014-02-01,18.600000000000833,102.79999999999843,0,0001,0.000283437
2014-02-01,18.600000000000833,102.89999999999843,0,0001,0.0003898909
2014-02-01,18.50000000000083,102.29999999999846,0,0001,7.798725e-05
2014-02-01,18.50000000000083,102.39999999999846,0,0001,7.92464e-05
2014-02-01,18.50000000000083,102.49999999999845,0,0001,9.329074e-05
2014-02-01,18.50000000000083,102.59999999999845,0,0001,0.000109756525
2014-02-01,18.50000000000083,102.69999999999844,0,0001,0.0001471957
2014-02-01,18.50000000000083,102.79999999999843,0,0001,0.00021250003
2014-02-01,18.50000000000083,102.89999999999843,0,0001,0.0002782067
2014-02-01,18.40000000000083,102.29999999999846,0,0001,7.236206e-05
2014-02-01,18.40000000000083,102.39999999999846,0,0001,7.236206e-05
2014-02-01,18.40000000000083,102.49999999999845,0,0001,8.449161e-05
2014-02-01,18.40000000000083,102.59999999999845,0,0001,9.776854e-05
2014-02-01,18.40000000000083,102.69999999999844,0,0001,0.00011908465
2014-02-01,18.40000000000083,102.79999999999843,0,0001,0.00015347653
2014-02-01,18.40000000000083,102.89999999999843,0,0001,0.00018790567
2014-02-01,18.30000000000083,102.29999999999846,0,0001,7.181072e-05
2014-02-01,18.30000000000083,102.39999999999846,0,0001,6.523931e-05
2014-02-01,18.30000000000083,102.49999999999845,0,0001,7.058882e-05
2014-02-01,18.30000000000083,102.59999999999845,0,0001,7.6519485e-05
2014-02-01,18.30000000000083,102.69999999999844,0,0001,9.183043e-05
2014-02-01,18.30000000000083,102.79999999999843,0,0001,0.000118749376
2014-02-01,18.30000000000083,102.89999999999843,0,0001,0.00014584714
2014-02-01,18.200000000000827,102.29999999999846,0,0001,7.166916e-05
2014-02-01,18.200000000000827,102.39999999999846,0,0001,5.913728e-05
2014-02-01,18.200000000000827,102.49999999999845,0,0001,5.656683e-05
2014-02-01,18.200000000000827,102.59999999999845,0,0001,5.42646e-05
2014-02-01,18.200000000000827,102.69999999999844,0,0001,6.452405e-05
2014-02-01,18.200000000000827,102.79999999999843,0,0001,8.681619e-05
2014-02-01,18.200000000000827,102.89999999999843,0,0001,0.00010977888
2014-03-01,18.700000000000834,102.29999999999846,0,0001,0.00046287055
2014-03-01,18.700000000000834,102.39999999999846,0,0001,0.0004718038
2014-03-01,18.700000000000834,102.49999999999845,0,0001,0.00059211574
2014-03-01,18.700000000000834,102.59999999999845,0,0001,0.0007143723
2014-03-01,18.700000000000834,102.69999999999844,0,0001,0.00080950133
2014-03-01,18.700000000000834,102.79999999999843,0,0001,0.000876184
2014-03-01,18.700000000000834,102.89999999999843,0,0001,0.0009407731
2014-03-01,18.600000000000833,102.29999999999846,0,0001,0.000442374
2014-03-01,18.600000000000833,102.39999999999846,0,0001,0.0004634517
2014-03-01,18.600000000000833,102.49999999999845,0,0001,0.00053194485
2014-03-01,18.600000000000833,102.59999999999845,0,0001,0.0006085666
2014-03-01,18.600000000000833,102.69999999999844,0,0001,0.0006845402
2014-03-01,18.600000000000833,102.79999999999843,0,0001,0.00075671397
2014-03-01,18.600000000000833,102.89999999999843,0,0001,0.00083541445
2014-03-01,18.50000000000083,102.29999999999846,0,0001,0.00043734486
2014-03-01,18.50000000000083,102.39999999999846,0,0001,0.00045008535
2014-03-01,18.50000000000083,102.49999999999845,0,0001,0.00045392985
2014-03-01,18.50000000000083,102.59999999999845,0,0001,0.00045834805
2014-03-01,18.50000000000083,102.69999999999844,0,0001,0.00049075804
2014-03-01,18.50000000000083,102.79999999999843,0,0001,0.00056454114
2014-03-01,18.50000000000083,102.89999999999843,0,0001,0.0006395387
2014-03-01,18.40000000000083,102.29999999999846,0,0001,0.00043623472
2014-03-01,18.40000000000083,102.39999999999846,0,0001,0.00044900502
2014-03-01,18.40000000000083,102.49999999999845,0,0001,0.00039513732
2014-03-01,18.40000000000083,102.59999999999845,0,0001,0.00033945913
2014-03-01,18.40000000000083,102.69999999999844,0,0001,0.00033708985
2014-03-01,18.40000000000083,102.79999999999843,0,0001,0.00041251953
2014-03-01,18.40000000000083,102.89999999999843,0,0001,0.00048807586
2014-03-01,18.30000000000083,102.29999999999846,0,0001,0.00045509214
2014-03-01,18.30000000000083,102.39999999999846,0,0001,0.00047256376
2014-03-01,18.30000000000083,102.49999999999845,0,0001,0.00040853347
2014-03-01,18.30000000000083,102.59999999999845,0,0001,0.00034439142
2014-03-01,18.30000000000083,102.69999999999844,0,0001,0.00034052457
2014-03-01,18.30000000000083,102.79999999999843,0,0001,0.00041450138
2014-03-01,18.30000000000083,102.89999999999843,0,0001,0.0004886719
2014-03-01,18.200000000000827,102.29999999999846,0,0001,0.00047883714
2014-03-01,18.200000000000827,102.39999999999846,0,0001,0.0004933136
2014-03-01,18.200000000000827,102.49999999999845,0,0001,0.00043368663
2014-03-01,18.200000000000827,102.59999999999845,0,0001,0.00037206287
2014-03-01,18.200000000000827,102.69999999999844,0,0001,0.0003730538
2014-03-01,18.200000000000827,102.79999999999843,0,0001,0.00044073488
2014-03-01,18.200000000000827,102.89999999999843,0,0001,0.0005129086
2014-04-01,18.700000000000834,102.29999999999846,0,0001,0.0055178674
2014-04-01,18.700000000000834,102.39999999999846,0,0001,0.0046249824
2014-04-01,18.700000000000834,102.49999999999845,0,0001,0.0047233077
2014-04-01,18.700000000000834,102.59999999999845,0,0001,0.004840982
2014-04-01,18.700000000000834,102.69999999999844,0,0001,0.0051832246
2014-04-01,18.700000000000834,102.79999999999843,0,0001,0.0057531344
2014-04-01,18.700000000000834,102.89999999999843,0,0001,0.006341164
2014-04-01,18.600000000000833,102.29999999999846,0,0001,0.005353381
2014-04-01,18.600000000000833,102.39999999999846,0,0001,0.004702349
2014-04-01,18.600000000000833,102.49999999999845,0,0001,0.004666825
2014-04-01,18.600000000000833,102.59999999999845,0,0001,0.004735646
2014-04-01,18.600000000000833,102.69999999999844,0,0001,0.0050700875
2014-04-01,18.600000000000833,102.79999999999843,0,0001,0.0056997063
2014-04-01,18.600000000000833,102.89999999999843,0,0001,0.006375593
2014-04-01,18.50000000000083,102.29999999999846,0,0001,0.0052127736
2014-04-01,18.50000000000083,102.39999999999846,0,0001,0.0047102096
2014-04-01,18.50000000000083,102.49999999999845,0,0001,0.0046026604
2014-04-01,18.50000000000083,102.59999999999845,0,0001,0.0045710253
2014-04-01,18.50000000000083,102.69999999999844,0,0001,0.00484996
2014-04-01,18.50000000000083,102.79999999999843,0,0001,0.00553633
2014-04-01,18.50000000000083,102.89999999999843,0,0001,0.006208387
2014-04-01,18.40000000000083,102.29999999999846,0,0001,0.0050811293
2014-04-01,18.40000000000083,102.39999999999846,0,0001,0.0047042193
2014-04-01,18.40000000000083,102.49999999999845,0,0001,0.004535434
2014-04-01,18.40000000000083,102.59999999999845,0,0001,0.004400079
2014-04-01,18.40000000000083,102.69999999999844,0,0001,0.00460345
2014-04-01,18.40000000000083,102.79999999999843,0,0001,0.0053081485
2014-04-01,18.40000000000083,102.89999999999843,0,0001,0.0060129436
2014-04-01,18.30000000000083,102.29999999999846,0,0001,0.004993026
2014-04-01,18.30000000000083,102.39999999999846,0,0001,0.004768056
2014-04-01,18.30000000000083,102.49999999999845,0,0001,0.004437116
2014-04-01,18.30000000000083,102.59999999999845,0,0001,0.0041143866
2014-04-01,18.30000000000083,102.69999999999844,0,0001,0.0042189853
2014-04-01,18.30000000000083,102.79999999999843,0,0001,0.0048615234
2014-04-01,18.30000000000083,102.89999999999843,0,0001,0.0055041434
2014-04-01,18.200000000000827,102.29999999999846,0,0001,0.0049521895
2014-04-01,18.200000000000827,102.39999999999846,0,0001,0.0048469054
2014-04-01,18.200000000000827,102.49999999999845,0,0001,0.0043480443
2014-04-01,18.200000000000827,102.59999999999845,0,0001,0.0038355037
2014-04-01,18.200000000000827,102.69999999999844,0,0001,0.0038482815
2014-04-01,18.200000000000827,102.79999999999843,0,0001,0.0043821977
2014-04-01,18.200000000000827,102.89999999999843,0,0001,0.0049493285
2014-05-01,18.700000000000834,102.29999999999846,0,0001,0.0074170516
2014-05-01,18.700000000000834,102.39999999999846,0,0001,0.0071628154
2014-05-01,18.700000000000834,102.49999999999845,0,0001,0.007871663
2014-05-01,18.700000000000834,102.59999999999845,0,0001,0.008597551
2014-05-01,18.700000000000834,102.69999999999844,0,0001,0.008802613
2014-05-01,18.700000000000834,102.79999999999843,0,0001,0.008484824
2014-05-01,18.700000000000834,102.89999999999843,0,0001,0.008126302
2014-05-01,18.600000000000833,102.29999999999846,0,0001,0.0071137906
2014-05-01,18.600000000000833,102.39999999999846,0,0001,0.0071620555
2014-05-01,18.600000000000833,102.49999999999845,0,0001,0.0077558593
2014-05-01,18.600000000000833,102.59999999999845,0,0001,0.008441573
2014-05-01,18.600000000000833,102.69999999999844,0,0001,0.008663861
2014-05-01,18.600000000000833,102.79999999999843,0,0001,0.008351585
2014-05-01,18.600000000000833,102.89999999999843,0,0001,0.008137075
2014-05-01,18.50000000000083,102.29999999999846,0,0001,0.006759061
2014-05-01,18.50000000000083,102.39999999999846,0,0001,0.006974241
2014-05-01,18.50000000000083,102.49999999999845,0,0001,0.0075010196
2014-05-01,18.50000000000083,102.59999999999845,0,0001,0.008090256
2014-05-01,18.50000000000083,102.69999999999844,0,0001,0.008286944
2014-05-01,18.50000000000083,102.79999999999843,0,0001,0.007986335
2014-05-01,18.50000000000083,102.89999999999843,0,0001,0.0077216164
2014-05-01,18.40000000000083,102.29999999999846,0,0001,0.006437099
2014-05-01,18.40000000000083,102.39999999999846,0,0001,0.006754546
2014-05-01,18.40000000000083,102.49999999999845,0,0001,0.0071834386
2014-05-01,18.40000000000083,102.59999999999845,0,0001,0.0076027126
2014-05-01,18.40000000000083,102.69999999999844,0,0001,0.0077775256
2014-05-01,18.40000000000083,102.79999999999843,0,0001,0.0075719417
2014-05-01,18.40000000000083,102.89999999999843,0,0001,0.0073662014
2014-05-01,18.30000000000083,102.29999999999846,0,0001,0.006319976
2014-05-01,18.30000000000083,102.39999999999846,0,0001,0.006502992
2014-05-01,18.30000000000083,102.49999999999845,0,0001,0.0065909014
2014-05-01,18.30000000000083,102.59999999999845,0,0001,0.0066955076
2014-05-01,18.30000000000083,102.69999999999844,0,0001,0.006840764
2014-05-01,18.30000000000083,102.79999999999843,0,0001,0.0069584385
2014-05-01,18.30000000000083,102.89999999999843,0,0001,0.0070761875
2014-05-01,18.200000000000827,102.29999999999846,0,0001,0.0062481523
2014-05-01,18.200000000000827,102.39999999999846,0,0001,0.0062538297
2014-05-01,18.200000000000827,102.49999999999845,0,0001,0.0059823305
2014-05-01,18.200000000000827,102.59999999999845,0,0001,0.0057015778
2014-05-01,18.200000000000827,102.69999999999844,0,0001,0.0058566765
2014-05-01,18.200000000000827,102.79999999999843,0,0001,0.0063150884
2014-05-01,18.200000000000827,102.89999999999843,0,0001,0.0067879693
2014-06-01,18.700000000000834,102.29999999999846,0,0001,0.016385823
2014-06-01,18.700000000000834,102.39999999999846,0,0001,0.015951633
2014-06-01,18.700000000000834,102.49999999999845,0,0001,0.01517263
2014-06-01,18.700000000000834,102.59999999999845,0,0001,0.01437389
2014-06-01,18.700000000000834,102.69999999999844,0,0001,0.014600373
2014-06-01,18.700000000000834,102.79999999999843,0,0001,0.015868127
2014-06-01,18.700000000000834,102.89999999999843,0,0001,0.017218404
2014-06-01,18.600000000000833,102.29999999999846,0,0001,0.015708186
2014-06-01,18.600000000000833,102.39999999999846,0,0001,0.0155628985
2014-06-01,18.600000000000833,102.49999999999845,0,0001,0.015412143
2014-06-01,18.600000000000833,102.59999999999845,0,0001,0.015262208
2014-06-01,18.600000000000833,102.69999999999844,0,0001,0.01552417
2014-06-01,18.600000000000833,102.79999999999843,0,0001,0.016368382
2014-06-01,18.600000000000833,102.89999999999843,0,0001,0.01717934
2014-06-01,18.50000000000083,102.29999999999846,0,0001,0.014914795
2014-06-01,18.50000000000083,102.39999999999846,0,0001,0.015181429
2014-06-01,18.50000000000083,102.49999999999845,0,0001,0.015831046
2014-06-01,18.50000000000083,102.59999999999845,0,0001,0.016533352
2014-06-01,18.50000000000083,102.69999999999844,0,0001,0.016888581
2014-06-01,18.50000000000083,102.79999999999843,0,0001,0.01674527
2014-06-01,18.50000000000083,102.89999999999843,0,0001,0.016663685
2014-06-01,18.40000000000083,102.29999999999846,0,0001,0.014298192
2014-06-01,18.40000000000083,102.39999999999846,0,0001,0.0147973215
2014-06-01,18.40000000000083,102.49999999999845,0,0001,0.01600752
2014-06-01,18.40000000000083,102.59999999999845,0,0001,0.017224811
2014-06-01,18.40000000000083,102.69999999999844,0,0001,0.017675176
2014-06-01,18.40000000000083,102.79999999999843,0,0001,0.017000325
2014-06-01,18.40000000000083,102.89999999999843,0,0001,0.016325131
2014-06-01,18.30000000000083,102.29999999999846,0,0001,0.014330885
2014-06-01,18.30000000000083,102.39999999999846,0,0001,0.0147693
2014-06-01,18.30000000000083,102.49999999999845,0,0001,0.0151918
2014-06-01,18.30000000000083,102.59999999999845,0,0001,0.015660547
2014-06-01,18.30000000000083,102.69999999999844,0,0001,0.016071133
2014-06-01,18.30000000000083,102.79999999999843,0,0001,0.016186818
2014-06-01,18.30000000000083,102.89999999999843,0,0001,0.016302519
2014-06-01,18.200000000000827,102.29999999999846,0,0001,0.014500833
2014-06-01,18.200000000000827,102.39999999999846,0,0001,0.014850295
2014-06-01,18.200000000000827,102.49999999999845,0,0001,0.014285876
2014-06-01,18.200000000000827,102.59999999999845,0,0001,0.013687483
2014-06-01,18.200000000000827,102.69999999999844,0,0001,0.014109231
2014-06-01,18.200000000000827,102.79999999999843,0,0001,0.015176146
2014-06-01,18.200000000000827,102.89999999999843,0,0001,0.01627019
2014-07-01,18.700000000000834,102.29999999999846,0,0001,0.019700412
2014-07-01,18.700000000000834,102.39999999999846,0,0001,0.019200463
2014-07-01,18.700000000000834,102.49999999999845,0,0001,0.018367779
2014-07-01,18.700000000000834,102.59999999999845,0,0001,0.017507892
2014-07-01,18.700000000000834,102.69999999999844,0,0001,0.017292913
2014-07-01,18.700000000000834,102.79999999999843,0,0001,0.017780665
2014-07-01,18.700000000000834,102.89999999999843,0,0001,0.018326472
2014-07-01,18.600000000000833,102.29999999999846,0,0001,0.018503357
2014-07-01,18.600000000000833,102.39999999999846,0,0001,0.018278513
2014-07-01,18.600000000000833,102.49999999999845,0,0001,0.018016126
2014-07-01,18.600000000000833,102.59999999999845,0,0001,0.0177483
2014-07-01,18.600000000000833,102.69999999999844,0,0001,0.017735522
2014-07-01,18.600000000000833,102.79999999999843,0,0001,0.018069278
2014-07-01,18.600000000000833,102.89999999999843,0,0001,0.018410895
2014-07-01,18.50000000000083,102.29999999999846,0,0001,0.01715212
2014-07-01,18.50000000000083,102.39999999999846,0,0001,0.017327178
2014-07-01,18.50000000000083,102.49999999999845,0,0001,0.017709237
2014-07-01,18.50000000000083,102.59999999999845,0,0001,0.018118557
2014-07-01,18.50000000000083,102.69999999999844,0,0001,0.01835953
2014-07-01,18.50000000000083,102.79999999999843,0,0001,0.018335503
2014-07-01,18.50000000000083,102.89999999999843,0,0001,0.018347915
2014-07-01,18.40000000000083,102.29999999999846,0,0001,0.016061146
2014-07-01,18.40000000000083,102.39999999999846,0,0001,0.016503382
2014-07-01,18.40000000000083,102.49999999999845,0,0001,0.017324846
2014-07-01,18.40000000000083,102.59999999999845,0,0001,0.01815525
2014-07-01,18.40000000000083,102.69999999999844,0,0001,0.018580314
2014-07-01,18.40000000000083,102.79999999999843,0,0001,0.01840737
2014-07-01,18.40000000000083,102.89999999999843,0,0001,0.018234793
2014-07-01,18.30000000000083,102.29999999999846,0,0001,0.015958574
2014-07-01,18.30000000000083,102.39999999999846,0,0001,0.016410042
2014-07-01,18.30000000000083,102.49999999999845,0,0001,0.016589876
2014-07-01,18.30000000000083,102.59999999999845,0,0001,0.01680709
2014-07-01,18.30000000000083,102.69999999999844,0,0001,0.017148908
2014-07-01,18.30000000000083,102.79999999999843,0,0001,0.017493416
2014-07-01,18.30000000000083,102.89999999999843,0,0001,0.017838474
2014-07-01,18.200000000000827,102.29999999999846,0,0001,0.016050365
2014-07-01,18.200000000000827,102.39999999999846,0,0001,0.016454268
2014-07-01,18.200000000000827,102.49999999999845,0,0001,0.015851911
2014-07-01,18.200000000000827,102.59999999999845,0,0001,0.015214424
2014-07-01,18.200000000000827,102.69999999999844,0,0001,0.015490088
2014-07-01,18.200000000000827,102.79999999999843,0,0001,0.016414087
2014-07-01,18.200000000000827,102.89999999999843,0,0001,0.0173713
2014-08-01,18.700000000000834,102.29999999999846,0,0001,0.014898639
2014-08-01,18.700000000000834,102.39999999999846,0,0001,0.015466239
2014-08-01,18.700000000000834,102.49999999999845,0,0001,0.01569533
2014-08-01,18.700000000000834,102.59999999999845,0,0001,0.015904214
2014-08-01,18.700000000000834,102.69999999999844,0,0001,0.01583941
2014-08-01,18.700000000000834,102.79999999999843,0,0001,0.015503418
2014-08-01,18.700000000000834,102.89999999999843,0,0001,0.015146058
2014-08-01,18.600000000000833,102.29999999999846,0,0001,0.01404443
2014-08-01,18.600000000000833,102.39999999999846,0,0001,0.014793735
2014-08-01,18.600000000000833,102.49999999999845,0,0001,0.015549835
2014-08-01,18.600000000000833,102.59999999999845,0,0001,0.016308587
2014-08-01,18.600000000000833,102.69999999999844,0,0001,0.016497489
2014-08-01,18.600000000000833,102.79999999999843,0,0001,0.016087841
2014-08-01,18.600000000000833,102.89999999999843,0,0001,0.01570421
2014-08-01,18.50000000000083,102.29999999999846,0,0001,0.013439935
2014-08-01,18.50000000000083,102.39999999999846,0,0001,0.0144714825
2014-08-01,18.50000000000083,102.49999999999845,0,0001,0.01586632
2014-08-01,18.50000000000083,102.59999999999845,0,0001,0.017311852
2014-08-01,18.50000000000083,102.69999999999844,0,0001,0.017844047
2014-08-01,18.50000000000083,102.79999999999843,0,0001,0.017152842
2014-08-01,18.50000000000083,102.89999999999843,0,0001,0.016499575
2014-08-01,18.40000000000083,102.29999999999846,0,0001,0.01294994
2014-08-01,18.40000000000083,102.39999999999846,0,0001,0.014092784
2014-08-01,18.40000000000083,102.49999999999845,0,0001,0.01589496
2014-08-01,18.40000000000083,102.59999999999845,0,0001,0.017683055
2014-08-01,18.40000000000083,102.69999999999844,0,0001,0.0184835
2014-08-01,18.40000000000083,102.79999999999843,0,0001,0.017801072
2014-08-01,18.40000000000083,102.89999999999843,0,0001,0.017118376
2014-08-01,18.30000000000083,102.29999999999846,0,0001,0.012876969
2014-08-01,18.30000000000083,102.39999999999846,0,0001,0.013827141
2014-08-01,18.30000000000083,102.49999999999845,0,0001,0.014749777
2014-08-01,18.30000000000083,102.59999999999845,0,0001,0.015721124
2014-08-01,18.30000000000083,102.69999999999844,0,0001,0.016451355
2014-08-01,18.30000000000083,102.79999999999843,0,0001,0.016640957
2014-08-01,18.30000000000083,102.89999999999843,0,0001,0.016830828
2014-08-01,18.200000000000827,102.29999999999846,0,0001,0.012886342
2014-08-01,18.200000000000827,102.39999999999846,0,0001,0.013629954
2014-08-01,18.200000000000827,102.49999999999845,0,0001,0.013491761
2014-08-01,18.200000000000827,102.59999999999845,0,0001,0.013321247
2014-08-01,18.200000000000827,102.69999999999844,0,0001,0.014021318
2014-08-01,18.200000000000827,102.79999999999843,0,0001,0.015190106
2014-08-01,18.200000000000827,102.89999999999843,0,0001,0.01637302
2014-09-01,18.700000000000834,102.29999999999846,0,0001,0.010811365
2014-09-01,18.700000000000834,102.39999999999846,0,0001,0.01099199
2014-09-01,18.700000000000834,102.49999999999845,0,0001,0.0114326915
2014-09-01,18.700000000000834,102.59999999999845,0,0001,0.011872335
2014-09-01,18.700000000000834,102.69999999999844,0,0001,0.012159384
2014-09-01,18.700000000000834,102.79999999999843,0,0001,0.012289858
2014-09-01,18.700000000000834,102.89999999999843,0,0001,0.012408203
2014-09-01,18.600000000000833,102.29999999999846,0,0001,0.010312199
2014-09-01,18.600000000000833,102.39999999999846,0,0001,0.010689794
2014-09-01,18.600000000000833,102.49999999999845,0,0001,0.011409118
2014-09-01,18.600000000000833,102.59999999999845,0,0001,0.012187607
2014-09-01,18.600000000000833,102.69999999999844,0,0001,0.0126179075
2014-09-01,18.600000000000833,102.79999999999843,0,0001,0.012686021
2014-09-01,18.600000000000833,102.89999999999843,0,0001,0.012758023
2014-09-01,18.50000000000083,102.29999999999846,0,0001,0.009702801
2014-09-01,18.50000000000083,102.39999999999846,0,0001,0.010307073
2014-09-01,18.50000000000083,102.49999999999845,0,0001,0.011430285
2014-09-01,18.50000000000083,102.59999999999845,0,0001,0.012636884
2014-09-01,18.50000000000083,102.69999999999844,0,0001,0.013261235
2014-09-01,18.50000000000083,102.79999999999843,0,0001,0.013106204
2014-09-01,18.50000000000083,102.89999999999843,0,0001,0.012999087
2014-09-01,18.40000000000083,102.29999999999846,0,0001,0.009194343
2014-09-01,18.40000000000083,102.39999999999846,0,0001,0.009885489
2014-09-01,18.40000000000083,102.49999999999845,0,0001,0.011301822
2014-09-01,18.40000000000083,102.59999999999845,0,0001,0.0127266785
2014-09-01,18.40000000000083,102.69999999999844,0,0001,0.01350256
2014-09-01,18.40000000000083,102.79999999999843,0,0001,0.013306676
2014-09-01,18.40000000000083,102.89999999999843,0,0001,0.013110547
2014-09-01,18.30000000000083,102.29999999999846,0,0001,0.009076617
2014-09-01,18.30000000000083,102.39999999999846,0,0001,0.009639672
2014-09-01,18.30000000000083,102.49999999999845,0,0001,0.0105586415
2014-09-01,18.30000000000083,102.59999999999845,0,0001,0.011506579
2014-09-01,18.30000000000083,102.69999999999844,0,0001,0.012224636
2014-09-01,18.30000000000083,102.79999999999843,0,0001,0.012513696
2014-09-01,18.30000000000083,102.89999999999843,0,0001,0.012802883
2014-09-01,18.200000000000827,102.29999999999846,0,0001,0.009035169
2014-09-01,18.200000000000827,102.39999999999846,0,0001,0.009479969
2014-09-01,18.200000000000827,102.49999999999845,0,0001,0.009761213
2014-09-01,18.200000000000827,102.59999999999845,0,0001,0.010033227
2014-09-01,18.200000000000827,102.69999999999844,0,0001,0.010711788
2014-09-01,18.200000000000827,102.79999999999843,0,0001,0.011559091
2014-09-01,18.200000000000827,102.89999999999843,0,0001,0.012408248
2014-10-01,18.700000000000834,102.29999999999846,0,0001,0.0013580148
2014-10-01,18.700000000000834,102.39999999999846,0,0001,0.0015152965
2014-10-01,18.700000000000834,102.49999999999845,0,0001,0.0020216976
2014-10-01,18.700000000000834,102.59999999999845,0,0001,0.0025361378
2014-10-01,18.700000000000834,102.69999999999844,0,0001,0.002841552
2014-10-01,18.700000000000834,102.79999999999843,0,0001,0.0029320691
2014-10-01,18.700000000000834,102.89999999999843,0,0001,0.003005748
2014-10-01,18.600000000000833,102.29999999999846,0,0001,0.0013913412
2014-10-01,18.600000000000833,102.39999999999846,0,0001,0.0016026248
2014-10-01,18.600000000000833,102.49999999999845,0,0001,0.0020287235
2014-10-01,18.600000000000833,102.59999999999845,0,0001,0.002491859
2014-10-01,18.600000000000833,102.69999999999844,0,0001,0.0026883904
2014-10-01,18.600000000000833,102.79999999999843,0,0001,0.0026017253
2014-10-01,18.600000000000833,102.89999999999843,0,0001,0.0024971564
2014-10-01,18.50000000000083,102.29999999999846,0,0001,0.0015279923
2014-10-01,18.50000000000083,102.39999999999846,0,0001,0.0016918827
2014-10-01,18.50000000000083,102.49999999999845,0,0001,0.0020581905
2014-10-01,18.50000000000083,102.59999999999845,0,0001,0.0024601643
2014-10-01,18.50000000000083,102.69999999999844,0,0001,0.0025129665
2014-10-01,18.50000000000083,102.79999999999843,0,0001,0.0021252905
2014-10-01,18.50000000000083,102.89999999999843,0,0001,0.0017600704
2014-10-01,18.40000000000083,102.29999999999846,0,0001,0.0015897874
2014-10-01,18.40000000000083,102.39999999999846,0,0001,0.0016820033
2014-10-01,18.40000000000083,102.49999999999845,0,0001,0.0019959856
2014-10-01,18.40000000000083,102.59999999999845,0,0001,0.0022990976
2014-10-01,18.40000000000083,102.69999999999844,0,0001,0.0022567783
2014-10-01,18.40000000000083,102.79999999999843,0,0001,0.0016985585
2014-10-01,18.40000000000083,102.89999999999843,0,0001,0.0011406143
2014-10-01,18.30000000000083,102.29999999999846,0,0001,0.0013674919
2014-10-01,18.30000000000083,102.39999999999846,0,0001,0.0013690342
2014-10-01,18.30000000000083,102.49999999999845,0,0001,0.0015708182
2014-10-01,18.30000000000083,102.59999999999845,0,0001,0.0017784138
2014-10-01,18.30000000000083,102.69999999999844,0,0001,0.0017240469
2014-10-01,18.30000000000083,102.79999999999843,0,0001,0.0012992073
2014-10-01,18.30000000000083,102.89999999999843,0,0001,0.00087466574
2014-10-01,18.200000000000827,102.29999999999846,0,0001,0.0010939438
2014-10-01,18.200000000000827,102.39999999999846,0,0001,0.0010278199
2014-10-01,18.200000000000827,102.49999999999845,0,0001,0.0010986526
2014-10-01,18.200000000000827,102.59999999999845,0,0001,0.0011732627
2014-10-01,18.200000000000827,102.69999999999844,0,0001,0.0011282985
2014-10-01,18.200000000000827,102.79999999999843,0,0001,0.00089578814
2014-10-01,18.200000000000827,102.89999999999843,0,0001,0.00064885354
2014-11-01,18.700000000000834,102.29999999999846,0,0001,0.0008882204
2014-11-01,18.700000000000834,102.39999999999846,0,0001,0.0009887138
2014-11-01,18.700000000000834,102.49999999999845,0,0001,0.0015733609
2014-11-01,18.700000000000834,102.59999999999845,0,0001,0.0021672614
2014-11-01,18.700000000000834,102.69999999999844,0,0001,0.0026053034
2014-11-01,18.700000000000834,102.79999999999843,0,0001,0.0028879337
2014-11-01,18.700000000000834,102.89999999999843,0,0001,0.0031589114
2014-11-01,18.600000000000833,102.29999999999846,0,0001,0.00085332186
2014-11-01,18.600000000000833,102.39999999999846,0,0001,0.001017175
2014-11-01,18.600000000000833,102.49999999999845,0,0001,0.0015107164
2014-11-01,18.600000000000833,102.59999999999845,0,0001,0.0020605617
2014-11-01,18.600000000000833,102.69999999999844,0,0001,0.0024604343
2014-11-01,18.600000000000833,102.79999999999843,0,0001,0.0026920952
2014-11-01,18.600000000000833,102.89999999999843,0,0001,0.0028833144
2014-11-01,18.50000000000083,102.29999999999846,0,0001,0.00086010934
2014-11-01,18.50000000000083,102.39999999999846,0,0001,0.0010237911
2014-11-01,18.50000000000083,102.49999999999845,0,0001,0.0014465222
2014-11-01,18.50000000000083,102.59999999999845,0,0001,0.0019162813
2014-11-01,18.50000000000083,102.69999999999844,0,0001,0.0022400164
2014-11-01,18.50000000000083,102.79999999999843,0,0001,0.0023832463
2014-11-01,18.50000000000083,102.89999999999843,0,0001,0.0025104873
2014-11-01,18.40000000000083,102.29999999999846,0,0001,0.00089683325
2014-11-01,18.40000000000083,102.39999999999846,0,0001,0.0010389233
2014-11-01,18.40000000000083,102.49999999999845,0,0001,0.0014079058
2014-11-01,18.40000000000083,102.59999999999845,0,0001,0.0017808148
2014-11-01,18.40000000000083,102.69999999999844,0,0001,0.0020308935
2014-11-01,18.40000000000083,102.79999999999843,0,0001,0.0020973154
2014-11-01,18.40000000000083,102.89999999999843,0,0001,0.0021635585
2014-11-01,18.30000000000083,102.29999999999846,0,0001,0.0010496372
2014-11-01,18.30000000000083,102.39999999999846,0,0001,0.0011736298
2014-11-01,18.30000000000083,102.49999999999845,0,0001,0.0014559397
2014-11-01,18.30000000000083,102.59999999999845,0,0001,0.0017427945
2014-11-01,18.30000000000083,102.69999999999844,0,0001,0.0018923873
2014-11-01,18.30000000000083,102.79999999999843,0,0001,0.0018654758
2014-11-01,18.30000000000083,102.89999999999843,0,0001,0.001838691
2014-11-01,18.200000000000827,102.29999999999846,0,0001,0.0012255678
2014-11-01,18.200000000000827,102.39999999999846,0,0001,0.0013426909
2014-11-01,18.200000000000827,102.49999999999845,0,0001,0.0015253866
2014-11-01,18.200000000000827,102.59999999999845,0,0001,0.0017090285
2014-11-01,18.200000000000827,102.69999999999844,0,0001,0.0017517948
2014-11-01,18.200000000000827,102.79999999999843,0,0001,0.0016401628
2014-11-01,18.200000000000827,102.89999999999843,0,0001,0.0015176529
2014-12-01,18.700000000000834,102.29999999999846,0,0001,0.00011792414
2014-12-01,18.700000000000834,102.39999999999846,0,0001,0.00010226302
2014-12-01,18.700000000000834,102.49999999999845,0,0001,0.00014766685
2014-12-01,18.700000000000834,102.59999999999845,0,0001,0.00019514195
2014-12-01,18.700000000000834,102.69999999999844,0,0001,0.00020373992
2014-12-01,18.700000000000834,102.79999999999843,0,0001,0.0001674258
2014-12-01,18.700000000000834,102.89999999999843,0,0001,0.00012790046
2014-12-01,18.600000000000833,102.29999999999846,0,0001,7.5172706e-05
2014-12-01,18.600000000000833,102.39999999999846,0,0001,7.354848e-05
2014-12-01,18.600000000000833,102.49999999999845,0,0001,9.705506e-05
2014-12-01,18.600000000000833,102.59999999999845,0,0001,0.0001252257
2014-12-01,18.600000000000833,102.69999999999844,0,0001,0.00012880944
2014-12-01,18.600000000000833,102.79999999999843,0,0001,0.00010279946
2014-12-01,18.600000000000833,102.89999999999843,0,0001,7.9538746e-05
2014-12-01,18.50000000000083,102.29999999999846,0,0001,6.2313e-05
2014-12-01,18.50000000000083,102.39999999999846,0,0001,6.28867e-05
2014-12-01,18.50000000000083,102.49999999999845,0,0001,7.126115e-05
2014-12-01,18.50000000000083,102.59999999999845,0,0001,8.165471e-05
2014-12-01,18.50000000000083,102.69999999999844,0,0001,8.137159e-05
2014-12-01,18.50000000000083,102.79999999999843,0,0001,6.866835e-05
2014-12-01,18.50000000000083,102.89999999999843,0,0001,5.6278033e-05
2014-12-01,18.40000000000083,102.29999999999846,0,0001,4.9334092e-05
2014-12-01,18.40000000000083,102.39999999999846,0,0001,5.3074284e-05
2014-12-01,18.40000000000083,102.49999999999845,0,0001,4.969917e-05
2014-12-01,18.40000000000083,102.59999999999845,0,0001,4.5668407e-05
2014-12-01,18.40000000000083,102.69999999999844,0,0001,4.2732878e-05
2014-12-01,18.40000000000083,102.79999999999843,0,0001,4.0542407e-05
2014-12-01,18.40000000000083,102.89999999999843,0,0001,3.8210375e-05
2014-12-01,18.30000000000083,102.29999999999846,0,0001,3.876172e-05
2014-12-01,18.30000000000083,102.39999999999846,0,0001,4.4133587e-05
2014-12-01,18.30000000000083,102.49999999999845,0,0001,4.379086e-05
2014-12-01,18.30000000000083,102.59999999999845,0,0001,4.3463035e-05
2014-12-01,18.30000000000083,102.69999999999844,0,0001,4.2330546e-05
2014-12-01,18.30000000000083,102.79999999999843,0,0001,4.083298e-05
2014-12-01,18.30000000000083,102.89999999999843,0,0001,3.9730294e-05
2014-12-01,18.200000000000827,102.29999999999846,0,0001,2.9336732e-05
2014-12-01,18.200000000000827,102.39999999999846,0,0001,3.442548e-05
2014-12-01,18.200000000000827,102.49999999999845,0,0001,4.04381e-05
2014-12-01,18.200000000000827,102.59999999999845,0,0001,4.648052e-05
2014-12-01,18.200000000000827,102.69999999999844,0,0001,4.800789e-05
2014-12-01,18.200000000000827,102.79999999999843,0,0001,4.6458168e-05
2014-12-01,18.200000000000827,102.89999999999843,0,0001,4.4841392e-05
2015-01-01,18.700000000000834,102.29999999999846,0,0001,0.0011259425
2015-01-01,18.700000000000834,102.39999999999846,0,0001,0.0010102424
2015-01-01,18.700000000000834,102.49999999999845,0,0001,0.0011048275
2015-01-01,18.700000000000834,102.59999999999845,0,0001,0.0012023407
2015-01-01,18.700000000000834,102.69999999999844,0,0001,0.0013257596
2015-01-01,18.700000000000834,102.79999999999843,0,0001,0.0014762613
2015-01-01,18.700000000000834,102.89999999999843,0,0001,0.0016289311
2015-01-01,18.600000000000833,102.29999999999846,0,0001,0.0010670382
2015-01-01,18.600000000000833,102.39999999999846,0,0001,0.0010115611
2015-01-01,18.600000000000833,102.49999999999845,0,0001,0.0010950151
2015-01-01,18.600000000000833,102.59999999999845,0,0001,0.0012019309
2015-01-01,18.600000000000833,102.69999999999844,0,0001,0.0013145539
2015-01-01,18.600000000000833,102.79999999999843,0,0001,0.001438621
2015-01-01,18.600000000000833,102.89999999999843,0,0001,0.0015594917
2015-01-01,18.50000000000083,102.29999999999846,0,0001,0.001031253
2015-01-01,18.50000000000083,102.39999999999846,0,0001,0.0010140496
2015-01-01,18.50000000000083,102.49999999999845,0,0001,0.0010989192
2015-01-01,18.50000000000083,102.59999999999845,0,0001,0.0012027579
2015-01-01,18.50000000000083,102.69999999999844,0,0001,0.0012842673
2015-01-01,18.50000000000083,102.79999999999843,0,0001,0.0013378221
2015-01-01,18.50000000000083,102.89999999999843,0,0001,0.0013918611
2015-01-01,18.40000000000083,102.29999999999846,0,0001,0.000994462
2015-01-01,18.40000000000083,102.39999999999846,0,0001,0.0009939703
2015-01-01,18.40000000000083,102.49999999999845,0,0001,0.0010807025
2015-01-01,18.40000000000083,102.59999999999845,0,0001,0.0011701467
2015-01-01,18.40000000000083,102.69999999999844,0,0001,0.0012237909
2015-01-01,18.40000000000083,102.79999999999843,0,0001,0.0012250873
2015-01-01,18.40000000000083,102.89999999999843,0,0001,0.0012262198
2015-01-01,18.30000000000083,102.29999999999846,0,0001,0.0009769234
2015-01-01,18.30000000000083,102.39999999999846,0,0001,0.00092690025
2015-01-01,18.30000000000083,102.49999999999845,0,0001,0.00097288523
2015-01-01,18.30000000000083,102.59999999999845,0,0001,0.0010210979
2015-01-01,18.30000000000083,102.69999999999844,0,0001,0.0010446492
2015-01-01,18.30000000000083,102.79999999999843,0,0001,0.0010321545
2015-01-01,18.30000000000083,102.89999999999843,0,0001,0.0010196897
2015-01-01,18.200000000000827,102.29999999999846,0,0001,0.000961918
2015-01-01,18.200000000000827,102.39999999999846,0,0001,0.0008613575
2015-01-01,18.200000000000827,102.49999999999845,0,0001,0.000854719
2015-01-01,18.200000000000827,102.59999999999845,0,0001,0.00085070316
2015-01-01,18.200000000000827,102.69999999999844,0,0001,0.00084413175
2015-01-01,18.200000000000827,102.79999999999843,0,0001,0.0008247081
2015-01-01,18.200000000000827,102.89999999999843,0,0001,0.0008039135
2015-02-01,18.700000000000834,102.29999999999846,0,0001,0.00072547345
2015-02-01,18.700000000000834,102.39999999999846,0,0001,0.00058619975
2015-02-01,18.700000000000834,102.49999999999845,0,0001,0.00070444046
2015-02-01,18.700000000000834,102.59999999999845,0,0001,0.00082762836
2015-02-01,18.700000000000834,102.69999999999844,0,0001,0.0008900121
2015-02-01,18.700000000000834,102.79999999999843,0,0001,0.00089039205
2015-02-01,18.700000000000834,102.89999999999843,0,0001,0.00088629423
2015-02-01,18.600000000000833,102.29999999999846,0,0001,0.00070444046
2015-02-01,18.600000000000833,102.39999999999846,0,0001,0.0006120905
2015-02-01,18.600000000000833,102.49999999999845,0,0001,0.0006808519
2015-02-01,18.600000000000833,102.59999999999845,0,0001,0.0007767558
2015-02-01,18.600000000000833,102.69999999999844,0,0001,0.0008481845
2015-02-01,18.600000000000833,102.79999999999843,0,0001,0.00088511704
2015-02-01,18.600000000000833,102.89999999999843,0,0001,0.00093631
2015-02-01,18.50000000000083,102.29999999999846,0,0001,0.00066154747
2015-02-01,18.50000000000083,102.39999999999846,0,0001,0.00058410614
2015-02-01,18.50000000000083,102.49999999999845,0,0001,0.0006134465
2015-02-01,18.50000000000083,102.59999999999845,0,0001,0.0006629035
2015-02-01,18.50000000000083,102.69999999999844,0,0001,0.00073211937
2015-02-01,18.50000000000083,102.79999999999843,0,0001,0.000828962
2015-02-01,18.50000000000083,102.89999999999843,0,0001,0.0009229958
2015-02-01,18.40000000000083,102.29999999999846,0,0001,0.00064463465
2015-02-01,18.40000000000083,102.39999999999846,0,0001,0.00057363807
2015-02-01,18.40000000000083,102.49999999999845,0,0001,0.00056812464
2015-02-01,18.40000000000083,102.59999999999845,0,0001,0.0005697861
2015-02-01,18.40000000000083,102.69999999999844,0,0001,0.00063171535
2015-02-01,18.40000000000083,102.79999999999843,0,0001,0.0007799521
2015-02-01,18.40000000000083,102.89999999999843,0,0001,0.00092803984
2015-02-01,18.30000000000083,102.29999999999846,0,0001,0.0007297501
2015-02-01,18.30000000000083,102.39999999999846,0,0001,0.0006608322
2015-02-01,18.30000000000083,102.49999999999845,0,0001,0.0006020248
2015-02-01,18.30000000000083,102.59999999999845,0,0001,0.0005457729
2015-02-01,18.30000000000083,102.69999999999844,0,0001,0.00059994607
2015-02-01,18.30000000000083,102.79999999999843,0,0001,0.0007856667
2015-02-01,18.30000000000083,102.89999999999843,0,0001,0.00097165554
2015-02-01,18.200000000000827,102.29999999999846,0,0001,0.00083621143
2015-02-01,18.200000000000827,102.39999999999846,0,0001,0.0007664889
2015-02-01,18.200000000000827,102.49999999999845,0,0001,0.00065248756
2015-02-01,18.200000000000827,102.59999999999845,0,0001,0.00053683965
2015-02-01,18.200000000000827,102.69999999999844,0,0001,0.0005906105
2015-02-01,18.200000000000827,102.79999999999843,0,0001,0.0008019611
2015-02-01,18.200000000000827,102.89999999999843,0,0001,0.0010230348
2015-03-01,18.700000000000834,102.29999999999846,0,0001,0.0024045839
2015-03-01,18.700000000000834,102.39999999999846,0,0001,0.002250543
2015-03-01,18.700000000000834,102.49999999999845,0,0001,0.0025444014
2015-03-01,18.700000000000834,102.59999999999845,0,0001,0.0028498305
2015-03-01,18.700000000000834,102.69999999999844,0,0001,0.002957946
2015-03-01,18.700000000000834,102.79999999999843,0,0001,0.0028487353
2015-03-01,18.700000000000834,102.89999999999843,0,0001,0.0027211963
2015-03-01,18.600000000000833,102.29999999999846,0,0001,0.0022121056
2015-03-01,18.600000000000833,102.39999999999846,0,0001,0.002178578
2015-03-01,18.600000000000833,102.49999999999845,0,0001,0.0024017899
2015-03-01,18.600000000000833,102.59999999999845,0,0001,0.002668461
2015-03-01,18.600000000000833,102.69999999999844,0,0001,0.0027780219
2015-03-01,18.600000000000833,102.79999999999843,0,0001,0.0027049168
2015-03-01,18.600000000000833,102.89999999999843,0,0001,0.0026689975
2015-03-01,18.50000000000083,102.29999999999846,0,0001,0.0018954336
2015-03-01,18.50000000000083,102.39999999999846,0,0001,0.0018977508
2015-03-01,18.50000000000083,102.49999999999845,0,0001,0.0020989312
2015-03-01,18.50000000000083,102.59999999999845,0,0001,0.002336426
2015-03-01,18.50000000000083,102.69999999999844,0,0001,0.0024487881
2015-03-01,18.50000000000083,102.79999999999843,0,0001,0.0024024977
2015-03-01,18.50000000000083,102.89999999999843,0,0001,0.0023583754
2015-03-01,18.40000000000083,102.29999999999846,0,0001,0.0016244635
2015-03-01,18.40000000000083,102.39999999999846,0,0001,0.0016341641
2015-03-01,18.40000000000083,102.49999999999845,0,0001,0.0018145352
2015-03-01,18.40000000000083,102.59999999999845,0,0001,0.0019989444
2015-03-01,18.40000000000083,102.69999999999844,0,0001,0.002101837
2015-03-01,18.40000000000083,102.79999999999843,0,0001,0.0020791723
2015-03-01,18.40000000000083,102.89999999999843,0,0001,0.00205653
2015-03-01,18.30000000000083,102.29999999999846,0,0001,0.001545003
2015-03-01,18.30000000000083,102.39999999999846,0,0001,0.0015083238
2015-03-01,18.30000000000083,102.49999999999845,0,0001,0.0015884027
2015-03-01,18.30000000000083,102.59999999999845,0,0001,0.0016733989
2015-03-01,18.30000000000083,102.69999999999844,0,0001,0.0017167613
2015-03-01,18.30000000000083,102.79999999999843,0,0001,0.0016937762
2015-03-01,18.30000000000083,102.89999999999843,0,0001,0.0016708582
2015-03-01,18.200000000000827,102.29999999999846,0,0001,0.0014989212
2015-03-01,18.200000000000827,102.39999999999846,0,0001,0.0014174193
2015-03-01,18.200000000000827,102.49999999999845,0,0001,0.0013800248
2015-03-01,18.200000000000827,102.59999999999845,0,0001,0.0013430848
2015-03-01,18.200000000000827,102.69999999999844,0,0001,0.001324965
2015-03-01,18.200000000000827,102.79999999999843,0,0001,0.0012998491
2015-03-01,18.200000000000827,102.89999999999843,0,0001,0.0012728706
2015-04-01,18.700000000000834,102.29999999999846,0,0001,0.0017109304
2015-04-01,18.700000000000834,102.39999999999846,0,0001,0.0017297207
2015-04-01,18.700000000000834,102.49999999999845,0,0001,0.0028453185
2015-04-01,18.700000000000834,102.59999999999845,0,0001,0.003984207
2015-04-01,18.700000000000834,102.69999999999844,0,0001,0.0042337268
2015-04-01,18.700000000000834,102.79999999999843,0,0001,0.0036001443
2015-04-01,18.700000000000834,102.89999999999843,0,0001,0.0028976514
2015-04-01,18.600000000000833,102.29999999999846,0,0001,0.0015899851
2015-04-01,18.600000000000833,102.39999999999846,0,0001,0.0017006113
2015-04-01,18.600000000000833,102.49999999999845,0,0001,0.0024688183
2015-04-01,18.600000000000833,102.59999999999845,0,0001,0.0033479943
2015-04-01,18.600000000000833,102.69999999999844,0,0001,0.0035736873
2015-04-01,18.600000000000833,102.79999999999843,0,0001,0.003015624
2015-04-01,18.600000000000833,102.89999999999843,0,0001,0.0025126426
2015-04-01,18.50000000000083,102.29999999999846,0,0001,0.0014925315
2015-04-01,18.50000000000083,102.39999999999846,0,0001,0.0014942079
2015-04-01,18.50000000000083,102.49999999999845,0,0001,0.0019015609
2015-04-01,18.50000000000083,102.59999999999845,0,0001,0.002387987
2015-04-01,18.50000000000083,102.69999999999844,0,0001,0.0025241314
2015-04-01,18.50000000000083,102.79999999999843,0,0001,0.0022372096
2015-04-01,18.50000000000083,102.89999999999843,0,0001,0.001959057
2015-04-01,18.40000000000083,102.29999999999846,0,0001,0.001408325
2015-04-01,18.40000000000083,102.39999999999846,0,0001,0.001308748
2015-04-01,18.40000000000083,102.49999999999845,0,0001,0.0014364137
2015-04-01,18.40000000000083,102.59999999999845,0,0001,0.0015664636
2015-04-01,18.40000000000083,102.69999999999844,0,0001,0.0016271635
2015-04-01,18.40000000000083,102.79999999999843,0,0001,0.0015634387
2015-04-01,18.40000000000083,102.89999999999843,0,0001,0.0014995052
2015-04-01,18.30000000000083,102.29999999999846,0,0001,0.0013789325
2015-04-01,18.30000000000083,102.39999999999846,0,0001,0.0012749746
2015-04-01,18.30000000000083,102.49999999999845,0,0001,0.0013474016
2015-04-01,18.30000000000083,102.59999999999845,0,0001,0.0014212369
2015-04-01,18.30000000000083,102.69999999999844,0,0001,0.0014579757
2015-04-01,18.30000000000083,102.79999999999843,0,0001,0.0014416068
2015-04-01,18.30000000000083,102.89999999999843,0,0001,0.0014254241
2015-04-01,18.200000000000827,102.29999999999846,0,0001,0.0013629957
2015-04-01,18.200000000000827,102.39999999999846,0,0001,0.0012761368
2015-04-01,18.200000000000827,102.49999999999845,0,0001,0.0013228222
2015-04-01,18.200000000000827,102.59999999999845,0,0001,0.0013727709
2015-04-01,18.200000000000827,102.69999999999844,0,0001,0.001407051
2015-04-01,18.200000000000827,102.79999999999843,0,0001,0.0014152764
2015-04-01,18.200000000000827,102.89999999999843,0,0001,0.0014211251
2015-05-01,18.700000000000834,102.29999999999846,0,0001,0.007185871
2015-05-01,18.700000000000834,102.39999999999846,0,0001,0.006188059
2015-05-01,18.700000000000834,102.49999999999845,0,0001,0.006597871
2015-05-01,18.700000000000834,102.59999999999845,0,0001,0.0070345644
2015-05-01,18.700000000000834,102.69999999999844,0,0001,0.00727717
2015-05-01,18.700000000000834,102.79999999999843,0,0001,0.0073155556
2015-05-01,18.700000000000834,102.89999999999843,0,0001,0.0073378924
2015-05-01,18.600000000000833,102.29999999999846,0,0001,0.006885225
2015-05-01,18.600000000000833,102.39999999999846,0,0001,0.006441543
2015-05-01,18.600000000000833,102.49999999999845,0,0001,0.0068041924
2015-05-01,18.600000000000833,102.59999999999845,0,0001,0.0073030833
2015-05-01,18.600000000000833,102.69999999999844,0,0001,0.007537881
2015-05-01,18.600000000000833,102.79999999999843,0,0001,0.007489914
2015-05-01,18.600000000000833,102.89999999999843,0,0001,0.0075438265
2015-05-01,18.50000000000083,102.29999999999846,0,0001,0.006571794
2015-05-01,18.50000000000083,102.39999999999846,0,0001,0.006509388
2015-05-01,18.50000000000083,102.49999999999845,0,0001,0.006982589
2015-05-01,18.50000000000083,102.59999999999845,0,0001,0.0075581763
2015-05-01,18.50000000000083,102.69999999999844,0,0001,0.007771576
2015-05-01,18.50000000000083,102.79999999999843,0,0001,0.0075157825
2015-05-01,18.50000000000083,102.89999999999843,0,0001,0.007320309
2015-05-01,18.40000000000083,102.29999999999846,0,0001,0.006274322
2015-05-01,18.40000000000083,102.39999999999846,0,0001,0.0064640287
2015-05-01,18.40000000000083,102.49999999999845,0,0001,0.006984884
2015-05-01,18.40000000000083,102.59999999999845,0,0001,0.007507989
2015-05-01,18.40000000000083,102.69999999999844,0,0001,0.0076929275
2015-05-01,18.40000000000083,102.79999999999843,0,0001,0.0073661897
2015-05-01,18.40000000000083,102.89999999999843,0,0001,0.007039169
2015-05-01,18.30000000000083,102.29999999999846,0,0001,0.006171385
2015-05-01,18.30000000000083,102.39999999999846,0,0001,0.0061986092
2015-05-01,18.30000000000083,102.49999999999845,0,0001,0.006271446
2015-05-01,18.30000000000083,102.59999999999845,0,0001,0.006367931
2015-05-01,18.30000000000083,102.69999999999844,0,0001,0.0064494703
2015-05-01,18.30000000000083,102.79999999999843,0,0001,0.006416792
2015-05-01,18.30000000000083,102.89999999999843,0,0001,0.0063841734
2015-05-01,18.200000000000827,102.29999999999846,0,0001,0.006126711
2015-05-01,18.200000000000827,102.39999999999846,0,0001,0.005926216
2015-05-01,18.200000000000827,102.49999999999845,0,0001,0.005482504
2015-05-01,18.200000000000827,102.59999999999845,0,0001,0.005029196
2015-05-01,18.200000000000827,102.69999999999844,0,0001,0.0050363336
2015-05-01,18.200000000000827,102.79999999999843,0,0001,0.0053364728
2015-05-01,18.200000000000827,102.89999999999843,0,0001,0.005650053
2015-06-01,18.700000000000834,102.29999999999846,0,0001,0.008258869
2015-06-01,18.700000000000834,102.39999999999846,0,0001,0.0079708295
2015-06-01,18.700000000000834,102.49999999999845,0,0001,0.008357604
2015-06-01,18.700000000000834,102.59999999999845,0,0001,0.008752328
2015-06-01,18.700000000000834,102.69999999999844,0,0001,0.0093372585
2015-06-01,18.700000000000834,102.79999999999843,0,0001,0.010116135
2015-06-01,18.700000000000834,102.89999999999843,0,0001,0.010909912
2015-06-01,18.600000000000833,102.29999999999846,0,0001,0.007917372
2015-06-01,18.600000000000833,102.39999999999846,0,0001,0.0077256085
2015-06-01,18.600000000000833,102.49999999999845,0,0001,0.008128402
2015-06-01,18.600000000000833,102.59999999999845,0,0001,0.008632493
2015-06-01,18.600000000000833,102.69999999999844,0,0001,0.009106022
2015-06-01,18.600000000000833,102.79999999999843,0,0001,0.0095962705
2015-06-01,18.600000000000833,102.89999999999843,0,0001,0.010070969
2015-06-01,18.50000000000083,102.29999999999846,0,0001,0.0076151984
2015-06-01,18.50000000000083,102.39999999999846,0,0001,0.007416715
2015-06-01,18.50000000000083,102.49999999999845,0,0001,0.007894923
2015-06-01,18.50000000000083,102.59999999999845,0,0001,0.008486559
2015-06-01,18.50000000000083,102.69999999999844,0,0001,0.008751337
2015-06-01,18.50000000000083,102.79999999999843,0,0001,0.008596678
2015-06-01,18.50000000000083,102.89999999999843,0,0001,0.008490455
2015-06-01,18.40000000000083,102.29999999999846,0,0001,0.007295613
2015-06-01,18.40000000000083,102.39999999999846,0,0001,0.0069961445
2015-06-01,18.40000000000083,102.49999999999845,0,0001,0.007525538
2015-06-01,18.40000000000083,102.59999999999845,0,0001,0.008074862
2015-06-01,18.40000000000083,102.69999999999844,0,0001,0.008192618
2015-06-01,18.40000000000083,102.79999999999843,0,0001,0.0076693418
2015-06-01,18.40000000000083,102.89999999999843,0,0001,0.0071461992
2015-06-01,18.30000000000083,102.29999999999846,0,0001,0.006876041
2015-06-01,18.30000000000083,102.39999999999846,0,0001,0.0064667286
2015-06-01,18.30000000000083,102.49999999999845,0,0001,0.0065986486
2015-06-01,18.30000000000083,102.59999999999845,0,0001,0.0067530693
2015-06-01,18.30000000000083,102.69999999999844,0,0001,0.0068135234
2015-06-01,18.30000000000083,102.79999999999843,0,0001,0.0066468986
2015-06-01,18.30000000000083,102.89999999999843,0,0001,0.006480065
2015-06-01,18.200000000000827,102.29999999999846,0,0001,0.006445979
2015-06-01,18.200000000000827,102.39999999999846,0,0001,0.0059830667
2015-06-01,18.200000000000827,102.49999999999845,0,0001,0.005618979
2015-06-01,18.200000000000827,102.59999999999845,0,0001,0.005253759
2015-06-01,18.200000000000827,102.69999999999844,0,0001,0.0053050416
2015-06-01,18.200000000000827,102.79999999999843,0,0001,0.0055901753
2015-06-01,18.200000000000827,102.89999999999843,0,0001,0.0058844136
2015-07-01,18.700000000000834,102.29999999999846,0,0001,0.023093626
2015-07-01,18.700000000000834,102.39999999999846,0,0001,0.022442669
2015-07-01,18.700000000000834,102.49999999999845,0,0001,0.020769931
2015-07-01,18.700000000000834,102.59999999999845,0,0001,0.019053444
2015-07-01,18.700000000000834,102.69999999999844,0,0001,0.018336028
2015-07-01,18.700000000000834,102.79999999999843,0,0001,0.01866924
2015-07-01,18.700000000000834,102.89999999999843,0,0001,0.019087128
2015-07-01,18.600000000000833,102.29999999999846,0,0001,0.02147685
2015-07-01,18.600000000000833,102.39999999999846,0,0001,0.02105239
2015-07-01,18.600000000000833,102.49999999999845,0,0001,0.02050472
2015-07-01,18.600000000000833,102.59999999999845,0,0001,0.019939676
2015-07-01,18.600000000000833,102.69999999999844,0,0001,0.019598521
2015-07-01,18.600000000000833,102.79999999999843,0,0001,0.019632064
2015-07-01,18.600000000000833,102.89999999999843,0,0001,0.019737214
2015-07-01,18.50000000000083,102.29999999999846,0,0001,0.019519217
2015-07-01,18.50000000000083,102.39999999999846,0,0001,0.019581415
2015-07-01,18.50000000000083,102.49999999999845,0,0001,0.02040629
2015-07-01,18.50000000000083,102.59999999999845,0,0001,0.021333084
2015-07-01,18.50000000000083,102.69999999999844,0,0001,0.021593153
2015-07-01,18.50000000000083,102.79999999999843,0,0001,0.020892292
2015-07-01,18.50000000000083,102.89999999999843,0,0001,0.020279802
2015-07-01,18.40000000000083,102.29999999999846,0,0001,0.01794833
2015-07-01,18.40000000000083,102.39999999999846,0,0001,0.01821483
2015-07-01,18.40000000000083,102.49999999999845,0,0001,0.020131342
2015-07-01,18.40000000000083,102.59999999999845,0,0001,0.022093564
2015-07-01,18.40000000000083,102.69999999999844,0,0001,0.022813745
2015-07-01,18.40000000000083,102.79999999999843,0,0001,0.02171135
2015-07-01,18.40000000000083,102.89999999999843,0,0001,0.020608842
2015-07-01,18.30000000000083,102.29999999999846,0,0001,0.017757826
2015-07-01,18.30000000000083,102.39999999999846,0,0001,0.017947033
2015-07-01,18.30000000000083,102.49999999999845,0,0001,0.01912348
2015-07-01,18.30000000000083,102.59999999999845,0,0001,0.020349719
2015-07-01,18.30000000000083,102.69999999999844,0,0001,0.02090571
2015-07-01,18.30000000000083,102.79999999999843,0,0001,0.020395897
2015-07-01,18.30000000000083,102.89999999999843,0,0001,0.019886114
2015-07-01,18.200000000000827,102.29999999999846,0,0001,0.017811365
2015-07-01,18.200000000000827,102.39999999999846,0,0001,0.017989643
2015-07-01,18.200000000000827,102.49999999999845,0,0001,0.018065497
2015-07-01,18.200000000000827,102.59999999999845,0,0001,0.018128932
2015-07-01,18.200000000000827,102.69999999999844,0,0001,0.018477842
2015-07-01,18.200000000000827,102.79999999999843,0,0001,0.018724278
2015-07-01,18.200000000000827,102.89999999999843,0,0001,0.018948935
2015-08-01,18.700000000000834,102.29999999999846,0,0001,0.015089627
2015-08-01,18.700000000000834,102.39999999999846,0,0001,0.014988329
2015-08-01,18.700000000000834,102.49999999999845,0,0001,0.014389154
2015-08-01,18.700000000000834,102.59999999999845,0,0001,0.013765421
2015-08-01,18.700000000000834,102.69999999999844,0,0001,0.013756346
2015-08-01,18.700000000000834,102.79999999999843,0,0001,0.01441643
2015-08-01,18.700000000000834,102.89999999999843,0,0001,0.015131492
2015-08-01,18.600000000000833,102.29999999999846,0,0001,0.013843294
2015-08-01,18.600000000000833,102.39999999999846,0,0001,0.013856906
2015-08-01,18.600000000000833,102.49999999999845,0,0001,0.013737891
2015-08-01,18.600000000000833,102.59999999999845,0,0001,0.013597239
2015-08-01,18.600000000000833,102.69999999999844,0,0001,0.013661597
2015-08-01,18.600000000000833,102.79999999999843,0,0001,0.014025006
2015-08-01,18.600000000000833,102.89999999999843,0,0001,0.014433231
2015-08-01,18.50000000000083,102.29999999999846,0,0001,0.012607347
2015-08-01,18.50000000000083,102.39999999999846,0,0001,0.012781952
2015-08-01,18.50000000000083,102.49999999999845,0,0001,0.013204914
2015-08-01,18.50000000000083,102.59999999999845,0,0001,0.013658036
2015-08-01,18.50000000000083,102.69999999999844,0,0001,0.013860729
2015-08-01,18.50000000000083,102.79999999999843,0,0001,0.013703834
2015-08-01,18.50000000000083,102.89999999999843,0,0001,0.013601746
2015-08-01,18.40000000000083,102.29999999999846,0,0001,0.011580873
2015-08-01,18.40000000000083,102.39999999999846,0,0001,0.011796791
2015-08-01,18.40000000000083,102.49999999999845,0,0001,0.012631383
2015-08-01,18.40000000000083,102.59999999999845,0,0001,0.013478044
2015-08-01,18.40000000000083,102.69999999999844,0,0001,0.013802219
2015-08-01,18.40000000000083,102.79999999999843,0,0001,0.013360631
2015-08-01,18.40000000000083,102.89999999999843,0,0001,0.012919258
2015-08-01,18.30000000000083,102.29999999999846,0,0001,0.011326801
2015-08-01,18.30000000000083,102.39999999999846,0,0001,0.0114146285
2015-08-01,18.30000000000083,102.49999999999845,0,0001,0.01187117
2015-08-01,18.30000000000083,102.59999999999845,0,0001,0.012351666
2015-08-01,18.30000000000083,102.69999999999844,0,0001,0.012654845
2015-08-01,18.30000000000083,102.79999999999843,0,0001,0.012616392
2015-08-01,18.30000000000083,102.89999999999843,0,0001,0.012578357
2015-08-01,18.200000000000827,102.29999999999846,0,0001,0.011193205
2015-08-01,18.200000000000827,102.39999999999846,0,0001,0.011181813
2015-08-01,18.200000000000827,102.49999999999845,0,0001,0.011113714
2015-08-01,18.200000000000827,102.59999999999845,0,0001,0.011040363
2015-08-01,18.200000000000827,102.69999999999844,0,0001,0.011333834
2015-08-01,18.200000000000827,102.79999999999843,0,0001,0.011793744
2015-08-01,18.200000000000827,102.89999999999843,0,0001,0.012256537
2015-09-01,18.700000000000834,102.29999999999846,0,0001,0.010835343
2015-09-01,18.700000000000834,102.39999999999846,0,0001,0.010654532
2015-09-01,18.700000000000834,102.49999999999845,0,0001,0.010201135
2015-09-01,18.700000000000834,102.59999999999845,0,0001,0.009734773
2015-09-01,18.700000000000834,102.69999999999844,0,0001,0.009790801
2015-09-01,18.700000000000834,102.79999999999843,0,0001,0.010407799
2015-09-01,18.700000000000834,102.89999999999843,0,0001,0.011070707
2015-09-01,18.600000000000833,102.29999999999846,0,0001,0.010274791
2015-09-01,18.600000000000833,102.39999999999846,0,0001,0.010221981
2015-09-01,18.600000000000833,102.49999999999845,0,0001,0.010275655
2015-09-01,18.600000000000833,102.59999999999845,0,0001,0.010349014
2015-09-01,18.600000000000833,102.69999999999844,0,0001,0.010463827
2015-09-01,18.600000000000833,102.79999999999843,0,0001,0.0107078785
2015-09-01,18.600000000000833,102.89999999999843,0,0001,0.010966935
2015-09-01,18.50000000000083,102.29999999999846,0,0001,0.009495654
2015-09-01,18.50000000000083,102.39999999999846,0,0001,0.0096629495
2015-09-01,18.50000000000083,102.49999999999845,0,0001,0.0103807235
2015-09-01,18.50000000000083,102.59999999999845,0,0001,0.011177891
2015-09-01,18.50000000000083,102.69999999999844,0,0001,0.01146368
2015-09-01,18.50000000000083,102.79999999999843,0,0001,0.011044898
2015-09-01,18.50000000000083,102.89999999999843,0,0001,0.010682815
2015-09-01,18.40000000000083,102.29999999999846,0,0001,0.008898758
2015-09-01,18.40000000000083,102.39999999999846,0,0001,0.00911183
2015-09-01,18.40000000000083,102.49999999999845,0,0001,0.010344424
2015-09-01,18.40000000000083,102.59999999999845,0,0001,0.011594989
2015-09-01,18.40000000000083,102.69999999999844,0,0001,0.012021148
2015-09-01,18.40000000000083,102.79999999999843,0,0001,0.0112329805
2015-09-01,18.40000000000083,102.89999999999843,0,0001,0.010444873
2015-09-01,18.30000000000083,102.29999999999846,0,0001,0.008962699
2015-09-01,18.30000000000083,102.39999999999846,0,0001,0.009014287
2015-09-01,18.30000000000083,102.49999999999845,0,0001,0.009724372
2015-09-01,18.30000000000083,102.59999999999845,0,0001,0.010467135
2015-09-01,18.30000000000083,102.69999999999844,0,0001,0.010799029
2015-09-01,18.30000000000083,102.79999999999843,0,0001,0.010459461
2015-09-01,18.30000000000083,102.89999999999843,0,0001,0.010120162
2015-09-01,18.200000000000827,102.29999999999846,0,0001,0.009135359
2015-09-01,18.200000000000827,102.39999999999846,0,0001,0.009074771
2015-09-01,18.200000000000827,102.49999999999845,0,0001,0.009058007
2015-09-01,18.200000000000827,102.59999999999845,0,0001,0.009037399
2015-09-01,18.200000000000827,102.69999999999844,0,0001,0.009278812
2015-09-01,18.200000000000827,102.79999999999843,0,0001,0.009515815
2015-09-01,18.200000000000827,102.89999999999843,0,0001,0.009742671
2015-10-01,18.700000000000834,102.29999999999846,0,0001,0.0045352923
2015-10-01,18.700000000000834,102.39999999999846,0,0001,0.0045204135
2015-10-01,18.700000000000834,102.49999999999845,0,0001,0.004590039
2015-10-01,18.700000000000834,102.59999999999845,0,0001,0.004660611
2015-10-01,18.700000000000834,102.69999999999844,0,0001,0.004641329
2015-10-01,18.700000000000834,102.79999999999843,0,0001,0.004526389
2015-10-01,18.700000000000834,102.89999999999843,0,0001,0.004404214
2015-10-01,18.600000000000833,102.29999999999846,0,0001,0.004488793
2015-10-01,18.600000000000833,102.39999999999846,0,0001,0.0045545446
2015-10-01,18.600000000000833,102.49999999999845,0,0001,0.0048326375
2015-10-01,18.600000000000833,102.59999999999845,0,0001,0.0051480876
2015-10-01,18.600000000000833,102.69999999999844,0,0001,0.0051962556
2015-10-01,18.600000000000833,102.79999999999843,0,0001,0.004969937
2015-10-01,18.600000000000833,102.89999999999843,0,0001,0.0047520297
2015-10-01,18.50000000000083,102.29999999999846,0,0001,0.004362543
2015-10-01,18.50000000000083,102.39999999999846,0,0001,0.0044534924
2015-10-01,18.50000000000083,102.49999999999845,0,0001,0.0050603496
2015-10-01,18.50000000000083,102.59999999999845,0,0001,0.0057452964
2015-10-01,18.50000000000083,102.69999999999844,0,0001,0.005949867
2015-10-01,18.50000000000083,102.79999999999843,0,0001,0.0055104094
2015-10-01,18.50000000000083,102.89999999999843,0,0001,0.0050877677
2015-10-01,18.40000000000083,102.29999999999846,0,0001,0.0043342533
2015-10-01,18.40000000000083,102.39999999999846,0,0001,0.004346815
2015-10-01,18.40000000000083,102.49999999999845,0,0001,0.005211708
2015-10-01,18.40000000000083,102.59999999999845,0,0001,0.0060940953
2015-10-01,18.40000000000083,102.69999999999844,0,0001,0.0063954266
2015-10-01,18.40000000000083,102.79999999999843,0,0001,0.0058337124
2015-10-01,18.40000000000083,102.89999999999843,0,0001,0.0052717
2015-10-01,18.30000000000083,102.29999999999846,0,0001,0.004614872
2015-10-01,18.30000000000083,102.39999999999846,0,0001,0.004541171
2015-10-01,18.30000000000083,102.49999999999845,0,0001,0.0050397934
2015-10-01,18.30000000000083,102.59999999999845,0,0001,0.005560701
2015-10-01,18.30000000000083,102.69999999999844,0,0001,0.005679612
2015-10-01,18.30000000000083,102.79999999999843,0,0001,0.0052125724
2015-10-01,18.30000000000083,102.89999999999843,0,0001,0.004746084
2015-10-01,18.200000000000827,102.29999999999846,0,0001,0.004945074
2015-10-01,18.200000000000827,102.39999999999846,0,0001,0.0048512938
2015-10-01,18.200000000000827,102.49999999999845,0,0001,0.004849364
2015-10-01,18.200000000000827,102.59999999999845,0,0001,0.0048459293
2015-10-01,18.200000000000827,102.69999999999844,0,0001,0.0047580125
2015-10-01,18.200000000000827,102.79999999999843,0,0001,0.0044383677
2015-10-01,18.200000000000827,102.89999999999843,0,0001,0.0040981444
2015-11-01,18.700000000000834,102.29999999999846,0,0001,0.00035738698
2015-11-01,18.700000000000834,102.39999999999846,0,0001,0.00042652836
2015-11-01,18.700000000000834,102.49999999999845,0,0001,0.0008588632
2015-11-01,18.700000000000834,102.59999999999845,0,0001,0.0012987008
2015-11-01,18.700000000000834,102.69999999999844,0,0001,0.0015354505
2015-11-01,18.700000000000834,102.79999999999843,0,0001,0.0015675997
2015-11-01,18.700000000000834,102.89999999999843,0,0001,0.001583611
2015-11-01,18.600000000000833,102.29999999999846,0,0001,0.00039148828
2015-11-01,18.600000000000833,102.39999999999846,0,0001,0.00049611676
2015-11-01,18.600000000000833,102.49999999999845,0,0001,0.00082889694
2015-11-01,18.600000000000833,102.59999999999845,0,0001,0.0012005618
2015-11-01,18.600000000000833,102.69999999999844,0,0001,0.001407591
2015-11-01,18.600000000000833,102.79999999999843,0,0001,0.0014236545
2015-11-01,18.600000000000833,102.89999999999843,0,0001,0.0014386451
2015-11-01,18.50000000000083,102.29999999999846,0,0001,0.0004993056
2015-11-01,18.50000000000083,102.39999999999846,0,0001,0.0005666067
2015-11-01,18.50000000000083,102.49999999999845,0,0001,0.00080388534
2015-11-01,18.50000000000083,102.59999999999845,0,0001,0.0010728141
2015-11-01,18.50000000000083,102.69999999999844,0,0001,0.0012221312
2015-11-01,18.50000000000083,102.79999999999843,0,0001,0.0012243515
2015-11-01,18.50000000000083,102.89999999999843,0,0001,0.0012254542
2015-11-01,18.40000000000083,102.29999999999846,0,0001,0.0005760466
2015-11-01,18.40000000000083,102.39999999999846,0,0001,0.0005988975
2015-11-01,18.40000000000083,102.49999999999845,0,0001,0.00076420355
2015-11-01,18.40000000000083,102.59999999999845,0,0001,0.0009316628
2015-11-01,18.40000000000083,102.69999999999844,0,0001,0.0010332739
2015-11-01,18.40000000000083,102.79999999999843,0,0001,0.0010330057
2015-11-01,18.40000000000083,102.89999999999843,0,0001,0.0010325586
2015-11-01,18.30000000000083,102.29999999999846,0,0001,0.0005337273
2015-11-01,18.30000000000083,102.39999999999846,0,0001,0.0005320807
2015-11-01,18.30000000000083,102.49999999999845,0,0001,0.0006608044
2015-11-01,18.30000000000083,102.59999999999845,0,0001,0.0007912864
2015-11-01,18.30000000000083,102.69999999999844,0,0001,0.00086711097
2015-11-01,18.30000000000083,102.79999999999843,0,0001,0.0008679976
2015-11-01,18.30000000000083,102.89999999999843,0,0001,0.0008692493
2015-11-01,18.200000000000827,102.29999999999846,0,0001,0.00047242394
2015-11-01,18.200000000000827,102.39999999999846,0,0001,0.00046049556
2015-11-01,18.200000000000827,102.49999999999845,0,0001,0.00055128086
2015-11-01,18.200000000000827,102.59999999999845,0,0001,0.00064500916
2015-11-01,18.200000000000827,102.69999999999844,0,0001,0.00070047873
2015-11-01,18.200000000000827,102.79999999999843,0,0001,0.0007074823
2015-11-01,18.200000000000827,102.89999999999843,0,0001,0.000710917
2015-12-01,18.700000000000834,102.29999999999846,0,0001,0.0012053497
2015-12-01,18.700000000000834,102.39999999999846,0,0001,0.0011015482
2015-12-01,18.700000000000834,102.49999999999845,0,0001,0.0013216309
2015-12-01,18.700000000000834,102.59999999999845,0,0001,0.0015500955
2015-12-01,18.700000000000834,102.69999999999844,0,0001,0.0015368782
2015-12-01,18.700000000000834,102.79999999999843,0,0001,0.0012729488
2015-12-01,18.700000000000834,102.89999999999843,0,0001,0.0009888209
2015-12-01,18.600000000000833,102.29999999999846,0,0001,0.0010683559
2015-12-01,18.600000000000833,102.39999999999846,0,0001,0.0009960778
2015-12-01,18.600000000000833,102.49999999999845,0,0001,0.0011199735
2015-12-01,18.600000000000833,102.59999999999845,0,0001,0.0012775682
2015-12-01,18.600000000000833,102.69999999999844,0,0001,0.0012570642
2015-12-01,18.600000000000833,102.79999999999843,0,0001,0.0010245465
2015-12-01,18.600000000000833,102.89999999999843,0,0001,0.0008086883
2015-12-01,18.50000000000083,102.29999999999846,0,0001,0.0009266012
2015-12-01,18.50000000000083,102.39999999999846,0,0001,0.0008240812
2015-12-01,18.50000000000083,102.49999999999845,0,0001,0.0008702599
2015-12-01,18.50000000000083,102.59999999999845,0,0001,0.00094400573
2015-12-01,18.50000000000083,102.69999999999844,0,0001,0.00091478456
2015-12-01,18.50000000000083,102.79999999999843,0,0001,0.0007582106
2015-12-01,18.50000000000083,102.89999999999843,0,0001,0.0006052651
2015-12-01,18.40000000000083,102.29999999999846,0,0001,0.0008060955
2015-12-01,18.40000000000083,102.39999999999846,0,0001,0.0006726109
2015-12-01,18.40000000000083,102.49999999999845,0,0001,0.0006643482
2015-12-01,18.40000000000083,102.59999999999845,0,0001,0.00066043664
2015-12-01,18.40000000000083,102.69999999999844,0,0001,0.00062161166
2015-12-01,18.40000000000083,102.79999999999843,0,0001,0.0005264454
2015-12-01,18.40000000000083,102.89999999999843,0,0001,0.00043119717
2015-12-01,18.30000000000083,102.29999999999846,0,0001,0.00075756985
2015-12-01,18.30000000000083,102.39999999999846,0,0001,0.00064124394
2015-12-01,18.30000000000083,102.49999999999845,0,0001,0.00062196184
2015-12-01,18.30000000000083,102.59999999999845,0,0001,0.00060312677
2015-12-01,18.30000000000083,102.69999999999844,0,0001,0.0005548321
2015-12-01,18.30000000000083,102.79999999999843,0,0001,0.0004674815
2015-12-01,18.30000000000083,102.89999999999843,0,0001,0.0003802799
2015-12-01,18.200000000000827,102.29999999999846,0,0001,0.0007235803
2015-12-01,18.200000000000827,102.39999999999846,0,0001,0.0006363489
2015-12-01,18.200000000000827,102.49999999999845,0,0001,0.00060653914
2015-12-01,18.200000000000827,102.59999999999845,0,0001,0.00057780225
2015-12-01,18.200000000000827,102.69999999999844,0,0001,0.00052306283
2015-12-01,18.200000000000827,102.79999999999843,0,0001,0.00043829757
2015-12-01,18.200000000000827,102.89999999999843,0,0001,0.00035159517
2016-01-01,18.700000000000834,102.29999999999846,0,0001,0.0024672274
2016-01-01,18.700000000000834,102.39999999999846,0,0001,0.0025078629
2016-01-01,18.700000000000834,102.49999999999845,0,0001,0.0027732824
2016-01-01,18.700000000000834,102.59999999999845,0,0001,0.0030409966
2016-01-01,18.700000000000834,102.69999999999844,0,0001,0.0032958884
2016-01-01,18.700000000000834,102.79999999999843,0,0001,0.0035387177
2016-01-01,18.700000000000834,102.89999999999843,0,0001,0.0037806605
2016-01-01,18.600000000000833,102.29999999999846,0,0001,0.00244121
2016-01-01,18.600000000000833,102.39999999999846,0,0001,0.002517191
2016-01-01,18.600000000000833,102.49999999999845,0,0001,0.0027376686
2016-01-01,18.600000000000833,102.59999999999845,0,0001,0.0029825394
2016-01-01,18.600000000000833,102.69999999999844,0,0001,0.0032233794
2016-01-01,18.600000000000833,102.79999999999843,0,0001,0.003460524
2016-01-01,18.600000000000833,102.89999999999843,0,0001,0.003694867
2016-01-01,18.50000000000083,102.29999999999846,0,0001,0.0024395112
2016-01-01,18.50000000000083,102.39999999999846,0,0001,0.0025099192
2016-01-01,18.50000000000083,102.49999999999845,0,0001,0.0026795764
2016-01-01,18.50000000000083,102.59999999999845,0,0001,0.0028680016
2016-01-01,18.50000000000083,102.69999999999844,0,0001,0.0030597572
2016-01-01,18.50000000000083,102.79999999999843,0,0001,0.0032608632
2016-01-01,18.50000000000083,102.89999999999843,0,0001,0.0034578417
2016-01-01,18.40000000000083,102.29999999999846,0,0001,0.0024436314
2016-01-01,18.40000000000083,102.39999999999846,0,0001,0.00249887
2016-01-01,18.40000000000083,102.49999999999845,0,0001,0.0026188616
2016-01-01,18.40000000000083,102.59999999999845,0,0001,0.0027417962
2016-01-01,18.40000000000083,102.69999999999844,0,0001,0.002885585
2016-01-01,18.40000000000083,102.79999999999843,0,0001,0.0030583788
2016-01-01,18.40000000000083,102.89999999999843,0,0001,0.0032310237
2016-01-01,18.30000000000083,102.29999999999846,0,0001,0.0024765257
2016-01-01,18.30000000000083,102.39999999999846,0,0001,0.0025001292
2016-01-01,18.30000000000083,102.49999999999845,0,0001,0.0025376205
2016-01-01,18.30000000000083,102.59999999999845,0,0001,0.0025791724
2016-01-01,18.30000000000083,102.69999999999844,0,0001,0.0026732062
2016-01-01,18.30000000000083,102.79999999999843,0,0001,0.0028266732
2016-01-01,18.30000000000083,102.89999999999843,0,0001,0.0029806097
2016-01-01,18.200000000000827,102.29999999999846,0,0001,0.0025141884
2016-01-01,18.200000000000827,102.39999999999846,0,0001,0.002507304
2016-01-01,18.200000000000827,102.49999999999845,0,0001,0.0024603356
2016-01-01,18.200000000000827,102.59999999999845,0,0001,0.002411512
2016-01-01,18.200000000000827,102.69999999999844,0,0001,0.0024587412
2016-01-01,18.200000000000827,102.79999999999843,0,0001,0.0025897373
2016-01-01,18.200000000000827,102.89999999999843,0,0001,0.0027258967
2016-02-01,18.700000000000834,102.29999999999846,0,0001,0.00022735122
2016-02-01,18.700000000000834,102.39999999999846,0,0001,0.00018600795
2016-02-01,18.700000000000834,102.49999999999845,0,0001,0.00024907713
2016-02-01,18.700000000000834,102.59999999999845,0,0001,0.00031575983
2016-02-01,18.700000000000834,102.69999999999844,0,0001,0.00033613716
2016-02-01,18.700000000000834,102.79999999999843,0,0001,0.0003059474
2016-02-01,18.700000000000834,102.89999999999843,0,0001,0.0002718014
2016-02-01,18.600000000000833,102.29999999999846,0,0001,0.00015480492
2016-02-01,18.600000000000833,102.39999999999846,0,0001,0.00013030741
2016-02-01,18.600000000000833,102.49999999999845,0,0001,0.00016335819
2016-02-01,18.600000000000833,102.59999999999845,0,0001,0.00020642999
2016-02-01,18.600000000000833,102.69999999999844,0,0001,0.00021853718
2016-02-01,18.600000000000833,102.79999999999843,0,0001,0.0001931307
2016-02-01,18.600000000000833,102.89999999999843,0,0001,0.00016963157
2016-02-01,18.50000000000083,102.29999999999846,0,0001,9.406779e-05
2016-02-01,18.50000000000083,102.39999999999846,0,0001,7.8697245e-05
2016-02-01,18.50000000000083,102.49999999999845,0,0001,9.362076e-05
2016-02-01,18.50000000000083,102.59999999999845,0,0001,0.00011479531
2016-02-01,18.50000000000083,102.69999999999844,0,0001,0.0001204503
2016-02-01,18.50000000000083,102.79999999999843,0,0001,0.00010788862
2016-02-01,18.50000000000083,102.89999999999843,0,0001,9.5513205e-05
2016-02-01,18.40000000000083,102.29999999999846,0,0001,4.191373e-05
2016-02-01,18.40000000000083,102.39999999999846,0,0001,3.4589808e-05
2016-02-01,18.40000000000083,102.49999999999845,0,0001,3.5699944e-05
2016-02-01,18.40000000000083,102.59999999999845,0,0001,3.7368874e-05
2016-02-01,18.40000000000083,102.69999999999844,0,0001,3.780846e-05
2016-02-01,18.40000000000083,102.79999999999843,0,0001,3.5580735e-05
2016-02-01,18.40000000000083,102.89999999999843,0,0001,3.344242e-05
2016-02-01,18.30000000000083,102.29999999999846,0,0001,2.7005117e-05
2016-02-01,18.30000000000083,102.39999999999846,0,0001,2.3391585e-05
2016-02-01,18.30000000000083,102.49999999999845,0,0001,2.1499138e-05
2016-02-01,18.30000000000083,102.59999999999845,0,0001,1.9763153e-05
2016-02-01,18.30000000000083,102.69999999999844,0,0001,1.8749874e-05
2016-02-01,18.30000000000083,102.79999999999843,0,0001,1.8332641e-05
2016-02-01,18.30000000000083,102.89999999999843,0,0001,1.8205981e-05
2016-02-01,18.200000000000827,102.29999999999846,0,0001,1.9912164e-05
2016-02-01,18.200000000000827,102.39999999999846,0,0001,1.7520528e-05
2016-02-01,18.200000000000827,102.49999999999845,0,0001,1.4450888e-05
2016-02-01,18.200000000000827,102.59999999999845,0,0001,1.1284391e-05
2016-02-01,18.200000000000827,102.69999999999844,0,0001,1.0032693e-05
2016-02-01,18.200000000000827,102.79999999999843,0,0001,1.0412673e-05
2016-02-01,18.200000000000827,102.89999999999843,0,0001,1.0807554e-05
2016-03-01,18.700000000000834,102.29999999999846,0,0001,9.4598625e-05
2016-03-01,18.700000000000834,102.39999999999846,0,0001,0.00010367343
2016-03-01,18.700000000000834,102.49999999999845,0,0001,0.00020097801
2016-03-01,18.700000000000834,102.59999999999845,0,0001,0.00029999623
2016-03-01,18.700000000000834,102.69999999999844,0,0001,0.00035662064
2016-03-01,18.700000000000834,102.79999999999843,0,0001,0.00037246058
2016-03-01,18.700000000000834,102.89999999999843,0,0001,0.00038527558
2016-03-01,18.600000000000833,102.29999999999846,0,0001,0.00010775635
2016-03-01,18.600000000000833,102.39999999999846,0,0001,0.00012401352
2016-03-01,18.600000000000833,102.49999999999845,0,0001,0.0001878799
2016-03-01,18.600000000000833,102.59999999999845,0,0001,0.00026019523
2016-03-01,18.600000000000833,102.69999999999844,0,0001,0.00030621001
2016-03-01,18.600000000000833,102.79999999999843,0,0001,0.0003202469
2016-03-01,18.600000000000833,102.89999999999843,0,0001,0.000339231
2016-03-01,18.50000000000083,102.29999999999846,0,0001,0.00013484666
2016-03-01,18.50000000000083,102.39999999999846,0,0001,0.00013870606
2016-03-01,18.50000000000083,102.49999999999845,0,0001,0.00016572187
2016-03-01,18.50000000000083,102.59999999999845,0,0001,0.00019755075
2016-03-01,18.50000000000083,102.69999999999844,0,0001,0.00022477517
2016-03-01,18.50000000000083,102.79999999999843,0,0001,0.00024885545
2016-03-01,18.50000000000083,102.89999999999843,0,0001,0.00027244398
2016-03-01,18.40000000000083,102.29999999999846,0,0001,0.00015867362
2016-03-01,18.40000000000083,102.39999999999846,0,0001,0.00015316019
2016-03-01,18.40000000000083,102.49999999999845,0,0001,0.00014867494
2016-03-01,18.40000000000083,102.59999999999845,0,0001,0.00014408538
2016-03-01,18.40000000000083,102.69999999999844,0,0001,0.00015403936
2016-03-01,18.40000000000083,102.79999999999843,0,0001,0.0001841695
2016-03-01,18.40000000000083,102.89999999999843,0,0001,0.00021428475
2016-03-01,18.30000000000083,102.29999999999846,0,0001,0.00016938755
2016-03-01,18.30000000000083,102.39999999999846,0,0001,0.00016631791
2016-03-01,18.30000000000083,102.49999999999845,0,0001,0.00014922628
2016-03-01,18.30000000000083,102.59999999999845,0,0001,0.00013253698
2016-03-01,18.30000000000083,102.69999999999844,0,0001,0.00013195584
2016-03-01,18.30000000000083,102.79999999999843,0,0001,0.00015266845
2016-03-01,18.30000000000083,102.89999999999843,0,0001,0.00017348537
2016-03-01,18.200000000000827,102.29999999999846,0,0001,0.00017874548
2016-03-01,18.200000000000827,102.39999999999846,0,0001,0.00017843256
2016-03-01,18.200000000000827,102.49999999999845,0,0001,0.00015363703
2016-03-01,18.200000000000827,102.59999999999845,0,0001,0.00012803683
2016-03-01,18.200000000000827,102.69999999999844,0,0001,0.00011875341
2016-03-01,18.200000000000827,102.79999999999843,0,0001,0.00012680003
2016-03-01,18.200000000000827,102.89999999999843,0,0001,0.00013587484
2016-04-01,18.700000000000834,102.29999999999846,0,0001,0.0026500917
2016-04-01,18.700000000000834,102.39999999999846,0,0001,0.0024473465
2016-04-01,18.700000000000834,102.49999999999845,0,0001,0.002539972
2016-04-01,18.700000000000834,102.59999999999845,0,0001,0.0026390126
2016-04-01,18.700000000000834,102.69999999999844,0,0001,0.0027720502
2016-04-01,18.700000000000834,102.79999999999843,0,0001,0.0029291383
2016-04-01,18.700000000000834,102.89999999999843,0,0001,0.003087776
2016-04-01,18.600000000000833,102.29999999999846,0,0001,0.0025338626
2016-04-01,18.600000000000833,102.39999999999846,0,0001,0.0023908264
2016-04-01,18.600000000000833,102.49999999999845,0,0001,0.0024120456
2016-04-01,18.600000000000833,102.59999999999845,0,0001,0.0024607799
2016-04-01,18.600000000000833,102.69999999999844,0,0001,0.0026155657
2016-04-01,18.600000000000833,102.79999999999843,0,0001,0.002878139
2016-04-01,18.600000000000833,102.89999999999843,0,0001,0.0031885898
2016-04-01,18.50000000000083,102.29999999999846,0,0001,0.0023580736
2016-04-01,18.50000000000083,102.39999999999846,0,0001,0.0022299907
2016-04-01,18.50000000000083,102.49999999999845,0,0001,0.0021877086
2016-04-01,18.50000000000083,102.59999999999845,0,0001,0.0021628684
2016-04-01,18.50000000000083,102.69999999999844,0,0001,0.0023224673
2016-04-01,18.50000000000083,102.79999999999843,0,0001,0.0027228466
2016-04-01,18.50000000000083,102.89999999999843,0,0001,0.0031113273
2016-04-01,18.40000000000083,102.29999999999846,0,0001,0.0021690226
2016-04-01,18.40000000000083,102.39999999999846,0,0001,0.0020485318
2016-04-01,18.40000000000083,102.49999999999845,0,0001,0.0019516817
2016-04-01,18.40000000000083,102.59999999999845,0,0001,0.0018683693
2016-04-01,18.40000000000083,102.69999999999844,0,0001,0.0020101836
2016-04-01,18.40000000000083,102.79999999999843,0,0001,0.0024846366
2016-04-01,18.40000000000083,102.89999999999843,0,0001,0.0029589182
2016-04-01,18.30000000000083,102.29999999999846,0,0001,0.0019483736
2016-04-01,18.30000000000083,102.39999999999846,0,0001,0.0018028787
2016-04-01,18.30000000000083,102.49999999999845,0,0001,0.0016660711
2016-04-01,18.30000000000083,102.59999999999845,0,0001,0.001531089
2016-04-01,18.30000000000083,102.69999999999844,0,0001,0.0016206077
2016-04-01,18.30000000000083,102.79999999999843,0,0001,0.0020075536
2016-04-01,18.30000000000083,102.89999999999843,0,0001,0.0023947677
2016-04-01,18.200000000000827,102.29999999999846,0,0001,0.0017248488
2016-04-01,18.200000000000827,102.39999999999846,0,0001,0.0015486649
2016-04-01,18.200000000000827,102.49999999999845,0,0001,0.0013762882
2016-04-01,18.200000000000827,102.59999999999845,0,0001,0.0012037328
2016-04-01,18.200000000000827,102.69999999999844,0,0001,0.0012369624
2016-04-01,18.200000000000827,102.79999999999843,0,0001,0.0014973676
2016-04-01,18.200000000000827,102.89999999999843,0,0001,0.0017733669
2016-05-01,18.700000000000834,102.29999999999846,0,0001,0.0074401884
2016-05-01,18.700000000000834,102.39999999999846,0,0001,0.0064745783
2016-05-01,18.700000000000834,102.49999999999845,0,0001,0.0066150366
2016-05-01,18.700000000000834,102.59999999999845,0,0001,0.00677281
2016-05-01,18.700000000000834,102.69999999999844,0,0001,0.007278779
2016-05-01,18.700000000000834,102.79999999999843,0,0001,0.008149811
2016-05-01,18.700000000000834,102.89999999999843,0,0001,0.009050959
2016-05-01,18.600000000000833,102.29999999999846,0,0001,0.007253745
2016-05-01,18.600000000000833,102.39999999999846,0,0001,0.0065462827
2016-05-01,18.600000000000833,102.49999999999845,0,0001,0.006550604
2016-05-01,18.600000000000833,102.59999999999845,0,0001,0.006675416
2016-05-01,18.600000000000833,102.69999999999844,0,0001,0.0071138977
2016-05-01,18.600000000000833,102.79999999999843,0,0001,0.007918724
2016-05-01,18.600000000000833,102.89999999999843,0,0001,0.008757853
2016-05-01,18.50000000000083,102.29999999999846,0,0001,0.0071131676
2016-05-01,18.50000000000083,102.39999999999846,0,0001,0.006554657
2016-05-01,18.50000000000083,102.49999999999845,0,0001,0.006467053
2016-05-01,18.50000000000083,102.59999999999845,0,0001,0.006469348
2016-05-01,18.50000000000083,102.69999999999844,0,0001,0.0067378967
2016-05-01,18.50000000000083,102.79999999999843,0,0001,0.0073599755
2016-05-01,18.50000000000083,102.89999999999843,0,0001,0.00798566
2016-05-01,18.40000000000083,102.29999999999846,0,0001,0.007095748
2016-05-01,18.40000000000083,102.39999999999846,0,0001,0.006639892
2016-05-01,18.40000000000083,102.49999999999845,0,0001,0.006467217
2016-05-01,18.40000000000083,102.59999999999845,0,0001,0.0063245236
2016-05-01,18.40000000000083,102.69999999999844,0,0001,0.006427893
2016-05-01,18.40000000000083,102.79999999999843,0,0001,0.0068977564
2016-05-01,18.40000000000083,102.89999999999843,0,0001,0.007367754
2016-05-01,18.30000000000083,102.29999999999846,0,0001,0.0075802593
2016-05-01,18.30000000000083,102.39999999999846,0,0001,0.0071696728
2016-05-01,18.30000000000083,102.49999999999845,0,0001,0.006757417
2016-05-01,18.30000000000083,102.59999999999845,0,0001,0.0063574105
2016-05-01,18.30000000000083,102.69999999999844,0,0001,0.006313616
2016-05-01,18.30000000000083,102.79999999999843,0,0001,0.0067063957
2016-05-01,18.30000000000083,102.89999999999843,0,0001,0.0070994585
2016-05-01,18.200000000000827,102.29999999999846,0,0001,0.008175173
2016-05-01,18.200000000000827,102.39999999999846,0,0001,0.007782796
2016-05-01,18.200000000000827,102.49999999999845,0,0001,0.007113555
2016-05-01,18.200000000000827,102.59999999999845,0,0001,0.0064341663
2016-05-01,18.200000000000827,102.69999999999844,0,0001,0.006256023
2016-05-01,18.200000000000827,102.79999999999843,0,0001,0.0065518855
2016-05-01,18.200000000000827,102.89999999999843,0,0001,0.0068772375
2016-06-01,18.700000000000834,102.29999999999846,0,0001,0.011236604
2016-06-01,18.700000000000834,102.39999999999846,0,0001,0.011196945
2016-06-01,18.700000000000834,102.49999999999845,0,0001,0.011256564
2016-06-01,18.700000000000834,102.59999999999845,0,0001,0.011306692
2016-06-01,18.700000000000834,102.69999999999844,0,0001,0.011553664
2016-06-01,18.700000000000834,102.79999999999843,0,0001,0.012051623
2016-06-01,18.700000000000834,102.89999999999843,0,0001,0.012572449
2016-06-01,18.600000000000833,102.29999999999846,0,0001,0.0106410645
2016-06-01,18.600000000000833,102.39999999999846,0,0001,0.010833036
2016-06-01,18.600000000000833,102.49999999999845,0,0001,0.011296611
2016-06-01,18.600000000000833,102.59999999999845,0,0001,0.011807699
2016-06-01,18.600000000000833,102.69999999999844,0,0001,0.012013312
2016-06-01,18.600000000000833,102.79999999999843,0,0001,0.011961769
2016-06-01,18.600000000000833,102.89999999999843,0,0001,0.011917409
2016-06-01,18.50000000000083,102.29999999999846,0,0001,0.009907138
2016-06-01,18.50000000000083,102.39999999999846,0,0001,0.010242332
2016-06-01,18.50000000000083,102.49999999999845,0,0001,0.0112441145
2016-06-01,18.50000000000083,102.59999999999845,0,0001,0.0123476945
2016-06-01,18.50000000000083,102.69999999999844,0,0001,0.012577567
2016-06-01,18.50000000000083,102.79999999999843,0,0001,0.011649687
2016-06-01,18.50000000000083,102.89999999999843,0,0001,0.010809239
2016-06-01,18.40000000000083,102.29999999999846,0,0001,0.0092730485
2016-06-01,18.40000000000083,102.39999999999846,0,0001,0.0095702745
2016-06-01,18.40000000000083,102.49999999999845,0,0001,0.010970201
2016-06-01,18.40000000000083,102.59999999999845,0,0001,0.012370829
2016-06-01,18.40000000000083,102.69999999999844,0,0001,0.01264571
2016-06-01,18.40000000000083,102.79999999999843,0,0001,0.0112517215
2016-06-01,18.40000000000083,102.89999999999843,0,0001,0.009858239
2016-06-01,18.30000000000083,102.29999999999846,0,0001,0.008987773
2016-06-01,18.30000000000083,102.39999999999846,0,0001,0.009032045
2016-06-01,18.30000000000083,102.49999999999845,0,0001,0.009792041
2016-06-01,18.30000000000083,102.59999999999845,0,0001,0.01058973
2016-06-01,18.30000000000083,102.69999999999844,0,0001,0.010782134
2016-06-01,18.30000000000083,102.79999999999843,0,0001,0.0100161545
2016-06-01,18.30000000000083,102.89999999999843,0,0001,0.0092503615
2016-06-01,18.200000000000827,102.29999999999846,0,0001,0.00875416
2016-06-01,18.200000000000827,102.39999999999846,0,0001,0.008608345
2016-06-01,18.200000000000827,102.49999999999845,0,0001,0.008526828
2016-06-01,18.200000000000827,102.59999999999845,0,0001,0.008441504
2016-06-01,18.200000000000827,102.69999999999844,0,0001,0.008585665
2016-06-01,18.200000000000827,102.79999999999843,0,0001,0.008624051
2016-06-01,18.200000000000827,102.89999999999843,0,0001,0.008644085
2016-07-01,18.700000000000834,102.29999999999846,0,0001,0.012007708
2016-07-01,18.700000000000834,102.39999999999846,0,0001,0.0121553335
2016-07-01,18.700000000000834,102.49999999999845,0,0001,0.011892119
2016-07-01,18.700000000000834,102.59999999999845,0,0001,0.011610279
2016-07-01,18.700000000000834,102.69999999999844,0,0001,0.01152047
2016-07-01,18.700000000000834,102.79999999999843,0,0001,0.011640558
2016-07-01,18.700000000000834,102.89999999999843,0,0001,0.011777768
2016-07-01,18.600000000000833,102.29999999999846,0,0001,0.011389533
2016-07-01,18.600000000000833,102.39999999999846,0,0001,0.011574874
2016-07-01,18.600000000000833,102.49999999999845,0,0001,0.011719221
2016-07-01,18.600000000000833,102.59999999999845,0,0001,0.011858413
2016-07-01,18.600000000000833,102.69999999999844,0,0001,0.011931831
2016-07-01,18.600000000000833,102.79999999999843,0,0001,0.0119697545
2016-07-01,18.600000000000833,102.89999999999843,0,0001,0.012080589
2016-07-01,18.50000000000083,102.29999999999846,0,0001,0.010541329
2016-07-01,18.50000000000083,102.39999999999846,0,0001,0.010810534
2016-07-01,18.50000000000083,102.49999999999845,0,0001,0.01143677
2016-07-01,18.50000000000083,102.59999999999845,0,0001,0.012110809
2016-07-01,18.50000000000083,102.69999999999844,0,0001,0.012428829
2016-07-01,18.50000000000083,102.79999999999843,0,0001,0.012250552
2016-07-01,18.50000000000083,102.89999999999843,0,0001,0.012127722
2016-07-01,18.40000000000083,102.29999999999846,0,0001,0.009945551
2016-07-01,18.40000000000083,102.39999999999846,0,0001,0.010159621
2016-07-01,18.40000000000083,102.49999999999845,0,0001,0.011103356
2016-07-01,18.40000000000083,102.59999999999845,0,0001,0.012063885
2016-07-01,18.40000000000083,102.69999999999844,0,0001,0.012560243
2016-07-01,18.40000000000083,102.79999999999843,0,0001,0.012359465
2016-07-01,18.40000000000083,102.89999999999843,0,0001,0.012158776
2016-07-01,18.30000000000083,102.29999999999846,0,0001,0.010264957
2016-07-01,18.30000000000083,102.39999999999846,0,0001,0.010238493
2016-07-01,18.30000000000083,102.49999999999845,0,0001,0.010515252
2016-07-01,18.30000000000083,102.59999999999845,0,0001,0.010830173
2016-07-01,18.30000000000083,102.69999999999844,0,0001,0.011251727
2016-07-01,18.30000000000083,102.79999999999843,0,0001,0.011643121
2016-07-01,18.30000000000083,102.89999999999843,0,0001,0.012034738
2016-07-01,18.200000000000827,102.29999999999846,0,0001,0.010720009
2016-07-01,18.200000000000827,102.39999999999846,0,0001,0.010493109
2016-07-01,18.200000000000827,102.49999999999845,0,0001,0.009942526
2016-07-01,18.200000000000827,102.59999999999845,0,0001,0.009377176
2016-07-01,18.200000000000827,102.69999999999844,0,0001,0.009753773
2016-07-01,18.200000000000827,102.79999999999843,0,0001,0.010791475
2016-07-01,18.200000000000827,102.89999999999843,0,0001,0.011861498
2016-08-01,18.700000000000834,102.29999999999846,0,0001,0.015730446
2016-08-01,18.700000000000834,102.39999999999846,0,0001,0.016975423
2016-08-01,18.700000000000834,102.49999999999845,0,0001,0.019241786
2016-08-01,18.700000000000834,102.59999999999845,0,0001,0.021513192
2016-08-01,18.700000000000834,102.69999999999844,0,0001,0.023109442
2016-08-01,18.700000000000834,102.79999999999843,0,0001,0.024081258
2016-08-01,18.700000000000834,102.89999999999843,0,0001,0.025007
2016-08-01,18.600000000000833,102.29999999999846,0,0001,0.014884761
2016-08-01,18.600000000000833,102.39999999999846,0,0001,0.016251443
2016-08-01,18.600000000000833,102.49999999999845,0,0001,0.018633312
2016-08-01,18.600000000000833,102.59999999999845,0,0001,0.021189144
2016-08-01,18.600000000000833,102.69999999999844,0,0001,0.022714926
2016-08-01,18.600000000000833,102.79999999999843,0,0001,0.02314551
2016-08-01,18.600000000000833,102.89999999999843,0,0001,0.023496171
2016-08-01,18.50000000000083,102.29999999999846,0,0001,0.014139069
2016-08-01,18.50000000000083,102.39999999999846,0,0001,0.015556192
2016-08-01,18.50000000000083,102.49999999999845,0,0001,0.018131403
2016-08-01,18.50000000000083,102.59999999999845,0,0001,0.020901954
2016-08-01,18.50000000000083,102.69999999999844,0,0001,0.022237582
2016-08-01,18.50000000000083,102.79999999999843,0,0001,0.021723984
2016-08-01,18.50000000000083,102.89999999999843,0,0001,0.0212744
2016-08-01,18.40000000000083,102.29999999999846,0,0001,0.013643427
2016-08-01,18.40000000000083,102.39999999999846,0,0001,0.014913803
2016-08-01,18.40000000000083,102.49999999999845,0,0001,0.017630188
2016-08-01,18.40000000000083,102.59999999999845,0,0001,0.020337587
2016-08-01,18.40000000000083,102.69999999999844,0,0001,0.021537041
2016-08-01,18.40000000000083,102.79999999999843,0,0001,0.020488841
2016-08-01,18.40000000000083,102.89999999999843,0,0001,0.019440426
2016-08-01,18.30000000000083,102.29999999999846,0,0001,0.0140990075
2016-08-01,18.30000000000083,102.39999999999846,0,0001,0.015024899
2016-08-01,18.30000000000083,102.49999999999845,0,0001,0.017062305
2016-08-01,18.30000000000083,102.59999999999845,0,0001,0.019138342
2016-08-01,18.30000000000083,102.69999999999844,0,0001,0.02009443
2016-08-01,18.30000000000083,102.79999999999843,0,0001,0.019455766
2016-08-01,18.30000000000083,102.89999999999843,0,0001,0.018817035
2016-08-01,18.200000000000827,102.29999999999846,0,0001,0.01469676
2016-08-01,18.200000000000827,102.39999999999846,0,0001,0.015374137
2016-08-01,18.200000000000827,102.49999999999845,0,0001,0.016543163
2016-08-01,18.200000000000827,102.59999999999845,0,0001,0.017720377
2016-08-01,18.200000000000827,102.69999999999844,0,0001,0.018458238
2016-08-01,18.200000000000827,102.79999999999843,0,0001,0.018428033
2016-08-01,18.200000000000827,102.89999999999843,0,0001,0.018333463
2016-09-01,18.700000000000834,102.29999999999846,0,0001,0.011428429
2016-09-01,18.700000000000834,102.39999999999846,0,0001,0.011843888
2016-09-01,18.700000000000834,102.49999999999845,0,0001,0.012465505
2016-09-01,18.700000000000834,102.59999999999845,0,0001,0.01308283
2016-09-01,18.700000000000834,102.69999999999844,0,0001,0.013322739
2016-09-01,18.700000000000834,102.79999999999843,0,0001,0.013192726
2016-09-01,18.700000000000834,102.89999999999843,0,0001,0.01303388
2016-09-01,18.600000000000833,102.29999999999846,0,0001,0.010902537
2016-09-01,18.600000000000833,102.39999999999846,0,0001,0.011355801
2016-09-01,18.600000000000833,102.49999999999845,0,0001,0.012258334
2016-09-01,18.600000000000833,102.59999999999845,0,0001,0.013238845
2016-09-01,18.600000000000833,102.69999999999844,0,0001,0.0136115085
2016-09-01,18.600000000000833,102.79999999999843,0,0001,0.013333527
2016-09-01,18.600000000000833,102.89999999999843,0,0001,0.01310545
2016-09-01,18.50000000000083,102.29999999999846,0,0001,0.010372264
2016-09-01,18.50000000000083,102.39999999999846,0,0001,0.010798452
2016-09-01,18.50000000000083,102.49999999999845,0,0001,0.012092633
2016-09-01,18.50000000000083,102.59999999999845,0,0001,0.013522146
2016-09-01,18.50000000000083,102.69999999999844,0,0001,0.014078407
2016-09-01,18.50000000000083,102.79999999999843,0,0001,0.013481585
2016-09-01,18.50000000000083,102.89999999999843,0,0001,0.012950672
2016-09-01,18.40000000000083,102.29999999999846,0,0001,0.009939222
2016-09-01,18.40000000000083,102.39999999999846,0,0001,0.010180054
2016-09-01,18.40000000000083,102.49999999999845,0,0001,0.011751039
2016-09-01,18.40000000000083,102.59999999999845,0,0001,0.013344524
2016-09-01,18.40000000000083,102.69999999999844,0,0001,0.014022065
2016-09-01,18.40000000000083,102.79999999999843,0,0001,0.013326777
2016-09-01,18.40000000000083,102.89999999999843,0,0001,0.01263213
2016-09-01,18.30000000000083,102.29999999999846,0,0001,0.009771107
2016-09-01,18.30000000000083,102.39999999999846,0,0001,0.009834511
2016-09-01,18.30000000000083,102.49999999999845,0,0001,0.010668991
2016-09-01,18.30000000000083,102.59999999999845,0,0001,0.011546461
2016-09-01,18.30000000000083,102.69999999999844,0,0001,0.012023417
2016-09-01,18.30000000000083,102.79999999999843,0,0001,0.01181869
2016-09-01,18.30000000000083,102.89999999999843,0,0001,0.011614261
2016-09-01,18.200000000000827,102.29999999999846,0,0001,0.009645177
2016-09-01,18.200000000000827,102.39999999999846,0,0001,0.009634359
2016-09-01,18.200000000000827,102.49999999999845,0,0001,0.009534223
2016-09-01,18.200000000000827,102.59999999999845,0,0001,0.009424536
2016-09-01,18.200000000000827,102.69999999999844,0,0001,0.009714304
2016-09-01,18.200000000000827,102.79999999999843,0,0001,0.010090349
2016-09-01,18.200000000000827,102.89999999999843,0,0001,0.010460852
2016-10-01,18.700000000000834,102.29999999999846,0,0001,0.0052020876
2016-10-01,18.700000000000834,102.39999999999846,0,0001,0.00551607
2016-10-01,18.700000000000834,102.49999999999845,0,0001,0.005549933
2016-10-01,18.700000000000834,102.59999999999845,0,0001,0.0055817915
2016-10-01,18.700000000000834,102.69999999999844,0,0001,0.005625072
2016-10-01,18.700000000000834,102.79999999999843,0,0001,0.0056430353
2016-10-01,18.700000000000834,102.89999999999843,0,0001,0.005657415
2016-10-01,18.600000000000833,102.29999999999846,0,0001,0.0050573153
2016-10-01,18.600000000000833,102.39999999999846,0,0001,0.0053488566
2016-10-01,18.600000000000833,102.49999999999845,0,0001,0.0056640087
2016-10-01,18.600000000000833,102.59999999999845,0,0001,0.0059847785
2016-10-01,18.600000000000833,102.69999999999844,0,0001,0.0061038313
2016-10-01,18.600000000000833,102.79999999999843,0,0001,0.006033669
2016-10-01,18.600000000000833,102.89999999999843,0,0001,0.0059604673
2016-10-01,18.50000000000083,102.29999999999846,0,0001,0.00470947
2016-10-01,18.50000000000083,102.39999999999846,0,0001,0.0049672676
2016-10-01,18.50000000000083,102.49999999999845,0,0001,0.005703713
2016-10-01,18.50000000000083,102.59999999999845,0,0001,0.0065067513
2016-10-01,18.50000000000083,102.69999999999844,0,0001,0.0068216203
2016-10-01,18.50000000000083,102.79999999999843,0,0001,0.006474438
2016-10-01,18.50000000000083,102.89999999999843,0,0001,0.0061434535
2016-10-01,18.40000000000083,102.29999999999846,0,0001,0.0044494
2016-10-01,18.40000000000083,102.39999999999846,0,0001,0.0045649884
2016-10-01,18.40000000000083,102.49999999999845,0,0001,0.005644026
2016-10-01,18.40000000000083,102.59999999999845,0,0001,0.006744194
2016-10-01,18.40000000000083,102.69999999999844,0,0001,0.007202643
2016-10-01,18.40000000000083,102.79999999999843,0,0001,0.00671121
2016-10-01,18.40000000000083,102.89999999999843,0,0001,0.0062197326
2016-10-01,18.30000000000083,102.29999999999846,0,0001,0.004430766
2016-10-01,18.30000000000083,102.39999999999846,0,0001,0.004430498
2016-10-01,18.30000000000083,102.49999999999845,0,0001,0.005175258
2016-10-01,18.30000000000083,102.59999999999845,0,0001,0.005942176
2016-10-01,18.30000000000083,102.69999999999844,0,0001,0.006287555
2016-10-01,18.30000000000083,102.79999999999843,0,0001,0.0060085533
2016-10-01,18.30000000000083,102.89999999999843,0,0001,0.005729626
2016-10-01,18.200000000000827,102.29999999999846,0,0001,0.004439804
2016-10-01,18.200000000000827,102.39999999999846,0,0001,0.004418942
2016-10-01,18.200000000000827,102.49999999999845,0,0001,0.0046729622
2016-10-01,18.200000000000827,102.59999999999845,0,0001,0.0049307523
2016-10-01,18.200000000000827,102.69999999999844,0,0001,0.00514591
2016-10-01,18.200000000000827,102.79999999999843,0,0001,0.005150716
2016-10-01,18.200000000000827,102.89999999999843,0,0001,0.00513574
2016-11-01,18.700000000000834,102.29999999999846,0,0001,0.0030108022
2016-11-01,18.700000000000834,102.39999999999846,0,0001,0.0027085321
2016-11-01,18.700000000000834,102.49999999999845,0,0001,0.00262972
2016-11-01,18.700000000000834,102.59999999999845,0,0001,0.002561115
2016-11-01,18.700000000000834,102.69999999999844,0,0001,0.0023834037
2016-11-01,18.700000000000834,102.79999999999843,0,0001,0.0020783918
2016-11-01,18.700000000000834,102.89999999999843,0,0001,0.0017626511
2016-11-01,18.600000000000833,102.29999999999846,0,0001,0.0030894505
2016-11-01,18.600000000000833,102.39999999999846,0,0001,0.0027913528
2016-11-01,18.600000000000833,102.49999999999845,0,0001,0.0026543664
2016-11-01,18.600000000000833,102.59999999999845,0,0001,0.0025452601
2016-11-01,18.600000000000833,102.69999999999844,0,0001,0.002326362
2016-11-01,18.600000000000833,102.79999999999843,0,0001,0.001987748
2016-11-01,18.600000000000833,102.89999999999843,0,0001,0.0016657638
2016-11-01,18.50000000000083,102.29999999999846,0,0001,0.003111549
2016-11-01,18.50000000000083,102.39999999999846,0,0001,0.0027848112
2016-11-01,18.50000000000083,102.49999999999845,0,0001,0.0026404934
2016-11-01,18.50000000000083,102.59999999999845,0,0001,0.0025266635
2016-11-01,18.50000000000083,102.69999999999844,0,0001,0.0022879469
2016-11-01,18.50000000000083,102.79999999999843,0,0001,0.0018893408
2016-11-01,18.50000000000083,102.89999999999843,0,0001,0.0015034156
2016-11-01,18.40000000000083,102.29999999999846,0,0001,0.0032249915
2016-11-01,18.40000000000083,102.39999999999846,0,0001,0.0028428661
2016-11-01,18.40000000000083,102.49999999999845,0,0001,0.0026878195
2016-11-01,18.40000000000083,102.59999999999845,0,0001,0.0025375115
2016-11-01,18.40000000000083,102.69999999999844,0,0001,0.002276771
2016-11-01,18.40000000000083,102.79999999999843,0,0001,0.0018493312
2016-11-01,18.40000000000083,102.89999999999843,0,0001,0.0014217722
2016-11-01,18.30000000000083,102.29999999999846,0,0001,0.0036812352
2016-11-01,18.30000000000083,102.39999999999846,0,0001,0.0032247233
2016-11-01,18.30000000000083,102.49999999999845,0,0001,0.0029549228
2016-11-01,18.30000000000083,102.59999999999845,0,0001,0.0026915597
2016-11-01,18.30000000000083,102.69999999999844,0,0001,0.002384104
2016-11-01,18.30000000000083,102.79999999999843,0,0001,0.001998611
2016-11-01,18.30000000000083,102.89999999999843,0,0001,0.0016133266
2016-11-01,18.200000000000827,102.29999999999846,0,0001,0.0041871294
2016-11-01,18.200000000000827,102.39999999999846,0,0001,0.0036764222
2016-11-01,18.200000000000827,102.49999999999845,0,0001,0.0032664763
2016-11-01,18.200000000000827,102.59999999999845,0,0001,0.0028587359
2016-11-01,18.200000000000827,102.69999999999844,0,0001,0.0025085735
2016-11-01,18.200000000000827,102.79999999999843,0,0001,0.0021761435
2016-11-01,18.200000000000827,102.89999999999843,0,0001,0.0018436837
2016-12-01,18.700000000000834,102.29999999999846,0,0001,0.00029491802
2016-12-01,18.700000000000834,102.39999999999846,0,0001,0.00027774443
2016-12-01,18.700000000000834,102.49999999999845,0,0001,0.00038021227
2016-12-01,18.700000000000834,102.59999999999845,0,0001,0.00048446824
2016-12-01,18.700000000000834,102.69999999999844,0,0001,0.0005107092
2016-12-01,18.700000000000834,102.79999999999843,0,0001,0.0004595535
2016-12-01,18.700000000000834,102.89999999999843,0,0001,0.0004025193
2016-12-01,18.600000000000833,102.29999999999846,0,0001,0.0002773719
2016-12-01,18.600000000000833,102.39999999999846,0,0001,0.00027320703
2016-12-01,18.600000000000833,102.49999999999845,0,0001,0.0003499331
2016-12-01,18.600000000000833,102.59999999999845,0,0001,0.00044071098
2016-12-01,18.600000000000833,102.69999999999844,0,0001,0.00046343525
2016-12-01,18.600000000000833,102.79999999999843,0,0001,0.00040710886
2016-12-01,18.600000000000833,102.89999999999843,0,0001,0.0003492551
2016-12-01,18.50000000000083,102.29999999999846,0,0001,0.00027891417
2016-12-01,18.50000000000083,102.39999999999846,0,0001,0.00027147104
2016-12-01,18.50000000000083,102.49999999999845,0,0001,0.00032395293
2016-12-01,18.50000000000083,102.59999999999845,0,0001,0.00038744678
2016-12-01,18.50000000000083,102.69999999999844,0,0001,0.00039502402
2016-12-01,18.50000000000083,102.79999999999843,0,0001,0.0003331544
2016-12-01,18.50000000000083,102.89999999999843,0,0001,0.00027270784
2016-12-01,18.40000000000083,102.29999999999846,0,0001,0.00028000196
2016-12-01,18.40000000000083,102.39999999999846,0,0001,0.0002645718
2016-12-01,18.40000000000083,102.49999999999845,0,0001,0.00029756298
2016-12-01,18.40000000000083,102.59999999999845,0,0001,0.00033050944
2016-12-01,18.40000000000083,102.69999999999844,0,0001,0.00032735785
2016-12-01,18.40000000000083,102.79999999999843,0,0001,0.00026881864
2016-12-01,18.40000000000083,102.89999999999843,0,0001,0.00021019002
2016-12-01,18.30000000000083,102.29999999999846,0,0001,0.00028100034
2016-12-01,18.30000000000083,102.39999999999846,0,0001,0.00025595893
2016-12-01,18.30000000000083,102.49999999999845,0,0001,0.00026687403
2016-12-01,18.30000000000083,102.59999999999845,0,0001,0.00027918984
2016-12-01,18.30000000000083,102.69999999999844,0,0001,0.00027260353
2016-12-01,18.30000000000083,102.79999999999843,0,0001,0.00023652037
2016-12-01,18.30000000000083,102.89999999999843,0,0001,0.00020042976
2016-12-01,18.200000000000827,102.29999999999846,0,0001,0.00028269907
2016-12-01,18.200000000000827,102.39999999999846,0,0001,0.00025031884
2016-12-01,18.200000000000827,102.49999999999845,0,0001,0.00023775717
2016-12-01,18.200000000000827,102.59999999999845,0,0001,0.00022553821
2016-12-01,18.200000000000827,102.69999999999844,0,0001,0.00021932443
2016-12-01,18.200000000000827,102.79999999999843,0,0001,0.00020922144
2016-12-01,18.200000000000827,102.89999999999843,0,0001,0.0001984926
2017-01-01,18.700000000000834,102.29999999999846,0,0001,0.0012059513
2017-01-01,18.700000000000834,102.39999999999846,0,0001,0.0011034537
2017-01-01,18.700000000000834,102.49999999999845,0,0001,0.0011519719
2017-01-01,18.700000000000834,102.59999999999845,0,0001,0.0012038577
2017-01-01,18.700000000000834,102.69999999999844,0,0001,0.0012971241
2017-01-01,18.700000000000834,102.79999999999843,0,0001,0.0014312718
2017-01-01,18.700000000000834,102.89999999999843,0,0001,0.0015689883
2017-01-01,18.600000000000833,102.29999999999846,0,0001,0.0011298362
2017-01-01,18.600000000000833,102.39999999999846,0,0001,0.0010737631
2017-01-01,18.600000000000833,102.49999999999845,0,0001,0.0010931048
2017-01-01,18.600000000000833,102.59999999999845,0,0001,0.0011260737
2017-01-01,18.600000000000833,102.69999999999844,0,0001,0.0011721033
2017-01-01,18.600000000000833,102.79999999999843,0,0001,0.0012412373
2017-01-01,18.600000000000833,102.89999999999843,0,0001,0.0013028014
2017-01-01,18.50000000000083,102.29999999999846,0,0001,0.0010899905
2017-01-01,18.50000000000083,102.39999999999846,0,0001,0.0010416139
2017-01-01,18.50000000000083,102.49999999999845,0,0001,0.0010419193
2017-01-01,18.50000000000083,102.59999999999845,0,0001,0.0010515902
2017-01-01,18.50000000000083,102.69999999999844,0,0001,0.0010336715
2017-01-01,18.50000000000083,102.79999999999843,0,0001,0.0009842593
2017-01-01,18.50000000000083,102.89999999999843,0,0001,0.00093953346
2017-01-01,18.40000000000083,102.29999999999846,0,0001,0.0010561574
2017-01-01,18.40000000000083,102.39999999999846,0,0001,0.0010117668
2017-01-01,18.40000000000083,102.49999999999845,0,0001,0.0009900186
2017-01-01,18.40000000000083,102.59999999999845,0,0001,0.00096640026
2017-01-01,18.40000000000083,102.69999999999844,0,0001,0.0009024072
2017-01-01,18.40000000000083,102.79999999999843,0,0001,0.00077904796
2017-01-01,18.40000000000083,102.89999999999843,0,0001,0.00065565144
2017-01-01,18.30000000000083,102.29999999999846,0,0001,0.0010441694
2017-01-01,18.30000000000083,102.39999999999846,0,0001,0.0010033849
2017-01-01,18.30000000000083,102.49999999999845,0,0001,0.0009297881
2017-01-01,18.30000000000083,102.59999999999845,0,0001,0.0008587766
2017-01-01,18.30000000000083,102.69999999999844,0,0001,0.0007883016
2017-01-01,18.30000000000083,102.79999999999843,0,0001,0.00070586835
2017-01-01,18.30000000000083,102.89999999999843,0,0001,0.0006235469
2017-01-01,18.200000000000827,102.29999999999846,0,0001,0.0010396693
2017-01-01,18.200000000000827,102.39999999999846,0,0001,0.0009985197
2017-01-01,18.200000000000827,102.49999999999845,0,0001,0.00087265705
2017-01-01,18.200000000000827,102.59999999999845,0,0001,0.000744142
2017-01-01,18.200000000000827,102.69999999999844,0,0001,0.00067675894
2017-01-01,18.200000000000827,102.79999999999843,0,0001,0.0006499294
2017-01-01,18.200000000000827,102.89999999999843,0,0001,0.00062520837
2017-02-01,18.700000000000834,102.29999999999846,0,0001,7.499137e-05
2017-02-01,18.700000000000834,102.39999999999846,0,0001,7.5151554e-05
2017-02-01,18.700000000000834,102.49999999999845,0,0001,8.181237e-05
2017-02-01,18.700000000000834,102.59999999999845,0,0001,8.883082e-05
2017-02-01,18.700000000000834,102.69999999999844,0,0001,0.00010469683
2017-02-01,18.700000000000834,102.79999999999843,0,0001,0.00012989843
2017-02-01,18.700000000000834,102.89999999999843,0,0001,0.00015609094
2017-02-01,18.600000000000833,102.29999999999846,0,0001,6.304436e-05
2017-02-01,18.600000000000833,102.39999999999846,0,0001,6.302201e-05
2017-02-01,18.600000000000833,102.49999999999845,0,0001,6.813683e-05
2017-02-01,18.600000000000833,102.59999999999845,0,0001,7.4186704e-05
2017-02-01,18.600000000000833,102.69999999999844,0,0001,8.565687e-05
2017-02-01,18.600000000000833,102.79999999999843,0,0001,0.00010385864
2017-02-01,18.600000000000833,102.89999999999843,0,0001,0.00012099125
2017-02-01,18.50000000000083,102.29999999999846,0,0001,4.9089427e-05
2017-02-01,18.50000000000083,102.39999999999846,0,0001,4.769617e-05
2017-02-01,18.50000000000083,102.49999999999845,0,0001,5.2185143e-05
2017-02-01,18.50000000000083,102.59999999999845,0,0001,5.7825233e-05
2017-02-01,18.50000000000083,102.69999999999844,0,0001,6.491446e-05
2017-02-01,18.50000000000083,102.79999999999843,0,0001,7.402279e-05
2017-02-01,18.50000000000083,102.89999999999843,0,0001,8.295976e-05
2017-02-01,18.40000000000083,102.29999999999846,0,0001,3.841647e-05
2017-02-01,18.40000000000083,102.39999999999846,0,0001,3.52686e-05
2017-02-01,18.40000000000083,102.49999999999845,0,0001,3.9727773e-05
2017-02-01,18.40000000000083,102.59999999999845,0,0001,4.4403012e-05
2017-02-01,18.40000000000083,102.69999999999844,0,0001,4.8362996e-05
2017-02-01,18.40000000000083,102.79999999999843,0,0001,5.1089908e-05
2017-02-01,18.40000000000083,102.89999999999843,0,0001,5.383172e-05
2017-02-01,18.30000000000083,102.29999999999846,0,0001,4.0051873e-05
2017-02-01,18.30000000000083,102.39999999999846,0,0001,3.6460693e-05
2017-02-01,18.30000000000083,102.49999999999845,0,0001,3.94223e-05
2017-02-01,18.30000000000083,102.59999999999845,0,0001,4.2350377e-05
2017-02-01,18.30000000000083,102.69999999999844,0,0001,4.5833523e-05
2017-02-01,18.30000000000083,102.79999999999843,0,0001,4.9454506e-05
2017-02-01,18.30000000000083,102.89999999999843,0,0001,5.304196e-05
2017-02-01,18.200000000000827,102.29999999999846,0,0001,4.362815e-05
2017-02-01,18.200000000000827,102.39999999999846,0,0001,4.0502633e-05
2017-02-01,18.200000000000827,102.49999999999845,0,0001,4.1132207e-05
2017-02-01,18.200000000000827,102.59999999999845,0,0001,4.1948046e-05
2017-02-01,18.200000000000827,102.69999999999844,0,0001,4.5446093e-05
2017-02-01,18.200000000000827,102.79999999999843,0,0001,5.0817962e-05
2017-02-01,18.200000000000827,102.89999999999843,0,0001,5.6424524e-05
2017-03-01,18.700000000000834,102.29999999999846,0,0001,0.0032122177
2017-03-01,18.700000000000834,102.39999999999846,0,0001,0.0030647186
2017-03-01,18.700000000000834,102.49999999999845,0,0001,0.0029975143
2017-03-01,18.700000000000834,102.59999999999845,0,0001,0.002929662
2017-03-01,18.700000000000834,102.69999999999844,0,0001,0.0029763249
2017-03-01,18.700000000000834,102.79999999999843,0,0001,0.0031311405
2017-03-01,18.700000000000834,102.89999999999843,0,0001,0.003294204
2017-03-01,18.600000000000833,102.29999999999846,0,0001,0.0031817746
2017-03-01,18.600000000000833,102.39999999999846,0,0001,0.003121127
2017-03-01,18.600000000000833,102.49999999999845,0,0001,0.0030256999
2017-03-01,18.600000000000833,102.59999999999845,0,0001,0.0029242155
2017-03-01,18.600000000000833,102.69999999999844,0,0001,0.0029853624
2017-03-01,18.600000000000833,102.79999999999843,0,0001,0.003223632
2017-03-01,18.600000000000833,102.89999999999843,0,0001,0.0034702313
2017-03-01,18.50000000000083,102.29999999999846,0,0001,0.0030979705
2017-03-01,18.50000000000083,102.39999999999846,0,0001,0.003074367
2017-03-01,18.50000000000083,102.49999999999845,0,0001,0.002930407
2017-03-01,18.50000000000083,102.59999999999845,0,0001,0.0027685878
2017-03-01,18.50000000000083,102.69999999999844,0,0001,0.002819505
2017-03-01,18.50000000000083,102.79999999999843,0,0001,0.0031475988
2017-03-01,18.50000000000083,102.89999999999843,0,0001,0.0034499806
2017-03-01,18.40000000000083,102.29999999999846,0,0001,0.0030189124
2017-03-01,18.40000000000083,102.39999999999846,0,0001,0.0030443338
2017-03-01,18.40000000000083,102.49999999999845,0,0001,0.0028396514
2017-03-01,18.40000000000083,102.59999999999845,0,0001,0.00263482
2017-03-01,18.40000000000083,102.69999999999844,0,0001,0.002670024
2017-03-01,18.40000000000083,102.79999999999843,0,0001,0.0030598533
2017-03-01,18.40000000000083,102.89999999999843,0,0001,0.0034496156
2017-03-01,18.30000000000083,102.29999999999846,0,0001,0.0029812423
2017-03-01,18.30000000000083,102.39999999999846,0,0001,0.0030058143
2017-03-01,18.30000000000083,102.49999999999845,0,0001,0.002762374
2017-03-01,18.30000000000083,102.59999999999845,0,0001,0.0025202897
2017-03-01,18.30000000000083,102.69999999999844,0,0001,0.0025631827
2017-03-01,18.30000000000083,102.79999999999843,0,0001,0.0029695896
2017-03-01,18.30000000000083,102.89999999999843,0,0001,0.0033762497
2017-03-01,18.200000000000827,102.29999999999846,0,0001,0.0029540253
2017-03-01,18.200000000000827,102.39999999999846,0,0001,0.0029457998
2017-03-01,18.200000000000827,102.49999999999845,0,0001,0.0026896414
2017-03-01,18.200000000000827,102.59999999999845,0,0001,0.002426621
2017-03-01,18.200000000000827,102.69999999999844,0,0001,0.0024876934
2017-03-01,18.200000000000827,102.79999999999843,0,0001,0.0028817249
2017-03-01,18.200000000000827,102.89999999999843,0,0001,0.0032974225
2017-04-01,18.700000000000834,102.29999999999846,0,0001,0.0028954942
2017-04-01,18.700000000000834,102.39999999999846,0,0001,0.0026425247
2017-04-01,18.700000000000834,102.49999999999845,0,0001,0.0029031534
2017-04-01,18.700000000000834,102.59999999999845,0,0001,0.0031740565
2017-04-01,18.700000000000834,102.69999999999844,0,0001,0.0034205962
2017-04-01,18.700000000000834,102.79999999999843,0,0001,0.003644136
2017-04-01,18.700000000000834,102.89999999999843,0,0001,0.0038656567
2017-04-01,18.600000000000833,102.29999999999846,0,0001,0.002730665
2017-04-01,18.600000000000833,102.39999999999846,0,0001,0.0025526334
2017-04-01,18.600000000000833,102.49999999999845,0,0001,0.0026914154
2017-04-01,18.600000000000833,102.59999999999845,0,0001,0.0028841842
2017-04-01,18.600000000000833,102.69999999999844,0,0001,0.0030929495
2017-04-01,18.600000000000833,102.79999999999843,0,0001,0.00331564
2017-04-01,18.600000000000833,102.89999999999843,0,0001,0.0035708
2017-04-01,18.50000000000083,102.29999999999846,0,0001,0.002637652
2017-04-01,18.50000000000083,102.39999999999846,0,0001,0.0024578695
2017-04-01,18.50000000000083,102.49999999999845,0,0001,0.0024874706
2017-04-01,18.50000000000083,102.59999999999845,0,0001,0.002556843
2017-04-01,18.50000000000083,102.69999999999844,0,0001,0.0026887779
2017-04-01,18.50000000000083,102.79999999999843,0,0001,0.0029100303
2017-04-01,18.50000000000083,102.89999999999843,0,0001,0.0031317
2017-04-01,18.40000000000083,102.29999999999846,0,0001,0.0025363315
2017-04-01,18.40000000000083,102.39999999999846,0,0001,0.0023509238
2017-04-01,18.40000000000083,102.49999999999845,0,0001,0.0022869234
2017-04-01,18.40000000000083,102.59999999999845,0,0001,0.0022347842
2017-04-01,18.40000000000083,102.69999999999844,0,0001,0.0022943143
2017-04-01,18.40000000000083,102.79999999999843,0,0001,0.002516364
2017-04-01,18.40000000000083,102.89999999999843,0,0001,0.0027381529
2017-04-01,18.30000000000083,102.29999999999846,0,0001,0.0023973708
2017-04-01,18.30000000000083,102.39999999999846,0,0001,0.0022530605
2017-04-01,18.30000000000083,102.49999999999845,0,0001,0.002087963
2017-04-01,18.30000000000083,102.59999999999845,0,0001,0.0019271125
2017-04-01,18.30000000000083,102.69999999999844,0,0001,0.0019409109
2017-04-01,18.30000000000083,102.79999999999843,0,0001,0.0021670882
2017-04-01,18.30000000000083,102.89999999999843,0,0001,0.0023935486
2017-04-01,18.200000000000827,102.29999999999846,0,0001,0.0022648622
2017-04-01,18.200000000000827,102.39999999999846,0,0001,0.002159958
2017-04-01,18.200000000000827,102.49999999999845,0,0001,0.0018972356
2017-04-01,18.200000000000827,102.59999999999845,0,0001,0.0016286273
2017-04-01,18.200000000000827,102.69999999999844,0,0001,0.0016090695
2017-04-01,18.200000000000827,102.79999999999843,0,0001,0.0018250768
2017-04-01,18.200000000000827,102.89999999999843,0,0001,0.0020558957
2017-05-01,18.700000000000834,102.29999999999846,0,0001,0.008881888
2017-05-01,18.700000000000834,102.39999999999846,0,0001,0.008619315
2017-05-01,18.700000000000834,102.49999999999845,0,0001,0.009435869
2017-05-01,18.700000000000834,102.59999999999845,0,0001,0.010269477
2017-05-01,18.700000000000834,102.69999999999844,0,0001,0.010744131
2017-05-01,18.700000000000834,102.79999999999843,0,0001,0.010869137
2017-05-01,18.700000000000834,102.89999999999843,0,0001,0.01096747
2017-05-01,18.600000000000833,102.29999999999846,0,0001,0.009025446
2017-05-01,18.600000000000833,102.39999999999846,0,0001,0.0089613935
2017-05-01,18.600000000000833,102.49999999999845,0,0001,0.0097253835
2017-05-01,18.600000000000833,102.59999999999845,0,0001,0.010630145
2017-05-01,18.600000000000833,102.69999999999844,0,0001,0.01117584
2017-05-01,18.600000000000833,102.79999999999843,0,0001,0.011312685
2017-05-01,18.600000000000833,102.89999999999843,0,0001,0.011484257
2017-05-01,18.50000000000083,102.29999999999846,0,0001,0.0091675585
2017-05-01,18.50000000000083,102.39999999999846,0,0001,0.009188845
2017-05-01,18.50000000000083,102.49999999999845,0,0001,0.009989201
2017-05-01,18.50000000000083,102.59999999999845,0,0001,0.010926059
2017-05-01,18.50000000000083,102.69999999999844,0,0001,0.0115180975
2017-05-01,18.50000000000083,102.79999999999843,0,0001,0.011664092
2017-05-01,18.50000000000083,102.89999999999843,0,0001,0.011814474
2017-05-01,18.40000000000083,102.29999999999846,0,0001,0.009311064
2017-05-01,18.40000000000083,102.39999999999846,0,0001,0.009311027
2017-05-01,18.40000000000083,102.49999999999845,0,0001,0.01016651
2017-05-01,18.40000000000083,102.59999999999845,0,0001,0.011055394
2017-05-01,18.40000000000083,102.69999999999844,0,0001,0.011662385
2017-05-01,18.40000000000083,102.79999999999843,0,0001,0.011841676
2017-05-01,18.40000000000083,102.89999999999843,0,0001,0.012020617
2017-05-01,18.30000000000083,102.29999999999846,0,0001,0.009483575
2017-05-01,18.30000000000083,102.39999999999846,0,0001,0.009364008
2017-05-01,18.30000000000083,102.49999999999845,0,0001,0.009986906
2017-05-01,18.30000000000083,102.59999999999845,0,0001,0.010624408
2017-05-01,18.30000000000083,102.69999999999844,0,0001,0.011111467
2017-05-01,18.30000000000083,102.79999999999843,0,0001,0.011362172
2017-05-01,18.30000000000083,102.89999999999843,0,0001,0.011613055
2017-05-01,18.200000000000827,102.29999999999846,0,0001,0.009667843
2017-05-01,18.200000000000827,102.39999999999846,0,0001,0.009475871
2017-05-01,18.200000000000827,102.49999999999845,0,0001,0.009773596
2017-05-01,18.200000000000827,102.59999999999845,0,0001,0.010083101
2017-05-01,18.200000000000827,102.69999999999844,0,0001,0.01044803
2017-05-01,18.200000000000827,102.79999999999843,0,0001,0.010781272
2017-05-01,18.200000000000827,102.89999999999843,0,0001,0.011107995
2017-06-01,18.700000000000834,102.29999999999846,0,0001,0.011699757
2017-06-01,18.700000000000834,102.39999999999846,0,0001,0.011573082
2017-06-01,18.700000000000834,102.49999999999845,0,0001,0.011431104
2017-06-01,18.700000000000834,102.59999999999845,0,0001,0.011277696
2017-06-01,18.700000000000834,102.69999999999844,0,0001,0.011420181
2017-06-01,18.700000000000834,102.79999999999843,0,0001,0.011873817
2017-06-01,18.700000000000834,102.89999999999843,0,0001,0.012352293
2017-06-01,18.600000000000833,102.29999999999846,0,0001,0.010968989
2017-06-01,18.600000000000833,102.39999999999846,0,0001,0.011021292
2017-06-01,18.600000000000833,102.49999999999845,0,0001,0.011275416
2017-06-01,18.600000000000833,102.59999999999845,0,0001,0.0115645435
2017-06-01,18.600000000000833,102.69999999999844,0,0001,0.011808163
2017-06-01,18.600000000000833,102.79999999999843,0,0001,0.012059962
2017-06-01,18.600000000000833,102.89999999999843,0,0001,0.012304371
2017-06-01,18.50000000000083,102.29999999999846,0,0001,0.010043478
2017-06-01,18.50000000000083,102.39999999999846,0,0001,0.010308852
2017-06-01,18.50000000000083,102.49999999999845,0,0001,0.011070585
2017-06-01,18.50000000000083,102.59999999999845,0,0001,0.011908134
2017-06-01,18.50000000000083,102.69999999999844,0,0001,0.0122913625
2017-06-01,18.50000000000083,102.79999999999843,0,0001,0.012054762
2017-06-01,18.50000000000083,102.89999999999843,0,0001,0.011862328
2017-06-01,18.40000000000083,102.29999999999846,0,0001,0.009378573
2017-06-01,18.40000000000083,102.39999999999846,0,0001,0.009719646
2017-06-01,18.40000000000083,102.49999999999845,0,0001,0.01085504
2017-06-01,18.40000000000083,102.59999999999845,0,0001,0.012005677
2017-06-01,18.40000000000083,102.69999999999844,0,0001,0.012512779
2017-06-01,18.40000000000083,102.79999999999843,0,0001,0.012065118
2017-06-01,18.40000000000083,102.89999999999843,0,0001,0.01161713
2017-06-01,18.30000000000083,102.29999999999846,0,0001,0.009668713
2017-06-01,18.30000000000083,102.39999999999846,0,0001,0.009949034
2017-06-01,18.30000000000083,102.49999999999845,0,0001,0.010549312
2017-06-01,18.30000000000083,102.59999999999845,0,0001,0.011181941
2017-06-01,18.30000000000083,102.69999999999844,0,0001,0.011672428
2017-06-01,18.30000000000083,102.79999999999843,0,0001,0.011822483
2017-06-01,18.30000000000083,102.89999999999843,0,0001,0.011972433
2017-06-01,18.200000000000827,102.29999999999846,0,0001,0.010128578
2017-06-01,18.200000000000827,102.39999999999846,0,0001,0.010367921
2017-06-01,18.200000000000827,102.49999999999845,0,0001,0.010275623
2017-06-01,18.200000000000827,102.59999999999845,0,0001,0.01016747
2017-06-01,18.200000000000827,102.69999999999844,0,0001,0.010674423
2017-06-01,18.200000000000827,102.79999999999843,0,0001,0.011525383
2017-06-01,18.200000000000827,102.89999999999843,0,0001,0.012388801
2017-07-01,18.700000000000834,102.29999999999846,0,0001,0.018871978
2017-07-01,18.700000000000834,102.39999999999846,0,0001,0.018747836
2017-07-01,18.700000000000834,102.49999999999845,0,0001,0.017794013
2017-07-01,18.700000000000834,102.59999999999845,0,0001,0.016803578
2017-07-01,18.700000000000834,102.69999999999844,0,0001,0.01623334
2017-07-01,18.700000000000834,102.79999999999843,0,0001,0.016124025
2017-07-01,18.700000000000834,102.89999999999843,0,0001,0.016052738
2017-07-01,18.600000000000833,102.29999999999846,0,0001,0.018112674
2017-07-01,18.600000000000833,102.39999999999846,0,0001,0.018052757
2017-07-01,18.600000000000833,102.49999999999845,0,0001,0.017752767
2017-07-01,18.600000000000833,102.59999999999845,0,0001,0.01741366
2017-07-01,18.600000000000833,102.69999999999844,0,0001,0.017128497
2017-07-01,18.600000000000833,102.79999999999843,0,0001,0.016956106
2017-07-01,18.600000000000833,102.89999999999843,0,0001,0.016923323
2017-07-01,18.50000000000083,102.29999999999846,0,0001,0.017214105
2017-07-01,18.50000000000083,102.39999999999846,0,0001,0.017358318
2017-07-01,18.50000000000083,102.49999999999845,0,0001,0.017775357
2017-07-01,18.50000000000083,102.59999999999845,0,0001,0.018222064
2017-07-01,18.50000000000083,102.69999999999844,0,0001,0.018323466
2017-07-01,18.50000000000083,102.79999999999843,0,0001,0.017923087
2017-07-01,18.50000000000083,102.89999999999843,0,0001,0.017621234
2017-07-01,18.40000000000083,102.29999999999846,0,0001,0.016530052
2017-07-01,18.40000000000083,102.39999999999846,0,0001,0.016757116
2017-07-01,18.40000000000083,102.49999999999845,0,0001,0.017698735
2017-07-01,18.40000000000083,102.59999999999845,0,0001,0.018660396
2017-07-01,18.40000000000083,102.69999999999844,0,0001,0.019072577
2017-07-01,18.40000000000083,102.79999999999843,0,0001,0.018667474
2017-07-01,18.40000000000083,102.89999999999843,0,0001,0.018262729
2017-07-01,18.30000000000083,102.29999999999846,0,0001,0.01656039
2017-07-01,18.30000000000083,102.39999999999846,0,0001,0.01683496
2017-07-01,18.30000000000083,102.49999999999845,0,0001,0.017195806
2017-07-01,18.30000000000083,102.59999999999845,0,0001,0.017591983
2017-07-01,18.30000000000083,102.69999999999844,0,0001,0.018038973
2017-07-01,18.30000000000083,102.79999999999843,0,0001,0.018370882
2017-07-01,18.30000000000083,102.89999999999843,0,0001,0.018703029
2017-07-01,18.200000000000827,102.29999999999846,0,0001,0.016728342
2017-07-01,18.200000000000827,102.39999999999846,0,0001,0.017069653
2017-07-01,18.200000000000827,102.49999999999845,0,0001,0.016674325
2017-07-01,18.200000000000827,102.59999999999845,0,0001,0.01625131
2017-07-01,18.200000000000827,102.69999999999844,0,0001,0.016760275
2017-07-01,18.200000000000827,102.79999999999843,0,0001,0.017904311
2017-07-01,18.200000000000827,102.89999999999843,0,0001,0.019078523
2017-08-01,18.700000000000834,102.29999999999846,0,0001,0.014539765
2017-08-01,18.700000000000834,102.39999999999846,0,0001,0.014709191
2017-08-01,18.700000000000834,102.49999999999845,0,0001,0.01470972
2017-08-01,18.700000000000834,102.59999999999845,0,0001,0.01468228
2017-08-01,18.700000000000834,102.69999999999844,0,0001,0.014375234
2017-08-01,18.700000000000834,102.79999999999843,0,0001,0.01382477
2017-08-01,18.700000000000834,102.89999999999843,0,0001,0.013257304
2017-08-01,18.600000000000833,102.29999999999846,0,0001,0.013616743
2017-08-01,18.600000000000833,102.39999999999846,0,0001,0.01402727
2017-08-01,18.600000000000833,102.49999999999845,0,0001,0.014719779
2017-08-01,18.600000000000833,102.59999999999845,0,0001,0.015462788
2017-08-01,18.600000000000833,102.69999999999844,0,0001,0.015484618
2017-08-01,18.600000000000833,102.79999999999843,0,0001,0.014759222
2017-08-01,18.600000000000833,102.89999999999843,0,0001,0.01407134
2017-08-01,18.50000000000083,102.29999999999846,0,0001,0.0127370525
2017-08-01,18.50000000000083,102.39999999999846,0,0001,0.013479913
2017-08-01,18.50000000000083,102.49999999999845,0,0001,0.015001537
2017-08-01,18.50000000000083,102.59999999999845,0,0001,0.016640784
2017-08-01,18.50000000000083,102.69999999999844,0,0001,0.017071398
2017-08-01,18.50000000000083,102.79999999999843,0,0001,0.015884617
2017-08-01,18.50000000000083,102.89999999999843,0,0001,0.014754565
2017-08-01,18.40000000000083,102.29999999999846,0,0001,0.012163455
2017-08-01,18.40000000000083,102.39999999999846,0,0001,0.013010243
2017-08-01,18.40000000000083,102.49999999999845,0,0001,0.015160682
2017-08-01,18.40000000000083,102.59999999999845,0,0001,0.017315002
2017-08-01,18.40000000000083,102.69999999999844,0,0001,0.01806731
2017-08-01,18.40000000000083,102.79999999999843,0,0001,0.016731488
2017-08-01,18.40000000000083,102.89999999999843,0,0001,0.015395293
2017-08-01,18.30000000000083,102.29999999999846,0,0001,0.012718232
2017-08-01,18.30000000000083,102.39999999999846,0,0001,0.013391884
2017-08-01,18.30000000000083,102.49999999999845,0,0001,0.014782811
2017-08-01,18.30000000000083,102.59999999999845,0,0001,0.016219767
2017-08-01,18.30000000000083,102.69999999999844,0,0001,0.016844908
2017-08-01,18.30000000000083,102.79999999999843,0,0001,0.016220199
2017-08-01,18.30000000000083,102.89999999999843,0,0001,0.0155962575
2017-08-01,18.200000000000827,102.29999999999846,0,0001,0.013468454
2017-08-01,18.200000000000827,102.39999999999846,0,0001,0.014014142
2017-08-01,18.200000000000827,102.49999999999845,0,0001,0.014385598
2017-08-01,18.200000000000827,102.59999999999845,0,0001,0.014744388
2017-08-01,18.200000000000827,102.69999999999844,0,0001,0.015241804
2017-08-01,18.200000000000827,102.79999999999843,0,0001,0.015483955
2017-08-01,18.200000000000827,102.89999999999843,0,0001,0.015693562
2017-09-01,18.700000000000834,102.29999999999846,0,0001,0.0111810705
2017-09-01,18.700000000000834,102.39999999999846,0,0001,0.011057585
2017-09-01,18.700000000000834,102.49999999999845,0,0001,0.010969593
2017-09-01,18.700000000000834,102.59999999999845,0,0001,0.010873317
2017-09-01,18.700000000000834,102.69999999999844,0,0001,0.011068909
2017-09-01,18.700000000000834,102.79999999999843,0,0001,0.011550366
2017-09-01,18.700000000000834,102.89999999999843,0,0001,0.012053489
2017-09-01,18.600000000000833,102.29999999999846,0,0001,0.010969012
2017-09-01,18.600000000000833,102.39999999999846,0,0001,0.011030405
2017-09-01,18.600000000000833,102.49999999999845,0,0001,0.01125732
2017-09-01,18.600000000000833,102.59999999999845,0,0001,0.011513828
2017-09-01,18.600000000000833,102.69999999999844,0,0001,0.011807277
2017-09-01,18.600000000000833,102.79999999999843,0,0001,0.012189104
2017-09-01,18.600000000000833,102.89999999999843,0,0001,0.012564092
2017-09-01,18.50000000000083,102.29999999999846,0,0001,0.010687902
2017-09-01,18.50000000000083,102.39999999999846,0,0001,0.010869472
2017-09-01,18.50000000000083,102.49999999999845,0,0001,0.011508225
2017-09-01,18.50000000000083,102.59999999999845,0,0001,0.0122160455
2017-09-01,18.50000000000083,102.69999999999844,0,0001,0.012634485
2017-09-01,18.50000000000083,102.79999999999843,0,0001,0.01265104
2017-09-01,18.50000000000083,102.89999999999843,0,0001,0.012686341
2017-09-01,18.40000000000083,102.29999999999846,0,0001,0.010496705
2017-09-01,18.40000000000083,102.39999999999846,0,0001,0.010674789
2017-09-01,18.40000000000083,102.49999999999845,0,0001,0.011638074
2017-09-01,18.40000000000083,102.59999999999845,0,0001,0.012623637
2017-09-01,18.40000000000083,102.69999999999844,0,0001,0.013132527
2017-09-01,18.40000000000083,102.79999999999843,0,0001,0.012939691
2017-09-01,18.40000000000083,102.89999999999843,0,0001,0.012747272
2017-09-01,18.30000000000083,102.29999999999846,0,0001,0.010624959
2017-09-01,18.30000000000083,102.39999999999846,0,0001,0.010664537
2017-09-01,18.30000000000083,102.49999999999845,0,0001,0.011276408
2017-09-01,18.30000000000083,102.59999999999845,0,0001,0.011911168
2017-09-01,18.30000000000083,102.69999999999844,0,0001,0.012319862
2017-09-01,18.30000000000083,102.79999999999843,0,0001,0.012352138
2017-09-01,18.30000000000083,102.89999999999843,0,0001,0.0123849055
2017-09-01,18.200000000000827,102.29999999999846,0,0001,0.010802939
2017-09-01,18.200000000000827,102.39999999999846,0,0001,0.010750412
2017-09-01,18.200000000000827,102.49999999999845,0,0001,0.010868995
2017-09-01,18.200000000000827,102.59999999999845,0,0001,0.010988726
2017-09-01,18.200000000000827,102.69999999999844,0,0001,0.011292367
2017-09-01,18.200000000000827,102.79999999999843,0,0001,0.0116166165
2017-09-01,18.200000000000827,102.89999999999843,0,0001,0.011935576
2017-10-01,18.700000000000834,102.29999999999846,0,0001,0.0069954135
2017-10-01,18.700000000000834,102.39999999999846,0,0001,0.0074171387
2017-10-01,18.700000000000834,102.49999999999845,0,0001,0.008457262
2017-10-01,18.700000000000834,102.59999999999845,0,0001,0.009503838
2017-10-01,18.700000000000834,102.69999999999844,0,0001,0.009997088
2017-10-01,18.700000000000834,102.79999999999843,0,0001,0.009925883
2017-10-01,18.700000000000834,102.89999999999843,0,0001,0.009809587
2017-10-01,18.600000000000833,102.29999999999846,0,0001,0.0067332424
2017-10-01,18.600000000000833,102.39999999999846,0,0001,0.0072264113
2017-10-01,18.600000000000833,102.49999999999845,0,0001,0.008296382
2017-10-01,18.600000000000833,102.59999999999845,0,0001,0.009464931
2017-10-01,18.600000000000833,102.69999999999844,0,0001,0.010080148
2017-10-01,18.600000000000833,102.79999999999843,0,0001,0.010067325
2017-10-01,18.600000000000833,102.89999999999843,0,0001,0.010021854
2017-10-01,18.50000000000083,102.29999999999846,0,0001,0.006469246
2017-10-01,18.50000000000083,102.39999999999846,0,0001,0.0069184937
2017-10-01,18.50000000000083,102.49999999999845,0,0001,0.008076239
2017-10-01,18.50000000000083,102.59999999999845,0,0001,0.009351488
2017-10-01,18.50000000000083,102.69999999999844,0,0001,0.01007114
2017-10-01,18.50000000000083,102.79999999999843,0,0001,0.010066453
2017-10-01,18.50000000000083,102.89999999999843,0,0001,0.01004516
2017-10-01,18.40000000000083,102.29999999999846,0,0001,0.006244112
2017-10-01,18.40000000000083,102.39999999999846,0,0001,0.006523881
2017-10-01,18.40000000000083,102.49999999999845,0,0001,0.0077229105
2017-10-01,18.40000000000083,102.59999999999845,0,0001,0.008943137
2017-10-01,18.40000000000083,102.69999999999844,0,0001,0.009700391
2017-10-01,18.40000000000083,102.79999999999843,0,0001,0.009754647
2017-10-01,18.40000000000083,102.89999999999843,0,0001,0.009808626
2017-10-01,18.30000000000083,102.29999999999846,0,0001,0.0061564185
2017-10-01,18.30000000000083,102.39999999999846,0,0001,0.0061387904
2017-10-01,18.30000000000083,102.49999999999845,0,0001,0.0068091713
2017-10-01,18.30000000000083,102.59999999999845,0,0001,0.007508371
2017-10-01,18.30000000000083,102.69999999999844,0,0001,0.008038338
2017-10-01,18.30000000000083,102.79999999999843,0,0001,0.008259241
2017-10-01,18.30000000000083,102.89999999999843,0,0001,0.0084805675
2017-10-01,18.200000000000827,102.29999999999846,0,0001,0.00607441
2017-10-01,18.200000000000827,102.39999999999846,0,0001,0.0058320723
2017-10-01,18.200000000000827,102.49999999999845,0,0001,0.0058521144
2017-10-01,18.200000000000827,102.59999999999845,0,0001,0.0058761574
2017-10-01,18.200000000000827,102.69999999999844,0,0001,0.0061770193
2017-10-01,18.200000000000827,102.79999999999843,0,0001,0.0065803416
2017-10-01,18.200000000000827,102.89999999999843,0,0001,0.0069832616
2017-11-01,18.700000000000834,102.29999999999846,0,0001,0.00034905196
2017-11-01,18.700000000000834,102.39999999999846,0,0001,0.00041653187
2017-11-01,18.700000000000834,102.49999999999845,0,0001,0.00082698435
2017-11-01,18.700000000000834,102.59999999999845,0,0001,0.0012468096
2017-11-01,18.700000000000834,102.69999999999844,0,0001,0.0014797073
2017-11-01,18.700000000000834,102.79999999999843,0,0001,0.0015146133
2017-11-01,18.700000000000834,102.89999999999843,0,0001,0.001533493
2017-11-01,18.600000000000833,102.29999999999846,0,0001,0.00031512947
2017-11-01,18.600000000000833,102.39999999999846,0,0001,0.0004163456
2017-11-01,18.600000000000833,102.49999999999845,0,0001,0.0007325408
2017-11-01,18.600000000000833,102.59999999999845,0,0001,0.0010852661
2017-11-01,18.600000000000833,102.69999999999844,0,0001,0.0012774986
2017-11-01,18.600000000000833,102.79999999999843,0,0001,0.0012866777
2017-11-01,18.600000000000833,102.89999999999843,0,0001,0.0012814176
2017-11-01,18.50000000000083,102.29999999999846,0,0001,0.00030492217
2017-11-01,18.50000000000083,102.39999999999846,0,0001,0.000393748
2017-11-01,18.50000000000083,102.49999999999845,0,0001,0.00063832075
2017-11-01,18.50000000000083,102.59999999999845,0,0001,0.0009119731
2017-11-01,18.50000000000083,102.69999999999844,0,0001,0.0010455247
2017-11-01,18.50000000000083,102.79999999999843,0,0001,0.0010056194
2017-11-01,18.50000000000083,102.89999999999843,0,0001,0.00096698076
2017-11-01,18.40000000000083,102.29999999999846,0,0001,0.0003014502
2017-11-01,18.40000000000083,102.39999999999846,0,0001,0.0003682968
2017-11-01,18.40000000000083,102.49999999999845,0,0001,0.0005532053
2017-11-01,18.40000000000083,102.59999999999845,0,0001,0.0007372868
2017-11-01,18.40000000000083,102.69999999999844,0,0001,0.00082205207
2017-11-01,18.40000000000083,102.79999999999843,0,0001,0.00075568975
2017-11-01,18.40000000000083,102.89999999999843,0,0001,0.0006892976
2017-11-01,18.30000000000083,102.29999999999846,0,0001,0.00032608182
2017-11-01,18.30000000000083,102.39999999999846,0,0001,0.00037715555
2017-11-01,18.30000000000083,102.49999999999845,0,0001,0.0004936007
2017-11-01,18.30000000000083,102.59999999999845,0,0001,0.00061330915
2017-11-01,18.30000000000083,102.69999999999844,0,0001,0.000658713
2017-11-01,18.30000000000083,102.79999999999843,0,0001,0.0005989817
2017-11-01,18.30000000000083,102.89999999999843,0,0001,0.00053946645
2017-11-01,18.200000000000827,102.29999999999846,0,0001,0.00035784364
2017-11-01,18.200000000000827,102.39999999999846,0,0001,0.0003989485
2017-11-01,18.200000000000827,102.49999999999845,0,0001,0.00044395
2017-11-01,18.200000000000827,102.59999999999845,0,0001,0.0004885939
2017-11-01,18.200000000000827,102.69999999999844,0,0001,0.00049959094
2017-11-01,18.200000000000827,102.79999999999843,0,0001,0.00045610935
2017-11-01,18.200000000000827,102.89999999999843,0,0001,0.00040817232
2017-12-01,18.700000000000834,102.29999999999846,0,0001,0.0009337834
2017-12-01,18.700000000000834,102.39999999999846,0,0001,0.00084664143
2017-12-01,18.700000000000834,102.49999999999845,0,0001,0.0008759222
2017-12-01,18.700000000000834,102.59999999999845,0,0001,0.0009088091
2017-12-01,18.700000000000834,102.69999999999844,0,0001,0.0008938334
2017-12-01,18.700000000000834,102.79999999999843,0,0001,0.0008218161
2017-12-01,18.700000000000834,102.89999999999843,0,0001,0.00074473984
2017-12-01,18.600000000000833,102.29999999999846,0,0001,0.0008290357
2017-12-01,18.600000000000833,102.39999999999846,0,0001,0.00077039964
2017-12-01,18.600000000000833,102.49999999999845,0,0001,0.00077300734
2017-12-01,18.600000000000833,102.59999999999845,0,0001,0.0007861874
2017-12-01,18.600000000000833,102.69999999999844,0,0001,0.0007630906
2017-12-01,18.600000000000833,102.79999999999843,0,0001,0.0006989858
2017-12-01,18.600000000000833,102.89999999999843,0,0001,0.0006380177
2017-12-01,18.50000000000083,102.29999999999846,0,0001,0.0007979817
2017-12-01,18.50000000000083,102.39999999999846,0,0001,0.0007593132
2017-12-01,18.50000000000083,102.49999999999845,0,0001,0.00074810005
2017-12-01,18.50000000000083,102.59999999999845,0,0001,0.0007431454
2017-12-01,18.50000000000083,102.69999999999844,0,0001,0.0007060415
2017-12-01,18.50000000000083,102.79999999999843,0,0001,0.0006303585
2017-12-01,18.50000000000083,102.89999999999843,0,0001,0.0005576632
2017-12-01,18.40000000000083,102.29999999999846,0,0001,0.0007622636
2017-12-01,18.40000000000083,102.39999999999846,0,0001,0.0007382057
2017-12-01,18.40000000000083,102.49999999999845,0,0001,0.0007174707
2017-12-01,18.40000000000083,102.59999999999845,0,0001,0.0006954319
2017-12-01,18.40000000000083,102.69999999999844,0,0001,0.00065135426
2017-12-01,18.40000000000083,102.79999999999843,0,0001,0.0005733467
2017-12-01,18.40000000000083,102.89999999999843,0,0001,0.00049528695
2017-12-01,18.30000000000083,102.29999999999846,0,0001,0.00072218693
2017-12-01,18.30000000000083,102.39999999999846,0,0001,0.000682073
2017-12-01,18.30000000000083,102.49999999999845,0,0001,0.00066270895
2017-12-01,18.30000000000083,102.59999999999845,0,0001,0.00064344174
2017-12-01,18.30000000000083,102.69999999999844,0,0001,0.00060894556
2017-12-01,18.30000000000083,102.79999999999843,0,0001,0.0005524627
2017-12-01,18.30000000000083,102.89999999999843,0,0001,0.0004960469
2017-12-01,18.200000000000827,102.29999999999846,0,0001,0.00068159617
2017-12-01,18.200000000000827,102.39999999999846,0,0001,0.0006214178
2017-12-01,18.200000000000827,102.49999999999845,0,0001,0.00060430384
2017-12-01,18.200000000000827,102.59999999999845,0,0001,0.0005887247
2017-12-01,18.200000000000827,102.69999999999844,0,0001,0.000567498
2017-12-01,18.200000000000827,102.79999999999843,0,0001,0.0005369208
2017-12-01,18.200000000000827,102.89999999999843,0,0001,0.0005055464
2018-01-01,18.700000000000834,102.29999999999846,0,0001,0.00060861337
2018-01-01,18.700000000000834,102.39999999999846,0,0001,0.00058682787
2018-01-01,18.700000000000834,102.49999999999845,0,0001,0.00062358903
2018-01-01,18.700000000000834,102.59999999999845,0,0001,0.00066239166
2018-01-01,18.700000000000834,102.69999999999844,0,0001,0.0007167958
2018-01-01,18.700000000000834,102.79999999999843,0,0001,0.00078375416
2018-01-01,18.700000000000834,102.89999999999843,0,0001,0.0008519046
2018-01-01,18.600000000000833,102.29999999999846,0,0001,0.0004794948
2018-01-01,18.600000000000833,102.39999999999846,0,0001,0.00046468305
2018-01-01,18.600000000000833,102.49999999999845,0,0001,0.00048509764
2018-01-01,18.600000000000833,102.59999999999845,0,0001,0.00051164406
2018-01-01,18.600000000000833,102.69999999999844,0,0001,0.00055661576
2018-01-01,18.600000000000833,102.79999999999843,0,0001,0.00062325376
2018-01-01,18.600000000000833,102.89999999999843,0,0001,0.0006938778
2018-01-01,18.50000000000083,102.29999999999846,0,0001,0.00039637613
2018-01-01,18.50000000000083,102.39999999999846,0,0001,0.00039110857
2018-01-01,18.50000000000083,102.49999999999845,0,0001,0.00040007907
2018-01-01,18.50000000000083,102.59999999999845,0,0001,0.00041230547
2018-01-01,18.50000000000083,102.69999999999844,0,0001,0.00044223445
2018-01-01,18.50000000000083,102.79999999999843,0,0001,0.0004964896
2018-01-01,18.50000000000083,102.89999999999843,0,0001,0.00055195915
2018-01-01,18.40000000000083,102.29999999999846,0,0001,0.00032611715
2018-01-01,18.40000000000083,102.39999999999846,0,0001,0.00032830762
2018-01-01,18.40000000000083,102.49999999999845,0,0001,0.0003262438
2018-01-01,18.40000000000083,102.59999999999845,0,0001,0.0003246643
2018-01-01,18.40000000000083,102.69999999999844,0,0001,0.00034075754
2018-01-01,18.40000000000083,102.79999999999843,0,0001,0.00038360583
2018-01-01,18.40000000000083,102.89999999999843,0,0001,0.00042631256
2018-01-01,18.30000000000083,102.29999999999846,0,0001,0.00031194615
2018-01-01,18.30000000000083,102.39999999999846,0,0001,0.0003063582
2018-01-01,18.30000000000083,102.49999999999845,0,0001,0.0002927609
2018-01-01,18.30000000000083,102.59999999999845,0,0001,0.00027949142
2018-01-01,18.30000000000083,102.69999999999844,0,0001,0.00028565305
2018-01-01,18.30000000000083,102.79999999999843,0,0001,0.00031669962
2018-01-01,18.30000000000083,102.89999999999843,0,0001,0.0003479697
2018-01-01,18.200000000000827,102.29999999999846,0,0001,0.00030702876
2018-01-01,18.200000000000827,102.39999999999846,0,0001,0.00029064494
2018-01-01,18.200000000000827,102.49999999999845,0,0001,0.00026640075
2018-01-01,18.200000000000827,102.59999999999845,0,0001,0.00024221616
2018-01-01,18.200000000000827,102.69999999999844,0,0001,0.00023867714
2018-01-01,18.200000000000827,102.79999999999843,0,0001,0.00025693106
2018-01-01,18.200000000000827,102.89999999999843,0,0001,0.00027629512
2018-02-01,18.700000000000834,102.29999999999846,0,0001,0.0015165695
2018-02-01,18.700000000000834,102.39999999999846,0,0001,0.0013126322
2018-02-01,18.700000000000834,102.49999999999845,0,0001,0.0011599251
2018-02-01,18.700000000000834,102.59999999999845,0,0001,0.0010107645
2018-02-01,18.700000000000834,102.69999999999844,0,0001,0.0010140875
2018-02-01,18.700000000000834,102.79999999999843,0,0001,0.0011627787
2018-02-01,18.700000000000834,102.89999999999843,0,0001,0.0013224297
2018-02-01,18.600000000000833,102.29999999999846,0,0001,0.0015340858
2018-02-01,18.600000000000833,102.39999999999846,0,0001,0.0013579318
2018-02-01,18.600000000000833,102.49999999999845,0,0001,0.0011591652
2018-02-01,18.600000000000833,102.59999999999845,0,0001,0.0009566584
2018-02-01,18.600000000000833,102.69999999999844,0,0001,0.0009147265
2018-02-01,18.600000000000833,102.79999999999843,0,0001,0.0010560864
2018-02-01,18.600000000000833,102.89999999999843,0,0001,0.0012005606
2018-02-01,18.50000000000083,102.29999999999846,0,0001,0.0015013033
2018-02-01,18.50000000000083,102.39999999999846,0,0001,0.0013512486
2018-02-01,18.50000000000083,102.49999999999845,0,0001,0.001110729
2018-02-01,18.50000000000083,102.59999999999845,0,0001,0.0008569547
2018-02-01,18.50000000000083,102.69999999999844,0,0001,0.0007610732
2018-02-01,18.50000000000083,102.79999999999843,0,0001,0.0008725786
2018-02-01,18.50000000000083,102.89999999999843,0,0001,0.000980612
2018-02-01,18.40000000000083,102.29999999999846,0,0001,0.0014525392
2018-02-01,18.40000000000083,102.39999999999846,0,0001,0.0013478064
2018-02-01,18.40000000000083,102.49999999999845,0,0001,0.0010620841
2018-02-01,18.40000000000083,102.59999999999845,0,0001,0.00077463326
2018-02-01,18.40000000000083,102.69999999999844,0,0001,0.00063614186
2018-02-01,18.40000000000083,102.79999999999843,0,0001,0.0007203111
2018-02-01,18.40000000000083,102.89999999999843,0,0001,0.0008044803
2018-02-01,18.30000000000083,102.29999999999846,0,0001,0.0013461077
2018-02-01,18.30000000000083,102.39999999999846,0,0001,0.0012987592
2018-02-01,18.30000000000083,102.49999999999845,0,0001,0.0010120758
2018-02-01,18.30000000000083,102.59999999999845,0,0001,0.00072452065
2018-02-01,18.30000000000083,102.69999999999844,0,0001,0.0005944186
2018-02-01,18.30000000000083,102.79999999999843,0,0001,0.0006690585
2018-02-01,18.30000000000083,102.89999999999843,0,0001,0.00074384746
2018-02-01,18.200000000000827,102.29999999999846,0,0001,0.0012395495
2018-02-01,18.200000000000827,102.39999999999846,0,0001,0.001224775
2018-02-01,18.200000000000827,102.49999999999845,0,0001,0.0009611809
2018-02-01,18.200000000000827,102.59999999999845,0,0001,0.00069044915
2018-02-01,18.200000000000827,102.69999999999844,0,0001,0.000576649
2018-02-01,18.200000000000827,102.79999999999843,0,0001,0.00063263264
2018-02-01,18.200000000000827,102.89999999999843,0,0001,0.0007004329
2018-03-01,18.700000000000834,102.29999999999846,0,0001,0.0009463701
2018-03-01,18.700000000000834,102.39999999999846,0,0001,0.0006685007
2018-03-01,18.700000000000834,102.49999999999845,0,0001,0.0009701151
2018-03-01,18.700000000000834,102.59999999999845,0,0001,0.0012845221
2018-03-01,18.700000000000834,102.69999999999844,0,0001,0.0013913783
2018-03-01,18.700000000000834,102.79999999999843,0,0001,0.0012886646
2018-03-01,18.700000000000834,102.89999999999843,0,0001,0.0011696342
2018-03-01,18.600000000000833,102.29999999999846,0,0001,0.00088746584
2018-03-01,18.600000000000833,102.39999999999846,0,0001,0.0007176522
2018-03-01,18.600000000000833,102.49999999999845,0,0001,0.00088698155
2018-03-01,18.600000000000833,102.59999999999845,0,0001,0.0011135164
2018-03-01,18.600000000000833,102.69999999999844,0,0001,0.0011939827
2018-03-01,18.600000000000833,102.79999999999843,0,0001,0.0010999414
2018-03-01,18.600000000000833,102.89999999999843,0,0001,0.0010377514
2018-03-01,18.50000000000083,102.29999999999846,0,0001,0.0008869592
2018-03-01,18.50000000000083,102.39999999999846,0,0001,0.0007544581
2018-03-01,18.50000000000083,102.49999999999845,0,0001,0.0008141521
2018-03-01,18.50000000000083,102.59999999999845,0,0001,0.00091241783
2018-03-01,18.50000000000083,102.69999999999844,0,0001,0.00093762315
2018-03-01,18.50000000000083,102.79999999999843,0,0001,0.00087851024
2018-03-01,18.50000000000083,102.89999999999843,0,0001,0.0008267883
2018-03-01,18.40000000000083,102.29999999999846,0,0001,0.0008712981
2018-03-01,18.40000000000083,102.39999999999846,0,0001,0.00077014155
2018-03-01,18.40000000000083,102.49999999999845,0,0001,0.0007504869
2018-03-01,18.40000000000083,102.59999999999845,0,0001,0.00073433405
2018-03-01,18.40000000000083,102.69999999999844,0,0001,0.00071523077
2018-03-01,18.40000000000083,102.79999999999843,0,0001,0.00068696326
2018-03-01,18.40000000000083,102.89999999999843,0,0001,0.00065860635
2018-03-01,18.30000000000083,102.29999999999846,0,0001,0.0008180786
2018-03-01,18.30000000000083,102.39999999999846,0,0001,0.00074694044
2018-03-01,18.30000000000083,102.49999999999845,0,0001,0.00071619934
2018-03-01,18.30000000000083,102.59999999999845,0,0001,0.0006856296
2018-03-01,18.30000000000083,102.69999999999844,0,0001,0.000656699
2018-03-01,18.30000000000083,102.79999999999843,0,0001,0.0006299738
2018-03-01,18.30000000000083,102.89999999999843,0,0001,0.0006035093
2018-03-01,18.200000000000827,102.29999999999846,0,0001,0.0007702533
2018-03-01,18.200000000000827,102.39999999999846,0,0001,0.0007206697
2018-03-01,18.200000000000827,102.49999999999845,0,0001,0.00068811065
2018-03-01,18.200000000000827,102.59999999999845,0,0001,0.0006555367
2018-03-01,18.200000000000827,102.69999999999844,0,0001,0.00062477327
2018-03-01,18.200000000000827,102.79999999999843,0,0001,0.00059551484
2018-03-01,18.200000000000827,102.89999999999843,0,0001,0.00056664384
2018-04-01,18.700000000000834,102.29999999999846,0,0001,0.0042039556
2018-04-01,18.700000000000834,102.39999999999846,0,0001,0.003953944
2018-04-01,18.700000000000834,102.49999999999845,0,0001,0.0043422533
2018-04-01,18.700000000000834,102.59999999999845,0,0001,0.0047429455
2018-04-01,18.700000000000834,102.69999999999844,0,0001,0.005035254
2018-04-01,18.700000000000834,102.79999999999843,0,0001,0.0052249534
2018-04-01,18.700000000000834,102.89999999999843,0,0001,0.005406606
2018-04-01,18.600000000000833,102.29999999999846,0,0001,0.0041218875
2018-04-01,18.600000000000833,102.39999999999846,0,0001,0.003985922
2018-04-01,18.600000000000833,102.49999999999845,0,0001,0.0042488454
2018-04-01,18.600000000000833,102.59999999999845,0,0001,0.0045793382
2018-04-01,18.600000000000833,102.69999999999844,0,0001,0.004802714
2018-04-01,18.600000000000833,102.79999999999843,0,0001,0.0049088327
2018-04-01,18.600000000000833,102.89999999999843,0,0001,0.005043748
2018-04-01,18.50000000000083,102.29999999999846,0,0001,0.0039978577
2018-04-01,18.50000000000083,102.39999999999846,0,0001,0.0038507609
2018-04-01,18.50000000000083,102.49999999999845,0,0001,0.0040110005
2018-04-01,18.50000000000083,102.59999999999845,0,0001,0.004227522
2018-04-01,18.50000000000083,102.69999999999844,0,0001,0.004336181
2018-04-01,18.50000000000083,102.79999999999843,0,0001,0.0043171523
2018-04-01,18.50000000000083,102.89999999999843,0,0001,0.004306379
2018-04-01,18.40000000000083,102.29999999999846,0,0001,0.0038982136
2018-04-01,18.40000000000083,102.39999999999846,0,0001,0.0037095724
2018-04-01,18.40000000000083,102.49999999999845,0,0001,0.003772731
2018-04-01,18.40000000000083,102.59999999999845,0,0001,0.0038429154
2018-04-01,18.40000000000083,102.69999999999844,0,0001,0.0038526682
2018-04-01,18.40000000000083,102.79999999999843,0,0001,0.003766927
2018-04-01,18.40000000000083,102.89999999999843,0,0001,0.0036810962
2018-04-01,18.30000000000083,102.29999999999846,0,0001,0.003899972
2018-04-01,18.30000000000083,102.39999999999846,0,0001,0.0036455644
2018-04-01,18.30000000000083,102.49999999999845,0,0001,0.0035097776
2018-04-01,18.30000000000083,102.59999999999845,0,0001,0.0033837361
2018-04-01,18.30000000000083,102.69999999999844,0,0001,0.0033208085
2018-04-01,18.30000000000083,102.79999999999843,0,0001,0.0033051698
2018-04-01,18.30000000000083,102.89999999999843,0,0001,0.0032898514
2018-04-01,18.200000000000827,102.29999999999846,0,0001,0.0039212955
2018-04-01,18.200000000000827,102.39999999999846,0,0001,0.0036110608
2018-04-01,18.200000000000827,102.49999999999845,0,0001,0.0032597063
2018-04-01,18.200000000000827,102.59999999999845,0,0001,0.002905677
2018-04-01,18.200000000000827,102.69999999999844,0,0001,0.002789612
2018-04-01,18.200000000000827,102.79999999999843,0,0001,0.002853985
2018-04-01,18.200000000000827,102.89999999999843,0,0001,0.0029284684
2018-05-01,18.700000000000834,102.29999999999846,0,0001,0.012004478
2018-05-01,18.700000000000834,102.39999999999846,0,0001,0.011143861
2018-05-01,18.700000000000834,102.49999999999845,0,0001,0.010696797
2018-05-01,18.700000000000834,102.59999999999845,0,0001,0.010245768
2018-05-01,18.700000000000834,102.69999999999844,0,0001,0.010311952
2018-05-01,18.700000000000834,102.79999999999843,0,0001,0.010955481
2018-05-01,18.700000000000834,102.89999999999843,0,0001,0.0116474535
2018-05-01,18.600000000000833,102.29999999999846,0,0001,0.012049554
2018-05-01,18.600000000000833,102.39999999999846,0,0001,0.011454133
2018-05-01,18.600000000000833,102.49999999999845,0,0001,0.011321006
2018-05-01,18.600000000000833,102.59999999999845,0,0001,0.011267206
2018-05-01,18.600000000000833,102.69999999999844,0,0001,0.011335185
2018-05-01,18.600000000000833,102.79999999999843,0,0001,0.011609962
2018-05-01,18.600000000000833,102.89999999999843,0,0001,0.01192092
2018-05-01,18.50000000000083,102.29999999999846,0,0001,0.011711588
2018-05-01,18.50000000000083,102.39999999999846,0,0001,0.011331363
2018-05-01,18.50000000000083,102.49999999999845,0,0001,0.011626286
2018-05-01,18.50000000000083,102.59999999999845,0,0001,0.012030875
2018-05-01,18.50000000000083,102.69999999999844,0,0001,0.012117429
2018-05-01,18.50000000000083,102.79999999999843,0,0001,0.01176743
2018-05-01,18.50000000000083,102.89999999999843,0,0001,0.011474056
2018-05-01,18.40000000000083,102.29999999999846,0,0001,0.0114426
2018-05-01,18.40000000000083,102.39999999999846,0,0001,0.011128066
2018-05-01,18.40000000000083,102.49999999999845,0,0001,0.011707468
2018-05-01,18.40000000000083,102.59999999999845,0,0001,0.012313208
2018-05-01,18.40000000000083,102.69999999999844,0,0001,0.012418015
2018-05-01,18.40000000000083,102.79999999999843,0,0001,0.011776967
2018-05-01,18.40000000000083,102.89999999999843,0,0001,0.011136001
2018-05-01,18.30000000000083,102.29999999999846,0,0001,0.011396846
2018-05-01,18.30000000000083,102.39999999999846,0,0001,0.011020368
2018-05-01,18.30000000000083,102.49999999999845,0,0001,0.010865485
2018-05-01,18.30000000000083,102.59999999999845,0,0001,0.0107521545
2018-05-01,18.30000000000083,102.69999999999844,0,0001,0.010790003
2018-05-01,18.30000000000083,102.79999999999843,0,0001,0.010829596
2018-05-01,18.30000000000083,102.89999999999843,0,0001,0.010869769
2018-05-01,18.200000000000827,102.29999999999846,0,0001,0.011415472
2018-05-01,18.200000000000827,102.39999999999846,0,0001,0.010990387
2018-05-01,18.200000000000827,102.49999999999845,0,0001,0.009940324
2018-05-01,18.200000000000827,102.59999999999845,0,0001,0.008865362
2018-05-01,18.200000000000827,102.69999999999844,0,0001,0.008895574
2018-05-01,18.200000000000827,102.79999999999843,0,0001,0.009714222
2018-05-01,18.200000000000827,102.89999999999843,0,0001,0.010572946
2018-06-01,18.700000000000834,102.29999999999846,0,0001,0.015769321
2018-06-01,18.700000000000834,102.39999999999846,0,0001,0.015647601
2018-06-01,18.700000000000834,102.49999999999845,0,0001,0.015191074
2018-06-01,18.700000000000834,102.59999999999845,0,0001,0.014715258
2018-06-01,18.700000000000834,102.69999999999844,0,0001,0.014848452
2018-06-01,18.700000000000834,102.79999999999843,0,0001,0.015587438
2018-06-01,18.700000000000834,102.89999999999843,0,0001,0.016373094
2018-06-01,18.600000000000833,102.29999999999846,0,0001,0.014587458
2018-06-01,18.600000000000833,102.39999999999846,0,0001,0.014711294
2018-06-01,18.600000000000833,102.49999999999845,0,0001,0.01475567
2018-06-01,18.600000000000833,102.59999999999845,0,0001,0.01478773
2018-06-01,18.600000000000833,102.69999999999844,0,0001,0.015065026
2018-06-01,18.600000000000833,102.79999999999843,0,0001,0.015684213
2018-06-01,18.600000000000833,102.89999999999843,0,0001,0.016371246
2018-06-01,18.50000000000083,102.29999999999846,0,0001,0.013398562
2018-06-01,18.50000000000083,102.39999999999846,0,0001,0.013788592
2018-06-01,18.50000000000083,102.49999999999845,0,0001,0.014445674
2018-06-01,18.50000000000083,102.59999999999845,0,0001,0.015136804
2018-06-01,18.50000000000083,102.69999999999844,0,0001,0.015615795
2018-06-01,18.50000000000083,102.79999999999843,0,0001,0.015777279
2018-06-01,18.50000000000083,102.89999999999843,0,0001,0.016003136
2018-06-01,18.40000000000083,102.29999999999846,0,0001,0.01237582
2018-06-01,18.40000000000083,102.39999999999846,0,0001,0.012896422
2018-06-01,18.40000000000083,102.49999999999845,0,0001,0.014003482
2018-06-01,18.40000000000083,102.59999999999845,0,0001,0.015123654
2018-06-01,18.40000000000083,102.69999999999844,0,0001,0.015748125
2018-06-01,18.40000000000083,102.79999999999843,0,0001,0.015647467
2018-06-01,18.40000000000083,102.89999999999843,0,0001,0.015546966
2018-06-01,18.30000000000083,102.29999999999846,0,0001,0.011971001
2018-06-01,18.30000000000083,102.39999999999846,0,0001,0.012398291
2018-06-01,18.30000000000083,102.49999999999845,0,0001,0.013016466
2018-06-01,18.30000000000083,102.59999999999845,0,0001,0.013664532
2018-06-01,18.30000000000083,102.69999999999844,0,0001,0.0141743235
2018-06-01,18.30000000000083,102.79999999999843,0,0001,0.014390398
2018-06-01,18.30000000000083,102.89999999999843,0,0001,0.014606882
2018-06-01,18.200000000000827,102.29999999999846,0,0001,0.011677597
2018-06-01,18.200000000000827,102.39999999999846,0,0001,0.012010511
2018-06-01,18.200000000000827,102.49999999999845,0,0001,0.011985231
2018-06-01,18.200000000000827,102.59999999999845,0,0001,0.011944991
2018-06-01,18.200000000000827,102.69999999999844,0,0001,0.012334328
2018-06-01,18.200000000000827,102.79999999999843,0,0001,0.012943145
2018-06-01,18.200000000000827,102.89999999999843,0,0001,0.0135583915
2018-07-01,18.700000000000834,102.29999999999846,0,0001,0.020431496
2018-07-01,18.700000000000834,102.39999999999846,0,0001,0.02103126
2018-07-01,18.700000000000834,102.49999999999845,0,0001,0.021907821
2018-07-01,18.700000000000834,102.59999999999845,0,0001,0.02276574
2018-07-01,18.700000000000834,102.69999999999844,0,0001,0.02357053
2018-07-01,18.700000000000834,102.79999999999843,0,0001,0.024339758
2018-07-01,18.700000000000834,102.89999999999843,0,0001,0.025106892
2018-07-01,18.600000000000833,102.29999999999846,0,0001,0.018334419
2018-07-01,18.600000000000833,102.39999999999846,0,0001,0.019180715
2018-07-01,18.600000000000833,102.49999999999845,0,0001,0.020592779
2018-07-01,18.600000000000833,102.59999999999845,0,0001,0.022102356
2018-07-01,18.600000000000833,102.69999999999844,0,0001,0.023205101
2018-07-01,18.600000000000833,102.79999999999843,0,0001,0.023908377
2018-07-01,18.600000000000833,102.89999999999843,0,0001,0.02454219
2018-07-01,18.50000000000083,102.29999999999846,0,0001,0.016636439
2018-07-01,18.50000000000083,102.39999999999846,0,0001,0.017909609
2018-07-01,18.50000000000083,102.49999999999845,0,0001,0.019965656
2018-07-01,18.50000000000083,102.59999999999845,0,0001,0.022149816
2018-07-01,18.50000000000083,102.69999999999844,0,0001,0.023502372
2018-07-01,18.50000000000083,102.79999999999843,0,0001,0.023740724
2018-07-01,18.50000000000083,102.89999999999843,0,0001,0.024002261
2018-07-01,18.40000000000083,102.29999999999846,0,0001,0.015163773
2018-07-01,18.40000000000083,102.39999999999846,0,0001,0.016638204
2018-07-01,18.40000000000083,102.49999999999845,0,0001,0.019187406
2018-07-01,18.40000000000083,102.59999999999845,0,0001,0.021750242
2018-07-01,18.40000000000083,102.69999999999844,0,0001,0.023317382
2018-07-01,18.40000000000083,102.79999999999843,0,0001,0.023399755
2018-07-01,18.40000000000083,102.89999999999843,0,0001,0.023482278
2018-07-01,18.30000000000083,102.29999999999846,0,0001,0.01460904
2018-07-01,18.30000000000083,102.39999999999846,0,0001,0.015851319
2018-07-01,18.30000000000083,102.49999999999845,0,0001,0.017777577
2018-07-01,18.30000000000083,102.59999999999845,0,0001,0.019741803
2018-07-01,18.30000000000083,102.69999999999844,0,0001,0.021283276
2018-07-01,18.30000000000083,102.79999999999843,0,0001,0.022094034
2018-07-01,18.30000000000083,102.89999999999843,0,0001,0.022904925
2018-07-01,18.200000000000827,102.29999999999846,0,0001,0.01421737
2018-07-01,18.200000000000827,102.39999999999846,0,0001,0.015233801
2018-07-01,18.200000000000827,102.49999999999845,0,0001,0.016322725
2018-07-01,18.200000000000827,102.59999999999845,0,0001,0.017408289
2018-07-01,18.200000000000827,102.69999999999844,0,0001,0.018953793
2018-07-01,18.200000000000827,102.79999999999843,0,0001,0.020623662
2018-07-01,18.200000000000827,102.89999999999843,0,0001,0.022286452
2018-08-01,18.700000000000834,102.29999999999846,0,0001,0.021152297
2018-08-01,18.700000000000834,102.39999999999846,0,0001,0.021208117
2018-08-01,18.700000000000834,102.49999999999845,0,0001,0.020177701
2018-08-01,18.700000000000834,102.59999999999845,0,0001,0.019107545
2018-08-01,18.700000000000834,102.69999999999844,0,0001,0.01848738
2018-08-01,18.700000000000834,102.79999999999843,0,0001,0.01835298
2018-08-01,18.700000000000834,102.89999999999843,0,0001,0.018258343
2018-08-01,18.600000000000833,102.29999999999846,0,0001,0.019171739
2018-08-01,18.600000000000833,102.39999999999846,0,0001,0.019209387
2018-08-01,18.600000000000833,102.49999999999845,0,0001,0.018970067
2018-08-01,18.600000000000833,102.59999999999845,0,0001,0.018685916
2018-08-01,18.600000000000833,102.69999999999844,0,0001,0.01840529
2018-08-01,18.600000000000833,102.79999999999843,0,0001,0.01819052
2018-08-01,18.600000000000833,102.89999999999843,0,0001,0.018044943
2018-08-01,18.50000000000083,102.29999999999846,0,0001,0.016796881
2018-08-01,18.50000000000083,102.39999999999846,0,0001,0.01696732
2018-08-01,18.50000000000083,102.49999999999845,0,0001,0.017633053
2018-08-01,18.50000000000083,102.59999999999845,0,0001,0.018357696
2018-08-01,18.50000000000083,102.69999999999844,0,0001,0.01859028
2018-08-01,18.50000000000083,102.79999999999843,0,0001,0.018116223
2018-08-01,18.50000000000083,102.89999999999843,0,0001,0.017708877
2018-08-01,18.40000000000083,102.29999999999846,0,0001,0.015005002
2018-08-01,18.40000000000083,102.39999999999846,0,0001,0.015123339
2018-08-01,18.40000000000083,102.49999999999845,0,0001,0.016444141
2018-08-01,18.40000000000083,102.59999999999845,0,0001,0.01779923
2018-08-01,18.40000000000083,102.69999999999844,0,0001,0.01840348
2018-08-01,18.40000000000083,102.79999999999843,0,0001,0.017890455
2018-08-01,18.40000000000083,102.89999999999843,0,0001,0.01737746
2018-08-01,18.30000000000083,102.29999999999846,0,0001,0.015287677
2018-08-01,18.30000000000083,102.39999999999846,0,0001,0.0152864475
2018-08-01,18.30000000000083,102.49999999999845,0,0001,0.015744912
2018-08-01,18.30000000000083,102.59999999999845,0,0001,0.016254352
2018-08-01,18.30000000000083,102.69999999999844,0,0001,0.016709493
2018-08-01,18.30000000000083,102.79999999999843,0,0001,0.01688076
2018-08-01,18.30000000000083,102.89999999999843,0,0001,0.017052265
2018-08-01,18.200000000000827,102.29999999999846,0,0001,0.015903244
2018-08-01,18.200000000000827,102.39999999999846,0,0001,0.015857624
2018-08-01,18.200000000000827,102.49999999999845,0,0001,0.015193971
2018-08-01,18.200000000000827,102.59999999999845,0,0001,0.014503391
2018-08-01,18.200000000000827,102.69999999999844,0,0001,0.014809275
2018-08-01,18.200000000000827,102.79999999999843,0,0001,0.015740486
2018-08-01,18.200000000000827,102.89999999999843,0,0001,0.016699107
2018-09-01,18.700000000000834,102.29999999999846,0,0001,0.009478971
2018-09-01,18.700000000000834,102.39999999999846,0,0001,0.009681068
2018-09-01,18.700000000000834,102.49999999999845,0,0001,0.009784177
2018-09-01,18.700000000000834,102.59999999999845,0,0001,0.009872243
2018-09-01,18.700000000000834,102.69999999999844,0,0001,0.009904936
2018-09-01,18.700000000000834,102.79999999999843,0,0001,0.009896494
2018-09-01,18.700000000000834,102.89999999999843,0,0001,0.009885505
2018-09-01,18.600000000000833,102.29999999999846,0,0001,0.008883476
2018-09-01,18.600000000000833,102.39999999999846,0,0001,0.009236902
2018-09-01,18.600000000000833,102.49999999999845,0,0001,0.009621739
2018-09-01,18.600000000000833,102.59999999999845,0,0001,0.010012679
2018-09-01,18.600000000000833,102.69999999999844,0,0001,0.010178328
2018-09-01,18.600000000000833,102.79999999999843,0,0001,0.010115832
2018-09-01,18.600000000000833,102.89999999999843,0,0001,0.01004979
2018-09-01,18.50000000000083,102.29999999999846,0,0001,0.008366391
2018-09-01,18.50000000000083,102.39999999999846,0,0001,0.008850917
2018-09-01,18.50000000000083,102.49999999999845,0,0001,0.009542257
2018-09-01,18.50000000000083,102.59999999999845,0,0001,0.010263056
2018-09-01,18.50000000000083,102.69999999999844,0,0001,0.010566153
2018-09-01,18.50000000000083,102.79999999999843,0,0001,0.010308929
2018-09-01,18.50000000000083,102.89999999999843,0,0001,0.0100703165
2018-09-01,18.40000000000083,102.29999999999846,0,0001,0.007920638
2018-09-01,18.40000000000083,102.39999999999846,0,0001,0.008458622
2018-09-01,18.40000000000083,102.49999999999845,0,0001,0.009352982
2018-09-01,18.40000000000083,102.59999999999845,0,0001,0.010242641
2018-09-01,18.40000000000083,102.69999999999844,0,0001,0.010652386
2018-09-01,18.40000000000083,102.79999999999843,0,0001,0.010344118
2018-09-01,18.40000000000083,102.89999999999843,0,0001,0.010035709
2018-09-01,18.30000000000083,102.29999999999846,0,0001,0.0077245454
2018-09-01,18.30000000000083,102.39999999999846,0,0001,0.008214526
2018-09-01,18.30000000000083,102.49999999999845,0,0001,0.00871034
2018-09-01,18.30000000000083,102.59999999999845,0,0001,0.009229779
2018-09-01,18.30000000000083,102.69999999999844,0,0001,0.0095902085
2018-09-01,18.30000000000083,102.79999999999843,0,0001,0.009645201
2018-09-01,18.30000000000083,102.89999999999843,0,0001,0.009700626
2018-09-01,18.200000000000827,102.29999999999846,0,0001,0.0075799967
2018-09-01,18.200000000000827,102.39999999999846,0,0001,0.008019052
2018-09-01,18.200000000000827,102.49999999999845,0,0001,0.008030191
2018-09-01,18.200000000000827,102.59999999999845,0,0001,0.008025564
2018-09-01,18.200000000000827,102.69999999999844,0,0001,0.008351654
2018-09-01,18.200000000000827,102.79999999999843,0,0001,0.008826345
2018-09-01,18.200000000000827,102.89999999999843,0,0001,0.009303279
2018-10-01,18.700000000000834,102.29999999999846,0,0001,0.0028899044
2018-10-01,18.700000000000834,102.39999999999846,0,0001,0.003024
2018-10-01,18.700000000000834,102.49999999999845,0,0001,0.003412965
2018-10-01,18.700000000000834,102.59999999999845,0,0001,0.003816183
2018-10-01,18.700000000000834,102.69999999999844,0,0001,0.0039773835
2018-10-01,18.700000000000834,102.79999999999843,0,0001,0.003844972
2018-10-01,18.700000000000834,102.89999999999843,0,0001,0.0036871464
2018-10-01,18.600000000000833,102.29999999999846,0,0001,0.0027073354
2018-10-01,18.600000000000833,102.39999999999846,0,0001,0.0028473914
2018-10-01,18.600000000000833,102.49999999999845,0,0001,0.003075029
2018-10-01,18.600000000000833,102.59999999999845,0,0001,0.0033175678
2018-10-01,18.600000000000833,102.69999999999844,0,0001,0.0033912316
2018-10-01,18.600000000000833,102.79999999999843,0,0001,0.0032725513
2018-10-01,18.600000000000833,102.89999999999843,0,0001,0.003137666
2018-10-01,18.50000000000083,102.29999999999846,0,0001,0.0024364993
2018-10-01,18.50000000000083,102.39999999999846,0,0001,0.002517368
2018-10-01,18.50000000000083,102.49999999999845,0,0001,0.0026105226
2018-10-01,18.50000000000083,102.59999999999845,0,0001,0.0027077452
2018-10-01,18.50000000000083,102.69999999999844,0,0001,0.0026733533
2018-10-01,18.50000000000083,102.79999999999843,0,0001,0.0024810613
2018-10-01,18.50000000000083,102.89999999999843,0,0001,0.0022957504
2018-10-01,18.40000000000083,102.29999999999846,0,0001,0.002188462
2018-10-01,18.40000000000083,102.39999999999846,0,0001,0.00222082
2018-10-01,18.40000000000083,102.49999999999845,0,0001,0.0021866143
2018-10-01,18.40000000000083,102.59999999999845,0,0001,0.0021399737
2018-10-01,18.40000000000083,102.69999999999844,0,0001,0.0020257488
2018-10-01,18.40000000000083,102.79999999999843,0,0001,0.0018054872
2018-10-01,18.40000000000083,102.89999999999843,0,0001,0.0015853076
2018-10-01,18.30000000000083,102.29999999999846,0,0001,0.0020335794
2018-10-01,18.30000000000083,102.39999999999846,0,0001,0.00202294
2018-10-01,18.30000000000083,102.49999999999845,0,0001,0.0019080221
2018-10-01,18.30000000000083,102.59999999999845,0,0001,0.0017961293
2018-10-01,18.30000000000083,102.69999999999844,0,0001,0.0016769572
2018-10-01,18.30000000000083,102.79999999999843,0,0001,0.0015315815
2018-10-01,18.30000000000083,102.89999999999843,0,0001,0.0013862654
2018-10-01,18.200000000000827,102.29999999999846,0,0001,0.0018896713
2018-10-01,18.200000000000827,102.39999999999846,0,0001,0.0018329947
2018-10-01,18.200000000000827,102.49999999999845,0,0001,0.00165845
2018-10-01,18.200000000000827,102.59999999999845,0,0001,0.0014804482
2018-10-01,18.200000000000827,102.69999999999844,0,0001,0.0013765126
2018-10-01,18.200000000000827,102.79999999999843,0,0001,0.0013187408
2018-10-01,18.200000000000827,102.89999999999843,0,0001,0.0012631222
2018-11-01,18.700000000000834,102.29999999999846,0,0001,0.0011667861
2018-11-01,18.700000000000834,102.39999999999846,0,0001,0.0008786423
2018-11-01,18.700000000000834,102.49999999999845,0,0001,0.0010759709
2018-11-01,18.700000000000834,102.59999999999845,0,0001,0.0012852354
2018-11-01,18.700000000000834,102.69999999999844,0,0001,0.0014978601
2018-11-01,18.700000000000834,102.79999999999843,0,0001,0.0017109839
2018-11-01,18.700000000000834,102.89999999999843,0,0001,0.0019242121
2018-11-01,18.600000000000833,102.29999999999846,0,0001,0.0011183573
2018-11-01,18.600000000000833,102.39999999999846,0,0001,0.0009354828
2018-11-01,18.600000000000833,102.49999999999845,0,0001,0.0010727374
2018-11-01,18.600000000000833,102.59999999999845,0,0001,0.0012648879
2018-11-01,18.600000000000833,102.69999999999844,0,0001,0.0014154119
2018-11-01,18.600000000000833,102.79999999999843,0,0001,0.001531112
2018-11-01,18.600000000000833,102.89999999999843,0,0001,0.0016447185
2018-11-01,18.50000000000083,102.29999999999846,0,0001,0.0010499684
2018-11-01,18.50000000000083,102.39999999999846,0,0001,0.00090688
2018-11-01,18.50000000000083,102.49999999999845,0,0001,0.0010392247
2018-11-01,18.50000000000083,102.59999999999845,0,0001,0.0012208251
2018-11-01,18.50000000000083,102.69999999999844,0,0001,0.0012978418
2018-11-01,18.50000000000083,102.79999999999843,0,0001,0.0012436463
2018-11-01,18.50000000000083,102.89999999999843,0,0001,0.0011984212
2018-11-01,18.40000000000083,102.29999999999846,0,0001,0.0009733243
2018-11-01,18.40000000000083,102.39999999999846,0,0001,0.0008409498
2018-11-01,18.40000000000083,102.49999999999845,0,0001,0.000979918
2018-11-01,18.40000000000083,102.59999999999845,0,0001,0.0011270968
2018-11-01,18.40000000000083,102.69999999999844,0,0001,0.0011496795
2018-11-01,18.40000000000083,102.79999999999843,0,0001,0.0009871377
2018-11-01,18.40000000000083,102.89999999999843,0,0001,0.0008243276
2018-11-01,18.30000000000083,102.29999999999846,0,0001,0.0008680476
2018-11-01,18.30000000000083,102.39999999999846,0,0001,0.00074266177
2018-11-01,18.30000000000083,102.49999999999845,0,0001,0.00081350934
2018-11-01,18.30000000000083,102.59999999999845,0,0001,0.00088864844
2018-11-01,18.30000000000083,102.69999999999844,0,0001,0.0008825911
2018-11-01,18.30000000000083,102.79999999999843,0,0001,0.00075576734
2018-11-01,18.30000000000083,102.89999999999843,0,0001,0.0006292714
2018-11-01,18.200000000000827,102.29999999999846,0,0001,0.00076739024
2018-11-01,18.200000000000827,102.39999999999846,0,0001,0.0006593345
2018-11-01,18.200000000000827,102.49999999999845,0,0001,0.00063726585
2018-11-01,18.200000000000827,102.59999999999845,0,0001,0.0006168736
2018-11-01,18.200000000000827,102.69999999999844,0,0001,0.00058985036
2018-11-01,18.200000000000827,102.79999999999843,0,0001,0.0005239574
2018-11-01,18.200000000000827,102.89999999999843,0,0001,0.0004543541
2018-12-01,18.700000000000834,102.29999999999846,0,0001,0.0011282474
2018-12-01,18.700000000000834,102.39999999999846,0,0001,0.0011090398
2018-12-01,18.700000000000834,102.49999999999845,0,0001,0.0013260454
2018-12-01,18.700000000000834,102.59999999999845,0,0001,0.0015491903
2018-12-01,18.700000000000834,102.69999999999844,0,0001,0.0015833586
2018-12-01,18.700000000000834,102.79999999999843,0,0001,0.0014191031
2018-12-01,18.700000000000834,102.89999999999843,0,0001,0.0012390896
2018-12-01,18.600000000000833,102.29999999999846,0,0001,0.001003696
2018-12-01,18.600000000000833,102.39999999999846,0,0001,0.0010013565
2018-12-01,18.600000000000833,102.49999999999845,0,0001,0.0011376202
2018-12-01,18.600000000000833,102.59999999999845,0,0001,0.0012977332
2018-12-01,18.600000000000833,102.69999999999844,0,0001,0.0013249874
2018-12-01,18.600000000000833,102.79999999999843,0,0001,0.0011927843
2018-12-01,18.600000000000833,102.89999999999843,0,0001,0.0010592922
2018-12-01,18.50000000000083,102.29999999999846,0,0001,0.0008501321
2018-12-01,18.50000000000083,102.39999999999846,0,0001,0.00082137284
2018-12-01,18.50000000000083,102.49999999999845,0,0001,0.00088496355
2018-12-01,18.50000000000083,102.59999999999845,0,0001,0.00096631644
2018-12-01,18.50000000000083,102.69999999999844,0,0001,0.000978595
2018-12-01,18.50000000000083,102.79999999999843,0,0001,0.00090742705
2018-12-01,18.50000000000083,102.89999999999843,0,0001,0.00083249656
2018-12-01,18.40000000000083,102.29999999999846,0,0001,0.00072369573
2018-12-01,18.40000000000083,102.39999999999846,0,0001,0.000666818
2018-12-01,18.40000000000083,102.49999999999845,0,0001,0.0006694406
2018-12-01,18.40000000000083,102.59999999999845,0,0001,0.00067345647
2018-12-01,18.40000000000083,102.69999999999844,0,0001,0.0006695598
2018-12-01,18.40000000000083,102.79999999999843,0,0001,0.0006486386
2018-12-01,18.40000000000083,102.89999999999843,0,0001,0.00062765775
2018-12-01,18.30000000000083,102.29999999999846,0,0001,0.00070127693
2018-12-01,18.30000000000083,102.39999999999846,0,0001,0.0006273523
2018-12-01,18.30000000000083,102.49999999999845,0,0001,0.0005897194
2018-12-01,18.30000000000083,102.59999999999845,0,0001,0.0005536586
2018-12-01,18.30000000000083,102.69999999999844,0,0001,0.00053213385
2018-12-01,18.30000000000083,102.79999999999843,0,0001,0.00052425114
2018-12-01,18.30000000000083,102.89999999999843,0,0001,0.00051644293
2018-12-01,18.200000000000827,102.29999999999846,0,0001,0.00069550273
2018-12-01,18.200000000000827,102.39999999999846,0,0001,0.00060985086
2018-12-01,18.200000000000827,102.49999999999845,0,0001,0.0005345106
2018-12-01,18.200000000000827,102.59999999999845,0,0001,0.00045934916
2018-12-01,18.200000000000827,102.69999999999844,0,0001,0.00042495728
2018-12-01,18.200000000000827,102.79999999999843,0,0001,0.0004230872
2018-12-01,18.200000000000827,102.89999999999843,0,0001,0.00042286367
2019-01-01,18.700000000000834,102.29999999999846,0,0001,0.00037061604
2019-01-01,18.700000000000834,102.39999999999846,0,0001,0.00034123095
2019-01-01,18.700000000000834,102.49999999999845,0,0001,0.0004592854
2019-01-01,18.700000000000834,102.59999999999845,0,0001,0.0005819145
2019-01-01,18.700000000000834,102.69999999999844,0,0001,0.0006035957
2019-01-01,18.700000000000834,102.79999999999843,0,0001,0.0005200002
2019-01-01,18.700000000000834,102.89999999999843,0,0001,0.00042853685
2019-01-01,18.600000000000833,102.29999999999846,0,0001,0.00031921448
2019-01-01,18.600000000000833,102.39999999999846,0,0001,0.00030300202
2019-01-01,18.600000000000833,102.49999999999845,0,0001,0.0003699902
2019-01-01,18.600000000000833,102.59999999999845,0,0001,0.00045129092
2019-01-01,18.600000000000833,102.69999999999844,0,0001,0.00046141626
2019-01-01,18.600000000000833,102.79999999999843,0,0001,0.00038626225
2019-01-01,18.600000000000833,102.89999999999843,0,0001,0.00031819375
2019-01-01,18.50000000000083,102.29999999999846,0,0001,0.00025695743
2019-01-01,18.50000000000083,102.39999999999846,0,0001,0.00023704203
2019-01-01,18.50000000000083,102.49999999999845,0,0001,0.00026027294
2019-01-01,18.50000000000083,102.59999999999845,0,0001,0.00029220612
2019-01-01,18.50000000000083,102.69999999999844,0,0001,0.0002880487
2019-01-01,18.50000000000083,102.79999999999843,0,0001,0.0002404693
2019-01-01,18.50000000000083,102.89999999999843,0,0001,0.00019400747
2019-01-01,18.40000000000083,102.29999999999846,0,0001,0.00019987853
2019-01-01,18.40000000000083,102.39999999999846,0,0001,0.0001751128
2019-01-01,18.40000000000083,102.49999999999845,0,0001,0.00016343029
2019-01-01,18.40000000000083,102.59999999999845,0,0001,0.00015140505
2019-01-01,18.40000000000083,102.69999999999844,0,0001,0.00013587804
2019-01-01,18.40000000000083,102.79999999999843,0,0001,0.00011248321
2019-01-01,18.40000000000083,102.89999999999843,0,0001,8.913309e-05
2019-01-01,18.30000000000083,102.29999999999846,0,0001,0.00016907783
2019-01-01,18.30000000000083,102.39999999999846,0,0001,0.00013292761
2019-01-01,18.30000000000083,102.49999999999845,0,0001,0.000113429436
2019-01-01,18.30000000000083,102.59999999999845,0,0001,9.43932e-05
2019-01-01,18.30000000000083,102.69999999999844,0,0001,7.8910896e-05
2019-01-01,18.30000000000083,102.79999999999843,0,0001,6.6691944e-05
2019-01-01,18.30000000000083,102.89999999999843,0,0001,5.4622004e-05
2019-01-01,18.200000000000827,102.29999999999846,0,0001,0.00014276983
2019-01-01,18.200000000000827,102.39999999999846,0,0001,9.459437e-05
2019-01-01,18.200000000000827,102.49999999999845,0,0001,7.175089e-05
2019-01-01,18.200000000000827,102.59999999999845,0,0001,4.980893e-05
2019-01-01,18.200000000000827,102.69999999999844,0,0001,3.814132e-05
2019-01-01,18.200000000000827,102.79999999999843,0,0001,3.4773657e-05
2019-01-01,18.200000000000827,102.89999999999843,0,0001,3.198714e-05
2019-02-01,18.700000000000834,102.29999999999846,0,0001,0.0024240215
2019-02-01,18.700000000000834,102.39999999999846,0,0001,0.0022918854
2019-02-01,18.700000000000834,102.49999999999845,0,0001,0.0021882106
2019-02-01,18.700000000000834,102.59999999999845,0,0001,0.0020867859
2019-02-01,18.700000000000834,102.69999999999844,0,0001,0.0020536457
2019-02-01,18.700000000000834,102.79999999999843,0,0001,0.0020821665
2019-02-01,18.700000000000834,102.89999999999843,0,0001,0.0021153067
2019-02-01,18.600000000000833,102.29999999999846,0,0001,0.002386165
2019-02-01,18.600000000000833,102.39999999999846,0,0001,0.0022846658
2019-02-01,18.600000000000833,102.49999999999845,0,0001,0.002104399
2019-02-01,18.600000000000833,102.59999999999845,0,0001,0.0019103262
2019-02-01,18.600000000000833,102.69999999999844,0,0001,0.0018302175
2019-02-01,18.600000000000833,102.79999999999843,0,0001,0.0018738705
2019-02-01,18.600000000000833,102.89999999999843,0,0001,0.0019402328
2019-02-01,18.50000000000083,102.29999999999846,0,0001,0.002295581
2019-02-01,18.50000000000083,102.39999999999846,0,0001,0.0021923457
2019-02-01,18.50000000000083,102.49999999999845,0,0001,0.0019126359
2019-02-01,18.50000000000083,102.59999999999845,0,0001,0.0016054559
2019-02-01,18.50000000000083,102.69999999999844,0,0001,0.0014565262
2019-02-01,18.50000000000083,102.79999999999843,0,0001,0.0015194911
2019-02-01,18.50000000000083,102.89999999999843,0,0001,0.0015817928
2019-02-01,18.40000000000083,102.29999999999846,0,0001,0.0021817137
2019-02-01,18.40000000000083,102.39999999999846,0,0001,0.0021098156
2019-02-01,18.40000000000083,102.49999999999845,0,0001,0.0017351258
2019-02-01,18.40000000000083,102.59999999999845,0,0001,0.0013521063
2019-02-01,18.40000000000083,102.69999999999844,0,0001,0.0011519092
2019-02-01,18.40000000000083,102.79999999999843,0,0001,0.0012228462
2019-02-01,18.40000000000083,102.89999999999843,0,0001,0.0012939024
2019-02-01,18.30000000000083,102.29999999999846,0,0001,0.0019932587
2019-02-01,18.30000000000083,102.39999999999846,0,0001,0.001956274
2019-02-01,18.30000000000083,102.49999999999845,0,0001,0.0016152236
2019-02-01,18.30000000000083,102.59999999999845,0,0001,0.0012711334
2019-02-01,18.30000000000083,102.69999999999844,0,0001,0.0010985407
2019-02-01,18.30000000000083,102.79999999999843,0,0001,0.0011555675
2019-02-01,18.30000000000083,102.89999999999843,0,0001,0.0012125421
2019-02-01,18.200000000000827,102.29999999999846,0,0001,0.0017964292
2019-02-01,18.200000000000827,102.39999999999846,0,0001,0.0017648909
2019-02-01,18.200000000000827,102.49999999999845,0,0001,0.0015006784
2019-02-01,18.200000000000827,102.59999999999845,0,0001,0.0012303713
2019-02-01,18.200000000000827,102.69999999999844,0,0001,0.0010961342
2019-02-01,18.200000000000827,102.79999999999843,0,0001,0.0011243421
2019-02-01,18.200000000000827,102.89999999999843,0,0001,0.0011643815
2019-03-01,18.700000000000834,102.29999999999846,0,0001,0.000761158
2019-03-01,18.700000000000834,102.39999999999846,0,0001,0.00054461433
2019-03-01,18.700000000000834,102.49999999999845,0,0001,0.0006350122
2019-03-01,18.700000000000834,102.59999999999845,0,0001,0.000732138
2019-03-01,18.700000000000834,102.69999999999844,0,0001,0.0008874528
2019-03-01,18.700000000000834,102.79999999999843,0,0001,0.0011004797
2019-03-01,18.700000000000834,102.89999999999843,0,0001,0.0013182304
2019-03-01,18.600000000000833,102.29999999999846,0,0001,0.0008432485
2019-03-01,18.600000000000833,102.39999999999846,0,0001,0.0006859593
2019-03-01,18.600000000000833,102.49999999999845,0,0001,0.00069519057
2019-03-01,18.600000000000833,102.59999999999845,0,0001,0.0007324733
2019-03-01,18.600000000000833,102.69999999999844,0,0001,0.0008322887
2019-03-01,18.600000000000833,102.79999999999843,0,0001,0.001005768
2019-03-01,18.600000000000833,102.89999999999843,0,0001,0.0011787406
2019-03-01,18.50000000000083,102.29999999999846,0,0001,0.0009594701
2019-03-01,18.50000000000083,102.39999999999846,0,0001,0.0008178048
2019-03-01,18.50000000000083,102.49999999999845,0,0001,0.00075118913
2019-03-01,18.50000000000083,102.59999999999845,0,0001,0.00070089026
2019-03-01,18.50000000000083,102.69999999999844,0,0001,0.00070924236
2019-03-01,18.50000000000083,102.79999999999843,0,0001,0.0008011676
2019-03-01,18.50000000000083,102.89999999999843,0,0001,0.0008935474
2019-03-01,18.40000000000083,102.29999999999846,0,0001,0.0010571546
2019-03-01,18.40000000000083,102.39999999999846,0,0001,0.00093083753
2019-03-01,18.40000000000083,102.49999999999845,0,0001,0.0007961534
2019-03-01,18.40000000000083,102.59999999999845,0,0001,0.00066360756
2019-03-01,18.40000000000083,102.69999999999844,0,0001,0.00059816166
2019-03-01,18.40000000000083,102.79999999999843,0,0001,0.0006323598
2019-03-01,18.40000000000083,102.89999999999843,0,0001,0.0006663419
2019-03-01,18.30000000000083,102.29999999999846,0,0001,0.0010957784
2019-03-01,18.30000000000083,102.39999999999846,0,0001,0.0009771279
2019-03-01,18.30000000000083,102.49999999999845,0,0001,0.0007921971
2019-03-01,18.30000000000083,102.59999999999845,0,0001,0.0006092854
2019-03-01,18.30000000000083,102.69999999999844,0,0001,0.0005229853
2019-03-01,18.30000000000083,102.79999999999843,0,0001,0.000555291
2019-03-01,18.30000000000083,102.89999999999843,0,0001,0.0005876489
2019-03-01,18.200000000000827,102.29999999999846,0,0001,0.001131422
2019-03-01,18.200000000000827,102.39999999999846,0,0001,0.0010097391
2019-03-01,18.200000000000827,102.49999999999845,0,0001,0.0007846348
2019-03-01,18.200000000000827,102.59999999999845,0,0001,0.00055623724
2019-03-01,18.200000000000827,102.69999999999844,0,0001,0.00045989378
2019-03-01,18.200000000000827,102.79999999999843,0,0001,0.00049020274
2019-03-01,18.200000000000827,102.89999999999843,0,0001,0.00052885636
2019-04-01,18.700000000000834,102.29999999999846,0,0001,0.0012350788
2019-04-01,18.700000000000834,102.39999999999846,0,0001,0.0009808948
2019-04-01,18.700000000000834,102.49999999999845,0,0001,0.0011789461
2019-04-01,18.700000000000834,102.59999999999845,0,0001,0.0013861766
2019-04-01,18.700000000000834,102.69999999999844,0,0001,0.0015094688
2019-04-01,18.700000000000834,102.79999999999843,0,0001,0.0015457084
2019-04-01,18.700000000000834,102.89999999999843,0,0001,0.0015749743
2019-04-01,18.600000000000833,102.29999999999846,0,0001,0.0012954136
2019-04-01,18.600000000000833,102.39999999999846,0,0001,0.0011053642
2019-04-01,18.600000000000833,102.49999999999845,0,0001,0.0012157818
2019-04-01,18.600000000000833,102.59999999999845,0,0001,0.0013768186
2019-04-01,18.600000000000833,102.69999999999844,0,0001,0.0015072932
2019-04-01,18.600000000000833,102.79999999999843,0,0001,0.0015940627
2019-04-01,18.600000000000833,102.89999999999843,0,0001,0.001714315
2019-04-01,18.50000000000083,102.29999999999846,0,0001,0.0013385823
2019-04-01,18.50000000000083,102.39999999999846,0,0001,0.0011516025
2019-04-01,18.50000000000083,102.49999999999845,0,0001,0.0011943688
2019-04-01,18.50000000000083,102.59999999999845,0,0001,0.0012790968
2019-04-01,18.50000000000083,102.69999999999844,0,0001,0.0013956388
2019-04-01,18.50000000000083,102.79999999999843,0,0001,0.0015574952
2019-04-01,18.50000000000083,102.89999999999843,0,0001,0.0017116924
2019-04-01,18.40000000000083,102.29999999999846,0,0001,0.0013785621
2019-04-01,18.40000000000083,102.39999999999846,0,0001,0.0011767854
2019-04-01,18.40000000000083,102.49999999999845,0,0001,0.0011711826
2019-04-01,18.40000000000083,102.59999999999845,0,0001,0.001180615
2019-04-01,18.40000000000083,102.69999999999844,0,0001,0.0012758037
2019-04-01,18.40000000000083,102.79999999999843,0,0001,0.0014941802
2019-04-01,18.40000000000083,102.89999999999843,0,0001,0.0017123034
2019-04-01,18.30000000000083,102.29999999999846,0,0001,0.0014115681
2019-04-01,18.30000000000083,102.39999999999846,0,0001,0.0011970808
2019-04-01,18.30000000000083,102.49999999999845,0,0001,0.0011322012
2019-04-01,18.30000000000083,102.59999999999845,0,0001,0.0010702123
2019-04-01,18.30000000000083,102.69999999999844,0,0001,0.0011381616
2019-04-01,18.30000000000083,102.79999999999843,0,0001,0.0013649573
2019-04-01,18.30000000000083,102.89999999999843,0,0001,0.001591902
2019-04-01,18.200000000000827,102.29999999999846,0,0001,0.0014481058
2019-04-01,18.200000000000827,102.39999999999846,0,0001,0.0012309065
2019-04-01,18.200000000000827,102.49999999999845,0,0001,0.0010964533
2019-04-01,18.200000000000827,102.59999999999845,0,0001,0.00096395216
2019-04-01,18.200000000000827,102.69999999999844,0,0001,0.0010103842
2019-04-01,18.200000000000827,102.79999999999843,0,0001,0.0012279262
2019-04-01,18.200000000000827,102.89999999999843,0,0001,0.0014563014
2019-05-01,18.700000000000834,102.29999999999846,0,0001,0.008605909
2019-05-01,18.700000000000834,102.39999999999846,0,0001,0.0077344594
2019-05-01,18.700000000000834,102.49999999999845,0,0001,0.007899221
2019-05-01,18.700000000000834,102.59999999999845,0,0001,0.00807796
2019-05-01,18.700000000000834,102.69999999999844,0,0001,0.0082477145
2019-05-01,18.700000000000834,102.79999999999843,0,0001,0.008425679
2019-05-01,18.700000000000834,102.89999999999843,0,0001,0.008605298
2019-05-01,18.600000000000833,102.29999999999846,0,0001,0.008440908
2019-05-01,18.600000000000833,102.39999999999846,0,0001,0.007858332
2019-05-01,18.600000000000833,102.49999999999845,0,0001,0.008071851
2019-05-01,18.600000000000833,102.59999999999845,0,0001,0.008420568
2019-05-01,18.600000000000833,102.69999999999844,0,0001,0.008693915
2019-05-01,18.600000000000833,102.79999999999843,0,0001,0.0088905655
2019-05-01,18.600000000000833,102.89999999999843,0,0001,0.009166043
2019-05-01,18.50000000000083,102.29999999999846,0,0001,0.008128386
2019-05-01,18.50000000000083,102.39999999999846,0,0001,0.007740971
2019-05-01,18.50000000000083,102.49999999999845,0,0001,0.0081132315
2019-05-01,18.50000000000083,102.59999999999845,0,0001,0.008618232
2019-05-01,18.50000000000083,102.69999999999844,0,0001,0.008983862
2019-05-01,18.50000000000083,102.79999999999843,0,0001,0.0091592185
2019-05-01,18.50000000000083,102.89999999999843,0,0001,0.009348955
2019-05-01,18.40000000000083,102.29999999999846,0,0001,0.008018848
2019-05-01,18.40000000000083,102.39999999999846,0,0001,0.0077185896
2019-05-01,18.40000000000083,102.49999999999845,0,0001,0.00820018
2019-05-01,18.40000000000083,102.59999999999845,0,0001,0.008722629
2019-05-01,18.40000000000083,102.69999999999844,0,0001,0.009121876
2019-05-01,18.40000000000083,102.79999999999843,0,0001,0.009329256
2019-05-01,18.40000000000083,102.89999999999843,0,0001,0.009536456
2019-05-01,18.30000000000083,102.29999999999846,0,0001,0.008665558
2019-05-01,18.30000000000083,102.39999999999846,0,0001,0.008409914
2019-05-01,18.30000000000083,102.49999999999845,0,0001,0.008411106
2019-05-01,18.30000000000083,102.59999999999845,0,0001,0.008439671
2019-05-01,18.30000000000083,102.69999999999844,0,0001,0.008677881
2019-05-01,18.30000000000083,102.79999999999843,0,0001,0.009094011
2019-05-01,18.30000000000083,102.89999999999843,0,0001,0.009510409
2019-05-01,18.200000000000827,102.29999999999846,0,0001,0.009470832
2019-05-01,18.200000000000827,102.39999999999846,0,0001,0.009263452
2019-05-01,18.200000000000827,102.49999999999845,0,0001,0.008682918
2019-05-01,18.200000000000827,102.59999999999845,0,0001,0.008086022
2019-05-01,18.200000000000827,102.69999999999844,0,0001,0.008174535
2019-05-01,18.200000000000827,102.79999999999843,0,0001,0.008794647
2019-05-01,18.200000000000827,102.89999999999843,0,0001,0.009443786
2019-06-01,18.700000000000834,102.29999999999846,0,0001,0.010413603
2019-06-01,18.700000000000834,102.39999999999846,0,0001,0.010439598
2019-06-01,18.700000000000834,102.49999999999845,0,0001,0.010068313
2019-06-01,18.700000000000834,102.59999999999845,0,0001,0.009668165
2019-06-01,18.700000000000834,102.69999999999844,0,0001,0.00942585
2019-06-01,18.700000000000834,102.79999999999843,0,0001,0.009378039
2019-06-01,18.700000000000834,102.89999999999843,0,0001,0.009348021
2019-06-01,18.600000000000833,102.29999999999846,0,0001,0.009967596
2019-06-01,18.600000000000833,102.39999999999846,0,0001,0.010387533
2019-06-01,18.600000000000833,102.49999999999845,0,0001,0.010625974
2019-06-01,18.600000000000833,102.59999999999845,0,0001,0.0108354995
2019-06-01,18.600000000000833,102.69999999999844,0,0001,0.010807366
2019-06-01,18.600000000000833,102.79999999999843,0,0001,0.010571235
2019-06-01,18.600000000000833,102.89999999999843,0,0001,0.01036013
2019-06-01,18.50000000000083,102.29999999999846,0,0001,0.009351575
2019-06-01,18.50000000000083,102.39999999999846,0,0001,0.010138393
2019-06-01,18.50000000000083,102.49999999999845,0,0001,0.01108493
2019-06-01,18.50000000000083,102.59999999999845,0,0001,0.012047478
2019-06-01,18.50000000000083,102.69999999999844,0,0001,0.012336225
2019-06-01,18.50000000000083,102.79999999999843,0,0001,0.011705481
2019-06-01,18.50000000000083,102.89999999999843,0,0001,0.011114881
2019-06-01,18.40000000000083,102.29999999999846,0,0001,0.008938783
2019-06-01,18.40000000000083,102.39999999999846,0,0001,0.009929934
2019-06-01,18.40000000000083,102.49999999999845,0,0001,0.011347705
2019-06-01,18.40000000000083,102.59999999999845,0,0001,0.012747043
2019-06-01,18.40000000000083,102.69999999999844,0,0001,0.013267078
2019-06-01,18.40000000000083,102.79999999999843,0,0001,0.012480163
2019-06-01,18.40000000000083,102.89999999999843,0,0001,0.011693151
2019-06-01,18.30000000000083,102.29999999999846,0,0001,0.00931804
2019-06-01,18.30000000000083,102.39999999999846,0,0001,0.010125981
2019-06-01,18.30000000000083,102.49999999999845,0,0001,0.010800705
2019-06-01,18.30000000000083,102.59999999999845,0,0001,0.011518606
2019-06-01,18.30000000000083,102.69999999999844,0,0001,0.011885808
2019-06-01,18.30000000000083,102.79999999999843,0,0001,0.011630827
2019-06-01,18.30000000000083,102.89999999999843,0,0001,0.011375637
2019-06-01,18.200000000000827,102.29999999999846,0,0001,0.009837219
2019-06-01,18.200000000000827,102.39999999999846,0,0001,0.010421597
2019-06-01,18.200000000000827,102.49999999999845,0,0001,0.010187716
2019-06-01,18.200000000000827,102.59999999999845,0,0001,0.009924286
2019-06-01,18.200000000000827,102.69999999999844,0,0001,0.010139571
2019-06-01,18.200000000000827,102.79999999999843,0,0001,0.010515527
2019-06-01,18.200000000000827,102.89999999999843,0,0001,0.010889352
2019-07-01,18.700000000000834,102.29999999999846,0,0001,0.013178776
2019-07-01,18.700000000000834,102.39999999999846,0,0001,0.013733859
2019-07-01,18.700000000000834,102.49999999999845,0,0001,0.013574543
2019-07-01,18.700000000000834,102.59999999999845,0,0001,0.013383764
2019-07-01,18.700000000000834,102.69999999999844,0,0001,0.0131725175
2019-07-01,18.700000000000834,102.79999999999843,0,0001,0.01296256
2019-07-01,18.700000000000834,102.89999999999843,0,0001,0.012753713
2019-07-01,18.600000000000833,102.29999999999846,0,0001,0.011684242
2019-07-01,18.600000000000833,102.39999999999846,0,0001,0.012189466
2019-07-01,18.600000000000833,102.49999999999845,0,0001,0.012413795
2019-07-01,18.600000000000833,102.59999999999845,0,0001,0.012591849
2019-07-01,18.600000000000833,102.69999999999844,0,0001,0.012546915
2019-07-01,18.600000000000833,102.79999999999843,0,0001,0.012281912
2019-07-01,18.600000000000833,102.89999999999843,0,0001,0.012030977
2019-07-01,18.50000000000083,102.29999999999846,0,0001,0.01025753
2019-07-01,18.50000000000083,102.39999999999846,0,0001,0.010854627
2019-07-01,18.50000000000083,102.49999999999845,0,0001,0.01142216
2019-07-01,18.50000000000083,102.59999999999845,0,0001,0.011975746
2019-07-01,18.50000000000083,102.69999999999844,0,0001,0.0120794205
2019-07-01,18.50000000000083,102.79999999999843,0,0001,0.01157819
2019-07-01,18.50000000000083,102.89999999999843,0,0001,0.011114079
2019-07-01,18.40000000000083,102.29999999999846,0,0001,0.009073104
2019-07-01,18.40000000000083,102.39999999999846,0,0001,0.009691651
2019-07-01,18.40000000000083,102.49999999999845,0,0001,0.010472315
2019-07-01,18.40000000000083,102.59999999999845,0,0001,0.011231738
2019-07-01,18.40000000000083,102.69999999999844,0,0001,0.011447678
2019-07-01,18.40000000000083,102.79999999999843,0,0001,0.010853793
2019-07-01,18.40000000000083,102.89999999999843,0,0001,0.010259631
2019-07-01,18.30000000000083,102.29999999999846,0,0001,0.008803728
2019-07-01,18.30000000000083,102.39999999999846,0,0001,0.009270373
2019-07-01,18.30000000000083,102.49999999999845,0,0001,0.009646441
2019-07-01,18.30000000000083,102.59999999999845,0,0001,0.010044868
2019-07-01,18.30000000000083,102.69999999999844,0,0001,0.01018625
2019-07-01,18.30000000000083,102.79999999999843,0,0001,0.00990105
2019-07-01,18.30000000000083,102.89999999999843,0,0001,0.009616229
2019-07-01,18.200000000000827,102.29999999999846,0,0001,0.008671659
2019-07-01,18.200000000000827,102.39999999999846,0,0001,0.008981141
2019-07-01,18.200000000000827,102.49999999999845,0,0001,0.008872154
2019-07-01,18.200000000000827,102.59999999999845,0,0001,0.00874872
2019-07-01,18.200000000000827,102.69999999999844,0,0001,0.0088191135
2019-07-01,18.200000000000827,102.79999999999843,0,0001,0.008906166
2019-07-01,18.200000000000827,102.89999999999843,0,0001,0.008987243
2019-08-01,18.700000000000834,102.29999999999846,0,0001,0.018812452
2019-08-01,18.700000000000834,102.39999999999846,0,0001,0.017970283
2019-08-01,18.700000000000834,102.49999999999845,0,0001,0.01742902
2019-08-01,18.700000000000834,102.59999999999845,0,0001,0.016872186
2019-08-01,18.700000000000834,102.69999999999844,0,0001,0.016641278
2019-08-01,18.700000000000834,102.79999999999843,0,0001,0.016797405
2019-08-01,18.700000000000834,102.89999999999843,0,0001,0.016986903
2019-08-01,18.600000000000833,102.29999999999846,0,0001,0.017351259
2019-08-01,18.600000000000833,102.39999999999846,0,0001,0.016908374
2019-08-01,18.600000000000833,102.49999999999845,0,0001,0.017029572
2019-08-01,18.600000000000833,102.59999999999845,0,0001,0.017248366
2019-08-01,18.600000000000833,102.69999999999844,0,0001,0.017364632
2019-08-01,18.600000000000833,102.79999999999843,0,0001,0.017423254
2019-08-01,18.600000000000833,102.89999999999843,0,0001,0.01754525
2019-08-01,18.50000000000083,102.29999999999846,0,0001,0.015808325
2019-08-01,18.50000000000083,102.39999999999846,0,0001,0.015896056
2019-08-01,18.50000000000083,102.49999999999845,0,0001,0.01688185
2019-08-01,18.50000000000083,102.59999999999845,0,0001,0.018010724
2019-08-01,18.50000000000083,102.69999999999844,0,0001,0.018588427
2019-08-01,18.50000000000083,102.79999999999843,0,0001,0.01838946
2019-08-01,18.50000000000083,102.89999999999843,0,0001,0.01823293
2019-08-01,18.40000000000083,102.29999999999846,0,0001,0.014637481
2019-08-01,18.40000000000083,102.39999999999846,0,0001,0.015000451
2019-08-01,18.40000000000083,102.49999999999845,0,0001,0.016648117
2019-08-01,18.40000000000083,102.59999999999845,0,0001,0.018338967
2019-08-01,18.40000000000083,102.69999999999844,0,0001,0.01923741
2019-08-01,18.40000000000083,102.79999999999843,0,0001,0.018959645
2019-08-01,18.40000000000083,102.89999999999843,0,0001,0.018682335
2019-08-01,18.30000000000083,102.29999999999846,0,0001,0.014909703
2019-08-01,18.30000000000083,102.39999999999846,0,0001,0.015140016
2019-08-01,18.30000000000083,102.49999999999845,0,0001,0.016020637
2019-08-01,18.30000000000083,102.59999999999845,0,0001,0.016948719
2019-08-01,18.30000000000083,102.69999999999844,0,0001,0.017636772
2019-08-01,18.30000000000083,102.79999999999843,0,0001,0.017839577
2019-08-01,18.30000000000083,102.89999999999843,0,0001,0.018042672
2019-08-01,18.200000000000827,102.29999999999846,0,0001,0.015446436
2019-08-01,18.200000000000827,102.39999999999846,0,0001,0.015546437
2019-08-01,18.200000000000827,102.49999999999845,0,0001,0.015397746
2019-08-01,18.200000000000827,102.59999999999845,0,0001,0.015234064
2019-08-01,18.200000000000827,102.69999999999844,0,0001,0.015691463
2019-08-01,18.200000000000827,102.79999999999843,0,0001,0.016447295
2019-08-01,18.200000000000827,102.89999999999843,0,0001,0.017209452
2019-09-01,18.700000000000834,102.29999999999846,0,0001,0.0031254804
2019-09-01,18.700000000000834,102.39999999999846,0,0001,0.0033691665
2019-09-01,18.700000000000834,102.49999999999845,0,0001,0.0040634936
2019-09-01,18.700000000000834,102.59999999999845,0,0001,0.004761598
2019-09-01,18.700000000000834,102.69999999999844,0,0001,0.0050667888
2019-09-01,18.700000000000834,102.79999999999843,0,0001,0.004979714
2019-09-01,18.700000000000834,102.89999999999843,0,0001,0.0048620244
2019-09-01,18.600000000000833,102.29999999999846,0,0001,0.0031106165
2019-09-01,18.600000000000833,102.39999999999846,0,0001,0.0034728115
2019-09-01,18.600000000000833,102.49999999999845,0,0001,0.004177003
2019-09-01,18.600000000000833,102.59999999999845,0,0001,0.0049396
2019-09-01,18.600000000000833,102.69999999999844,0,0001,0.005261964
2019-09-01,18.600000000000833,102.79999999999843,0,0001,0.0050967997
2019-09-01,18.600000000000833,102.89999999999843,0,0001,0.00492715
2019-09-01,18.50000000000083,102.29999999999846,0,0001,0.0033389619
2019-09-01,18.50000000000083,102.39999999999846,0,0001,0.003789938
2019-09-01,18.50000000000083,102.49999999999845,0,0001,0.0045288494
2019-09-01,18.50000000000083,102.59999999999845,0,0001,0.0053197434
2019-09-01,18.50000000000083,102.69999999999844,0,0001,0.005609787
2019-09-01,18.50000000000083,102.79999999999843,0,0001,0.0052559515
2019-09-01,18.50000000000083,102.89999999999843,0,0001,0.004932373
2019-09-01,18.40000000000083,102.29999999999846,0,0001,0.0035520187
2019-09-01,18.40000000000083,102.39999999999846,0,0001,0.0040381467
2019-09-01,18.40000000000083,102.49999999999845,0,0001,0.0047591766
2019-09-01,18.40000000000083,102.59999999999845,0,0001,0.00546684
2019-09-01,18.40000000000083,102.69999999999844,0,0001,0.005731671
2019-09-01,18.40000000000083,102.79999999999843,0,0001,0.0053272983
2019-09-01,18.40000000000083,102.89999999999843,0,0001,0.004922866
2019-09-01,18.30000000000083,102.29999999999846,0,0001,0.003715626
2019-09-01,18.30000000000083,102.39999999999846,0,0001,0.00414846
2019-09-01,18.30000000000083,102.49999999999845,0,0001,0.004490941
2019-09-01,18.30000000000083,102.59999999999845,0,0001,0.0048528677
2019-09-01,18.30000000000083,102.69999999999844,0,0001,0.005050159
2019-09-01,18.30000000000083,102.79999999999843,0,0001,0.0049485033
2019-09-01,18.30000000000083,102.89999999999843,0,0001,0.0048470115
2019-09-01,18.200000000000827,102.29999999999846,0,0001,0.0038867285
2019-09-01,18.200000000000827,102.39999999999846,0,0001,0.00425022
2019-09-01,18.200000000000827,102.49999999999845,0,0001,0.004174999
2019-09-01,18.200000000000827,102.59999999999845,0,0001,0.0040844
2019-09-01,18.200000000000827,102.69999999999844,0,0001,0.0042431047
2019-09-01,18.200000000000827,102.79999999999843,0,0001,0.00449448
2019-09-01,18.200000000000827,102.89999999999843,0,0001,0.004746332
2019-10-01,18.700000000000834,102.29999999999846,0,0001,0.0012660228
2019-10-01,18.700000000000834,102.39999999999846,0,0001,0.0014656537
2019-10-01,18.700000000000834,102.49999999999845,0,0001,0.0024328285
2019-10-01,18.700000000000834,102.59999999999845,0,0001,0.0034155154
2019-10-01,18.700000000000834,102.69999999999844,0,0001,0.0039621494
2019-10-01,18.700000000000834,102.79999999999843,0,0001,0.0040687374
2019-10-01,18.700000000000834,102.89999999999843,0,0001,0.0041406504
2019-10-01,18.600000000000833,102.29999999999846,0,0001,0.0013079919
2019-10-01,18.600000000000833,102.39999999999846,0,0001,0.0015741043
2019-10-01,18.600000000000833,102.49999999999845,0,0001,0.002339823
2019-10-01,18.600000000000833,102.59999999999845,0,0001,0.0031906643
2019-10-01,18.600000000000833,102.69999999999844,0,0001,0.0036207268
2019-10-01,18.600000000000833,102.79999999999843,0,0001,0.0035803446
2019-10-01,18.600000000000833,102.89999999999843,0,0001,0.0035146677
2019-10-01,18.50000000000083,102.29999999999846,0,0001,0.0013757698
2019-10-01,18.50000000000083,102.39999999999846,0,0001,0.0015612819
2019-10-01,18.50000000000083,102.49999999999845,0,0001,0.0021326744
2019-10-01,18.50000000000083,102.59999999999845,0,0001,0.002774445
2019-10-01,18.50000000000083,102.69999999999844,0,0001,0.002999311
2019-10-01,18.50000000000083,102.79999999999843,0,0001,0.0027068087
2019-10-01,18.50000000000083,102.89999999999843,0,0001,0.002430735
2019-10-01,18.40000000000083,102.29999999999846,0,0001,0.0013910435
2019-10-01,18.40000000000083,102.39999999999846,0,0001,0.0014713384
2019-10-01,18.40000000000083,102.49999999999845,0,0001,0.0018863358
2019-10-01,18.40000000000083,102.59999999999845,0,0001,0.002295276
2019-10-01,18.40000000000083,102.69999999999844,0,0001,0.002372978
2019-10-01,18.40000000000083,102.79999999999843,0,0001,0.0019495987
2019-10-01,18.40000000000083,102.89999999999843,0,0001,0.0015262865
2019-10-01,18.30000000000083,102.29999999999846,0,0001,0.0012092717
2019-10-01,18.30000000000083,102.39999999999846,0,0001,0.0012005992
2019-10-01,18.30000000000083,102.49999999999845,0,0001,0.0014733799
2019-10-01,18.30000000000083,102.59999999999845,0,0001,0.0017527171
2019-10-01,18.30000000000083,102.69999999999844,0,0001,0.0017961987
2019-10-01,18.30000000000083,102.79999999999843,0,0001,0.0015013941
2019-10-01,18.30000000000083,102.89999999999843,0,0001,0.0012066119
2019-10-01,18.200000000000827,102.29999999999846,0,0001,0.0009931676
2019-10-01,18.200000000000827,102.39999999999846,0,0001,0.00092656695
2019-10-01,18.200000000000827,102.49999999999845,0,0001,0.0010467522
2019-10-01,18.200000000000827,102.59999999999845,0,0001,0.0011711322
2019-10-01,18.200000000000827,102.69999999999844,0,0001,0.0012104862
2019-10-01,18.200000000000827,102.79999999999843,0,0001,0.0010949277
2019-10-01,18.200000000000827,102.89999999999843,0,0001,0.00096620404
2019-11-01,18.700000000000834,102.29999999999846,0,0001,0.00063839316
2019-11-01,18.700000000000834,102.39999999999846,0,0001,0.00068359583
2019-11-01,18.700000000000834,102.49999999999845,0,0001,0.0010511554
2019-11-01,18.700000000000834,102.59999999999845,0,0001,0.0014271787
2019-11-01,18.700000000000834,102.69999999999844,0,0001,0.0016215495
2019-11-01,18.700000000000834,102.79999999999843,0,0001,0.0016248203
2019-11-01,18.700000000000834,102.89999999999843,0,0001,0.0016127727
2019-11-01,18.600000000000833,102.29999999999846,0,0001,0.00062731415
2019-11-01,18.600000000000833,102.39999999999846,0,0001,0.0006942874
2019-11-01,18.600000000000833,102.49999999999845,0,0001,0.0009944118
2019-11-01,18.600000000000833,102.59999999999845,0,0001,0.0013339794
2019-11-01,18.600000000000833,102.69999999999844,0,0001,0.0015023402
2019-11-01,18.600000000000833,102.79999999999843,0,0001,0.0014778054
2019-11-01,18.600000000000833,102.89999999999843,0,0001,0.001442594
2019-11-01,18.50000000000083,102.29999999999846,0,0001,0.00061698764
2019-11-01,18.50000000000083,102.39999999999846,0,0001,0.0006593591
2019-11-01,18.50000000000083,102.49999999999845,0,0001,0.0009202784
2019-11-01,18.50000000000083,102.59999999999845,0,0001,0.0012193448
2019-11-01,18.50000000000083,102.69999999999844,0,0001,0.0013494021
2019-11-01,18.50000000000083,102.79999999999843,0,0001,0.0012662164
2019-11-01,18.50000000000083,102.89999999999843,0,0001,0.0011820472
2019-11-01,18.40000000000083,102.29999999999846,0,0001,0.00058567285
2019-11-01,18.40000000000083,102.39999999999846,0,0001,0.0005849576
2019-11-01,18.40000000000083,102.49999999999845,0,0001,0.00082003087
2019-11-01,18.40000000000083,102.59999999999845,0,0001,0.0010589338
2019-11-01,18.40000000000083,102.69999999999844,0,0001,0.001157274
2019-11-01,18.40000000000083,102.79999999999843,0,0001,0.0010437719
2019-11-01,18.40000000000083,102.89999999999843,0,0001,0.0009302324
2019-11-01,18.30000000000083,102.29999999999846,0,0001,0.0004651299
2019-11-01,18.30000000000083,102.39999999999846,0,0001,0.00044347852
2019-11-01,18.30000000000083,102.49999999999845,0,0001,0.00061103463
2019-11-01,18.30000000000083,102.59999999999845,0,0001,0.0007828897
2019-11-01,18.30000000000083,102.69999999999844,0,0001,0.0008438578
2019-11-01,18.30000000000083,102.79999999999843,0,0001,0.0007504648
2019-11-01,18.30000000000083,102.89999999999843,0,0001,0.00065727293
2019-11-01,18.200000000000827,102.29999999999846,0,0001,0.00033183157
2019-11-01,18.200000000000827,102.39999999999846,0,0001,0.0003090626
2019-11-01,18.200000000000827,102.49999999999845,0,0001,0.00039171934
2019-11-01,18.200000000000827,102.59999999999845,0,0001,0.00047664106
2019-11-01,18.200000000000827,102.69999999999844,0,0001,0.00050370157
2019-11-01,18.200000000000827,102.79999999999843,0,0001,0.00044484198
2019-11-01,18.200000000000827,102.89999999999843,0,0001,0.00037931412
2019-12-01,18.700000000000834,102.29999999999846,0,0001,4.2186533e-05
2019-12-01,18.700000000000834,102.39999999999846,0,0001,4.7878777e-05
2019-12-01,18.700000000000834,102.49999999999845,0,0001,7.537887e-05
2019-12-01,18.700000000000834,102.59999999999845,0,0001,0.000104071056
2019-12-01,18.700000000000834,102.69999999999844,0,0001,0.00011896477
2019-12-01,18.700000000000834,102.79999999999843,0,0001,0.00011447952
2019-12-01,18.700000000000834,102.89999999999843,0,0001,0.00010837749
2019-12-01,18.600000000000833,102.29999999999846,0,0001,2.070651e-05
2019-12-01,18.600000000000833,102.39999999999846,0,0001,2.5668596e-05
2019-12-01,18.600000000000833,102.49999999999845,0,0001,4.1441475e-05
2019-12-01,18.600000000000833,102.59999999999845,0,0001,5.9009944e-05
2019-12-01,18.600000000000833,102.69999999999844,0,0001,6.938115e-05
2019-12-01,18.600000000000833,102.79999999999843,0,0001,7.0945774e-05
2019-12-01,18.600000000000833,102.89999999999843,0,0001,7.214532e-05
2019-12-01,18.50000000000083,102.29999999999846,0,0001,1.1654054e-05
2019-12-01,18.50000000000083,102.39999999999846,0,0001,1.4500176e-05
2019-12-01,18.50000000000083,102.49999999999845,0,0001,2.3344015e-05
2019-12-01,18.50000000000083,102.59999999999845,0,0001,3.3201133e-05
2019-12-01,18.50000000000083,102.69999999999844,0,0001,3.8573e-05
2019-12-01,18.50000000000083,102.79999999999843,0,0001,3.8111066e-05
2019-12-01,18.50000000000083,102.89999999999843,0,0001,3.7745987e-05
2019-12-01,18.40000000000083,102.29999999999846,0,0001,4.2109236e-06
2019-12-01,18.40000000000083,102.39999999999846,0,0001,5.0677404e-06
2019-12-01,18.40000000000083,102.49999999999845,0,0001,8.316194e-06
2019-12-01,18.40000000000083,102.59999999999845,0,0001,1.134858e-05
2019-12-01,18.40000000000083,102.69999999999844,0,0001,1.2667333e-05
2019-12-01,18.40000000000083,102.79999999999843,0,0001,1.1192118e-05
2019-12-01,18.40000000000083,102.89999999999843,0,0001,9.694551e-06
2019-12-01,18.30000000000083,102.29999999999846,0,0001,3.0113804e-06
2019-12-01,18.30000000000083,102.39999999999846,0,0001,3.1752932e-06
2019-12-01,18.30000000000083,102.49999999999845,0,0001,4.702662e-06
2019-12-01,18.30000000000083,102.59999999999845,0,0001,6.3268885e-06
2019-12-01,18.30000000000083,102.69999999999844,0,0001,6.7888245e-06
2019-12-01,18.30000000000083,102.79999999999843,0,0001,5.7010398e-06
2019-12-01,18.30000000000083,102.89999999999843,0,0001,4.687761e-06
2019-12-01,18.200000000000827,102.29999999999846,0,0001,2.787863e-06
2019-12-01,18.200000000000827,102.39999999999846,0,0001,2.5494444e-06
2019-12-01,18.200000000000827,102.49999999999845,0,0001,3.1007874e-06
2019-12-01,18.200000000000827,102.59999999999845,0,0001,3.622328e-06
2019-12-01,18.200000000000827,102.69999999999844,0,0001,3.883098e-06
2019-12-01,18.200000000000827,102.79999999999843,0,0001,3.5403716e-06
2019-12-01,18.200000000000827,102.89999999999843,0,0001,3.1529414e-06
2020-01-01,18.700000000000834,102.29999999999846,0,0001,0.00013479778
2020-01-01,18.700000000000834,102.39999999999846,0,0001,0.00014823118
2020-01-01,18.700000000000834,102.49999999999845,0,0001,0.00018074551
2020-01-01,18.700000000000834,102.59999999999845,0,0001,0.00021297672
2020-01-01,18.700000000000834,102.69999999999844,0,0001,0.00027544238
2020-01-01,18.700000000000834,102.79999999999843,0,0001,0.00036863424
2020-01-01,18.700000000000834,102.89999999999843,0,0001,0.0004579965
2020-01-01,18.600000000000833,102.29999999999846,0,0001,0.0001125429
2020-01-01,18.600000000000833,102.39999999999846,0,0001,0.00012716094
2020-01-01,18.600000000000833,102.49999999999845,0,0001,0.0001433585
2020-01-01,18.600000000000833,102.59999999999845,0,0001,0.00017363766
2020-01-01,18.600000000000833,102.69999999999844,0,0001,0.00023479947
2020-01-01,18.600000000000833,102.79999999999843,0,0001,0.00032854266
2020-01-01,18.600000000000833,102.89999999999843,0,0001,0.0004077796
2020-01-01,18.50000000000083,102.29999999999846,0,0001,9.508619e-05
2020-01-01,18.50000000000083,102.39999999999846,0,0001,0.00010901132
2020-01-01,18.50000000000083,102.49999999999845,0,0001,0.000111477464
2020-01-01,18.50000000000083,102.59999999999845,0,0001,0.00012555161
2020-01-01,18.50000000000083,102.69999999999844,0,0001,0.00018146822
2020-01-01,18.50000000000083,102.79999999999843,0,0001,0.00026626326
2020-01-01,18.50000000000083,102.89999999999843,0,0001,0.00033442117
2020-01-01,18.40000000000083,102.29999999999846,0,0001,7.861295e-05
2020-01-01,18.40000000000083,102.39999999999846,0,0001,9.367058e-05
2020-01-01,18.40000000000083,102.49999999999845,0,0001,9.496698e-05
2020-01-01,18.40000000000083,102.59999999999845,0,0001,9.598771e-05
2020-01-01,18.40000000000083,102.69999999999844,0,0001,0.00012546965
2020-01-01,18.40000000000083,102.79999999999843,0,0001,0.00019505063
2020-01-01,18.40000000000083,102.89999999999843,0,0001,0.0002656076
2020-01-01,18.30000000000083,102.29999999999846,0,0001,6.806293e-05
2020-01-01,18.30000000000083,102.39999999999846,0,0001,8.407423e-05
2020-01-01,18.30000000000083,102.49999999999845,0,0001,8.4148734e-05
2020-01-01,18.30000000000083,102.59999999999845,0,0001,8.379111e-05
2020-01-01,18.30000000000083,102.69999999999844,0,0001,9.490737e-05
2020-01-01,18.30000000000083,102.79999999999843,0,0001,0.00013934264
2020-01-01,18.30000000000083,102.89999999999843,0,0001,0.00020879695
2020-01-01,18.200000000000827,102.29999999999846,0,0001,6.0969975e-05
2020-01-01,18.200000000000827,102.39999999999846,0,0001,7.3747724e-05
2020-01-01,18.200000000000827,102.49999999999845,0,0001,7.3375195e-05
2020-01-01,18.200000000000827,102.59999999999845,0,0001,7.152e-05
2020-01-01,18.200000000000827,102.69999999999844,0,0001,8.37464e-05
2020-01-01,18.200000000000827,102.79999999999843,0,0001,0.00011082181
2020-01-01,18.200000000000827,102.89999999999843,0,0001,0.00015418419
2020-02-01,18.700000000000834,102.29999999999846,0,0001,4.5060544e-05
2020-02-01,18.700000000000834,102.39999999999846,0,0001,3.999415e-05
2020-02-01,18.700000000000834,102.49999999999845,0,0001,5.1333933e-05
2020-02-01,18.700000000000834,102.59999999999845,0,0001,5.8933525e-05
2020-02-01,18.700000000000834,102.69999999999844,0,0001,8.911583e-05
2020-02-01,18.700000000000834,102.79999999999843,0,0001,0.00014223102
2020-02-01,18.700000000000834,102.89999999999843,0,0001,0.00019560698
2020-02-01,18.600000000000833,102.29999999999846,0,0001,3.746095e-05
2020-02-01,18.600000000000833,102.39999999999846,0,0001,3.5926132e-05
2020-02-01,18.600000000000833,102.49999999999845,0,0001,4.310104e-05
2020-02-01,18.600000000000833,102.59999999999845,0,0001,5.103591e-05
2020-02-01,18.600000000000833,102.69999999999844,0,0001,8.0108075e-05
2020-02-01,18.600000000000833,102.79999999999843,0,0001,0.0001331264
2020-02-01,18.600000000000833,102.89999999999843,0,0001,0.00016496274
2020-02-01,18.50000000000083,102.29999999999846,0,0001,3.3303528e-05
2020-02-01,18.50000000000083,102.39999999999846,0,0001,3.1500487e-05
2020-02-01,18.50000000000083,102.49999999999845,0,0001,3.9807885e-05
2020-02-01,18.50000000000083,102.59999999999845,0,0001,4.8681526e-05
2020-02-01,18.50000000000083,102.69999999999844,0,0001,7.374528e-05
2020-02-01,18.50000000000083,102.79999999999843,0,0001,0.00010983589
2020-02-01,18.50000000000083,102.89999999999843,0,0001,0.00012055728
2020-02-01,18.40000000000083,102.29999999999846,0,0001,2.9764502e-05
2020-02-01,18.40000000000083,102.39999999999846,0,0001,2.6896028e-05
2020-02-01,18.40000000000083,102.49999999999845,0,0001,3.613475e-05
2020-02-01,18.40000000000083,102.59999999999845,0,0001,4.5343666e-05
2020-02-01,18.40000000000083,102.69999999999844,0,0001,5.54243e-05
2020-02-01,18.40000000000083,102.79999999999843,0,0001,6.877574e-05
2020-02-01,18.40000000000083,102.89999999999843,0,0001,8.026454e-05
2020-02-01,18.30000000000083,102.29999999999846,0,0001,2.910885e-05
2020-02-01,18.30000000000083,102.39999999999846,0,0001,2.5532572e-05
2020-02-01,18.30000000000083,102.49999999999845,0,0001,3.35941e-05
2020-02-01,18.30000000000083,102.59999999999845,0,0001,3.755781e-05
2020-02-01,18.30000000000083,102.69999999999844,0,0001,3.664884e-05
2020-02-01,18.30000000000083,102.79999999999843,0,0001,4.412922e-05
2020-02-01,18.30000000000083,102.89999999999843,0,0001,5.5469005e-05
2020-02-01,18.200000000000827,102.29999999999846,0,0001,2.9242961e-05
2020-02-01,18.200000000000827,102.39999999999846,0,0001,2.3923247e-05
2020-02-01,18.200000000000827,102.49999999999845,0,0001,2.5957255e-05
2020-02-01,18.200000000000827,102.59999999999845,0,0001,2.1844535e-05
2020-02-01,18.200000000000827,102.69999999999844,0,0001,2.1226137e-05
2020-02-01,18.200000000000827,102.79999999999843,0,0001,2.5852947e-05
2020-02-01,18.200000000000827,102.89999999999843,0,0001,3.3124714e-05
2020-03-01,18.700000000000834,102.29999999999846,0,0001,0.0027900496
2020-03-01,18.700000000000834,102.39999999999846,0,0001,0.002509185
2020-03-01,18.700000000000834,102.49999999999845,0,0001,0.0026341537
2020-03-01,18.700000000000834,102.59999999999845,0,0001,0.0028396184
2020-03-01,18.700000000000834,102.69999999999844,0,0001,0.003038832
2020-03-01,18.700000000000834,102.79999999999843,0,0001,0.003232048
2020-03-01,18.700000000000834,102.89999999999843,0,0001,0.0034083882
2020-03-01,18.600000000000833,102.29999999999846,0,0001,0.0027027065
2020-03-01,18.600000000000833,102.39999999999846,0,0001,0.0025804052
2020-03-01,18.600000000000833,102.49999999999845,0,0001,0.002535806
2020-03-01,18.600000000000833,102.59999999999845,0,0001,0.002703973
2020-03-01,18.600000000000833,102.69999999999844,0,0001,0.0029037008
2020-03-01,18.600000000000833,102.79999999999843,0,0001,0.0030997852
2020-03-01,18.600000000000833,102.89999999999843,0,0001,0.0033227066
2020-03-01,18.50000000000083,102.29999999999846,0,0001,0.0027884403
2020-03-01,18.50000000000083,102.39999999999846,0,0001,0.0027272785
2020-03-01,18.50000000000083,102.49999999999845,0,0001,0.0024611885
2020-03-01,18.50000000000083,102.59999999999845,0,0001,0.002374963
2020-03-01,18.50000000000083,102.69999999999844,0,0001,0.0025568241
2020-03-01,18.50000000000083,102.79999999999843,0,0001,0.0028183172
2020-03-01,18.50000000000083,102.89999999999843,0,0001,0.003140145
2020-03-01,18.40000000000083,102.29999999999846,0,0001,0.002883763
2020-03-01,18.40000000000083,102.39999999999846,0,0001,0.002843351
2020-03-01,18.40000000000083,102.49999999999845,0,0001,0.0025562132
2020-03-01,18.40000000000083,102.59999999999845,0,0001,0.0022644112
2020-03-01,18.40000000000083,102.69999999999844,0,0001,0.0022552172
2020-03-01,18.40000000000083,102.79999999999843,0,0001,0.0025897184
2020-03-01,18.40000000000083,102.89999999999843,0,0001,0.0029423395
2020-03-01,18.30000000000083,102.29999999999846,0,0001,0.002781571
2020-03-01,18.30000000000083,102.39999999999846,0,0001,0.0027560676
2020-03-01,18.30000000000083,102.49999999999845,0,0001,0.0024500499
2020-03-01,18.30000000000083,102.59999999999845,0,0001,0.0021356726
2020-03-01,18.30000000000083,102.69999999999844,0,0001,0.0020205611
2020-03-01,18.30000000000083,102.79999999999843,0,0001,0.0022595609
2020-03-01,18.30000000000083,102.89999999999843,0,0001,0.0026072124
2020-03-01,18.200000000000827,102.29999999999846,0,0001,0.0026944065
2020-03-01,18.200000000000827,102.39999999999846,0,0001,0.0026121596
2020-03-01,18.200000000000827,102.49999999999845,0,0001,0.002301217
2020-03-01,18.200000000000827,102.59999999999845,0,0001,0.0019690031
2020-03-01,18.200000000000827,102.69999999999844,0,0001,0.0018708642
2020-03-01,18.200000000000827,102.79999999999843,0,0001,0.00202147
2020-03-01,18.200000000000827,102.89999999999843,0,0001,0.0022543976
2020-04-01,18.700000000000834,102.29999999999846,0,0001,0.0013964586
2020-04-01,18.700000000000834,102.39999999999846,0,0001,0.0010645501
2020-04-01,18.700000000000834,102.49999999999845,0,0001,0.0013627596
2020-04-01,18.700000000000834,102.59999999999845,0,0001,0.0016496219
2020-04-01,18.700000000000834,102.69999999999844,0,0001,0.0019603334
2020-04-01,18.700000000000834,102.79999999999843,0,0001,0.002296064
2020-04-01,18.700000000000834,102.89999999999843,0,0001,0.0026255436
2020-04-01,18.600000000000833,102.29999999999846,0,0001,0.0010536276
2020-04-01,18.600000000000833,102.39999999999846,0,0001,0.0009594523
2020-04-01,18.600000000000833,102.49999999999845,0,0001,0.0010330118
2020-04-01,18.600000000000833,102.59999999999845,0,0001,0.0012907647
2020-04-01,18.600000000000833,102.69999999999844,0,0001,0.0016007535
2020-04-01,18.600000000000833,102.79999999999843,0,0001,0.001934763
2020-04-01,18.600000000000833,102.89999999999843,0,0001,0.002189409
2020-04-01,18.50000000000083,102.29999999999846,0,0001,0.0009789504
2020-04-01,18.50000000000083,102.39999999999846,0,0001,0.0009353944
2020-04-01,18.50000000000083,102.49999999999845,0,0001,0.0008363687
2020-04-01,18.50000000000083,102.59999999999845,0,0001,0.0008956604
2020-04-01,18.50000000000083,102.69999999999844,0,0001,0.0011689924
2020-04-01,18.50000000000083,102.79999999999843,0,0001,0.0014472343
2020-04-01,18.50000000000083,102.89999999999843,0,0001,0.0016392805
2020-04-01,18.40000000000083,102.29999999999846,0,0001,0.00092971703
2020-04-01,18.40000000000083,102.39999999999846,0,0001,0.0008917787
2020-04-01,18.40000000000083,102.49999999999845,0,0001,0.00078689685
2020-04-01,18.40000000000083,102.59999999999845,0,0001,0.00068926445
2020-04-01,18.40000000000083,102.69999999999844,0,0001,0.000770893
2020-04-01,18.40000000000083,102.79999999999843,0,0001,0.0009770878
2020-04-01,18.40000000000083,102.89999999999843,0,0001,0.0011770986
2020-04-01,18.30000000000083,102.29999999999846,0,0001,0.00078370055
2020-04-01,18.30000000000083,102.39999999999846,0,0001,0.00074982276
2020-04-01,18.30000000000083,102.49999999999845,0,0001,0.00065102807
2020-04-01,18.30000000000083,102.59999999999845,0,0001,0.0005744957
2020-04-01,18.30000000000083,102.69999999999844,0,0001,0.0006433465
2020-04-01,18.30000000000083,102.79999999999843,0,0001,0.00083815685
2020-04-01,18.30000000000083,102.89999999999843,0,0001,0.001037877
2020-04-01,18.200000000000827,102.29999999999846,0,0001,0.00063603005
2020-04-01,18.200000000000827,102.39999999999846,0,0001,0.0005952083
2020-04-01,18.200000000000827,102.49999999999845,0,0001,0.0005292185
2020-04-01,18.200000000000827,102.59999999999845,0,0001,0.00049513957
2020-04-01,18.200000000000827,102.69999999999844,0,0001,0.0005713888
2020-04-01,18.200000000000827,102.79999999999843,0,0001,0.0007557385
2020-04-01,18.200000000000827,102.89999999999843,0,0001,0.00095006457
2020-05-01,18.700000000000834,102.29999999999846,0,0001,0.0046242326
2020-05-01,18.700000000000834,102.39999999999846,0,0001,0.004221767
2020-05-01,18.700000000000834,102.49999999999845,0,0001,0.004246503
2020-05-01,18.700000000000834,102.59999999999845,0,0001,0.0043296367
2020-05-01,18.700000000000834,102.69999999999844,0,0001,0.00451681
2020-05-01,18.700000000000834,102.79999999999843,0,0001,0.0048104674
2020-05-01,18.700000000000834,102.89999999999843,0,0001,0.0050848126
2020-05-01,18.600000000000833,102.29999999999846,0,0001,0.004379168
2020-05-01,18.600000000000833,102.39999999999846,0,0001,0.004407838
2020-05-01,18.600000000000833,102.49999999999845,0,0001,0.004503086
2020-05-01,18.600000000000833,102.59999999999845,0,0001,0.004588127
2020-05-01,18.600000000000833,102.69999999999844,0,0001,0.0047715455
2020-05-01,18.600000000000833,102.79999999999843,0,0001,0.0050644428
2020-05-01,18.600000000000833,102.89999999999843,0,0001,0.00525105
2020-05-01,18.50000000000083,102.29999999999846,0,0001,0.004453823
2020-05-01,18.50000000000083,102.39999999999846,0,0001,0.00455676
2020-05-01,18.50000000000083,102.49999999999845,0,0001,0.004662469
2020-05-01,18.50000000000083,102.59999999999845,0,0001,0.0047586113
2020-05-01,18.50000000000083,102.69999999999844,0,0001,0.004921779
2020-05-01,18.50000000000083,102.79999999999843,0,0001,0.0051352233
2020-05-01,18.50000000000083,102.89999999999843,0,0001,0.0052237064
2020-05-01,18.40000000000083,102.29999999999846,0,0001,0.004555404
2020-05-01,18.40000000000083,102.39999999999846,0,0001,0.004658103
2020-05-01,18.40000000000083,102.49999999999845,0,0001,0.004763663
2020-05-01,18.40000000000083,102.59999999999845,0,0001,0.0048633367
2020-05-01,18.40000000000083,102.69999999999844,0,0001,0.0049628615
2020-05-01,18.40000000000083,102.79999999999843,0,0001,0.005077988
2020-05-01,18.40000000000083,102.89999999999843,0,0001,0.005173892
2020-05-01,18.30000000000083,102.29999999999846,0,0001,0.0044758767
2020-05-01,18.30000000000083,102.39999999999846,0,0001,0.0045787394
2020-05-01,18.30000000000083,102.49999999999845,0,0001,0.0046569705
2020-05-01,18.30000000000083,102.59999999999845,0,0001,0.004675731
2020-05-01,18.30000000000083,102.69999999999844,0,0001,0.00472866
2020-05-01,18.30000000000083,102.79999999999843,0,0001,0.004932165
2020-05-01,18.30000000000083,102.89999999999843,0,0001,0.0050326586
2020-05-01,18.200000000000827,102.29999999999846,0,0001,0.0043908805
2020-05-01,18.200000000000827,102.39999999999846,0,0001,0.0044467896
2020-05-01,18.200000000000827,102.49999999999845,0,0001,0.0044414997
2020-05-01,18.200000000000827,102.59999999999845,0,0001,0.0043442845
2020-05-01,18.200000000000827,102.69999999999844,0,0001,0.004410833
2020-05-01,18.200000000000827,102.79999999999843,0,0001,0.004669547
2020-05-01,18.200000000000827,102.89999999999843,0,0001,0.004878029
2020-06-01,18.700000000000834,102.29999999999846,0,0001,0.013277797
2020-06-01,18.700000000000834,102.39999999999846,0,0001,0.013014151
2020-06-01,18.700000000000834,102.49999999999845,0,0001,0.012352226
2020-06-01,18.700000000000834,102.59999999999845,0,0001,0.011778651
2020-06-01,18.700000000000834,102.69999999999844,0,0001,0.011442004
2020-06-01,18.700000000000834,102.79999999999843,0,0001,0.011346681
2020-06-01,18.700000000000834,102.89999999999843,0,0001,0.011198996
2020-06-01,18.600000000000833,102.29999999999846,0,0001,0.012453405
2020-06-01,18.600000000000833,102.39999999999846,0,0001,0.012769474
2020-06-01,18.600000000000833,102.49999999999845,0,0001,0.012985868
2020-06-01,18.600000000000833,102.59999999999845,0,0001,0.012529327
2020-06-01,18.600000000000833,102.69999999999844,0,0001,0.012183158
2020-06-01,18.600000000000833,102.79999999999843,0,0001,0.012077717
2020-06-01,18.600000000000833,102.89999999999843,0,0001,0.011635004
2020-06-01,18.50000000000083,102.29999999999846,0,0001,0.011593102
2020-06-01,18.50000000000083,102.39999999999846,0,0001,0.0119287055
2020-06-01,18.50000000000083,102.49999999999845,0,0001,0.012832744
2020-06-01,18.50000000000083,102.59999999999845,0,0001,0.013167379
2020-06-01,18.50000000000083,102.69999999999844,0,0001,0.012835903
2020-06-01,18.50000000000083,102.79999999999843,0,0001,0.012375144
2020-06-01,18.50000000000083,102.89999999999843,0,0001,0.011457307
2020-06-01,18.40000000000083,102.29999999999846,0,0001,0.010863451
2020-06-01,18.40000000000083,102.39999999999846,0,0001,0.011141313
2020-06-01,18.40000000000083,102.49999999999845,0,0001,0.012103556
2020-06-01,18.40000000000083,102.59999999999845,0,0001,0.013038514
2020-06-01,18.40000000000083,102.69999999999844,0,0001,0.013110651
2020-06-01,18.40000000000083,102.79999999999843,0,0001,0.01229292
2020-06-01,18.40000000000083,102.89999999999843,0,0001,0.011324687
2020-06-01,18.30000000000083,102.29999999999846,0,0001,0.010561196
2020-06-01,18.30000000000083,102.39999999999846,0,0001,0.0107990485
2020-06-01,18.30000000000083,102.49999999999845,0,0001,0.011613397
2020-06-01,18.30000000000083,102.59999999999845,0,0001,0.012019215
2020-06-01,18.30000000000083,102.69999999999844,0,0001,0.01217903
2020-06-01,18.30000000000083,102.79999999999843,0,0001,0.012441097
2020-06-01,18.30000000000083,102.89999999999843,0,0001,0.011527
2020-06-01,18.200000000000827,102.29999999999846,0,0001,0.010241894
2020-06-01,18.200000000000827,102.39999999999846,0,0001,0.010418056
2020-06-01,18.200000000000827,102.49999999999845,0,0001,0.010641826
2020-06-01,18.200000000000827,102.59999999999845,0,0001,0.01025301
2020-06-01,18.200000000000827,102.69999999999844,0,0001,0.010466231
2020-06-01,18.200000000000827,102.79999999999843,0,0001,0.011455176
2020-06-01,18.200000000000827,102.89999999999843,0,0001,0.011776088
2020-07-01,18.700000000000834,102.29999999999846,0,0001,0.011144865
2020-07-01,18.700000000000834,102.39999999999846,0,0001,0.010802809
2020-07-01,18.700000000000834,102.49999999999845,0,0001,0.009900171
2020-07-01,18.700000000000834,102.59999999999845,0,0001,0.008740906
2020-07-01,18.700000000000834,102.69999999999844,0,0001,0.008824963
2020-07-01,18.700000000000834,102.79999999999843,0,0001,0.010176394
2020-07-01,18.700000000000834,102.89999999999843,0,0001,0.011490915
2020-07-01,18.600000000000833,102.29999999999846,0,0001,0.010478143
2020-07-01,18.600000000000833,102.39999999999846,0,0001,0.010853384
2020-07-01,18.600000000000833,102.49999999999845,0,0001,0.010885943
2020-07-01,18.600000000000833,102.59999999999845,0,0001,0.009899396
2020-07-01,18.600000000000833,102.69999999999844,0,0001,0.00993659
2020-07-01,18.600000000000833,102.79999999999843,0,0001,0.011285428
2020-07-01,18.600000000000833,102.89999999999843,0,0001,0.011670072
2020-07-01,18.50000000000083,102.29999999999846,0,0001,0.009584222
2020-07-01,18.50000000000083,102.39999999999846,0,0001,0.009917665
2020-07-01,18.50000000000083,102.49999999999845,0,0001,0.010969911
2020-07-01,18.50000000000083,102.59999999999845,0,0001,0.011156354
2020-07-01,18.50000000000083,102.69999999999844,0,0001,0.011092383
2020-07-01,18.50000000000083,102.79999999999843,0,0001,0.011537049
2020-07-01,18.50000000000083,102.89999999999843,0,0001,0.010719556
2020-07-01,18.40000000000083,102.29999999999846,0,0001,0.008808348
2020-07-01,18.40000000000083,102.39999999999846,0,0001,0.009069387
2020-07-01,18.40000000000083,102.49999999999845,0,0001,0.010194961
2020-07-01,18.40000000000083,102.59999999999845,0,0001,0.011286605
2020-07-01,18.40000000000083,102.69999999999844,0,0001,0.011461545
2020-07-01,18.40000000000083,102.79999999999843,0,0001,0.010813732
2020-07-01,18.40000000000083,102.89999999999843,0,0001,0.009926874
2020-07-01,18.30000000000083,102.29999999999846,0,0001,0.008648697
2020-07-01,18.30000000000083,102.39999999999846,0,0001,0.008857865
2020-07-01,18.30000000000083,102.49999999999845,0,0001,0.009789262
2020-07-01,18.30000000000083,102.59999999999845,0,0001,0.010185916
2020-07-01,18.30000000000083,102.69999999999844,0,0001,0.010337088
2020-07-01,18.30000000000083,102.79999999999843,0,0001,0.010849971
2020-07-01,18.30000000000083,102.89999999999843,0,0001,0.010025147
2020-07-01,18.200000000000827,102.29999999999846,0,0001,0.008563284
2020-07-01,18.200000000000827,102.39999999999846,0,0001,0.0086029805
2020-07-01,18.200000000000827,102.49999999999845,0,0001,0.008763228
2020-07-01,18.200000000000827,102.59999999999845,0,0001,0.008122627
2020-07-01,18.200000000000827,102.69999999999844,0,0001,0.008349512
2020-07-01,18.200000000000827,102.79999999999843,0,0001,0.00967424
2020-07-01,18.200000000000827,102.89999999999843,0,0001,0.0102545805
2020-08-01,18.700000000000834,102.29999999999846,0,0001,0.02078741
2020-08-01,18.700000000000834,102.39999999999846,0,0001,0.020574965
2020-08-01,18.700000000000834,102.49999999999845,0,0001,0.019980855
2020-08-01,18.700000000000834,102.59999999999845,0,0001,0.019385777
2020-08-01,18.700000000000834,102.69999999999844,0,0001,0.01928059
2020-08-01,18.700000000000834,102.79999999999843,0,0001,0.019673146
2020-08-01,18.700000000000834,102.89999999999843,0,0001,0.020009734
2020-08-01,18.600000000000833,102.29999999999846,0,0001,0.019644685
2020-08-01,18.600000000000833,102.39999999999846,0,0001,0.02001571
2020-08-01,18.600000000000833,102.49999999999845,0,0001,0.020515569
2020-08-01,18.600000000000833,102.59999999999845,0,0001,0.02009178
2020-08-01,18.600000000000833,102.69999999999844,0,0001,0.019966818
2020-08-01,18.600000000000833,102.79999999999843,0,0001,0.020348988
2020-08-01,18.600000000000833,102.89999999999843,0,0001,0.020194568
2020-08-01,18.50000000000083,102.29999999999846,0,0001,0.018592007
2020-08-01,18.50000000000083,102.39999999999846,0,0001,0.018904068
2020-08-01,18.50000000000083,102.49999999999845,0,0001,0.02040992
2020-08-01,18.50000000000083,102.59999999999845,0,0001,0.021144427
2020-08-01,18.50000000000083,102.69999999999844,0,0001,0.02102869
2020-08-01,18.50000000000083,102.79999999999843,0,0001,0.020866595
2020-08-01,18.50000000000083,102.89999999999843,0,0001,0.01998616
2020-08-01,18.40000000000083,102.29999999999846,0,0001,0.017654039
2020-08-01,18.40000000000083,102.39999999999846,0,0001,0.017844953
2020-08-01,18.40000000000083,102.49999999999845,0,0001,0.019473083
2020-08-01,18.40000000000083,102.59999999999845,0,0001,0.021104299
2020-08-01,18.40000000000083,102.69999999999844,0,0001,0.021580793
2020-08-01,18.40000000000083,102.79999999999843,0,0001,0.020841815
2020-08-01,18.40000000000083,102.89999999999843,0,0001,0.019894533
2020-08-01,18.30000000000083,102.29999999999846,0,0001,0.017387219
2020-08-01,18.30000000000083,102.39999999999846,0,0001,0.01749245
2020-08-01,18.30000000000083,102.49999999999845,0,0001,0.018986173
2020-08-01,18.30000000000083,102.59999999999845,0,0001,0.020001806
2020-08-01,18.30000000000083,102.69999999999844,0,0001,0.020693623
2020-08-01,18.30000000000083,102.79999999999843,0,0001,0.021351092
2020-08-01,18.30000000000083,102.89999999999843,0,0001,0.020474441
2020-08-01,18.200000000000827,102.29999999999846,0,0001,0.017098553
2020-08-01,18.200000000000827,102.39999999999846,0,0001,0.017178826
2020-08-01,18.200000000000827,102.49999999999845,0,0001,0.017964236
2020-08-01,18.200000000000827,102.59999999999845,0,0001,0.018052302
2020-08-01,18.200000000000827,102.69999999999844,0,0001,0.018803574
2020-08-01,18.200000000000827,102.79999999999843,0,0001,0.020418473
2020-08-01,18.200000000000827,102.89999999999843,0,0001,0.021152474
2020-09-01,18.700000000000834,102.29999999999846,0,0001,0.009709494
2020-09-01,18.700000000000834,102.39999999999846,0,0001,0.009688364
2020-09-01,18.700000000000834,102.49999999999845,0,0001,0.009183923
2020-09-01,18.700000000000834,102.59999999999845,0,0001,0.0085002575
2020-09-01,18.700000000000834,102.69999999999844,0,0001,0.008324029
2020-09-01,18.700000000000834,102.79999999999843,0,0001,0.008665049
2020-09-01,18.700000000000834,102.89999999999843,0,0001,0.009005265
2020-09-01,18.600000000000833,102.29999999999846,0,0001,0.009499269
2020-09-01,18.600000000000833,102.39999999999846,0,0001,0.009851078
2020-09-01,18.600000000000833,102.49999999999845,0,0001,0.009915071
2020-09-01,18.600000000000833,102.59999999999845,0,0001,0.009338507
2020-09-01,18.600000000000833,102.69999999999844,0,0001,0.009142803
2020-09-01,18.600000000000833,102.79999999999843,0,0001,0.009490112
2020-09-01,18.600000000000833,102.89999999999843,0,0001,0.009592662
2020-09-01,18.50000000000083,102.29999999999846,0,0001,0.0090668965
2020-09-01,18.50000000000083,102.39999999999846,0,0001,0.0093672
2020-09-01,18.50000000000083,102.49999999999845,0,0001,0.010063084
2020-09-01,18.50000000000083,102.59999999999845,0,0001,0.010214003
2020-09-01,18.50000000000083,102.69999999999844,0,0001,0.01003533
2020-09-01,18.50000000000083,102.79999999999843,0,0001,0.0101493765
2020-09-01,18.50000000000083,102.89999999999843,0,0001,0.009930724
2020-09-01,18.40000000000083,102.29999999999846,0,0001,0.008701729
2020-09-01,18.40000000000083,102.39999999999846,0,0001,0.008961925
2020-09-01,18.40000000000083,102.49999999999845,0,0001,0.009698832
2020-09-01,18.40000000000083,102.59999999999845,0,0001,0.010409603
2020-09-01,18.40000000000083,102.69999999999844,0,0001,0.010581652
2020-09-01,18.40000000000083,102.79999999999843,0,0001,0.010428855
2020-09-01,18.40000000000083,102.89999999999843,0,0001,0.010189267
2020-09-01,18.30000000000083,102.29999999999846,0,0001,0.008791709
2020-09-01,18.30000000000083,102.39999999999846,0,0001,0.009023571
2020-09-01,18.30000000000083,102.49999999999845,0,0001,0.009639459
2020-09-01,18.30000000000083,102.59999999999845,0,0001,0.009929674
2020-09-01,18.30000000000083,102.69999999999844,0,0001,0.010033498
2020-09-01,18.30000000000083,102.79999999999843,0,0001,0.0104392115
2020-09-01,18.30000000000083,102.89999999999843,0,0001,0.010228211
2020-09-01,18.200000000000827,102.29999999999846,0,0001,0.009010831
2020-09-01,18.200000000000827,102.39999999999846,0,0001,0.009067284
2020-09-01,18.200000000000827,102.49999999999845,0,0001,0.009215454
2020-09-01,18.200000000000827,102.59999999999845,0,0001,0.008875275
2020-09-01,18.200000000000827,102.69999999999844,0,0001,0.009021977
2020-09-01,18.200000000000827,102.79999999999843,0,0001,0.009793991
2020-09-01,18.200000000000827,102.89999999999843,0,0001,0.010230767
2020-10-01,18.700000000000834,102.29999999999846,0,0001,0.005740588
2020-10-01,18.700000000000834,102.39999999999846,0,0001,0.0058789677
2020-10-01,18.700000000000834,102.49999999999845,0,0001,0.006441464
2020-10-01,18.700000000000834,102.59999999999845,0,0001,0.0070376447
2020-10-01,18.700000000000834,102.69999999999844,0,0001,0.007211534
2020-10-01,18.700000000000834,102.79999999999843,0,0001,0.0069543994
2020-10-01,18.700000000000834,102.89999999999843,0,0001,0.0066545955
2020-10-01,18.600000000000833,102.29999999999846,0,0001,0.005800394
2020-10-01,18.600000000000833,102.39999999999846,0,0001,0.0061529106
2020-10-01,18.600000000000833,102.49999999999845,0,0001,0.0068429685
2020-10-01,18.600000000000833,102.59999999999845,0,0001,0.00746276
2020-10-01,18.600000000000833,102.69999999999844,0,0001,0.007652422
2020-10-01,18.600000000000833,102.79999999999843,0,0001,0.0073735467
2020-10-01,18.600000000000833,102.89999999999843,0,0001,0.006991384
2020-10-01,18.50000000000083,102.29999999999846,0,0001,0.0058937497
2020-10-01,18.50000000000083,102.39999999999846,0,0001,0.006247548
2020-10-01,18.50000000000083,102.49999999999845,0,0001,0.007072238
2020-10-01,18.50000000000083,102.59999999999845,0,0001,0.007847485
2020-10-01,18.50000000000083,102.69999999999844,0,0001,0.008054149
2020-10-01,18.50000000000083,102.79999999999843,0,0001,0.0076543964
2020-10-01,18.50000000000083,102.89999999999843,0,0001,0.0071336976
2020-10-01,18.40000000000083,102.29999999999846,0,0001,0.006048841
2020-10-01,18.40000000000083,102.39999999999846,0,0001,0.0063551194
2020-10-01,18.40000000000083,102.49999999999845,0,0001,0.0072281486
2020-10-01,18.40000000000083,102.59999999999845,0,0001,0.008058635
2020-10-01,18.40000000000083,102.69999999999844,0,0001,0.008220841
2020-10-01,18.40000000000083,102.79999999999843,0,0001,0.0076993755
2020-10-01,18.40000000000083,102.89999999999843,0,0001,0.0071571595
2020-10-01,18.30000000000083,102.29999999999846,0,0001,0.0064384467
2020-10-01,18.30000000000083,102.39999999999846,0,0001,0.006711071
2020-10-01,18.30000000000083,102.49999999999845,0,0001,0.007493166
2020-10-01,18.30000000000083,102.59999999999845,0,0001,0.008003843
2020-10-01,18.30000000000083,102.69999999999844,0,0001,0.007775394
2020-10-01,18.30000000000083,102.79999999999843,0,0001,0.007328575
2020-10-01,18.30000000000083,102.89999999999843,0,0001,0.0067903674
2020-10-01,18.200000000000827,102.29999999999846,0,0001,0.0068063415
2020-10-01,18.200000000000827,102.39999999999846,0,0001,0.0070442385
2020-10-01,18.200000000000827,102.49999999999845,0,0001,0.0074315867
2020-10-01,18.200000000000827,102.59999999999845,0,0001,0.0074160523
2020-10-01,18.200000000000827,102.69999999999844,0,0001,0.0071779615
2020-10-01,18.200000000000827,102.79999999999843,0,0001,0.0068013794
2020-10-01,18.200000000000827,102.89999999999843,0,0001,0.0063602603
2020-11-01,18.700000000000834,102.29999999999846,0,0001,0.0003346739
2020-11-01,18.700000000000834,102.39999999999846,0,0001,0.0004097683
2020-11-01,18.700000000000834,102.49999999999845,0,0001,0.00075083354
2020-11-01,18.700000000000834,102.59999999999845,0,0001,0.0011292932
2020-11-01,18.700000000000834,102.69999999999844,0,0001,0.0012421695
2020-11-01,18.700000000000834,102.79999999999843,0,0001,0.0010841129
2020-11-01,18.700000000000834,102.89999999999843,0,0001,0.0008993981
2020-11-01,18.600000000000833,102.29999999999846,0,0001,0.00023903827
2020-11-01,18.600000000000833,102.39999999999846,0,0001,0.00031180808
2020-11-01,18.600000000000833,102.49999999999845,0,0001,0.0005564032
2020-11-01,18.600000000000833,102.59999999999845,0,0001,0.0009195892
2020-11-01,18.600000000000833,102.69999999999844,0,0001,0.0010422406
2020-11-01,18.600000000000833,102.79999999999843,0,0001,0.0008783204
2020-11-01,18.600000000000833,102.89999999999843,0,0001,0.0007903216
2020-11-01,18.50000000000083,102.29999999999846,0,0001,0.00018692891
2020-11-01,18.50000000000083,102.39999999999846,0,0001,0.0002620978
2020-11-01,18.50000000000083,102.49999999999845,0,0001,0.00041289756
2020-11-01,18.50000000000083,102.59999999999845,0,0001,0.00066774467
2020-11-01,18.50000000000083,102.69999999999844,0,0001,0.0008051632
2020-11-01,18.50000000000083,102.79999999999843,0,0001,0.0007092444
2020-11-01,18.50000000000083,102.89999999999843,0,0001,0.0007195411
2020-11-01,18.40000000000083,102.29999999999846,0,0001,0.0001572309
2020-11-01,18.40000000000083,102.39999999999846,0,0001,0.0002246959
2020-11-01,18.40000000000083,102.49999999999845,0,0001,0.00038325915
2020-11-01,18.40000000000083,102.59999999999845,0,0001,0.0005348859
2020-11-01,18.40000000000083,102.69999999999844,0,0001,0.00061980763
2020-11-01,18.40000000000083,102.79999999999843,0,0001,0.0006221471
2020-11-01,18.40000000000083,102.89999999999843,0,0001,0.0006368918
2020-11-01,18.30000000000083,102.29999999999846,0,0001,0.00020322333
2020-11-01,18.30000000000083,102.39999999999846,0,0001,0.0002653984
2020-11-01,18.30000000000083,102.49999999999845,0,0001,0.00040844956
2020-11-01,18.30000000000083,102.59999999999845,0,0001,0.0005057616
2020-11-01,18.30000000000083,102.69999999999844,0,0001,0.00048654655
2020-11-01,18.30000000000083,102.79999999999843,0,0001,0.00047050545
2020-11-01,18.30000000000083,102.89999999999843,0,0001,0.0004840357
2020-11-01,18.200000000000827,102.29999999999846,0,0001,0.0002657635
2020-11-01,18.200000000000827,102.39999999999846,0,0001,0.00030738243
2020-11-01,18.200000000000827,102.49999999999845,0,0001,0.0003839893
2020-11-01,18.200000000000827,102.59999999999845,0,0001,0.00039257237
2020-11-01,18.200000000000827,102.69999999999844,0,0001,0.0003723962
2020-11-01,18.200000000000827,102.79999999999843,0,0001,0.00033811608
2020-11-01,18.200000000000827,102.89999999999843,0,0001,0.0003206072
2020-12-01,18.700000000000834,102.29999999999846,0,0001,2.5175415e-05
2020-12-01,18.700000000000834,102.39999999999846,0,0001,3.4391785e-05
2020-12-01,18.700000000000834,102.49999999999845,0,0001,0.000107034946
2020-12-01,18.700000000000834,102.59999999999845,0,0001,0.00017698099
2020-12-01,18.700000000000834,102.69999999999844,0,0001,0.00019010891
2020-12-01,18.700000000000834,102.79999999999843,0,0001,0.00014540543
2020-12-01,18.700000000000834,102.89999999999843,0,0001,9.10013e-05
2020-12-01,18.600000000000833,102.29999999999846,0,0001,1.060953e-05
2020-12-01,18.600000000000833,102.39999999999846,0,0001,1.0795795e-05
2020-12-01,18.600000000000833,102.49999999999845,0,0001,4.1991378e-05
2020-12-01,18.600000000000833,102.59999999999845,0,0001,0.00010719141
2020-12-01,18.600000000000833,102.69999999999844,0,0001,0.00012218197
2020-12-01,18.600000000000833,102.79999999999843,0,0001,7.63311e-05
2020-12-01,18.600000000000833,102.89999999999843,0,0001,5.1066185e-05
2020-12-01,18.50000000000083,102.29999999999846,0,0001,7.8528155e-06
2020-12-01,18.50000000000083,102.39999999999846,0,0001,7.674002e-06
2020-12-01,18.50000000000083,102.49999999999845,0,0001,9.134315e-06
2020-12-01,18.50000000000083,102.59999999999845,0,0001,3.9614642e-05
2020-12-01,18.50000000000083,102.69999999999844,0,0001,5.7250167e-05
2020-12-01,18.50000000000083,102.79999999999843,0,0001,2.8334462e-05
2020-12-01,18.50000000000083,102.89999999999843,0,0001,2.650907e-05
2020-12-01,18.40000000000083,102.29999999999846,0,0001,5.1855077e-06
2020-12-01,18.40000000000083,102.39999999999846,0,0001,4.8353304e-06
2020-12-01,18.40000000000083,102.49999999999845,0,0001,6.4148535e-06
2020-12-01,18.40000000000083,102.59999999999845,0,0001,8.016728e-06
2020-12-01,18.40000000000083,102.69999999999844,0,0001,1.2978815e-05
2020-12-01,18.40000000000083,102.79999999999843,0,0001,8.761786e-06
2020-12-01,18.40000000000083,102.89999999999843,0,0001,6.88424e-06
2020-12-01,18.30000000000083,102.29999999999846,0,0001,3.866755e-06
2020-12-01,18.30000000000083,102.39999999999846,0,0001,3.3601154e-06
2020-12-01,18.30000000000083,102.49999999999845,0,0001,4.8502316e-06
2020-12-01,18.30000000000083,102.59999999999845,0,0001,5.908214e-06
2020-12-01,18.30000000000083,102.69999999999844,0,0001,5.893313e-06
2020-12-01,18.30000000000083,102.79999999999843,0,0001,5.125903e-06
2020-12-01,18.30000000000083,102.89999999999843,0,0001,3.2707085e-06
2020-12-01,18.200000000000827,102.29999999999846,0,0001,2.6523103e-06
2020-12-01,18.200000000000827,102.39999999999846,0,0001,1.981758e-06
2020-12-01,18.200000000000827,102.49999999999845,0,0001,2.8087725e-06
2020-12-01,18.200000000000827,102.59999999999845,0,0001,2.957784e-06
2020-12-01,18.200000000000827,102.69999999999844,0,0001,2.942883e-06
2020-12-01,18.200000000000827,102.79999999999843,0,0001,2.9205312e-06
2020-12-01,18.200000000000827,102.89999999999843,0,0001,2.2052755e-06
