X,Y,id,SAMPLE_1
102.850776796349,19.1361717160878,0,10
102.979718923799,18.9968480687631,1,10
102.750471476989,19.3560007115178,2,10
103.235451785614,18.5338706501166,3,10
103.088722431453,19.4426762266343,4,30
103.189363578314,18.7584815942566,5,10
103.294324159435,19.4717794825575,6,40
102.854757746555,18.6958482924872,7,10
103.005658460343,18.5381576829323,8,10
102.833696336584,19.0836003204516,9,10
103.201971788497,18.7185563249848,10,30
102.492318382168,19.3462443398486,11,30
103.394736836353,19.3179943592402,12,40
102.306276670761,18.9278156709413,13,10
103.413913742265,18.7442225254837,14,10
103.338198331798,19.3823552720993,15,10
103.379981870139,19.0824412217774,16,10
103.185461514564,18.6534447464709,17,10
102.943038627119,19.0750181807165,18,10
102.484637795915,19.3455212235779,19,10
102.716510240835,19.1448661197195,20,10
102.344171124073,18.5416507046473,21,10
103.262712158301,19.3110139903674,22,10
102.851749897369,19.35753368408,23,10
103.409172001267,18.9374405476511,24,10
103.433145456835,19.3797816619744,25,10
103.092314132466,19.3056939441291,26,10
103.444021443448,18.8669994160018,27,10
103.087388519922,19.2897305412355,28,10
102.340459403673,18.6936350262268,29,10
102.412509239994,18.6475942356301,30,10
102.510836191818,19.2303362627764,31,10
102.257314842428,18.5254892865913,32,10
102.435028384187,18.5234073001558,33,40
102.407880492019,19.2098929693685,34,10
103.247866344885,18.5614550433223,35,10
102.375432780739,19.380774072064,36,10
103.281583017057,19.0037852374096,37,10
102.255147869336,18.5352049279159,38,10
103.311317865702,19.0031625506522,39,10
102.270868775499,18.7501759668249,40,10
102.84808034366,18.5656449905767,41,10
102.431602430689,19.4464532199072,42,10
103.356041411744,19.0805494235246,43,10
102.586883115483,18.778338794902,44,10
102.915382791607,18.5164296883336,45,10
103.007331873648,19.4030725597164,46,10
102.498407444084,18.560239778015,47,30
102.640688508595,18.80825683552,48,10
103.090945401588,18.7959343134816,49,10
102.967836312673,19.259811353421,50,10
103.04983041773,19.019073239111,51,10
102.409781052681,19.4974934692456,52,30
102.57924813349,18.7328839559646,53,30
103.371276208247,19.4464665799811,54,10
103.38074737963,19.4432056357723,55,10
103.181432710372,18.8691674197118,56,10
103.00745840564,19.2707459716086,57,10
102.483365954206,19.0928200253631,58,10
102.307693375646,18.908487730661,59,10
102.615138200655,18.5861751128969,60,80
102.764691614289,18.8817412169075,61,10
102.706587960998,18.5722184118933,62,30
102.994650198687,19.4294885650661,63,10
103.144273535082,18.8854235776639,64,10
102.339578665064,19.0520165692039,65,10
102.37375611574,19.203922054515,66,10
102.414250190883,18.6584631221313,67,10
102.84311720034,19.0370449517824,68,30
102.338158831278,18.8651978737279,69,10
102.550359184514,19.3635627380366,70,30
102.28911315377,18.8349152577792,71,10
102.35154135625,19.4624340332462,72,10
103.015995050084,19.0864498227256,73,40
103.458406158106,19.0166263720396,74,30
103.381715202092,18.6630348835094,75,10
102.341980794401,19.0033005424901,76,10
103.237394407163,18.9112227345591,77,10
102.844715229689,19.0348165552778,78,10
103.010862139927,18.685190118712,79,10
102.401332288711,18.696278736902,80,10
102.289153127437,19.0210078715706,81,10
102.614609042307,18.9156320901716,82,10
103.416645349933,18.8524138913803,83,10
102.531597306717,18.8218525623026,84,10
102.907058226292,18.9749934882132,85,10
102.777980165343,18.8722632920149,86,80
102.390331459009,19.1647620738257,87,10
102.356449772447,18.9284003922577,88,10
102.521573886667,19.2030433894959,89,10
103.194452267828,18.9995531244546,90,10
103.139985718786,18.5448745204436,91,10
103.171173186122,18.5883545162407,92,10
102.8815175834,19.2178978649366,93,10
102.485122541727,18.5122328085416,94,40
103.352575364181,19.2417788566876,95,10
102.446915489742,18.5415982689314,96,10
102.783889846379,18.95279908064,97,10
103.34144905078,18.9908498664561,98,10
102.920612153559,19.0961866645579,99,10
102.632500779354,18.7072649701003,100,10
102.572992139306,19.426459464783,101,10
103.192486383743,19.0847809809278,102,10
103.151260401692,19.220009450908,103,10
102.826619744742,19.4928432204571,104,10
103.09168642893,18.5330771764903,105,10
103.231777548638,18.6806038050841,106,30
103.143344915723,18.7667262816234,107,30
102.280626350607,18.5903105354516,108,10
103.344327177307,18.6869414944436,109,10
102.538851551779,18.596442285852,110,10
103.306167344965,19.030593078166,111,10
102.280811551178,19.2627189552596,112,40
102.940710509507,18.6957375046834,113,10
102.588377750854,19.04733204176,114,10
103.489138900002,18.5744776830889,115,30
103.173582339611,18.792403618153,116,10
102.796326853466,19.4462757788305,117,10
103.48595501838,18.6510957333992,118,10
102.414857557515,19.0588186929779,119,10
103.021549359664,19.1280327921352,120,10
103.211225609005,19.0147376755514,121,10
102.46080941497,19.0331357580848,122,10
102.778519079071,19.3757926823017,123,10
102.405050288824,18.9616776140327,124,10
102.55051403193,19.0171740170976,125,10
102.723530749055,18.9666433828042,126,10
102.644417861263,19.4238047574055,127,10
102.797064198564,18.8833216767346,128,10
102.339615810064,18.7775975842577,129,10
102.601202436091,18.5739753471797,130,10
103.354715619521,19.3741342091103,131,10
102.82630524947,18.5489655516006,132,10
102.676506346872,18.7509585054068,133,10
103.478317769991,18.9342348400997,134,10
103.053399041928,18.7057216851068,135,10
102.346595134832,19.0622066331277,136,30
102.403524008716,19.3008702330002,137,10
102.741507971729,18.6920125935624,138,30
102.945460952735,19.0545452694686,139,10
102.935718808037,19.3664590022881,140,10
103.041836491494,18.8760525199187,141,10
103.006605726321,18.9620498749657,142,10
102.424826315684,19.0427724965201,143,10
102.944887983373,19.4417461785324,144,10
103.400602682353,18.5881622877442,145,10
103.256677065317,19.3154780407241,146,10
102.866322145043,19.0197047409659,147,10
102.57842536594,19.2089600277897,148,10
103.278623515739,19.3556867786019,149,10
102.358128129351,19.2554114285181,150,10
103.392357715973,19.0219117383366,151,10
103.325634007369,18.6841656339344,152,10
102.966420286211,18.6056643687001,153,10
102.971746341607,19.0946323367531,154,10
102.644144201681,18.9128572577481,155,10
103.266930742539,18.8465136615176,156,30
102.816381185261,19.1184976403079,157,10
102.530982691793,18.658380239929,158,80
102.900657638314,19.0759749236868,159,10
102.482269375896,18.6358015642898,160,40
102.283895758436,18.5495404705043,161,40
102.379627492735,18.7334858922784,162,10
103.384641702617,19.2402377434327,163,10
103.35121654192,18.5583240405322,164,10
102.598208086289,19.0190174976644,165,10
103.044719309164,19.469744024967,166,10
102.631714657618,19.3619684173166,167,10
103.492556304754,19.1635661206853,168,10
102.317619586859,18.6052156919814,169,10
102.291905668384,18.7707053449652,170,40
102.727027749193,19.1356788474326,171,10
102.864522816945,18.7611949955048,172,10
103.495060488665,19.1376287087472,173,10
102.514456764056,18.6464079558357,174,10
103.17785580905,19.4393928929776,175,50
103.483313082292,19.0507849617834,176,10
102.81025568454,19.1307631778422,177,10
103.090760768376,19.0769513185386,178,10
102.547004649062,18.5195863276806,179,10
102.727148952196,18.7292607328603,180,10
103.356899239497,19.3868300039118,181,10
102.578582381459,19.0820004834071,182,10
103.001076330445,18.5145697812522,183,10
103.218240857365,18.9115247717155,184,10
102.631645334085,19.1450914551192,185,10
102.832415679794,19.0563227148101,186,10
102.671789119281,18.8804531068784,187,10
102.545694284874,18.6386305968655,188,80
102.905304778041,18.504317747474,189,10
103.455447336473,18.5834238874118,190,10
103.053572298624,19.1423591865577,191,10
102.661814649072,18.9553018045647,192,80
102.752728795923,19.1270806680428,193,10
102.804640831154,18.8764081741964,194,10
102.273612887401,19.1690512657846,195,10
102.802788774768,19.1790979184546,196,10
102.709930410468,18.7382631257316,197,10
103.436447274414,19.4727701906064,198,30
102.341959207447,18.6197133955199,199,10
102.567768349,18.8893881826686,200,10
103.239661631283,18.5523732511396,201,10
102.701667975918,19.2897001211004,202,10
102.433242178244,18.7917415874673,203,10
103.308314719431,18.605082538557,204,10
103.039810568269,18.7551273656447,205,10
103.454754481127,19.0809766224705,206,10
103.201853179,18.9621960636263,207,10
102.788063509675,19.0862255115535,208,10
102.84374919933,18.6710323204403,209,10
102.259937245949,18.7905185733628,210,10
103.387613104335,18.8296066246452,211,10
102.80778645615,19.1319094646177,212,10
103.334375516277,18.5136005668743,213,10
102.379382898538,19.2886075291032,214,10
102.87828964834,19.3099793684119,215,10
102.546002776915,19.1171600658922,216,10
103.003932605132,19.2626352785551,217,10
103.304899384816,18.7084684784859,218,10
102.983972826655,19.2408764749045,219,10
103.031104160585,18.8903058652454,220,10
103.082091439881,19.0213734222556,221,10
103.334351656486,18.7838546572773,222,10
102.494782904418,18.8164908886111,223,10
103.175525361408,18.602964881267,224,10
103.37412439856,18.76886188604,225,10
102.669095518459,19.4914582891334,226,10
103.454898220309,18.767311972918,227,10
102.724236922938,19.0229043687479,228,10
102.658409633452,19.474412481303,229,10
102.673151862146,19.2305777188674,230,10
103.370111815816,19.414442622982,231,30
102.499280131122,18.9829558400178,232,10
102.292313066826,18.5827113741396,233,10
102.64135871438,19.0509032768234,234,10
103.256363652516,18.7366547110883,235,10
102.905664270913,18.9372828144279,236,10
103.283574701079,19.4334868928678,237,30
102.27077070195,19.4325105914153,238,10
103.418648838984,19.3585963461563,239,10
102.403970352699,18.8112072531326,240,10
102.360333041728,19.4130420463656,241,10
103.068019413439,19.0367390001603,242,10
102.84285442274,18.7119195773963,243,10
102.967839837635,19.1551645111217,244,10
103.239202766714,19.2844188281986,245,10
103.088919966997,18.6038665244832,246,10
102.785477117808,19.1731031517176,247,10
103.412286297669,19.3473614140873,248,10
103.373159457501,19.4335370971867,249,30
102.837165756841,18.6350752980078,250,10
103.466369243709,19.2019384398904,251,10
102.978561853461,18.9654178489206,252,10
103.268961758991,19.4088775882756,253,10
102.303586697344,19.4246022855074,254,10
102.30693481358,19.4716973231979,255,10
102.826436422122,19.3554586850717,256,10
102.641517529477,19.1775615078213,257,30
102.760474668609,19.0951959419857,258,10
102.832484578154,19.1706640538926,259,10
102.979178226562,18.9308765372885,260,10
103.299769094541,18.7289417360812,261,10
102.69410853696,19.1296916951027,262,10
102.549212896186,18.8460175554613,263,10
102.964614558089,18.9663021589364,264,10
103.396525078264,19.1658192163069,265,30
103.028061972652,18.8430955564367,266,10
103.448505190263,19.0135656558363,267,30
103.140631843908,19.3696325374718,268,30
103.315386563146,19.4318867286388,269,10
103.070521872078,19.125013765055,270,10
102.798149463749,19.3234285889797,271,10
102.276600282901,19.4885856486126,272,10
103.043147969391,18.5634653979321,273,60
102.292050233947,18.9144865261136,274,10
102.353286961087,19.014288059859,275,30
103.317783348246,18.6417730713646,276,10
102.28616108408,18.8603621992495,277,10
103.106301292434,19.240490926418,278,10
103.316302795889,19.2069000578986,279,10
102.64384234971,19.2770267529643,280,30
103.379678474308,18.8551850016548,281,10
102.808457417665,18.8528249707593,282,80
103.497967796806,19.0230995230784,283,10
102.553305588213,18.9850875070643,284,10
103.401227914264,18.7612377851461,285,10
102.294185745055,18.6878616824433,286,10
103.473454984583,19.2184493823612,287,10
103.193252105109,18.7736111165376,288,10
102.538159329703,19.2253169631488,289,10
103.021033102649,19.4745743288683,290,30
103.242185155516,19.0534597786034,291,10
102.273011738533,19.0930112967704,292,10
102.960254359015,18.6877310774784,293,10
102.683843641645,19.4499630354897,294,10
102.306774176144,18.9108600259361,295,10
102.272002136574,19.0369620442151,296,10
103.027324514639,19.1291511654961,297,10
103.47816208637,18.664152893735,298,60
102.896118315217,19.0189387959248,299,10
102.884349760079,18.8195907888867,300,30
103.0307168732,19.3735464673764,301,10
102.377691731185,18.9015621906631,302,10
102.560837128061,18.7081697514002,303,80
102.454882055386,19.3961659876496,304,10
103.04174813404,18.7720779091327,305,10
102.376803449033,19.4567772830994,306,10
103.45408339815,19.0164679498133,307,40
102.309011169936,18.8731508696733,308,10
103.118110903426,18.5596958462515,309,10
102.874155993542,18.8554566593204,310,10
103.196577406162,18.8318655316575,311,10
103.432493208828,18.6165068525795,312,10
103.347359155404,19.068361029571,313,10
102.630616261618,18.5055491298688,314,80
102.254285817596,18.7037852698002,315,10
103.259001253544,19.1968621423083,316,10
102.260447423079,19.1172948735542,317,10
102.919452674273,19.13365233938,318,10
102.949942087722,18.5385497517207,319,10
102.659751264014,18.7798034135565,320,10
103.300391153297,19.0274072067291,321,10
103.292607172552,19.2166731222127,322,30
103.309928908786,19.2729811956092,323,10
103.229931042612,18.8646880130072,324,10
103.13884981322,18.9049063590898,325,30
103.232891711498,19.3830100155584,326,10
102.449885926973,18.5079592666383,327,10
102.856326954791,18.93460177652,328,10
103.20357304448,18.8524027825758,329,10
102.601019629112,18.8266153120763,330,10
102.856744930422,18.8449138310743,331,10
102.769138372253,19.4674554866801,332,10
102.411347286413,19.4262333325577,333,10
103.487853821634,18.525191933749,334,10
102.361972708244,18.9428816309289,335,10
102.50576563753,18.5853128479956,336,10
102.573952021565,18.7321123738942,337,10
103.222319855049,19.1123933754675,338,40
103.18448705743,19.137591739345,339,10
102.882612862213,19.1583772970243,340,30
102.551660545625,18.7301054546424,341,10
102.441049764273,19.3502111403985,342,10
103.266585646432,18.7743821281619,343,10
102.375902553547,18.8344301905692,344,10
102.99974976538,18.7102227910926,345,10
102.803688054122,18.6346365128334,346,10
103.499200664624,18.5014139149245,347,10
103.405587335796,18.9140162897567,348,10
102.854151561757,18.6956215547063,349,10
102.316887954992,18.9428734823676,350,30
103.495301116346,18.6008110762902,351,10
102.898957517653,18.7182202622371,352,10
103.410347184878,19.4301501392277,353,10
103.489024764278,18.8948479691055,354,10
103.288881575038,18.7607000900682,355,10
102.72194627456,18.6341388004036,356,10
103.161961042173,18.5664889303721,357,10
102.799810620313,19.0082365348883,358,10
102.792818476822,18.7741878554486,359,10
103.364571756088,18.8997189478888,360,30
102.39879896831,19.4739835785387,361,30
102.773330474731,18.8275237646308,362,10
102.48178684471,18.8132677858804,363,10
102.272824778627,18.9345163634264,364,10
102.38267092046,19.1203541425872,365,10
102.693321861898,19.2738935540776,366,10
102.877971032443,18.9394384582198,367,10
103.057755519039,18.6823848969357,368,10
102.444261461752,19.0327094673441,369,10
102.44101194741,19.4634153387319,370,10
103.30925888394,18.976759210486,371,10
103.349228965352,19.4408694582742,372,10
102.983628101695,18.8526881813241,373,10
103.331054524393,19.414012123691,374,10
103.078426471828,18.972418379953,375,10
102.555955099401,19.3238979104269,376,30
103.176544981264,19.1324550539277,377,10
102.372559802486,19.0285034245319,378,10
102.705738141142,19.3337522229922,379,10
102.68077709528,18.9555234920825,380,10
102.941869567843,18.5526617118465,381,10
103.206144066592,18.9281909905368,382,10
102.717916543752,19.3705291112482,383,10
103.074280978079,19.2181865162111,384,10
103.356965225056,19.0806809992616,385,10
102.592245521575,19.1359739496214,386,10
103.174036328067,19.2063705446323,387,10
102.277055218731,18.6897108475379,388,30
103.373117486372,19.2711893858065,389,10
103.266881201828,19.0070625209454,390,30
103.363568021553,18.8993459055313,391,30
102.756533026652,18.8297227003719,392,80
103.24535913139,18.6963364021105,393,10
102.376040057354,19.1585292736608,394,10
103.367368930904,19.134256914228,395,10
102.755587467101,19.4091120273238,396,10
102.718703714084,19.3339901274653,397,10
103.020002653453,18.7139563743888,398,10
103.228069579274,18.9189088012846,399,10
103.312189247178,19.3071058750958,400,10
102.603747457997,19.3702105192711,401,10
102.430090151927,18.9082188537917,402,10
102.616024733345,19.3275115235209,403,10
103.077146696711,19.2902470271226,404,30
103.021647297419,19.1355521284108,405,10
102.573114566491,19.0110039637912,406,10
103.499660221592,19.3004455820332,407,10
102.409913878783,18.9053700499226,408,10
103.296697079976,19.1772134251108,409,10
102.56530683389,19.3228412815926,410,10
102.485808285061,18.6907409177261,411,10
103.459171290473,19.0258912969932,412,30
103.02281080661,18.707052728286,413,10
102.938582025373,19.0184068820484,414,10
103.203682665824,19.0104504743235,415,10
102.469058004093,19.1739190300661,416,10
102.392919160649,18.6163094841102,417,10
103.085874902096,18.5344326872535,418,10
103.131104526253,19.1321458230261,419,10
102.515982347789,18.722717116406,420,80
102.435190587112,18.5229427032118,421,40
103.270271356678,18.7674481313816,422,10
102.519289786583,19.4349489930496,423,30
103.06769234804,19.2483048383764,424,30
102.941126718847,19.293807408786,425,10
103.417884016261,18.8858194058087,426,10
102.411649092386,18.5600212241171,427,10
103.396065711831,19.10943343634,428,10
102.864168584335,18.6023166865603,429,10
103.319129536459,19.3811017509788,430,30
103.25242861315,19.139792471898,431,10
103.352322305022,18.772152538188,432,10
102.63686500117,19.3578657079327,433,10
102.252146531939,19.1609157814405,434,10
103.023170421677,19.4085545856062,435,30
102.671509738209,19.4499715224181,436,30
103.019582113143,19.3744286353848,437,10
103.188804594334,18.6011381738864,438,10
103.445250882014,19.1725457445909,439,10
102.897684456727,19.0850402454366,440,30
102.948616998917,19.1227865283482,441,10
103.406202400541,18.9458506344641,442,10
102.697292097276,19.3263841217766,443,10
103.220781182171,19.3901438377596,444,40
102.616303199104,19.1531794022046,445,10
102.430309846269,19.2726806112545,446,30
103.41729710269,19.3592299698662,447,10
102.815646575359,18.9356280821781,448,10
102.298173237572,18.5556635763411,449,40
102.793291659751,19.3096679313472,450,10
103.142946276987,18.8120448220948,451,40
102.530305466316,18.5288467078318,452,10
102.758748348939,19.2089774052578,453,10
103.153119042188,19.17276222136,454,10
103.335038804589,19.2112558006888,455,10
102.894421773273,19.1636713971922,456,10
102.765050994574,19.44681598973,457,10
103.448851287972,19.0606530367747,458,10
103.257194759202,19.3803191192652,459,10
102.478675333292,19.3528275260024,460,10
102.85615025977,19.3013396011145,461,10
103.001131291969,19.033186745189,462,10
103.447800516117,19.1490935243833,463,10
102.588281115983,19.39112765968,464,10
102.882430122038,18.5199053091979,465,10
103.473627583178,19.2491350316622,466,30
102.861714990149,18.6483932824014,467,10
103.0568699688,18.8638206100478,468,10
102.399653582107,19.5010296206378,469,0
103.333201849073,19.3347749592773,470,10
103.068112729156,18.8723841118226,471,10
102.42457776788,18.7666332923882,472,10
102.598400419523,18.6535051769532,473,80
103.232851799926,18.5365980295021,474,10
102.32125581453,19.4953429317878,475,10
103.468212007102,18.5484269425593,476,10
103.388148791872,18.6550884226125,477,10
102.39656067854,18.9384880318596,478,10
103.023157853099,19.2160921574559,479,10
102.332731068266,19.1850055501372,480,10
102.292703911091,19.2293255229973,481,10
102.280741984437,18.695012695287,482,10
103.327100856422,18.8471929568149,483,10
102.959400595816,18.641012640958,484,10
103.206815005082,18.6834563669073,485,30
102.423074099416,18.8589345011525,486,10
102.968530125054,18.6176745869842,487,10
102.812374228302,19.1014170767698,488,10
102.259053015236,18.8691739110603,489,10
103.396852368321,18.7859735349471,490,10
102.35066808286,18.9315122520881,491,10
103.337362793378,19.2993875484869,492,10
103.02439218553,19.3576299628406,493,10
102.677793940761,19.4025236636651,494,10
102.578851805715,19.4674527900512,495,30
103.194728650717,19.192154762737,496,10
102.673712242677,18.7591327816382,497,10
103.322625149388,18.6594748506196,498,10
102.930084679389,19.2808551713905,499,10
102.35710571984,18.611759348613,500,10
102.91459929394,19.1998148345451,501,10
102.485016602272,19.3333421876015,502,40
103.134131959753,19.4695166462169,503,40
102.483831184152,19.3120782640404,504,10
102.408735470387,19.111094662796,505,10
103.422325646162,19.0463626408622,506,10
103.077174106009,18.7617503014324,507,10
102.71333837975,18.5352303109894,508,80
102.757119429978,19.2701776595287,509,10
102.792694997161,19.3216089581152,510,10
102.786348685263,19.2097570437498,511,10
102.389926548749,18.7010007119079,512,10
103.263120271088,19.3107314008267,513,10
103.329047005028,19.4913732369675,514,30
102.820519789407,19.4704046311477,515,40
102.477497059126,19.3377977175228,516,30
102.706696232821,19.431754611502,517,10
103.447508385123,19.1438027155769,518,10
102.281254641815,19.3960907681389,519,10
102.381263602643,19.0157506847288,520,10
102.744767672185,18.6804032267192,521,80
103.280693636409,18.5820092384872,522,10
103.194305689263,18.5961300111556,523,10
103.440390642083,19.4455562693046,524,10
102.271900005154,18.6453947569407,525,10
102.710352073538,18.6511235222668,526,80
102.613292859408,18.7852677473187,527,10
103.248549215125,18.9694595222853,528,10
103.338034548039,18.5379920827917,529,10
103.311747875004,19.3562718537553,530,30
102.968261732843,18.8215574117439,531,10
102.763452710454,18.9220465535591,532,10
102.270266779477,18.7381007011116,533,10
103.103100519317,18.834508840065,534,10
102.749387078693,18.9486537886285,535,10
102.641095978807,19.0539256936281,536,10
102.492063690565,19.3611479425487,537,10
103.254621175188,18.9190938011573,538,10
102.896735013822,18.925468863558,539,10
103.229181163616,19.4355953904063,540,30
103.174395626028,19.4172853695384,541,40
102.950540830081,18.8218828999301,542,10
102.582696488266,18.8310210280903,543,10
103.459563725374,18.9915133361943,544,10
103.417316116732,18.5164122445793,545,10
102.435165375829,18.8669929010446,546,10
102.957428008402,19.4662772212141,547,10
102.761607365857,18.6967380228641,548,40
102.368351720014,19.4997236100646,549,10
102.436940874511,18.843964026036,550,10
103.05966862406,19.2302263563609,551,10
103.487158556096,19.2233412444491,552,30
102.523228253649,18.7577145044559,553,30
103.128996138909,19.4405950943294,554,40
102.632086043399,18.9484284237468,555,10
103.389538979319,18.5910122094057,556,10
102.8607691004,19.3539432129576,557,10
102.408611782427,18.6716607126847,558,10
102.857660417578,19.2046034410461,559,30
102.608543273111,19.3198237092176,560,10
102.437843247926,18.5881484546974,561,40
103.127266885842,18.994708807815,562,10
102.854077918899,19.2475071691343,563,10
102.438596917457,19.3310022449498,564,10
102.837504160888,18.7474191996804,565,10
102.540824573104,19.2258923837157,566,10
102.49716044087,19.4035436571578,567,30
102.853391378257,19.0115008191203,568,10
103.087320495161,19.1321902225228,569,10
102.552012951186,19.4452025793578,570,10
102.919963312131,18.6194679356789,571,10
102.707378922889,18.855274076038,572,10
102.357258024043,19.0338064069791,573,10
102.617918311005,18.5482270160107,574,80
102.289688674436,19.2539797501429,575,10
102.645650910632,19.4657630807546,576,10
102.450869435449,19.3376152221458,577,10
103.073831684475,18.9083989329207,578,10
103.19709219255,19.1257754188377,579,10
103.183240680237,19.2548120376046,580,10
102.952360171302,18.6543408063027,581,30
103.035216382297,18.7124850082382,582,10
102.277515894407,19.313109777419,583,10
103.085227795789,18.6959928164688,584,10
103.132794939752,19.1292920564426,585,30
103.488467729831,19.4315727874334,586,40
103.293061767749,18.809006054683,587,10
103.296529845597,19.0046097241385,588,10
102.542460336866,18.5669876442108,589,10
102.769335669307,19.0704238108479,590,10
103.109934807493,18.5698843669535,591,10
103.428799986821,19.1749319248044,592,10
103.466193411097,18.7770637991091,593,10
102.628549108915,19.145915653989,594,10
102.973138938056,18.7339982613051,595,10
102.792537030636,18.8964751597437,596,10
102.800478704917,19.1109683918407,597,30
103.263744143489,19.1740655621962,598,10
102.293466316892,19.3216148904611,599,10
102.364252892978,19.300224232228,600,10
103.095255495668,19.1990260745648,601,10
102.781791040605,18.9260177739121,602,80
102.95629036694,18.5496810820558,603,10
102.541820636211,18.5929480904452,604,10
102.413387470118,19.222828575052,605,10
103.000837138828,18.8087157174943,606,10
103.011154976838,19.1889833978379,607,10
103.188887634064,19.091434335803,608,10
102.847090071463,18.7125528536965,609,10
102.297518954028,18.5707399358024,610,10
103.032676821132,19.3296472518315,611,10
102.802125157319,19.3605661376128,612,10
102.689498213686,18.8216345489612,613,10
102.834314542766,19.4743413583167,614,10
103.256284817612,19.0439874963143,615,10
102.885507748335,19.1663703173061,616,10
102.727853420163,19.1442050590731,617,10
102.302579917935,19.0422360460706,618,10
102.840121389389,18.7162425912162,619,10
102.647966233353,18.6802254438595,620,10
102.593817999694,19.4166911124184,621,10
103.202513299347,19.1548626181074,622,10
102.995705091387,19.249108012475,623,10
103.032560660124,18.5194033990632,624,10
102.782900330506,18.5701347702906,625,10
102.438566831409,19.0982468874818,626,10
102.823624182088,18.5783677994728,627,10
102.472420773969,18.945200449096,628,10
102.309362278664,19.4361209958105,629,10
103.217570306733,19.3266150099621,630,10
103.423097101563,19.4948749074355,631,10
102.524226467965,18.5035166254773,632,10
103.167017187934,18.901805123254,633,10
103.141455580314,19.2593349447582,634,10
102.517883118578,19.2319473269111,635,10
103.182454330265,19.2959496396374,636,10
102.669378071155,19.3190598185995,637,10
102.879922193922,18.932548249889,638,10
102.964134762169,18.7750048980629,639,10
103.269814764073,19.2185770654162,640,10
102.473458683797,19.1482928693217,641,10
103.371143684235,19.2607334147477,642,10
102.567912847398,19.0347566975962,643,10
103.037861485088,19.4950823881839,644,10
102.809452745123,18.8589441340636,645,10
103.325781998366,18.5769368389133,646,10
103.181721283918,18.7765266033407,647,10
103.218789412261,19.4331462558453,648,10
103.179124924825,19.3339771150429,649,40
102.521898951314,19.4580040953065,650,30
102.448089156767,18.6934372493725,651,10
103.391501689553,18.9627843816268,652,10
102.922260578071,18.641472338421,653,10
103.360394265003,19.3998491774613,654,10
103.369984605646,19.263404031102,655,10
102.695053667593,19.0148601379803,656,10
102.369538597966,18.6296545026169,657,10
103.480058347455,19.3785510376043,658,10
103.163855838941,18.7190097536428,659,10
102.468036720712,19.3664951798686,660,10
102.937296664151,19.0776831436336,661,10
102.661324542426,19.2478411768134,662,30
102.92986050205,19.490224533048,663,40
102.691228020918,18.6216979900191,664,80
103.133741557341,19.2140345066996,665,10
102.645284880626,19.482947358642,666,10
102.690424509454,19.4720869162386,667,10
102.368237494473,18.6564654948705,668,30
102.80517641772,19.3751461596491,669,10
102.409623414245,19.053663465076,670,10
103.328994239422,18.9142788649019,671,10
103.286690645801,18.729102417308,672,10
102.512346975899,19.1686103539456,673,30
102.47357061587,19.444867322207,674,30
102.677909858187,18.6357350122554,675,80
102.929568721312,18.8693826128185,676,10
103.063575624872,18.7017789514523,677,30
102.935584754434,18.9922818744587,678,10
103.145398000786,18.9404083267587,679,10
102.778041177206,18.5484828221355,680,80
102.381349253744,18.5897983360303,681,10
102.728545005109,19.2507125415473,682,10
103.174051663539,18.7241732395689,683,10
103.409520279492,18.9176105813718,684,10
102.889834233796,18.941033204002,685,30
103.390799900064,19.0070933087722,686,30
102.97062885813,18.6129972267865,687,10
102.766514967801,18.6565095040003,688,10
102.667639818199,18.6726199526115,689,10
102.948802248246,19.2508415441981,690,10
102.932837015036,19.471792386623,691,30
103.257546139359,18.9108508569618,692,10
103.363071198495,18.7589698338411,693,10
103.218690917388,19.0437344694064,694,10
102.724864568827,18.5856439992353,695,80
103.213458892198,18.9937393643913,696,10
102.804104923218,18.9767265745993,697,10
103.342845226613,19.2952681128834,698,30
103.458341626679,18.9107606490914,699,30
103.334391201071,19.1142709569114,700,30
103.288687314264,18.5643453821593,701,10
102.43088915842,19.4666696602012,702,10
102.90371073363,18.8230837793791,703,10
102.398332027612,18.7536523424458,704,10
102.664952179262,18.5630779635184,705,80
103.470929896902,18.8846769646224,706,10
102.993913973434,18.6098615489099,707,10
103.298421880427,18.791652905039,708,10
103.368892086863,19.1170904931335,709,10
102.435467184238,19.0078281612904,710,40
103.317270220138,18.9284265734551,711,30
103.191119296125,19.4824636895307,712,60
102.257504372835,19.4889875560523,713,10
103.099322642394,18.7072866156991,714,10
103.283914571248,18.5228787979934,715,10
102.369239825044,19.0698677498881,716,10
102.341642018703,19.1088909118175,717,10
103.146035439108,18.998789689166,718,10
103.31624215256,19.3441748983806,719,10
103.016350939485,18.9333921523913,720,10
102.663272166034,18.8188237576559,721,10
103.100565325943,19.4622620833698,722,30
103.318579135204,19.2283675604176,723,10
102.845910212577,18.6119971514634,724,10
102.855801865177,18.5834014301218,725,10
102.38577115036,19.007217580353,726,10
102.452610501915,18.6004321581467,727,10
102.43258627574,19.4906259397903,728,10
102.271608299437,18.8270256846845,729,10
102.788191233244,18.9394611726628,730,10
102.769261346108,18.6337331864117,731,10
102.343574029202,19.4378395824973,732,10
102.314326527294,18.5215834779725,733,10
102.742068509106,18.8728259881491,734,10
102.987197785731,19.0737685281768,735,10
102.896649646234,18.8233716776331,736,10
103.080284085139,18.7073827938602,737,10
102.555975707903,18.7556832476711,738,10
102.4634852362,19.2896135298149,739,10
102.250571975063,19.4139639491854,740,10
102.924212354189,18.6179506995403,741,10
103.233735003292,18.53033016954,742,10
102.289006214288,19.0458927590083,743,10
102.634640232812,19.2693388705271,744,30
102.302687167794,18.9823021951901,745,10
102.297974430777,18.9499999529439,746,10
103.023842691309,18.6082467419011,747,10
103.016108068779,19.2639912408028,748,10
103.43482055837,18.5878845039783,749,10
102.629513249843,19.0139399952933,750,10
102.272890993346,18.626546761004,751,10
103.312486177609,19.4170458746372,752,10
103.054582095733,19.0384608718088,753,10
103.309002718322,19.3939548605661,754,10
102.51719682804,18.5390317330742,755,10
103.281280237692,19.0366710878491,756,10
102.539455469016,18.5088670185772,757,10
103.415981086182,19.3425205253082,758,10
102.971614592662,19.2949257872353,759,10
102.472595614274,18.948745069766,760,10
103.336033886821,19.1699894299133,761,10
103.137848317326,19.0117468073567,762,10
102.426933279921,19.4568924519346,763,10
102.530649829502,19.0099065873603,764,10
103.323769960769,18.5871362202607,765,10
102.953228665671,18.5686374706169,766,10
102.502325156561,18.7808642485805,767,30
102.808896594519,19.360230644007,768,10
102.389157327511,19.4823167470965,769,10
102.528238592776,18.6882237280037,770,80
102.411273468287,18.7720252435529,771,10
103.119206173704,19.2624719882287,772,10
102.440283184704,18.7348524654594,773,10
102.983029386974,18.5092685349609,774,10
102.975342544285,18.946480127161,775,10
102.945026281336,19.0206223240177,776,10
102.314310991737,19.2144288517355,777,30
102.826043543242,19.3894462195014,778,10
103.460715515043,18.7851965362435,779,10
103.408131589569,18.944622086292,780,10
103.07104036842,18.6728351754297,781,10
102.665140817203,18.5330946784289,782,80
103.17026348109,19.3274411864238,783,40
103.46681453945,19.1556294350793,784,10
102.388845251007,18.8938890506342,785,10
103.179800257272,18.9107560905001,786,10
102.484759212753,18.9132388210909,787,10
103.417170897698,18.7411625852798,788,10
103.482652386635,19.3503666407221,789,10
103.168621234854,18.551274072643,790,30
102.907189857508,18.9837355222709,791,10
103.192711694523,19.1851013561117,792,10
102.686868216061,18.6953546233858,793,10
103.491665557144,19.3346616165187,794,30
102.540758046742,19.0442977371733,795,10
102.452713049659,19.2797153950516,796,30
102.900117585221,19.3337095349293,797,10
103.164048315371,19.0742270737281,798,10
103.324872825422,18.9968403335445,799,10
102.469959573207,18.9227897057373,800,10
103.315194035442,19.0143021371452,801,10
102.559972987635,19.3459628411373,802,10
102.830161844535,18.7488578106559,803,10
103.116783003144,18.841402668095,804,10
102.989006266839,18.7658250377115,805,10
103.240736656511,19.4924565310514,806,30
102.287263624089,19.4765149979866,807,10
102.418060981997,19.0425243028685,808,10
102.530287726119,18.6822010303219,809,80
103.438970034443,18.6763243468956,810,10
102.622236209938,19.2478382573502,811,10
102.716320630543,19.3654623278528,812,10
103.148345191318,18.5199386612058,813,10
103.441758832082,18.7468373213076,814,10
102.998675868524,19.4948940082639,815,10
102.801796932356,19.4495642288983,816,10
103.016499792096,18.7093993906878,817,10
102.447487289133,19.1369424025815,818,10
102.298830608807,18.8345083436881,819,10
103.349797068672,18.581956259771,820,30
103.216471280731,18.7973423594407,821,10
102.427067598952,18.5428555799467,822,10
103.380163991028,19.028866852892,823,30
102.750979196209,18.5100300867943,824,10
102.56373041358,18.5992056959211,825,80
102.482644799157,19.4501864345899,826,10
103.18135878663,19.0901346262155,827,10
102.853157877394,19.2797520157799,828,30
102.44881414964,18.6217138284245,829,40
103.386802372446,18.5298193964092,830,10
102.614301807375,18.9309860506487,831,10
102.801783951239,19.1370349332731,832,10
102.457741778043,18.9505582115848,833,60
102.569170656119,18.953605563571,834,10
103.468571088621,18.8389425148401,835,10
102.513591515068,18.9232479353758,836,10
103.096993105524,18.8541490061606,837,30
103.317117676901,19.4876897159063,838,40
102.480473946806,19.0504862917915,839,10
102.538870380154,19.3367079119254,840,10
103.010847087446,18.6329302014106,841,10
102.422213153812,18.6919511498474,842,10
103.223934044804,18.8617627498073,843,30
102.919151462137,19.167260488079,844,10
102.264946936649,19.4922767784966,845,10
102.310164240052,19.1683241450522,846,10
103.298770890134,19.1501446676267,847,30
103.392507113841,18.9833174329209,848,10
102.628386798751,18.632739979289,849,10
102.282749177477,18.6662972717111,850,10
103.256017311618,18.6406969957017,851,10
102.884740970893,19.1184209552306,852,30
103.048727500971,18.5070597036499,853,10
102.322200267203,19.0968944978555,854,10
102.388711574972,19.0233891819933,855,10
103.027104729721,19.4974762657246,856,10
102.957100105944,19.4796132769333,857,30
102.408137335401,19.3309173732634,858,10
102.372530124075,18.8520299379486,859,10
103.439941523535,19.0514553341383,860,10
103.189953769665,19.4032554323482,861,30
102.901625587229,19.254133592005,862,10
103.108040459288,18.7468358060783,863,10
103.119906227024,19.1094858877349,864,10
102.474244793591,19.3374715876141,865,10
102.64675142673,18.5270237940819,866,80
102.785784577827,19.0246114569875,867,10
102.439886914016,18.7196594484087,868,10
103.283560401407,19.0458975538212,869,10
102.328731368878,18.6056428483981,870,10
103.09184180357,18.6948290554456,871,10
103.259243343273,19.4293233214423,872,10
102.85713215226,19.0788326010965,873,10
102.548337523937,18.8422997579467,874,10
102.301314432945,19.0179999804892,875,10
103.46538098323,18.6554830190978,876,10
102.914169712722,18.8026673146651,877,10
103.397761495701,19.1952444669611,878,10
103.335732082937,18.5360853453933,879,10
103.317783832092,19.1464865801202,880,10
102.680906151195,19.2238509558762,881,10
102.267976295523,18.7018900622704,882,10
103.483218495065,19.1820480682186,883,10
103.080177960941,19.4857602000403,884,30
103.243043318742,18.58388415009,885,10
102.926897061806,19.1213273322141,886,10
102.286650219579,18.633628543856,887,60
102.611615057468,18.824236322377,888,10
103.148142057904,18.5051514187508,889,10
103.408187273813,18.8986179050031,890,10
102.918709850928,18.6204479648628,891,10
103.073441050022,19.034267595538,892,10
103.116846071362,19.2240280562563,893,10
103.215781606587,19.3284854320927,894,10
102.876945537722,19.036478556302,895,10
102.394535059765,19.0755834484437,896,10
102.776949233989,18.6402301684327,897,10
103.289845749116,19.4815028412482,898,40
103.494654230243,19.310224842165,899,10
103.486158759249,18.8509249291226,900,10
103.244135819862,18.9518419133172,901,10
103.113424406682,18.5714836415474,902,10
102.590301798926,19.1295496070574,903,10
102.523100287766,18.7544812590333,904,10
102.971310482394,18.5449916828824,905,40
102.551000802669,18.7520936480282,906,10
103.20693497245,18.6378721311494,907,10
102.299500345674,18.5255420410622,908,40
102.743072819504,19.0170800315689,909,10
103.112612017305,19.4220957250574,910,30
102.250100886202,18.6058407378647,911,40
102.327364341358,18.7426769380366,912,10
102.512282829314,18.909264477412,913,10
103.473775400531,18.8282289441637,914,10
103.05276884865,18.7786418405846,915,30
102.527031768691,19.1514177822137,916,30
103.405966488367,18.9631138254044,917,10
102.714491863308,19.1346813033929,918,10
103.325476733047,19.2132208938905,919,10
103.498583901666,18.5222015712259,920,10
103.241921333791,19.1032063309085,921,10
103.047422971725,19.1875705906502,922,10
102.691733912429,18.7690861787645,923,10
102.49506457915,18.8804081024482,924,10
103.213541108658,18.8876582513758,925,10
102.321451414575,19.4285837429225,926,10
103.106368165333,18.9113667919779,927,30
102.513155720599,19.1355320903765,928,40
102.525546571681,19.0760138427443,929,10
102.620151651269,19.1963332756401,930,10
102.872458169419,18.6924245840965,931,10
103.371476967162,19.4628160190041,932,30
102.713869972824,18.7657532762425,933,10
103.163592690892,19.2316290762162,934,10
102.483370644416,19.4824794930448,935,30
102.884908453437,18.8440825305569,936,40
102.765191863349,18.9433491926858,937,80
102.658355927774,18.8680337820166,938,10
103.280420814171,18.5611820340886,939,10
102.384942382817,18.7969462435671,940,10
102.613741598477,19.0274710590166,941,10
102.556375492137,18.9365688681173,942,10
103.015912528456,19.1954125569426,943,30
102.495016517644,19.1474604402991,944,10
103.490773610279,18.8805579213616,945,30
102.965592311066,18.6610019213386,946,10
102.616138545904,18.917569695918,947,10
102.61565529731,19.1766385140846,948,10
103.368139576104,19.0698714201398,949,10
103.443745066163,18.8081184119219,950,10
102.615200474883,19.216400458945,951,10
103.077060750961,19.3617181831152,952,40
103.025811840469,19.1406838843763,953,10
102.623098558751,19.3745006655613,954,10
102.635131132396,19.2901218944372,955,80
102.305399984291,19.4750745363818,956,10
103.384580851183,19.4246023261056,957,30
103.090461195773,19.1088449858839,958,10
103.06661509852,19.1739527652579,959,10
103.351040550268,18.5973873905424,960,10
102.948909295223,19.4993906870957,961,10
103.264652725977,18.8733180790505,962,10
102.692783328748,18.6118209198485,963,80
103.101896158108,19.3709474160695,964,30
102.864803396932,18.7702723874618,965,10
103.303011074654,19.0002863674006,966,10
102.806282475459,19.2902134681495,967,10
102.366665144185,18.9301870618584,968,10
102.996667736213,19.19201022089,969,10
102.920850936834,19.3029656816806,970,10
103.094931487286,19.2985826780548,971,30
102.746478464259,18.9827884942995,972,80
103.396092362613,19.2403857395908,973,30
103.117527051518,19.3700121423935,974,60
102.675404504178,19.1565493806576,975,10
102.652530734562,19.3424931864263,976,10
103.148562258002,19.1877394065616,977,10
103.444240027445,18.9216507013566,978,10
103.399290253695,19.432607208886,979,10
103.311376108306,19.2590058731081,980,10
102.250760420488,19.1254130540645,981,40
102.928979755986,18.8105437698769,982,10
103.3392531734,18.5056011381069,983,10
102.538093353431,19.2548767441294,984,10
103.295981012655,19.2064096769008,985,10
103.286885000832,18.5493908760307,986,10
103.361296414932,18.5019098344716,987,10
102.300537740159,19.470723029453,988,10
102.669331915926,19.259684895151,989,10
102.808523228596,18.6875873482017,990,10
103.133623812354,19.3729768356965,991,30
102.879268599517,18.6835270045387,992,10
102.410494423461,18.9084653603135,993,10
102.310098695504,18.8212514819245,994,10
102.742499815646,18.7023954698395,995,10
103.156023372924,18.534277033527,996,10
102.587328810642,18.8103336049761,997,10
103.380531600615,18.68499359663,998,10
103.216195377788,19.4581336623973,999,50
103.498425765273,18.6673595353542,1000,10
102.63548039902,18.5241231201367,1001,80
102.796693757792,18.8719469274119,1002,10
102.525509156792,19.2052509325178,1003,10
102.700544908867,18.8759447176734,1004,10
102.719129652167,19.4886764446435,1005,10
102.825080111115,18.6495154634447,1006,10
103.457133319188,18.7362113093778,1007,10
103.15568614136,19.015298385983,1008,10
102.951115007668,18.5651250940011,1009,10
103.180422577328,19.3224403828516,1010,40
102.761092467049,18.5790653501681,1011,30
102.482585460234,18.5841273407584,1012,10
102.890867828873,19.3509833756389,1013,10
103.234157637144,19.0791580120799,1014,10
102.935365754306,19.2826851765358,1015,10
103.246571554456,18.6397667949156,1016,10
103.101189802721,19.3981814158193,1017,40
102.478354423174,18.7685952468573,1018,40
103.096918513005,18.8362947272314,1019,30
103.39290252955,18.8784915171181,1020,10
103.248918031631,19.290863061915,1021,10
102.477242695661,19.3187810169017,1022,10
102.373189168636,18.7350406490015,1023,40
103.345320812238,18.9301261627698,1024,30
103.079292876686,19.4890839689448,1025,10
103.469897171264,18.6320378373205,1026,10
102.487588255351,18.5540181171424,1027,10
103.138937138464,19.3690198185549,1028,30
102.499716732929,18.9904950615116,1029,10
103.050183925833,18.7065975847813,1030,10
102.447853281857,19.2453836165528,1031,10
102.982888257329,19.4962095426864,1032,10
103.484551189416,18.5120222805256,1033,10
102.534995210929,18.6560086881618,1034,80
102.255685481087,18.9036194227258,1035,10
102.271278429931,19.0199351288875,1036,10
103.498518769264,19.0551918151308,1037,10
102.416373860768,18.5176377844916,1038,10
102.402333229922,18.5584111658688,1039,40
103.197124376002,19.4355848290195,1040,30
103.301955318005,18.8079328828187,1041,10
102.656894231109,18.5624648083377,1042,80
102.336648562756,19.4808860943213,1043,10
103.346669290334,19.0834634167474,1044,30
102.373186818119,18.5410423257576,1045,10
102.334916303463,18.5648742618979,1046,10
102.484029722316,19.1768454804046,1047,10
103.382315219532,19.2825751064422,1048,10
103.056347306269,19.1421537443869,1049,30
103.34531063979,18.7257455970045,1050,10
102.9534561474,18.7487212028632,1051,10
103.203523414666,19.3811351699759,1052,30
102.810039070508,18.7722646566699,1053,10
103.499380943435,19.1810360151847,1054,30
103.342738464378,19.327611769688,1055,10
102.308679564498,19.2662626060979,1056,10
102.650642839806,19.4482369048057,1057,10
102.890899664163,18.6077016034186,1058,10
103.149529408222,19.2768269587901,1059,10
102.296462247109,19.0817638758107,1060,10
102.795033408734,19.1413824660093,1061,10
102.921631203381,18.5270858777575,1062,30
102.674073757612,18.6928692451333,1063,10
103.094754309004,18.9909912577465,1064,10
102.966286827197,18.6443480467035,1065,10
102.580654304369,19.0091582227331,1066,10
102.629407285905,18.7116312227809,1067,10
102.473316771256,18.5648181850004,1068,40
103.244399076208,18.6525296023838,1069,10
103.467068224642,19.1517930830431,1070,10
103.399669600208,19.0080813606685,1071,40
102.250975811596,18.6961788282094,1072,10
102.493365583843,19.2838768389241,1073,10
102.651005166689,19.2247491322738,1074,10
103.045082465633,19.3142958895342,1075,10
103.289690543103,18.7938526707713,1076,10
102.562651417777,19.2942746692339,1077,30
102.668825696399,18.8561005635132,1078,30
102.459713953428,18.7714494373794,1079,10
102.980990071294,19.4852918523267,1080,30
102.584255110378,18.9877674316673,1081,10
102.491900084037,18.6989673842525,1082,10
102.699450442923,18.8411140680394,1083,10
103.048715037872,18.6770109398506,1084,10
102.586737753058,19.4373979825251,1085,10
102.863351053459,18.6508532773884,1086,10
102.603424351065,19.1735970023543,1087,10
103.163677127736,19.0166285319138,1088,10
102.650323950475,19.0468076270789,1089,10
103.177991758396,19.1823440506442,1090,10
103.090069416976,18.7743392787031,1091,30
102.509774459856,19.0663810950655,1092,10
102.805695829375,19.4583900586666,1093,10
103.49559332278,18.5698710387587,1094,30
102.887179017814,19.1234345839026,1095,10
103.460200998654,18.6332935968396,1096,10
102.251195866454,18.9296207781089,1097,10
102.486130217963,19.4874264332859,1098,10
102.688334277724,19.0860571990954,1099,10
102.58664528119,18.7784313192617,1100,10
102.421370618421,19.3177365797509,1101,10
102.506922507034,18.541060203472,1102,10
103.335273507783,19.2566217374402,1103,10
103.191284343574,18.7787822298595,1104,10
103.267138818914,19.144703562413,1105,10
102.67735966657,19.4663632013865,1106,10
103.040479400137,19.4359018210489,1107,30
102.675565158003,19.0658000427543,1108,10
103.309393338603,18.6962601851975,1109,10
102.454711592746,19.2987001976544,1110,10
102.501981964956,18.9206978030411,1111,10
103.091213283406,18.8439393421997,1112,30
103.014384892276,19.3331771369428,1113,10
102.943267813782,18.8882788614853,1114,10
102.738164805251,18.9967209813715,1115,10
102.584601147658,18.5584077722234,1116,80
103.182157145173,19.2364157555635,1117,10
102.640962130133,19.4210378851046,1118,10
102.355942640029,18.7209880958185,1119,10
102.522398402279,19.4308273176314,1120,30
102.548991665883,18.7375356236504,1121,40
102.982843674723,18.5124376014987,1122,10
103.15355805816,18.9840303457634,1123,10
102.883673060866,18.9909047941811,1124,10
102.790735095935,19.0698769961835,1125,10
103.272509338466,18.6015542557038,1126,10
103.374048017805,18.5729851633628,1127,10
103.486815366165,18.8351846437174,1128,10
103.363205230362,19.0031579949846,1129,10
102.2577413607,18.7950350451407,1130,10
103.20771847203,19.1563585176294,1131,10
102.734523876572,19.3409257555668,1132,10
102.798272675345,18.8725532194599,1133,10
102.909541331917,19.3466321897306,1134,10
102.46276958102,18.8822851914848,1135,40
103.360601464659,18.5234201467356,1136,10
103.289541570207,19.3318788981067,1137,10
102.603733660162,18.8111153858895,1138,10
103.008145456667,18.9582561729342,1139,10
102.387740341965,19.4923972543677,1140,30
103.188971849126,18.8090846798901,1141,10
102.325236900602,18.6871008422178,1142,30
102.786823090828,19.4966204295815,1143,10
102.296859686192,19.1666923373511,1144,10
102.615838195104,18.5372303419526,1145,80
103.355201019528,19.3671939884394,1146,10
103.178949812143,19.0105880085255,1147,10
102.687115157913,18.9737376790459,1148,10
102.83620044717,18.8940257325281,1149,10
102.62975270474,18.5459493078806,1150,80
102.455227335605,18.5743413298475,1151,10
102.352704738955,19.1478426750246,1152,10
102.283406749593,18.9994781815988,1153,10
103.059198376802,19.2456565401523,1154,10
102.379481698613,18.8952822659297,1155,40
103.38352671578,19.3504584936528,1156,10
103.498561173457,19.3971765051978,1157,10
102.882968676147,19.1789517509856,1158,30
102.887894907355,18.7299228259184,1159,10
102.6628866576,19.0101810489133,1160,10
103.025456542103,19.4859300390658,1161,30
102.5453519674,19.0088008354179,1162,10
102.707827331092,18.7948075301003,1163,10
103.113186617269,19.1258199143295,1164,10
102.55257244916,18.7878673435896,1165,10
102.728160925313,18.6362822130458,1166,30
103.437180745039,18.6358414333822,1167,10
102.361164483838,18.7935830721185,1168,10
102.830938836316,19.0639047999783,1169,10
103.263128382547,19.1629156137114,1170,30
102.416176885287,18.5073985406269,1171,10
102.87074215312,18.7753561543442,1172,10
102.797472182026,19.0598640693401,1173,10
102.917699626977,18.8863260468589,1174,10
102.933455186246,18.8348429767139,1175,10
102.29222021382,18.853258635055,1176,10
102.465601418008,18.9572226207088,1177,10
102.425543367805,19.4919512649057,1178,10
102.902565411934,18.7184079054667,1179,10
103.114364579468,19.0770737563737,1180,10
103.296761466791,18.9812356907489,1181,10
103.229056467903,19.0813531106042,1182,10
103.214394238407,18.546774318481,1183,10
102.367431450294,19.1962974162398,1184,10
103.413778995413,18.6882434056198,1185,10
102.76143006465,18.8114672162846,1186,10
103.257835086955,19.4487437913611,1187,40
102.879853106333,18.5676131650328,1188,10
103.409326889573,19.1234520427544,1189,10
103.213917872391,18.7713258805982,1190,10
102.614085931111,18.8257003201373,1191,10
103.085433187148,19.2896440062151,1192,10
103.111890116418,18.6586685984364,1193,10
102.779890589487,19.366566108392,1194,10
103.257930814712,18.7275667671731,1195,10
102.59974579804,19.4033055130499,1196,10
103.182445628303,18.9757440457482,1197,10
102.343586832172,18.6065528775603,1198,10
102.423798579264,18.6070284143726,1199,60
102.944086493027,19.4761529750539,1200,10
102.877946770735,19.387586021251,1201,10
102.657348524208,19.2763702157075,1202,30
102.942385763027,19.4222791269402,1203,30
102.560794286472,19.3668248870438,1204,10
103.375056510056,18.5860253780036,1205,10
103.107230889336,19.0554006259002,1206,10
103.103339439265,18.5156852924479,1207,10
102.596677126317,19.0888952886144,1208,10
103.364776009009,18.6449961828247,1209,10
102.610565180608,18.7495524063058,1210,10
103.139862826386,19.4300124495497,1211,30
102.438365324992,18.7411820225387,1212,10
103.472161285778,19.1287335302328,1213,10
102.678910860568,18.7911405798963,1214,10
102.667945291577,19.1766306613696,1215,10
102.934798236096,18.5303484717202,1216,10
103.037783655517,19.4723993401665,1217,10
102.480187371531,19.4985363209946,1218,10
103.182915972029,18.5730969691342,1219,10
103.055790705196,18.8738593415063,1220,10
102.811121167772,19.2169301071225,1221,10
102.535619946133,19.4940866275992,1222,10
103.337988383196,18.9762127787928,1223,10
102.467406827555,19.016143649921,1224,10
103.245024018034,19.1366572871419,1225,10
103.236368815156,19.0257284783545,1226,10
102.438716521879,18.5201160912754,1227,40
103.31161192325,19.0827336401218,1228,10
103.455323670762,19.3885850244287,1229,10
102.67038976465,19.0483908630277,1230,10
103.384978487348,19.1904083712423,1231,10
103.029746029364,18.8031351211807,1232,30
102.898213659047,18.7840095041187,1233,10
102.775268816494,18.8530310220335,1234,30
103.224856137424,18.5623913756991,1235,10
102.445231681346,19.4563208389798,1236,30
102.394727978273,19.168238160281,1237,10
102.652706967835,18.7642605455471,1238,10
103.272095452662,19.1316358204891,1239,10
102.319860816452,18.8249097674302,1240,10
102.501278816891,19.0483513917804,1241,10
103.284442249629,19.4661926176519,1242,10
103.358344874228,18.8114093883376,1243,10
103.348767239943,19.0093203350097,1244,10
102.541159608713,18.5760262664239,1245,10
102.917282405324,18.8650447961271,1246,30
102.295201549079,19.4491343305346,1247,10
102.510363982977,18.5727541818005,1248,10
102.352709469917,19.2075978045687,1249,10
102.510360328463,18.7157897941888,1250,30
103.220529553865,18.8793492000493,1251,30
102.278190637805,18.9595768159632,1252,10
102.450415658036,19.1796654287076,1253,10
102.474266831931,18.5693015804851,1254,10
102.719703684877,19.0839262045705,1255,10
103.273873746831,19.4506708288208,1256,10
103.405483636339,18.8473716933171,1257,10
102.489201625151,19.2561985654476,1258,10
102.80906292349,19.09396377125,1259,10
102.748750782604,18.7308237234138,1260,10
102.347905739866,18.8821620945285,1261,10
103.414580694252,19.3526007777248,1262,10
102.771342094211,19.388502982285,1263,10
102.616165930082,19.3962625289749,1264,10
103.364572701786,18.6654291957234,1265,10
103.1876396542,18.8000898602761,1266,10
102.306994391647,19.3674068363955,1267,10
103.050642558594,19.4430357659946,1268,30
103.45697155623,18.5013551115514,1269,10
103.419651202103,19.3848714839481,1270,10
102.670768333699,19.0673365031248,1271,10
102.92085054868,19.3963933612793,1272,10
102.434051192589,18.8251033236484,1273,10
103.266147632363,18.7716043889052,1274,10
102.686328930951,18.8493355926043,1275,10
103.086765012123,18.7096136628838,1276,10
102.466339493869,18.8438778298542,1277,10
102.564941211305,19.0943783825214,1278,10
103.339180206529,19.0444991002779,1279,30
103.339586341401,18.9170699607753,1280,10
102.764063698343,19.128043012858,1281,10
103.475549486808,19.3336851143289,1282,10
102.447530461802,18.9342929721891,1283,50
102.944758118774,19.2956499641218,1284,10
103.329980568002,19.3831150244971,1285,30
103.403234182986,18.9790092922058,1286,10
102.439353022484,19.0510102107619,1287,10
103.471561112503,19.2861189656548,1288,10
102.756131291145,18.589723589414,1289,10
103.044008405314,18.5498989715219,1290,10
103.318990178582,18.8969521094355,1291,10
102.768097886932,19.2636818814546,1292,10
102.265812662766,18.7503732992646,1293,10
103.455071945926,18.9282477400728,1294,30
102.367297280382,19.2232489825132,1295,10
103.338723021625,18.7814664993445,1296,10
103.324034026752,18.5544475472291,1297,10
103.339470705217,19.3976231597498,1298,10
102.531043450335,18.7596214434361,1299,10
102.281620967398,19.0286741264129,1300,10
103.16559075507,18.5519589479123,1301,40
102.704664298441,18.6376289127403,1302,10
103.137838565415,19.1605954285192,1303,10
102.329582045911,18.5617664059104,1304,10
103.179528825996,19.2802571328979,1305,10
102.817015124589,18.9333305283701,1306,10
103.47498844892,18.8527405753571,1307,10
103.05592322658,19.4059486224531,1308,40
102.973097971541,18.8690268710089,1309,30
102.917231609613,19.1072377987817,1310,10
103.292095629262,18.8558065345014,1311,10
103.019048491403,19.0778670891872,1312,10
102.445299928103,19.0390383951183,1313,10
103.498775147836,18.6526242542328,1314,30
102.67257246881,19.3323780550563,1315,10
102.850206492354,19.3196327458781,1316,10
103.143644348253,19.2148793311069,1317,10
103.31630529112,19.4073741945063,1318,10
102.43889179927,19.3654508025048,1319,10
103.293068756825,19.1400249329759,1320,10
102.387145199393,18.8530219091228,1321,10
102.463085896712,18.6922906035474,1322,10
103.217973825779,19.2674023593215,1323,10
102.351315772479,19.0388235633816,1324,10
102.78437474772,18.5828071868948,1325,10
103.416933195307,19.2952124127647,1326,10
102.657337983722,18.7393287940248,1327,10
103.008777754026,18.9941034395365,1328,30
103.12052074095,18.8094223090296,1329,10
102.407456646663,19.0116624661416,1330,10
102.622750156797,18.7654485240895,1331,10
102.383524122677,18.5984803793247,1332,10
102.438619887974,18.6788551455116,1333,10
102.926741060228,18.891254749936,1334,10
103.175813774119,18.8105775581046,1335,10
103.287750132558,19.0727736888894,1336,10
103.146173353612,18.7976824582221,1337,10
103.391552219069,18.6307457997573,1338,10
102.254381800603,19.1466850740877,1339,10
103.101556670845,19.1589223129369,1340,30
103.24743859622,18.9399417442703,1341,10
102.369824925879,18.9505292472555,1342,10
102.779680654123,19.1752151131257,1343,10
103.38437514764,18.8703657976456,1344,10
102.29892488425,19.3266699164325,1345,10
102.264128195964,19.0172922265582,1346,10
102.912861404363,18.737834163889,1347,10
102.376197324447,18.6884649342162,1348,10
102.866966800836,19.0613782803865,1349,10
103.22348159932,18.9699228926367,1350,10
102.876192326011,18.9985802867655,1351,10
103.17910024952,19.4744053164419,1352,30
102.54292933078,19.1529648019656,1353,10
102.938691504081,18.9719504877055,1354,30
102.327374624059,18.8349727556206,1355,10
103.143346808513,19.2782223087527,1356,10
103.456585734275,18.5668535557021,1357,10
102.527844974171,18.9668731461016,1358,10
102.685487328612,18.768008508399,1359,10
103.399231679765,19.4983795687035,1360,10
102.735639908668,18.6308622174181,1361,10
103.248542011343,19.3076615642628,1362,10
102.383073183886,19.4983193956314,1363,10
103.439511441851,18.8527757814058,1364,10
102.412705398069,18.7365718683031,1365,10
102.766503342335,18.6644091582782,1366,10
102.529405026956,18.5101500327633,1367,10
103.148901936299,19.181394329321,1368,10
102.887022397107,18.754657333015,1369,10
102.5930153256,18.6939403331083,1370,10
102.928263753816,18.5073803212194,1371,10
102.444132044136,19.1185476366508,1372,10
103.221604883565,19.3769235840655,1373,30
102.863277567206,18.8688700414703,1374,40
102.519335734355,19.4355068777087,1375,30
102.718104558703,18.9840380768086,1376,10
103.136430406877,19.4620268638266,1377,30
102.865975458135,18.7644590765238,1378,10
103.321230601468,19.456309578735,1379,10
103.199514662749,18.926697113654,1380,10
103.320656172083,18.910508554152,1381,10
102.931119895991,18.7639069056081,1382,10
102.59996548148,18.7673810771017,1383,10
102.57862358077,18.7138737712391,1384,10
102.872754598047,18.834734642228,1385,10
102.655682711585,19.2678738706123,1386,10
103.356243585867,18.6478918915159,1387,10
102.492019047112,19.3124619957391,1388,10
102.968807260765,19.1845292527932,1389,10
103.404074719669,19.3540424993891,1390,10
102.257131669013,19.3365298675519,1391,10
102.866810529436,19.0041582153511,1392,10
102.588107562922,19.2068889976833,1393,10
102.870500571648,18.9031518501154,1394,30
102.73863914643,18.5610648009278,1395,80
102.48698102663,19.2740353460883,1396,30
103.407058312865,19.4757651238406,1397,10
103.092232520041,18.6827649886314,1398,10
103.155563836399,19.1819639566956,1399,40
102.620103178429,19.4736098726271,1400,10
102.275877810239,18.7171642141748,1401,10
102.472740000375,18.6548272828988,1402,10
102.330166209557,18.6775144207929,1403,10
102.585457080974,18.6029615846558,1404,10
103.072400916448,18.8797834324739,1405,30
102.45418296185,19.0536153958782,1406,10
103.3256751649,18.5452346215665,1407,10
102.413242986161,18.6412773560628,1408,10
103.037055758954,18.6864643493429,1409,10
103.06256267776,18.8030579533215,1410,10
102.882331659565,19.3181581802978,1411,10
102.666149903979,18.9326908191448,1412,80
103.452347949152,19.0550291600464,1413,30
102.2673135905,19.1013319279218,1414,30
102.868377364525,18.6918776440837,1415,10
103.113747410474,19.2483358539806,1416,10
102.293852738805,19.2518363582058,1417,10
102.726205827874,19.1707381655167,1418,10
102.743836347212,19.3816025039624,1419,10
102.624685502143,19.244869948745,1420,10
102.885594719322,18.7663507132655,1421,10
102.609614671724,19.3271962397359,1422,80
102.50592609113,19.4085915117894,1423,30
102.42991584047,18.5920230141364,1424,10
102.992817887423,19.1521401239327,1425,10
102.954569440395,18.6263315408459,1426,10
102.286574049959,18.7354983838541,1427,10
102.738740050226,19.0211890995963,1428,30
102.369107365755,18.6938481946093,1429,10
102.860289457097,19.4024441235969,1430,10
102.323895577136,18.6533573530651,1431,10
102.994411749186,19.2251741714859,1432,10
103.094191497695,18.6810811158767,1433,10
103.282190098853,18.9015778553535,1434,30
102.491464005742,18.5453001183932,1435,30
102.968422308272,19.4581130694762,1436,10
102.71976224961,18.8758852246163,1437,10
102.717798245988,18.5693563391557,1438,80
102.892646283535,18.7447826843541,1439,10
102.350223050689,18.8231395374648,1440,10
103.169934110068,18.9596076881829,1441,10
103.069155951764,19.3690502510949,1442,30
102.986372519775,18.5749981090379,1443,10
103.101191569831,18.5312293408828,1444,10
102.325724136416,19.1798839165608,1445,10
102.718704340663,18.6218438866144,1446,10
102.838780055488,18.5984043597213,1447,30
102.8903630962,18.8180170871424,1448,10
102.882896679717,19.2960623594413,1449,10
102.965276146644,19.0925756446861,1450,10
103.125363090109,19.3493845345906,1451,40
103.095128450155,18.8296872569965,1452,10
102.817133479902,18.7535573958884,1453,10
103.288520150849,19.0503513894497,1454,10
103.276177814663,18.8669923227376,1455,10
102.542424561083,19.2463758157728,1456,30
102.500132357236,18.6013018609633,1457,10
102.777578286728,18.8391954822339,1458,10
102.607376076384,18.9892540517773,1459,10
102.845135903363,18.8082201939285,1460,10
102.547483402479,19.0770498788739,1461,10
102.660095848862,18.6422516311974,1462,10
103.013064372413,19.4940333340595,1463,10
102.704492320664,19.1672130507103,1464,10
103.439619920455,18.7610662393242,1465,10
103.017686443602,18.9499491308495,1466,10
102.70293013544,19.0167349932222,1467,10
102.580904727607,19.0812771687355,1468,10
103.296875222269,19.1885146663014,1469,10
102.389035736855,18.8714490739675,1470,10
102.940884186379,18.6652056297794,1471,10
102.269752881403,19.4899900312782,1472,10
103.371578329116,19.0703648587915,1473,10
102.432296504722,19.2198520453906,1474,10
103.321385669437,18.805753972199,1475,10
102.621912167215,18.965354917864,1476,10
102.258411626432,19.3995099116626,1477,10
103.395151268042,19.4500880090294,1478,10
102.656599827412,19.3267421488423,1479,10
103.402859991134,18.5952754009658,1480,10
103.233984896379,19.2448267687633,1481,10
103.294559945575,18.9188710704913,1482,10
102.77781432173,19.4138349934037,1483,10
102.781233437713,19.4123824511558,1484,10
102.591507651602,18.6619632311861,1485,10
102.948374372811,18.5235652681461,1486,10
102.971862776649,19.2847289198374,1487,10
102.978255650538,18.6175976251163,1488,10
102.79757226942,18.605048135592,1489,10
103.473808433109,19.2378650413887,1490,10
102.814405832506,19.2375177391375,1491,10
102.557503178688,19.0419879557432,1492,10
103.242272927362,18.5750396416969,1493,10
102.901559156653,18.6222316471291,1494,30
102.62316104638,18.9090453872669,1495,10
102.312927219631,19.2241167587594,1496,10
103.044510804931,19.1497669164104,1497,30
103.360758454588,18.9067848259933,1498,10
102.797466398466,18.7695835439726,1499,10
102.352366500719,18.7562108023018,1500,10
102.550383220949,19.1966215368014,1501,10
102.386790632222,18.6797735912456,1502,10
102.830131360057,18.6270420505041,1503,10
102.678405160068,18.7270615492527,1504,10
103.088231677722,18.9164235220518,1505,30
102.460115358639,19.2952053558789,1506,30
103.127141706941,19.0072223151478,1507,10
103.06804736564,19.456578378591,1508,30
102.61464688591,19.0499339381192,1509,10
102.548813712788,19.4360632884401,1510,10
103.359534135117,19.3397992777703,1511,40
102.348551057128,18.6069224858525,1512,10
102.646668166336,19.3037217537354,1513,10
102.404882274171,19.2323938288478,1514,10
102.855961406948,19.484750356338,1515,40
103.463290375031,19.2060984621623,1516,10
103.076887377998,18.8748999988091,1517,30
102.771781683914,19.0967723139012,1518,10
102.963673113687,18.5933683290337,1519,10
103.384346412681,18.7206537445993,1520,30
102.485463688867,19.0261854001363,1521,10
103.359024359039,19.4797283535603,1522,10
102.75275539745,18.8456961953997,1523,10
102.567589590797,18.9497103423119,1524,10
102.676444142643,19.2416791997615,1525,10
103.012885744622,18.9793202846105,1526,10
102.43223191447,18.5313718667424,1527,10
102.737551691072,19.4690768541802,1528,10
102.962084453055,18.5606427294608,1529,10
103.231001614386,18.5317465888359,1530,10
103.380425452242,18.7775482655094,1531,10
103.025896375798,19.3776029942562,1532,10
103.313984926303,18.7819454450368,1533,10
102.675286753927,19.425286701896,1534,10
103.355097369705,19.1618447678019,1535,30
102.890751082545,19.2781852600886,1536,10
102.82266076156,18.5089140217368,1537,10
102.284483247965,18.6206039165777,1538,10
102.867634448181,19.3485714455213,1539,10
103.475137524255,18.7572073533053,1540,10
103.443609325287,18.6953452367185,1541,80
102.421608893811,19.0450225676811,1542,10
103.30293957286,19.2856002552933,1543,10
102.882371670127,19.1293754049979,1544,10
102.857330448283,18.7833381873166,1545,10
102.596185483609,19.0255047511568,1546,10
103.166018842553,18.7096379760036,1547,30
103.103064153308,19.426714125238,1548,30
103.093116321742,19.2129787146782,1549,10
102.34093643952,19.4062565031504,1550,10
103.258653379178,18.5945546941064,1551,10
103.052838398272,18.9327579592338,1552,10
102.77138424655,18.5969888310366,1553,10
103.192200741118,18.7570198215611,1554,10
103.171763699585,19.2266149879087,1555,10
102.805195696921,19.406955934813,1556,10
103.065097701445,19.4103680118905,1557,30
102.379370553516,18.900785974616,1558,10
103.343261097095,19.0325461590093,1559,10
102.721198969309,18.9189494602128,1560,10
103.092932195118,19.167026107218,1561,30
102.320493465797,19.4564358971392,1562,10
102.621476762525,18.5647260601285,1563,80
102.601302987863,18.8261614643123,1564,10
102.598307342823,18.8798314677572,1565,10
102.947479464123,19.118712158902,1566,30
102.846315532129,18.6065645334015,1567,10
103.335531036135,19.3006976799476,1568,10
102.667212333968,19.0481024205124,1569,10
103.091711524322,19.1553493528212,1570,10
102.742489445168,18.6100418067266,1571,10
102.68848040947,18.7298972488811,1572,10
102.509663453351,19.0281569357357,1573,10
102.646186834246,19.1983273565425,1574,10
102.713655588804,18.6021408022216,1575,80
102.485839816102,18.6634343818861,1576,10
102.514430312182,18.9981586822331,1577,10
102.299275177225,18.5174338391118,1578,40
103.235896038195,18.7417766873671,1579,10
102.389848080926,18.9816341313622,1580,10
103.327303469879,18.8929214062707,1581,10
102.558046384951,18.6373080310315,1582,80
102.345917719104,18.6553293324392,1583,10
102.990998453873,18.686014948148,1584,10
103.287483832044,19.1801084446481,1585,10
103.433643865003,19.0228523442404,1586,40
103.427150229892,18.689988423357,1587,30
103.058112743836,18.6294874645407,1588,30
102.288529543874,18.5404463369232,1589,10
102.951443466138,18.5638499890316,1590,10
102.328646839081,18.5195367752606,1591,10
102.426759552098,18.7388679600871,1592,10
102.53952938805,18.760606384624,1593,10
102.906893763713,19.4161997985297,1594,10
103.126733005999,18.8712638535752,1595,10
103.463655377207,19.2248829266007,1596,10
103.127123091033,18.7209984094285,1597,10
102.264654762843,18.7643961142279,1598,40
103.352165153331,18.5604696775051,1599,10
102.922794082685,19.5007691758326,1600,10
102.897908880149,19.0591830195343,1601,10
103.407457447188,19.3946529578543,1602,10
102.700309204619,18.5706299226564,1603,80
102.42111425469,19.4634666007944,1604,30
102.489782371854,18.6561068820029,1605,10
103.017447892634,19.1468199608478,1606,10
102.902983040453,18.909341199838,1607,10
103.082356307891,19.4793146463803,1608,10
102.859781976582,19.1674585263218,1609,10
103.050416426829,18.8072309885478,1610,10
103.375942874171,18.9648345188245,1611,10
103.233423076315,19.0425013750819,1612,10
103.235976906004,19.0213014207846,1613,10
102.326200376439,19.2345211913906,1614,10
103.2143440699,18.580790862748,1615,10
102.73076085251,18.6069938036512,1616,10
102.884894097414,19.1928305784147,1617,10
103.361340693846,19.1234087452351,1618,10
103.030245920428,19.0360390669525,1619,10
103.364657216318,18.6716047414673,1620,10
103.204312647166,18.5947676691312,1621,10
102.71913260017,18.6348614133898,1622,10
102.63520325963,18.7275951166297,1623,10
102.951342429287,19.2505246674267,1624,30
102.86615733992,18.7444673669066,1625,10
103.136891891051,18.745059678324,1626,30
103.00723434827,19.03479422312,1627,10
102.696071285546,19.0297640280526,1628,10
102.340935607623,19.2481081246251,1629,10
103.0612017078,18.7386378427903,1630,10
103.29891697434,18.6391516023439,1631,10
102.312670146044,18.8297581513536,1632,10
102.965120744436,19.3350573250637,1633,10
103.415526559891,18.7220303261152,1634,80
102.405487214483,19.006419164845,1635,10
103.224460626587,18.5887185590213,1636,10
102.578658976369,19.099342868851,1637,10
102.679120837817,18.7072203436462,1638,10
103.033618438436,18.9686730303945,1639,10
103.037381842892,18.5686390920158,1640,40
102.894726394823,18.8783581945434,1641,60
102.648095180115,18.5956695246057,1642,80
102.686720891828,18.973649128243,1643,10
102.742168181025,19.0857703238361,1644,10
103.381710952469,19.3484463979467,1645,10
103.476231900689,19.0141707648984,1646,30
103.481940610694,19.3626478523886,1647,10
103.280209226294,18.8584561971853,1648,30
103.366163632965,18.9989181397039,1649,10
102.618553044925,19.0985074465241,1650,10
102.68792168409,19.4390532969552,1651,10
102.90003861487,18.6154891830043,1652,10
102.882346821088,19.3981700231173,1653,30
102.674117921719,19.3008738812772,1654,30
103.290690849812,18.5987444487311,1655,10
102.988249920163,19.1860878485121,1656,10
103.282638786275,18.6289237104102,1657,10
102.284779362525,18.9210411477428,1658,10
102.666294167329,18.8225163792769,1659,10
103.358673231378,18.9188005181583,1660,10
102.598515616201,19.0844075314017,1661,10
102.469996380486,19.0737276828858,1662,10
103.265433665235,18.8782255601624,1663,10
102.599547693522,18.910062501554,1664,10
103.122770225188,18.8022482646446,1665,10
103.219112893,19.4486707603301,1666,50
103.243339775638,18.9230126674499,1667,10
102.559074392212,19.2744399812406,1668,30
102.700704568999,18.8347089169914,1669,10
102.556026691939,19.0136620601884,1670,10
102.816761042713,18.9700474445216,1671,10
102.650768478965,19.2517880929586,1672,10
103.181086915485,18.6024849370376,1673,10
102.824369877876,18.801652000043,1674,10
103.125942573822,18.9236000465098,1675,10
103.372898844784,18.5549569139872,1676,10
103.330672796131,19.4165792768525,1677,10
103.4198652542,19.391751667338,1678,10
103.15469087418,18.6014199783113,1679,10
102.773060239031,18.6780158373868,1680,10
102.472954834841,18.7149951245301,1681,10
103.066023829878,18.8212332522668,1682,10
103.34939524193,19.376092672645,1683,10
102.375243480835,19.3271286411873,1684,10
103.140816120702,18.6632725634402,1685,10
103.170805512147,19.3286968572624,1686,40
103.491905119423,18.8991894314096,1687,10
102.273200296488,18.8417926481301,1688,10
103.474246416839,19.0189522151239,1689,10
102.38484487798,18.952669933825,1690,10
103.024841616805,19.3186148124282,1691,10
103.051637449726,18.8400671263176,1692,30
103.186179828866,19.0321296362367,1693,10
103.211827866977,18.8186913934613,1694,10
102.955388269117,19.3014469057506,1695,10
102.455955050445,18.8036835077177,1696,50
103.215474479871,18.5990980996001,1697,10
103.37947052642,18.9748740615627,1698,10
102.339712537345,19.4194674000427,1699,10
103.429935080694,19.4334523556562,1700,10
103.450144119942,18.8437418902401,1701,10
102.280025860484,19.4931623966051,1702,10
102.468203658617,19.1398813949666,1703,10
103.386210421767,19.1426829383972,1704,10
103.390985884922,18.8637018505583,1705,10
102.599120508861,18.8277150414416,1706,10
103.151451493791,18.7368233573343,1707,10
102.870439286471,19.1095292357814,1708,10
103.142541552595,18.653473801465,1709,10
102.709392673425,19.0497674605918,1710,10
102.626766375395,18.7683417237283,1711,10
102.501868841139,19.4621243218068,1712,10
103.322753438127,19.1140824231841,1713,10
102.590558768567,18.6416010300327,1714,80
103.142003737445,18.7304147758059,1715,10
102.463672977208,18.5655213351043,1716,10
103.079870427732,18.6675927068578,1717,10
102.447045426039,19.3054414060047,1718,30
102.941656912778,19.2269630319585,1719,10
102.774968997168,19.4219463149908,1720,10
102.601535911184,18.7969516450201,1721,10
103.157513134876,19.366510548629,1722,10
102.777984592043,18.9163341359897,1723,80
103.370733338046,18.6717980529605,1724,10
102.922327612189,18.764077297547,1725,10
102.685245326195,19.0522567015913,1726,10
102.985952784262,18.8181450811893,1727,10
103.148660248243,19.4367361167652,1728,30
102.434152253199,18.8497883741487,1729,10
103.230947189345,18.6659223112335,1730,10
102.885438995374,19.1496829549874,1731,10
103.043596983148,19.1368391581085,1732,10
103.370380609636,18.7362364478203,1733,10
102.810585320694,19.317636450269,1734,10
102.367259877747,19.0198924688987,1735,10
103.495132658522,19.1649089994008,1736,10
103.059240550378,18.715606081054,1737,10
102.328982482717,19.1683273315413,1738,10
102.630208838071,18.8218837184436,1739,10
103.149175050221,19.1309267763416,1740,10
102.414363073808,19.2851565017825,1741,10
103.090042611576,19.2011595142593,1742,10
103.468746806263,18.7167638685273,1743,10
102.31100228908,18.7355602901785,1744,10
102.830368020094,18.6303847518064,1745,10
102.471496060583,18.8331483457463,1746,10
102.519322761933,18.865360262208,1747,10
102.69796300938,18.6149215561823,1748,80
102.484573589438,18.7545386132059,1749,80
102.755223485515,18.9603135580323,1750,10
102.568988035997,18.5773266470357,1751,80
103.067113307612,19.3523304201126,1752,40
103.454182149299,18.8374957038939,1753,10
103.12215864657,18.8650842731179,1754,10
102.737180973527,19.4241014765353,1755,10
103.379877590865,18.7793365520892,1756,10
102.642017289687,18.6153620832237,1757,80
102.828115504655,19.2172880576634,1758,10
102.949567661526,18.7645015703641,1759,10
103.193038360733,18.7592454076265,1760,10
102.540383968784,18.8425208693836,1761,10
102.603067448826,18.9979177836573,1762,10
102.837246639521,19.494704511382,1763,10
102.461291578355,19.1977513549466,1764,10
102.763458353062,19.0536505810361,1765,10
103.044348842552,18.7968908454904,1766,10
102.568744287662,18.6037943927032,1767,80
103.37050042976,19.1411737780504,1768,10
102.267264938728,18.9135218407353,1769,10
102.885333552258,18.788556933695,1770,10
102.295561665906,18.7751004859762,1771,10
102.284460682916,19.32823434211,1772,10
102.708110682659,18.6341691406883,1773,40
102.479597196869,19.4411131260373,1774,10
103.143570860038,19.2105773265716,1775,10
103.396020247479,19.1979848716928,1776,10
102.688883070336,19.0874317070738,1777,10
102.910604429917,18.855846283882,1778,10
102.746730515279,18.7365923269437,1779,10
103.124138231522,19.0173748158387,1780,10
102.293236347273,18.7224952751743,1781,10
102.574304394276,19.3125172340712,1782,10
103.197832899824,19.347258010802,1783,10
103.399502610484,18.7854497307884,1784,10
103.092976916759,18.6278694490802,1785,10
102.52617445203,19.0209693320198,1786,10
102.828033395029,18.9670631733042,1787,10
102.384302553712,19.0912966966954,1788,10
102.512243736055,18.5687038674572,1789,40
102.280477274649,18.5026585638431,1790,10
102.279308079012,19.1877375143048,1791,10
102.623464995233,19.0315046751495,1792,10
102.675577665904,19.0038454208591,1793,10
102.630321979423,19.4378641940777,1794,10
102.666243017425,19.0204906604646,1795,10
103.070963325341,18.9305456966873,1796,10
103.152449948286,18.5079750918377,1797,10
103.077738700695,19.083804131329,1798,10
102.994609499131,19.3711725663391,1799,10
103.033551907945,18.9480985456464,1800,10
102.871564521028,19.2736380464328,1801,10
102.915339014691,19.4508640285994,1802,30
103.042957767315,19.0644689131201,1803,10
103.255566946514,19.1749244648815,1804,30
102.694995083333,18.5321140124132,1805,80
103.010252238662,19.051284495397,1806,10
102.487038640345,19.228220486011,1807,30
102.871819588091,18.552717138039,1808,10
102.26144462395,18.5232467250067,1809,40
102.605497555087,18.6241701355488,1810,80
102.386934528733,19.4217626840572,1811,10
103.494644761837,18.9749037154142,1812,10
103.12432294169,19.348722510011,1813,30
102.703149964103,18.9338935274423,1814,80
102.303128064411,19.1075016898026,1815,30
103.252682201437,18.8285048813807,1816,10
102.288442667241,18.8251559912798,1817,10
103.26862511342,19.3084481998861,1818,10
103.143176646435,18.6734107927058,1819,30
102.390090113587,18.7020729466093,1820,10
102.495642502405,18.6170640857222,1821,10
102.952437093829,18.5616915746332,1822,10
102.34248601544,18.8956742174176,1823,10
103.377925991564,19.4856551635697,1824,10
103.424702216841,19.1707484360712,1825,10
103.04889505466,18.5841033239483,1826,10
103.019059733979,19.2044755561885,1827,30
102.44312959121,18.5478923112882,1828,10
102.84088494059,19.4066487283555,1829,10
102.898122027467,18.566164940477,1830,10
102.848356500318,18.6800940218646,1831,10
102.47748325736,19.0731720146687,1832,10
103.241879412155,18.9035492709628,1833,10
102.708495629271,19.2607581032477,1834,10
102.720160178338,18.9141193076271,1835,80
102.983023548317,19.1875302644854,1836,10
102.498018853418,18.7111539634564,1837,10
103.49289156278,19.038693602228,1838,10
103.361189703883,19.373787778485,1839,10
103.297794849828,19.4339705171394,1840,10
103.206834774052,18.552622027601,1841,30
102.884035780331,18.7590868274478,1842,10
102.93203895199,18.9984970789567,1843,10
102.85784842366,19.1494498937784,1844,10
103.039337071343,19.073394342647,1845,30
102.53543749102,18.8653179450229,1846,10
102.791276859596,19.049255813072,1847,10
102.819484315421,19.4944327900082,1848,10
103.443645725813,19.3970551278217,1849,10
103.403035696584,19.2527748882965,1850,10
102.52752014927,19.0625738309499,1851,10
102.776625774145,19.15383266648,1852,10
102.316131035965,19.4139908124622,1853,10
102.733312826281,19.3048270900354,1854,10
102.810788925386,19.2713163767016,1855,10
102.349195706903,19.0428687122976,1856,10
102.462978858996,19.3364275446378,1857,10
103.224877088021,19.0454995297074,1858,10
103.114070546139,19.056218985866,1859,10
103.098198494447,18.6011603491465,1860,10
102.880724972685,18.9148617174974,1861,10
102.724322381955,18.585514434666,1862,80
102.599966866476,18.7069311276013,1863,10
103.414218871531,18.6467284597724,1864,10
102.570258616659,18.7490212823377,1865,10
102.868560054849,19.011925314406,1866,10
102.66098474458,19.0862539866227,1867,10
102.789071170177,19.3063851766103,1868,10
102.855952861876,19.2401004825714,1869,10
103.420628402485,18.6476236201265,1870,10
102.828208082855,18.9719542516036,1871,10
102.737823289481,18.7033281719239,1872,10
103.061727295652,18.9204137889957,1873,10
102.430203526248,18.9661410908737,1874,10
103.330298770975,19.3458274220133,1875,40
103.189447772967,18.5959787716508,1876,10
102.597649105908,18.6135109392479,1877,10
103.038512266933,19.2441326824935,1878,10
103.404355336225,18.7298570932996,1879,10
102.451031871544,19.4933451714355,1880,10
102.429457704692,19.3753809799148,1881,10
102.726389635179,18.6192932667031,1882,10
102.382758980822,19.2485766351572,1883,10
102.275056324583,18.5313929195107,1884,10
103.292905982921,19.0655987165667,1885,10
102.513000590496,19.3972801236396,1886,10
102.399064816769,19.3147195273784,1887,30
102.941633309132,19.2240370456868,1888,10
103.280910161579,19.0765100404085,1889,10
102.260380873647,19.0565072739733,1890,10
102.596921728445,18.9346674124453,1891,10
103.17931005894,18.6175531118415,1892,10
103.131878178553,18.5055834248217,1893,10
102.933791524404,18.5999791143985,1894,10
102.884635710553,19.0445608684376,1895,10
102.658662135084,18.8306130085646,1896,10
102.776955956577,19.2986099988749,1897,10
102.409910936251,18.6869104935953,1898,10
103.114171749022,18.8284053229224,1899,30
102.538908711812,18.927574661805,1900,10
103.298744868759,19.4859944325891,1901,10
103.442879597287,19.2369184963167,1902,10
103.034121621513,19.458401870311,1903,30
103.461199127368,18.9789323233273,1904,10
103.358611881017,18.750159303055,1905,10
102.550421983434,19.2162017376867,1906,10
103.118052773423,18.8087316762547,1907,10
102.266399248945,18.9065009514119,1908,10
103.265836083762,19.2338634513102,1909,10
102.852942094169,18.5905005027841,1910,10
102.371447290454,19.2610833201226,1911,30
103.394169170209,18.5855201100657,1912,10
102.995024461634,19.0443790370707,1913,10
102.868518977246,19.3995793647329,1914,10
103.266712224012,19.0604268216366,1915,10
103.201181783381,18.7784328846882,1916,10
103.483781253404,18.7246568034194,1917,10
103.139156147233,19.3270652901052,1918,10
103.446421636779,19.0669211692689,1919,10
103.200708689503,19.1115389202651,1920,30
103.185452848522,19.4079414129004,1921,30
102.57594250908,18.6684009260425,1922,10
102.316038822602,18.6011950105702,1923,30
103.246798232865,18.966057256743,1924,10
102.817750297229,18.8567329191573,1925,10
102.415034343613,19.2925018507471,1926,10
103.338377111274,18.8535705962763,1927,10
102.931078587984,19.0953388849806,1928,10
102.919145486008,18.5166910107553,1929,10
102.842193749644,19.1581363411065,1930,10
102.999459877501,19.2582655887082,1931,10
102.380097933567,19.3576997852147,1932,10
103.09838422576,18.6035650964221,1933,10
103.205097355713,19.1235618266244,1934,10
102.637920301531,19.3671390721491,1935,10
103.19964860128,19.1586854855328,1936,10
102.739336854721,18.8978525464469,1937,10
102.618798159464,19.4761849014012,1938,10
103.100447566601,18.8489690652699,1939,10
103.104826099353,18.8153635722318,1940,10
102.931635708295,18.6632229829298,1941,10
103.171677615741,19.4812254671234,1942,30
102.733040820284,19.1920895349527,1943,10
102.307767905674,19.4034891361283,1944,30
102.975292772572,18.8917871077826,1945,10
102.320080513409,19.4557535368084,1946,10
102.505450719934,18.5285377153446,1947,10
102.87971108066,18.8959660167897,1948,10
103.445784129271,18.6762576180767,1949,10
103.016932826425,19.1987169102959,1950,10
102.793744079848,18.6586320322273,1951,10
103.152342659567,18.5400665439173,1952,10
103.34366595935,19.3780187866904,1953,10
102.272839995515,18.7557973852773,1954,30
102.712127373487,18.75642364183,1955,10
102.742748233604,19.0514910502005,1956,10
102.664295736591,19.4349031716976,1957,40
103.364579357702,19.2726921975785,1958,10
103.157218039588,18.7488234770799,1959,10
103.268897379651,19.2276622561313,1960,10
103.284969789041,18.7387529991976,1961,10
102.847730924434,18.6142501940028,1962,30
102.915149440007,19.4345405216754,1963,10
102.625072022053,19.1979446339213,1964,30
102.540325256989,18.9032490780682,1965,10
103.467719377982,19.2177606088306,1966,10
103.328123536044,18.9194661288596,1967,10
102.955366699611,18.8286809067207,1968,10
103.356284572933,19.2259060808002,1969,10
103.267982543158,19.1735844762347,1970,10
102.771830495644,19.1161577794089,1971,10
102.394795603677,18.9994956044853,1972,10
102.981165133319,18.5917445851499,1973,10
102.691242128628,19.2732125165356,1974,10
102.349033141591,19.0949557950592,1975,10
102.708916878235,19.2445677806651,1976,30
102.66390085184,18.7959890975224,1977,10
103.353707091837,18.7139178123118,1978,10
103.397628306057,19.3974764679905,1979,10
102.599888371811,18.9347017862415,1980,10
102.883787630677,19.1564686403026,1981,30
102.486816400481,19.1029891789045,1982,10
102.283558567712,19.4402819151788,1983,10
103.402712584964,18.7401205979414,1984,10
103.06120760557,19.0135688082523,1985,10
102.283485261226,19.4919602148599,1986,10
102.852343859462,19.1797368773325,1987,30
103.431766374438,18.6723193395371,1988,10
102.802558648424,19.3366808276482,1989,10
103.396093589808,19.2407250951767,1990,30
102.680324398376,18.6151608719798,1991,80
103.157130557507,19.0171948960433,1992,10
103.120587509746,18.5584406205675,1993,10
102.831602832463,19.3507202423342,1994,10
103.107211292866,19.3720460907743,1995,40
103.238252410896,19.1848678832275,1996,40
103.29208294379,19.1151057772027,1997,10
103.007026185521,18.5565343038249,1998,10
102.365252284905,19.0385770471296,1999,10
102.539169509929,18.5187140740646,2000,10
102.473510039086,18.7057868474153,2001,10
102.359704886317,19.3054179190316,2002,10
102.69595961258,19.1887824468851,2003,10
102.78489083584,19.2480624488866,2004,10
103.374317134433,19.2174561831705,2005,10
103.176553812072,18.6725013852734,2006,10
103.098494222877,19.1892328715852,2007,10
102.751885868908,18.5448857603137,2008,80
102.326434117338,18.6616152036721,2009,10
103.239187060285,19.1646510266488,2010,30
102.648958793855,18.7963449283902,2011,10
102.763211848127,18.766190285654,2012,10
102.564841130182,18.7854362010067,2013,10
102.769217507179,19.2391863538589,2014,10
102.37287857326,19.2345268997072,2015,10
102.473347220072,18.9548342541293,2016,10
102.738734237322,19.1994490686418,2017,10
102.422995791848,18.962082461924,2018,40
102.377309149209,19.027846619212,2019,10
102.570713771719,18.5871465400016,2020,80
102.644872194708,19.2334954639587,2021,10
102.465290125685,19.3656396890569,2022,10
102.81906611278,19.3286465317429,2023,10
102.912390686104,18.6090375025673,2024,10
102.979021228945,19.4721762536492,2025,10
102.377389122515,19.3367337427363,2026,10
102.28445484415,19.3742731469474,2027,10
103.245291225726,18.7541461186569,2028,10
102.258598032442,19.0654393926382,2029,10
103.367505678134,18.6948208112815,2030,10
103.273062994288,19.0040730884125,2031,10
102.39536705137,19.1298046510584,2032,10
103.475426705622,19.2627153011054,2033,30
102.831212289785,19.1112903308688,2034,10
103.176715227412,19.4462987943491,2035,50
102.435005269003,18.5572362641568,2036,40
102.377136031485,19.2754349168241,2037,10
102.5583468781,18.8825821777499,2038,10
102.387026114167,18.9002307380974,2039,10
102.550732895578,19.1469721434706,2040,10
103.23811926735,19.1058290362969,2041,30
102.821699061452,19.0454809559056,2042,10
102.780393182836,18.912895633543,2043,80
103.258343519919,18.686263473585,2044,10
103.476180894116,19.2630915351961,2045,10
103.422962649492,19.3864833702469,2046,10
102.844009140303,18.9059282145188,2047,10
103.073584538077,19.4685593114005,2048,30
103.083912380919,19.0493827125014,2049,10
102.660688011414,19.0334946584846,2050,10
103.124516612281,19.1459053932942,2051,30
102.653985371927,18.8935741195296,2052,10
103.10144129978,19.2752951714067,2053,40
102.767755212523,19.3733416411565,2054,10
102.50299917409,18.5779111185132,2055,10
102.321856715894,18.6687710137756,2056,80
102.448261788789,19.0628664088137,2057,10
102.355774912792,19.4483912955666,2058,10
102.252466123648,18.8292206937399,2059,10
102.374459058273,19.4625191195573,2060,10
102.911216544063,19.4074105467399,2061,10
102.916272206078,19.2093181427058,2062,10
103.395203656142,18.8195645133319,2063,10
103.365490517587,19.2888587768307,2064,30
103.222074126125,18.8220400601509,2065,10
103.062473349121,19.0532601942937,2066,10
102.271048810939,19.3320357349111,2067,10
103.375653170677,19.0363277686635,2068,30
102.810432965554,19.4818580301097,2069,30
103.100611995541,19.4877083822198,2070,10
103.433847133232,19.3690292722792,2071,10
103.132519646108,18.7206520356582,2072,10
103.012754076622,19.023407786406,2073,10
103.173105344942,18.5380788875511,2074,10
102.290989100353,18.5304810664099,2075,10
103.156664067297,19.347992949969,2076,30
102.49618954003,18.7217943247855,2077,10
103.477264079421,18.5552713443581,2078,10
103.002669075304,18.7791143773486,2079,10
102.647065510873,18.8946976365123,2080,10
103.123091432218,19.3241292268865,2081,30
103.315092924714,18.6341442089786,2082,10
102.57247787963,18.6488818697424,2083,10
102.297820515087,19.3043630594479,2084,10
102.628049827854,19.4863453204024,2085,10
102.383860813921,19.2946061286291,2086,10
102.552558157268,18.7697823067074,2087,30
103.354466031107,18.5533294255298,2088,10
103.002957969267,18.5324576188377,2089,10
102.636397318886,18.934189213325,2090,10
103.214288166207,19.4430583392895,2091,40
103.358875131976,18.5172168986682,2092,10
102.735227679502,18.9616551197381,2093,40
103.358283866612,19.4874556380903,2094,10
102.838326072298,19.0277135753888,2095,10
102.399419120312,19.3162560718606,2096,10
103.106426197969,19.3351427391565,2097,40
102.341666797982,18.7194415346515,2098,10
102.996587594168,18.5910398988063,2099,10
103.202972507731,18.6101058513015,2100,10
102.334195939833,19.4615074895098,2101,10
103.358220092367,18.6749588461307,2102,10
103.007309094022,18.5096718665453,2103,10
102.281598680426,18.7831530563072,2104,10
103.42377360004,19.1268324494146,2105,10
102.664356830759,19.1725243251004,2106,10
102.678613093184,18.5380414212546,2107,80
102.896019018063,18.9824078883902,2108,10
102.440113407661,18.6662361036072,2109,10
103.146708914537,18.6757152696142,2110,10
102.889343393422,19.2659546534991,2111,10
102.921349477181,18.6568809690647,2112,10
102.804632286253,18.9462306110503,2113,10
102.796722040371,19.0754409586518,2114,10
103.377098805372,18.6354639090222,2115,10
103.19239396073,19.089921645313,2116,10
103.092012278554,18.6605159925316,2117,10
102.931088001268,19.0635542547919,2118,10
103.464914984408,18.9930353370712,2119,40
103.275800055009,18.7831669216605,2120,10
102.498305582005,19.4938756647813,2121,10
102.641198412508,18.6012921370843,2122,80
102.297828829175,19.1021549974724,2123,10
103.303026798348,18.6495395260598,2124,10
102.769585462006,19.1112620257441,2125,80
102.561916361747,18.8204581387687,2126,10
102.52242825822,18.5118094758058,2127,10
103.360798143212,18.5017961791583,2128,10
102.292206011791,18.6211000963074,2129,10
103.213378521668,19.4214688171581,2130,10
103.430836127132,18.737948751558,2131,10
103.479410979636,18.8146278516052,2132,10
102.534227996558,19.0656670098906,2133,10
102.787266900603,19.3311312856524,2134,10
103.205912836518,18.9934044252295,2135,10
102.575550367305,19.2598334261523,2136,10
102.621731530686,19.1923904869258,2137,30
102.79301722937,18.717832644548,2138,10
102.773264981973,18.5746341131263,2139,30
103.08724473585,19.3544405009149,2140,30
103.477219324786,19.322047196672,2141,10
102.260137079365,18.8836140088668,2142,10
102.943031192712,19.3312155223258,2143,10
103.299767582396,18.9157168708595,2144,10
103.114613014707,19.3601447746649,2145,40
102.687789215766,18.8734096669835,2146,10
102.803954039159,19.3574020233498,2147,10
102.873588351612,19.2168048748353,2148,10
103.41709705691,18.9384235010855,2149,10
102.336273431913,19.1012682294661,2150,10
103.263535848209,18.5951918698075,2151,10
102.497273981206,18.709436213695,2152,10
103.194473992923,18.9419758638933,2153,10
102.376230624601,18.6834869785553,2154,10
102.41535005483,18.8714683288127,2155,10
103.389324936026,18.6743439310517,2156,10
102.537279196273,18.5097970560322,2157,10
102.291376970891,19.3532144735527,2158,10
102.943586864407,18.5196662603849,2159,10
103.301128377564,19.3168988944455,2160,10
102.85332603136,18.7984186613892,2161,10
103.205746184411,18.7819133963254,2162,10
102.446748693164,19.3104712363945,2163,30
102.947769176196,18.9226246778628,2164,10
102.496500810894,19.3941252941201,2165,30
102.364778685662,19.44105794767,2166,10
102.253630060942,18.9413042630289,2167,10
103.049063520703,18.5811840406859,2168,10
102.598214405573,18.9411924906746,2169,10
103.034805052719,19.3128316123068,2170,10
102.717524023541,19.1380541082791,2171,10
102.869964096544,19.4168101662523,2172,10
102.857404018836,18.8720520529114,2173,10
102.884074168256,18.8634673373196,2174,60
103.170162531958,19.2332359783813,2175,10
102.478830764108,18.5215223817718,2176,10
102.733638128573,19.4329156944762,2177,30
102.752512641001,19.3008572754214,2178,10
102.822143880977,19.141352100639,2179,10
102.49528074668,19.0160767255363,2180,10
102.941330391034,18.5603244880537,2181,10
102.346292016968,19.3311702622434,2182,30
102.275060097805,18.7976873868191,2183,10
102.417781124358,19.0652551223509,2184,10
102.352267621928,19.0123378504451,2185,10
102.664968482744,19.04197148824,2186,10
103.006164429824,18.680583921613,2187,10
103.372693331832,19.3524066340823,2188,10
102.681620474619,19.2459710853871,2189,10
102.301690171974,18.7152573659979,2190,10
102.521784082733,18.7403286514123,2191,80
102.780056216188,18.6855532232005,2192,10
102.594670983571,19.1150877878458,2193,10
103.118703011099,19.2851106577771,2194,30
102.795522274252,18.7970647183561,2195,10
102.647033966755,18.5452950282244,2196,80
102.6369934974,18.7621716116807,2197,10
102.968655905072,19.0266025216477,2198,10
102.331564517406,19.0965808109689,2199,10
102.858901303855,19.1889990229195,2200,10
103.490312327575,19.001700583537,2201,10
103.060950129628,18.9965703899391,2202,10
102.645032393205,18.7120587764639,2203,10
103.001975869049,18.6115663834893,2204,10
102.308910186454,19.2780886648411,2205,30
103.154837382623,19.0004956389985,2206,10
103.158294960687,19.0198700451162,2207,10
103.280033862728,19.1275927972601,2208,10
102.790281226295,18.7309079677487,2209,10
103.327184017073,19.3875555060674,2210,10
103.499836075862,19.0255892794622,2211,30
103.285029379823,18.6616173654494,2212,10
103.050176063974,18.742980637996,2213,10
102.554127627487,19.156087220399,2214,10
103.162875052768,18.8900859824521,2215,30
103.186429720431,18.8589195881005,2216,10
103.197913228406,19.3229134681898,2217,30
103.401813856471,18.8000659882947,2218,10
102.680098053189,19.2409950966547,2219,10
102.808720679616,18.801385639798,2220,10
103.327155037873,19.4927845231822,2221,10
103.013388719887,18.5990288613432,2222,10
103.348022007816,19.2581776532907,2223,10
102.281240402918,18.5054988724938,2224,40
103.28807280775,19.0246836265669,2225,10
102.626447485096,19.0581471517643,2226,10
103.073543435687,19.167444973921,2227,10
102.860074764256,19.1197282088215,2228,10
102.992084464102,18.9662729812341,2229,10
102.691975602469,18.5066461562641,2230,10
103.351897083811,18.6406542236138,2231,10
103.127484300444,18.8227327013392,2232,10
102.815309753917,18.8318333317649,2233,10
103.164860724645,18.9566068138234,2234,10
103.446917726132,18.8406995113892,2235,10
102.568217254656,19.3694443235734,2236,30
102.778280215325,18.7227512011074,2237,10
102.785098088072,18.67532235022,2238,10
103.329920653624,19.0156775193234,2239,10
102.941911130393,18.543030212785,2240,10
103.37685067374,19.3762923618949,2241,10
102.821630706188,18.9679724874342,2242,10
102.730085680728,19.3052353246912,2243,10
102.884231842925,18.5849927827935,2244,10
102.326785956268,18.7638042595899,2245,10
103.323082142695,18.7871649938681,2246,30
102.824002060965,19.2862593931907,2247,10
103.233213471457,18.8714720067577,2248,30
102.81061182037,18.9365156658165,2249,10
103.211812635363,19.2087685761153,2250,40
102.658902583368,19.329741030526,2251,10
103.075809118756,18.9848700192972,2252,10
102.508391308065,18.9005485429284,2253,10
102.462144263119,18.878193044313,2254,10
102.78821470565,18.8398505605771,2255,10
103.072003571667,18.5455111411956,2256,40
102.352117970325,19.1003975849403,2257,10
102.56621538717,19.0219457631068,2258,10
103.272912244835,18.9625740561914,2259,40
102.406103864987,19.1737916598091,2260,10
102.267501457997,18.8328891549251,2261,10
102.263401369176,19.4255622951922,2262,10
102.282218810089,19.3957687301605,2263,10
102.473944615087,19.468356008587,2264,10
102.411645659438,19.3615668010053,2265,10
103.351877352327,19.1119090624404,2266,10
102.422531236676,18.9453270550762,2267,10
102.907304103356,19.3860224840965,2268,10
103.447825710645,19.1386736368554,2269,10
103.224818763965,18.6331052372201,2270,10
103.289834267203,19.0544262120143,2271,10
103.233172175426,19.0684418520372,2272,10
102.664823483489,18.7417560462982,2273,10
103.061762279837,19.0952926102436,2274,10
102.94617529682,19.4151412226623,2275,10
102.355034799266,18.7983547558925,2276,10
103.478995032214,19.347123171851,2277,10
102.727350082744,19.2299573453892,2278,10
102.597327168985,18.9322280426648,2279,10
103.064417447001,18.7421676141396,2280,10
102.418024349795,18.9709810016305,2281,10
103.342371545083,18.5740704189436,2282,10
102.841053690474,18.8847776920431,2283,10
103.02161808258,18.7933888063969,2284,10
102.380368744528,19.3379607551608,2285,30
102.415956596124,18.9579091129544,2286,10
103.211088183887,19.4176058707708,2287,10
103.311826230065,18.750130433346,2288,10
103.416452798194,19.2554666671538,2289,30
103.10842760828,18.5099436938606,2290,10
103.087917567296,19.3310862995092,2291,30
103.417265219011,19.4524619285355,2292,10
102.631511517446,19.3228663866166,2293,30
102.752279679097,19.4870570974161,2294,30
102.870767524944,19.3042072169753,2295,10
103.421198657957,18.5152239250574,2296,10
102.87381441654,19.2797079701654,2297,10
102.576980286236,18.5961103426721,2298,80
102.529261837361,19.4139031054666,2299,10
103.38861583026,19.2433955841714,2300,30
102.760852491453,18.9275234616197,2301,80
102.88006067273,19.1090375251989,2302,10
102.393837865915,19.0366516398282,2303,10
103.424738948753,19.2322210398694,2304,10
103.395064981503,19.0962514319466,2305,10
103.270270514461,19.2124680713741,2306,10
103.220035511206,19.0415379330935,2307,10
102.694839924924,19.1666698103733,2308,10
103.27442324005,19.3042041696571,2309,10
102.295400329845,18.6183939562998,2310,10
102.774417694493,18.8814504082064,2311,10
103.12789482822,18.7786233092504,2312,10
103.495247329355,18.7720091644071,2313,10
103.258932888094,19.178454982569,2314,30
102.991769673213,18.5250927739796,2315,10
102.559762271832,18.6319315256026,2316,10
103.303578586157,19.5008478594425,2317,0
103.264720273842,18.6716063147777,2318,10
102.660314854797,19.1947385358222,2319,30
103.023972919549,19.0055827363551,2320,10
103.013077311847,18.8386990357618,2321,10
102.651257820103,19.2182895769486,2322,10
103.105540943525,19.0211752404953,2323,10
102.411254510063,19.3459640168102,2324,10
102.265603427808,18.8024022846912,2325,10
102.820267985569,18.751232974973,2326,10
102.768825685673,19.0545532219521,2327,10
102.992019431076,19.2365343954456,2328,10
102.853692752771,18.9842317644138,2329,10
103.003356210167,19.1422514306803,2330,10
102.368569390222,18.8941200592753,2331,10
103.119191872961,19.1840245152526,2332,10
102.594217677195,19.3700686863867,2333,10
102.787643329087,18.621597088881,2334,10
103.169795550106,19.1149227908037,2335,10
102.828369570194,18.7809356662567,2336,10
103.347189714881,19.2118919443791,2337,10
102.605716538626,19.4157441731664,2338,30
103.050677262713,19.4627838090436,2339,10
102.577243145591,19.071902973115,2340,10
103.327254743272,19.078212380099,2341,10
103.182119651219,19.2051632480443,2342,10
103.273932309469,19.3345105961978,2343,10
102.435192788868,18.7704801150716,2344,10
102.513710704394,18.5166498410348,2345,50
103.310319156012,19.1130997973357,2346,10
103.109260532482,19.0475028439773,2347,10
102.878367886059,18.7942110776831,2348,10
103.059021585044,19.1940428031834,2349,10
102.873889871093,18.6159517877132,2350,10
102.585292548289,19.4123575307829,2351,10
103.261194010673,19.0772938063638,2352,10
103.29673315699,18.6906262668526,2353,10
102.473585662299,18.5220304539195,2354,10
102.821661719805,18.6543441518275,2355,10
102.986038518305,18.7064802422575,2356,10
102.970137890627,18.6561573052729,2357,10
102.390538636134,18.5831831248216,2358,10
102.675399747387,19.4291511886973,2359,30
103.165637487724,19.4724986963018,2360,30
103.333394863867,18.6774800602197,2361,10
102.898549591899,19.3155190474931,2362,10
102.3440521962,18.9456717201849,2363,10
102.575616524803,18.9692077076414,2364,10
103.032789874873,19.2149537135685,2365,10
102.497680323601,19.1104927046498,2366,10
103.377077027313,18.550817504116,2367,10
103.018460580092,19.3555983905269,2368,10
102.435090001147,18.5796690141818,2369,10
103.34424224904,19.3119241597108,2370,30
102.692220777856,18.7065600096725,2371,10
102.665595891604,19.3435638266239,2372,10
102.766406025425,18.5153681978813,2373,10
102.401817775586,18.9118173256504,2374,40
103.020145289391,19.0807846423506,2375,40
102.618869455112,19.1527729112873,2376,10
103.017221530852,18.6631222099587,2377,10
103.147807427684,18.8426625223643,2378,30
102.299946572912,18.5458136035428,2379,30
103.473817759757,18.9214018870429,2380,10
102.258089733888,19.1867301083731,2381,10
103.343919090264,18.7178480792905,2382,10
102.801859006393,18.7337019973497,2383,10
103.205161085244,19.4873207447088,2384,30
102.264138386179,18.9115538555008,2385,10
103.383931483502,19.4702399486959,2386,10
103.094493895609,18.8881136918695,2387,30
102.695794356268,19.2905161865765,2388,10
102.907528791301,19.0426824168357,2389,10
103.465854243545,18.6158467463055,2390,10
102.50326390724,19.0168874059049,2391,10
103.060033250514,19.4269524701178,2392,30
103.016505358213,18.7629324806683,2393,10
102.53443691888,18.9615282146647,2394,10
102.778795520997,18.7558453992224,2395,80
103.315004967923,18.6193676243392,2396,10
102.257071061717,19.1363988181568,2397,10
102.788659137881,18.9062875726273,2398,10
102.462753894011,18.8190491090055,2399,10
102.722500544679,18.8190807139839,2400,10
102.679537866821,18.901443650237,2401,10
102.624780240239,18.7275701706659,2402,10
102.461041513428,18.5220190384749,2403,10
102.909287741545,18.5713816330572,2404,10
103.053881016471,18.6173359978023,2405,10
102.497874916474,19.029134361143,2406,10
102.553051324181,19.0982826450955,2407,10
102.377953329822,19.2092239356675,2408,10
102.846143892112,19.0177830290183,2409,10
103.232885621467,18.6713376619079,2410,10
102.523786125313,18.9737240022337,2411,10
102.282289826974,19.2362310436473,2412,30
102.354731045281,19.4562619933099,2413,30
102.947362385138,18.9568430383281,2414,10
103.130078729778,19.3708769814507,2415,30
102.257812851471,19.0982739896499,2416,10
102.271023829748,18.8168926594511,2417,10
102.280916305956,18.6838635875831,2418,10
102.966315399532,18.6336008686584,2419,10
102.970653255402,19.041734557553,2420,10
102.857531986762,18.9463096408539,2421,10
102.438475660539,18.5010890121729,2422,50
103.107214195876,19.3358353745809,2423,30
102.869497867356,19.3714608582455,2424,10
103.130732993308,18.8116660196824,2425,30
103.24417655167,18.820364409845,2426,10
102.66384882063,18.9379522883656,2427,80
102.84838705822,18.6902708078361,2428,10
102.37373132904,18.5631519780563,2429,50
103.499710609687,18.6917765732892,2430,10
103.377973155483,18.7520756675789,2431,10
102.545582462983,18.6573138880143,2432,80
103.148665509733,19.4611613702578,2433,30
103.498765642589,19.401207230682,2434,10
102.295260800617,19.2874180553721,2435,10
103.463072799627,19.4907431406952,2436,10
103.259796147573,18.7853049268472,2437,10
102.409436688771,18.5068467800872,2438,10
102.934579900466,18.6575650034227,2439,10
103.23853348567,18.8846531047213,2440,10
102.354257774349,19.3505284003734,2441,30
102.722069041541,19.1678790273397,2442,10
103.202539992195,18.503267086289,2443,10
103.305957053946,18.6861443025675,2444,10
102.961050394376,19.0845964444911,2445,10
103.426494536739,19.1250301191622,2446,10
102.696847030339,18.9855488574061,2447,10
103.326436250278,19.4408355201373,2448,10
102.480052541859,18.8228213392787,2449,10
102.895729086226,18.7051117661606,2450,10
103.400101445668,18.5151010556422,2451,10
103.214346000033,19.2646184444316,2452,10
102.916671896646,19.3837518789564,2453,10
102.437680063548,18.5181389422835,2454,40
103.32781978431,19.1652713153728,2455,10
102.517770033349,18.833632533954,2456,10
102.683952043851,19.2448215538646,2457,10
103.302723518316,19.210662695295,2458,10
102.378080565533,19.3414231833314,2459,10
102.374368186725,18.5355454844788,2460,10
103.384275789284,18.961879687301,2461,10
102.57295533585,19.3254387862687,2462,30
102.504648113098,19.0730261417333,2463,10
102.820762607235,19.1335576098054,2464,10
102.557097198463,19.4498595000213,2465,10
102.299653025702,18.6036169004827,2466,10
102.724837927863,19.1059395145076,2467,10
103.362803993603,19.4606314916328,2468,30
102.79320770832,18.9636094542631,2469,10
102.505288380641,18.9287971238223,2470,10
102.798369177046,18.7152112300827,2471,10
102.924747518797,18.9063235802326,2472,10
102.750026881037,18.5771722258634,2473,80
102.523613712798,18.8369214461361,2474,10
102.459855478903,18.5898234870351,2475,10
103.262074392684,18.7132014438529,2476,10
102.950324025377,18.6818239373157,2477,10
102.498979838834,19.190266850567,2478,10
102.409661099124,18.9679795884717,2479,10
103.213792019791,18.8028583228525,2480,10
102.849464104919,19.2954095436545,2481,10
103.455194107986,18.9069576256443,2482,10
103.025516147006,19.1570069452953,2483,10
102.895305668393,19.0323372845856,2484,10
103.241923110329,19.2522252837744,2485,80
102.46625725149,18.9820151400449,2486,30
102.962071405699,18.7540069695022,2487,10
103.396412231366,18.9729681131675,2488,10
103.264071593502,19.0783613169732,2489,10
103.440140176704,18.7416071014332,2490,10
103.00494118262,19.2086787683929,2491,10
103.04964812506,18.5792790477634,2492,30
103.37715042895,19.1612054354313,2493,10
102.620532077595,18.6996420220234,2494,80
102.75016204433,19.2184128213905,2495,10
103.082074221832,19.1017507711557,2496,10
102.560739037742,19.4157490318432,2497,10
102.778833295651,19.2124937491694,2498,10
103.391259542767,18.5319010716421,2499,10
103.473124472987,18.6810242845564,2500,10
102.356091664805,18.6914924972698,2501,10
102.759670924818,18.7103780356646,2502,10
102.587457071891,18.9774751798926,2503,10
102.786037741885,18.579529616478,2504,10
103.355884025607,18.7142895362446,2505,10
102.959160996509,19.1060108945921,2506,10
103.268355208944,19.4043763555934,2507,10
102.686210876605,18.7816351769338,2508,10
103.04089595151,18.879930381319,2509,10
103.015061685085,19.403755166547,2510,30
103.480234600777,18.9563507396668,2511,10
103.170550458257,18.9403274781645,2512,30
102.594960890799,19.478201886363,2513,30
102.600660521248,18.9196683756457,2514,10
103.400061495087,18.7456045503257,2515,10
103.003479781287,18.6123489663701,2516,10
103.176140919413,18.5506363091625,2517,10
102.553529378281,18.8304417707536,2518,10
103.061120962537,18.5603369159537,2519,10
102.548572861185,19.0861122789171,2520,10
103.42966149557,18.6746003942374,2521,10
103.374602778327,19.3536671997301,2522,10
102.361059523871,19.4686540383223,2523,10
102.774590866559,18.9181221889925,2524,10
102.9020978007,18.7752668315547,2525,10
102.298470049464,18.9301554645503,2526,10
103.407743520834,19.3800443254847,2527,10
103.22602646396,19.4246401141056,2528,10
103.272120507176,18.7798566652942,2529,10
102.792644530179,18.8970064640533,2530,10
103.285571011065,18.9192870381423,2531,10
102.280751699195,18.5011983340173,2532,40
103.222307053991,19.3308489282845,2533,10
103.249323928673,18.6128292577214,2534,10
102.852089421366,18.6964273488276,2535,10
102.676471644343,19.1274942036475,2536,10
102.605412276736,18.5075180871745,2537,10
102.807987635523,18.8973884401612,2538,10
102.933488428616,18.585953579789,2539,10
103.474328947056,19.076347155347,2540,30
102.929295546586,18.7631529276205,2541,10
103.279146135044,18.6798164145994,2542,10
102.917012696796,18.8746636476841,2543,10
102.531719426426,19.4675102846752,2544,30
102.659366848446,18.5930693468376,2545,80
102.462502683582,18.5122930639923,2546,10
102.904506048276,18.8626583864019,2547,10
102.507563869269,19.3895088545488,2548,10
102.978204740287,18.630399675587,2549,10
103.257065952429,19.2618108693066,2550,10
102.325716339693,19.2964271081005,2551,10
103.031428173496,18.6414758897684,2552,10
102.980692177849,18.9823282019644,2553,10
102.995253104159,18.5879548136494,2554,10
102.617046050403,18.594265048726,2555,80
103.361428509652,18.799482533824,2556,30
103.399574475507,18.7086364413683,2557,10
102.979343797815,18.9839035909867,2558,10
103.09545622624,18.9742134068252,2559,10
102.558888186589,18.701870044228,2560,10
103.008075922197,19.3769490651968,2561,30
103.111710186792,19.2126712585504,2562,10
103.339896779154,19.3864458855804,2563,10
103.352146266878,18.9398127079108,2564,30
102.733784735174,18.9532274002827,2565,80
103.464492124377,18.6409324522856,2566,10
102.387430727987,18.9188706676371,2567,10
102.268421683483,19.2352041796047,2568,10
103.274913795969,18.9318474654177,2569,10
102.803465214145,19.2007290176735,2570,10
102.347018354787,19.0906516288572,2571,10
103.184987094353,19.0892207263859,2572,10
103.391277711122,18.9672602417449,2573,10
103.007724253112,18.9077183056936,2574,10
103.083110755327,19.2537754104121,2575,10
102.681957663566,19.4532584863685,2576,30
102.546547482744,18.9679697316138,2577,10
102.526030993062,18.9242987080357,2578,10
103.3668889478,18.9959862018776,2579,10
103.054789012553,19.0977091364156,2580,10
103.078513223685,18.7329265157847,2581,10
102.520584045594,18.7950913247745,2582,10
102.80930019522,18.527553356213,2583,30
102.684239048127,18.7917146879843,2584,10
103.393795402597,19.3595169546046,2585,10
103.330376433701,19.0687682062849,2586,10
102.261353495016,19.0679478564578,2587,10
102.567798159817,19.4770653120727,2588,30
103.315684650632,18.6144682610582,2589,10
103.280208488552,18.8023326815892,2590,10
103.207634588118,19.3945831525095,2591,30
103.434070000698,18.7655171322468,2592,30
103.391170215406,18.991342981168,2593,10
103.133362960555,19.1898613316606,2594,10
103.380380436511,19.2567046604802,2595,10
103.314251175056,19.1016437075641,2596,10
103.1558205707,19.2250894699466,2597,10
102.803881296663,19.150165095183,2598,10
103.066076162027,18.6640982931084,2599,10
102.854392248061,18.9064223369565,2600,30
103.438330655966,19.4301394129618,2601,30
102.725650468067,18.693503214715,2602,10
102.750487823112,18.6299461246351,2603,10
102.566150376658,18.5516910896795,2604,80
102.939241025971,18.8833572293409,2605,10
103.235219876691,19.4493165619406,2606,30
103.105258698858,18.8060456331874,2607,10
102.911481086713,18.8754216100712,2608,60
103.084645609329,18.7183147281726,2609,10
103.282931096902,19.0182879358267,2610,10
102.599646403128,18.7650978948836,2611,10
102.362560616731,18.5598249566876,2612,10
102.95396962204,18.846616264961,2613,10
103.22485468001,19.2634555637371,2614,10
102.719368237615,19.150595679716,2615,10
103.08465136413,18.9529993090603,2616,10
103.123668016807,18.9732447788944,2617,10
103.048577474474,19.0200059324322,2618,10
102.957786010094,19.4942529459954,2619,30
102.3905817445,18.7422253502445,2620,10
102.778935443366,18.8230422488317,2621,10
102.285650516996,19.132244731281,2622,10
102.632460254351,18.9825700191454,2623,10
102.837694422817,19.4950680461494,2624,10
103.094427121135,19.0709149707632,2625,10
103.296629705238,19.1052966224919,2626,10
103.070324809042,19.3295423193342,2627,10
103.042451845514,19.3085654917543,2628,10
102.760024617877,19.0459052740502,2629,10
103.100671661226,18.5546671878433,2630,10
102.459357779194,19.4833178857655,2631,10
102.269773759099,19.3158500067078,2632,10
102.633731947247,19.4978726907987,2633,10
103.285292997536,18.8204875704435,2634,10
102.352534623355,18.7131286160569,2635,40
102.685427348969,18.8564938122153,2636,10
103.042522538704,19.187123464939,2637,10
102.528899076605,18.8328155035475,2638,10
102.605375131469,19.3041108438916,2639,30
102.669042116228,18.9562570171713,2640,10
103.432726767481,19.1577453280817,2641,10
103.211694422837,18.661974160254,2642,10
102.390576916838,19.0772151734332,2643,10
102.368402244206,18.9045350350023,2644,40
103.286466705929,19.4732627877217,2645,10
102.796798003632,18.5403448749508,2646,80
103.291643439091,19.0909333245629,2647,10
102.995415172882,19.3648287214202,2648,10
103.387188216463,19.0934053253357,2649,10
102.44608893248,18.9866278663644,2650,10
102.647644338698,19.2975171068837,2651,10
103.35409308451,18.9118975209411,2652,10
102.838770321179,19.1786584409815,2653,10
102.785474178294,18.6786998982603,2654,10
103.133977811625,18.8777343463959,2655,10
103.138502698008,18.5860643180286,2656,10
102.87285546731,18.504030328765,2657,10
103.206532595141,19.2309888547076,2658,10
103.298969032527,18.6396469041273,2659,10
102.683723345908,18.8101398884301,2660,10
102.803602566722,18.5757709639726,2661,10
102.542980549736,19.2195136016391,2662,10
102.414319912425,18.6510076170351,2663,10
102.331605696554,19.2732666334878,2664,10
102.773957980477,19.2498326482792,2665,10
102.981162413076,19.0602845267196,2666,40
102.883090344023,19.3518929832129,2667,10
102.637058468981,18.6431838090257,2668,10
102.690361520967,19.3908123778632,2669,10
102.953621517232,19.3710049341254,2670,10
102.659908661041,18.51397437924,2671,80
103.209263512217,19.4378583736152,2672,30
103.309542655887,19.4070293382927,2673,10
102.307142452837,18.9975796418533,2674,10
102.724361128585,19.4880085396602,2675,10
102.594033257284,19.4022288738583,2676,10
103.223363079485,18.7031782511619,2677,10
103.104089524124,19.4388523931828,2678,30
102.338871593385,19.4767013649015,2679,10
102.610558438403,19.206940777545,2680,10
102.857256096378,18.7360664415495,2681,10
102.986080946953,18.580054705018,2682,10
103.172028293713,19.1568931447229,2683,10
102.400685855131,18.6872911262597,2684,10
102.858910186444,18.8498366418746,2685,10
102.929181189028,19.3236195715659,2686,10
102.588877715596,19.3720897678212,2687,10
102.409534032205,18.5980058456419,2688,40
102.878335368205,18.8966671236271,2689,10
103.057776227293,18.6606696240024,2690,10
102.621486121995,18.8509068717171,2691,10
102.468101476994,18.9522384214912,2692,10
102.864005648903,19.4007691425805,2693,10
102.897654596568,19.1575646753114,2694,30
103.155394048449,19.1286550477719,2695,10
103.290193968599,18.9278507288171,2696,10
103.342400685135,18.9951197713196,2697,10
102.484919362119,18.829732375019,2698,10
103.04466348285,19.2028155977621,2699,10
102.935298335741,18.9130288386951,2700,10
102.932309789902,18.9018635313495,2701,10
103.243050781357,19.2215859869399,2702,10
102.529057048674,18.8832760431477,2703,10
103.231518914226,18.5852178664292,2704,10
102.79978303544,19.4121517093543,2705,10
103.214263406921,18.8036581835129,2706,10
103.085786584093,18.6765784183353,2707,40
102.819855504553,19.0550659307665,2708,10
103.492408027282,18.7184557547297,2709,10
102.386122298041,18.8478399593655,2710,10
102.422355247252,19.2519189850794,2711,10
102.506085326876,19.2196415895385,2712,10
102.577464692789,18.7442988111965,2713,10
102.602034896348,18.5856868294523,2714,30
102.531361439302,18.9265977609515,2715,10
102.298323083626,18.7930680306108,2716,10
102.473852577648,18.5822937807871,2717,40
102.661904525112,19.3601185863767,2718,10
102.457827206789,18.6599832195404,2719,10
103.434165021826,18.8393011699712,2720,80
102.78693027017,18.6063394151487,2721,30
102.751379626944,19.1315980625011,2722,10
102.495473552325,19.1814266017654,2723,10
103.238320310842,19.4320175996258,2724,10
102.343025771575,19.1876726834439,2725,10
102.425886282801,18.6441706183085,2726,10
103.076811809233,19.3347996769674,2727,10
102.303109435666,19.3167339787514,2728,10
103.478933428347,18.5705786259909,2729,10
102.589732219027,18.5042180207229,2730,10
103.474250161528,19.3602176338408,2731,10
102.519765147095,19.4425052637759,2732,30
102.852722550966,18.6479136572554,2733,10
102.462059437666,19.4105136281318,2734,30
103.40333174667,19.4836802876686,2735,10
103.490721449306,18.8539356355769,2736,10
103.163179311696,19.3828543806325,2737,40
103.292557260624,18.5495133732495,2738,10
102.885955635108,19.1937114982981,2739,10
103.04207808747,19.440522692332,2740,30
103.309234101767,19.3911219866677,2741,10
102.709591940527,18.5671399144305,2742,80
102.483089481698,18.8915498611798,2743,10
102.728747524531,18.5106044603574,2744,10
102.26291650533,19.2933784731784,2745,10
102.740145325906,18.5455586987186,2746,80
102.896806863161,18.5629730338554,2747,10
102.328008762573,18.9370061084438,2748,10
103.448931883947,18.7291615340336,2749,10
102.678866453905,18.9514990037389,2750,10
102.464811754913,18.8316607358686,2751,10
102.606582735654,19.0659437197738,2752,10
103.306081711714,18.8120176971681,2753,10
103.080511847209,19.0198443770259,2754,10
102.97482200149,19.3701178554109,2755,10
103.217200068278,18.9997677936218,2756,10
102.656290192786,19.3922577421171,2757,30
103.190799659301,18.9364462159923,2758,10
103.257152939477,19.0983357621338,2759,10
102.317894836196,18.780482742548,2760,10
102.687018687854,19.0456737594655,2761,10
102.427995455498,19.1832320273463,2762,10
102.865258351245,18.818074157975,2763,10
102.821420288043,18.5310373885814,2764,10
102.545471622667,19.3476889090173,2765,10
103.003252002338,18.6182336148825,2766,10
103.10360317997,19.3724282180089,2767,30
102.843795693791,19.0005155455288,2768,10
102.318210807767,18.5792651571532,2769,40
103.328539889429,19.2013840126883,2770,10
102.504489030788,19.256572460128,2771,10
102.505012616759,19.0849322016676,2772,10
103.242190509931,19.2238285915847,2773,10
103.179444466645,19.4984927423234,2774,30
103.323456030208,19.1564149842145,2775,10
103.277532880824,19.4053514798548,2776,10
103.193793645335,19.3949745923111,2777,40
102.481193172903,19.3161424907331,2778,10
103.004546409053,18.6060060263444,2779,10
103.347149167203,18.715193567692,2780,10
102.92169417972,18.8869076336126,2781,10
103.265736662165,18.8293604746507,2782,10
103.306836848652,19.3356689230417,2783,30
103.440194103815,18.5826708724872,2784,10
103.000742683153,18.9049982545624,2785,10
102.283003568143,18.5847701636385,2786,10
102.454737676432,18.7529756586487,2787,10
102.902037384564,19.0745292957837,2788,10
102.748032425672,18.6772179868947,2789,80
102.43757833096,18.9818531365872,2790,40
102.681725159784,19.3598610253718,2791,10
102.918935547825,19.2672601013425,2792,10
102.834548520657,18.9004660745956,2793,10
102.889791983774,18.5730817256414,2794,10
102.963707126912,19.2037667277368,2795,10
102.692716313136,18.5132975987388,2796,80
102.835816860273,18.9702766811677,2797,10
102.456197301741,18.979227659743,2798,10
103.13133301635,19.0766007576543,2799,30
102.810731346804,19.3485706707524,2800,10
102.747870132349,18.7937238869748,2801,10
102.624819618482,19.4754464400056,2802,30
103.380518972163,18.9415045364559,2803,10
103.489603562766,18.7909883813567,2804,10
102.29809120438,18.7375427608234,2805,10
103.436041953002,19.112918692424,2806,10
103.07861470756,19.1187833725503,2807,10
103.4299722278,18.7492558512709,2808,10
103.3776186708,19.3630145731281,2809,10
103.471261778988,18.8199945137662,2810,10
102.463507990035,19.2689274953129,2811,10
102.62919631479,19.421515422258,2812,30
103.285831728719,18.8456256286414,2813,10
102.454609884575,19.0688234647953,2814,10
102.71144580233,18.6314178119864,2815,10
102.825317019061,19.0707464090103,2816,10
102.534581359352,18.5467713246298,2817,10
102.712482645555,19.4264183465304,2818,40
102.858135605587,18.5478308226961,2819,10
102.589935693585,18.5885696872616,2820,80
102.983983561226,18.5030913407022,2821,10
102.737962812938,19.1157597468031,2822,80
102.522932159257,19.119397122973,2823,10
103.256977472661,19.0370961924291,2824,10
102.406089015956,18.5773325420493,2825,10
102.710341794639,19.3774903263269,2826,10
103.459828212498,18.7156404032333,2827,10
103.031054595124,18.9292790340449,2828,10
102.457932498387,19.4491028263133,2829,30
103.355475640483,18.7305587261547,2830,10
103.355704782566,19.3881212666022,2831,10
102.821441033864,18.9189223022192,2832,10
102.415322972397,19.1158585200015,2833,10
103.344211722301,19.1728825439146,2834,10
102.44591453076,18.5783084216749,2835,40
102.537019966083,18.5199341333647,2836,10
103.320656347268,18.8119701281427,2837,10
102.307891682837,18.5640528088538,2838,10
102.590671190331,18.9865568528824,2839,10
103.250412763885,19.307097680931,2840,10
102.50335686552,19.15984802577,2841,10
103.112840787394,19.1797262774751,2842,10
102.612571087317,19.1654186208314,2843,30
102.952642400709,18.9709870715413,2844,30
103.051755576345,18.5052971888683,2845,10
103.183782130814,18.5686594551653,2846,10
103.33382214723,19.2776800162098,2847,30
103.353448101666,18.8023603594312,2848,10
103.230995684793,18.9284406038719,2849,10
103.218810777685,19.3431123356599,2850,40
102.619926435194,19.487706777404,2851,10
103.480739992497,19.3411340490304,2852,10
103.008137972144,19.1471134403501,2853,10
103.26423034556,18.7986505579331,2854,10
102.277276888532,19.0281568536008,2855,10
102.737156714544,19.1667733883072,2856,10
102.766295748512,19.0723213583635,2857,10
103.112561103801,19.1660013245748,2858,30
103.227175248533,19.1695868826766,2859,10
102.427030112392,18.6208469055547,2860,10
103.198147914441,19.1163665516243,2861,10
102.509575200094,18.5549170608979,2862,30
102.407064602614,18.752466492131,2863,10
102.518889588575,18.6922868712962,2864,30
102.742255824481,18.9643261701761,2865,80
103.407764129412,18.8564619148292,2866,10
103.445864915987,19.3454333030835,2867,10
103.049751455809,18.8764851917346,2868,10
102.84580865461,18.5895402726902,2869,10
103.182319959101,19.1531559201087,2870,10
102.899623275898,18.9820662931417,2871,10
102.434762983345,18.93117987753,2872,10
103.324152382221,18.9478442556774,2873,10
102.345935000814,18.846270411342,2874,10
103.116548247607,19.1914640974004,2875,10
103.443904877259,18.6315401061603,2876,10
102.513309136092,19.2558767195387,2877,10
102.377504951236,18.7283798460322,2878,10
102.513051941265,19.3506778846534,2879,10
102.355186989265,19.0712972609871,2880,10
102.327244113759,18.6558506007615,2881,10
103.391856355141,18.8745957762734,2882,10
103.027051024501,18.617885020518,2883,10
102.849309749978,19.1196341228925,2884,10
103.156053927556,18.9674195917777,2885,10
103.456130681361,19.1730980217543,2886,10
102.251014819647,19.2925279224817,2887,10
103.017854014929,18.5818572176532,2888,30
102.833816628094,18.8135646076272,2889,10
102.609710758542,19.1118537647572,2890,10
102.720284659672,18.5699813924226,2891,80
102.846088440866,18.7152890347552,2892,10
102.619640386004,19.0385271547492,2893,10
102.325556303577,18.6846522641144,2894,40
103.338248427366,19.3084098001656,2895,10
103.372317747597,19.2419980962864,2896,10
102.823191079899,18.9729357364447,2897,10
103.421098485657,19.1749715998101,2898,10
102.610983824076,19.2650193385718,2899,10
102.892898499937,19.3339846631301,2900,10
103.077759092267,18.6514789488033,2901,10
102.399258795877,19.0333009168186,2902,10
103.432387292726,18.7520883123499,2903,10
102.50095869615,19.1053814252271,2904,30
102.299998194448,19.3885232617252,2905,10
102.736280310101,18.7292493330092,2906,10
102.675937042155,18.8729997321945,2907,10
102.376735163381,19.241692306963,2908,30
102.807975728694,19.348853959312,2909,10
103.270913506852,18.9603309191817,2910,40
102.76493783992,19.3664048951708,2911,10
102.590970849879,18.9603572509252,2912,10
103.235301109913,18.6021365965383,2913,10
103.218044763297,19.1379384385475,2914,10
103.027662981801,19.3364513613694,2915,10
102.314070042354,18.5857545078098,2916,10
102.408151352075,18.8461316430837,2917,10
102.78931910215,18.6604467014583,2918,10
102.899642915529,19.4043162141124,2919,10
102.283411081884,18.9922166883361,2920,10
103.351557917908,18.7032181966849,2921,10
103.182943943833,19.2594915843154,2922,10
102.87431210876,18.713649489981,2923,10
102.807770662927,19.4736714879423,2924,10
103.072150598309,18.8948750878101,2925,30
102.88486365488,18.5626042668182,2926,10
102.7267431069,18.733394279091,2927,10
103.498062060326,19.3068418223509,2928,10
103.389932231702,19.0802732693306,2929,10
102.691271163045,19.3769848190087,2930,10
102.588672540917,18.5739606240495,2931,80
102.865010519748,18.7171614846965,2932,10
102.775585964635,18.5141392328321,2933,10
102.542146685756,18.749293182749,2934,10
102.823888197164,18.9223055482916,2935,10
102.60380777285,19.0687222791397,2936,10
102.498461271897,18.7878942866575,2937,10
103.296000273329,18.7612020811363,2938,10
102.576291939449,18.5920984637803,2939,80
103.061311032881,19.5008107030596,2940,10
102.998666185674,18.976300755185,2941,10
102.868084179082,19.1125763438359,2942,10
103.311953619602,19.3338221944192,2943,10
102.634225402722,19.3460303829814,2944,10
103.120103912401,19.3419842989509,2945,30
102.596003910012,18.9942084800071,2946,10
102.828033627367,19.1522768805503,2947,10
103.454616406574,18.9326430606768,2948,30
103.054515351113,18.5031544568614,2949,10
102.815603504849,19.2121801590541,2950,10
103.095066638265,18.6599077796058,2951,10
102.616745748367,18.9484327213333,2952,10
102.495074175393,18.7029215549736,2953,10
103.173945562375,19.2213292685285,2954,40
103.103758129891,19.4431107450294,2955,30
102.564463365099,18.654595014291,2956,80
102.41386930481,19.1600800155066,2957,10
102.978806699884,18.6164870008586,2958,10
102.994836842532,18.7097605462308,2959,10
102.327120143871,18.552483552386,2960,40
102.341479381374,18.9316344531192,2961,10
102.647496794231,18.7409319454181,2962,10
102.341286649216,18.8374567600916,2963,10
102.611788820491,18.7251990250851,2964,10
102.314893945495,18.5224868967635,2965,10
103.298685335854,18.5519161294686,2966,10
103.419040177729,19.4598960507167,2967,10
102.430937025249,19.3545035981518,2968,10
102.90408418079,18.8548470519689,2969,10
102.546846840095,18.9968166565348,2970,10
102.568957252767,18.7994445516928,2971,10
102.826246369313,19.1355070349792,2972,10
102.802390312292,19.088985363163,2973,10
103.18725397908,19.2155947727069,2974,40
102.605121547965,19.212152374264,2975,10
102.315379131939,18.5421708419899,2976,40
103.168318507107,19.085775358864,2977,10
102.755418348144,19.2719978265068,2978,10
103.368098021553,18.944726804002,2979,10
103.434765940903,18.8835670704863,2980,10
102.307440007538,18.7488999139967,2981,10
102.301373353819,18.6870270689486,2982,10
103.458226906945,19.3174192916781,2983,10
102.374159858641,18.8764107150418,2984,10
103.152605459734,18.9537255515475,2985,10
103.181849236369,18.5669101418996,2986,10
102.777221675603,18.865026227397,2987,80
102.578501116529,18.7532758352078,2988,10
103.056523008752,18.5826544903064,2989,10
102.602666761287,19.1035933633653,2990,10
102.701280859042,19.3190957154636,2991,10
102.270507752955,18.5566564493484,2992,40
102.849295830554,19.213110163652,2993,10
102.919301412064,19.0403068562625,2994,10
103.136111674155,18.8112256351132,2995,30
103.383952695446,18.5487813262573,2996,10
102.382304443259,18.5612398655278,2997,50
102.49720299926,19.1993723117273,2998,10
103.099955968232,18.9870068485829,2999,10
102.842984241461,19.174625168822,3000,10
102.444206473983,19.4802446400333,3001,30
102.611405321675,19.1332744104955,3002,10
103.075214082758,19.3913514982146,3003,30
102.892482357539,18.7621256894446,3004,10
102.593625426933,18.5441045052325,3005,40
102.460325573075,19.1133517413775,3006,10
102.437541121608,18.8005605564584,3007,10
102.555781500485,18.5956106630014,3008,80
102.892789817949,18.9659693776345,3009,10
103.086551978877,19.2327190985665,3010,30
102.504861005617,19.2717023570688,3011,30
103.459617538777,18.5332585471365,3012,10
102.637036835667,18.9056920800715,3013,10
102.354894091074,18.6764688319622,3014,10
103.110283757224,19.2345083746802,3015,10
102.712913155108,18.8647316984549,3016,10
102.919451051233,18.9727128022564,3017,40
102.72725092941,18.6770401783,3018,80
103.453904122949,18.7090899006882,3019,10
102.832691784907,18.6679580863984,3020,10
103.088921680882,18.5372466621781,3021,10
102.261202536333,19.3318303153177,3022,10
103.427488479241,18.8337648757471,3023,80
103.410064493747,18.5106573496017,3024,10
103.357891938591,19.0598510369213,3025,10
102.748051314749,19.0709488931725,3026,10
102.942674884536,18.5156352691108,3027,10
102.504556158782,19.3357000750507,3028,10
103.203358498869,18.7328432791239,3029,10
103.085832888273,19.2001934856978,3030,10
103.156150451313,19.4002332943975,3031,30
103.028725314926,19.2028712093573,3032,10
102.428766498524,18.5453665444211,3033,30
103.14950255726,18.7793631573443,3034,10
102.269454083325,19.3693096070009,3035,10
103.308875400265,18.6058339090879,3036,10
103.016064172637,19.1246021890392,3037,10
102.484366259298,19.4781922364767,3038,10
103.266665800795,18.7851661509737,3039,10
102.512178998318,18.6421898847589,3040,10
102.958559694107,19.0589479290618,3041,10
103.363150772621,19.3008097629541,3042,30
103.403977038988,18.8942520009649,3043,10
103.070262891451,19.2784306651791,3044,10
102.48124940771,19.1498595667907,3045,10
102.415629247787,19.4660280518821,3046,10
102.342052437225,19.3562482004921,3047,10
102.986641265853,18.7728824958802,3048,30
103.233941226766,19.389179066993,3049,10
102.877261471621,18.9472869912252,3050,30
102.754690556253,19.1386714413129,3051,10
103.219102041439,18.6200915163835,3052,10
103.024869440741,18.8421969514415,3053,10
103.257951870165,18.7568572921144,3054,10
103.293368049892,18.8414528470264,3055,10
102.819166182376,18.6934444997574,3056,10
102.436142103543,18.5622338762129,3057,10
102.53573158285,18.5162484811343,3058,10
102.990670258856,18.8802870298426,3059,10
103.223849249934,19.0619407104157,3060,10
102.346101916113,19.224763198475,3061,10
102.852697943791,18.7023993176464,3062,10
103.361237858907,18.5120853110718,3063,10
103.053485449711,18.5868264193105,3064,40
103.154102326797,19.1415550922518,3065,10
103.433538210164,18.5704500118046,3066,10
102.810481118757,18.9460710193537,3067,10
102.605620380904,19.2664684214042,3068,10
102.299379508201,18.9183981972884,3069,10
102.729388093373,18.9977578515042,3070,10
102.434382385948,18.7798886237582,3071,10
103.125218643032,19.0310236498914,3072,10
103.094570435754,18.6666998034754,3073,10
103.452614183646,19.0747516422831,3074,10
102.381901354523,18.8199097691085,3075,10
102.251149756628,18.884337763348,3076,10
103.054658911372,18.5508209275445,3077,40
102.401353755552,19.2719345298914,3078,10
102.28421248509,18.9431916908462,3079,10
102.544477305183,19.1652636246536,3080,10
102.39793388171,18.5345756513856,3081,10
103.459246289327,18.7800405690359,3082,10
102.411030659198,18.7942800239869,3083,10
103.25165065043,18.96616827196,3084,10
102.867829552223,18.7547605882664,3085,10
103.147611155694,18.7491737579449,3086,10
103.295207936922,18.5461152739957,3087,10
102.558511557975,18.9716329591521,3088,10
102.525840607798,19.4720497803742,3089,30
103.442474453073,19.310197249462,3090,10
102.459187092073,18.7886179979962,3091,10
103.448442772564,19.0657807816114,3092,10
102.980798756021,19.359064681018,3093,30
102.379823636746,19.1800932035613,3094,10
102.545959458164,18.7758533084532,3095,10
103.050218080851,18.8284673700345,3096,10
102.664160262863,19.0874473514002,3097,10
103.367206440114,19.044697196587,3098,40
102.750971404013,18.6222917800351,3099,10
103.265022801585,18.5795782313434,3100,10
103.440035701814,19.2939382192993,3101,10
103.128814029863,18.5098720001409,3102,10
102.454893392406,19.4165776354711,3103,10
103.171452344924,18.8671398093398,3104,10
103.364572488748,18.7806345009931,3105,10
102.433634323584,18.5578936983606,3106,40
103.276380227443,18.6537284455173,3107,10
102.488832581908,19.0824045612513,3108,30
103.005656998759,18.576601732871,3109,10
103.067960264404,19.0079787919526,3110,10
103.247858927136,19.3214015099818,3111,10
102.852422993402,18.8404845381909,3112,10
102.963858268016,19.3379526593507,3113,10
102.77771724873,19.0343313661516,3114,10
102.251253039829,18.796485785069,3115,10
102.427592602575,19.3493980261473,3116,10
103.214291205216,18.5913288854312,3117,10
102.444202561751,19.2463846188992,3118,10
103.064410171048,18.6345704806983,3119,10
102.778076090487,19.4054609143927,3120,10
103.32720650071,19.0805696292479,3121,10
103.418871272851,19.0186859256862,3122,30
103.104952051205,18.6825669524158,3123,10
102.535904613761,18.8175783557057,3124,10
103.411918327395,19.4703687688703,3125,10
102.374634388351,18.8883783545214,3126,10
102.940904027291,19.3961640405935,3127,10
103.295592889765,19.209530361364,3128,10
102.60020628251,19.1765246711173,3129,30
103.456592768003,19.0323299086923,3130,10
102.597274842078,18.6020457934635,3131,30
102.260450007193,19.3358590017855,3132,10
103.439702891529,19.1072915317671,3133,10
102.340154859464,19.217018674947,3134,10
102.315466329438,19.1096838631345,3135,10
102.986355656874,19.0215864002298,3136,10
102.411046114963,18.6681087767589,3137,10
102.495918763553,18.9068145755811,3138,10
102.886057655365,19.2010621428414,3139,30
102.344994836013,18.6952429910235,3140,10
102.420083887067,18.7738969303648,3141,10
103.312926524227,18.8319133600575,3142,10
102.260559417369,19.4645021635034,3143,10
102.509871565191,19.2366684670548,3144,10
103.129602249987,19.4205017508755,3145,30
102.860629402657,18.6849885376718,3146,10
102.432568679402,19.1212814219106,3147,10
102.358974719606,19.2684124747144,3148,10
102.458208799706,18.5436158341335,3149,10
103.086645517184,18.8495366681448,3150,10
102.598391637142,19.2650993086521,3151,10
102.514548585131,19.4993108621029,3152,30
103.362913431652,18.6671247850502,3153,10
103.043034115291,19.2437183957333,3154,10
103.040970009663,19.1688925513919,3155,10
102.765339569364,18.9661254916356,3156,10
103.494310843001,18.8117605697372,3157,10
102.899388067476,19.4360921334032,3158,10
102.618097068286,18.6729956467635,3159,80
102.801124850096,18.5489747838249,3160,10
102.743399678551,19.1470449891422,3161,10
102.413034026892,18.9413114064073,3162,10
102.272177950704,19.395548345305,3163,10
102.950887711181,18.9720181074492,3164,40
103.168862537751,18.9561626074043,3165,10
102.881515234603,18.7668117140911,3166,10
102.92909989682,18.7833664530083,3167,10
102.45497337576,18.5368261150846,3168,10
102.364640498095,19.0580493109994,3169,10
103.331756936322,18.9901670242934,3170,10
103.474344231036,18.9874639898247,3171,30
103.299252891906,18.6424864199538,3172,10
102.55168216232,19.4652515136675,3173,10
103.10382799987,18.9100230157512,3174,30
102.709319939498,19.3271832900955,3175,10
103.492760813891,18.8503639682651,3176,10
102.658811508651,19.3372668266408,3177,10
103.406995478419,18.8410174982847,3178,10
103.150273868128,19.0512828432925,3179,10
102.638421795935,19.2535463709131,3180,30
102.651629903401,18.6123369195795,3181,80
102.786840379115,18.7669128020917,3182,10
102.520090565052,19.4088146265532,3183,30
103.479084995074,19.0262076100506,3184,10
102.966949437635,18.8637976938709,3185,10
102.645327006105,19.1813517435309,3186,10
102.253943796969,18.5117637580733,3187,10
102.615339332854,19.2456105724916,3188,10
103.330960234263,19.2372305521247,3189,10
103.395483799816,18.5917538754553,3190,10
103.010797243785,18.5855147912433,3191,10
102.88830121259,19.2709819211122,3192,10
102.962871671535,18.9410425576453,3193,10
102.731067303708,18.7163128002547,3194,10
102.745459486696,18.934632745792,3195,80
103.036001471375,18.9210499207253,3196,30
102.90292475159,18.8008199902157,3197,10
102.891151681623,19.4168940617963,3198,30
102.821774610075,18.5063471517132,3199,10
102.532747161931,19.3091140163194,3200,10
102.594350133017,19.1077205450856,3201,10
103.319619635324,19.4605389773081,3202,10
103.182056165839,19.2206414778049,3203,30
102.266264358728,18.8301396604942,3204,10
102.869875728733,18.5001310749028,3205,0
102.460332934934,19.3909115569241,3206,10
102.459862148495,19.4124690842293,3207,30
103.455279651622,19.4290793168917,3208,10
102.514460356683,19.0256128076266,3209,10
102.483111016713,19.3615602612978,3210,10
102.598571255565,19.3580993855038,3211,10
103.336998906969,18.8817837893542,3212,10
102.822211279918,18.662557911487,3213,10
102.498945507275,19.2865005706096,3214,10
103.073926313834,18.8850252108489,3215,30
103.179071451776,18.8007745304798,3216,10
103.322552135713,18.7064945698923,3217,10
102.620354480579,19.3861466676545,3218,10
102.347134560339,18.5980951306642,3219,10
103.054553045057,18.9820499002839,3220,10
102.738274834469,18.9160059125249,3221,80
103.295259886769,19.3624480901745,3222,40
102.293387950717,19.3821820735373,3223,10
103.37281083674,18.9006901463062,3224,10
102.378762204933,18.7837918521154,3225,10
103.483703015357,19.4444153141571,3226,30
103.020119989306,19.0432958113834,3227,10
102.642698677306,19.1731241032789,3228,10
102.934518098375,19.3323181273893,3229,10
102.777291494429,18.743300147028,3230,10
103.156101868224,18.6984851766989,3231,10
103.154393742208,19.155271217767,3232,10
103.229323154022,19.113955401118,3233,10
102.650159395209,19.0584716949891,3234,10
102.555559018656,19.2435586108045,3235,10
102.29294689459,18.7491963175005,3236,40
102.616989074528,19.4814844330199,3237,10
103.363024043971,18.525804387988,3238,10
103.032921666754,19.1902387963203,3239,10
103.400078447134,19.025766150249,3240,40
103.310390343087,18.9215955742381,3241,10
102.510179332116,19.2168234800953,3242,10
102.515941487389,19.2174337606245,3243,10
103.235054483782,19.4772584802643,3244,30
103.266344585951,19.2096507834877,3245,10
102.966809648075,19.3381258010946,3246,10
103.231227758667,19.188235512869,3247,10
102.306619108338,18.5299620768424,3248,10
102.356932305739,19.2186142805907,3249,30
102.997255647132,19.1497783994071,3250,10
103.352771563312,19.1201176693863,3251,10
103.196954874844,18.9629416792256,3252,10
103.094473195998,18.7052812261903,3253,10
102.854617805775,18.5195741195651,3254,10
102.728525266015,18.6736123262741,3255,80
102.712085662577,19.1923311381312,3256,10
102.640135983385,19.2596502048788,3257,30
103.22712765504,18.7321407040413,3258,10
102.461219408251,18.7620961329035,3259,10
103.136094036499,19.4515050254564,3260,30
103.122852869627,18.6700235820597,3261,10
103.224059999505,18.5883728449127,3262,10
102.850253454993,18.7299199760933,3263,10
102.903232908496,18.915841296574,3264,30
102.827389970935,19.4430580887776,3265,10
102.355367723057,18.8308797570339,3266,10
102.265504591211,19.0844585662696,3267,10
102.68332725136,19.4556338996774,3268,10
102.548082398273,19.0592437213808,3269,10
102.918390628697,18.6864883792571,3270,10
103.159526851916,18.7248245732129,3271,10
102.402177146814,18.6378784824608,3272,10
103.322017922084,19.3875578196205,3273,30
103.056035299829,18.620755623966,3274,10
102.711582187595,18.5194522144868,3275,10
102.90135657661,19.0120695481707,3276,10
102.781265919823,18.6484647038239,3277,10
103.205012154953,19.3864324572485,3278,30
102.8464693535,19.4769512047841,3279,10
102.464285032724,18.5073090482384,3280,40
103.164327526357,19.0777258018637,3281,10
102.907715828064,18.6938657420699,3282,10
103.481343990647,18.8914874418779,3283,30
103.479286726265,18.8183981052067,3284,10
102.660433640434,19.3300092792863,3285,10
103.376595663274,19.4760640159243,3286,10
102.371534514992,19.0171021514116,3287,10
103.10442450191,18.9095752574943,3288,10
102.536776855448,19.4333923676395,3289,10
102.566743375449,18.5288489655482,3290,80
102.818286813303,19.2406675512263,3291,10
102.321870580229,18.6509585877021,3292,80
102.699846114739,19.001447788239,3293,10
102.723562868033,18.9082312259864,3294,30
103.397794860194,19.1982524052617,3295,30
103.484087144311,19.4008072449514,3296,30
103.304319473841,18.8880580066832,3297,10
102.737285389264,19.2416572800034,3298,10
102.359881641124,18.5838151386734,3299,10
102.970409139292,19.4035470972055,3300,10
102.399542029706,18.6142961881119,3301,10
102.800932312856,18.6524304059653,3302,10
102.912633171496,19.4248299325011,3303,10
103.225381398288,19.0500964282271,3304,10
103.217990788617,18.6575261066368,3305,10
103.350593314454,18.7526237234237,3306,10
102.926334924794,19.1693424001555,3307,10
103.03413308956,18.884206564173,3308,50
102.266133089393,19.0676821692204,3309,10
102.525528667327,19.3441943974467,3310,30
102.553053059088,18.8530502171258,3311,10
102.522110874142,19.0045216827083,3312,10
102.272617166641,19.0463917976609,3313,10
102.652219761289,19.3784671312668,3314,10
102.316649699904,18.8032810035926,3315,10
102.395815175545,19.312598245777,3316,10
102.77525086976,18.7283358066983,3317,10
103.123619541093,19.1418405461459,3318,10
103.287683926308,19.139855733242,3319,10
102.966451997053,18.8451651768064,3320,40
103.122678418152,19.2608092959325,3321,30
102.409377099557,19.2291779579753,3322,10
102.335388582606,18.8622288011792,3323,10
103.060028740037,18.9497917710261,3324,10
103.31647797507,18.6407011566306,3325,10
102.875193551111,18.5827232419401,3326,10
102.937398757778,19.3000472891894,3327,10
102.649404673951,18.927117334955,3328,10
103.120130908829,18.5863060283248,3329,10
103.259179425344,19.1823218003599,3330,40
102.955825538428,19.2265961403654,3331,10
102.979561508307,18.8568404113878,3332,10
103.487910309595,19.1992360367329,3333,30
102.983097724457,18.5155870091267,3334,10
103.343390914878,18.5866690988634,3335,10
102.867929323922,18.7361872735691,3336,10
102.571443995377,19.4529439406755,3337,10
102.447681585456,18.7292093932881,3338,10
102.900329436774,19.4674004138418,3339,10
102.771753875725,19.3115341403219,3340,10
102.342261779201,19.0315146336213,3341,10
102.539927847596,19.3475378135504,3342,30
103.365501047785,19.2040793770437,3343,10
102.714902713837,18.7007954206804,3344,10
102.412245510715,19.3269753316602,3345,10
102.505411025408,19.2770049486319,3346,10
102.438796426845,18.8995081254384,3347,10
102.966207034155,18.7190041719161,3348,10
102.906580119112,18.9314976380999,3349,10
102.314415365176,18.8147674159705,3350,10
102.603208430282,19.2319137519298,3351,10
102.565268695295,18.6998345807379,3352,10
102.398078111876,18.8690178050557,3353,10
103.129938851471,19.3800920359594,3354,30
103.246945994291,19.3592441668002,3355,10
102.392112889641,18.6189362368239,3356,10
102.74729394112,19.0493788491306,3357,10
102.908000491139,18.7420967134147,3358,10
103.489090774088,19.1904242742931,3359,10
102.657953841808,18.6488836604218,3360,10
102.890413077516,18.9490571436041,3361,10
102.316429132941,18.9802757700518,3362,30
102.809734958384,18.6305357995387,3363,10
102.479091836333,19.3147991730907,3364,30
102.974120900421,18.9272238680757,3365,10
103.453663570589,19.4777223556516,3366,10
102.287351556132,18.6606390957368,3367,10
103.281263379482,19.0304400321714,3368,10
102.401587711798,19.4266791658011,3369,10
103.390382152554,18.857120951184,3370,10
103.118992584512,18.7097476867979,3371,10
103.010347743267,19.260202133385,3372,30
102.842896769694,18.8196932287948,3373,30
102.63769356754,19.0297251987691,3374,10
102.553780078413,19.4368019303502,3375,10
102.389321254989,18.5921260450613,3376,10
102.339905798579,19.4681300303885,3377,10
103.498159939553,18.8478636720441,3378,10
102.378291613635,19.1699395248561,3379,10
103.491073367998,19.2436073287116,3380,10
103.157609204026,19.0468741936104,3381,10
102.972585540451,18.6358004585139,3382,10
102.454578128853,19.1739115702564,3383,10
102.6390749626,19.4367416497774,3384,10
103.314395823173,19.2064521200476,3385,10
102.533076001616,19.2248536879979,3386,10
103.378244499593,19.1230052536374,3387,10
102.252132014193,18.9178755414636,3388,10
102.825041524794,19.3826568327422,3389,10
102.456661702542,19.2241991380542,3390,10
102.600784140105,19.0865728717057,3391,10
103.12741148403,18.6510511604952,3392,10
103.248388636306,19.4718327581219,3393,10
102.5209692901,19.1493177087681,3394,10
102.733606087187,18.7627302417679,3395,10
102.443259449759,19.3637515404636,3396,10
102.87890583281,18.5019630883419,3397,10
102.646020146531,18.9045866367486,3398,10
102.862638392765,19.4881253023271,3399,30
102.704750742654,19.0342527030514,3400,10
102.470250143874,18.7658041837043,3401,10
103.338925848901,18.6534634337284,3402,10
103.112168409475,19.1016497220363,3403,10
102.290290458571,19.3645013998996,3404,10
102.551401744592,19.1191763661059,3405,30
103.089478312631,18.8084152234503,3406,10
102.27021207939,18.9476341528864,3407,10
103.19219423608,18.8521303647304,3408,10
103.366915956048,19.3762321125976,3409,10
103.008487056252,18.7452446949904,3410,10
103.001255819503,18.8456819831925,3411,10
103.199745725051,18.9200068406375,3412,30
102.43940156799,18.7840273467521,3413,10
103.065671368159,18.7294989447394,3414,10
103.462315923502,19.2277205704832,3415,10
102.481071389386,18.9679979153833,3416,10
102.347178388848,18.7663444706695,3417,10
103.139730799332,19.1190643015188,3418,10
102.910112836522,18.8149404957574,3419,10
103.054612382726,19.107102910159,3420,10
103.36085883446,18.5633371168172,3421,10
102.922491905584,18.9304325677168,3422,10
103.325217073196,19.3664693480622,3423,40
102.752406553493,18.6201368602559,3424,10
102.699576162728,18.8572929576211,3425,10
102.314665742827,19.3347641633527,3426,30
102.253085364143,18.7157563944394,3427,10
103.281801646461,18.9165153549217,3428,10
103.26981449262,19.1721535556296,3429,30
103.090334472759,19.1177097573225,3430,10
102.644793043025,18.7701739458079,3431,10
103.186825645669,19.4624418272125,3432,40
102.780565646402,19.4871222746699,3433,30
103.124746773193,18.8945790082733,3434,10
102.975027629862,19.4694675671886,3435,10
102.720656242464,18.6880240884883,3436,10
102.400055311747,18.5192592503791,3437,30
102.814302767741,19.2675604173852,3438,10
103.132650165201,18.6957545231839,3439,10
103.00664335766,19.3372086913421,3440,10
102.735182527441,18.5131314811054,3441,10
102.37107404635,18.5781012187219,3442,10
102.86516755872,18.7177984248219,3443,10
102.851408505832,19.4379841420317,3444,10
103.008928360637,19.4529790855179,3445,60
103.275323803846,18.5159566698027,3446,10
102.729383098203,19.3349897727777,3447,10
103.252018310789,18.6307989852423,3448,10
103.317241929274,19.1707255438459,3449,10
102.855249270778,19.3099931309385,3450,10
103.475953025886,18.5732713569202,3451,10
102.942862081958,19.317282990347,3452,10
102.633164702763,19.0561330912976,3453,10
102.541314893408,18.6772026463457,3454,80
102.850698801573,18.9953171741791,3455,10
102.893329985949,19.2295781420057,3456,10
102.475688981961,19.2498718050561,3457,10
103.290631961811,18.9270476516726,3458,10
102.276359259581,19.2587750031227,3459,40
103.346534924732,18.6607989677489,3460,10
102.746468518635,18.5102493492414,3461,10
103.433969996421,18.8991133749835,3462,10
103.068040525,18.9809931086033,3463,10
103.429928388003,18.9007721211651,3464,10
103.475790405791,19.3438366020355,3465,30
103.254432840703,19.4220428003044,3466,10
102.696769732496,18.9141602187819,3467,10
103.439194300226,19.0766784087831,3468,10
103.322194120792,19.312918140636,3469,10
102.658495383542,18.9053508339752,3470,10
102.532113228123,18.5321563607626,3471,10
103.190080770292,18.5283556332022,3472,10
103.426011082872,18.613202054346,3473,10
102.274942580265,18.8815794616823,3474,10
102.704192176698,19.0716915476138,3475,10
103.1624884271,18.9825458324265,3476,10
102.98975840409,18.6445011668852,3477,10
102.385362426662,18.7521690849513,3478,60
103.295990712425,19.4920425106503,3479,40
103.238531099437,19.3971879395433,3480,10
102.867124762286,19.2431211038311,3481,10
103.427374511883,19.2686248433968,3482,10
103.291305374468,19.3612691080474,3483,40
102.925470162668,18.6852400688415,3484,10
102.494558687682,19.3473273090985,3485,30
102.367795048986,18.6929709442868,3486,10
103.141877564966,19.3857262676919,3487,10
102.99062630207,18.5855099256837,3488,10
103.027519017723,18.538112450165,3489,30
103.185763187184,18.8326665590605,3490,10
103.224508657229,18.7809647930782,3491,10
103.279437514275,19.100202937058,3492,10
102.658048492283,18.894818290336,3493,10
103.473842228559,19.0471432555622,3494,10
103.024929928304,18.5818633885423,3495,40
102.295675486184,18.9040515112498,3496,10
103.330930307141,19.2067027347838,3497,10
102.921827410576,19.0169981225074,3498,10
103.044167552837,18.8749735144682,3499,10
103.307581773077,18.8365945146648,3500,10
103.340578948945,19.3400229972352,3501,10
102.289728569536,18.7684974146624,3502,40
103.415633409831,18.8712176692617,3503,10
103.32296622364,19.2247247716679,3504,10
102.427221741307,18.754054828193,3505,10
102.735487793711,19.0476851096515,3506,10
103.089231344735,19.0523058553075,3507,10
102.5972718079,18.8129359215582,3508,10
103.254280235647,19.1854780775666,3509,30
102.988373588004,18.7743741972213,3510,30
103.348463360345,19.255468764127,3511,10
102.716645213342,18.7969108057242,3512,10
102.939599868148,18.5939621930084,3513,10
102.994734342464,19.0701076905665,3514,10
103.339402288266,19.0042432235234,3515,10
102.776267569436,18.7747820967718,3516,80
102.585784629797,18.5236576542343,3517,80
102.318677876477,19.0181046265426,3518,10
102.530411785561,19.2726873882389,3519,10
102.63274335028,18.7134296960251,3520,10
103.022904309342,18.8682393104099,3521,10
102.626406117433,19.2237506808394,3522,10
102.439578687648,19.2302481468116,3523,10
103.483991238743,19.4511009717711,3524,10
103.45419373434,19.3858456946923,3525,10
102.639382613198,19.2753946278717,3526,30
102.633170785545,18.7227636375832,3527,10
102.585363630139,19.2224096645527,3528,10
102.838992224392,19.3526532173746,3529,10
102.257633125321,18.6516856844664,3530,10
102.520878008481,19.2135397679045,3531,30
102.698644106175,18.8855929199853,3532,10
102.471257370967,18.7208192874712,3533,10
102.704721879355,19.2566543870443,3534,10
103.492212886601,19.4615466621827,3535,10
102.614180944921,19.2075430524592,3536,30
103.425624048809,18.8231254303676,3537,80
102.565401912784,19.4920644268484,3538,30
103.482600915364,18.8928180569634,3539,30
102.379488872592,19.2066254431068,3540,10
102.349558849921,19.1280222937932,3541,10
103.256094456262,18.8244146681246,3542,10
102.39343328277,18.8961907148877,3543,10
102.995381373777,19.1519808686137,3544,10
102.285787372195,19.3685769705366,3545,10
102.255590176603,19.3076629630551,3546,10
103.433817861921,18.6368327329159,3547,10
102.725369661221,18.9674204643403,3548,10
102.940739944583,19.0882975016904,3549,10
102.436401819514,18.6081245407897,3550,10
102.422271284326,19.1774191860032,3551,10
103.071453609223,18.7979008092806,3552,10
102.798424647837,19.1436436863462,3553,10
102.25895460536,18.8006694354379,3554,10
103.384887834213,19.0267838745873,3555,10
103.244402898471,19.3147801768192,3556,10
103.050170995748,18.9612502568729,3557,10
102.964626990439,18.7955320716801,3558,10
103.426188463648,18.6232052559181,3559,10
103.13980719857,19.4943493032442,3560,30
102.571076370261,18.7243371176467,3561,10
102.277240266713,18.5475600992319,3562,40
102.632427268484,18.7490206409612,3563,40
103.05965225139,18.8022475051054,3564,10
103.494461019654,18.8709749051999,3565,10
102.578006905561,18.7342022310214,3566,10
103.499419594937,18.6523225715528,3567,80
103.059590920804,19.1560413564291,3568,10
103.305424613216,19.359989761266,3569,10
103.137494673056,19.4057362097496,3570,40
102.418944654807,19.4832586850503,3571,10
103.163208755254,18.5262369691391,3572,10
103.020232779543,18.9238088096399,3573,10
102.443954810874,19.4885691520637,3574,10
103.448047141496,18.8827927035539,3575,10
102.639097259037,19.4550589528477,3576,10
102.977994910396,18.606898523689,3577,10
103.265014640528,18.9639360644077,3578,30
103.153826297449,19.3993141135303,3579,10
102.309396251224,19.1447060595286,3580,10
102.871857960043,19.0372763107794,3581,10
102.394844283892,18.7713346510298,3582,10
103.449607525442,18.9167526156935,3583,10
102.383704333015,19.494795024465,3584,30
102.920445750818,18.6629154987884,3585,10
102.851322042449,19.0491650184894,3586,10
103.458489430165,18.6633449591051,3587,10
103.239967118571,19.3501834050115,3588,10
102.698979333445,18.985586159672,3589,10
102.387565284822,19.4876732181589,3590,10
102.750675482259,19.3100826309298,3591,10
103.372695732176,18.9774874532853,3592,10
103.322832322587,18.5956409207708,3593,10
102.531801174016,18.7807372607203,3594,10
102.988859407539,19.282225520699,3595,10
103.093135801879,19.0680273180771,3596,10
102.295925671224,19.1158185895349,3597,10
103.392337024858,18.6364421428971,3598,10
103.184680495731,18.9188485945703,3599,10
102.411350155691,18.9280042542542,3600,10
103.073809906332,19.4633355950058,3601,30
102.702462462479,19.305234080681,3602,10
103.060897088606,18.7040808477137,3603,10
103.26593286455,19.0321140588366,3604,10
102.894711280735,18.7856882676817,3605,10
102.36215566103,18.8245200971692,3606,10
103.343738303147,18.9438204349638,3607,30
102.846413599507,19.0402479275004,3608,10
102.581151375216,19.2031328402056,3609,10
103.104511542063,19.1652576610024,3610,30
102.308093365817,18.6755316552111,3611,10
103.235139774431,18.8187570492993,3612,10
103.334226104971,19.2608283913777,3613,10
103.266265678549,18.6836815724246,3614,10
103.362849682208,18.8131644762611,3615,10
103.230587699218,18.7596581251605,3616,30
102.46399418418,19.4080782880689,3617,10
102.51224740109,19.3450473405314,3618,10
102.709075362931,19.4397206601176,3619,10
103.077559689598,18.6731531976494,3620,10
102.958270785546,19.392626663099,3621,30
102.842789759232,19.2894349015359,3622,10
102.801656158024,19.2246436196759,3623,10
102.853889475011,18.6699847323446,3624,10
102.605893426867,19.1166772930608,3625,10
103.020963057591,18.5371339426741,3626,10
103.448982073977,18.5757995305691,3627,10
102.595890177094,18.9957748563399,3628,10
103.233596620136,19.2042543550428,3629,10
102.458320993845,18.7575257554289,3630,10
102.962995814902,19.2781250567612,3631,10
103.051945235181,19.3327682150382,3632,10
102.500029831495,19.2884203806274,3633,10
103.261252009197,18.9815678301776,3634,30
102.730445561011,19.2546705847914,3635,10
102.961562872762,18.9674554243651,3636,10
103.395049161938,18.5311861989863,3637,10
103.328109784127,18.6767691694752,3638,10
102.282096269522,19.3209149290476,3639,10
103.116799961455,18.6896244662315,3640,10
102.515265849609,19.2792618919103,3641,10
102.658204352406,18.645674787792,3642,10
102.526050430329,18.838936451289,3643,10
102.384558928852,19.2381856094421,3644,10
103.44844589931,19.2372543728845,3645,30
103.481631613005,19.0267180284956,3646,30
102.958239226603,19.3371015188235,3647,10
102.465372386804,18.6795960858226,3648,10
102.898192040069,18.518560743741,3649,10
102.46714093528,19.1027086307047,3650,10
102.509796933722,18.7631005867105,3651,30
103.305233422188,19.1131856891169,3652,10
103.270161791834,19.0186396486394,3653,10
102.984559232833,19.3349499410238,3654,30
102.38732474438,19.1682319591203,3655,10
102.760872054054,19.4733009946042,3656,10
102.832800446512,18.7498790711757,3657,10
102.893945010062,19.0343699140812,3658,10
102.636133963518,18.8476882761785,3659,10
102.367747680974,19.4264400318972,3660,10
103.247050460661,19.0652059440905,3661,10
102.359981522634,18.7005191367164,3662,10
103.434509359649,18.7806908540935,3663,80
102.460371433714,19.1989954951989,3664,10
102.318282061138,18.7883005157772,3665,10
103.152679400264,19.2344685167547,3666,10
102.466130341615,18.9733921069654,3667,10
103.225054273896,19.114882111375,3668,10
102.773031427198,18.9347456222883,3669,10
103.412632066577,19.3128261704667,3670,10
103.08117866597,18.7211068227541,3671,10
102.79597189676,19.3418143225161,3672,10
102.66428330659,19.1545821928455,3673,10
102.52021588698,18.9276473668226,3674,10
102.785413760683,18.9185173526508,3675,80
102.947955041197,19.0143232578327,3676,10
102.946521273393,18.7349913051921,3677,10
102.621316515744,19.3589202464476,3678,30
102.275405949063,18.8839836549801,3679,10
102.774259431981,19.0821494896248,3680,10
102.932175292001,19.002119355629,3681,10
103.095428337558,19.2537101519817,3682,10
102.447534887324,19.194658888882,3683,10
102.323718011318,19.1465241425609,3684,10
102.698269462554,19.0774001317132,3685,10
102.252966674606,18.7182694855582,3686,10
102.847776037322,18.8516427197503,3687,10
103.246571849309,18.6600357963537,3688,10
103.215989339902,19.4488084766172,3689,10
103.366924667909,19.285830625456,3690,30
102.681967419964,19.4188746341322,3691,10
102.459407202633,19.0692179436466,3692,10
102.845041971225,19.4022540664686,3693,10
103.035189342146,19.3696735425385,3694,30
103.301650228584,18.8628618347986,3695,10
102.877437397387,18.6377060544114,3696,10
103.18466292355,18.5600556829647,3697,10
102.900788512679,18.6131543196781,3698,30
102.69537299759,19.0125939478283,3699,10
103.297963806291,18.5365583559797,3700,10
103.349290457736,18.7240929814982,3701,10
102.992845657402,18.6495011642009,3702,10
102.769479580829,19.0825540319552,3703,10
102.630569388901,18.82041008769,3704,10
102.431287097103,18.844021612771,3705,10
103.17294709519,18.8207180098464,3706,30
103.025951393687,18.6428497804271,3707,10
102.79439941343,18.9928378096607,3708,10
102.70419550688,18.579155229154,3709,80
102.946198429977,19.4547976703601,3710,30
103.310835715808,18.9619245980684,3711,40
102.487447571648,19.0644433512674,3712,10
103.345394170517,18.9125087156282,3713,10
102.652502815758,18.9832453571722,3714,10
102.334412130483,18.7046331715289,3715,10
102.314772359293,19.1110681494338,3716,10
102.582242131312,19.0562150924817,3717,10
102.509874336384,19.4453294736241,3718,10
103.303792470591,19.421398602604,3719,30
102.912437847157,18.5240530793902,3720,10
102.822201694086,19.0371206963446,3721,10
102.476869326216,18.9482255452147,3722,10
103.383934906289,18.7302757516573,3723,10
103.489741466135,18.8435063163991,3724,10
102.600070313348,18.9683395576441,3725,10
102.84077056047,19.1988172783538,3726,10
102.524729379975,18.7153993389332,3727,80
102.956476444049,18.741978350346,3728,10
103.074464164526,19.2044787539275,3729,30
102.548180065223,19.0936153080547,3730,10
102.575860186781,18.9184481569166,3731,10
103.301938733772,19.4636826949705,3732,10
102.335738695409,19.2220066923105,3733,10
103.449027906413,18.5281575725602,3734,10
102.299811912694,19.1610182329808,3735,10
102.575980669683,18.5704048842723,3736,80
103.214462243173,18.6091411650287,3737,10
102.706350206235,18.5077355015151,3738,10
103.188988356077,18.7624708350665,3739,10
102.45032775916,18.7353152232495,3740,10
102.651997059439,18.8149016142812,3741,10
102.649685263339,19.4048060091841,3742,10
103.310451356278,19.3152565339712,3743,10
103.081318321908,19.1321465590059,3744,10
102.891324442653,19.4915718913182,3745,10
102.474288160778,18.8682669833016,3746,40
102.991194037914,18.6204524219133,3747,10
103.127000052416,19.140693757389,3748,10
102.292291986732,19.4181706348521,3749,10
103.145478680908,19.4261903722917,3750,30
102.329130096258,19.3409341807052,3751,10
102.617046740435,19.199867165448,3752,30
103.337187674729,19.4930107876671,3753,10
103.500037562081,19.0000862746855,3754,10
102.668386513228,18.6925927767288,3755,10
102.291891595864,18.9306944486832,3756,10
103.071045243716,19.3930719429272,3757,30
103.283071895906,18.9391698858893,3758,10
102.270406680121,19.320946450291,3759,10
102.940744677246,19.1155281908542,3760,10
102.400785785919,18.5801862636564,3761,40
102.577661473202,18.7410349140718,3762,40
102.322490035692,19.1197633084912,3763,10
103.132914115727,18.684138998421,3764,10
103.487575379975,19.3038829182855,3765,10
103.095111848475,19.2649792026493,3766,10
102.531334920481,18.9343198730346,3767,10
103.272411780015,19.1293073416937,3768,10
103.235959051238,19.1986416663742,3769,10
102.764884879806,18.6081216208863,3770,10
102.962503242464,19.3582418745523,3771,10
102.94149157169,19.1410512312409,3772,10
102.453883068314,19.1850635615293,3773,10
103.126294831497,19.313770495414,3774,30
102.658293729358,18.9172788385869,3775,10
102.360455829951,19.3272842004494,3776,10
103.118136639421,19.3657745639906,3777,40
102.48788572338,19.172365097257,3778,10
103.444981144096,18.7360258138044,3779,10
103.021997975243,18.7276025118747,3780,10
102.666744469416,19.2313939468396,3781,10
102.800009676447,19.1894675398757,3782,10
102.992422441571,19.2830874976757,3783,10
103.321985745963,18.7416335473179,3784,10
102.449874289024,18.6929166181139,3785,10
102.569400860142,19.0882168472795,3786,10
103.072128964342,19.4524532410674,3787,30
102.779012511375,18.5829989775979,3788,10
102.950714998406,18.8698968089283,3789,30
103.495766230374,18.9069844067877,3790,10
103.402079832487,18.5030993008156,3791,10
102.902030795952,18.8977797998585,3792,10
102.429262997957,19.4096408067582,3793,10
102.342041141249,19.0727992738246,3794,10
102.937519440713,18.8981710847582,3795,10
102.296271291238,18.8383926531373,3796,10
102.533712595222,18.6308141266162,3797,80
102.937559673554,19.2850311426083,3798,10
103.039049515944,18.7077960540198,3799,10
102.574919124553,18.9271941286867,3800,10
102.309822409863,18.5200128444619,3801,10
103.279384626789,18.8109692862162,3802,10
103.301592492182,18.6685710187586,3803,10
103.300681836553,19.4301342520653,3804,10
102.729338097059,18.6674906180824,3805,80
102.877885818878,18.9469302676735,3806,10
102.326531613145,19.1109320440309,3807,10
102.494437609715,19.0795815255161,3808,10
102.607659798917,19.2668269519831,3809,30
102.84002453491,18.8006531083243,3810,10
102.4678127647,18.918158896563,3811,10
102.34321639255,19.4334072589906,3812,10
102.913262264843,18.8955201418999,3813,10
102.699569501834,18.5126251212602,3814,10
102.276854789269,18.5010888949374,3815,10
102.455262147114,19.4460817603634,3816,10
103.449861267394,19.2446970852854,3817,10
102.337773900238,18.534402062175,3818,10
102.609802075311,18.9995035802485,3819,10
103.077927652589,18.568124568265,3820,10
102.889321312239,19.0202896405375,3821,10
103.09497700659,19.28507571442,3822,30
102.769044818339,19.4168045753496,3823,10
103.067477268337,18.8669369611988,3824,10
103.09316771727,18.9485640338025,3825,10
102.909852017518,18.9374621509074,3826,10
103.057930672241,18.7444063884939,3827,10
102.990034333171,19.0412331321494,3828,10
102.984120017366,19.0552567430863,3829,10
103.168207668448,19.3081422047796,3830,10
103.181254815765,19.1110857178267,3831,10
103.4062258463,18.7073529289019,3832,10
103.387946915737,18.7927587746137,3833,30
102.786827676927,18.8155676482728,3834,80
102.320265167675,18.5152235071362,3835,10
103.130258693875,18.5307032919264,3836,10
102.582793032512,18.9850150544022,3837,10
103.411061231741,18.5826177448283,3838,10
103.470749766759,18.8590669342378,3839,10
102.426759318168,19.3513055451907,3840,10
103.257396393105,19.1859554525573,3841,10
103.112615318686,18.8506941641864,3842,10
102.941578132603,19.2849174152983,3843,10
102.748966079902,18.8639934476064,3844,10
102.941660163477,19.0099106417135,3845,10
102.680251929261,18.6630791072651,3846,10
103.039922981984,18.8717239103176,3847,10
103.064739458129,18.7526563798919,3848,10
102.728900512713,19.2943785655701,3849,10
102.963624399767,19.0608644744756,3850,30
103.193814431621,19.0421030765094,3851,10
102.588514282772,19.1822576544121,3852,10
102.898066679953,18.7535182478003,3853,10
102.289855223126,19.2538264918448,3854,10
103.100745938437,18.7142014761185,3855,10
103.104628071067,18.6421347613011,3856,10
102.607334355192,18.9291214182536,3857,10
102.535727697029,18.7725297932777,3858,30
103.071689153003,18.5179477454278,3859,10
102.489026273133,18.9700782448964,3860,10
103.224149474086,18.7926305602482,3861,10
103.167564236509,18.6747359304996,3862,10
102.287222477233,19.2415039477535,3863,10
102.978653736229,18.9278198907136,3864,10
102.268396814008,18.8616117105273,3865,10
103.37922011652,19.4414808990069,3866,30
103.055881026434,18.5239901706705,3867,10
102.812304515215,18.922701396561,3868,10
103.054436519651,19.062780631098,3869,10
103.249234510232,18.6163963168527,3870,10
102.824384761329,19.1423799701777,3871,10
103.479195506441,19.4727292993328,3872,10
102.820994489716,19.113137902696,3873,10
103.406433373554,19.3902471337816,3874,10
102.735537977659,18.9893115337309,3875,80
102.536398810483,18.9238542586784,3876,10
102.523343604839,19.1761131370695,3877,10
102.840385862358,19.108839448419,3878,10
102.579100081254,18.8740962955078,3879,10
102.25740943476,19.262992243563,3880,10
102.926318259356,18.9917275991831,3881,10
103.383939855159,19.3304751285435,3882,30
102.87613776331,18.7856677700088,3883,10
102.369232990278,18.7186930627825,3884,10
103.294276683806,18.6493961103741,3885,10
103.236289698145,18.8758473119597,3886,30
102.469706551455,18.6184531936557,3887,10
103.345089100268,19.3149647177262,3888,10
102.294445209579,18.6048596476899,3889,10
102.485679069884,18.5652660123569,3890,30
103.253967351879,19.1172588634673,3891,10
102.734842502445,18.9294326180955,3892,80
103.46309275714,18.6992776746743,3893,10
102.776513551094,19.4987828275441,3894,10
103.004494228056,18.8517488107177,3895,10
103.116485475222,19.1653602588676,3896,30
102.853085783209,18.7782517627482,3897,10
102.88314683375,19.3951875709983,3898,10
102.82616463817,18.7477485791252,3899,10
102.435380796843,18.6025568793921,3900,10
103.084531307872,18.7006400130889,3901,10
103.073081507741,19.3643159941276,3902,40
103.43523395757,18.5061078252238,3903,30
102.811895474201,19.4224163489188,3904,10
102.839764433873,19.066793468546,3905,10
102.534704773353,19.0829984962527,3906,10
103.477542815487,19.0220853133637,3907,10
103.143902167669,19.2626001269655,3908,10
103.02241476719,19.1644172550823,3909,10
103.456467008388,19.0388899636926,3910,30
102.345096577876,18.6961915391775,3911,10
102.764955223344,18.976075205793,3912,10
102.930728798074,19.2549076053627,3913,10
103.441946411595,18.8306866404765,3914,10
103.008113521675,18.7748473778745,3915,10
102.696851574576,19.474765483216,3916,10
102.500544441842,18.5364425860116,3917,10
102.557370550845,18.5541081515317,3918,80
102.713908115418,18.8505363625933,3919,10
103.363200735612,18.843989033885,3920,10
103.336433640059,18.5356606996959,3921,10
103.086508673463,18.5979959274684,3922,10
102.924293578412,18.9965637456839,3923,10
102.397625746262,18.5281424878419,3924,10
102.256809585188,18.6812568529912,3925,10
102.650625018265,19.3046734806753,3926,30
102.496854424576,18.6726164859854,3927,10
103.401570772651,19.1744404978742,3928,10
102.8002630966,18.9824276869313,3929,10
103.051975277504,18.5750665305864,3930,10
102.576991990936,18.6021574589771,3931,80
102.428365635353,18.5064083450705,3932,40
102.305755776424,18.8045512519339,3933,10
103.289918698387,19.1558682244807,3934,10
102.541412707492,19.4863076311935,3935,10
102.859965898215,18.5095136136412,3936,10
102.333900567917,19.0627587242297,3937,10
103.32794297626,19.03234627159,3938,10
103.21217534149,18.9164844248197,3939,10
102.855005424303,18.9740804703939,3940,10
103.186206362736,18.7213532639426,3941,10
102.499202902911,18.7015436817777,3942,10
102.855085089421,19.2395517858696,3943,10
102.354305382285,19.2024815415308,3944,10
103.446271174081,19.3432709959052,3945,10
102.48421970472,19.2603037937809,3946,10
102.413921245578,18.8113405702251,3947,10
102.687268151366,18.7722970684717,3948,10
102.793415772104,18.6229019344524,3949,30
102.885314688219,19.3536828926048,3950,10
102.920236423428,18.7948720820831,3951,10
102.827103498939,19.3349179394191,3952,10
102.403173231791,18.9089489446524,3953,10
103.139118543724,18.9808006901699,3954,10
102.256112913168,18.8992712063189,3955,10
103.06586695799,18.5236084262754,3956,10
103.478059256249,18.7382378052525,3957,10
102.830827395288,19.0315841888563,3958,10
103.422836599863,19.3315630914004,3959,30
103.303433697095,19.1940168124753,3960,10
103.467706204842,19.2902626001961,3961,10
102.882451257103,18.7207724403381,3962,10
102.950204615655,18.79717751305,3963,10
102.461874216759,19.1303089220431,3964,10
102.491886053289,18.5043596375894,3965,40
103.008948267219,19.3718911958122,3966,40
102.374731875842,18.7790651276222,3967,10
102.643620897759,18.8714214005788,3968,80
103.471929428069,19.4390226051452,3969,10
102.799253821602,19.1570471508452,3970,10
102.593506006096,18.9500704389584,3971,10
102.505089302802,19.0496308814322,3972,10
102.327908153113,19.0876779841618,3973,10
102.501540292935,19.0383249436597,3974,10
102.820569668171,18.9771722937406,3975,10
102.286445377396,19.398878714834,3976,10
102.689770661256,19.0953588894924,3977,10
102.346443847265,19.233755205748,3978,10
103.085053401913,18.7863546768516,3979,10
102.563003204841,19.3051815321624,3980,10
102.66011544025,19.4574193173453,3981,10
103.053127823935,18.6327708046421,3982,10
102.894583412674,18.6058207745137,3983,10
102.407667992233,18.7296152664471,3984,10
102.929204900646,18.7628723054153,3985,10
103.011910281014,18.7929675820509,3986,30
103.11669939823,19.2684396600425,3987,10
102.431804399882,18.9069641984889,3988,10
102.643868511241,19.3216038111105,3989,10
102.727965912732,18.8971516086503,3990,10
102.426458878088,18.5934046623424,3991,10
103.128980251977,18.6920486344743,3992,10
102.283793932827,19.3202644260677,3993,10
102.881075687538,19.0695661385448,3994,10
102.703101263078,19.0613424513868,3995,30
102.972199462988,18.9970094342674,3996,10
102.352329953868,19.1494162831952,3997,10
102.765275283189,18.8458742676596,3998,80
103.46997215708,18.925991152502,3999,10
103.252220008724,18.7802966387637,4000,10
103.345968274285,18.548669515135,4001,10
102.646760273716,18.6420482658571,4002,10
103.051434940415,18.7510781407319,4003,10
102.994068264926,18.8701890383136,4004,10
103.227291777845,19.1682302318771,4005,10
102.437349919952,18.5819341973343,4006,10
102.976539454894,19.1460787031441,4007,10
102.752826298692,18.9189435931188,4008,10
102.303674330983,18.818082831029,4009,10
102.547317516839,19.4027800646852,4010,10
103.259851246455,18.7134092407693,4011,10
103.21460867161,18.9645350240283,4012,10
102.891655555003,19.4242558773504,4013,30
102.466444389523,18.9540918109903,4014,10
102.768826818747,19.1845842438513,4015,10
102.92937168405,19.0073319613138,4016,10
103.46531457455,18.8191169139483,4017,10
103.465086783561,19.3517181806551,4018,10
102.555546633249,19.4485250896338,4019,10
102.853890119483,18.9395887095393,4020,30
103.193686969743,18.610977746502,4021,10
103.242554375087,18.7821533606482,4022,10
102.621140769317,19.4708035927611,4023,10
102.277754723291,19.32624033777,4024,10
103.082266457291,19.291018832829,4025,40
103.414460227656,18.7625907773102,4026,10
102.395093605352,18.8397005990962,4027,10
103.061260626521,19.2066086205497,4028,10
102.940710079049,18.5360036359211,4029,10
103.225022109189,19.2718517621184,4030,10
102.806427187932,18.9819730295039,4031,10
102.327803876508,19.4299538050643,4032,10
102.336612804697,18.7041612345805,4033,10
102.390391341257,18.9440747873137,4034,10
103.394428479315,18.7889284434895,4035,10
102.428484461115,19.2964073862112,4036,10
103.299088172826,18.6224348334601,4037,30
103.176869409328,19.2054421788576,4038,10
102.370988277671,19.4477752355381,4039,10
102.746585218745,18.697005599077,4040,10
103.358238534464,19.1205811063124,4041,10
103.08694691803,19.244984465082,4042,40
102.7600333891,19.0835963973956,4043,10
102.278238394808,19.4366021429021,4044,10
103.02138510326,19.3443604249288,4045,10
103.27221113077,18.7641605595058,4046,10
102.999269438841,18.7137185394362,4047,10
103.435555759588,18.6196028029605,4048,10
102.561332946293,18.9406879952695,4049,10
102.338763562932,19.2612270498211,4050,30
102.313285350386,19.0075747284848,4051,10
103.068074028182,18.9287269937723,4052,30
102.854691488791,18.7823044579068,4053,10
103.440574013127,18.7066317733314,4054,80
103.183517902817,19.1829601728581,4055,30
103.48194059534,19.4222545052601,4056,30
102.532977537748,19.1858498575963,4057,10
102.773831059806,19.1197107804076,4058,10
102.888141831053,19.4386202824126,4059,10
102.29750907181,19.1656879067943,4060,30
102.914390314215,18.9410936307597,4061,10
102.894359825138,18.8198041345462,4062,10
102.4190187261,19.4632972501833,4063,30
103.439365089432,18.6528525824975,4064,10
103.205632245229,18.955760536927,4065,10
103.248619026792,18.7300549431402,4066,10
102.983351032586,18.8373473407302,4067,10
102.57255729861,18.9481661555497,4068,10
103.362332059641,18.5059959189394,4069,10
102.295245826695,19.1761137403915,4070,30
102.990848944892,18.524650176573,4071,10
103.491480857341,19.4009788972575,4072,30
103.100172949896,19.0480661617322,4073,10
102.526209553186,18.7870683168901,4074,10
102.547322271954,18.9422281111042,4075,10
103.436795603692,18.6293736787329,4076,10
102.327706646372,18.9158060715272,4077,10
103.461940318483,19.0740548795129,4078,10
102.384670117133,19.2240314143662,4079,10
102.922920271121,19.1374722128967,4080,10
103.126883851776,18.7760822464163,4081,10
102.383567257941,18.9166779987874,4082,10
102.532923771552,19.2569779105731,4083,10
102.604961339578,18.6424955500622,4084,10
102.774200287831,18.9139306544238,4085,80
102.885299515895,18.7002393002196,4086,10
102.950804278682,19.0800720349781,4087,10
102.588463145165,19.3610989357142,4088,10
102.459414689479,19.2252890617491,4089,30
102.813840818897,19.1840782975559,4090,10
103.126517400033,18.6320247427389,4091,10
103.34908474343,18.641040405944,4092,10
102.728960896657,18.5296469391142,4093,80
102.561118817858,18.8536900124689,4094,40
102.893902959406,18.6260036558549,4095,10
102.884265104525,18.5195679521585,4096,10
102.577154392367,18.818310052193,4097,10
103.219033761138,19.4950797899465,4098,30
102.510714606864,19.4395007902183,4099,30
102.64167564418,18.5765740816018,4100,80
102.587970356957,19.0208575641796,4101,10
103.20363392975,18.9042980256791,4102,10
102.927686257198,18.8698922748643,4103,10
102.49933360778,18.8449333996198,4104,40
103.02099856886,18.5897133067485,4105,10
103.216520640002,18.5471868848927,4106,10
103.305196884456,19.2410867917403,4107,10
103.432784479573,18.7794185859453,4108,80
102.916105787402,19.4168401888492,4109,10
103.488842699445,18.8414561562858,4110,10
102.260867627671,19.1577371332293,4111,10
103.245769656931,19.1676536969003,4112,10
102.468221461072,18.9097178595878,4113,10
103.492564801729,18.9439912164088,4114,10
103.42679884635,18.8063469296986,4115,10
103.381765090483,18.5646619345294,4116,30
102.351874035262,19.4416480353302,4117,10
103.057453341223,18.7530849324794,4118,10
102.625437152896,18.5334889286835,4119,80
103.230200549817,19.0462178748446,4120,10
103.114382566196,19.4914665613755,4121,60
102.854838738197,18.7284113542526,4122,10
103.25555436449,18.533222106179,4123,10
102.644730034367,18.7413758921721,4124,10
102.286804237793,18.8720054120352,4125,10
102.930817288245,19.0110362840495,4126,10
103.379846837137,18.6403410810957,4127,10
102.762335174082,18.8748965624222,4128,10
102.284795933314,19.142227959257,4129,30
102.870198918164,19.1767041434283,4130,10
102.839446390003,19.4730445544958,4131,10
103.166202212184,18.8963909235453,4132,10
103.114559665332,19.3368695373761,4133,40
102.693290911062,18.8670176040403,4134,10
102.904218418268,19.2148713659268,4135,30
102.383523475327,19.314180862545,4136,10
102.288068046217,19.0204112631052,4137,10
102.313869498929,18.9089598079455,4138,10
103.437169631044,19.3537344268214,4139,10
102.491237440395,18.9181830365524,4140,10
102.390424466656,18.629709562713,4141,10
103.251237867572,19.1002850467305,4142,10
102.528235749214,18.7784257006526,4143,30
102.430916984694,19.3754742772851,4144,30
102.661270619102,18.7616708314897,4145,10
103.392957698571,18.9360172780188,4146,10
102.724300685231,18.8132412234264,4147,10
102.618605363873,18.754564934082,4148,40
103.36502075647,18.9084200227028,4149,10
102.820456006027,19.1757553448588,4150,10
103.046540508094,19.427033732271,4151,30
103.378901617573,18.5021834335566,4152,10
103.359205229176,18.9200195382597,4153,10
102.739032605228,19.0281042297845,4154,10
102.800084537765,18.8903765158116,4155,10
102.295143009454,18.8376066157009,4156,10
102.43719998434,19.036052065937,4157,10
103.183517830369,19.0377549309139,4158,10
103.104138406058,18.810399436938,4159,10
103.199738858435,18.9772666978771,4160,10
103.317244687696,18.6994207056632,4161,10
102.845245877669,19.0810880038687,4162,10
102.32980898597,18.9100286248557,4163,10
102.725109464135,18.9978662366529,4164,10
103.328442606506,18.9639931972621,4165,10
102.578708638843,18.5535491247565,4166,80
103.387584132591,18.5034378170137,4167,10
103.032063557137,19.1586965036485,4168,10
103.155544696072,18.8649721479979,4169,10
102.682921448769,18.8813321901728,4170,80
102.956085186149,18.7517045138806,4171,30
102.409587795634,19.4759869133159,4172,10
103.318707996365,19.2582577613503,4173,10
102.359446076042,18.5224890698739,4174,10
102.739611862544,18.9023515739356,4175,10
102.950556140198,18.8066729654213,4176,10
102.598565378974,18.6293117968588,4177,80
102.626918399471,18.7428350952648,4178,10
102.658552762777,18.8098094409883,4179,10
103.032962823554,18.5259956495791,4180,10
102.697517848698,18.5360094589505,4181,80
102.799089808141,19.1212406605378,4182,10
103.320106777812,18.503522464898,4183,10
103.300764532824,18.6370443261183,4184,10
102.709626224547,19.0103653228749,4185,10
103.196216419946,18.6576003109003,4186,10
103.093197198702,19.4164683173807,4187,30
102.484648327191,18.8207874870541,4188,10
102.718301188252,19.2037635651995,4189,10
103.279951013155,19.1672367455329,4190,10
102.516621979839,19.2325384900164,4191,10
103.046934035667,18.6461042369478,4192,10
103.12294894129,19.2780464404127,4193,30
102.822919629932,19.1131102049026,4194,10
102.835669724224,19.1645713608068,4195,10
102.457605006174,19.3633176411339,4196,10
103.074280983881,18.9153485511639,4197,10
102.735096664335,18.5890779535438,4198,30
103.269258413875,18.7537870131435,4199,10
102.900629603842,18.5595330218589,4200,10
102.604311909453,19.2404415143623,4201,10
102.981054172243,18.9820109448455,4202,10
103.029433987274,18.6345554392149,4203,10
102.72257146051,18.6242791336446,4204,10
103.218954674155,19.0912202209447,4205,10
102.617875051144,19.4668878190234,4206,10
102.283511393081,18.8349345562743,4207,10
102.574783873528,19.0107109243574,4208,10
102.735531574207,18.8421872753597,4209,10
102.95243781149,18.6439758009621,4210,30
102.49871060247,18.5387475167364,4211,10
103.442739017709,19.4382776452305,4212,10
102.973264523442,19.3242454322542,4213,10
102.521276673551,19.2543560999496,4214,10
103.084201061167,18.7879576485565,4215,10
103.09130398236,19.2559880065969,4216,10
102.312703293272,19.1226464244752,4217,10
102.466445825225,19.1198774744427,4218,10
102.746167547264,19.3458084049077,4219,10
103.295904201605,18.8430266545248,4220,10
103.249560116845,19.1651041790124,4221,30
102.317120271467,19.204719421162,4222,10
103.092829970799,18.7287422299949,4223,10
103.321782223902,18.8594212159997,4224,10
102.285885993742,19.374713322507,4225,10
102.62228513654,18.7818789099717,4226,10
103.152435405569,19.419611446446,4227,30
103.112455772143,18.5262072012738,4228,10
102.723095959784,19.3093164362921,4229,10
102.41586360777,18.7408647302819,4230,10
102.896323023803,18.9643215399605,4231,10
102.257699833017,19.4691464302797,4232,10
102.654405395502,19.0569864024524,4233,10
102.379464601215,19.1045458886725,4234,10
102.693240950479,18.6733218533364,4235,10
103.256502884212,18.9780802405817,4236,10
103.17492904963,18.5292296400534,4237,10
102.788618396131,18.8717577551165,4238,10
102.799610698647,19.0516439371703,4239,10
103.232807138517,19.2065103780833,4240,10
103.025739685919,18.9053523121273,4241,10
102.960819117335,19.2853522991977,4242,10
103.178204883747,19.2676960944359,4243,10
103.036949882511,19.2069527653234,4244,10
102.737121644514,18.6667415481549,4245,30
102.372365458851,19.4804169912547,4246,10
103.192367828041,18.7966229315321,4247,10
102.522253315507,19.2287728166319,4248,10
102.939689170995,18.90485649343,4249,10
102.488139531213,19.0039946802925,4250,10
103.497435172539,19.2362136656959,4251,40
102.979802200724,18.8879351129128,4252,10
103.328197665354,18.6336983098475,4253,10
103.155305904786,18.8389606552952,4254,30
103.379174388281,19.2569138402082,4255,10
102.506088691475,19.4320945876864,4256,30
102.842347865218,18.7063707974246,4257,10
103.311601796121,18.6293496352136,4258,10
103.409188985402,18.6772153187801,4259,10
103.075733944543,19.448222871385,4260,80
102.858513298446,19.0828589258631,4261,10
102.270042952163,18.7165916684942,4262,10
102.520750785945,18.851468553364,4263,40
102.729305397957,18.8267638734676,4264,10
102.811197476302,18.638141519041,4265,40
102.705729676184,19.3942281175469,4266,10
102.96266260859,18.644193789206,4267,10
102.289389925063,18.6789981997918,4268,10
102.735283536363,19.2411727270511,4269,10
103.245661154909,18.5693242443293,4270,10
103.299809195302,19.3449573797993,4271,30
102.499631559733,19.4327514075412,4272,10
102.553762129131,19.0043866052355,4273,10
103.280477705262,18.7262976465726,4274,10
102.501581446903,18.6480136747107,4275,10
103.396116094371,19.3006275516728,4276,10
103.212588144554,19.4796296604585,4277,30
102.881156336668,19.4471731206411,4278,10
103.008525619136,18.6456306782722,4279,10
102.575380928546,18.8428050837445,4280,10
103.029515168991,18.7018305079184,4281,10
102.432853864779,19.0486663785246,4282,50
102.560287780375,18.8349374189048,4283,10
103.43888943477,19.4102989745225,4284,10
102.873066864919,18.7047933340948,4285,10
102.571571450147,19.1312724204546,4286,10
102.703308689637,18.6118355380562,4287,10
102.365039211521,19.0578258002046,4288,10
102.31033191425,19.45292139797,4289,10
103.05117976896,18.6459713715684,4290,10
102.910180671672,19.2570551312766,4291,10
102.604160368186,19.239226897062,4292,10
102.680572925356,19.1981641325389,4293,10
103.258673355136,19.4694287619236,4294,10
102.97478622293,19.4013104450336,4295,30
102.45411687934,19.245917471206,4296,10
103.434062221153,19.1692818661527,4297,10
103.003970807336,19.2813742795744,4298,10
102.51039343651,18.8712517083069,4299,10
103.477098373665,19.2522478014973,4300,10
102.877702887001,19.0720659491571,4301,10
102.95537688284,18.7328177684767,4302,10
102.717289513503,19.3249553485871,4303,10
102.718223535132,19.2579245764588,4304,10
102.291766488016,19.1275285440598,4305,10
103.014990215104,19.0564453178614,4306,10
103.492700303485,19.4895828422572,4307,10
102.873981821912,19.0307516957865,4308,10
102.702787207731,19.1224973477435,4309,10
102.418663317735,18.7442762024997,4310,10
103.306043432073,19.290680729491,4311,10
103.286528905712,19.1365228354068,4312,10
102.95404851352,19.4909205788991,4313,10
102.678616014817,19.2300657657559,4314,10
102.41856057267,18.6344258887203,4315,10
102.346967089463,19.459780085973,4316,10
103.372046717423,18.6027516024106,4317,10
103.426890619698,18.6810605864822,4318,10
102.583195093382,19.1622498922882,4319,10
102.917397255274,19.1032281296786,4320,10
102.458470417476,18.7385715636415,4321,10
102.283264873778,18.9683090111495,4322,10
103.049220515947,18.8991729609776,4323,10
102.736366028365,19.3736672802425,4324,10
102.362134563771,19.4092845721634,4325,10
102.594929113162,18.8846563374832,4326,10
102.908139559187,19.3021818374603,4327,10
103.330399300822,19.4850068225982,4328,30
102.31141648528,18.6961962311191,4329,10
102.913655101598,18.5526112680797,4330,10
102.949979499013,19.4319339335333,4331,10
103.30698152649,18.9448912355919,4332,10
103.202510489498,18.6349170702758,4333,10
102.372134062881,18.6004030355109,4334,10
102.287537314437,19.4731156038513,4335,10
102.751998717342,18.7505736937577,4336,10
103.073508393294,18.9623724640973,4337,10
103.331232058262,19.3411405384371,4338,10
102.414845677221,18.8934926503468,4339,40
103.068592844247,18.7968283240603,4340,10
103.012923910797,19.3212114064649,4341,10
102.74230608789,19.4914820237706,4342,10
102.349522511667,18.936879350039,4343,10
103.11877844573,18.5427877122492,4344,10
102.876095958875,19.4771627500558,4345,10
103.003123338855,18.6411108462388,4346,40
102.346285035304,18.7950147630398,4347,10
103.387297269816,19.4477522474902,4348,10
102.258681706635,18.7372450053577,4349,10
102.57739969291,18.7374274729209,4350,10
102.859456521688,19.1011227282061,4351,10
103.281953143486,19.124330819978,4352,10
102.542453091254,18.6846430119365,4353,80
102.837068628113,18.7042962733893,4354,10
102.717557292009,18.6691188910916,4355,80
102.519586578517,18.624977401544,4356,10
102.937236841224,19.2799628853691,4357,10
103.357437228573,19.4454549211813,4358,10
102.344234726742,18.5135329286808,4359,10
102.693638956025,18.8265086742576,4360,10
103.29957296,18.9567043439395,4361,10
103.291246544565,18.8090869121009,4362,10
103.247102666794,19.2496863865004,4363,10
102.435727121433,18.7160557193722,4364,10
103.446025053924,19.0306353920095,4365,10
103.102535193467,18.8451303581292,4366,10
103.004098533299,18.5317519701094,4367,10
102.544321826786,18.5640535825857,4368,10
102.495203168549,18.525127047281,4369,40
102.643747902119,19.1762538502331,4370,10
102.753799302031,19.1741762290077,4371,10
102.516256271026,18.7757380872574,4372,10
102.594409940496,19.1574598029655,4373,10
103.193752215682,18.6818763398342,4374,10
102.465379116262,18.6458318401143,4375,10
103.33978885663,18.5212918596447,4376,30
103.444235872803,19.4153118083218,4377,30
102.511513128207,18.6535538595347,4378,10
103.171559332683,19.0162241540043,4379,10
102.9516543762,18.9282696041321,4380,10
102.751375087358,19.2350621436322,4381,10
102.698188823671,18.6174747451057,4382,80
102.576621772521,19.3096607654825,4383,30
103.442947606771,18.730421509174,4384,10
102.605087185177,18.8128995591838,4385,10
103.045762347064,19.0721815638361,4386,10
102.996713948453,18.8457724933268,4387,10
102.265103579094,19.0614990590102,4388,10
102.415263368815,18.5508917297358,4389,40
102.505069190198,19.1379478881744,4390,10
102.502665881291,18.8892601865056,4391,10
103.490397916948,18.8654151598173,4392,10
102.541100479381,18.7163723838215,4393,80
103.126651972114,19.1628648174575,4394,10
103.200812574857,19.0701964227833,4395,10
103.011280382965,18.5510594212297,4396,10
103.022219550566,18.862015360591,4397,10
102.69096098795,19.4034857069542,4398,10
102.94240772918,18.6801874473339,4399,10
103.12379338103,19.4735226247996,4400,40
102.738349732008,18.9072407030019,4401,10
102.365579525336,19.0914819849719,4402,10
102.771028532731,18.9968796159952,4403,10
102.725781465688,18.6379785643766,4404,10
102.467393344087,18.6164214561746,4405,40
103.010244445286,18.9158230510209,4406,10
102.980206838518,19.0570271193333,4407,30
103.222162414056,19.3603387308871,4408,40
102.682542542592,18.5099841852493,4409,10
102.727982737363,19.361320292647,4410,10
103.271705623336,18.5896331089743,4411,10
103.230091112039,18.774740053743,4412,10
103.300018719928,19.3328816949234,4413,10
103.297230821362,19.0083823679115,4414,10
102.602748350128,18.5532313106605,4415,40
102.734277103488,19.0791599689178,4416,10
102.925081160496,18.5737203137659,4417,10
103.481980955453,18.5057984328535,4418,10
103.149940166414,19.1991949078572,4419,10
103.000903155005,18.5808107128015,4420,10
103.333011986248,18.5493951453617,4421,10
102.904541913451,19.1179811537539,4422,30
102.433470686149,19.3609109241374,4423,10
103.234912371232,19.3570491148272,4424,10
102.583388557265,19.2225926283671,4425,10
103.098375105681,18.5344416966825,4426,10
103.097612164529,18.6553128602161,4427,40
103.129388824224,19.2805396307933,4428,30
102.739701526753,18.5572383805073,4429,80
102.286073187955,18.5537854623219,4430,40
103.303005247509,18.9569420971381,4431,40
102.546336962817,19.2044491149127,4432,10
103.337579338573,19.3533965662435,4433,10
102.619155475878,19.3980040333641,4434,10
102.46305475466,18.9763013429471,4435,10
103.314362689788,18.6211813824623,4436,10
103.020693586339,18.6669850339376,4437,10
102.430480139256,19.4232126387467,4438,30
103.304289933105,18.6384400498576,4439,10
102.50719683942,19.4326760742825,4440,10
102.40065249647,18.7772404905749,4441,10
102.273779369883,19.2535791222459,4442,10
103.378661506122,19.1341941117823,4443,10
103.280249615734,18.740315231201,4444,10
102.365638477617,18.7101294474071,4445,10
102.96155910414,18.9796719642178,4446,10
103.037757823059,19.0176366292034,4447,10
103.215613356212,18.5191334012369,4448,10
102.632841799589,18.9933689820374,4449,10
102.909517461728,19.0568228964854,4450,10
103.483651790911,19.0619835496922,4451,10
102.717959568907,18.8707110852828,4452,10
102.792538197054,18.5137228391024,4453,10
102.901891731451,19.1091375359704,4454,10
103.079784593545,19.1740291086455,4455,30
102.547787494375,19.1874809612289,4456,10
103.205067066724,18.5841165472316,4457,10
102.44760731297,18.78764333443,4458,10
103.032911285662,18.9929629836837,4459,10
103.23079822093,19.4818666006845,4460,30
102.990566388014,19.2801925862161,4461,10
103.240865895545,19.1386205109824,4462,10
103.228065576193,19.031707036626,4463,10
102.426882050672,18.9163823238749,4464,10
102.751708486515,18.7330783073164,4465,10
103.076525657297,18.6721114784955,4466,10
103.118419264786,19.0744903447481,4467,10
102.81391226375,18.934974615188,4468,10
103.006790176456,19.0641121280509,4469,10
102.32268867867,18.9447773469777,4470,10
102.778185089646,18.5345628221818,4471,80
102.270736967045,19.0442984819308,4472,10
102.772181036619,18.8198613472201,4473,80
102.548848149606,19.3676306124555,4474,30
102.811563311041,18.7574220816286,4475,10
103.40582459178,19.1847696536883,4476,10
103.316092442077,19.3668386245765,4477,10
102.274223364165,18.5749304947216,4478,10
103.248682279981,19.1305160241699,4479,10
102.73185826265,19.3255064792982,4480,10
102.7536786972,18.8255371693956,4481,30
102.471622511588,18.6888031675947,4482,10
102.460184073407,19.4188201777509,4483,10
102.383938668157,19.1369268126846,4484,10
103.216871919205,18.5310183527236,4485,10
103.379227984905,18.7039211739281,4486,10
102.888791290363,18.6477981322918,4487,40
103.157743506694,19.4036873566317,4488,30
102.842242484393,18.9885774216362,4489,10
102.351093298361,18.5311749867068,4490,10
103.417998314882,19.4740192525699,4491,10
103.174940718553,19.3110437075715,4492,40
103.00259627821,19.1801458617741,4493,10
102.260923024951,19.3669077660267,4494,10
103.350280332255,19.3466104434401,4495,30
102.795140108662,19.2497896638428,4496,10
102.822742913435,18.9356594431425,4497,10
103.323446530459,19.0459620362295,4498,10
103.025869225765,18.7655960539887,4499,10
102.418340188402,19.4452611832151,4500,30
103.04450723343,19.4643688986233,4501,10
103.425233207956,18.7921701949438,4502,80
102.905674912122,19.0554313704055,4503,10
102.294031898281,18.6417023780787,4504,10
103.078141105157,19.3411779390749,4505,10
103.021760351473,18.5582938395887,4506,30
103.174595249788,18.7593768394241,4507,10
102.384612033772,19.4548197696054,4508,10
103.113360993072,18.8640333990837,4509,10
102.309722148988,18.909776309538,4510,10
102.847961957314,19.0686645906277,4511,10
103.005080040112,19.3382303044828,4512,10
102.272756324921,19.3923754441435,4513,10
103.340201384575,18.6606253957677,4514,10
102.545089705182,18.7030348806556,4515,80
102.536281821648,19.0940128951926,4516,10
103.392175583693,18.5666739569002,4517,10
103.233260382934,18.5095860602263,4518,10
103.054854512825,19.1258406659369,4519,10
103.291425366885,19.2190321521763,4520,10
102.36315379476,18.9530954597333,4521,10
102.538705625414,19.0392864731623,4522,10
102.563516129907,18.5334501506449,4523,80
102.309636937733,19.368844451081,4524,10
102.256002783985,18.6039649812813,4525,30
102.866973396971,19.4535499153695,4526,10
103.426609783588,18.7177415236819,4527,80
103.034414577943,19.1925622668786,4528,10
103.235695338135,18.7612907270035,4529,10
102.253675108923,18.936283689208,4530,10
102.4359353374,19.3837493158229,4531,30
102.433779236172,19.0815469792108,4532,10
103.25888831534,18.8466262548879,4533,10
102.914812761562,19.1891883757876,4534,10
102.590173632315,19.2112940931146,4535,10
103.381621845681,19.3843090959086,4536,30
102.589495140043,18.5731526046565,4537,80
102.522394941392,19.2133424726127,4538,10
103.265409203073,18.7463281481668,4539,10
103.34835621338,18.7306953046246,4540,30
102.45868308621,19.4587294900083,4541,30
103.312951968237,18.5060568091379,4542,10
103.098415523338,19.1958319862249,4543,10
102.47924240757,19.1400521054855,4544,10
102.598600444273,19.3620428355484,4545,10
103.317851810542,18.6584128315411,4546,10
103.081105793373,19.1787418230468,4547,30
102.932883148034,19.1732065471702,4548,10
103.343696432626,18.8160229471666,4549,10
102.475078337494,18.8196235112699,4550,10
102.720409617003,18.6225159514358,4551,10
103.352397241567,19.2307076188788,4552,10
103.107736198018,19.4808357599222,4553,10
102.677257345535,18.6652627871234,4554,10
102.309960211354,19.0232630331592,4555,10
102.66197621524,19.4683962692648,4556,10
102.558278606258,19.0964440540934,4557,10
103.092020280271,18.6922994763957,4558,30
102.590344069469,19.4265722351896,4559,10
102.780221008639,19.4447817492476,4560,10
102.587539493825,19.3060719452611,4561,30
102.669045503032,18.6475799047657,4562,10
102.893962934424,19.2471830781241,4563,10
102.584243329047,18.7991779855761,4564,10
103.161515843713,18.978702779192,4565,10
103.307717701048,19.2694113968124,4566,10
102.883340553383,18.8811519303525,4567,60
102.631400694966,18.9526961175398,4568,10
102.624782688838,18.6428757706101,4569,10
103.4550211323,19.0918306795492,4570,10
103.00923847488,19.3464698863247,4571,10
103.093838711768,18.8734196438062,4572,10
102.418486841996,18.9469073463043,4573,10
102.573813461558,19.074834908318,4574,10
102.69027374318,18.5547192473868,4575,80
103.408957924921,19.078118661301,4576,10
102.406471059518,18.5845401025346,4577,40
102.877067069603,19.0261029235,4578,10
102.946721759558,18.8546703604126,4579,10
103.306862104034,19.0549343248113,4580,10
102.476922632915,19.1441902376037,4581,10
102.970035537568,18.8360361677105,4582,10
102.461707446831,19.3730795444933,4583,10
102.825421739243,19.1026166102285,4584,10
103.42315634433,18.69946490986,4585,80
102.628248306549,19.1360615686571,4586,10
102.558330491747,18.7997619487656,4587,10
102.385166897452,19.2323019459972,4588,10
102.578371333183,18.7815504168573,4589,10
103.217234381707,18.807810559924,4590,10
102.320989066857,19.1117439011787,4591,10
102.284146049111,18.5561408299717,4592,10
102.335279133736,18.9262689631443,4593,10
102.557820356358,18.8480957286611,4594,10
103.07963178944,18.8176248425574,4595,10
103.473043419611,18.8221838237493,4596,10
102.82845922806,19.2245656855391,4597,10
103.290865357698,18.6269784168231,4598,10
103.358993936506,18.523510530383,4599,10
102.290525895148,19.4631879844363,4600,10
102.814001253895,18.7760678460953,4601,10
102.29588863327,18.7021253794188,4602,10
102.811304492741,18.9665647383531,4603,10
102.992547548585,18.9177139940168,4604,10
102.511406534666,18.9118158922342,4605,10
102.484691368213,18.9896665232355,4606,10
103.492973318453,18.9106193574978,4607,10
103.496399670655,19.2488236109902,4608,10
102.363005717921,18.5857692010216,4609,10
102.566579018597,18.9912902436297,4610,10
102.846617085662,19.1991334184453,4611,10
102.762116436997,19.4880843406855,4612,30
103.448109761334,19.1637353559832,4613,10
102.82065825939,18.7217763597563,4614,10
103.083601965534,19.426472352683,4615,30
103.116895982396,19.4051735061932,4616,40
103.175313835973,18.6403630814614,4617,10
102.836458972579,18.9337859495833,4618,10
102.846229700522,18.7895652870329,4619,10
102.900020048441,18.9164253987338,4620,30
103.018069360926,19.0019788030163,4621,10
102.457509303701,19.4948537122024,4622,10
102.865036933897,18.6033539793365,4623,10
102.84585567469,19.0331981527969,4624,10
103.014752813272,19.4669578216615,4625,10
103.318583493423,19.1766818100986,4626,10
103.176596171639,19.4468825160002,4627,50
103.499916778545,19.3115888041113,4628,10
103.337708661296,18.8936949125935,4629,30
102.369689532285,18.8384909943131,4630,10
103.49620521481,18.6107104842557,4631,10
103.342737251358,19.4564930353846,4632,10
103.090719812676,18.9950202680429,4633,10
102.466437496439,18.5326837931654,4634,10
102.451181724233,19.0531071673776,4635,10
103.356690615223,19.4346238120905,4636,10
102.388014494335,18.7983014504024,4637,10
102.320053175168,18.9240800992849,4638,10
103.259935474352,18.528933299679,4639,10
103.469490488463,19.3563835986713,4640,10
103.150654485046,19.2208446821379,4641,10
102.651637067202,18.5901799855621,4642,80
102.689199935285,19.2111009043122,4643,10
102.358406940847,19.1598904169464,4644,10
102.714309415489,18.8971778920579,4645,10
103.347623147894,18.6926319838972,4646,10
103.108286747409,18.5665641852971,4647,10
103.355338397693,18.677442527833,4648,10
102.478140675613,18.69669339314,4649,10
103.349066544931,19.0795680997848,4650,10
102.954361331285,19.0570818755012,4651,10
103.457724736649,18.6234840888809,4652,10
102.551019775684,19.3662929604516,4653,10
102.825261388591,19.4346400564351,4654,10
103.238240941299,18.811656126718,4655,10
103.339314847314,19.0538312168573,4656,30
102.626969870937,19.125883612006,4657,10
103.106624182386,19.4837414220644,4658,40
102.562674105208,18.5394989951346,4659,80
102.647990016132,18.9366348392825,4660,10
102.529522204109,18.6291111403158,4661,80
102.587506651889,19.2322276143421,4662,10
103.349227787887,18.6007139167185,4663,10
103.226095835248,18.8450243770013,4664,10
102.275384457249,19.4357433438486,4665,10
102.64396870136,19.1662595000845,4666,10
102.964458222555,19.4007268801601,4667,10
102.770256707244,18.8954986141579,4668,10
102.368571275729,19.0005115935101,4669,10
102.810169398708,19.4678557794684,4670,10
102.417495278429,19.3570300316707,4671,30
103.25221563645,19.0173473455616,4672,10
102.374470041373,19.1288670253523,4673,10
102.948394430404,19.0570292414147,4674,10
103.131940451468,18.7475517784647,4675,10
102.938659641858,19.3581415677126,4676,30
103.159075538944,18.804475247511,4677,30
102.805395814843,18.702666492012,4678,10
102.902790146135,19.445019037579,4679,10
102.738248499554,19.0171201227398,4680,10
102.66620308144,18.8715262969115,4681,10
102.833417651596,19.2071888443792,4682,10
103.259397867597,19.141188176108,4683,10
102.291026958227,18.7602018166543,4684,10
102.889193894728,18.5065903509982,4685,10
103.346681790194,18.8791964306069,4686,10
102.881748897092,18.5439903125182,4687,10
102.930409450457,18.6707460614388,4688,10
102.67417800333,19.3008632175384,4689,30
102.837112777304,18.9849140655542,4690,10
102.4988941515,18.8653289151432,4691,10
103.119612342755,19.0294236143036,4692,10
102.847414488846,18.8165814901709,4693,10
102.446464183091,19.2841958805307,4694,10
102.485694139654,19.4426090472987,4695,10
102.72214916289,19.0290669109546,4696,10
102.533788320832,18.6376024206443,4697,80
102.872284684221,19.0729044712005,4698,10
103.446784805655,19.2653586083504,4699,10
102.814548346156,18.6243231852131,4700,10
102.981500801792,18.8734280135491,4701,10
102.670237099234,19.1314239806736,4702,10
103.20999095327,19.2517834229691,4703,10
103.231964380021,19.2361273895069,4704,10
103.201007929223,18.973232775904,4705,10
102.291785112532,19.4811228781089,4706,10
103.242870798096,19.2215670617923,4707,10
102.373315551188,18.706326482065,4708,10
102.748939512789,18.7411078490505,4709,10
102.850477145533,18.8727270244148,4710,10
102.292523430484,19.099787040285,4711,10
102.723900298555,18.7699633207741,4712,10
103.438949598983,19.3011534826289,4713,40
103.47907744472,19.0174856706747,4714,30
103.465956704366,18.6872948838825,4715,10
102.391434931197,19.286255186251,4716,10
103.438707689939,18.9230954941288,4717,10
103.471914506415,19.0183154953371,4718,30
102.587332954242,19.3027810675173,4719,30
103.059542527129,19.4149655635823,4720,30
103.15797214766,18.882695975365,4721,30
102.509800130437,19.2709907116092,4722,30
102.99974144561,19.0143359461844,4723,10
102.382105845674,19.180558711444,4724,10
103.294412774184,19.0915701163628,4725,10
102.937301887992,18.9126634089407,4726,10
102.582565417201,18.7430653977894,4727,30
103.177423809141,19.0659103429618,4728,10
103.055514165963,19.4009448544206,4729,40
102.539953877911,19.1645207194438,4730,10
103.349618445864,18.9756731036639,4731,10
103.110140251563,19.3210012460216,4732,30
102.679477219032,19.0749836717717,4733,10
102.276798228299,19.3766382386931,4734,10
102.634772481547,18.9230229523761,4735,10
102.51962944386,19.1916710121951,4736,10
102.658611504762,18.7647044432049,4737,10
103.490028743189,19.4143700853095,4738,10
102.5511161313,18.7731289280704,4739,10
103.486956673298,18.6600824210594,4740,30
102.285165536807,19.1412221052152,4741,30
103.333433083852,19.0439489214255,4742,10
102.824552295844,19.4032233650851,4743,10
102.828238604595,19.0838782796971,4744,10
103.037807228929,19.3233479660981,4745,30
103.309318374559,18.9441340984532,4746,10
103.232873828925,18.7128441920458,4747,10
102.571820860928,19.142305639145,4748,10
102.975244142463,18.7780422160847,4749,10
102.348972192947,18.561206806838,4750,10
103.01566517505,18.8088997660031,4751,30
102.531511127242,19.2378454391755,4752,10
102.571387712245,19.0680918996888,4753,10
103.317214219166,18.6185338772221,4754,10
103.451989375615,19.2475402177423,4755,10
102.757597200769,19.1628513531937,4756,10
102.878509984863,19.0284508049584,4757,10
102.633452524337,19.2086106421163,4758,30
103.164056130155,19.4862572708955,4759,30
103.118624891505,18.7866193722071,4760,30
103.267602472063,18.8059758801653,4761,10
102.894318279193,19.0605663993743,4762,10
102.966771933985,18.5260400816578,4763,10
102.732124251993,19.1286959112609,4764,10
102.566103035598,19.0471733586245,4765,10
102.303404474285,18.7778653370457,4766,10
102.727079809097,19.0028322792993,4767,10
102.956929587069,19.1127833617646,4768,10
102.710527289341,18.5166871624472,4769,10
102.302907968541,19.0064169048375,4770,10
102.341687476354,19.4231648407767,4771,10
103.301183352107,18.6525475479305,4772,10
103.353195270822,18.5767982272548,4773,10
102.346323156943,18.8323465008135,4774,10
103.388638627201,19.447699650246,4775,10
102.438529997268,19.1004032039375,4776,10
102.857351719131,18.7197346846642,4777,10
102.345300661035,18.8240515842474,4778,10
102.562126032693,18.9585630089628,4779,10
103.182200300155,18.8503443137448,4780,10
102.875042137603,18.9602075575386,4781,30
102.684170776926,19.0991188771565,4782,10
103.389210212643,19.4445351278752,4783,10
103.493687141902,19.4608923623185,4784,10
102.586195343921,19.347400411438,4785,10
102.848739369934,19.1181380155567,4786,10
102.368440461748,18.5806052139197,4787,10
103.019466432574,19.3136482901915,4788,10
102.461563205897,18.9883525378247,4789,10
103.181245008973,19.342934395542,4790,40
103.326412932267,19.3350427276271,4791,10
102.866885408401,18.5436103482968,4792,30
102.341227002812,19.1102479947577,4793,10
102.72356636736,19.169990699411,4794,10
103.160744313881,19.3290784132889,4795,40
103.466842330302,19.1652287156587,4796,10
102.982806114196,19.048424280428,4797,10
103.481638178696,18.8922597560724,4798,30
102.282321701436,18.9592040349174,4799,10
102.62811390916,19.0991377706549,4800,10
102.952855131737,19.0740395604158,4801,10
102.618131830073,18.8581963714749,4802,10
102.678275686794,18.9592908438044,4803,30
102.504798957236,19.107256476619,4804,10
103.170391472305,19.107706226447,4805,10
102.909325526968,19.5009246388289,4806,10
103.299652739749,19.3192821531667,4807,10
102.830297595948,19.4616783399063,4808,10
103.056138096054,19.3271991193291,4809,10
103.473677753595,18.6498387743034,4810,10
102.651972737039,19.3607457886426,4811,10
103.453009217769,19.1218090154371,4812,10
102.504745038026,18.9704772567154,4813,10
102.745261185703,19.2598329554436,4814,10
102.871546025874,19.2126429840838,4815,10
102.688085380795,19.2335093169927,4816,10
102.643654796012,19.4186709562731,4817,10
102.450434303239,18.7714903823649,4818,10
102.698071569089,18.7821740517928,4819,30
103.024591330023,19.353084082722,4820,10
102.604406792544,19.0286257958903,4821,10
102.694001258233,19.1680909016883,4822,10
103.197195561591,18.5785969826046,4823,10
103.084262884431,18.6067341292697,4824,10
102.819671579147,19.0726798254294,4825,10
102.878889249484,18.8892524373444,4826,10
102.772642808561,19.051656009106,4827,10
102.816293171633,18.6049739583785,4828,10
103.468110172876,18.691932819417,4829,10
103.469576268841,19.3319556362524,4830,10
102.542862954003,18.9624860511044,4831,10
102.894615022385,18.9727659455,4832,10
102.476430917694,18.9015035714416,4833,10
102.458790358669,18.5922821950681,4834,10
102.346183491862,19.4052214216448,4835,10
103.320677811126,18.5429967806381,4836,10
102.523452534082,19.300101879658,4837,10
103.446800741019,18.7841855374941,4838,10
102.690843415311,19.2791776707611,4839,10
103.29357610607,18.5560632011338,4840,30
102.620085098442,18.5380637422144,4841,80
102.316302518848,18.779933144131,4842,10
102.936681712419,19.2694966222155,4843,10
102.43276058129,18.7903451962944,4844,10
102.821135491828,19.0115230047412,4845,10
102.421148236216,19.1668682877882,4846,10
102.683560817318,19.367165354318,4847,10
102.383726414995,18.8656301630262,4848,10
103.420050501767,19.2741798222502,4849,10
103.012444095637,19.2727883324649,4850,10
102.255187923079,19.4602046949696,4851,10
103.11548371778,19.008185053122,4852,10
102.447203154945,18.5434372316648,4853,10
103.28258494356,19.4214390065963,4854,10
103.168558365399,19.109800498232,4855,10
102.32270214403,18.5771299078721,4856,10
103.089910996303,19.2670317120637,4857,10
103.167536196647,19.337818017696,4858,40
102.545503606666,18.9013751691345,4859,10
103.273711350134,19.0360874236133,4860,10
103.378922417378,19.4985697438743,4861,10
102.685361932945,18.5576844691587,4862,80
102.35361718701,19.1188170041172,4863,10
103.268064481734,19.4471465857059,4864,40
102.953207433815,18.9211876953023,4865,10
102.898348279443,18.9356626331398,4866,10
103.015891603081,19.0986290574742,4867,10
102.926842887652,18.6834539854944,4868,30
103.118601062579,18.5609051402235,4869,10
102.541516720028,18.8910594315672,4870,10
102.787029961624,18.9512283774084,4871,10
103.028968485133,19.1675774702203,4872,30
103.495391541873,18.6991118737368,4873,10
102.555552896219,18.9668574400716,4874,10
103.394339475168,19.2485648508701,4875,10
102.922436747324,18.5112650871553,4876,10
102.324312410595,19.2474519595004,4877,30
102.839184674097,18.7888059066782,4878,10
102.305518380742,19.0379818414188,4879,10
103.085501371217,18.6430489557973,4880,10
102.64868359961,19.265142309587,4881,10
102.683434231449,19.4876779524004,4882,30
103.379098496468,18.9128884330097,4883,10
102.499089501822,18.716171761142,4884,10
103.207293236196,18.6319683422835,4885,10
102.485685632459,19.1976598993528,4886,10
102.285229012687,19.0974778127535,4887,10
102.875868983967,18.745397509972,4888,10
103.256773567265,18.8374195767066,4889,10
102.928807043675,18.7983289723163,4890,10
102.291057352681,19.0607851839537,4891,10
102.906042026336,19.5001213559086,4892,10
103.078380405326,18.7632998673036,4893,10
103.355846140677,18.8900915003569,4894,10
103.431958706459,19.1275916462828,4895,10
102.638459859371,19.3680314112794,4896,10
102.67346174434,19.2032274268278,4897,30
102.676537376284,18.840293039706,4898,10
103.488933540015,19.2553090558748,4899,30
103.252417521177,18.9363363464636,4900,10
103.151058324872,18.9776545928899,4901,10
102.676832439053,19.0112982501059,4902,10
103.479200497787,19.1134277975011,4903,10
102.557794456645,19.369892142136,4904,40
102.283259022944,18.527652117828,4905,10
102.47279849924,18.5732505922476,4906,40
102.373446961421,18.847188271527,4907,10
102.356424139678,18.6122015394863,4908,10
102.398253391041,18.6328913805853,4909,10
102.558748123545,19.2241387638487,4910,10
103.361152147887,19.2426687257262,4911,10
103.222549049132,19.2605061958656,4912,10
102.958864511233,19.1693361750665,4913,10
103.300775521413,18.5578861355374,4914,10
102.726925110484,19.0959266720844,4915,80
102.981834047434,19.3791469871388,4916,10
103.405928763713,19.4604309294283,4917,30
102.492601894463,19.0193721566722,4918,10
102.335306129972,18.628980908857,4919,10
103.073468178939,19.3300694119929,4920,10
102.996868973747,19.0228789899161,4921,10
102.349239820419,18.859611419119,4922,30
102.336087759167,18.5346484450306,4923,10
102.576014022379,18.7081784494964,4924,10
103.178352871792,19.4721942032652,4925,30
102.523486695751,19.3872662820285,4926,10
102.630655585906,18.7738224169301,4927,10
102.866478960491,18.5305748182908,4928,10
103.092754279193,19.3961907102745,4929,30
103.254019788099,19.387738043854,4930,40
103.410825139536,18.9331746966199,4931,10
102.298345297543,18.8567078227488,4932,10
102.707847378145,19.4571540206842,4933,30
103.306977285184,18.5452794453767,4934,10
103.253782658962,19.1400423404298,4935,10
103.417142816814,19.3872319444136,4936,30
102.300209285507,19.3442183123134,4937,10
103.300884172545,19.2238154671886,4938,10
102.91429782734,18.5706674282247,4939,10
103.359908056424,19.0534020022988,4940,10
103.059315747826,18.8826523351226,4941,30
102.767287279568,19.2624186884913,4942,10
102.267287895003,18.5470903474343,4943,10
102.291268194999,19.1922584855025,4944,30
102.489767950505,19.4550524343801,4945,30
102.681501877179,19.1102074094577,4946,30
102.768912404391,18.7653630014467,4947,10
103.168815131048,18.6943540441704,4948,10
102.803692379388,18.7965447144585,4949,10
103.369422823668,19.0427620044653,4950,30
102.743047267472,19.1366267334126,4951,10
102.823174671476,19.1570300501097,4952,10
102.431601699935,19.3229931955772,4953,10
103.25753606545,18.8284526062963,4954,10
103.19241213348,19.4899282714671,4955,30
103.418250283675,19.2613356164904,4956,10
102.483729139732,18.9135204301895,4957,10
102.922496050897,18.8189685457151,4958,10
102.824418312616,18.6378923178886,4959,10
103.129680853777,19.3444620252258,4960,30
103.452858525713,19.0561079548714,4961,30
102.581895353709,19.0961827956872,4962,10
102.918063817814,19.3665465356214,4963,10
103.413377582536,18.5672001529949,4964,10
103.042552076143,18.605074745224,4965,10
102.344213279973,19.4424567395864,4966,10
103.266435565031,18.9337020849245,4967,10
103.204976308937,19.3612523786592,4968,10
102.379567404984,18.7067208371595,4969,10
103.235931964196,19.121894147971,4970,10
102.38121094174,19.4401240430359,4971,10
102.599660014315,18.7850742938281,4972,10
102.25754738429,18.5637846627596,4973,10
102.887964586926,18.8290175005923,4974,10
102.385310559003,19.3761782899762,4975,10
102.268536025312,19.1001178513068,4976,30
102.709019996842,19.1515762819655,4977,10
102.805823117422,18.7816392881023,4978,10
102.562364463512,19.1001383853719,4979,10
103.390568904491,19.4051548240222,4980,10
102.504329531254,18.5160542941921,4981,40
102.960441658767,19.0701417861387,4982,10
103.33961208769,18.5921866803975,4983,10
102.673671886574,18.9604259206813,4984,80
102.68601839558,19.2203880474514,4985,10
102.777542809104,18.766094795168,4986,80
102.511733067751,19.4283718172592,4987,40
102.359231540125,18.5116913204628,4988,10
102.771792255122,18.8463922203889,4989,80
103.138382752503,19.3444728158524,4990,40
102.844496485149,18.9065874034453,4991,10
102.39462198271,18.8284950663446,4992,10
103.356843876538,18.7842673539418,4993,10
103.016443724605,19.1178730342155,4994,10
103.168453244876,18.5232396347392,4995,10
103.088174789994,19.015275746762,4996,10
102.905426212895,18.8008365860539,4997,10
103.370213782351,18.90326306451,4998,10
103.344180896263,18.8750057532353,4999,10
102.448587606905,18.9065354931568,5000,40
102.418255403181,18.9898368342883,5001,10
103.362903529392,18.577414588464,5002,10
102.884450123487,19.1959131558226,5003,30
102.774514096005,18.5750817516439,5004,10
103.210205554147,18.5056059828001,5005,10
102.632420063509,18.6449275156511,5006,30
103.046581622308,19.2472741278692,5007,30
102.300411387445,18.6774810185782,5008,10
103.441934285304,18.7719902713289,5009,10
102.569917664087,18.5128799956974,5010,80
102.525693738601,18.5824493584077,5011,10
103.105973841123,19.4274871767609,5012,40
103.413668100673,19.1380259560476,5013,10
102.542195450096,19.0673394121082,5014,10
103.192035437348,18.6797964042152,5015,30
102.395461088028,18.8519577800315,5016,10
103.352792245334,19.4989569917236,5017,10
103.018537753755,18.810567533269,5018,10
103.466769118547,18.5866598105787,5019,30
103.418157501285,19.491082766378,5020,30
103.178961920002,18.8321153353588,5021,10
103.002700575629,18.7384717354073,5022,30
102.591774190419,18.8830944046308,5023,10
103.212298496973,19.1288757445903,5024,10
102.89504328386,19.4174781821572,5025,30
103.008239262342,19.257634408844,5026,10
103.249819955252,19.3577056767892,5027,30
102.568749881185,19.1471377730816,5028,10
102.470499608995,19.181926899098,5029,10
102.796375902751,19.0531909710457,5030,10
103.369374887225,19.3696832583355,5031,30
102.596466558335,19.2440142419608,5032,10
102.550922870701,18.5869326585793,5033,80
102.702675617488,19.0073274759379,5034,10
102.798545330611,18.8815429303326,5035,10
103.122252575881,19.1860092499313,5036,10
102.691362973607,19.3702905305417,5037,10
102.627097331273,19.4929874185384,5038,10
103.31309461716,18.8332658211001,5039,10
102.259785301092,19.4283007740691,5040,10
102.827839587872,19.1425377592873,5041,10
102.460133495377,19.3195012395642,5042,10
103.205534603711,19.0220389373101,5043,10
102.52399546688,18.8263697625765,5044,10
102.541848049536,19.2803163065,5045,10
103.22312477691,19.393867785809,5046,10
103.223041059237,19.2647684230915,5047,10
102.821286768153,18.552755423656,5048,10
102.38162948822,19.0543867356025,5049,10
103.441249458289,19.4618835548947,5050,10
102.298843766157,19.2688028287518,5051,40
102.437406881344,19.4570300583597,5052,10
103.1201084759,19.2146822880418,5053,10
102.785689800391,19.3892614749431,5054,10
102.373561301217,18.6377194747741,5055,10
102.995410542491,18.9655717285412,5056,10
103.014741631429,18.9101743790127,5057,10
102.901958105883,19.3704873598074,5058,10
102.989394908445,19.0804242600979,5059,10
103.188079116281,19.4326504604874,5060,30
103.359789681246,19.4118316134792,5061,30
102.982463811956,19.2799910095149,5062,10
102.839747412986,18.7274353695966,5063,10
102.490821149951,19.2871739951156,5064,30
102.814909187759,19.4320308144619,5065,10
102.366482615577,19.2697591103858,5066,10
102.559895924342,18.5611815719486,5067,80
103.257969617398,19.2351976991351,5068,10
103.346414115731,19.0819026228397,5069,10
103.479056371727,19.2412578404723,5070,10
103.219344833531,19.4615884030366,5071,30
102.740265019355,19.3582648132695,5072,10
102.263477686743,19.099744731362,5073,30
102.402032834388,18.706591163938,5074,10
102.357631350093,19.0649118400667,5075,10
102.818188218416,18.662553926627,5076,10
103.166044478221,18.7588359894317,5077,10
102.272753578674,18.704098680794,5078,10
103.07288497297,19.4636088209813,5079,10
103.372323788747,19.4184276071678,5080,10
102.56946886329,18.5322703782787,5081,80
103.322895413171,19.0725581545281,5082,10
102.773167550828,18.8074842460384,5083,10
102.353309666288,19.1528245253433,5084,10
102.954327932377,18.6696141714173,5085,10
102.881675584553,19.1337917447514,5086,30
102.40505193498,19.3132161870868,5087,10
103.029185969943,19.4286890002933,5088,30
103.381036894743,18.7447547795678,5089,10
102.482600517864,18.9781638489526,5090,10
102.633298841245,18.9430352028946,5091,10
103.156616406486,18.8293579722796,5092,30
102.880061737383,19.2792743158732,5093,30
102.862871636462,18.9623140721932,5094,10
102.949626757562,19.1114684122443,5095,10
102.685894927875,18.8526139302345,5096,10
102.826245540816,19.4505749305415,5097,10
102.848839853251,18.9357690811748,5098,10
103.22480550857,19.498491358344,5099,30
103.004558056754,18.898243190417,5100,10
102.537457735695,19.3879084569651,5101,30
102.981317567912,18.5704399676434,5102,10
102.686093337476,18.9386330096599,5103,80
102.989039131606,18.8731017106052,5104,10
103.319466457961,19.28610512981,5105,30
102.676529192527,19.1742945309273,5106,10
102.815340150067,18.8606244712828,5107,10
102.673355820706,18.8429867197577,5108,10
102.609585430664,19.4248934721402,5109,30
102.702242819477,19.1560182849648,5110,10
102.975931792186,18.6225266784859,5111,10
102.768128239925,18.8302780501473,5112,10
103.182759121773,18.7573004114477,5113,10
102.831939660817,19.1554248060304,5114,10
102.312576702567,18.6322216849556,5115,10
102.540748829356,18.549490743989,5116,10
103.177342308328,18.7043601454463,5117,10
102.599421841311,18.7299550333506,5118,10
102.918706629722,19.3431249734932,5119,10
103.115080768671,19.4890363898889,5120,60
102.782080574011,19.0945314619965,5121,10
103.151042343112,19.10429656527,5122,10
103.316191712097,19.0625065284142,5123,10
102.579087318077,18.8608016823591,5124,30
102.957884776561,19.2636944284466,5125,10
102.533596219588,18.9504901638473,5126,10
102.59116611104,19.2933701476944,5127,30
102.911624143152,18.9684914342615,5128,50
103.001883109111,18.9085669477276,5129,10
103.402997980143,18.8890416675709,5130,10
103.169886010957,18.714791092238,5131,10
103.291941256097,19.2057693695686,5132,10
103.463245851629,19.3899537010388,5133,10
102.803136620428,18.9250566637375,5134,10
102.369662553486,18.8001864346922,5135,10
102.463783253048,18.6716683524927,5136,10
102.279473654539,18.686918665299,5137,10
103.020394891743,18.9734743868846,5138,10
102.981098500434,18.5905761732552,5139,10
102.876876149334,18.8019368784232,5140,10
103.230137312358,19.2827326158194,5141,10
103.055390593251,19.449032237502,5142,30
102.875144592522,19.304891615763,5143,10
102.856197346879,19.4628173934125,5144,10
103.284844493577,19.2498382159102,5145,30
103.261380635034,18.7381594051181,5146,10
102.728137629731,19.2764978069455,5147,10
102.744139737216,18.8813573407435,5148,10
102.639573526908,19.4358465282101,5149,10
102.259091531874,19.0097570085456,5150,10
103.202749650181,18.7179249991479,5151,10
102.7634632213,18.6242244613046,5152,10
102.859334155661,18.9805804675535,5153,10
102.593732332032,19.2621436353066,5154,10
103.165346868914,18.9861070157939,5155,10
102.768772622128,18.7113822966559,5156,10
102.366546240671,19.3820338808153,5157,10
102.315023939012,19.155561464891,5158,30
102.445857867856,19.0720961353879,5159,10
102.437446613045,18.9234069049423,5160,30
103.312914284465,19.2668034767859,5161,10
102.516997788624,18.6450170010297,5162,10
103.285974440759,19.1668530070664,5163,10
102.310313126549,19.4981332673618,5164,10
102.350756913485,18.6405022079925,5165,10
102.714403012173,19.4170811622546,5166,30
102.295827550614,19.1435863297965,5167,10
102.412779296747,18.8221684718069,5168,10
102.847422298198,19.020240800847,5169,10
103.421465884531,19.0283813780164,5170,10
102.962805345427,19.3150842248738,5171,10
103.251726210615,18.5497529676973,5172,10
102.762330950484,19.3053507089826,5173,10
102.516616104216,19.424786897294,5174,10
103.45768635434,19.3487346617286,5175,30
102.928545944528,18.829125596155,5176,10
102.561270342736,19.1170401408152,5177,10
102.354661477505,18.5786851398325,5178,10
103.408803273652,18.9404277159042,5179,10
103.030857687155,18.6428362175781,5180,10
103.010742127708,18.8214120245584,5181,10
103.23083104962,19.3358713485455,5182,30
103.131001181988,19.2948466046653,5183,50
102.67421458572,19.108967622253,5184,10
103.234734378199,19.0358667411578,5185,10
102.539841908785,19.3643663050589,5186,30
103.230572670891,18.6365838997769,5187,30
102.380948873837,19.5008493666915,5188,0
103.235039044844,18.8912534457973,5189,10
102.916113725736,18.631627796404,5190,10
102.287168889026,19.4959655868585,5191,10
103.294734020422,18.9343371160844,5192,10
103.214631942251,18.5034226916002,5193,10
102.598766288669,18.6776067078218,5194,10
103.004431485263,18.507788845721,5195,10
102.699072638266,19.2394267649249,5196,10
103.177648761232,19.0119319863693,5197,10
103.04944530193,18.819982579355,5198,10
102.791776871653,19.1419381955097,5199,10
102.301636448943,18.8132939307445,5200,10
102.348227357201,19.4842913875527,5201,10
102.988379887866,19.3525783515365,5202,10
102.886067076034,19.4843798694038,5203,10
102.831544408759,19.1615741452851,5204,10
103.428865025218,18.9707924452136,5205,10
103.036109060121,19.2812049280838,5206,10
102.85540985762,18.7781220099816,5207,10
103.404426727893,18.6183958243749,5208,10
102.284119812669,19.0662802759151,5209,10
103.413463369832,19.3380386662113,5210,10
102.549822590718,19.2743130807988,5211,10
102.33227872559,19.0786913488706,5212,10
103.446923902755,19.1880327448846,5213,10
102.969714905254,18.528556749958,5214,10
102.775716497243,19.3377355270566,5215,10
102.923792227277,19.0380286031212,5216,30
102.274361852175,19.1769432465951,5217,10
102.600226036012,19.4367465424207,5218,10
102.838139899212,18.6177781338887,5219,10
102.917000018706,19.1955949916421,5220,10
102.951768630565,19.3040092949159,5221,10
102.969463275446,18.9717526081926,5222,10
102.628309636039,18.9585706183512,5223,10
103.400922459289,19.1621288219806,5224,10
102.512534282049,19.4706696902101,5225,10
103.318779775039,18.6795447654082,5226,10
102.348705027566,18.9758924741599,5227,10
102.828202170737,18.9905873897958,5228,10
103.221132608319,18.692259486237,5229,30
103.371606318883,18.983419480444,5230,10
102.999394690485,19.2591045773244,5231,10
102.257195894541,19.1561578821174,5232,10
102.461533746397,19.3306777618002,5233,10
103.391517678599,18.7811600736134,5234,10
102.309625659006,19.2804366115663,5235,40
102.266406228299,19.0690815853166,5236,10
102.383232116918,18.8095815215031,5237,10
102.826782580076,18.7277163301956,5238,10
102.581959358985,19.1083042484451,5239,10
103.196975744772,18.8337986111821,5240,10
103.272909628996,18.5590971709957,5241,10
103.180175380299,18.5988456673781,5242,10
102.296518800878,18.8330497976768,5243,10
102.972022263305,18.9781418848478,5244,10
103.198120026519,19.3973204977054,5245,30
102.499179363164,18.6021965872223,5246,10
103.074237661634,19.389942662998,5247,40
103.454739112749,19.0473939982857,5248,10
102.800297539831,19.271175752031,5249,10
102.302963294449,18.8930708678371,5250,10
102.520864910814,19.3741044682323,5251,30
103.409190608513,18.5728976177334,5252,10
103.480540698203,18.9976657537649,5253,10
103.476935181891,19.4111200323007,5254,30
103.467258715365,19.1084193728279,5255,10
102.562864465085,19.0503507740252,5256,10
103.039613227933,19.3884685467526,5257,30
102.954358054814,18.7747267702597,5258,10
102.799071494733,19.4027727009342,5259,10
102.470203968172,19.2148546765243,5260,10
102.848360036498,18.5682222252276,5261,10
102.367416718712,18.686850315549,5262,10
103.065104913067,19.2484503678309,5263,10
103.291466114134,18.5222001430933,5264,10
102.519077440216,18.9409072060547,5265,10
102.679567235644,18.9527026390607,5266,10
102.693998604541,18.6120117208089,5267,80
102.650033194671,18.6680562269309,5268,10
102.610019162607,19.044683316235,5269,10
102.539974487362,18.8882566665359,5270,30
102.828106161462,19.1370932956666,5271,10
102.569510890054,19.464720717987,5272,30
103.084868384922,18.8477264414061,5273,10
102.356384592843,19.0990265701989,5274,10
102.339244176805,19.1785432033262,5275,10
103.072403664147,18.6950333885583,5276,10
103.245952679595,19.0744963896887,5277,10
103.045312766502,18.660801061934,5278,30
102.986044734705,19.2195224577703,5279,10
102.835669573265,19.4020254708205,5280,10
103.363868700231,18.7675713002208,5281,10
103.186726666791,19.3297601429456,5282,10
102.27014347143,19.398297035497,5283,10
102.87882708102,19.0064205936447,5284,10
102.867940955387,18.5819615243455,5285,10
102.767235880479,19.4024490955176,5286,10
102.302001010088,18.8347602476379,5287,10
102.449842940285,18.778667580284,5288,10
102.433482716217,18.8921542428914,5289,10
102.585802716966,18.9648769248135,5290,10
102.737711564817,19.2284629635837,5291,10
102.511358404744,19.2529922845398,5292,10
103.397145503306,19.1591026531691,5293,10
103.08172879312,18.7525650134407,5294,10
102.268110398225,19.1574786591371,5295,10
102.315737878865,18.9899046922413,5296,10
102.91620656188,18.8687414098332,5297,30
102.897390859686,18.5735496470656,5298,10
103.098410312056,19.4451915012058,5299,30
102.745105278246,18.8398907383243,5300,10
102.928843279212,19.3141973574534,5301,10
102.485173593626,18.5975888003835,5302,40
103.205216416284,18.6909496649131,5303,10
103.094678284359,18.8332793492779,5304,10
102.921582802447,19.4218294080449,5305,10
103.313237552592,19.3245651146697,5306,10
102.921110735828,19.2100112342908,5307,10
102.486112434639,18.8995926968868,5308,10
102.396566172301,18.9453631495296,5309,10
102.886009354131,18.9372995341881,5310,10
102.994290291741,18.8725392022218,5311,10
103.228000291925,19.3510643126597,5312,10
103.257753129873,19.0929330236635,5313,10
102.271602473278,18.6127646480738,5314,10
102.672982030269,18.6181895223965,5315,80
102.947924770759,18.5485774210401,5316,10
102.26295662123,18.7232999647651,5317,10
102.891658091402,18.5494654114318,5318,10
103.112542339509,18.8516415218832,5319,10
102.360295163307,19.1966727614125,5320,10
103.090829689342,19.3133307270615,5321,30
102.859867167009,18.8346409379847,5322,10
102.395540786576,18.6309176234096,5323,10
102.424500400451,18.9871471181617,5324,10
102.547219919788,18.6844483771604,5325,80
102.421766043773,19.2818837489784,5326,30
103.465122615761,18.5447677986381,5327,10
102.743169559834,18.8886592033171,5328,10
103.45513388756,18.8613114345994,5329,80
103.498778538234,19.12732015725,5330,10
102.956491497705,19.1317398701528,5331,10
102.411794418123,18.5565334188605,5332,10
103.046941048763,18.9767810302486,5333,10
102.588021026306,18.5691522104093,5334,80
102.982324794918,18.5947664903186,5335,10
102.911501606227,18.7381929376076,5336,10
102.639621385535,19.2524449134983,5337,10
102.457595977194,18.7008679704902,5338,10
103.46830973166,18.7012303776203,5339,10
103.453009641431,18.5728167385304,5340,10
102.782650900851,19.4099426419865,5341,10
103.332070299868,18.9185618942503,5342,10
103.137930904884,18.9619026449498,5343,10
102.253651685924,19.1074794812809,5344,10
103.146938838967,18.5076700542703,5345,10
103.357336817937,19.2161996973605,5346,30
102.432377971175,19.2903958838641,5347,30
102.3393530301,19.2767803774259,5348,40
102.895583409422,19.4812853319948,5349,10
102.542956000975,19.0311037676684,5350,10
103.161006364594,19.3319180970978,5351,40
102.561659358881,18.8297010859636,5352,10
103.470331590615,18.5451219449379,5353,10
102.933870392046,19.3126505230336,5354,10
103.054268666696,18.7953418907549,5355,10
102.604916099112,18.8002004067398,5356,10
102.432691481161,18.6745988198715,5357,10
102.9022679735,18.5816416733601,5358,10
102.615305080525,19.2806604394488,5359,10
102.410446189719,18.7790007832993,5360,10
102.46044642871,19.3826190564939,5361,10
103.29266456022,19.1519631529588,5362,10
103.483438593451,19.0851365053237,5363,10
103.223536085573,18.6162141506493,5364,10
102.859021399931,19.4564072215656,5365,10
102.954195855053,19.4348932073364,5366,10
103.23635607988,18.8706980415494,5367,30
102.915618925794,19.4731916581482,5368,10
103.211501071925,18.7380791171686,5369,10
102.306783261201,19.0486066852265,5370,10
103.381806350191,18.8456761753908,5371,10
102.960271264226,18.6073999512049,5372,30
103.432544633664,19.2391642928864,5373,10
102.773198311781,18.7738061210967,5374,10
102.320727201021,19.4564238075584,5375,10
102.76295189249,19.010421358979,5376,10
102.820645081219,18.961368492862,5377,10
103.003938685972,19.3616138218907,5378,10
102.636827165821,18.9170531954256,5379,10
102.864594300275,18.6033877275907,5380,10
103.317643891088,19.4323584379988,5381,10
102.836529044499,19.3305332851494,5382,10
103.252820924559,18.8121874832005,5383,10
102.262136487833,18.9752513421452,5384,10
102.744161466188,19.1445846457625,5385,10
103.375552552867,18.835800629715,5386,10
102.45729732403,18.9241208303085,5387,40
103.272695100799,18.9369442669867,5388,10
102.795753715896,19.0287671429713,5389,10
102.633775524767,18.8658935316549,5390,10
102.44137663826,18.8714821056101,5391,10
102.498560534021,19.3231532940011,5392,30
102.553566154104,19.1299970374085,5393,10
103.175378241342,19.1739191135418,5394,10
102.33842655424,19.4706748193606,5395,10
102.982683207157,18.8118770014351,5396,10
103.484410247867,18.9324538685263,5397,10
102.893572014631,18.6542918573674,5398,10
102.824863070518,19.063975159895,5399,10
103.234689114744,18.5977973669241,5400,10
102.750176517249,18.5457609952199,5401,80
103.143922980536,19.0200612206706,5402,10
102.936854655864,19.485749219804,5403,10
102.782956144117,19.4931659904217,5404,10
103.302773802314,19.0221363446056,5405,30
103.05019863118,18.7370775338054,5406,10
103.119059484592,18.5218957542883,5407,10
102.981564460532,18.955954707953,5408,10
102.944454976828,19.4976471990103,5409,10
103.179878205213,18.5087247252332,5410,10
102.82469368206,19.1580333540436,5411,10
103.261498898007,19.1481037829162,5412,10
102.575244885457,19.1801176220516,5413,10
103.288066563081,18.6507622700147,5414,10
102.533511883131,19.4850824186592,5415,10
102.867030202289,19.4088752292404,5416,10
102.725210233991,19.1761245004144,5417,10
103.214282127779,19.2328895340235,5418,10
103.405810895389,19.2076105902964,5419,10
103.161915236993,19.2862788247792,5420,10
103.128507676955,19.1274482552407,5421,10
102.501105759045,18.9891189102769,5422,10
103.135203480275,19.3858378762579,5423,10
103.323969612805,19.0280116917143,5424,10
103.283252160725,18.7768865339853,5425,10
102.472326571185,18.7363694163894,5426,10
103.064351960717,18.9279922611311,5427,10
102.933393984371,19.3886452058121,5428,10
102.926576358844,19.3414820914075,5429,10
102.466982061176,19.2162387222828,5430,10
102.758587170378,19.2115824853477,5431,10
102.982196705016,19.0546831217353,5432,10
102.2618538169,18.574131205136,5433,10
103.239796963913,19.4574811890999,5434,30
103.378371502619,19.252092085772,5435,10
103.201926709497,18.7443205616657,5436,10
102.890349057061,18.5882903925976,5437,30
103.069831099228,19.2869505938178,5438,10
103.168031344891,19.4109766954996,5439,30
102.462033546329,19.099862329935,5440,10
102.41623686926,19.4782125062888,5441,10
103.127470892092,19.051452008557,5442,10
103.081662504695,18.8722013439735,5443,10
102.264193098819,18.8916595649481,5444,10
102.419009342782,18.5075442658034,5445,30
102.881346683753,19.3163614272378,5446,10
103.168995046475,19.0587276613001,5447,10
102.832629948049,19.3556667246537,5448,10
103.175968261289,19.4688107439048,5449,30
102.399854958757,18.8549475163825,5450,10
102.444359153677,19.0588340544985,5451,10
103.357645928262,18.9643451798681,5452,10
103.159978591511,18.7735488370202,5453,10
103.036208238834,18.5855112581538,5454,40
102.989455501598,19.13971385888,5455,10
102.823620232584,18.8573444308847,5456,10
103.330671845579,18.8120435615558,5457,10
102.794307655259,18.8024335935334,5458,10
103.063982235609,19.3505291423475,5459,10
103.177409894847,19.0946742190656,5460,10
102.742869831681,18.9485928341789,5461,10
103.469374869938,19.080995121809,5462,30
103.185840590234,18.838837054031,5463,10
103.435394512712,19.1371859158767,5464,10
103.417347693851,19.2975840166782,5465,30
102.76803311018,18.9100938495008,5466,80
102.529134054215,18.5884491529542,5467,10
102.843894109564,18.6406446031555,5468,10
102.467164298953,18.8566701245867,5469,10
102.9900101536,18.5529465036332,5470,10
103.119875097267,19.1346708145266,5471,10
102.668775211504,19.2806138203059,5472,30
103.355866524737,19.3442544287852,5473,30
103.300851715138,19.1388411075021,5474,10
102.369884110063,19.2398168591658,5475,30
103.411130027145,18.7073759704455,5476,10
102.638500799244,19.0107730897119,5477,10
103.395625309477,19.4601829604187,5478,10
103.0297610816,19.0647790254524,5479,10
102.524619530708,18.7256329465451,5480,10
102.660047738797,19.2073163936144,5481,30
102.384386061925,19.2165167235002,5482,10
103.362789233148,18.944532481062,5483,10
102.822817296788,18.5172117375528,5484,10
103.250913077059,18.9860017157253,5485,30
103.032855157088,18.9990388804284,5486,10
102.623607557356,19.3986017464839,5487,30
102.789599059654,19.3805057597244,5488,10
102.706378478335,19.0416504072457,5489,10
102.540010793312,19.2038735480766,5490,10
102.743132205169,19.3934271292528,5491,10
102.877516757937,18.6725132832469,5492,10
103.382366611477,19.0088152665008,5493,30
102.810138229172,18.870146463881,5494,10
103.424523672421,19.1712779895229,5495,10
102.999686642921,18.7870815130649,5496,10
102.552591715934,19.2242984529832,5497,10
102.645463538187,19.4793194006461,5498,10
102.732875438781,18.9271298025266,5499,80
103.386061235435,19.2575322794815,5500,10
103.045552914951,18.5592437500308,5501,10
102.260000694449,19.2612803758646,5502,10
102.883530599654,19.4042024934206,5503,10
102.270101321215,19.4079548045115,5504,10
102.53054744696,18.5039392887119,5505,10
102.872346773457,19.3919684393052,5506,10
102.729401884221,19.166299243659,5507,10
103.428583345579,18.9047676007808,5508,10
102.877381951542,19.057655504638,5509,10
102.865311430855,19.4116605151486,5510,10
102.593206424918,18.9430803572465,5511,10
103.176548153309,18.7370096458169,5512,30
102.477927384206,19.2242011441516,5513,30
103.036155500834,18.6692636755869,5514,10
102.27826711708,19.0091429340062,5515,10
102.254333749385,19.4121020788346,5516,10
102.64225210072,18.5991589187147,5517,80
102.685454969985,18.8415872800745,5518,10
102.854466075245,18.8708058398376,5519,30
103.128795318062,19.2995954619338,5520,40
103.159160639473,18.7023647005424,5521,10
103.163325130218,19.1069330900832,5522,10
102.843651051755,18.6608077966585,5523,10
102.836448393537,19.122550419208,5524,10
102.459154815795,18.9532107514536,5525,60
102.282986192315,19.4059654844208,5526,10
102.460087686915,19.0443321860016,5527,10
102.361661512221,19.3103798841814,5528,10
102.562100722162,19.1596834662683,5529,10
103.362652704824,18.5489066535068,5530,10
102.722692806586,19.4293337317466,5531,30
103.260441973499,19.210245624415,5532,10
102.403662179177,19.5007652614252,5533,0
102.877140834387,19.0708698728688,5534,10
102.733207856776,19.3323356508469,5535,10
103.205585595826,18.5559548298435,5536,10
102.460896863696,19.10060870979,5537,30
103.042224194812,19.40785469559,5538,40
102.925093801127,18.9201312075686,5539,10
102.800848399209,18.9663155675162,5540,10
102.972718838363,19.1628079204781,5541,30
103.085307324009,18.7153774672823,5542,10
102.710216971939,18.9848032529283,5543,10
102.676197710224,19.4026520266881,5544,30
103.241306998404,18.9892854718486,5545,10
103.141472200024,19.079678323705,5546,10
102.386201269978,18.9556050293919,5547,10
102.498098094968,19.4664872148434,5548,10
102.682424594883,19.3316232551244,5549,10
102.290011426053,18.6805442977108,5550,10
102.534439123332,19.3088701377626,5551,30
102.572505879844,18.7317219228035,5552,10
102.792788518146,19.47539202441,5553,30
102.278500219572,18.5049505998148,5554,10
102.965080471726,19.3015567527624,5555,10
103.308586675634,19.3400339285537,5556,10
103.332453910291,19.0177087892976,5557,10
102.657129260799,19.1133347165133,5558,10
102.643586059841,19.1373316606206,5559,10
103.354910394458,18.8105858037778,5560,10
102.718160456887,18.725136900353,5561,10
103.372548582969,18.5531222756273,5562,10
102.278636726572,19.3323166369054,5563,10
102.931409291585,18.5069857427905,5564,10
102.484490525316,18.7532303688858,5565,10
103.337292840277,19.1204988026223,5566,10
102.385652506605,19.1580030964248,5567,10
103.31696178648,19.2394384593016,5568,10
102.569093297719,19.1843082583349,5569,10
102.967988414072,19.476789491497,5570,10
103.442141176756,19.2240919287584,5571,10
102.357443643487,19.2200082310398,5572,10
103.445212454009,19.2312681577572,5573,10
102.303897699363,18.6641274031702,5574,10
102.912149308028,19.1617620757769,5575,10
103.447540208376,18.6702643812275,5576,10
102.782489482429,18.7515206536782,5577,10
102.884260279587,19.4010999365538,5578,10
102.443522264771,18.7909769983232,5579,10
103.090323320081,19.0028968125694,5580,10
102.746459194224,18.7899232715135,5581,10
102.530429183499,19.2014924021128,5582,10
102.628274867515,19.4760318360761,5583,30
102.676030762948,19.109919199897,5584,10
103.387912201779,18.5689772932586,5585,10
102.936340472459,18.8317955592371,5586,10
103.059361769697,19.3695675549767,5587,30
103.451417894206,19.1008568445928,5588,10
103.086459201939,18.8543560601024,5589,30
103.108898426674,19.2727102630559,5590,30
103.457180359614,18.6454179736924,5591,10
103.433104673498,18.8874540988083,5592,10
103.480425619867,18.9354712640924,5593,10
103.06929190977,19.4304087853022,5594,30
103.105436321011,18.8071598097417,5595,10
102.343273637521,19.1732369918605,5596,10
102.262120020048,18.9450755196407,5597,10
103.34479235833,18.7941845056783,5598,10
102.5501845762,19.299260455307,5599,30
103.157129917209,19.3535083071401,5600,30
102.701178394317,18.7620897902055,5601,10
103.085533233875,18.9397028173253,5602,10
102.803336831741,19.0313834156918,5603,10
102.462112712295,18.6756949508095,5604,10
103.339917052123,18.9086421373396,5605,10
102.940033416159,18.911100679977,5606,10
103.444579439148,19.1871183800856,5607,30
102.878768570213,19.2062645450851,5608,10
103.290391692071,19.0780626626436,5609,30
103.002063029046,19.0412143129147,5610,10
103.424182547239,18.6011636837436,5611,10
103.086006456133,18.5754866529335,5612,10
102.379069659945,18.8302069819148,5613,10
103.49648715613,18.661879387308,5614,10
102.638265750899,19.3321383791175,5615,30
102.900627493382,19.2609011304339,5616,10
102.428869673652,18.7810652033167,5617,10
103.132082311166,18.8671781645153,5618,30
102.849256718844,19.0284233375251,5619,10
102.843372097218,18.8559687093573,5620,10
102.515817366078,18.9029776945542,5621,10
102.308086884951,19.3364367629837,5622,10
102.40283867688,18.838677703487,5623,10
103.209760410538,19.2605593692177,5624,10
102.533728998441,19.1944607947823,5625,30
103.335487593218,18.8327768057739,5626,10
102.337356607941,19.1266666268165,5627,30
103.238533115148,18.6457077659746,5628,10
102.346157944923,18.5608942512106,5629,30
102.90983714661,18.9435786075311,5630,10
102.276718842833,18.7278383446922,5631,10
102.253413363406,18.5464412700999,5632,30
102.75657218375,18.743088930057,5633,10
102.916639691452,19.3447626976224,5634,10
102.306711900073,18.7259624635237,5635,10
103.2107073022,18.9125672905707,5636,10
102.941580085483,18.9454867615806,5637,10
103.484150160795,18.8719950634394,5638,10
102.965057786824,19.0941449076264,5639,10
102.776304877507,19.114781254624,5640,80
102.690256009807,18.6225249245972,5641,80
102.503149065637,18.774650170286,5642,10
102.770248196218,19.3921162195106,5643,10
103.040267613893,19.0949762044926,5644,10
103.142302157724,19.1659985816976,5645,10
102.972336619496,19.0868818692492,5646,10
103.218200944653,18.7684482183831,5647,10
102.73926919055,19.1824070702258,5648,10
103.07879416672,19.0358037483154,5649,10
102.917780700884,19.3139702637508,5650,10
103.175816036799,19.1380396798174,5651,10
102.923637741135,19.210676352305,5652,30
102.287077340159,19.3253992849806,5653,10
102.441400206326,18.9626593016877,5654,30
103.282576858272,18.5168808737686,5655,10
103.18547177897,19.1043201109182,5656,10
103.466711115088,18.7534895715021,5657,10
103.44211871154,18.6112830177576,5658,10
102.831092380584,19.157344941901,5659,10
103.422664824422,19.3938470743859,5660,30
102.430179602038,19.2406294971181,5661,30
102.573874728287,18.5172027111814,5662,80
103.068271026085,18.7653619305876,5663,10
102.797509553452,18.5308503550276,5664,10
102.513273124987,19.4088711619863,5665,30
103.047232777934,18.6280681465185,5666,10
102.258627225879,18.919253937084,5667,10
103.221778526757,18.800697764063,5668,30
103.380933956526,19.165205490802,5669,10
102.825366523523,19.1187228224354,5670,10
102.835130978518,19.1326333642953,5671,10
103.38072896249,18.670963154295,5672,10
103.237849655796,19.0014000427642,5673,10
102.465040497136,19.2089708915544,5674,10
102.356819020046,19.1196151998546,5675,10
102.31753737723,19.3185419418981,5676,30
102.973356897591,18.9473894240432,5677,10
102.580386115716,19.0467483006976,5678,10
102.645529472189,18.7877694111914,5679,10
103.129723031393,19.3650011259788,5680,30
103.035367488266,18.7679092332717,5681,10
102.465387645591,18.9340835896144,5682,30
102.946215527559,19.4740838487252,5683,10
103.020193789288,18.7368187860399,5684,10
102.914093976502,19.2660266987899,5685,10
102.589132048919,18.6913133187788,5686,10
103.324758093642,19.4991187849208,5687,40
103.211944093862,19.2738754867573,5688,10
102.271226385883,18.8657264063122,5689,10
103.351338310387,18.8375317389218,5690,10
102.436723845987,19.4138185057499,5691,30
102.717930315343,18.8717901478974,5692,10
102.836878368736,18.7384128875174,5693,10
102.633991170714,19.1154425021429,5694,10
102.696722712556,19.0247589644609,5695,10
103.423542104733,18.934030281265,5696,10
103.240487064123,19.3703340785798,5697,10
102.47497502491,19.4389131549111,5698,10
102.633546782263,19.3005581484836,5699,30
102.89149355088,19.0795305558492,5700,10
102.905150563792,18.5691084043626,5701,10
102.360315058381,18.5672520802528,5702,10
102.899573064682,18.5982021733693,5703,10
103.466121751775,19.4606805295996,5704,10
103.271365034006,19.0929898041543,5705,10
102.716569529202,19.3423436836286,5706,10
102.991799016162,18.5378721794969,5707,40
102.985378907109,18.7091260374145,5708,10
102.831838084621,19.1729420822909,5709,10
102.787890404362,18.9025857265413,5710,10
103.284307018127,18.6242465484943,5711,30
102.477917456459,19.4429527457711,5712,10
102.534888545806,19.3386046389183,5713,10
102.934301720659,19.0728636824461,5714,10
103.098807435971,18.9293382851584,5715,10
102.953064714102,19.2880443217998,5716,10
103.2512447336,19.1982019061211,5717,10
103.039440608672,19.2596475359906,5718,10
102.250199019849,18.9345620682128,5719,10
103.234165157693,19.25142720294,5720,30
103.339192664517,18.6023373672932,5721,10
102.466470724329,19.222134751914,5722,10
103.3374164255,19.147599637473,5723,30
102.649925088767,19.3707153605796,5724,10
102.300609932298,19.4152744997564,5725,10
102.308773447873,18.8656385009546,5726,10
102.86593012396,19.0001611522981,5727,10
102.642581483826,19.3714926838114,5728,10
102.586374523564,18.664552924912,5729,10
102.973097551006,18.7078917755901,5730,10
102.769788582405,18.7085186952644,5731,80
103.116306165834,19.3479853499904,5732,40
103.000549188181,18.5718784133071,5733,10
102.286213752055,18.9115184103531,5734,10
102.924324078836,18.800070098688,5735,10
102.321622286433,19.3762682845885,5736,10
102.577938053803,18.6263534840219,5737,30
102.755665511995,18.5693954238178,5738,30
102.406559114174,19.4708230346667,5739,10
102.849553797596,18.6120496146985,5740,10
102.751230177562,18.7837744557931,5741,10
102.612655381592,19.3482782658874,5742,10
102.298870976152,19.1396203120912,5743,30
103.121880379224,19.0997087541251,5744,10
102.437547544035,19.2048680198848,5745,10
102.644517680547,18.939580679385,5746,10
102.362301525133,18.9345845517886,5747,40
102.941787200013,19.2665097169112,5748,10
103.030695388741,18.8864724356604,5749,10
103.104157351364,18.8435054151063,5750,10
102.946589923914,18.915326227951,5751,10
103.260376832954,19.0259740258634,5752,10
102.557035694085,18.7509108077794,5753,30
103.495284495639,19.1707861220988,5754,10
102.917364188658,19.1332978978124,5755,10
102.303988170385,19.3466521402024,5756,10
102.546706808038,19.4285893820658,5757,10
102.257012186852,19.169413890538,5758,10
102.53155078428,18.5548585357121,5759,10
102.516798190937,19.1621438200402,5760,10
103.41263116703,18.7640126263121,5761,10
102.307533353482,19.3618028780523,5762,10
103.073042994913,18.7482651948963,5763,10
102.680611425865,18.9759941138071,5764,10
103.312587963367,19.2094145483776,5765,10
102.817169566105,19.0508142559109,5766,10
103.423437703758,19.3417115607487,5767,30
103.466956096618,18.5437516669738,5768,30
102.615290360674,19.2243209519389,5769,10
102.562793234073,18.7980825629612,5770,10
102.557762366303,18.9924751502611,5771,10
102.766387934551,19.4357971446429,5772,10
103.232049347149,19.2861408804147,5773,10
102.954449674004,19.2460060310912,5774,10
102.41327809372,19.3744349143288,5775,10
103.403892795426,18.5029862766277,5776,10
102.423792858302,18.6891145266163,5777,10
102.855389746991,18.5224762000769,5778,10
102.580527219766,18.5022028454784,5779,80
103.457276854737,19.4506149097084,5780,10
103.486899754265,18.6424519042746,5781,10
103.19439861205,19.1688817893066,5782,30
102.682839862738,19.1509194269574,5783,10
103.14917554862,19.2501889080302,5784,10
102.287493876941,18.5726971576276,5785,10
103.032622820053,19.0434791177833,5786,10
103.229524842622,18.6688441451796,5787,10
103.470997352014,18.6191593873304,5788,10
103.138969228985,18.6971385578192,5789,10
102.643000964766,18.8883051265561,5790,10
102.712237925919,18.6776812699568,5791,10
102.3520847658,18.6750306041752,5792,10
103.20318562759,18.7495596874072,5793,30
102.30554079608,19.3075593518741,5794,10
103.395727890774,19.1472461741702,5795,10
103.383209601429,18.8648044858948,5796,10
103.266264471494,19.311985393265,5797,10
103.139386996982,18.5050597722376,5798,10
103.109680770707,18.5049569704898,5799,10
102.761638880559,19.2531327681704,5800,10
103.289942517059,19.2284918461426,5801,10
102.353964674649,18.9441023246151,5802,10
102.443425305783,18.6217859035407,5803,40
103.315250598541,18.9761327324067,5804,10
102.907544762673,19.024771596065,5805,10
102.649055594023,18.6015888070384,5806,80
102.442299475917,18.5434822565013,5807,10
102.886630906096,18.5756061583488,5808,10
103.381141635689,18.6672152189499,5809,10
102.837892156766,19.3039423473385,5810,10
102.347535042977,19.2578934276478,5811,10
102.820089437246,19.1079896464954,5812,10
102.481420127237,19.484717123415,5813,10
102.736006370695,18.6387715193716,5814,10
102.771376079432,19.3764751034976,5815,10
102.919081661174,18.9165505274441,5816,10
103.090682435545,19.2288492499915,5817,10
102.492245335984,18.6786414689678,5818,10
102.314641432862,18.5565854973513,5819,10
102.369809778883,18.9748578771667,5820,30
102.53466175676,18.9985577660184,5821,10
103.094691425821,19.1837402766966,5822,10
102.561624779922,18.6734193313016,5823,80
102.331450341291,18.5583969969883,5824,40
102.788766856985,18.762609797769,5825,10
102.554114783138,19.1669227378089,5826,10
102.468320910481,18.9632174453036,5827,10
103.170327664407,19.3642756066631,5828,10
103.171157995146,19.273878376436,5829,30
103.058293247601,19.0874444070504,5830,10
102.866042959244,19.0824944531273,5831,10
103.465179829022,19.0239272717729,5832,10
103.058816793706,19.237788792502,5833,30
103.033690833531,19.3984968497722,5834,30
103.273869416953,18.8539990269491,5835,30
102.274001700152,19.3493556094156,5836,10
103.402785963417,19.3290649665984,5837,40
102.533888424498,19.4736884160903,5838,10
103.399653701242,18.6495552992073,5839,10
103.015101546315,19.265335054372,5840,10
103.393381463855,18.6279832870665,5841,10
103.333004112012,19.3406171478138,5842,10
102.826026512861,19.1508174513286,5843,10
103.2969126101,19.4205006813883,5844,10
103.376416079411,19.2266272012516,5845,10
102.681712197992,18.8380887419087,5846,10
102.81574875577,18.5507264319419,5847,10
102.264699326126,18.9839800804968,5848,10
102.876990790346,19.2361101780564,5849,10
102.525826719525,18.5189711346486,5850,10
103.358861536597,18.9521310827,5851,10
103.190221242709,18.994209811983,5852,10
102.997548494367,19.1502944898594,5853,10
102.875246070529,18.7201603368915,5854,10
102.512355881336,18.5716053389081,5855,40
103.274132395608,19.1410840212,5856,10
103.310807689697,19.0450021184147,5857,10
103.115139524634,19.1849571086329,5858,10
102.251567808951,18.9339125274856,5859,10
102.852288736649,19.4968103760003,5860,10
102.589097759919,19.4904667771864,5861,30
102.603553193688,19.4594233684516,5862,10
103.165381952998,18.8171631286347,5863,40
102.396173761572,18.7017712233648,5864,10
102.249998166935,18.5968451822499,5865,10
103.12846033435,19.3353035310359,5866,30
102.944401381535,19.1579203389119,5867,30
103.227253850005,18.80095981778,5868,10
102.632539539534,19.4818153002479,5869,10
102.896783290794,19.2037249072649,5870,10
102.665209983418,19.0053849340282,5871,10
102.705190342967,19.3447928548511,5872,10
102.927077072382,19.4330517963676,5873,10
102.753086106712,18.8776524273081,5874,10
102.250067467176,19.4948387334201,5875,10
102.332304422256,18.6338978749223,5876,10
102.685903521235,18.7764872775201,5877,10
103.453475420188,19.0714194514857,5878,10
102.818876963323,18.5703191741838,5879,10
102.510222622139,18.7443074113868,5880,10
103.154907019806,18.8555486587646,5881,10
102.506289451892,18.9553913325799,5882,10
102.269804302963,18.5945087504177,5883,10
103.109421232306,19.442768527083,5884,30
102.553756302676,18.5944954291841,5885,80
102.944888528874,19.4718175444773,5886,10
102.915911452861,19.2841894967169,5887,10
102.910021473068,19.4410622423831,5888,10
102.442829408248,19.0708874603597,5889,10
102.42592741723,18.5222424454206,5890,40
102.400141073905,19.1378462627677,5891,10
103.422740630402,18.8039142512371,5892,80
102.265560454972,18.7068764398705,5893,10
102.319799719344,18.5618817200419,5894,10
103.201276444691,18.7018270532456,5895,10
102.781627773261,19.2056076051107,5896,10
103.291194974208,18.637432978947,5897,10
102.920777193797,19.27925372314,5898,10
102.686970227546,18.5852334321722,5899,80
103.334313052974,19.1203041709723,5900,10
102.787096062349,19.2429827321279,5901,10
102.446018215314,18.6358402225994,5902,10
102.467514111375,18.8900050277865,5903,10
102.451707728678,18.9859723485418,5904,10
102.939840570178,19.3802832076413,5905,10
103.35142706491,18.6683530911721,5906,10
103.334006679192,18.8643457198555,5907,10
102.890312414657,18.975894997536,5908,10
103.368191439575,18.6127555184899,5909,10
102.431250519688,19.0875545665806,5910,10
102.658616878992,18.5661198265028,5911,80
102.612573242047,18.5476386639591,5912,80
102.321960432409,18.9528321273873,5913,40
103.325948198222,18.7386890862721,5914,10
102.591147256478,18.9766869107055,5915,10
103.270297343803,18.6017210570094,5916,10
102.831927765758,18.8851005352075,5917,10
102.579138623514,19.4978364225059,5918,30
102.476155032392,18.6415717327041,5919,40
102.548240292826,18.8811556533189,5920,10
103.241191726386,19.1024419390551,5921,10
103.356238301869,19.4465809799532,5922,10
103.413785240551,19.4017975062477,5923,30
103.00528001332,18.6266439566011,5924,10
103.150145206256,18.8243362347624,5925,10
102.880753185362,19.2175288967982,5926,10
102.923107189598,18.8886250423753,5927,10
103.238859871966,19.3190876163803,5928,10
103.474839048594,19.1781786704177,5929,10
102.531216167933,18.6994290551437,5930,80
103.252432509481,19.1438726698991,5931,10
103.251015888417,18.7603187227805,5932,10
103.038922933101,18.603052500555,5933,10
103.101615299555,18.8516473224475,5934,30
103.155956114452,19.0445716496138,5935,10
103.104189065508,19.2628682243041,5936,10
103.185627545218,18.7089209648619,5937,10
102.30075472065,18.5179110903255,5938,30
102.803665021093,18.7073972522484,5939,10
102.636250798632,19.070416210595,5940,10
103.455582206535,19.3843473039976,5941,10
102.255015028953,18.6214112048831,5942,10
103.197870038176,19.1182400035359,5943,10
102.295703408182,19.3570069131951,5944,10
102.610839235566,19.1286191808359,5945,10
103.35963334859,18.5700974252146,5946,10
102.853592091664,18.7807304713925,5947,10
102.874244548899,18.7749803953532,5948,10
102.302826967683,18.9364332757381,5949,10
103.025864775995,19.4626726700268,5950,10
102.80221903032,19.1381353635355,5951,10
103.183277704413,19.21178744273,5952,40
102.765881279634,19.4230877998518,5953,10
103.182929667754,19.3263242783598,5954,40
102.863270402168,19.4507766798643,5955,10
102.934446592225,18.8669570240426,5956,10
102.585898612937,19.1859204360699,5957,10
103.177496792678,19.0913215799796,5958,10
102.969761189233,19.4464724535132,5959,10
102.7072871546,19.2275660716113,5960,10
102.468809652671,19.2628990165967,5961,10
102.922011567143,19.3913935310103,5962,10
102.789343421264,18.8768179645965,5963,10
102.58785905758,19.1357727239705,5964,10
103.04821807162,18.8424689197064,5965,10
102.831226953347,18.5374951290708,5966,10
102.507598951344,19.4680786305352,5967,10
103.251391710568,19.2589609792417,5968,10
103.215242427635,19.3226020493796,5969,10
102.484667877203,18.8627874115684,5970,10
102.47448356054,18.9823732617233,5971,40
103.08776704235,18.6490574646952,5972,30
103.116044525529,19.1379444324394,5973,10
102.460181497442,18.6052883087935,5974,10
103.028091425553,19.191750778498,5975,10
103.179548247439,19.126101389304,5976,10
102.669876134411,18.7479560868663,5977,30
102.298497238175,18.7320721581061,5978,50
102.272849878566,18.8540642613683,5979,10
103.450353681556,19.0765543606498,5980,10
103.265469842907,19.2522024769099,5981,30
102.431676146108,19.3478831527919,5982,10
102.50764629737,19.411739500698,5983,30
102.301845331849,18.6306273525818,5984,10
102.275180054355,18.5300290712285,5985,10
102.46879453965,18.6887118116666,5986,10
103.329969969053,19.4848745117446,5987,40
102.835928002161,19.2441905526726,5988,10
102.520317564351,19.0935838623744,5989,10
103.143314220114,18.8852018851798,5990,10
102.458791890652,19.4969558674334,5991,10
103.121042942497,18.9010545048288,5992,10
102.293385990734,19.2078787320317,5993,10
102.797738027815,18.9194285238879,5994,10
102.922872948908,19.0779775410125,5995,10
102.497600887364,19.2873024522344,5996,10
103.045274327604,18.9413754228383,5997,10
103.310646749353,18.9980268265684,5998,10
103.280191747707,19.0473072507604,5999,10
102.447464997149,18.8800351880374,6000,40
102.656443958868,19.2051566407308,6001,30
102.438237406808,18.5423908335528,6002,10
102.513066674413,18.6136693355641,6003,10
102.942852049864,18.6853570930706,6004,10
102.492302466979,19.139723639753,6005,10
102.659417591818,19.4378812013286,6006,10
102.670307126543,19.0779689053067,6007,10
103.086481873065,18.9666144169456,6008,10
103.113631887342,18.5649744152111,6009,10
103.191706860423,19.3059833361659,6010,10
103.04456159122,19.1366401386182,6011,10
102.250822501083,18.6583192932173,6012,10
102.728781544537,19.4815880722361,6013,10
102.982597616877,18.9538107350054,6014,10
102.413395158621,18.935222682829,6015,10
102.515448346407,18.9714539933357,6016,10
103.454372749914,19.2387397870934,6017,10
102.383647839575,19.4771657020965,6018,10
102.83126535235,18.950785132208,6019,10
103.151076816577,19.2705004249246,6020,10
102.660936004294,19.0519498660271,6021,10
102.565696514491,18.8331628658172,6022,30
102.584392937061,19.2961306899194,6023,30
102.608870132944,18.6590928216084,6024,80
102.291468493493,19.317338569956,6025,10
102.626871563912,18.8690206786843,6026,10
103.123680753275,18.8174699766209,6027,10
103.393156383811,19.0427796660337,6028,10
102.572684985654,18.9175369581582,6029,10
102.338867571052,18.6641661910613,6030,10
103.437464284913,19.0726791179041,6031,10
103.395320968458,19.3622191824231,6032,10
103.029805635778,18.8528051594074,6033,10
102.647407893728,19.2213456424187,6034,30
102.254913079445,19.1249113466775,6035,40
102.755850335069,19.0376705353263,6036,10
102.35188027066,19.455657003769,6037,10
103.4973083422,18.5240620311831,6038,10
102.87305075354,18.5746676153942,6039,10
102.972932244682,18.5230083050138,6040,10
102.328150624069,19.4834183049117,6041,10
102.412091187645,19.500869980692,6042,0
102.646089120604,18.5960259855785,6043,80
102.611735862305,18.8337524140043,6044,10
103.314111016269,18.8224903322489,6045,10
102.577145457573,19.2780247022608,6046,10
102.522301887087,19.0419318551042,6047,10
102.677408901387,19.2663406258068,6048,10
102.978101641831,19.1924852624973,6049,10
103.398678790393,18.7666853845218,6050,10
103.352179606925,18.726969757172,6051,10
102.408913689107,19.3727962997731,6052,10
103.16349956464,18.8675699696805,6053,10
103.016493974617,18.7939393679517,6054,10
103.100390510038,18.5951095122067,6055,10
102.953223069946,18.6125478954441,6056,10
102.527553808861,19.1400022714501,6057,10
102.994968973377,18.8145200993389,6058,10
103.079133865716,18.9706090166042,6059,10
102.938698116364,18.7118780244166,6060,10
102.582727182079,18.750202565717,6061,10
102.751597910019,18.7955016692448,6062,10
102.938461137086,18.6075107805123,6063,30
102.360873636194,18.7679025061121,6064,10
102.858149116976,19.1900282613266,6065,10
102.545627736561,18.8138974792401,6066,10
102.545426245862,19.4492698555475,6067,30
103.299891509978,18.5725621646291,6068,10
103.407992263234,18.6595130778275,6069,10
103.171568816271,19.285997834161,6070,10
102.272446161471,18.7846242694543,6071,10
103.491081631713,19.0917580217405,6072,10
102.55359711737,19.471244202573,6073,30
103.432714403549,19.0880904250782,6074,10
102.644245981018,19.1423055734365,6075,30
102.351961016347,18.9275873187412,6076,30
103.494190461699,18.7184288198794,6077,10
102.349681719612,19.2141040224618,6078,30
102.261901472933,19.4071677662159,6079,10
102.600203569189,18.781852388966,6080,10
103.410194896026,19.079477730697,6081,10
103.450422238373,19.3786281275821,6082,10
102.926181055505,18.549753998922,6083,10
102.341134987043,19.4828134845203,6084,10
102.72150148095,19.3724015198503,6085,10
102.983712843095,19.2995907730656,6086,10
103.248474547761,19.1415190622853,6087,10
102.825029167883,19.013862133354,6088,10
103.087813452492,18.784330491007,6089,40
103.452276308344,18.5659265675599,6090,10
102.526284080994,19.4361654774565,6091,30
102.82096286591,18.9221729134349,6092,10
103.172568901089,19.30762299286,6093,40
103.316704836034,19.332211642259,6094,10
102.611425949343,19.3788712241873,6095,10
103.225953145774,19.3572112892658,6096,10
102.5541218537,18.6068722022724,6097,80
103.342798713217,19.2528419827018,6098,10
103.458236946559,19.4734714382388,6099,10
103.438133609485,19.3462778596193,6100,10
102.408426321548,18.7616347668416,6101,10
102.994961942455,19.4191088361088,6102,10
102.538525019704,18.9525769286757,6103,10
102.781384826504,18.6040804456233,6104,10
103.007070952437,18.5602811985264,6105,40
103.358347234524,18.6255155555444,6106,10
102.304387581657,18.8564025684528,6107,10
102.512453241596,18.8470392452037,6108,10
102.857206576311,19.3983440249335,6109,10
103.061961970442,19.3644925944782,6110,40
102.477558139744,18.9307733829492,6111,10
103.385685856916,18.9534262688372,6112,10
102.896741638164,18.9260446247826,6113,10
103.323951353839,18.6095928189517,6114,10
102.840990412567,18.6619329798154,6115,10
103.051089692577,19.0221865823857,6116,10
102.787191743362,18.744406573488,6117,10
103.279699702692,18.56444316562,6118,10
103.055829647062,18.8675116506236,6119,30
103.319511219768,18.7365908146762,6120,10
103.155260448947,19.1644078550572,6121,10
103.258789739295,18.8748779078017,6122,10
102.435997570805,19.2985405977163,6123,10
102.702318762908,18.6591338850719,6124,10
103.08203878711,18.5266519225866,6125,10
102.767398792546,19.2445271970928,6126,10
102.756487547939,19.3531692469229,6127,10
103.473761638959,18.7332266450178,6128,10
102.726778274266,18.974873418173,6129,10
102.387505785208,19.0799268961752,6130,10
102.91465407504,18.91515144236,6131,10
102.89351951132,18.6821537199641,6132,10
102.300428395874,18.9731705553959,6133,10
102.594521536326,19.390490524114,6134,10
103.051158089905,18.9029802449805,6135,10
103.428055530761,19.3729483152847,6136,10
102.521152175463,18.5435365574947,6137,10
103.423418427021,19.256614631077,6138,10
102.285150164351,18.7677832710341,6139,40
103.181697791098,18.8356315146397,6140,10
102.542511291156,19.2283583850391,6141,30
103.088128190854,18.6763038954525,6142,40
102.639505909611,18.8953632952753,6143,10
102.466343958756,19.0650962469353,6144,10
102.321175084404,18.7248577726513,6145,10
103.485749969922,19.3248898636518,6146,30
102.439092096059,18.7158208057968,6147,10
102.499906291454,18.8462579919637,6148,40
102.454332079079,18.9205564435335,6149,30
102.554148621538,18.5697460410182,6150,80
102.549462399535,19.4956474281602,6151,10
102.702074371766,19.4868638734265,6152,30
102.470856088403,18.8476026311252,6153,10
103.040284595366,19.3782341393314,6154,10
103.048833119624,18.8859218973852,6155,10
102.515282992896,19.2757983155233,6156,10
102.937696768537,18.5129601492023,6157,10
103.181627376635,18.7161571010524,6158,10
103.163583023756,18.7238747828948,6159,10
102.343068013668,18.7347208110287,6160,10
102.579410560749,18.5408931981849,6161,80
103.092363252128,19.0901656762617,6162,10
103.132938771884,19.1361733490626,6163,10
102.750845116549,18.9681120498538,6164,10
102.625493139897,18.6251038795394,6165,80
103.074772984906,18.9065264006025,6166,10
102.941352228095,19.0834049108872,6167,10
102.804718037227,19.4501537155593,6168,10
103.359590320157,19.4296187089062,6169,10
102.486741400289,19.0110293283048,6170,10
102.998158139757,19.1384857326294,6171,10
102.481152605447,18.5588567002781,6172,30
102.668205669519,18.6328033140418,6173,80
103.423934814894,19.2166050824586,6174,10
102.633231086192,19.1249550384437,6175,10
103.478471628394,19.0036187849513,6176,10
103.265591058928,18.5274129491034,6177,10
102.36909154291,18.8365763626779,6178,10
102.699681007558,18.9899396176821,6179,10
103.009503692178,19.3550207126241,6180,10
102.483928347765,19.352975069868,6181,30
103.08784818384,18.7536585642672,6182,10
102.653031017573,19.4191301026481,6183,30
103.431909256162,19.1789972243402,6184,10
103.433999776485,18.5664244265073,6185,10
103.040475195692,19.089089855953,6186,10
103.005759948051,19.3613756940594,6187,10
102.927019823407,18.61098598456,6188,30
102.414143594186,18.5890960471459,6189,10
103.010387622293,18.9771546297675,6190,10
102.69622916083,19.1443388875607,6191,10
102.582425471864,18.7490921410813,6192,30
103.175467173091,19.2620790016675,6193,10
102.763745668558,19.036382117838,6194,10
102.979635692795,19.006923630785,6195,10
102.984461138439,18.5607663751084,6196,30
102.618224542263,18.5853612141781,6197,80
103.27363407596,19.0010860396465,6198,10
103.363690873166,19.468861017055,6199,10
102.41282366247,18.8234597101345,6200,10
103.094828378015,19.362864033446,6201,30
103.480835552231,18.6726849209907,6202,10
103.387828177982,18.5447223170306,6203,10
102.494684666455,18.5102958398728,6204,40
102.509101849099,19.4468858113156,6205,10
102.891991697413,19.0521035851461,6206,10
103.053607240384,19.4453298294007,6207,30
103.246516119543,18.6934670954167,6208,10
103.008088471391,19.0744349908855,6209,10
103.411027869333,18.6026947572421,6210,10
103.058266765044,18.9627689995514,6211,10
103.458747054843,18.7699542682544,6212,10
102.556287546837,18.8282072787873,6213,10
103.043559266829,18.5514580834151,6214,40
102.782005870916,18.9126272682164,6215,80
103.357098827004,18.9284848286053,6216,10
102.493002676713,18.9465437115262,6217,10
102.548411436572,19.2846092201408,6218,10
102.909234524864,18.8406350661816,6219,10
102.967867633609,18.8790796976224,6220,30
102.844584170766,18.5135426509947,6221,10
102.300532490274,19.2376255605687,6222,30
103.145929816378,19.3627819098939,6223,40
103.235653100583,18.7813669427788,6224,10
102.367039779669,19.0727429854195,6225,10
103.209129747033,18.9642743564703,6226,10
102.357438308603,18.5876895294678,6227,10
103.165981739032,18.9576155536495,6228,10
103.19419741913,18.5372734134585,6229,10
102.668530238938,19.359489847455,6230,10
102.33334949946,18.533025483575,6231,10
102.402426969506,19.3779823557758,6232,10
102.786044163011,19.4334529457619,6233,10
102.782710395765,18.5773247265152,6234,10
103.126591984473,19.1173021726231,6235,10
103.20318317918,19.1844850587888,6236,10
103.426859934603,19.0135533679205,6237,30
102.748929058192,19.3574617889911,6238,10
103.413820560248,19.4967640609811,6239,10
102.506721779754,18.6695117155876,6240,10
102.945459457249,18.6167161149994,6241,40
102.286214290758,19.2060403012289,6242,10
103.104548150902,19.119447147009,6243,10
103.006444082184,19.065902132389,6244,10
102.417834153745,18.9973686244907,6245,10
102.513659199604,18.6431814222213,6246,10
102.893957453135,18.6923973923426,6247,10
103.307929223986,19.2727147292351,6248,10
102.898711089475,18.5156628908615,6249,10
102.541318374032,19.2496626426008,6250,30
102.860487224101,19.4593689788157,6251,10
103.231890429564,18.8180846095383,6252,10
103.035311735632,18.5431124569659,6253,10
102.968182747922,19.207667186086,6254,30
103.482288865871,18.6038553694451,6255,10
103.011975384735,19.4591484260815,6256,60
102.415358237389,19.1921009752392,6257,10
102.580554346931,19.4456534733986,6258,10
102.772959145498,18.6054876125054,6259,10
102.696713714507,18.5657834211382,6260,80
102.701490729976,18.6054126873712,6261,80
103.458955879754,18.8245981274256,6262,10
103.101198637347,18.5095271436564,6263,10
103.378848553981,19.4334935060203,6264,30
103.129418398103,18.7271106308636,6265,10
103.182148261796,19.4216268428463,6266,30
102.432504137537,19.2655302213988,6267,10
103.42935552331,18.7233227098294,6268,80
103.440838635803,19.3311821390388,6269,40
103.245808333685,18.5371094038894,6270,10
102.84394772084,19.0742771945785,6271,10
103.212640060729,18.5882048334346,6272,10
103.188019222092,19.1925597822044,6273,10
103.293130909252,18.7098910152102,6274,10
102.475614025717,19.1195047989266,6275,10
103.34293420706,19.4406600466525,6276,10
102.471705002983,19.3555090913856,6277,10
103.402527174982,19.197329832533,6278,30
102.454884270476,18.7949775635928,6279,30
103.157077462174,19.1347115974838,6280,10
103.025774910634,18.6241614480953,6281,10
103.459014201958,19.0240531962123,6282,30
103.45417768708,19.1826286605153,6283,10
103.024047576468,18.5820468092255,6284,40
102.387185946065,19.4170130551347,6285,30
103.066776778548,18.5680132258986,6286,10
102.534886392696,18.6871836072521,6287,80
102.363189442872,19.0604089322189,6288,10
102.381239331976,19.0490083608952,6289,10
102.298024217084,19.2582468646545,6290,10
102.386829960305,18.5721903567581,6291,10
103.386427287093,19.2936594617209,6292,10
103.29821363735,18.6453126254642,6293,10
102.835131024784,18.9651530309877,6294,10
102.551382399772,19.0963177378357,6295,10
103.454577353124,19.2413410157304,6296,10
102.603743737215,19.0463380913587,6297,10
102.428414442953,19.1378016063447,6298,10
102.361651773774,18.7637035905514,6299,10
102.604006434811,19.1189140011397,6300,10
102.660166383198,18.8141786124316,6301,10
102.51785880975,19.0285940821611,6302,10
103.104579498037,18.8068481226386,6303,10
103.316098003112,19.2839376759744,6304,10
103.034832977298,19.0662894417452,6305,10
102.468646215119,18.5553099168946,6306,40
102.700473046036,18.6757600571281,6307,10
102.279816667074,19.2511923941418,6308,30
102.774589271755,18.712164312159,6309,10
102.499319038542,19.1935142602686,6310,30
103.21961470579,19.0112039982692,6311,10
102.305866067446,19.2468915142397,6312,10
103.210677227315,18.7431707010046,6313,10
102.255173152343,18.9472324452166,6314,10
103.275903484007,19.313912776772,6315,10
102.375833843794,19.0302495405462,6316,30
103.268894239751,18.8015533245957,6317,10
102.697359479281,19.3769371229139,6318,10
103.442216700317,19.1581438895353,6319,10
102.865191406187,19.2956918528396,6320,10
102.454298004655,19.0172566655807,6321,10
103.284768234848,19.0412610789024,6322,10
102.775559777546,19.3280765382228,6323,10
103.042253776128,19.4333120942625,6324,30
102.61024931133,18.5999192782375,6325,80
103.322682328843,18.8812661395366,6326,10
102.844125558143,18.8436467525327,6327,80
103.314138141198,18.6097612303847,6328,10
103.007144456927,18.829765569175,6329,40
103.417673386598,18.677477505426,6330,10
103.418068732214,19.0429198618271,6331,10
102.454723932104,19.3916140226919,6332,10
102.820637529209,18.70072654608,6333,10
103.430385733399,19.1152326833632,6334,10
103.245364146911,19.2882935279975,6335,30
102.440219320011,18.9005798233883,6336,10
102.53893050716,18.6626050542865,6337,80
102.260532444193,18.8236381029423,6338,10
102.992236452029,18.9794974934521,6339,10
103.13729660978,18.795127358611,6340,10
102.827391446791,18.9119537708844,6341,10
102.456255957031,19.467247114631,6342,30
103.091206047376,18.9949094800243,6343,10
102.635555386276,19.128280981607,6344,10
102.417083294819,18.7672963874719,6345,10
103.445978462742,18.5308847458708,6346,10
102.691182220277,19.0455253902004,6347,10
103.228772305631,19.0052936900745,6348,10
102.292976661094,18.5206583430754,6349,10
102.821998672216,19.1957148719901,6350,10
103.056414406861,19.0750250259308,6351,10
102.851336539853,19.1335353407262,6352,30
102.388909767582,19.2485377781607,6353,30
102.663874844862,18.8814226002108,6354,10
103.385030874636,18.6217813859183,6355,10
102.981249400617,19.0078306747264,6356,10
103.081809282618,18.5639835053213,6357,10
102.500609867109,19.4778286728474,6358,10
102.334027727291,19.2629915645167,6359,10
103.48666973342,18.7334511928557,6360,10
102.261063356339,19.4034986490667,6361,10
103.165546949449,18.6053602910939,6362,10
102.935936052344,18.6501818052163,6363,10
103.459075803168,18.7263472833978,6364,10
102.799161550674,19.4272006299562,6365,10
103.339608279394,19.367135064401,6366,10
102.444351837436,19.3092430555449,6367,10
102.409659780425,18.9126426060277,6368,10
102.676384851747,19.4794657028939,6369,10
103.183296008399,19.0536280583235,6370,10
102.497170141537,18.6946025024593,6371,10
103.344778266666,18.5392783203089,6372,10
103.089300199844,18.5720652333697,6373,10
103.442069798332,19.1935747473194,6374,10
102.961891709992,19.2171821056703,6375,30
102.743532147628,18.7125022392578,6376,10
103.056188093533,19.2879363852063,6377,10
102.41124123786,18.8135556643465,6378,10
103.448567813273,18.724688177287,6379,10
103.32921817335,19.1321182072611,6380,40
102.949093620898,18.8360633049939,6381,10
102.41274847401,18.736277376837,6382,10
103.486222787523,19.1774007583935,6383,10
102.26974939207,19.0288787221076,6384,10
103.172870092771,19.4843993491527,6385,30
102.774034185265,18.7048239944969,6386,10
102.685168623904,18.6505526550383,6387,10
102.539683148252,18.9609402755716,6388,10
103.304455691093,19.1609844808041,6389,10
103.495568873652,19.458483064706,6390,10
102.526194743281,18.5217326427011,6391,10
102.84616737336,18.7428117639148,6392,10
102.473415260564,18.8373819532647,6393,10
103.45240055914,18.8076010064426,6394,10
102.766660499814,19.4911820772504,6395,10
102.632347979516,19.0326310760534,6396,10
103.12838815687,19.3478329876178,6397,30
102.862487693269,18.7834628501584,6398,10
103.203343792431,19.1570725970269,6399,10
103.44503627216,19.1734086127129,6400,10
102.526424250343,18.8500815655269,6401,40
102.455313617138,18.880768095269,6402,10
103.248667157608,18.6793552458597,6403,10
102.282107529734,18.5149947281967,6404,30
102.26037327856,18.508956710974,6405,10
103.099889874842,18.5067912654606,6406,10
103.19365948359,18.6127680669997,6407,10
102.620759937771,18.8561198172279,6408,10
102.747095400422,18.5835939784848,6409,30
102.596182044433,18.8063929241163,6410,10
102.278615594099,18.6627792221751,6411,10
102.45946320004,19.3004562369182,6412,10
103.287975244969,19.2605382711204,6413,10
102.6720464247,18.907567551222,6414,10
102.639556143563,19.3673826460234,6415,10
102.48295139686,18.9559723087211,6416,10
103.178612506545,19.3261354349308,6417,40
103.446410104781,19.3137044946386,6418,10
102.623429974103,19.2326610576529,6419,10
102.363212610251,19.440957695322,6420,10
102.527458991022,18.7729693082997,6421,10
103.394451576238,18.8045414624782,6422,10
103.440947859646,18.6534607814625,6423,10
103.353340449531,19.0682912093626,6424,10
102.536630507319,18.7414786451279,6425,80
102.963510541199,18.8077563958968,6426,10
103.104937798085,19.3850117073214,6427,40
102.282587146975,19.1264766202386,6428,10
102.401837350622,18.8357083965295,6429,10
102.871416197711,18.8461151968486,6430,10
102.628066117567,19.4637630987573,6431,30
102.872961561104,19.2901336051288,6432,10
102.625600782845,19.2567332864007,6433,30
102.377134574025,19.4694060785884,6434,30
102.439135914816,19.0387219402356,6435,10
103.055866232745,19.2389520469342,6436,10
102.805877004335,19.4599044602864,6437,10
102.3844079295,19.346870789896,6438,30
102.533307563666,18.7524591919312,6439,80
103.245872114939,18.7262933081468,6440,10
102.756819898626,19.2871568797199,6441,10
103.00567913907,18.8637465260027,6442,30
102.733971402563,19.3522634334417,6443,10
102.292715199444,18.6894868343868,6444,10
102.693472615587,19.0638730092344,6445,10
102.907299910988,18.7136353076095,6446,10
102.665800062014,19.3240802536842,6447,10
102.766381862028,18.7971189951627,6448,10
102.90482808763,18.583737501738,6449,10
103.204920492001,19.2711218352436,6450,10
103.407641015345,19.2999899137357,6451,30
103.455819237102,18.7387362953266,6452,10
103.10539986661,18.728102988444,6453,10
103.245541416231,18.7900576086783,6454,10
102.761844799569,18.7775969733028,6455,10
103.251773263641,19.1472049653948,6456,10
102.947617830654,18.5783044020217,6457,10
102.751637266667,19.0055121526161,6458,80
102.329353625935,18.711364547116,6459,10
102.609471037334,19.1176532632461,6460,10
102.505068486368,19.1615872324634,6461,10
102.689524215236,18.7992665701877,6462,10
103.365871891494,19.1473935611386,6463,10
103.247952452397,19.1391466006509,6464,10
102.489558083724,18.7698248366067,6465,10
102.713866218387,18.9055218845853,6466,10
102.513073350365,18.5871786923534,6467,10
102.54472670558,18.7449692363104,6468,60
102.896872858932,18.7055797479061,6469,10
103.0537088001,19.0837432383666,6470,10
102.816681457124,18.7698248750859,6471,10
103.369851857382,19.0400281831127,6472,30
103.402453416649,19.4461133493874,6473,10
102.552876485751,18.6825787097151,6474,10
103.057733265535,18.8254645103116,6475,30
103.469450498001,18.6054859433222,6476,10
102.5733364363,19.1067421418435,6477,10
102.353245219858,18.6364747613324,6478,10
102.599025634196,19.3583537250589,6479,10
102.757150855779,19.0628597425648,6480,10
102.559410967005,18.9196275724837,6481,10
102.381820798121,18.5734400890607,6482,10
103.18145227253,18.9028892760098,6483,30
102.577598229782,18.5028616688188,6484,80
103.419889010952,18.569745673166,6485,10
102.744685913107,19.1064899257545,6486,10
102.63095599381,19.4400536227081,6487,10
102.316069044509,18.5674851682304,6488,10
103.389837088886,19.4591147580843,6489,30
102.258545676543,19.0596853989058,6490,10
102.80513271827,18.9388041580985,6491,10
102.291140298654,19.2641341996739,6492,40
102.866431407815,19.0769638950097,6493,10
102.340203885848,18.7297066261925,6494,10
103.094156502709,18.8884984648606,6495,40
103.244430063771,18.6945761218794,6496,10
103.464609243677,19.423984974876,6497,40
102.915042113669,18.602168823132,6498,10
102.765132196433,19.4163538492661,6499,10
102.909453700681,19.0503060271567,6500,10
103.127810881842,18.5733224840865,6501,10
102.440361725876,19.124823077673,6502,10
103.409280410556,19.1004597990451,6503,10
102.453260525229,18.8429297261543,6504,10
102.262273296586,19.1319908499406,6505,10
103.003283689945,18.6576472041965,6506,10
103.160186588449,19.477503814699,6507,30
102.403128676993,19.1625254143137,6508,10
103.267737746842,19.1203853488285,6509,10
102.260675580826,18.5704105434615,6510,10
103.158021464969,19.3761860765968,6511,30
103.389907283889,18.5906482268171,6512,10
103.335882093068,18.9641372614425,6513,10
102.416673610579,18.8583766832247,6514,10
102.656880315153,19.1876674113258,6515,10
102.310829492333,18.7305631951589,6516,10
102.763432943781,19.2350152803591,6517,10
102.782386561276,18.7364945695405,6518,10
102.319087145828,19.0114965593565,6519,10
102.640407286379,18.529911630001,6520,80
103.436295155487,19.4887279740816,6521,30
102.943833288745,19.2291435617097,6522,30
103.065702588888,19.2724100760602,6523,10
102.457694412286,19.2207899769915,6524,10
102.943241423242,19.2010063421144,6525,10
102.560564555788,18.9791626657631,6526,10
102.572585508387,18.6581808643715,6527,10
103.438948345357,18.8780784523071,6528,10
103.375157872552,19.2035424364426,6529,10
102.539809487049,19.3704038041882,6530,30
102.388157851067,18.9348002733738,6531,10
102.490804861979,19.4657569823802,6532,10
102.819998578822,19.1925435680671,6533,10
102.998566557319,19.0993858735367,6534,10
102.357649676736,18.5210436831799,6535,10
102.327869515853,19.1100746139146,6536,10
102.995808075,19.0075963463096,6537,10
102.481644821724,19.4857571834735,6538,10
102.432756033264,18.592397656345,6539,10
102.455194620951,18.9783941409226,6540,10
102.58078611384,18.5021790564761,6541,80
103.003395284171,18.7718861287103,6542,10
102.625563541342,18.9258777467422,6543,10
102.296261275866,19.3752584998819,6544,10
102.669402324273,19.1391916769624,6545,10
103.177468968311,18.6035697410244,6546,10
103.360923198765,19.2250530585209,6547,10
102.405633114761,18.5757165236865,6548,10
102.56769519371,19.2201148530325,6549,10
103.115834242792,19.2041925476685,6550,10
102.379282946881,18.5570592942141,6551,40
103.367419603963,19.1633849997516,6552,10
102.989513906765,18.5863150767694,6553,10
102.380749720355,19.0458861477757,6554,10
103.023828105897,18.7640675897301,6555,10
102.529202358527,19.2806558063383,6556,10
102.351258293206,19.413345706674,6557,10
103.290488118563,18.9696656974999,6558,30
102.993028269328,19.0093567860032,6559,10
103.267322053875,19.4531750398441,6560,40
103.431306276979,18.8576662651174,6561,10
102.530941734362,18.8158095193062,6562,10
103.414403226386,18.8542862130597,6563,10
102.510757470746,19.4338926432001,6564,30
102.671146013184,19.161172140074,6565,10
103.429479056994,18.6218896615977,6566,10
102.721171293706,19.0069008684873,6567,10
102.727194754304,18.9188938646269,6568,10
102.29286425062,19.4518653839701,6569,10
102.627215600496,19.0470861516562,6570,10
102.547818156371,19.4384633046035,6571,10
102.297649702234,19.2477793065403,6572,10
102.364763160267,18.6890661736412,6573,10
103.199745822598,18.9114939106427,6574,10
102.853818764412,19.0193411901087,6575,10
103.17382302935,18.5228834423019,6576,10
102.339083441707,19.2742195191684,6577,30
102.514876004002,19.0953575604414,6578,10
103.052677844231,18.7555854192861,6579,10
103.303593495375,19.4772605937968,6580,10
102.254386570975,18.9564038574534,6581,10
103.005869785446,18.9506674510941,6582,10
102.384954417631,19.076561424493,6583,10
103.485565697544,18.896717179964,6584,10
103.15357389667,18.6676963339485,6585,30
102.383945942234,18.5248288843182,6586,10
102.267411459918,18.7143105604378,6587,10
103.285877537326,19.2377148884072,6588,10
102.451301805209,19.2622832720046,6589,30
102.69420525923,18.9487678459339,6590,10
102.91881241348,19.4868271547903,6591,10
103.292975331851,19.4762539026143,6592,10
102.543425426285,19.4235688085227,6593,10
103.092370810153,18.5393277558615,6594,10
102.461282410168,19.1117440459301,6595,10
103.357569260333,19.0071493548746,6596,10
103.051566365,18.515293265646,6597,10
103.206488832863,19.4600710558695,6598,40
102.91188732419,18.5588077020996,6599,10
102.539189981159,18.7192982175202,6600,80
102.622844577206,18.9658370914243,6601,10
103.334456965579,18.7717916541946,6602,10
102.800680755138,19.3031288826554,6603,10
102.4126901691,18.5184225249167,6604,40
102.3248912863,19.2391735844313,6605,30
102.309121181518,19.1971166928953,6606,10
102.486447473071,19.2767547088442,6607,30
103.075965213666,19.1656291129986,6608,10
103.419537365082,18.6730559320686,6609,10
102.476579068298,19.4938341317281,6610,10
102.51046863243,18.74371269779,6611,10
103.380908686118,19.0847193640571,6612,10
103.057884654595,18.8156375880764,6613,10
103.057983994183,19.0280334600923,6614,10
103.3903970352,19.1622578620796,6615,10
102.468833834597,18.6206116335339,6616,10
102.415235497948,19.4324939346476,6617,10
102.498102418609,18.8874918949959,6618,10
103.288223128805,19.2755026034814,6619,10
102.791611314411,18.8164354521422,6620,10
102.660917656077,18.9999077552917,6621,10
102.719975654832,18.7276831010198,6622,10
103.186470367876,18.7039287078795,6623,10
102.8702532757,18.9014942117464,6624,30
103.290270497719,18.6058818661013,6625,10
102.973111420656,18.6793143271354,6626,10
102.440608895272,19.4619147423653,6627,10
102.775981152005,18.6043312971774,6628,10
102.797513648643,18.5994616303485,6629,10
103.092296890648,19.1450185098212,6630,10
103.159734534487,18.612777704704,6631,10
102.77972814178,19.3233369083773,6632,10
103.1443191189,18.6647919442643,6633,10
102.317106507824,18.5840248584639,6634,10
103.161619159197,19.1167435431762,6635,10
102.95903622481,19.3616472455861,6636,30
102.917586872128,19.4722111483108,6637,30
102.920293727821,18.9849791449902,6638,10
103.018193808509,19.1401660668504,6639,10
103.105793695676,18.6950827348502,6640,10
102.445879249189,18.832898264733,6641,10
103.052246057431,18.6470241334577,6642,10
102.963884194636,18.9659456865724,6643,10
102.58912965125,18.9831963794894,6644,10
102.460098998033,18.9224417330979,6645,10
103.368986322187,18.8550607964912,6646,10
102.876154227375,18.8359657241455,6647,10
103.295388395657,18.6614522954408,6648,10
102.948610276008,19.0121505327336,6649,30
102.317889623464,18.9756224015285,6650,10
103.047143755126,19.4483872111328,6651,30
103.422572827238,19.2284381280523,6652,10
103.027418502287,18.6305232132785,6653,10
102.283124812418,19.0869515194323,6654,10
102.748137944009,18.6824660023103,6655,80
102.753532210896,18.7133365137408,6656,10
102.283032783907,19.0259112358362,6657,10
103.187804100385,18.7103964364826,6658,10
103.419075513663,19.2861175208656,6659,10
102.384222813758,18.7498429431517,6660,10
102.683759826485,19.2026295295281,6661,10
102.419750540215,18.7828702128569,6662,10
102.802532588492,19.3195498862906,6663,10
103.409622155618,18.5487266522071,6664,10
102.261266134044,18.5711499092545,6665,10
102.469649845026,18.7233847891634,6666,10
102.418482326128,19.0201792973793,6667,10
103.070227344826,18.6836286062681,6668,10
103.270578959508,18.9389175613217,6669,10
102.477520152629,19.2739336991865,6670,30
103.302381379744,18.5119388298557,6671,10
102.740867966835,19.3380049172585,6672,10
102.361794543285,18.809629266942,6673,10
102.603083598522,18.5719981538228,6674,30
102.819212178926,19.0750042734353,6675,10
103.398225324727,19.0715909289783,6676,30
102.876961787251,18.6159894204614,6677,10
103.452032241995,18.9641063570955,6678,10
103.46060980822,18.9146195423733,6679,10
103.268159336073,19.3555288538707,6680,10
103.072533262464,19.0515142318136,6681,10
102.698966832313,18.5993859912154,6682,80
103.496820569226,18.6636658789028,6683,10
102.370474498209,18.5759308363333,6684,10
102.399113729355,18.7585286498465,6685,10
103.218865644929,18.9252675454955,6686,10
103.245315293242,18.6788204286705,6687,10
103.24154432688,18.6268359595456,6688,10
102.69725243805,18.7260113301134,6689,10
103.062994386256,19.3677598303711,6690,40
103.356638930608,19.2541682448545,6691,30
102.365958460627,19.1909625341207,6692,10
103.323318510476,19.2785559877447,6693,10
102.453861254965,18.924851292452,6694,40
102.576299853785,19.2092503802259,6695,10
102.569645398504,18.6207526682997,6696,80
102.380695080098,18.6886874063665,6697,10
103.045528655897,19.2239827705773,6698,10
103.229749645838,18.6369316356096,6699,30
102.62438387475,18.805288413026,6700,10
102.972051033238,19.3713479987995,6701,10
103.015176529264,18.9388171569388,6702,10
103.186100730945,19.2808165472335,6703,10
103.414631581891,19.4015763329941,6704,30
102.980666996292,19.2061351370699,6705,30
103.117531719266,19.1822108623312,6706,10
103.150782000756,18.8851419951936,6707,10
103.211166727109,19.2295560207309,6708,30
103.174887415356,18.5357359374752,6709,10
103.489326344831,19.318061421213,6710,10
102.951638732061,19.0985912639427,6711,10
102.831036920589,19.2841067541651,6712,10
103.125059798512,18.988931682111,6713,10
102.668339203654,18.6151445619951,6714,80
102.252075023666,18.9095139052945,6715,10
103.315511656261,19.3347340705855,6716,10
103.407975344272,18.8524719480779,6717,30
102.382284760821,18.8856278577988,6718,10
103.258398157746,18.8486677007019,6719,30
102.759436333891,19.3616264176255,6720,10
103.297214494158,19.1455919975996,6721,10
103.003211591732,19.2795571406801,6722,10
103.431077345358,18.7707989410735,6723,60
103.452524467883,18.7933958197627,6724,10
102.33722566058,18.5453094709538,6725,10
102.409539992114,18.8813789065663,6726,40
103.16889619399,19.0552311811209,6727,10
103.188413023476,19.4360364601327,6728,40
102.42430089156,19.4110421493689,6729,10
102.711785208875,19.3019661934957,6730,10
102.391489219977,18.9000291419943,6731,30
102.535858201413,19.4560176603724,6732,30
102.60555589223,18.9393533644609,6733,10
102.636629578305,18.8660691609455,6734,80
102.517421346777,19.4137855901552,6735,30
102.582317027674,19.4720955786803,6736,10
102.810254003503,19.3210116319896,6737,10
102.994096300798,18.5690092397024,6738,30
102.77927776414,19.2557910220786,6739,10
103.449201332029,18.9011158490536,6740,10
102.882893365324,18.8863822783234,6741,10
102.860656730426,18.7891755519573,6742,10
102.340164523536,19.1812521123309,6743,10
102.598960135633,18.6984236093135,6744,10
102.402320076979,19.5008513261271,6745,0
102.551088466236,18.8665387706317,6746,10
102.413202795153,19.1571611296536,6747,10
103.283466993345,19.4808457223047,6748,10
102.765451744124,19.4948135706974,6749,10
103.469202867924,18.9663526428504,6750,10
103.112064776699,19.233002353281,6751,10
103.139949020903,18.8305555752333,6752,10
102.545628201613,19.3147070623529,6753,30
103.382382430188,19.4992123480709,6754,10
102.555301921391,19.4895883220576,6755,10
103.366417636291,18.8419595053835,6756,10
102.997491365096,18.7083835583958,6757,10
102.808311738833,19.1917742699133,6758,10
103.099412973839,18.9775621325541,6759,10
103.095325313903,18.8985483701541,6760,30
102.373763433108,19.4300528908615,6761,40
103.383089190283,19.0494882075586,6762,10
102.397728363997,19.0674937160764,6763,10
103.168624634804,18.7811195233112,6764,10
103.424102278706,19.2302732213656,6765,10
102.629358389613,18.8492672794102,6766,10
102.783141627723,18.7534453614849,6767,10
102.4771797179,18.6340683430726,6768,30
102.351107348835,18.6672231337723,6769,10
102.586545019449,18.8767796571504,6770,10
102.710881282266,18.704123776495,6771,10
102.471325251494,19.2081407855197,6772,10
103.452891006169,18.7713404446443,6773,10
102.407465592667,18.9440354984009,6774,10
102.478138417151,19.3956311009612,6775,10
103.318186350818,19.0331181032953,6776,10
102.775646076967,18.5899682559883,6777,10
103.053363821092,19.4227851442315,6778,30
102.744389271029,19.4167380704371,6779,10
102.905720592048,18.7022372476164,6780,10
102.615761718352,18.705088068918,6781,80
102.537921465008,18.5615452505564,6782,10
102.677184594856,19.2551595871622,6783,30
103.052932329971,18.8376776115506,6784,30
102.910068761152,19.4610022020972,6785,10
102.934860695497,19.1451849769762,6786,10
102.458189301391,18.7770277349049,6787,10
102.622501821713,18.9556861772006,6788,10
102.353136066894,19.4699005008438,6789,10
102.8246077804,18.5078773457581,6790,10
102.830455100871,18.9812887104873,6791,10
103.43778896431,18.8856521553367,6792,10
103.119805681964,18.5721876584789,6793,10
102.770202997225,19.1704421985949,6794,10
102.455250346815,18.9614455700581,6795,30
102.65227805175,19.0446600335558,6796,10
103.041021697934,19.1026239492338,6797,10
102.269533097876,18.9051639069389,6798,10
102.466322725118,18.5780250767625,6799,40
102.351924003331,19.296490646522,6800,10
102.978858341854,18.7384805581566,6801,10
103.041037426179,19.1265206640949,6802,10
103.430547959107,18.7344163906593,6803,10
102.411330196882,18.8204971232107,6804,10
102.80770961495,19.0192985297282,6805,10
103.250396150129,18.7788379466556,6806,10
102.73346577907,19.4038461212336,6807,10
102.613654427353,18.685945702573,6808,80
103.282118614496,19.4143443918584,6809,10
102.290566418429,18.9589293525021,6810,10
102.466427879702,19.4474490519464,6811,30
103.14620207321,18.6371219367528,6812,30
102.726963563893,18.5361058700797,6813,80
102.781048027639,19.2983555742384,6814,10
102.530414783825,19.0659782286055,6815,10
102.77986786169,18.7001973776667,6816,10
102.50289828696,18.7473880415171,6817,80
103.128918487607,18.8905286131254,6818,10
102.857373062968,19.4559277417927,6819,30
102.828607172867,18.9367720338794,6820,10
103.058708219861,18.9338587941879,6821,10
103.036891961963,18.646503705984,6822,10
103.182898408101,18.7826219499391,6823,30
102.753479653117,18.5889386089771,6824,40
103.140797098165,18.811273205725,6825,10
103.146081351407,18.8315522847039,6826,10
102.85072346744,19.3220970379495,6827,10
102.430366736514,18.6605806851283,6828,10
102.778436565488,19.2685498599145,6829,10
102.573499184987,19.2442082728393,6830,10
103.191565203004,19.4727718312877,6831,40
102.627727255594,18.8901120622862,6832,10
102.984541773566,19.2741153924686,6833,10
103.141270149762,18.9415177051451,6834,10
102.297814908718,18.9140175364612,6835,10
102.963560910231,19.1983636783416,6836,10
103.075060035663,18.7191538578496,6837,10
102.562820333652,19.3307771521335,6838,10
102.367325550764,19.2746440547831,6839,10
102.820406400548,18.6139639098119,6840,10
102.532539706097,19.1159128030028,6841,10
102.546649099835,18.996572420463,6842,10
103.207995891969,18.8335673376518,6843,10
103.026762436352,19.4106049233093,6844,30
102.965504014558,19.2148829781928,6845,10
102.958672578247,19.3467821102616,6846,10
103.468030493787,18.5859123210737,6847,30
102.644542138169,18.6564845817854,6848,30
103.495266657911,18.8320496951463,6849,10
102.992665426664,18.962232002126,6850,10
102.342408752414,18.6644944308381,6851,10
102.940699083153,19.0909111684381,6852,30
102.295926146478,19.1980206783045,6853,10
102.892538521503,19.0136401382626,6854,10
102.458992371617,19.4067886630539,6855,30
102.681668943177,18.6797668690351,6856,10
102.626187820298,18.7004002699788,6857,30
103.295206284165,18.8498724409451,6858,10
103.490126471363,18.8090989745162,6859,10
102.598395829346,18.9183766209906,6860,10
102.333100340274,18.9256512629008,6861,10
102.706306205342,19.2810111600789,6862,10
103.18734190681,18.6597274456243,6863,10
102.573071108374,19.1639507454485,6864,10
102.304633997839,19.2615830655939,6865,10
103.419016055881,18.8109839258942,6866,60
102.53137591001,18.5127819849877,6867,10
102.329272099179,19.5002812427135,6868,0
102.571080339957,18.7206498180186,6869,30
102.336819634463,18.5871721094164,6870,40
103.308985241161,18.5641351906003,6871,10
103.009784438946,18.532487156155,6872,10
103.493144988335,18.8638526468629,6873,10
102.827157897291,18.6130130565972,6874,10
102.63242415217,19.0279436612724,6875,10
102.680590231447,19.2280364468355,6876,30
102.529706273477,18.5266340290472,6877,80
102.884197534793,19.3916538891931,6878,10
102.526560896327,19.4276396898475,6879,10
102.734758084595,19.0703128045329,6880,10
103.454405297385,19.4080667525995,6881,30
102.436965248336,19.4326415727687,6882,10
102.976143498533,18.8963552788263,6883,10
102.838539437996,19.4718981349477,6884,10
103.368745988897,19.2923045232062,6885,30
103.02712249866,18.9809141100102,6886,10
102.782356314369,18.725194400219,6887,10
102.734305332506,19.4477385110412,6888,10
102.674885068843,19.3235778662349,6889,10
102.52823437884,18.7724562817953,6890,10
102.361516674116,19.1978198485197,6891,10
102.722132097142,19.4141962612696,6892,10
102.56230462097,18.8654723200692,6893,40
102.635278565093,19.2144921477137,6894,30
102.650052806985,19.3193230181092,6895,10
102.707971206653,19.2386360515006,6896,10
103.330069150727,19.3163386778715,6897,10
103.153541352077,19.2258341732634,6898,30
102.414857121019,19.0578163222798,6899,10
102.613120139543,19.4848427537511,6900,10
102.448192736544,19.0895358510944,6901,10
103.214487586535,19.0697117791292,6902,10
103.281019126593,19.4990394847087,6903,10
103.286238767086,19.1128280883283,6904,10
103.390791684174,19.3127805286965,6905,10
103.483349446997,19.1201892371012,6906,10
103.3018415835,18.8654140191649,6907,10
102.789192600064,19.0908979967221,6908,10
103.266175548933,19.4702465018304,6909,10
102.879837062275,19.1917688176544,6910,30
103.043868554807,18.5492699383083,6911,40
102.777502725907,18.918475291335,6912,10
103.125125524781,18.5018303161396,6913,10
102.597939719427,19.12264370378,6914,10
103.247613634261,19.2847117327966,6915,10
102.879309505368,19.4701990577611,6916,30
103.443221222122,18.6837349109026,6917,60
103.075103694137,18.6089153263352,6918,10
103.098492097003,19.4539228209418,6919,30
103.350554312108,19.3866638440037,6920,10
102.380413942048,19.0827902582207,6921,10
102.292333151194,19.2584649336135,6922,30
103.001330119038,19.357067635292,6923,30
103.034893779843,19.0957426438872,6924,10
103.297880361534,19.1900706655448,6925,10
102.71401593836,19.0207993673165,6926,10
103.398346949285,19.2930039942846,6927,30
102.283717564722,18.8868059132102,6928,10
102.591936398826,18.7307550772548,6929,10
103.26509330964,18.8484033126271,6930,10
103.181339354911,18.9102344588786,6931,10
102.639831761243,18.642257663619,6932,10
103.148856693179,19.4354927516485,6933,50
102.643196912758,18.5985958354979,6934,80
102.500293128008,19.1907038635829,6935,10
102.441716602182,19.4353995287993,6936,10
103.071852187267,18.7280696012397,6937,10
103.293606662724,19.5004551948057,6938,10
103.466318611033,19.0538397079276,6939,10
103.369097278872,19.1227514149405,6940,10
102.9662597947,18.5429961878922,6941,10
102.76546860361,19.4745586341825,6942,10
103.180065798116,19.3951951491131,6943,40
102.871636864868,18.5519991100582,6944,10
102.357469551625,18.6374512003598,6945,10
103.343161161518,18.6040106815385,6946,10
102.538895712615,18.8959414204264,6947,10
102.509387835545,18.5031073632361,6948,10
102.597031141411,19.2145881762261,6949,10
102.943030539785,19.1449115329405,6950,10
102.673421075666,18.5776002089556,6951,80
103.171029779197,18.8346039169458,6952,10
102.325545297852,19.1013955830513,6953,30
102.396507654302,18.9341830325256,6954,10
103.338401553353,18.5202427746328,6955,10
102.476646056751,19.2236820812211,6956,10
103.245890370593,19.4028528965203,6957,10
102.631927900186,18.651590249729,6958,80
103.179355985321,18.9837588697362,6959,10
103.105997963166,18.7359310794035,6960,10
102.994300888281,18.9206985319948,6961,10
102.735157669269,18.7706650767656,6962,10
103.179229286026,19.4324895892668,6963,30
102.763991218338,18.665129171753,6964,10
102.314124549506,18.5372256281746,6965,30
102.574902893981,18.7474938281122,6966,10
102.744597491853,19.4155636786181,6967,10
102.851736155195,19.1556665472122,6968,10
102.929835399698,19.0730648853348,6969,10
102.815992422735,18.806827984335,6970,10
102.472828134497,18.5428026780097,6971,10
102.895097134148,19.2806941997075,6972,10
103.100819948442,19.0285993009472,6973,10
102.264119869176,19.2975470200242,6974,10
102.906291977606,19.3298409536401,6975,10
103.179166433799,18.9904371034684,6976,10
102.648778613234,18.5521563172462,6977,80
102.672247702976,19.0076072272627,6978,30
102.263723701438,19.3915047647015,6979,10
102.795308476519,19.4879602017202,6980,10
102.539227105761,18.8942366121614,6981,30
103.472248493898,18.9286459146534,6982,10
102.439821892464,18.5624720385557,6983,10
103.436767670931,19.4038895843056,6984,10
103.032390307655,18.8747108308048,6985,10
102.552231026421,18.6610369206729,6986,80
103.131620992772,18.8409070306969,6987,10
103.177777157486,19.0905075835444,6988,10
103.435819340332,18.6499009669709,6989,10
103.417719430698,18.8991236164593,6990,10
102.595326969035,19.1411041225244,6991,10
103.021046195853,18.5817789932899,6992,40
103.09220749247,19.3249622024165,6993,10
102.807569684278,19.0084979140435,6994,10
102.830752517413,19.3085007484509,6995,10
103.267334817175,19.4643010563736,6996,10
103.485676973818,19.0169586154084,6997,30
102.597689019303,18.875557010559,6998,10
103.489614730799,18.9893336950687,6999,30
103.271126975461,19.1203172520239,7000,10
102.783607241829,19.4434300800959,7001,10
102.271483304642,19.4907053655511,7002,10
102.530851799846,18.9965259727737,7003,10
102.254668772264,19.2886496796082,7004,10
102.271336773151,19.4449583074884,7005,10
102.600030777866,19.3438848765331,7006,10
103.163777737567,19.083320932248,7007,10
103.413180421678,18.5023599385322,7008,10
102.912338521372,19.3115175867299,7009,10
102.894648403825,18.8567371749459,7010,10
102.775754458492,18.9478030589006,7011,80
102.583049459219,18.6276211542741,7012,10
102.891888895755,18.9891236950624,7013,10
102.32841365663,19.3813036326898,7014,10
103.396917165785,19.1644626881983,7015,10
103.432985425613,18.5169946106135,7016,10
102.502697762602,18.5894822830933,7017,40
103.338414149578,19.3463744747208,7018,10
103.441664807323,19.4023539098422,7019,10
103.17772570985,18.8961847673237,7020,10
102.997118744466,19.4512495082543,7021,30
103.076046949496,19.0395575887882,7022,10
102.314835355867,19.2585827064647,7023,10
102.501118864683,18.5515799349558,7024,10
102.415943872255,18.7246481139223,7025,10
103.341654689387,19.2020800739795,7026,10
102.904285062629,19.1925317057081,7027,10
102.53782469513,19.2458482635574,7028,10
102.606927108946,18.5380057013199,7029,80
102.363758575311,18.5590041173721,7030,10
102.724188337088,18.6476119154228,7031,10
102.453168817688,18.5561624328244,7032,30
103.233487241583,19.4727136508499,7033,30
103.409698150825,19.2602603056446,7034,10
102.312838658789,18.6040340733466,7035,10
103.293821938189,18.6109978818701,7036,10
103.319198984074,19.3145474051455,7037,10
103.419714883715,19.4230571488842,7038,10
102.665171972708,18.9863528059635,7039,10
102.324072900811,18.9502888038448,7040,40
103.021791376684,18.9118467114292,7041,10
102.342702022646,18.9837059666846,7042,10
103.227458085002,18.7290104163445,7043,10
102.416059054973,19.0421026057416,7044,10
102.587645608491,18.6159007425281,7045,10
102.716387453283,18.7874532862547,7046,10
102.67094233283,18.9467775907536,7047,10
102.464588571404,19.207548041604,7048,10
102.868066672975,18.5205825759791,7049,10
102.30864353001,18.5100161066395,7050,10
102.944576987208,18.5951665534998,7051,10
102.507410147115,18.9305796239031,7052,10
102.870499005156,19.3676701569093,7053,10
102.651803938729,19.0712499431329,7054,10
103.266705139149,19.450690507542,7055,40
102.28560552132,18.5934933139411,7056,10
102.797055609957,18.8652998204264,7057,10
102.822910655199,19.2814466263343,7058,10
103.456299368431,18.9985195506007,7059,30
102.63258168452,19.4002458012415,7060,10
102.499701482978,18.6159987044534,7061,10
103.03735700975,18.9143229192412,7062,10
102.843841123696,18.5981917748282,7063,10
102.842156824597,19.2812920966369,7064,10
102.415825592004,19.265466265657,7065,10
103.156820590536,18.5380233512716,7066,10
103.265721411341,18.9158707432342,7067,10
103.44859822464,18.5709124284145,7068,10
102.897683989065,18.7319362325415,7069,10
102.510185326364,19.4480685960718,7070,10
102.984789914869,19.2878569805056,7071,10
102.643329095401,19.0840547708091,7072,10
102.765056303055,18.8298370050538,7073,80
102.630665768999,18.5514434910025,7074,80
103.44441796055,18.8407465158327,7075,10
103.225510858415,18.9805015469768,7076,10
103.134713882588,19.2136342607126,7077,10
103.363379279888,19.3384867557245,7078,30
102.701726293496,19.3866283628589,7079,10
102.88258179925,18.5186960365137,7080,10
103.126544464522,18.5854467157455,7081,10
102.715434628801,18.9337898714615,7082,80
102.545934032178,19.3321070828619,7083,30
102.631421522142,19.2564611767102,7084,10
103.41182408831,19.2105822191062,7085,10
103.427430858094,19.2889445668652,7086,10
103.351364075164,19.4355931505619,7087,10
102.335341304619,19.0892397117492,7088,10
102.653808851063,19.2213778671053,7089,10
103.405206614058,18.8326899732156,7090,10
103.209721040887,18.5558991271355,7091,10
102.68239911242,18.8344079273264,7092,10
102.499297149306,19.1033853438767,7093,30
103.100613771508,19.1259699285229,7094,10
102.61971651078,19.2352208981982,7095,30
102.490010137814,18.7872291558421,7096,10
102.603102477384,18.9104707894291,7097,10
102.634466351997,18.9338820281004,7098,10
102.842283380326,19.1426044966915,7099,30
103.417376748847,18.9081435688859,7100,10
103.115189174155,18.6472203987533,7101,10
102.874728050099,19.0752359333877,7102,10
103.255020420561,19.4073786110413,7103,10
103.313637457507,18.5882042748365,7104,10
103.47121400832,19.1085363123358,7105,10
102.457464347473,18.5555785037731,7106,10
102.327557849461,18.7201041692622,7107,10
103.473562233926,19.2870557949331,7108,10
102.329768052872,18.5213915357865,7109,10
102.84609193086,19.0004951627799,7110,10
102.277119850427,18.6642204394293,7111,10
103.302182316063,18.6616908184155,7112,10
103.29474195549,18.852703511758,7113,10
102.667527965486,19.2339053590998,7114,30
103.376096302946,18.7321173895708,7115,10
103.345048985409,19.0659191933244,7116,10
102.516394890308,18.8235925591874,7117,10
103.373026211715,18.9506313237901,7118,10
102.803423168062,18.6825016118761,7119,10
102.7878746326,18.9433151319523,7120,10
102.918373949824,19.4537943101535,7121,10
103.440135478943,19.0078242236721,7122,30
102.501223658884,18.8733608195039,7123,10
103.165026174933,18.9899814703854,7124,10
103.491064269037,19.178802775692,7125,10
102.491519419013,19.1349620333332,7126,10
103.11318769506,19.2175522490775,7127,10
103.458389284661,19.4886946771233,7128,30
103.36856792742,18.9230386104855,7129,10
102.700962843784,19.2856536987941,7130,10
102.39920729664,19.4586542420499,7131,30
102.739764521595,19.0602548986622,7132,10
103.301300212171,18.7594230306211,7133,10
103.329060691521,18.7390918339489,7134,10
103.348903429237,18.9311295069697,7135,10
103.027108252782,19.2721659252359,7136,10
102.754118999535,19.1343697254706,7137,10
102.93165895545,19.4340140137493,7138,10
103.045199039222,19.4425515873172,7139,30
103.448697173457,18.7934481755541,7140,10
102.78420401832,19.4286948436514,7141,10
102.948497756089,18.5760086483535,7142,10
102.355948988193,19.4418262402483,7143,10
103.313211235012,19.1561293156664,7144,10
103.144862421922,19.2016330627119,7145,10
103.192857896932,18.7030448761572,7146,10
102.94417867179,18.8745279405748,7147,10
102.48650345345,19.4402272225844,7148,30
102.914756731735,19.2145895780161,7149,10
103.032203097132,19.3384364376797,7150,10
103.201028790344,18.5007806490387,7151,10
102.348117423027,19.1032484320599,7152,10
102.61511616301,18.6645012969375,7153,80
103.092372234084,19.2539315282968,7154,10
103.061582886751,19.2159951592098,7155,10
103.411441575143,19.1333091747899,7156,10
102.474952289057,18.8388590317713,7157,10
103.345796736637,19.2817925824694,7158,10
103.045574842865,19.0719082682218,7159,10
103.115328409915,19.2269523165819,7160,10
102.4630748831,18.8542083909279,7161,10
102.762922470712,19.4083256383315,7162,10
102.639966798893,19.2488928932359,7163,30
102.661031415383,19.3004553518513,7164,10
103.072616072858,18.7820557116836,7165,10
103.471115634984,19.3393124026902,7166,10
102.672804840312,18.7364280213898,7167,10
103.470011952716,18.8268838339941,7168,10
102.537687641955,18.7851120299385,7169,10
103.417194701887,18.5483748023774,7170,10
103.14790329132,18.5430486317353,7171,10
103.125431303733,19.0071197827047,7172,10
103.238895137156,18.928167046159,7173,10
102.528201617625,19.1877226809063,7174,10
102.595204450115,19.0382085570011,7175,30
103.11618417099,18.9309224817166,7176,30
102.448852338628,18.5588669116607,7177,40
102.732470900821,18.8067809068233,7178,10
103.259612322551,19.0507878698375,7179,10
102.526073687932,19.3441143934452,7180,10
102.69641768764,18.5294051781379,7181,80
102.669541841203,19.1334145560713,7182,10
102.338256285036,19.0783901031419,7183,10
103.495735138706,18.8100108355566,7184,10
102.419851700402,19.3734135720003,7185,30
103.215456465237,19.2367857844404,7186,10
103.21536389778,19.109815103366,7187,10
102.29428137741,19.255020408756,7188,10
102.444763105716,19.192524223409,7189,10
102.831084196079,19.2437454914031,7190,10
102.756777770359,19.3130254714877,7191,10
103.189855337784,19.1550575490058,7192,10
103.468463377174,18.6754137124162,7193,80
102.542412860124,18.7270079140096,7194,10
103.486815111082,18.6948724451444,7195,10
103.284594331795,18.6680417526081,7196,10
103.412456745972,18.7859139792052,7197,10
103.37629080162,18.9796829707142,7198,10
102.678622169889,19.1611183809431,7199,10
102.890851364154,19.2570517172475,7200,10
103.270365125861,19.1703878862505,7201,30
102.917250126072,19.0924862841454,7202,10
103.451586566938,19.2550092492715,7203,10
102.28431116259,18.8762584310504,7204,10
103.418838128862,18.9670822767671,7205,30
102.739763662131,18.7646771995683,7206,30
102.498626203098,19.1543715057143,7207,10
102.684526507894,18.5770481963839,7208,80
102.696580815129,18.773848309078,7209,10
103.332802849026,19.4916189116415,7210,30
103.337870982301,18.7822586541861,7211,10
102.720957444821,18.5747353069096,7212,80
102.614565543743,18.6904523587879,7213,80
102.541874507154,18.8753883904191,7214,10
102.63711327049,18.8772696345286,7215,10
103.196645547246,18.6203930485113,7216,10
102.639181610831,18.7622811780164,7217,10
103.497493768605,19.3168123160852,7218,10
102.789925305602,18.8695799383705,7219,10
103.39127239456,18.8340755220268,7220,10
102.4453426397,18.6390184106983,7221,10
102.313490342254,18.731974363105,7222,10
103.476810349828,18.7362066088721,7223,10
103.084760321732,18.7744494193527,7224,10
103.354009552257,19.1410736344069,7225,30
103.046603919691,19.2383022895331,7226,10
102.418322502228,19.4555124620437,7227,10
102.915161064973,18.6818328146431,7228,10
102.251715243829,19.4990969466156,7229,10
102.519819415036,19.2612155654646,7230,10
102.275560281777,19.0667298178362,7231,10
102.513589042358,19.0676821433552,7232,10
103.406752721242,19.3502956784898,7233,10
103.23538071941,18.9031044410352,7234,30
102.797928503043,19.1336811808739,7235,10
103.246976968713,18.8228232846775,7236,10
103.246766920862,19.0274663866535,7237,10
103.263899096396,18.5907402574801,7238,10
102.585336308781,18.8536214191359,7239,10
102.619203603468,19.1090558219796,7240,10
103.427749067197,18.5238258784943,7241,30
102.85985972344,18.5326113018807,7242,10
102.744655015463,19.3674334050087,7243,10
102.590690258426,19.2191176994257,7244,10
103.192158881533,18.8713573007204,7245,10
102.805776562812,18.9770992464616,7246,10
103.260425448842,19.0809018102092,7247,10
102.565096394503,18.8707751095687,7248,10
103.42357778399,18.8772934627974,7249,10
103.22573820954,18.716558967283,7250,30
102.636113099778,19.1220465983712,7251,10
103.07620416227,18.7771015264225,7252,10
102.831931557853,18.6365248558861,7253,10
102.444309575872,19.111103734894,7254,10
103.122267641975,18.8482470804801,7255,10
102.925057368722,18.9260804784443,7256,10
102.354481079298,18.7650268803096,7257,10
103.101304012773,19.3236046864109,7258,30
102.369736060791,19.0959332697617,7259,10
102.317178369566,19.4416031809373,7260,10
102.80314119523,19.3378004938776,7261,10
102.780803597,19.4499052353498,7262,10
103.43261354697,19.189840598901,7263,10
103.142867656989,19.4919217132956,7264,10
103.321977778753,18.9670675366667,7265,10
102.616545126658,18.8268504866844,7266,10
102.368830978581,18.6820914366032,7267,10
102.502772989466,18.638047005625,7268,10
102.577069900406,18.7751964168984,7269,10
102.665157697234,19.0164843529212,7270,10
103.463115046817,18.6268359897926,7271,10
102.979416276835,18.9622319805087,7272,10
102.403256141295,19.4539315121838,7273,10
102.454122006487,19.2085853964404,7274,10
102.308315490655,19.2081447385947,7275,10
102.440006085214,19.4367295574722,7276,30
102.68580842478,18.6457116807383,7277,10
103.289390087118,19.1054069945489,7278,10
102.67935739055,18.7260561150362,7279,10
103.189222118021,18.9093276713729,7280,10
102.350169004855,19.4550650218836,7281,30
103.319236170055,19.0137055362187,7282,10
102.282464026324,19.4205678350067,7283,10
102.956932889884,18.7890869234799,7284,10
103.08162244793,19.2064139539607,7285,10
102.342527000817,19.4530547998678,7286,10
102.601378198324,18.8133401403765,7287,10
103.182009522563,19.1487196320319,7288,30
103.157382651583,19.4635762363685,7289,40
103.03354326449,18.5368777366768,7290,10
102.960982516929,18.9221587509422,7291,10
102.266492793864,19.0502630634308,7292,10
102.358512260737,18.9924141020011,7293,10
103.464632906149,18.9982917545717,7294,10
103.20547185716,19.3061046038159,7295,10
103.191564821663,18.5527885401309,7296,10
102.840906202281,18.6969271482906,7297,10
102.428370320722,19.204441083312,7298,10
102.683555467091,18.9043900223352,7299,10
103.215531503392,18.7655220522672,7300,10
102.946861743879,19.1260172114001,7301,10
103.246734592682,18.8765215962685,7302,10
102.463261400086,18.9220555471807,7303,10
103.191978583483,18.7530570695365,7304,10
102.791241586088,19.2104920696859,7305,10
102.769239289233,18.6574938295524,7306,10
103.43096638101,19.2306501613445,7307,10
102.656517065168,19.469783332125,7308,10
102.786412277128,18.9219669690741,7309,80
102.763935138329,18.805888493293,7310,10
103.459326410469,18.5542948602434,7311,10
102.498136065616,18.5893930611212,7312,30
103.38932977589,19.1572836131802,7313,10
102.536184537968,18.7751760807054,7314,10
102.321005417776,18.7749945880426,7315,10
103.224491113381,18.5175788378997,7316,10
103.327283456918,19.4514227605406,7317,10
102.507861333869,18.8785273777891,7318,10
102.512281701904,18.5124436528026,7319,10
102.737836608992,19.4051118426286,7320,30
103.199527776123,18.6767931480431,7321,40
102.748212002192,18.7627439821731,7322,10
103.431207983654,19.0338756840763,7323,10
102.46066946304,19.196252083013,7324,10
103.156137692781,18.5526390747309,7325,10
102.821766267053,18.7845793319511,7326,10
102.504705560626,18.7101981220079,7327,10
103.426499711415,18.7218225763346,7328,80
102.734402890212,18.7266910160508,7329,10
102.518757757006,19.1950788896249,7330,10
102.342671922584,19.3054616186545,7331,10
102.877390595377,19.336413293933,7332,10
102.674145718554,19.3502843964738,7333,10
102.424330243753,19.0574164492403,7334,10
102.757041234701,18.5832917121062,7335,40
102.800377967356,18.5720023744202,7336,10
102.437629105433,18.6006870310222,7337,10
102.440737359869,19.052186084136,7338,10
102.77731479173,19.3194421933791,7339,10
102.66189907008,19.0664043526433,7340,10
102.72992644567,18.8752283417775,7341,10
102.589216794124,19.441944100541,7342,10
102.253063854884,18.7459398956806,7343,10
102.878271696124,18.5625112207741,7344,10
103.404137475527,18.7674522508371,7345,10
102.511203736362,19.4305257693958,7346,30
102.995822852309,19.1206783168605,7347,10
102.604370727026,19.1733879359041,7348,10
102.292861317019,19.4004450422592,7349,10
102.939195783157,18.9143609258812,7350,10
102.526277205838,19.1139964947729,7351,10
103.14064690686,19.1720200748232,7352,10
102.624067203777,18.7557689980336,7353,10
103.169738126773,18.9702967217687,7354,10
102.253407952044,18.581396835179,7355,10
103.331047750173,19.0979191089849,7356,10
103.074284517819,18.6528420014515,7357,10
102.573358886809,18.5451973777022,7358,80
102.629069606646,19.4140681054521,7359,30
102.823228272983,19.1956132976722,7360,10
102.265533308853,19.176124964419,7361,10
102.929388390673,18.6644411092234,7362,10
103.341862700074,19.3676223248154,7363,10
103.198783945413,19.157428678145,7364,10
103.476296862561,19.0324516571356,7365,10
102.26366984363,18.8099154865816,7366,10
102.795196628895,18.7177004512374,7367,10
102.291936360251,19.0317542311326,7368,10
103.03290303567,18.6559934204223,7369,10
102.978028596605,19.3505090358605,7370,10
102.565626619183,18.6459480220122,7371,80
103.321901450618,19.4390359590235,7372,10
103.246724661171,18.7175912989399,7373,10
103.134477214697,18.9403593013793,7374,30
102.470596927529,19.4505111039238,7375,10
103.400766009246,18.5713629350854,7376,10
102.421019983006,18.5174949717335,7377,10
103.493818034869,19.1009670732609,7378,10
102.75349500937,19.4004080828455,7379,10
103.09234273191,19.0608004190868,7380,10
102.709371298048,18.8720308392398,7381,10
103.451607040147,18.8490008986737,7382,10
103.02120249888,19.0964205230328,7383,10
103.328011791674,19.400049235166,7384,10
102.447741598191,19.3249812817566,7385,10
102.848560914514,18.5678227633932,7386,10
102.926732323966,18.7362107923293,7387,10
102.614025092688,18.7002712707726,7388,30
103.454066115581,18.5694440042535,7389,10
103.114857685706,19.3771309653536,7390,40
103.390168880336,18.997661641043,7391,10
102.572097544386,19.0295139199181,7392,10
103.037002068805,19.1281195497271,7393,10
103.494203998671,18.8489155119983,7394,10
102.607101086527,18.7556975054505,7395,30
102.758805852865,18.662318474641,7396,10
102.939985011882,18.9032262468222,7397,10
102.745141423355,18.6517268698513,7398,10
102.841828337547,19.2986597502413,7399,10
102.506359043913,18.5959618960702,7400,10
103.377198893479,18.5028196571339,7401,10
102.306126766171,19.3589515126602,7402,10
102.41367619268,19.2971734570283,7403,10
102.993862381272,18.6515008032546,7404,10
103.278256752192,18.7463537652003,7405,10
102.816598575962,19.0305762874676,7406,10
103.378805160001,18.8553534612013,7407,10
103.355616039812,19.4951978426657,7408,10
102.813980029768,19.3814664790788,7409,10
102.299083868199,19.1395664242338,7410,10
103.462075513272,18.621355058082,7411,10
102.698648982626,18.8884151244485,7412,10
103.094219272552,19.008246727095,7413,10
102.812246845616,19.156805534076,7414,10
102.819210874171,18.9488725839883,7415,10
102.373114373665,18.5337736990514,7416,10
102.662473563278,18.6378663093929,7417,80
103.471487566123,19.4011423867677,7418,10
102.859584991688,18.9696252369908,7419,10
102.426916083916,18.6868193161407,7420,10
103.440354127043,18.5664309425609,7421,10
102.381473071676,18.524350622028,7422,10
103.422243044053,19.3128492516723,7423,10
102.406896764541,19.4758401189758,7424,10
103.137432106967,19.4912852390194,7425,30
102.691929282765,19.1303808550418,7426,10
102.514796921868,19.2787679363646,7427,10
102.799563020745,19.1973792741463,7428,10
102.805742829408,18.6851102793433,7429,10
102.475222677392,19.3528323065005,7430,10
102.403665115963,19.2608735230811,7431,30
102.99312806019,19.0162280294804,7432,10
102.636757002152,19.35101962999,7433,10
103.302203512225,19.2163852219921,7434,10
102.492930719527,19.289656822261,7435,10
102.31634752879,19.0890898139782,7436,10
102.751371171367,19.3338416387564,7437,10
102.269849780927,19.4110471322738,7438,10
103.060257345969,19.0983989095262,7439,10
102.893788615906,18.6389859398911,7440,10
102.730465511961,19.4746637092228,7441,30
103.2222081604,18.912615595879,7442,10
102.952398639653,19.016815946627,7443,10
102.918007260191,18.9573864591673,7444,10
103.331489671086,19.308310822783,7445,10
102.990169746617,18.9049614195758,7446,10
103.25398185712,19.2287744791394,7447,30
102.847534073345,18.684812558802,7448,10
103.091297099626,18.7655259880014,7449,10
102.601538121381,19.0995787333139,7450,10
102.261810528617,18.5347394440625,7451,10
103.136930391569,18.9510795547,7452,10
102.413914640449,18.6009465066859,7453,10
102.784892657432,18.6485393857411,7454,10
102.985459955216,18.8022230884549,7455,10
102.284486470084,18.6277063819913,7456,30
102.744284105103,19.0076042941456,7457,10
102.879914620696,19.0592325317675,7458,10
103.094505963525,18.6675739402254,7459,10
102.468802466087,18.9787906077801,7460,10
103.342014817319,18.5275948278226,7461,10
103.14626334156,19.2779870874182,7462,10
102.894233589719,18.7481375330757,7463,10
103.019906910061,18.7262807134219,7464,10
102.819745849336,19.2038769702371,7465,10
103.135752149817,19.0104861618686,7466,10
102.525618588348,19.2691966229155,7467,10
102.879046296167,19.2086879011155,7468,10
102.82621777876,19.23834825076,7469,10
102.546121119871,18.9388999827765,7470,10
103.173068889019,19.4711204500488,7471,40
102.963762549159,19.1772371707617,7472,30
102.757874287687,19.3541973042277,7473,10
102.357093198431,19.4532412876002,7474,10
102.824893669467,18.9319386098411,7475,10
102.692227330626,19.367069058834,7476,10
102.462300637776,18.7527096970464,7477,10
102.916672946242,18.8598152186854,7478,10
102.288517671206,19.168124024612,7479,30
102.533719655351,18.5362235310176,7480,10
102.494061236332,19.0479095192455,7481,10
103.31688648966,18.8064563128115,7482,10
103.480138171002,18.9811731400354,7483,10
102.358992085109,19.0899242607773,7484,10
103.442883342206,19.1823861351719,7485,30
102.61384150382,19.3068068953262,7486,10
102.86780563472,18.6799144899764,7487,10
102.614085384322,19.5006985279928,7488,30
102.793464883172,18.9476937132967,7489,10
103.090574531114,18.8145252840406,7490,30
103.110457007765,18.8432299503939,7491,30
103.434339770979,18.8846324218877,7492,10
102.581594025575,18.8973799676065,7493,10
103.440700730927,18.7239553669643,7494,10
102.628625650164,18.7631961979084,7495,30
103.083382864494,19.4272308321657,7496,30
102.434804944427,18.6269240200855,7497,10
102.463273162843,18.8217133747417,7498,10
103.338054798455,19.4045811708162,7499,10
102.549696489561,19.1437869602288,7500,30
103.208931795542,18.9768947038017,7501,10
102.285701040444,18.8233108382062,7502,10
102.912511675777,19.2511726764736,7503,10
103.07035377455,19.2224700516913,7504,10
102.647962233522,19.1924186073129,7505,10
102.362283588024,19.2104081711313,7506,10
103.020779578727,18.7721264306206,7507,10
102.981839210009,18.8060382798734,7508,10
103.339500623004,18.8395980920314,7509,10
102.311307713065,19.1261562708026,7510,10
102.864041118851,18.6720153001622,7511,30
102.744820077493,19.2098300625005,7512,10
103.454206179512,19.0308330276379,7513,30
102.307217251838,19.2523278075931,7514,10
103.068140758301,19.0070772554685,7515,10
102.517496669425,18.8371954048506,7516,10
102.288517984714,19.3163587272354,7517,10
102.668201452576,18.9826394481945,7518,10
103.195102821664,19.2449832823757,7519,10
102.824921547855,18.8521919394397,7520,10
103.449413198735,18.735763955722,7521,10
103.257770537733,18.5702873148008,7522,10
103.191429265227,19.2405275120487,7523,10
102.314556784757,19.1351896499432,7524,30
102.627072453702,19.018236420834,7525,10
102.276430441699,19.1987200735043,7526,10
102.726304761589,18.5101373293453,7527,10
103.126506142101,19.4361041183785,7528,40
102.501585808243,18.6044166907418,7529,10
103.180320253797,18.5080768135271,7530,10
102.661121586509,18.8891683632354,7531,10
102.333393614721,19.2428666391276,7532,10
102.37192815391,19.2211419357849,7533,30
102.278815868558,18.5445842731343,7534,40
102.765467277597,19.3622779373798,7535,10
102.930118756587,18.5451829280926,7536,10
102.406368606493,19.0139337974055,7537,10
102.509657750305,19.1290399041272,7538,10
102.461182569459,18.5970981902552,7539,10
102.731730091046,18.9148059093573,7540,80
103.437053005092,18.8758008765141,7541,10
102.691757015755,18.6421933826384,7542,80
103.180812672909,19.3871112856727,7543,40
102.586556562953,18.7446262540493,7544,10
102.620416642114,18.9121940984113,7545,10
102.544423233317,19.4344482726327,7546,30
102.349373103534,19.3133739548825,7547,10
102.932470560304,18.9545397687235,7548,10
102.803713682856,18.9243788148637,7549,10
102.541195273608,18.8893969839162,7550,10
102.274484580296,19.2860948875713,7551,10
102.780044327179,19.1852022089358,7552,10
102.704914959789,19.1964062176057,7553,10
103.105227284912,18.7691164318877,7554,10
103.271693551104,18.660521855723,7555,10
103.378262081849,19.1752903879995,7556,30
103.00138896048,18.7026208186289,7557,10
103.23067498931,18.9667290979594,7558,10
102.498346602896,19.2729499468916,7559,10
103.270231511258,18.6053289473159,7560,10
103.127020402577,19.0672599186753,7561,10
103.412144731924,18.9730444995682,7562,10
102.437012098557,18.9503065418176,7563,10
102.463548046462,18.8010302502414,7564,10
103.343637292287,18.8031623001362,7565,30
102.767261341766,19.3301487202865,7566,10
102.796743725743,18.9852297744786,7567,10
102.67692498547,18.8437867823725,7568,10
102.575287051565,18.5015558247795,7569,80
103.394617944319,18.7189373371603,7570,80
102.668366120706,19.4998009632506,7571,10
103.271917469769,19.4491915529363,7572,30
103.33469150695,19.4423650178155,7573,30
102.603699202631,18.8416089370619,7574,10
103.051143234203,18.6532256771164,7575,10
102.873401951175,19.0210252962194,7576,10
102.803020886816,18.5580659632513,7577,10
103.263730527869,19.3851190396025,7578,10
102.848267018133,19.4221503567567,7579,10
102.829564909477,19.0770438666424,7580,10
103.007495514495,18.7011323474582,7581,10
103.120301876332,19.1390188652498,7582,10
102.977298341747,18.5076842571746,7583,10
102.68884826908,18.5504836484982,7584,80
103.123360825183,19.1998012760478,7585,10
103.443029858345,18.7459413917362,7586,10
103.386929966912,19.2758613798345,7587,10
103.236108234279,19.276471338222,7588,10
102.59264887232,19.2453792892431,7589,10
102.860520669664,18.9071486564104,7590,10
102.647351598058,18.5988381281582,7591,80
102.460633232106,18.6137749748291,7592,10
103.082868782428,19.2390983120792,7593,10
102.922410592127,19.4614702663042,7594,10
102.547247926352,19.120313014985,7595,10
103.22886094122,18.5851747384294,7596,10
102.72594036367,18.8294056535261,7597,80
103.482120987134,19.476143302019,7598,10
102.321727498084,18.6669758492525,7599,10
102.427907588724,18.7447959496468,7600,10
103.135613658362,18.8716496525808,7601,30
103.297045257806,18.6726417132619,7602,10
102.889357443766,18.848380520786,7603,10
102.709856292773,18.6467532105052,7604,80
102.837247432544,19.2532877227151,7605,10
102.468860044341,18.7560233036957,7606,10
103.096693362028,18.5626908274959,7607,10
102.852688144346,18.9979290568867,7608,10
103.347637932578,19.0317601262729,7609,10
103.247765523552,18.5144876180379,7610,10
102.727472250563,18.8157492502791,7611,10
103.023976936258,18.981817169545,7612,10
103.067251546311,18.8676704515205,7613,10
103.009837267715,18.9811246798497,7614,10
103.258432222666,19.3612777871134,7615,10
102.455694301122,19.1728300303661,7616,10
103.060037775637,18.8110898881334,7617,10
102.886068786105,19.1127075436617,7618,10
102.532263073989,18.8130573114535,7619,10
102.675281209612,19.4890441535746,7620,10
103.20457908103,19.2768501695817,7621,10
103.126665949692,19.1535736352985,7622,10
103.004909286889,19.2195182056655,7623,10
102.632855872377,19.3972778936289,7624,10
103.422370773095,19.2844670982032,7625,10
102.260049617333,19.0694329398014,7626,10
102.994160392217,18.7298751101848,7627,10
102.686630067311,19.3421657531416,7628,10
103.137380777819,19.2215344086717,7629,10
102.93627743995,19.4044084154169,7630,10
102.806998791606,19.4333072619993,7631,10
102.602551540044,19.1336296503054,7632,10
102.832577246451,18.5002238937248,7633,0
102.636610330168,18.5534005153819,7634,80
103.187340765088,18.7994275615116,7635,30
102.981785321369,18.5591926987307,7636,10
102.851693006949,18.5045777355297,7637,10
103.394389597961,19.4590373287184,7638,10
102.965935730225,18.5529667701806,7639,10
103.448497507493,18.7147280935656,7640,80
103.175850198633,19.114474287488,7641,10
103.130979040611,19.4434691789675,7642,40
102.976147925634,19.247347328741,7643,10
102.890884177418,18.6330292271253,7644,30
102.673903646976,19.4035097424385,7645,30
102.809447510024,18.7828823238395,7646,10
102.464980777216,19.1794295221147,7647,10
102.688764392159,19.3075864276457,7648,10
103.28989795482,19.0533117664808,7649,10
103.427376633366,19.4589910402846,7650,30
103.487792462193,19.2618052025583,7651,10
102.311211016537,19.0640424319972,7652,10
102.464780494879,18.6276041284879,7653,60
102.77723282786,18.8995267239268,7654,80
102.794626694391,19.3513573562769,7655,10
103.440340601412,18.9869076074034,7656,10
102.942824130875,19.3765917734475,7657,10
102.343499956854,18.8739593768365,7658,30
103.444510877377,19.0544804983437,7659,40
102.710923445734,19.4193268087173,7660,40
103.102140858379,18.891307399848,7661,10
102.751803287649,19.4342910850162,7662,10
103.073763922314,18.5616604608256,7663,10
103.154903050736,18.9793639191088,7664,10
103.410602496719,19.4796193614237,7665,10
103.298925031551,18.7166745487306,7666,10
102.813217692491,19.4624117537399,7667,10
102.364256129022,18.808068892509,7668,10
102.997065370323,18.5806975450866,7669,10
102.588008319264,19.2497602033181,7670,10
102.851185530246,19.0446217227345,7671,10
102.742859663516,19.0701770540142,7672,10
102.822687297511,18.859962983405,7673,10
103.451903604478,18.5432352351666,7674,40
102.407060905694,19.2559838719948,7675,10
103.490103988811,19.3424803301122,7676,10
102.509519069091,18.8165128983836,7677,10
102.263042615806,19.0813843085234,7678,10
102.649579742797,18.9977852990432,7679,10
102.481660660502,18.9791408178964,7680,10
102.795009792256,19.3075888485936,7681,10
103.035654709632,19.1821715389913,7682,10
102.419853069878,19.2584561143418,7683,10
103.070519489782,18.6741157511207,7684,10
102.566677474282,19.3859905930149,7685,30
102.366178609837,18.9069872674676,7686,10
103.04245221673,19.2662511774609,7687,10
102.621303775517,19.372165868053,7688,10
103.087741010491,18.7934266959916,7689,10
102.444043114795,19.2184794644502,7690,10
102.956450663547,18.6565175056857,7691,10
102.514691337663,19.2110003810333,7692,10
102.78219302435,19.0209802884563,7693,10
102.604078946165,18.9201118833563,7694,10
102.745144960524,19.415176463171,7695,10
102.62891824957,19.2361822965124,7696,10
102.603250094369,19.484524650883,7697,10
102.668449148269,18.7098548106571,7698,10
102.747711883975,18.965686662999,7699,10
103.221573413208,18.9444326074437,7700,30
103.329930748055,19.2616420951024,7701,10
103.310326106912,18.5166309013837,7702,10
102.443715817342,18.9243544871685,7703,40
102.579924007461,18.6170718018172,7704,80
103.142378543377,18.600277596311,7705,10
102.335995531186,19.0213481746572,7706,10
103.221705149033,19.2677291116131,7707,10
102.686105385816,18.6045835724486,7708,80
103.02330384034,18.9241472088659,7709,10
103.222408804873,18.5733024608077,7710,10
102.648451077303,19.2606833104451,7711,30
103.092060059134,19.1018980320442,7712,30
103.230157563744,19.1213532879966,7713,10
102.879748566657,19.3024696301793,7714,10
103.086474814707,19.3167563347496,7715,30
103.14637294578,19.0183010626231,7716,10
103.185377009642,19.4267702526905,7717,30
103.004749462373,19.1285422785954,7718,10
103.404654678155,19.1172708367868,7719,10
102.792721069396,19.3270013368262,7720,10
102.662691860814,18.9401703861136,7721,80
102.845898383126,18.6368323646963,7722,10
102.601287136454,18.7856159818073,7723,10
102.905863508709,18.9044401889042,7724,30
103.068742962773,19.3264259566644,7725,10
103.390192154117,19.3767191108537,7726,10
103.320668162925,19.4400818045861,7727,30
103.047867030521,19.0261752076132,7728,10
103.420273890255,18.795467487162,7729,30
102.869057533308,19.3754735014575,7730,10
102.872647798154,19.4597169815677,7731,30
102.481242311653,19.248779330751,7732,10
103.257397634409,18.5639515466434,7733,10
102.562997526619,18.6158758064887,7734,80
102.809547039623,18.7328895447942,7735,10
103.221159702347,18.6320540372394,7736,10
102.390373506348,19.2392665651342,7737,10
102.556893111099,19.2890468019261,7738,30
102.376744365295,19.1676365031508,7739,10
103.403103322983,18.7339325982813,7740,10
103.342261231717,18.7398073595609,7741,10
102.326935337601,19.2481886973574,7742,30
102.492051446646,19.1213983416821,7743,30
103.255230042882,18.6880165814067,7744,30
102.973060875113,18.7016095953236,7745,10
103.059059465533,18.8304745495886,7746,10
103.072570853736,19.3179880746448,7747,40
102.816963823256,19.159975580052,7748,10
103.242656552561,19.0771878432259,7749,10
102.291744949331,18.9763796682355,7750,10
103.177082749742,19.442232452897,7751,50
103.085105917411,19.3070325682175,7752,30
103.4942942574,18.5520530046407,7753,10
102.433702667147,19.3958383326434,7754,10
102.403553181637,19.0148511159009,7755,10
102.265641801634,18.6922864906751,7756,10
103.417763011504,18.7186195288351,7757,80
102.267452257713,19.0665388016075,7758,10
102.505057171973,18.9078774511508,7759,10
103.004823650033,18.5563538439813,7760,10
103.101572199241,18.7978891012225,7761,40
102.75271294236,18.5618835745131,7762,10
102.846072921,19.1292235612884,7763,10
102.475455162832,19.1580064963927,7764,10
102.800256980344,18.8652243127888,7765,10
103.223988988203,18.8091221286379,7766,10
102.27171193912,19.120332510487,7767,10
102.251371876941,19.4507181552275,7768,10
103.032372691935,19.2531568793638,7769,10
102.563701255803,18.6623953781633,7770,80
102.553299586941,19.4499039950532,7771,40
103.493467089388,19.2039981478918,7772,10
102.359831223809,18.5141737180814,7773,10
102.995350768297,18.5327460705825,7774,10
102.782596244538,18.6506776611572,7775,10
102.544249836268,19.0307405855919,7776,10
102.890788562779,18.8115598246275,7777,10
102.479967017302,19.0232609899259,7778,10
103.228071705663,18.973040471135,7779,10
102.269328209539,19.2699325845957,7780,10
103.447036407111,18.7530628112273,7781,10
102.797466641239,18.6349888421454,7782,10
102.615199204566,18.8278669835462,7783,10
103.208896755619,19.0965081694626,7784,10
102.310492459262,19.4312443064017,7785,10
102.310833468673,18.5759784483347,7786,10
102.891523652717,19.3064398352625,7787,10
103.161047667041,18.5537797523967,7788,10
102.36229052497,19.0451770717021,7789,10
102.888691212272,18.7407871675903,7790,30
102.480432230117,19.0271988005414,7791,10
103.353841252316,18.6893009453869,7792,10
103.056571335054,18.7558877111801,7793,40
102.299983275377,18.9271326648811,7794,10
103.295769403922,19.2089578745606,7795,10
103.319953380329,18.8729973130019,7796,10
103.100396027462,19.3640521153476,7797,30
102.818601656471,19.3179360023969,7798,10
103.010343357379,19.1199439887264,7799,30
102.570889913627,18.7249585783122,7800,10
102.270443045256,18.9687626111079,7801,10
103.473197028836,19.071616977246,7802,10
103.170052517227,18.6657372556175,7803,10
103.259455115387,19.4089022038691,7804,10
103.142356572679,18.8574121428145,7805,10
103.371176640168,19.0390425975097,7806,10
102.677200530263,19.4425023464161,7807,10
102.502471016757,19.3140067979549,7808,10
102.63975522894,19.0765743837457,7809,10
102.251302879288,18.9880403190177,7810,10
102.826316809538,18.7788318880719,7811,10
103.253178047554,18.7092569063632,7812,10
102.484166003427,19.0201909275494,7813,10
102.63897140889,19.0974617329839,7814,10
103.116211265728,19.067587135934,7815,10
103.40388965107,18.726307835129,7816,80
102.534146564332,19.2403226833451,7817,10
103.278067091063,19.133295316425,7818,10
102.712228112651,19.1913056634893,7819,10
103.159084345349,19.3490870503898,7820,30
102.979837794407,18.5069292677821,7821,10
103.485324534631,18.7689921143519,7822,10
102.964836228215,18.6678265734771,7823,10
103.33883153919,18.6968482006129,7824,10
102.949605966089,18.61247428701,7825,10
103.46517646511,18.5389539328775,7826,40
102.899056694483,18.582208049814,7827,10
102.65116730678,18.6763696396641,7828,10
103.281007545243,19.4251349862249,7829,10
102.57106686605,19.0327292593595,7830,10
102.998523493345,18.9879510785249,7831,10
103.298280839174,19.3937422996966,7832,10
102.912922937922,18.757914756387,7833,30
103.3279305746,18.5401396133149,7834,10
103.459913149064,19.1860685243635,7835,30
102.486183321778,19.0389820099334,7836,10
102.973359824363,18.6770987287367,7837,10
102.293258447334,19.42077696778,7838,10
103.082518346112,18.8363432313968,7839,10
102.597524011995,18.7226967813667,7840,10
102.722595824317,19.2324148940529,7841,30
102.822429264538,19.1261182147356,7842,10
103.439118754947,19.2515973815879,7843,30
103.372327294618,19.2014601041578,7844,10
102.351868448296,19.0135750200841,7845,10
103.243566075972,19.435951296001,7846,10
102.338789756607,19.379303735365,7847,30
103.461071220239,18.8442650244733,7848,10
102.97676817055,18.9039055510837,7849,10
102.311039139389,19.028743909889,7850,10
102.625552410303,19.2883396097213,7851,30
102.73338642502,19.1620721043414,7852,10
102.593987352534,19.1110550522504,7853,10
102.583407341444,19.3307315223544,7854,10
102.313852112248,19.2494845100744,7855,10
103.146103695269,18.8373908590968,7856,30
102.668832557762,18.9143587946157,7857,10
102.385646670438,18.6747022493369,7858,10
102.968775342498,19.456408497849,7859,10
103.006623813133,18.7367010088202,7860,10
102.753058619389,18.5362856095466,7861,80
102.937568378788,19.3251594703574,7862,10
102.393847629068,18.9174367988479,7863,40
102.421004072202,19.3939758510479,7864,30
103.030750730103,18.5000718388766,7865,0
102.488075931581,19.1956317050629,7866,10
103.488047268308,19.3289744044392,7867,30
103.011983548734,18.603345890803,7868,10
102.308784973029,19.0420224101118,7869,10
102.651467543684,18.6128120209147,7870,80
102.327680480223,18.5705286493156,7871,10
103.254704842981,18.9637389515134,7872,10
102.84726282173,18.5705823429852,7873,10
103.475809437477,19.1941493108263,7874,10
103.458788187187,18.5417027302229,7875,40
102.282663773531,19.4643115900642,7876,10
102.325257085504,18.943772255616,7877,10
102.587990468447,19.4928781843014,7878,10
102.621509252119,19.3962415684073,7879,10
102.431576966924,18.9545975940504,7880,10
103.449403403847,18.8613243637819,7881,10
102.323750019537,19.2043464545716,7882,10
102.82151955699,18.5043698164615,7883,10
103.463605011136,19.2815460042166,7884,10
102.85755543202,18.6351582807651,7885,10
102.3452642424,19.1636540886891,7886,10
103.293349316219,18.9854389228392,7887,10
103.246232037713,19.4850731963837,7888,30
102.936080916121,19.0378613472107,7889,10
102.44802188026,18.8608401078126,7890,10
102.566713770068,19.0070196914955,7891,10
103.404066312105,18.9873881752371,7892,30
103.326682815932,18.5118842589233,7893,10
102.491906580605,18.7336838551088,7894,10
103.216055138685,18.7255084585473,7895,30
102.592297588565,18.6696355671176,7896,10
102.660686290389,18.5030379307862,7897,80
103.451151911117,18.8338536881252,7898,10
102.761178516383,18.7073280256983,7899,10
102.479185844961,18.9281356247161,7900,10
102.255581950622,19.1326954114818,7901,10
102.484542131859,18.715619099447,7902,10
103.086896790349,18.7640342329062,7903,10
102.932941361454,18.5598757775004,7904,10
102.53695546296,19.1602209034341,7905,30
102.697064231487,19.0861054598867,7906,10
102.468602909364,19.1598754400912,7907,10
102.986845430289,18.5462245281058,7908,10
102.624160614071,19.3471456749537,7909,30
102.265515855989,18.5416767131149,7910,10
102.349943445707,18.8948671485316,7911,10
103.032449180501,18.9835099693045,7912,10
103.351162299892,19.2875265415502,7913,10
103.345160018096,19.1810162101696,7914,10
102.560413239704,19.3079432307213,7915,30
102.411958844128,18.5548815696539,7916,30
102.404650707914,18.5446346439275,7917,10
103.018317597471,19.2701142614144,7918,10
103.296620876366,18.6840362457278,7919,10
102.285551570053,18.6899595537582,7920,10
102.260846874188,19.4451548612689,7921,10
102.627561444474,18.6548057073894,7922,80
103.14458008077,18.7169203365545,7923,10
102.968725021288,18.9272987105638,7924,10
102.769588525988,18.8884724776475,7925,10
103.278029752263,19.0546881887196,7926,10
102.305956002394,18.5649903855826,7927,10
103.47929696293,19.4392160072349,7928,10
102.654230951052,19.4961049829446,7929,10
103.065924447355,18.6996306302434,7930,10
103.136324242577,19.3381552726365,7931,40
103.070778418235,19.0158362048235,7932,10
102.884544251633,18.9251406574571,7933,30
102.445294663384,19.2375180331305,7934,40
102.254660971061,19.0221228049317,7935,10
103.087153758128,18.6190255844885,7936,10
102.463700393069,18.6146267297829,7937,10
102.602003273652,19.2694511903556,7938,10
103.247806257804,19.4625852557968,7939,60
103.404949053087,18.8899089567619,7940,10
102.786841138877,19.127152022718,7941,30
102.959343888896,19.2741549319521,7942,10
103.313890229145,18.5080121974299,7943,10
102.985110982061,18.9961204199716,7944,10
103.147371427942,18.9368093339737,7945,10
102.82300743325,19.0024167201559,7946,10
103.471047535188,19.5002886711768,7947,0
102.411125326519,18.9139181643546,7948,30
103.204522558336,19.4044858959405,7949,40
103.477993867767,18.6885718019827,7950,10
102.859277868892,18.5434890681341,7951,30
102.414408804424,19.1024072676624,7952,10
102.603453581184,18.9443667921598,7953,10
102.877232945235,18.5424401081977,7954,40
103.29851447187,19.2272885997909,7955,10
102.889333228368,18.5153880392861,7956,10
102.437674932729,18.7300272311457,7957,10
103.065889386862,18.772800711743,7958,10
102.908222084745,18.9978245545695,7959,10
102.436042764918,19.4671358806903,7960,10
103.444540805184,18.5996218195467,7961,10
103.450860489842,19.30125169464,7962,30
102.947846506385,19.1064977171641,7963,10
102.912222769243,18.9566700493908,7964,10
102.331031405218,18.8572498915955,7965,10
102.455498131878,18.9037600479959,7966,40
103.445254702655,18.9560025364774,7967,10
102.790236326854,18.661492522736,7968,10
102.559624313811,19.159931917485,7969,10
102.737522984321,18.7598801277362,7970,10
102.394587916265,19.4331599511245,7971,10
103.153003600718,18.993380747751,7972,10
103.063200665489,18.539073204055,7973,10
102.903910094464,18.9741801024069,7974,10
103.169192845373,19.3959804058331,7975,30
103.42101817345,18.6080856483482,7976,10
103.432874502567,19.0068455006394,7977,30
102.730453564881,19.393228943606,7978,10
102.311634966979,18.6712370084186,7979,10
103.314920021272,19.4144792364032,7980,30
102.452699328907,18.7211924361946,7981,10
103.072319650808,18.8711377881884,7982,10
102.895493626828,19.2309972794225,7983,10
103.29774195396,19.2980040834473,7984,10
103.498859723629,18.7883564847329,7985,10
102.90900805059,19.1981239379264,7986,10
102.305671748823,19.1925785720874,7987,10
103.001169491528,18.804699675767,7988,10
102.671002631427,19.2034944587895,7989,30
103.426428713818,19.3662985391391,7990,10
103.047360579332,19.2735281325664,7991,10
102.680290162353,18.8515627747309,7992,10
102.418971198222,19.0352539035758,7993,10
103.234395053857,18.8727587269891,7994,30
103.36590160182,19.3299012304438,7995,40
103.054836747999,18.6072450991414,7996,10
103.426881630512,19.2053263315116,7997,10
103.367710491844,18.7997213897963,7998,10
102.386754236036,19.4030865833251,7999,10
103.438695685811,19.1942449957816,8000,10
103.379264458024,19.0694115352694,8001,10
102.45635807131,18.9672162958102,8002,10
102.714101583054,18.7954714200947,8003,10
102.882044764438,18.9519812947987,8004,10
103.485623076063,19.1736846467697,8005,10
103.066267871174,19.0341248528779,8006,10
102.404418658997,19.3119084201094,8007,10
102.703070352664,19.2150019368139,8008,40
103.190159458537,19.0637437100966,8009,10
102.830599915476,18.7021703253964,8010,10
102.991560128374,19.0862569645071,8011,10
102.824726123435,19.2819745869635,8012,10
103.304136581916,18.8892226502987,8013,10
102.76083794842,19.3752576065424,8014,10
102.647047173921,19.1046768242144,8015,10
103.212410124055,19.1528014337913,8016,30
102.718555333431,19.3489006559294,8017,10
102.30840708678,19.0882044181886,8018,10
103.032450076042,18.7914989885623,8019,10
103.243904473587,18.674206459067,8020,10
102.836381330411,19.1155384145787,8021,10
103.400289077836,19.1437178975378,8022,10
102.644067645836,18.9640535731823,8023,10
102.789364133214,18.6488864359271,8024,10
103.007909335864,19.1895995061856,8025,30
103.47586495892,19.2567734601687,8026,10
102.620419159274,19.3368031965347,8027,10
102.545780971408,19.2715991028363,8028,30
103.050906191258,19.0979241052037,8029,10
103.132362759233,19.0066938560019,8030,10
103.408847310369,19.1856390888845,8031,30
102.958199915497,18.6199130800219,8032,10
102.30470429845,18.9146004455061,8033,10
102.556387173067,19.3563066888072,8034,10
102.946948687313,19.0305334988528,8035,10
102.90843095755,18.5704495084488,8036,10
103.141699921616,19.2143726721175,8037,10
102.837611648337,19.3448874434032,8038,10
102.483252563977,18.5441568448788,8039,40
102.812191251102,18.7606395482236,8040,10
102.800121415179,18.8926146456201,8041,10
103.122330158867,19.4079595531264,8042,30
102.277170791846,19.4349231860745,8043,10
102.595877196569,19.1034000319583,8044,10
103.411493139579,19.4473082074851,8045,10
103.30087699399,19.4507396903525,8046,10
102.258828666857,19.3835191573236,8047,10
103.249783824471,19.0166541138158,8048,10
103.024723239498,19.346470852616,8049,10
103.255971299955,19.4684718404565,8050,10
103.370640006157,19.1050319194271,8051,10
102.504176997821,19.0394636698122,8052,10
102.61000321876,18.6400188779254,8053,80
103.04279739108,19.4587934002262,8054,30
102.971927857476,18.5778374504496,8055,10
103.242409255656,19.1394701911415,8056,10
102.928507232548,19.0695748611051,8057,10
103.424225258318,19.2377766544497,8058,10
103.354080104379,19.3410564551748,8059,40
102.721659643484,18.559743747094,8060,80
102.370138778767,19.0268768096943,8061,10
102.450936346178,19.3073324912702,8062,10
102.864686788679,19.4589121644083,8063,10
102.908818727514,19.4398569384344,8064,30
102.869849147765,19.011595631321,8065,10
102.746025744088,19.3035457095009,8066,10
102.516959021924,18.6405241737174,8067,10
103.197921555818,18.729885405399,8068,10
103.220338313991,18.6316080432834,8069,10
102.470149101623,19.1070780088859,8070,10
103.225590378629,18.9936398059749,8071,10
102.787499750127,18.9148121533817,8072,80
103.273123281581,18.9725505670389,8073,10
102.91770025037,18.5960804516967,8074,10
103.11779775083,19.1537212541996,8075,10
102.786868713239,18.8663053461995,8076,10
103.349301312001,18.9338041438295,8077,10
103.051683047543,18.7659325488632,8078,10
103.063723003077,18.6055921789838,8079,10
102.969140414914,19.4325501918434,8080,10
102.745228015195,19.3406401273751,8081,10
102.896258217517,18.5160032507755,8082,10
103.039589344342,19.4674809233353,8083,10
103.185606826379,18.9396458979561,8084,10
103.139832856405,18.7041269053996,8085,10
103.413080441157,18.9285325994512,8086,10
102.295627200698,19.2086149563288,8087,10
103.107892915624,19.4139968283179,8088,30
102.917227440268,19.178489443509,8089,10
102.642695587604,18.6551561624112,8090,10
103.456993779281,18.8243980901252,8091,10
102.35909062422,18.7140758647431,8092,10
102.805546164425,18.7163101119944,8093,10
102.56771078844,18.9426597608813,8094,10
102.532688060465,18.6768846580675,8095,80
102.765342885074,18.6448120184663,8096,40
102.255149574836,18.5958535549306,8097,10
103.40214720522,19.0669055714979,8098,10
102.307121281968,18.8873746864086,8099,10
102.763791837445,19.0545593484147,8100,10
103.337406578719,18.9744667493908,8101,30
102.397674884936,18.8477390908213,8102,10
102.6782166041,19.3760008086734,8103,10
103.402729529156,19.0572276127543,8104,10
102.657548171222,18.7910886855416,8105,10
102.262683863372,18.5979744590803,8106,10
103.376410922118,18.8402847322379,8107,10
103.308242841736,19.4680483513545,8108,10
102.290588028451,19.0820964669449,8109,10
102.552806602338,19.1687496527223,8110,10
102.757750595325,18.6773858725168,8111,10
102.80567025477,19.0662782553186,8112,10
102.395385123927,19.2571093664921,8113,10
102.741498892606,18.6422668509399,8114,10
103.099761454103,19.4411594535222,8115,40
102.364112222173,19.3384614391976,8116,10
103.255124475995,19.3304467994838,8117,10
103.100186817093,19.3120497227433,8118,40
103.30203707071,19.4762792692577,8119,10
103.241186482791,19.1108576084415,8120,10
103.037179178701,19.4306424106995,8121,40
102.361726242658,18.6558820924292,8122,10
103.438103488576,18.8643022600479,8123,30
102.51927988085,19.4998393310548,8124,10
102.912359898427,18.9980667106704,8125,10
102.341650784822,18.5409851110009,8126,10
103.125227274591,19.3561391775849,8127,60
103.271294497285,19.4321469090298,8128,10
102.824217095189,19.2000362682889,8129,10
102.809834381075,19.4807188017826,8130,30
103.181785563698,19.2842743884042,8131,10
102.731734017616,19.14201696794,8132,10
103.423607276138,19.0308389569521,8133,10
102.840549550428,18.5944502040461,8134,10
102.815034393836,18.5477147764811,8135,10
103.045242464561,18.7232487114574,8136,10
102.499071469636,19.3779734719057,8137,10
103.373374988361,19.2057765674926,8138,30
103.128598575523,19.282384154524,8139,40
102.315703270605,19.2407107750893,8140,40
102.976197889575,19.0202493353373,8141,10
102.362129848645,18.841517077604,8142,10
102.471701770992,18.8455817026221,8143,10
102.348635212273,19.2619270574266,8144,10
102.461925194473,19.0421867104911,8145,10
103.051407042128,19.0506743045229,8146,10
103.113524532591,19.4031790148025,8147,30
102.455112796912,19.2319103570556,8148,10
102.874089828353,19.4952498171755,8149,80
103.422850258409,18.9930256826287,8150,10
102.353298953868,18.5290102580923,8151,10
102.875778825515,19.3811055854158,8152,10
103.099638883384,18.7036126287466,8153,10
102.864073942799,18.9694069542296,8154,10
102.944677263121,19.4130075601062,8155,10
102.442664569091,19.2043545379982,8156,10
102.904499172159,18.9286017069064,8157,10
102.872119301117,19.0069390372201,8158,10
103.462826203127,19.3475955205485,8159,10
102.674878559974,18.7725197669359,8160,10
102.935099920516,19.1273657532187,8161,10
103.219958740453,19.2169865197686,8162,10
103.496982470364,19.407833565235,8163,10
102.6794672032,18.6540410050423,8164,10
102.295778816609,19.2518618395296,8165,30
103.223621282828,19.2158498587508,8166,10
102.951482072189,19.2771940717855,8167,10
102.703724380138,18.5338249794726,8168,80
103.271295629453,19.3799721542928,8169,10
102.342129841492,19.0548493419403,8170,30
103.381972590308,19.1281078881063,8171,10
103.229106138363,19.2712935118932,8172,10
102.301591482558,18.5962502950898,8173,10
102.444784840271,18.537521422035,8174,10
103.142004485798,19.3861040675359,8175,10
103.396182522128,18.8059028352439,8176,10
102.493972515729,18.8303901344482,8177,10
103.079857562411,19.0772098636567,8178,10
103.314983353688,18.5354599371475,8179,10
102.414095406782,19.0794730042365,8180,30
102.669223891276,19.4303910794765,8181,10
102.883632186851,18.8927133939833,8182,10
103.48443404749,19.0166324786732,8183,10
102.490296061555,18.748116575091,8184,80
102.379388600383,19.035831601405,8185,10
102.614672898183,18.6881526377156,8186,80
103.191844671473,18.6045823596494,8187,10
102.865159250065,19.221496934604,8188,10
102.336727198105,19.3786215553867,8189,30
102.4055607719,19.3347801676859,8190,30
102.677201567365,18.8282218763973,8191,10
102.87529966487,19.1036320783218,8192,10
102.880065415895,19.4732012188268,8193,10
103.040874515211,19.0024964836091,8194,10
102.965819582738,18.5621372365488,8195,10
102.967981608041,19.0471712908374,8196,10
102.988396144127,18.5527259872196,8197,10
103.36982001232,19.0613847633088,8198,10
102.468970177106,18.6207648306711,8199,10
102.278902533173,19.177970559145,8200,30
103.47367672623,18.5235006755055,8201,10
103.04237539891,19.3055241611944,8202,30
102.984811186153,18.8801349001546,8203,10
103.388392928265,18.6440703637441,8204,10
102.440764093792,19.3075103235113,8205,10
103.0169877274,19.1981293961045,8206,10
102.822620274866,18.5332188583185,8207,10
103.344307610336,19.4893725078126,8208,10
102.980462163455,19.4181132725921,8209,10
102.646338375337,18.8438880669263,8210,10
102.710881049218,19.0226761483037,8211,10
102.865059419565,18.6693664200814,8212,10
102.590517658189,19.2990987790005,8213,30
103.163065155987,19.4627507093181,8214,30
103.047458852114,19.2002047184638,8215,10
102.556359526151,19.0756804393141,8216,10
103.022402294592,18.5993136565353,8217,10
103.478016063937,19.0324256005014,8218,10
103.125349467732,18.6150170867424,8219,10
102.638372459871,19.2177613736436,8220,30
103.255060062882,19.1407130458935,8221,10
103.383620087217,18.5123019569315,8222,10
102.664513454123,18.5137852792968,8223,80
102.665103331595,18.5893568062136,8224,80
103.180672107551,18.9238340530929,8225,10
103.459927214506,19.4575275162075,8226,30
102.861223110267,19.1091055337103,8227,10
103.015199371815,18.6584442087248,8228,10
102.931370007842,18.6784175526544,8229,10
102.482704541668,19.3370510822538,8230,30
103.223543974974,18.5481140290198,8231,10
102.939133295296,18.7429850284795,8232,10
103.273587305555,19.0880638015774,8233,10
103.106137761955,18.9473382237547,8234,10
102.867159301359,19.0869520502694,8235,10
102.64310534496,18.7445360341547,8236,10
102.351763432704,19.0033311955674,8237,10
103.124061912595,19.0986580828218,8238,10
102.88277113403,18.7940365788665,8239,10
102.949326727388,19.3012380596993,8240,10
102.594587386337,18.9522421105993,8241,10
102.713281552097,18.5857782017449,8242,80
103.222199780713,18.6961237225381,8243,10
102.73175306272,18.7057426040554,8244,10
103.372283029625,18.7542020233337,8245,10
102.886496381561,19.0540048970524,8246,10
103.268277933191,18.593873756002,8247,10
103.288202951358,18.5319165485873,8248,10
102.352779362977,18.861456596208,8249,10
102.555048019202,19.3313751733393,8250,30
102.787718850753,19.1180128187717,8251,10
102.402498512484,18.7266105760924,8252,10
102.711940070801,18.6172359512545,8253,10
103.462623346455,18.6787563433432,8254,80
102.319625630276,18.7593784938692,8255,10
102.916970212154,18.6463810477947,8256,10
102.872662626002,19.0171121313105,8257,10
103.101715972854,19.3061773994755,8258,10
103.287382622422,18.9018663661398,8259,10
102.666628921137,18.6499047166948,8260,10
102.680765183847,18.6359883285868,8261,80
102.728326762943,19.4895556369618,8262,10
103.430531856678,19.3749799384293,8263,40
103.206222138516,19.0621470962785,8264,10
103.208483902627,18.6728946351274,8265,10
102.468931644507,18.7442934317423,8266,10
102.503566442337,19.4878471230701,8267,10
103.475226180125,18.6266026901854,8268,10
103.037469660024,19.1296971313078,8269,10
102.39468065237,18.8519932877578,8270,10
102.969030225162,19.2459015969513,8271,10
102.514521357452,18.5492726528619,8272,30
103.085678136137,19.4435704558017,8273,30
102.39234415124,18.7960078122257,8274,10
102.719322343779,18.671525948516,8275,80
102.430327529869,19.2361242557409,8276,30
103.235037954781,18.7966802555701,8277,10
102.910016902367,19.1177010248451,8278,30
103.014798916203,19.4545677120887,8279,10
102.548490215485,19.2955706363421,8280,30
103.343110440664,18.7877546052121,8281,30
102.676623484028,18.6088464637257,8282,80
103.209522955307,18.8435981329153,8283,10
102.854319294717,19.2440134331185,8284,10
102.52192716175,19.057797903888,8285,10
102.535975846902,19.2747605124126,8286,10
102.442408912541,19.37050953201,8287,10
102.705460740298,19.1973286700319,8288,10
103.18904378998,18.9829211748293,8289,10
102.435047055434,18.6662193415166,8290,10
103.377188082642,19.1654854758421,8291,30
102.526813458612,19.3119505647752,8292,30
102.603322206825,18.6000326289286,8293,80
102.752128809156,19.0403672572783,8294,10
103.265849980918,19.1942450979758,8295,10
102.494726897279,19.0543108836316,8296,10
102.558143867385,19.2984169766637,8297,30
102.448654717574,19.1519580557622,8298,10
103.330225382014,18.762752631399,8299,10
102.735337274625,18.6131462288116,8300,10
102.975306885411,19.3116637442651,8301,10
102.828847366192,19.375623041747,8302,10
103.241271015726,19.4016569411501,8303,10
102.860196644271,18.9054496294504,8304,30
102.85268423074,19.4421619174228,8305,10
103.030083655931,19.3853427792197,8306,30
103.194326532211,19.3179293066568,8307,10
102.552022377305,18.8794832698433,8308,10
103.109667812127,19.2542383966373,8309,10
102.916030298008,18.8082651286419,8310,10
103.09373857229,18.5253755752406,8311,10
102.68038051822,18.7718007251532,8312,10
103.165569499964,18.7080719481208,8313,10
103.127908323455,19.4799088535777,8314,40
102.82238743417,19.2725198274323,8315,10
103.201279450727,18.5492176115778,8316,10
103.298604876229,18.6891000416375,8317,10
102.267863200627,19.331340321965,8318,10
102.926632591302,18.8411194366425,8319,10
103.175737616105,18.9251754233985,8320,30
102.605096994449,18.7291453913688,8321,10
102.575521513222,19.3990127132989,8322,10
103.079113344957,19.053234239881,8323,10
102.660850743802,19.0807412018405,8324,10
103.101851483729,18.7526781315991,8325,10
102.541749683043,18.5448627098562,8326,10
103.428246458945,19.2034136911453,8327,10
102.30007231226,18.583898878057,8328,10
103.071235458779,18.6168491587466,8329,10
102.444572292526,19.4895395324516,8330,30
102.616759000211,19.2798026643379,8331,10
102.970720819239,19.4302294905288,8332,10
103.167853047568,19.2664598573872,8333,10
102.924290198892,19.3107991417152,8334,30
103.100440675971,18.5314934337281,8335,10
103.290059051361,19.239436369363,8336,10
103.291170731943,18.7088864503562,8337,10
103.404002045458,18.7507026473724,8338,10
102.921462278013,19.4231303626362,8339,10
102.285154278644,19.0869670498095,8340,10
103.124950259457,19.4902389168619,8341,30
102.986097145762,19.116714100873,8342,10
102.681961807108,19.2009833666083,8343,10
102.527664235273,18.9823952048957,8344,10
102.924468728777,19.4292349880853,8345,40
102.690549608339,19.3366432459824,8346,10
102.312880594141,19.4894617910822,8347,10
103.360646173924,19.1232830979474,8348,10
103.166181155715,19.2095895806078,8349,10
102.599927854143,19.3633534365705,8350,10
103.462659037818,18.9104663863743,8351,10
102.612140635983,18.564685088782,8352,80
102.84173490408,18.7603687496258,8353,30
102.289626161204,19.3287447705061,8354,10
103.158422906406,19.0692713782175,8355,10
102.363070683097,19.1585726029206,8356,30
102.636662291247,19.2060313805877,8357,30
103.108043223887,19.4314230058922,8358,40
102.364340037614,19.4663158420233,8359,10
102.604073660699,19.3407639223705,8360,30
102.479920234565,18.9569534851489,8361,10
102.47227412155,18.7600803933227,8362,10
102.477053615664,18.7411822664779,8363,10
103.021870534666,19.3672944823532,8364,10
102.438649547535,19.297077663835,8365,10
102.57788886106,18.9991271923577,8366,10
102.546135055245,19.0475199403727,8367,10
102.363439858672,19.4623112692953,8368,10
102.879481227984,19.3166332704732,8369,30
102.853263332222,18.527361020254,8370,10
103.243092676288,19.2725089146788,8371,10
102.490037521135,18.9375026224352,8372,40
103.314460612067,18.8512859954193,8373,10
102.320203533023,18.5236405684822,8374,10
103.393172623071,19.3696781126619,8375,10
102.269373724848,19.1598873237292,8376,10
103.124713441146,18.8701589684928,8377,10
102.969879279609,18.8863380148455,8378,10
102.899809158279,18.6816543594273,8379,10
102.772325732243,19.3189051637276,8380,10
102.47540316698,18.737654212177,8381,10
102.739794871327,18.9393518458181,8382,10
103.035559739546,18.7224667613121,8383,10
103.212641228038,19.4555838983699,8384,50
103.375486816039,18.5663770351307,8385,10
103.46306811916,18.6437603248794,8386,10
103.370239844701,19.1500949823837,8387,10
103.229074120473,18.7773706189999,8388,10
103.208117854528,19.1884206877866,8389,10
103.241404024603,18.6206726391452,8390,10
102.430998464808,18.8145415456569,8391,10
103.450244039984,18.6109037478868,8392,10
103.28850197176,18.9681046364663,8393,40
103.13518746288,18.98890092683,8394,10
103.095070641361,18.635021153189,8395,10
102.824761436985,19.2512999397388,8396,10
103.338542617649,19.4157893077075,8397,10
102.308161563445,19.0109593251433,8398,10
103.19724482702,19.4597699995658,8399,40
102.757966316345,18.7540031372316,8400,10
102.627418040507,19.0290613934085,8401,10
103.43966115814,19.2515924672546,8402,30
102.423014223307,19.3014865568353,8403,10
103.054521435827,18.9404879067277,8404,10
103.251945748433,18.9367637614179,8405,10
102.510613191913,18.5587220513922,8406,40
102.498443268291,19.0132034004135,8407,10
102.379169510496,18.8015668475358,8408,10
102.367807575979,19.4824656783429,8409,10
103.058564780754,18.7587403815022,8410,10
103.044404756845,18.9788351700263,8411,10
102.482380049571,19.3424950009856,8412,40
102.316163197092,19.3737611708448,8413,10
102.387184607102,18.7541179229653,8414,30
102.718514764365,19.172480056734,8415,10
103.020045812928,19.3406371114765,8416,10
103.053949570862,19.4290357598286,8417,30
102.374354496108,18.5215079965647,8418,10
102.388264180696,18.5275449588128,8419,10
102.952821557138,19.001685322023,8420,30
103.080349459483,18.73844731861,8421,10
102.455622710133,18.5716515336456,8422,10
103.39404877734,19.1836180662766,8423,10
103.283938912678,19.0981860944454,8424,10
103.448764139415,18.5349848616578,8425,10
102.347385917614,19.3591137005422,8426,30
102.91365326698,19.3665484664391,8427,10
103.055747143001,18.7539214015662,8428,10
102.831262242941,18.6207694997636,8429,10
103.03393938484,18.8016471511928,8430,10
102.324536368494,19.1758245790159,8431,10
102.731179638456,19.2305621433629,8432,10
102.947225267613,19.034348617289,8433,10
102.848546938025,18.9737990855468,8434,10
102.679621889105,19.3403885295024,8435,10
102.952405570966,19.0410841357441,8436,10
102.96256406408,19.4761973100038,8437,10
103.47377983359,18.798944633332,8438,10
102.855907170956,19.2582244035728,8439,10
102.966174165122,18.7136199537409,8440,10
102.365438469643,18.78398203148,8441,10
102.961905340062,18.6516114587052,8442,10
103.008857186387,18.8966011908863,8443,10
102.845394956753,18.9997784431455,8444,10
102.271685777217,18.6914350782822,8445,10
102.956179820555,18.5654998274022,8446,10
103.383008620517,19.0259398004609,8447,30
102.550234353755,18.8098414717074,8448,10
102.673993699759,18.5244767455917,8449,80
102.464819829471,19.4002470551988,8450,30
102.67828474303,19.3202354983623,8451,10
102.90895390318,19.1112999143181,8452,10
103.377763230864,18.6826197014048,8453,10
102.409703857396,19.1076564282256,8454,10
103.351441556367,18.6958050516348,8455,10
103.086278242844,19.0275637495349,8456,10
102.600505992296,18.8393977062194,8457,10
102.834816037124,18.8434426756372,8458,10
102.931802174344,19.1159382071843,8459,10
102.448226176963,18.9734636041641,8460,10
102.374945004366,18.6144159870227,8461,10
102.39810391492,18.6679348570405,8462,10
103.24599654316,19.3196239375641,8463,10
102.45897926075,18.7279417632398,8464,10
102.795917045361,19.2220272393942,8465,10
103.143495659009,18.9377342802579,8466,10
103.224699959028,18.7223878350674,8467,10
103.125352365488,19.422187043093,8468,30
102.608918945934,19.4986740092157,8469,30
102.745492577013,18.5691324573069,8470,30
102.288401696689,18.7504341084655,8471,40
103.49022940128,19.0697152939817,8472,10
103.383957194893,19.4393573829159,8473,10
103.225289550148,19.3830741302196,8474,10
102.671378722093,18.648914015287,8475,10
103.298504759078,18.6510300584294,8476,10
102.972573103265,19.3701818726689,8477,10
102.934531255053,18.6672316730543,8478,10
103.334827622754,19.4317590294316,8479,10
103.153651395605,18.6662609559787,8480,30
103.304258202168,18.6191493946325,8481,10
102.976604875679,18.6428056743016,8482,40
103.240841614088,19.2584451671451,8483,10
102.403616913649,19.2515000462571,8484,10
102.599874695478,19.0302385150076,8485,10
103.405871315613,18.9376769765422,8486,10
103.408986165214,18.6496902916747,8487,10
103.006198326682,19.0539711941095,8488,10
103.455792308495,19.3928507211481,8489,30
102.366971793941,18.734660360345,8490,10
103.358784827006,18.9971044713773,8491,10
103.10459427989,19.2441292284846,8492,10
102.910056487377,19.3379404316696,8493,10
102.580725683037,19.3326645813723,8494,10
102.871174649738,19.1828879593478,8495,10
102.574122754374,18.6928118313521,8496,10
102.780777025059,19.0319206179303,8497,10
102.389837776759,18.998594446539,8498,10
102.857075314301,19.0665646722253,8499,10
103.313242169624,18.726055698993,8500,10
102.522778815816,19.0286075835857,8501,10
103.215576206562,19.0945304498499,8502,10
103.051936482661,19.2176692020815,8503,10
102.583214299492,18.5358888728371,8504,80
103.295202096706,18.7233386514126,8505,10
102.43464193636,19.0083093847549,8506,30
102.616330077038,19.2550860665974,8507,30
103.342300086879,19.1578337818908,8508,30
102.765696131522,19.2200243502738,8509,10
102.695573221,18.87931637527,8510,10
102.439990637283,18.8688479445994,8511,10
102.339254330076,18.724655697679,8512,40
102.330341586564,18.6577025209147,8513,10
102.270393388407,18.7837029524298,8514,30
102.530276704609,19.4554015950623,8515,30
102.45841567222,18.9342807500607,8516,40
102.733047671552,19.116475711749,8517,10
102.920026743434,19.0799364445281,8518,10
102.719522835582,19.3677534179397,8519,10
102.674066250258,19.4788774744351,8520,30
102.46609153727,18.6338392473636,8521,40
102.340192221174,19.197986644075,8522,10
102.318857430829,18.726661648511,8523,10
102.610568289919,18.8663305873942,8524,10
103.316270207033,19.1583256954168,8525,10
102.660930022745,19.2348084619095,8526,10
102.393041380755,18.9724981376176,8527,10
103.154095182732,19.0329977429151,8528,10
102.701585110491,18.6387978704588,8529,80
103.045754642291,18.9722029805502,8530,10
102.706909421795,18.6866696003842,8531,10
102.538285012406,19.2021061418309,8532,10
103.135284323913,19.3848879783498,8533,10
102.268985069494,19.1165641058686,8534,30
102.478796806729,18.8659682078453,8535,30
103.111317430557,18.7371763352545,8536,10
102.706864909513,19.4053955832719,8537,10
102.583128427379,18.565440496868,8538,80
102.585114510254,19.3028927944918,8539,10
102.903778949704,18.5443409106963,8540,30
103.024264315243,19.1591721064086,8541,10
103.408670710758,18.8722794110879,8542,10
102.338189683041,18.9942044319624,8543,10
102.325956519312,18.5241856875203,8544,10
102.865772555417,19.4922564714301,8545,30
102.92750049313,19.2780132904837,8546,10
102.695734347077,18.5003934845436,8547,0
102.864588559623,19.1953047605454,8548,10
103.236615742035,18.8534118615746,8549,30
102.430578452972,19.4399750484015,8550,10
102.92674392059,18.9361537237184,8551,10
102.988745220124,19.2699797392932,8552,10
102.902990684983,18.5817012570098,8553,10
103.436934490964,18.7226177625585,8554,30
103.268048535932,18.8959601469077,8555,30
102.365778883543,19.1150848782884,8556,30
102.974963508861,18.9520071229456,8557,10
102.399114168099,19.1414316986742,8558,10
103.182470374501,18.5584018663511,8559,10
103.099610198208,19.3444863012092,8560,40
102.550696469238,18.9993902190739,8561,10
102.499970973615,19.4823286316824,8562,30
103.173790695568,19.0555668191148,8563,10
102.660853538398,18.542794710144,8564,80
102.9355744904,18.7633992618757,8565,10
102.631561721991,19.0356078189345,8566,10
102.506374562102,19.1708704010394,8567,10
102.883076851172,19.3499368752325,8568,10
102.850228870247,18.6718107271028,8569,10
103.250890863959,19.1619780975783,8570,30
103.246630780614,18.7544635087191,8571,10
102.273889349162,18.5981744269225,8572,10
102.816476582996,18.6517898354642,8573,10
102.828190612999,19.4166432726741,8574,10
103.195645031194,19.1217164797746,8575,10
102.823486676932,19.1088139491633,8576,10
102.388773387607,19.1423332873856,8577,10
102.327732164039,19.4623986174142,8578,10
102.841026008207,19.3757601469851,8579,10
103.053430414493,19.2706725247525,8580,30
103.014091082456,19.0282171186561,8581,10
102.474858799679,18.5910369104436,8582,10
102.437639084695,18.991941974227,8583,10
103.482707500579,19.15205932047,8584,10
102.36667644249,18.6604816886595,8585,10
102.283286811302,18.823124188759,8586,10
102.90665434315,18.7552162563394,8587,10
102.970398345401,18.794709507889,8588,10
103.406674860943,18.9334141820443,8589,10
102.281256944778,19.4436796270574,8590,10
103.248070667213,18.8371367256855,8591,10
102.794416761858,19.3947295047481,8592,10
103.44713319453,18.7991533055212,8593,10
103.437608422978,18.7908451245253,8594,10
102.398963148755,19.0982104393851,8595,10
103.425601417359,19.0749782151483,8596,10
102.748681082824,18.8171417327689,8597,10
103.399407899292,19.181191323165,8598,10
102.491530846641,19.0047016106368,8599,10
103.428591199246,18.9448766019715,8600,30
102.839398428876,19.3096473784766,8601,10
102.627768996008,18.8308982844945,8602,10
102.503059100547,19.0455761590062,8603,10
102.496630893204,19.013083036439,8604,10
102.276549849875,18.9405026470093,8605,10
102.349569096337,18.6975181134663,8606,50
103.394162137017,19.2333669547284,8607,10
102.352420947407,19.3738076770129,8608,10
102.840351183089,19.3556562279249,8609,10
103.257720456968,19.0789549300765,8610,10
102.692419205826,18.8448607964241,8611,10
103.42379121298,18.5473754751575,8612,10
103.023757575763,19.4904638895695,8613,10
102.302680603153,19.0893604223151,8614,10
103.266626043902,19.1718991911176,8615,30
103.259782131798,19.0017526522522,8616,10
102.961577389741,19.2960446872999,8617,10
103.326761032721,18.5122033574584,8618,10
102.588493440903,18.7180069308274,8619,10
103.441191534089,18.9214914761628,8620,10
103.198403591379,19.1953660397242,8621,10
103.311148387792,18.660042892481,8622,10
103.186332516232,18.6956324243999,8623,30
102.784455212772,18.7007108660229,8624,10
103.300988248194,19.2151426754235,8625,10
102.949704827881,18.8525680059721,8626,10
103.227961916123,18.9110396836448,8627,10
103.343211547975,18.9089286024447,8628,10
103.187649277877,18.5728484133942,8629,10
102.489581831217,18.5231425181061,8630,40
103.17024367683,19.4881230548419,8631,30
102.963873006702,19.4094829786034,8632,10
102.471952670259,18.6466400494394,8633,10
102.60618255561,18.8431031181091,8634,10
103.077181722424,19.3265469447488,8635,10
103.252493570001,19.3249715002081,8636,10
102.826735958302,19.4885840598607,8637,10
102.379749163222,18.7229707313565,8638,10
103.221622500589,18.7509002550898,8639,10
102.804219700265,19.0197731897771,8640,10
103.355839030658,18.5193381912093,8641,10
102.475620869225,18.9779256198809,8642,40
102.255802773227,18.6879214970164,8643,10
102.827008042273,18.6128313972354,8644,10
102.898889124122,19.0551044929305,8645,10
103.4762712634,18.5782726170627,8646,10
102.652085990768,19.0077519406337,8647,10
102.661022301998,19.4919688171597,8648,10
103.334452130448,19.1094294792645,8649,40
103.378496002092,18.778549907311,8650,10
102.365952149314,19.448395402397,8651,10
102.815285242855,19.3737460859999,8652,10
103.152875760656,19.2444846584073,8653,10
103.125129906558,19.4593377335952,8654,60
103.287489647274,19.117444055161,8655,10
102.684590208695,18.7640880710083,8656,10
103.160469831195,18.7189929223523,8657,10
102.504484153922,18.7178512004571,8658,40
102.871503699312,19.1733117116094,8659,10
102.460086951448,18.8432144687302,8660,10
103.415587778162,18.6574038607336,8661,10
102.77380671771,19.1522233015388,8662,10
103.002983116911,19.0717475048891,8663,10
102.632967682544,19.0960783794788,8664,10
103.475729026778,18.5664851983706,8665,10
103.07819973732,18.8691063445857,8666,10
103.260864328889,18.8311789912762,8667,10
103.42781143505,18.660197336795,8668,10
102.522421150145,18.9170844047212,8669,10
102.796297959322,19.3466187614844,8670,10
102.818587476132,19.2451188460268,8671,10
103.223589514841,19.4105295104519,8672,10
103.092505708092,18.5940712604049,8673,10
103.466027206555,18.6008073282954,8674,30
103.377498749116,19.0494099968652,8675,30
102.788110393356,19.1327868786693,8676,10
103.124517786684,19.276509247877,8677,30
102.975314311691,18.5140487975202,8678,10
102.890029172495,19.2631498161134,8679,10
103.272945508748,18.5946881260772,8680,10
102.298164345616,19.211750415617,8681,30
102.846140503078,18.713495167693,8682,10
103.007560839381,19.2742859978474,8683,10
102.279746567612,19.2848388821907,8684,10
102.922900047678,18.5727549852198,8685,10
102.936226847452,19.421813393446,8686,10
102.367424275431,18.6778772617659,8687,10
103.236949335754,18.6371022253137,8688,10
102.634348839331,18.9736871892513,8689,10
102.768644044525,18.8187535858498,8690,10
102.406530744615,18.686232011619,8691,10
102.424763872657,19.1173142010601,8692,10
102.415567915035,18.5148712263854,8693,40
103.197254909515,19.2661268126123,8694,10
103.023350822071,19.3211540601617,8695,10
102.915734846637,19.3678340823837,8696,10
103.218084205199,19.2412167991967,8697,10
103.330809938955,19.1841852919996,8698,10
103.012353587582,18.9470863917119,8699,10
102.827926667492,18.7791653641664,8700,10
103.430475165104,19.320027461627,8701,30
102.892420954744,19.1382846324425,8702,10
102.555875174401,19.3911046730354,8703,30
102.433069539672,19.0329545330077,8704,10
102.964110195413,18.9412728872774,8705,10
102.72063733485,19.2733233096491,8706,10
102.253408529093,18.8512466517092,8707,10
102.606759642494,19.1838404338711,8708,10
102.315897493504,18.6013762895755,8709,30
102.3955937953,18.5203066323415,8710,10
102.422662573469,19.38197643953,8711,10
103.077720325106,19.3652523996661,8712,10
102.277257915182,18.6522913013681,8713,10
102.483985461525,18.9025382371316,8714,10
103.291790711744,19.0623968375078,8715,10
102.287344707853,19.4996720598933,8716,10
102.554058450931,19.1588161657113,8717,10
103.431775714958,19.0254306629495,8718,10
103.375843662206,18.6540250735639,8719,10
103.32652354439,19.444262985177,8720,10
103.262305021248,19.1961765918701,8721,10
103.342427707619,19.2282933720857,8722,10
103.202498401568,19.080339048354,8723,10
103.086768681668,18.7384212590709,8724,10
103.379815240826,19.0784919856445,8725,10
102.826088850596,19.3975850908348,8726,10
102.396358653435,18.8571815755407,8727,10
102.543799424302,19.4676946397589,8728,30
102.560793112656,18.9389885871642,8729,10
102.433180769886,18.5669339739106,8730,10
102.440600048404,19.3164816638466,8731,30
102.949413575663,18.6457548132161,8732,10
103.120899295106,19.326502231381,8733,30
103.361674077631,19.3934770233371,8734,10
102.442857638498,18.6099553770078,8735,30
102.449593425593,19.4872418771498,8736,30
102.541760967113,18.5326164406762,8737,10
102.845417823998,18.526254010947,8738,10
103.358497042191,19.0756766186979,8739,10
102.946274537737,18.674482000296,8740,10
102.565092364408,19.439107270359,8741,10
103.061468139938,18.7836276404995,8742,10
103.331943142958,18.5913886939937,8743,10
102.95402314009,19.3358107359544,8744,10
102.72615498523,19.2162206355654,8745,10
102.269105521043,18.7095567073475,8746,10
102.783704464681,18.6420106251477,8747,10
102.977843050906,18.5406035389949,8748,10
102.398681433751,19.1178409670817,8749,10
102.406434874323,19.1879786464516,8750,10
103.294360231218,18.6082440060783,8751,10
102.776017892875,19.2680087010517,8752,10
103.132040039853,19.3416767708106,8753,30
102.926860493487,18.8187518779946,8754,10
102.827971582511,19.1926221896908,8755,10
103.383568699105,19.372586231986,8756,10
102.995882705236,19.2471339341822,8757,10
102.962402920875,19.4875129075256,8758,10
102.695067488358,19.1403936632618,8759,40
103.404475995671,19.3511508733203,8760,10
103.421848344983,18.9737633814003,8761,10
103.16456704539,18.6401842853891,8762,10
102.756394403735,19.0535363302635,8763,10
103.309607169448,18.8486876177245,8764,10
102.446700632892,18.539488450004,8765,10
102.312338403632,18.9664394345727,8766,10
102.313538065238,19.3979976923152,8767,10
102.75562939912,19.4445804021307,8768,10
103.168655454389,19.481927002162,8769,30
102.28156593786,19.1738308858652,8770,10
102.478396658207,19.4232025181224,8771,30
102.643264845351,19.4497618690465,8772,10
103.07451737521,18.7071534137415,8773,10
102.64944484899,18.7768112123662,8774,10
102.361320772749,18.7003912324929,8775,10
103.041480721352,19.0344630309681,8776,10
102.384530648275,19.1511740681847,8777,10
102.60732265769,18.7222963166018,8778,10
102.405331295363,18.5883838139842,8779,40
103.273502703279,18.5415589168552,8780,10
102.519896293708,18.6858415114447,8781,80
102.688191774109,19.0998785016931,8782,10
103.302090463045,18.7345968805387,8783,10
103.167923237524,19.0478299347883,8784,10
102.581324671562,18.8144837125635,8785,10
102.988114045808,19.4941630752896,8786,30
103.042447658607,19.3738337486154,8787,10
102.461563551276,19.2940064886337,8788,10
103.162598025334,19.4967592745737,8789,30
103.304885381038,19.4663585780487,8790,10
103.216474234406,18.8668121685474,8791,30
103.07608648527,19.0033268809245,8792,10
102.74894146541,18.678967733448,8793,80
103.131935008291,19.1421897259168,8794,10
102.626651045504,18.9635788771692,8795,10
102.874677659202,19.0927656907929,8796,10
102.549038942019,18.7654521317608,8797,30
102.487787604089,19.083687630432,8798,30
102.546109459163,19.488426150933,8799,30
102.906482652442,18.5055746615251,8800,10
103.44604638782,19.2227867142225,8801,10
103.432773325733,19.4290092452112,8802,10
102.848239083798,19.4407557250418,8803,10
103.267642805511,19.3514814024187,8804,10
102.328408615549,19.3533228963482,8805,10
102.850177769205,18.6687765259749,8806,10
103.456542639575,19.4668308740142,8807,10
102.315230595391,19.3814883252797,8808,10
102.580257989569,18.6974839842404,8809,10
103.346851354111,19.3214912401726,8810,10
102.708588409673,19.0498282782153,8811,10
102.404590389469,19.3901740747133,8812,30
103.103696841372,19.1530283426676,8813,30
102.428734820116,19.1577887909001,8814,10
103.395937118851,18.6165136283399,8815,10
102.846901764208,18.5189442120454,8816,10
102.757365776455,18.7591407539321,8817,10
103.351140926223,18.6164966516947,8818,10
102.898750090254,18.9694188891878,8819,10
102.752303052137,18.6426743397352,8820,10
102.859493045213,19.3575837958005,8821,10
103.376487716636,19.1959456001938,8822,30
102.375397175131,19.3157429663993,8823,10
102.427332766019,19.3891749322233,8824,10
103.412926997296,18.7939493938075,8825,10
102.582260465525,19.2291346424895,8826,10
102.794131472023,19.2983038069768,8827,10
103.331972820858,19.0207425341408,8828,10
103.369990214913,19.1216422672132,8829,10
102.519510214387,19.315673570417,8830,30
102.599058749538,18.8309147932507,8831,10
103.37934822325,19.3141675231349,8832,10
103.432364538942,19.2869854891771,8833,10
102.285570143822,18.7681198102464,8834,40
102.713669288104,19.4916447089713,8835,10
102.481512021548,19.0771782888442,8836,40
102.991800446658,19.3832758732921,8837,10
102.997596364015,19.2869205841465,8838,10
102.754358833906,18.5073703014902,8839,10
102.432516529895,19.2767564701602,8840,10
103.48873472002,18.5475366581928,8841,10
102.676945198801,19.0309104769323,8842,10
103.325721314744,18.5019177709767,8843,30
103.144862380542,19.4302643045484,8844,30
102.987969144038,18.7153969883535,8845,10
102.960089044932,19.0464089511167,8846,10
102.68384528517,18.5699514577366,8847,80
103.210775824991,18.743550976721,8848,10
103.179684848785,19.3351018130655,8849,40
103.258989517011,19.3442998962435,8850,10
102.604502187614,18.6641989360387,8851,80
103.45287025545,19.2396111397048,8852,10
102.356467475427,19.2371667361019,8853,10
103.267152079624,19.494099173159,8854,10
102.816646772761,19.1414004887035,8855,10
102.523596602161,18.7983757318996,8856,10
102.390536265679,19.229870416438,8857,10
102.7778060068,19.0485164649265,8858,10
102.760288665418,19.0193510870926,8859,10
102.994975808023,19.4625419056464,8860,30
102.774709405262,19.3759086771237,8861,10
102.766054020889,19.2478551622307,8862,10
103.067164045822,18.5256081747841,8863,10
103.47156246629,18.83701469293,8864,10
103.102812359421,19.236681133644,8865,10
102.449248663891,19.4152112236045,8866,10
102.994713181154,18.5788439274139,8867,10
102.339561052072,18.710057833326,8868,30
103.28415500182,18.5905377240988,8869,10
102.918167620912,18.7971970018266,8870,10
102.945586194399,18.5409602391046,8871,10
102.293876021853,19.4849825101527,8872,10
102.999756056113,19.4357694933506,8873,30
102.342671697237,19.3623508625943,8874,30
103.383460160837,19.4193919075664,8875,10
103.491291814755,19.2886652336343,8876,10
103.154141435882,19.2864804157679,8877,10
102.42731861682,19.0846191547755,8878,10
102.613807302109,18.9370827157733,8879,10
103.466568581978,19.3203359790612,8880,40
103.022499982856,18.5717826734308,8881,40
102.912764056008,18.7038782008318,8882,10
103.070256731874,19.2735904498828,8883,10
102.802184434768,18.9147218532955,8884,10
103.016624627894,18.937402146865,8885,10
103.378125355072,18.8238249737261,8886,10
102.34037611942,18.6293085124038,8887,10
102.692677577539,18.9093308860635,8888,80
102.900661142612,18.7426079038351,8889,10
102.601770386702,19.0986842408128,8890,10
102.602581495653,19.1166270454788,8891,10
102.967849599895,19.315190630893,8892,10
103.187184609225,18.9506832902629,8893,10
102.892593295468,19.2671938115894,8894,10
102.522757422657,18.8415262802998,8895,10
102.476173004309,19.2273087197207,8896,30
103.099627560983,19.4736338840149,8897,30
102.703486582,19.3574421501801,8898,10
103.451424821589,18.8487175245827,8899,10
103.007672402366,18.6581432250396,8900,10
102.754335199365,19.0796071755759,8901,10
102.895109032325,18.7135967510386,8902,10
103.493115351191,18.5596065777114,8903,10
102.269363706108,18.8626536238575,8904,10
102.436737928878,18.942511526025,8905,10
103.193038841706,19.4106572711511,8906,30
103.003183441075,19.2782014052736,8907,10
102.70695571268,19.2932479410808,8908,10
102.728445524006,19.4957297076557,8909,10
102.745680560673,19.4618940125048,8910,30
102.64079124882,18.7454754130328,8911,10
102.9481012935,18.7388017388388,8912,10
103.078374383392,19.4778073114342,8913,10
102.497864264387,18.5561006201766,8914,10
102.993704012193,18.5620719648086,8915,40
102.363341919668,19.1861050511865,8916,10
102.696801478692,19.0489643108046,8917,10
103.397295342058,19.1408739996231,8918,10
103.217609993208,18.8663327000158,8919,30
102.260604872428,18.7070833901977,8920,10
103.294600249418,18.8360592258083,8921,10
103.212556569097,19.3528438435937,8922,40
103.465961825139,18.5763993858295,8923,10
102.70583541162,19.1932836072793,8924,10
102.841431089174,18.8248287510763,8925,10
102.781762226472,18.7891921771375,8926,80
103.333983906908,18.7815568636756,8927,30
102.299902234205,19.3642911977459,8928,10
103.066010659023,19.3608298296216,8929,30
103.13075941945,19.0495452056317,8930,10
102.393123069298,18.9576839700519,8931,10
102.608877913097,19.1004074072477,8932,10
103.346594271341,19.2349172002148,8933,10
103.055227051218,18.9656172250619,8934,10
102.552585162678,19.3745665533597,8935,10
102.978120665102,18.5036154795272,8936,10
102.822896694052,18.6953668472684,8937,10
102.831018912971,19.3784439497505,8938,10
102.836808769758,19.341828838903,8939,10
102.506135643723,18.5961362521857,8940,10
102.343505432003,19.4350404632742,8941,10
103.480897175623,19.1274595731021,8942,10
103.107407381828,19.0861442437446,8943,10
102.552316533932,19.3378058506584,8944,30
102.620734364064,18.9013583798246,8945,10
102.94309416305,18.7605555088936,8946,10
102.606966802029,19.2336453174024,8947,10
102.813644827932,18.6685919487324,8948,10
102.942085542456,18.9349152876239,8949,10
102.346749164044,19.0251270375707,8950,10
103.148792816363,18.5927866887863,8951,10
103.292674116022,18.5867513187779,8952,10
103.00214076675,18.6946415203775,8953,10
102.567874703669,18.8897387842265,8954,10
103.241838014116,19.1889365020978,8955,30
102.482514317096,18.5493469798067,8956,10
102.979191601704,18.884342811065,8957,10
102.294782026789,18.658032509526,8958,10
103.369702081051,18.7984010693354,8959,10
102.269504028077,19.4034535470967,8960,10
102.508500122481,19.4047260927799,8961,30
102.262403243819,18.554664487549,8962,10
102.879455293266,19.2100157723177,8963,10
102.501338973706,18.8832892002162,8964,10
103.278650843369,18.8810779162444,8965,30
103.361473080658,19.0177728490856,8966,10
103.094459525971,19.4469337417508,8967,30
102.593888672141,19.363204517542,8968,10
102.733588677951,18.5826703102602,8969,80
103.479747220253,18.6073619790248,8970,10
102.661534601327,18.95464079786,8971,30
102.523414307504,18.7552876189188,8972,10
102.810278781809,19.140709584761,8973,10
103.089489245132,18.8853607759593,8974,30
102.441666885287,19.4754689819764,8975,10
103.031680372364,19.4180021198271,8976,30
103.476899410605,18.8910630632043,8977,10
102.767000628309,18.8101012962009,8978,10
102.609549199516,18.7372645156019,8979,10
102.258090048816,18.9719609432151,8980,10
102.730635690942,19.1911197641066,8981,10
102.854654862936,18.662000598801,8982,10
103.003071673118,19.1216776150146,8983,10
102.811841572932,18.8342730587731,8984,10
103.454066291564,19.464206922876,8985,30
102.822568994627,19.3307530835151,8986,10
102.443670057558,19.2306939044358,8987,30
102.789801334322,19.4866831023863,8988,10
102.971886770852,18.7441723446032,8989,10
103.39290553607,19.2097665920011,8990,30
102.944722014155,18.727989899243,8991,10
102.916031395963,18.7318607364879,8992,10
103.094896668707,18.7552877993279,8993,10
103.424597285311,18.6876329474138,8994,30
103.455918692728,19.3434736168984,8995,10
102.471005872662,19.4779412948871,8996,10
102.439478958774,18.9677276434868,8997,10
102.676846736706,19.1121654274609,8998,10
102.305515508466,18.5237485134828,8999,10
102.630117228557,19.4056855685091,9000,10
103.426136894119,18.9307010586836,9001,10
102.289066588002,18.6245433726163,9002,10
103.36729747727,18.6433049446371,9003,10
103.348178175703,19.2493999824676,9004,10
102.82658131265,18.6583591157459,9005,10
103.23189632408,19.403322480881,9006,10
103.03356257759,19.1599345589216,9007,30
103.456937529502,19.0779985495988,9008,10
102.885596731745,19.0844623133947,9009,10
103.105948729982,18.9252891994921,9010,10
102.267151347173,18.5695342639717,9011,40
102.980698059279,19.3600250746928,9012,10
103.424716209409,18.6480583799583,9013,10
102.331691510009,19.2245024795012,9014,10
102.618941151016,18.6186653719885,9015,80
102.527770813426,19.2436863080252,9016,30
102.354314490226,18.557359448594,9017,10
102.406971142079,18.5435241513664,9018,40
103.111079566263,18.8957987621269,9019,10
103.076511338051,19.2070737633713,9020,10
102.431572333948,19.2643443518698,9021,10
103.030008645407,18.9624938193861,9022,10
102.456513823446,18.6446740701371,9023,10
102.674878580029,19.256819370586,9024,10
102.490363585338,19.2767698690616,9025,10
103.376352518917,18.8278074515297,9026,10
103.180283264149,19.106334926793,9027,10
103.318405777626,19.233225598255,9028,10
102.359161895735,18.5444193202325,9029,80
103.178266393093,19.4223741040629,9030,10
102.566272385727,18.6588879810218,9031,10
103.097864484159,19.4352166305267,9032,30
103.450633435553,18.9985853600785,9033,10
103.003896764128,18.9544570796925,9034,10
102.711704033427,19.4075915014119,9035,10
102.872420452888,19.2906453458697,9036,10
102.510399586477,19.1060072630127,9037,10
102.688325575687,18.8509805116914,9038,10
102.502610484319,19.2325899206471,9039,10
102.378549906834,19.3676829641364,9040,30
103.069222084451,18.8132088639018,9041,10
103.428679046576,19.3745010916841,9042,10
102.653617162426,18.7815149978005,9043,10
102.886805243109,19.2695336387305,9044,10
103.051211845213,19.2006848228094,9045,10
102.99462429544,18.7367407792418,9046,10
103.494159547692,18.6496906237,9047,30
103.164798236988,19.353350742654,9048,30
102.982950528991,19.3886524771411,9049,10
103.231681393575,19.1711727686046,9050,10
103.429920545956,19.4286509519893,9051,10
102.26463547983,18.9277954306862,9052,10
102.469612234152,18.7888414359943,9053,10
103.476866830552,18.7421125783318,9054,10
102.809749607601,19.4553268447057,9055,10
103.260447860296,18.8511875453776,9056,10
102.285253805416,18.8363229091111,9057,10
102.872236346987,18.685595977087,9058,10
103.138187313753,18.6681285217353,9059,10
102.335908247726,19.4811922046324,9060,10
103.147911879239,18.9036253498317,9061,30
103.426659397066,19.4363085697249,9062,10
102.557573282018,18.5813767605201,9063,80
102.903768611492,18.8414254551101,9064,10
103.055189513861,19.255511757941,9065,10
102.987049451112,18.9085360275841,9066,10
102.270727473553,19.2487704815835,9067,40
102.361272512931,19.2453518859547,9068,10
102.509458380833,19.2289092211095,9069,10
102.689081722603,19.1890933364196,9070,10
103.243026236179,19.0181927221465,9071,10
102.783903923324,19.2498846263077,9072,10
102.938770386149,18.8528645643718,9073,10
102.605946896094,18.7835135057396,9074,10
102.417619807744,18.6301537419548,9075,10
103.001634336104,18.7996538062705,9076,10
102.905447842308,19.0223241939728,9077,10
102.855122475004,19.0967844298674,9078,10
102.502588321501,19.1368285185831,9079,10
102.397787885693,19.3986514672627,9080,10
103.345616358871,19.1214770462854,9081,10
103.23157953459,18.9196540207011,9082,10
103.221695188502,19.2870730152341,9083,10
102.936058086377,19.4976466135078,9084,10
102.789944591398,18.7541204624172,9085,10
103.405632409801,18.7626259796786,9086,10
103.047446041862,19.2982129690611,9087,30
102.417073944673,18.9668862376876,9088,10
102.29865428995,18.7635117034999,9089,10
103.226316353283,18.5169724534803,9090,10
103.441343854204,19.3276206416763,9091,10
102.855204211002,19.470427910326,9092,10
102.660272879995,19.4807135142921,9093,10
102.853386930501,19.0644986997449,9094,10
103.201245397921,18.7980648087332,9095,30
103.045046902214,19.0552992449277,9096,10
102.875045923744,19.2578324530865,9097,10
102.3343490012,19.226652243835,9098,30
102.62531041878,19.4839036875149,9099,10
102.933404505573,19.3139503356931,9100,10
102.533955819777,18.5243568318113,9101,10
103.028324282902,18.707791732853,9102,30
102.616773122225,19.4384841413744,9103,10
102.504449478734,18.8859662512909,9104,10
103.309049926504,18.9377092618192,9105,10
103.137619862258,18.9350804014921,9106,10
103.36878566585,19.0474946015228,9107,30
102.377188871633,19.2256928415956,9108,10
102.338980403189,18.8994904769467,9109,10
102.320227103644,19.347105718622,9110,10
103.38290113321,18.7751125404991,9111,10
103.047132724696,18.7772373763206,9112,10
103.461484818002,18.7850300238515,9113,10
102.529711233887,19.1190428476424,9114,10
103.389470186216,19.0679142459207,9115,10
103.480358841905,19.2707533760866,9116,10
102.913159379758,18.7228369148474,9117,10
103.32884834621,18.6048907146041,9118,10
102.639554860032,19.4818809776161,9119,10
103.33706846379,18.9641227033811,9120,10
102.269982105288,19.0723786372541,9121,10
102.857384855741,19.0146390804004,9122,10
103.206627689564,18.6336551043039,9123,10
102.825572102133,18.8469171811466,9124,10
102.394720764183,18.8850174195924,9125,10
102.704129317585,19.0633621758951,9126,10
102.416490350586,19.1359310635507,9127,10
103.168176762189,19.4419147874392,9128,30
102.798543976178,19.2342626998571,9129,10
103.249714566298,18.9350298518023,9130,10
102.831237045093,19.3670548081448,9131,10
102.548039301082,18.8401715520514,9132,10
102.639305797345,18.6951115704128,9133,40
102.400037212281,19.005175734244,9134,10
102.829309911462,19.3902674907046,9135,10
102.373613127404,19.462673941375,9136,10
102.301308536345,18.7160852899755,9137,10
103.481940651373,18.7437159767413,9138,10
102.946920994746,18.7933904213517,9139,10
102.30878997335,19.1532109984421,9140,10
103.198697910656,19.4710699745992,9141,40
102.288953760298,19.4474903571479,9142,10
103.060484247193,19.3670258946064,9143,40
103.146053044095,19.3474536502502,9144,30
102.655220272572,18.5557625849397,9145,30
102.691063427741,19.1649676911726,9146,10
102.414929602807,18.9587225275076,9147,30
102.988707566018,19.3174259821293,9148,10
103.087734720587,18.555420782319,9149,10
103.164216735767,19.3231637983992,9150,10
103.19909266558,18.7426348856977,9151,10
103.116165921345,19.4484129348986,9152,40
102.859673672314,19.3424419005883,9153,10
103.463722802114,19.436553333085,9154,10
102.601252499558,19.263103437483,9155,30
103.032360194016,18.8679520884111,9156,10
103.32227284586,18.5344186006324,9157,10
103.072235988586,18.9403482388654,9158,10
103.064470195765,18.9713588167131,9159,30
103.08995010232,18.9370783079056,9160,10
103.060323566123,18.8049922083894,9161,10
103.189536284607,19.4698094626103,9162,40
102.919059159898,18.9576609213585,9163,10
102.538027125666,19.4243482061354,9164,10
102.852940779866,18.9593093303201,9165,10
103.033509862218,18.8562818244125,9166,10
102.951564556261,19.2489604391264,9167,10
103.015505255646,18.8000986725375,9168,10
102.578789472019,18.5099254521723,9169,80
103.304876690191,18.7110002551405,9170,10
102.910604772801,19.4924141823099,9171,10
103.404844709124,18.7812635653761,9172,10
102.937600177949,19.0651505022663,9173,10
103.287070553988,19.1421931391653,9174,10
103.364469503917,19.0781130579091,9175,10
103.036428558892,18.6316826273893,9176,10
103.300287433803,19.1002025487699,9177,30
103.312280376498,19.1785980082826,9178,10
103.304636284759,19.1379101787696,9179,10
103.286665903813,18.649742968563,9180,10
103.30044177302,19.4417418674768,9181,10
102.335428382823,19.4300026808269,9182,10
103.262848395299,19.1839274423344,9183,30
102.634080147491,18.9885066622683,9184,10
102.882131483277,18.6312360047711,9185,10
102.406862516874,18.8763178318888,9186,30
102.34207161841,18.9153024621811,9187,10
102.789825148845,19.0638296473359,9188,10
102.345705281519,19.3161408494666,9189,30
103.452085436305,18.9003426581043,9190,10
103.356137226365,19.2781097086365,9191,10
103.204018441218,19.0859453179494,9192,10
103.177170049717,19.4509552428092,9193,30
102.343955237771,18.8246440193179,9194,10
102.437400360198,18.7501270438085,9195,10
102.748225580773,18.7692660851516,9196,10
103.072307826241,19.1246595996311,9197,10
102.496701485401,18.8422146997929,9198,10
102.924153675191,18.7892881604508,9199,10
103.26677507776,18.9684546452967,9200,10
102.883019894716,19.3093697738682,9201,10
102.982261389712,18.637339426862,9202,10
103.370910031985,18.9339288320122,9203,10
102.705620220808,18.869698058396,9204,10
102.821187908252,18.8384319119918,9205,80
103.219955513864,18.71043641039,9206,10
102.717361318109,19.2949793255264,9207,10
102.716397642493,18.9486594616095,9208,10
102.500727463032,19.1365449707438,9209,10
103.39642901225,18.8271090550132,9210,10
102.937264075972,18.8299887945675,9211,10
102.44191667593,18.9572710855628,9212,40
103.249238422492,18.5203564550713,9213,10
102.749691686043,18.6037114293688,9214,10
103.169352497741,18.8704815072139,9215,10
102.427619473289,19.4918219710996,9216,30
103.227472244683,19.4419864637397,9217,50
102.403665105228,18.9358416201948,9218,10
103.455699523015,19.0947277003849,9219,10
102.731570426313,18.9940413251557,9220,10
102.276214015192,19.2659071483176,9221,40
102.708441577303,18.7033299653604,9222,10
103.168636388588,18.8490770199613,9223,10
103.422434303752,19.2477081359811,9224,10
102.306276208589,19.4417801520377,9225,10
102.511606206533,18.5666601630203,9226,40
103.088519652241,18.7458064488283,9227,10
103.463953292792,18.5661998322659,9228,10
103.180406863816,19.0378392375191,9229,10
103.465555596222,19.4174499998323,9230,10
102.99213958231,19.3418968485184,9231,10
102.36749246647,19.4656876209275,9232,10
102.926835841753,18.5522280009537,9233,10
103.309143971132,19.3295747464468,9234,10
103.242568230317,18.5823650133293,9235,10
103.007508382885,18.5803577206483,9236,10
102.733864779475,19.3390159839359,9237,10
102.631321422463,19.3776167929134,9238,10
102.948650508864,19.084753826037,9239,10
102.787473536695,19.4764860176855,9240,10
102.60813595165,18.6570160594447,9241,80
102.418369513938,19.1280420751352,9242,10
103.47601291595,19.4627245607744,9243,10
102.551160821065,19.4881591968189,9244,10
103.194137233082,19.1191964650215,9245,10
102.750700566517,18.7942756838352,9246,10
103.076546981878,19.2021266390087,9247,40
102.752256878685,19.2673368889106,9248,10
102.446280704992,19.0916887816925,9249,10
102.621379578611,19.2439729742629,9250,30
103.339880951907,19.1425851803387,9251,10
103.273395944039,19.2590640158937,9252,30
102.753526579425,18.9481835575862,9253,10
102.82382647763,19.3122706312812,9254,10
102.356322417518,18.7827810753994,9255,10
102.936302299545,19.3871627131077,9256,10
102.8174824626,18.9845637764517,9257,10
102.550078529212,19.2963497652638,9258,30
103.189196571451,19.2624228291316,9259,10
103.46175722668,19.1873154257759,9260,30
103.493429086495,19.4452712257959,9261,10
103.352447433446,19.1932107887513,9262,10
102.397177175723,19.4582278721964,9263,10
103.05863698959,18.6025405275384,9264,10
102.569612917564,18.6238886089605,9265,80
103.138638993092,18.6790142980202,9266,10
102.474088044438,18.883859224184,9267,10
102.869017879196,18.7420691408855,9268,10
102.362822503,18.9217102832096,9269,40
102.521508993744,18.6528472842897,9270,10
103.384694303916,18.7846000783805,9271,10
102.35395443012,19.0802750635374,9272,10
102.386065045007,19.370884455865,9273,10
103.348195081587,19.3778926131053,9274,10
103.078255027428,18.6317621953405,9275,10
102.348922715242,18.5367907586093,9276,10
102.988919259028,18.5818968540573,9277,10
102.503573496808,18.7840373176339,9278,10
102.706533706453,18.6044777718903,9279,80
103.125497021937,18.6525911478245,9280,10
103.26073795843,18.707174368623,9281,10
102.733785740947,19.4180651263435,9282,10
103.465469101091,18.6631377363118,9283,60
102.810865110116,19.1176185271835,9284,10
102.634244991405,18.6106886518597,9285,80
103.034870832284,19.2923325199667,9286,10
102.934179232217,18.8789957571803,9287,10
102.667514083797,19.3034905762032,9288,10
102.382769821417,19.3319881675899,9289,30
102.604778607868,19.2259698098064,9290,10
103.212585479615,19.2366110163444,9291,10
102.534218320976,19.4802134612615,9292,10
102.750274989539,19.4307159079915,9293,10
102.274324380379,19.0829222728024,9294,10
103.148275652434,18.5565953512158,9295,10
102.981731937963,19.4516876468436,9296,10
102.380655411805,18.883231873888,9297,30
103.159177624566,19.2810122980158,9298,10
102.306873230338,19.2929070287128,9299,10
102.663106821072,19.4774275188682,9300,30
103.497863371858,18.868658926905,9301,10
102.727659167773,19.3299651878849,9302,10
103.318009776761,18.8607760329953,9303,10
102.432749803087,19.4260710147638,9304,30
102.831630787397,18.9373212922414,9305,10
103.037710607724,19.0752219171795,9306,40
102.66433133977,18.5195661015436,9307,80
103.082096057196,18.8785271406748,9308,30
103.140302200533,18.9669384542946,9309,10
102.983295432365,19.4289056059066,9310,10
102.940296456724,18.8251619462775,9311,30
102.335595558525,18.6563492647418,9312,10
103.19326018368,18.7456541751187,9313,10
102.563161106511,19.0887186801813,9314,10
103.392785336415,19.218470325171,9315,10
103.072861867208,18.9928046779784,9316,10
102.781871131532,19.4961380557091,9317,30
102.253471616734,19.0632444564284,9318,10
102.987471454924,18.88466693382,9319,10
102.71230981605,18.8068856843161,9320,10
103.451410348763,19.4798030477817,9321,10
103.292922680809,19.3794927131741,9322,10
102.804072090916,19.2748625965571,9323,10
102.747709900908,19.4250186980262,9324,10
102.470606431528,19.0780517522491,9325,10
102.852298732865,18.9590813835682,9326,10
103.218959756301,19.0765787403192,9327,10
102.457366393234,19.4629401416031,9328,10
102.732097963273,18.7029061060802,9329,10
103.308516850785,19.3133538776326,9330,10
102.762670872783,19.4356468774232,9331,10
102.329466300283,19.4871674747211,9332,30
102.795077408664,19.223893183401,9333,10
102.866884221,18.7200269474922,9334,10
102.973837612607,19.4198135622775,9335,30
103.205294126995,18.9620981108759,9336,10
102.557540068932,19.4839578007604,9337,30
103.050545715611,18.9269252276945,9338,10
102.63736793933,18.762916842214,9339,10
102.878535396216,19.2008370940947,9340,10
102.925626924084,19.1696628339181,9341,10
102.869996353476,19.3357905109074,9342,10
103.247015926592,18.9859566662108,9343,10
102.801544062078,18.8273012167157,9344,10
102.764723037538,18.7356452624999,9345,10
103.122090291306,19.1821707536248,9346,10
102.413873543457,19.3979967189732,9347,10
103.302034253983,18.8663312055101,9348,10
102.521500988435,19.2260274965177,9349,10
102.930401080413,19.1402900532296,9350,30
103.488332961452,18.5691153621969,9351,10
102.338810526596,19.4375812450282,9352,10
102.756498943214,18.5283002923242,9353,80
103.020870470447,18.7489771131646,9354,10
102.488441356586,19.2391756409209,9355,10
103.496808600588,19.2225160413957,9356,10
102.563498065679,19.0865462347978,9357,10
102.937344357318,18.5241298638016,9358,10
103.175293803151,19.4893768121542,9359,40
102.605722495968,18.8986359087422,9360,10
102.413859816557,18.95627137106,9361,10
103.396510159887,18.5596271679024,9362,10
103.090770188519,19.4939537803797,9363,10
102.881236884658,19.3812218494208,9364,10
102.670772437026,18.9950922821513,9365,10
103.219346574357,19.1829041049591,9366,10
102.279285700899,19.1281684817116,9367,10
102.488205749246,19.0841387351413,9368,10
103.32396869235,19.1978659920795,9369,10
102.504882855691,18.662236719916,9370,10
102.682765142357,19.4582423369213,9371,10
103.246466418027,19.2948051270397,9372,10
103.484235403031,19.4711852455703,9373,30
103.297086833194,18.8534822956642,9374,10
102.315417507218,19.0215734253824,9375,10
102.653732791293,18.9225989480376,9376,10
102.631692271507,18.5126185026441,9377,80
103.216661749718,19.0788214386921,9378,10
102.960067777819,18.9336863930385,9379,10
102.49568864262,19.3041607878841,9380,10
103.107405142971,18.8548094607557,9381,10
102.886006107884,19.4948015491667,9382,10
103.013098491488,18.8721548861954,9383,10
103.217026500317,19.2532378316262,9384,10
102.344602106759,19.462260873603,9385,10
102.333886255529,19.1871859052912,9386,10
102.363539717718,19.1963184881829,9387,10
103.318789320212,18.9816799411589,9388,10
102.996558716864,19.4627361348321,9389,30
103.354996232838,18.5021919673457,9390,10
102.385689437649,18.8102375152513,9391,10
103.176728729995,18.9066092326393,9392,30
102.593543763849,19.1174553250907,9393,10
103.028476396223,19.4137968910953,9394,30
102.766035391077,18.6862405173268,9395,10
102.731222246203,19.0666273213486,9396,10
103.486212807851,18.6342160356965,9397,10
103.137534198068,18.6806644801215,9398,10
102.483555597431,18.7088815757282,9399,10
102.737968553964,19.3317698273725,9400,10
102.435616435384,19.4870189624226,9401,10
103.318859211716,19.1591762192371,9402,10
102.277442661081,18.6904606204664,9403,10
102.283533572408,18.7037422199205,9404,40
103.011441790949,19.3036620865725,9405,30
102.881689432198,19.3628511858614,9406,10
103.3838218376,19.0645383919842,9407,10
102.830976483731,18.6622368829901,9408,10
103.171106277679,19.3916264420613,9409,30
103.203847157919,19.4042731120939,9410,40
102.941817188711,18.7121217037132,9411,10
102.727672168358,18.7475445585513,9412,10
102.435674841617,18.6817043458229,9413,10
102.634433017947,18.5626940340857,9414,80
103.085250560104,19.0044101103676,9415,10
102.606648320757,19.1400156193832,9416,10
103.21736892345,18.7862743791737,9417,10
103.305673423278,19.0079166185735,9418,10
102.622453113233,18.5047653499545,9419,80
102.482449933546,19.2339013111142,9420,10
102.289891452934,18.9187399383503,9421,10
102.464609328022,18.6542618344778,9422,10
103.034994400456,19.166001671393,9423,10
102.26486440652,19.3712709459081,9424,10
102.712768752347,18.5433103560599,9425,80
102.835308754931,19.4414160988907,9426,10
102.887850118284,18.7467403235582,9427,10
103.107321035261,19.456822609017,9428,30
102.70541801758,18.7777133954372,9429,10
103.006936570771,19.0386578828801,9430,10
102.712661828684,19.3323043056505,9431,10
102.707144035735,18.7980746087474,9432,10
102.57661784185,18.7636280448947,9433,10
102.896106977702,19.416015174486,9434,10
103.312247940955,18.5332379550167,9435,10
102.860831986791,19.4504166314066,9436,10
102.94188414733,18.737041888222,9437,10
103.196989242256,19.3414083101215,9438,10
102.278089424646,18.9024109679097,9439,10
102.754885508636,18.5087969289686,9440,10
103.106332754187,19.0530044573383,9441,10
102.996500556131,18.8861804825927,9442,10
103.429585541038,18.6290462735033,9443,10
103.210073794868,18.5595085731446,9444,10
102.704684103178,18.6045636998311,9445,80
102.373687954634,18.6924858968752,9446,10
103.461383931269,19.0968619768895,9447,10
102.485367872674,19.1318019826681,9448,10
103.237535299236,19.2059927326759,9449,30
102.534763873363,19.4507092044928,9450,30
102.441794805167,18.6237492965705,9451,30
102.975046525284,18.8884785682235,9452,10
103.063313309779,19.062507168148,9453,10
102.998256624951,18.8753838524861,9454,10
102.693468558218,19.0958582399654,9455,10
102.435978226329,18.6236093682939,9456,10
103.489926058317,19.0610666626145,9457,10
103.103839086664,19.1312898997789,9458,10
102.972157876757,18.9643002003378,9459,10
102.316875062645,19.3034062701479,9460,30
102.59185182832,19.1909754604689,9461,30
102.848874676603,18.7637062924339,9462,10
103.155600602276,19.278707392661,9463,10
102.749560249308,19.2906747499763,9464,10
102.711977918815,19.4081244156233,9465,10
103.314588048347,18.7004664736621,9466,10
102.436293244483,19.3257670067021,9467,10
102.852075441852,19.2103890415974,9468,10
102.492588328582,18.5357983227417,9469,30
102.601382621684,19.3571540030379,9470,10
103.107101675424,19.4466025372117,9471,10
103.435576453228,18.6227660535026,9472,10
103.486503613329,19.1780481428249,9473,10
103.202126239727,19.1640814464521,9474,10
103.322939449181,18.7427095440984,9475,10
103.357680529497,18.8276481292766,9476,10
102.457915636136,19.4333552227553,9477,10
102.305339179075,18.9092455982101,9478,10
102.350156512215,18.6311402966525,9479,10
102.881332937905,19.483226226516,9480,30
103.223172888106,18.7135699868786,9481,10
102.914712011636,18.8092847337307,9482,10
103.470321023019,19.0782142318187,9483,40
102.686463694943,19.38723902261,9484,10
103.040230395927,18.5627367495466,9485,10
103.453890005608,19.0582021538985,9486,30
103.483825023383,19.1607819954122,9487,10
102.889227390071,18.9719764552611,9488,10
102.974718632746,18.5411120123843,9489,30
102.502687601495,19.2312315769873,9490,10
102.652835598649,19.4906223967414,9491,10
103.459269414272,19.2915033923022,9492,10
102.696804566492,19.4574519074761,9493,30
102.983024210241,19.2011166593942,9494,30
102.447450437684,18.773970255854,9495,10
103.122681957026,18.8364294930695,9496,10
103.373600608094,18.8357694681015,9497,10
102.448685441884,18.8047458551279,9498,10
102.690922316394,19.0159339087643,9499,10
102.42376569406,18.7515158841683,9500,10
103.173374130124,19.0578252800399,9501,10
102.380849506946,18.9309213449018,9502,10
103.471631699617,18.8698677391589,9503,10
103.317593364449,18.906026395013,9504,10
103.324109724387,19.1460817844631,9505,10
103.128181648717,18.9359951209202,9506,10
103.442225204586,18.6390663503856,9507,30
102.37538512798,18.7938897023568,9508,10
102.358517541198,19.4534341408365,9509,10
102.424097283103,19.2952761848922,9510,10
103.291293582296,19.4602192583972,9511,10
102.627612216902,18.9871614968006,9512,10
103.492616002695,19.1873181591181,9513,10
102.509741300404,18.549056887491,9514,10
102.679897604951,19.2144243576461,9515,10
102.876072041853,18.6942625137521,9516,10
102.978834321409,19.3728164576073,9517,10
103.287377208376,18.6113032016986,9518,10
103.134896686898,19.1489439702529,9519,10
102.823182210461,19.3851492024478,9520,10
102.564358206672,19.3470147733944,9521,10
102.56892047921,18.5491451592251,9522,80
102.61468705481,19.037319847358,9523,10
102.652153336612,19.4931213390899,9524,10
102.846165522743,18.9172459309283,9525,10
102.980171191199,19.1963601194927,9526,10
103.429697543552,19.0852624947368,9527,10
102.407497817677,19.0520485136525,9528,10
103.466190125471,18.8674910336722,9529,10
103.406744365107,18.6107568205756,9530,10
103.175959851226,18.5312734297048,9531,10
102.490366873333,19.4189584077201,9532,30
102.447196052636,19.1648470609642,9533,10
103.393556826661,19.494545550031,9534,10
103.173492244654,18.8571598926945,9535,10
102.578412642875,18.9276014823199,9536,10
103.090926168816,19.496645327477,9537,10
102.696859604165,18.970438755687,9538,10
103.211441516455,19.0402340875309,9539,10
102.678079282915,19.0869392140504,9540,10
103.149135311096,19.0103048283107,9541,10
103.304530353467,19.0380443221434,9542,10
102.378269098852,19.2090362823935,9543,10
102.892640676876,19.4250600378134,9544,30
103.160092353114,18.639605624186,9545,30
102.336767959232,19.3626100334371,9546,30
102.269340495758,18.7737619952507,9547,10
102.726822195348,19.4891824785518,9548,10
103.098623391225,19.2265913484054,9549,10
103.053642202455,18.8906763614995,9550,30
102.635571134794,18.9164616991616,9551,10
103.282452434204,18.9394653727044,9552,10
103.005013593414,19.4230415039805,9553,10
102.574428557398,19.0482231506784,9554,40
102.893414202414,18.8603381272174,9555,10
102.652202615325,18.6851946842666,9556,10
102.853904744325,19.377225476472,9557,10
103.220146015606,18.5244508847123,9558,10
103.277713812495,18.5281604174617,9559,10
103.136480842502,19.370529776546,9560,30
102.634956575306,18.5689141793008,9561,80
102.716461397564,19.2570014267049,9562,10
103.334255550885,19.2171530131613,9563,30
103.424676713601,18.9516832647211,9564,10
102.685208827209,18.5837682816899,9565,80
103.247897378196,18.9901609739609,9566,10
103.01082720066,18.7959869611931,9567,10
103.009838013656,18.8881707599141,9568,10
103.211749713242,19.0434731848494,9569,10
103.414063056719,18.8869242800476,9570,10
103.282589552174,19.1521144077158,9571,10
102.540650939779,19.2392188625444,9572,10
103.246341374759,18.806628540496,9573,10
103.229715964981,18.6959752534293,9574,10
103.39242490668,19.0920451729606,9575,10
103.218455221985,19.4581554277672,9576,40
103.172678287023,19.3225472548546,9577,40
103.138554071449,18.6696697181434,9578,10
102.352729983692,18.719127653835,9579,10
102.875080722072,19.3315967398412,9580,10
103.034124514318,18.5962607991345,9581,10
102.496529503221,19.1483503478377,9582,10
102.277458282732,18.8680203923613,9583,10
102.446249819666,18.6255999644566,9584,10
102.515646580645,18.8215101225761,9585,10
102.448468028727,19.1661551460861,9586,10
102.354044407141,19.0022860600911,9587,10
102.915251953918,18.9660267701735,9588,10
103.172960389861,19.3815760837647,9589,30
103.198149657717,19.4226053810818,9590,10
103.052996961037,19.1487528023351,9591,10
103.390144831914,19.1987018006547,9592,10
102.727993288299,18.9689046045381,9593,10
102.499318121705,19.0471291250998,9594,10
102.676637706917,19.0845970808426,9595,10
102.879368948807,18.7426801777814,9596,10
103.134611080291,18.9258118187726,9597,10
103.079771438429,19.3623315466297,9598,10
102.563300031834,19.3944120703053,9599,10
102.744006162738,18.5391735721729,9600,80
102.719275873303,18.747914706898,9601,10
103.419601201381,18.806927326155,9602,80
102.952212876483,18.7035079716559,9603,10
102.879760932722,19.3915026179755,9604,10
102.979650310899,19.0555208109487,9605,10
103.09097805986,18.5490970853716,9606,10
102.492213626489,19.2893376423379,9607,30
102.470678420114,19.1100015609134,9608,10
102.742656785747,19.1271063057146,9609,10
102.380176905602,19.0921809330275,9610,10
102.453534650883,19.3918217600239,9611,10
102.607699315516,18.6769960801143,9612,80
102.658351765238,19.3274118233579,9613,10
103.224184843531,19.0084932601874,9614,10
103.31061783178,19.0429498934162,9615,10
102.930997221145,19.2684257329235,9616,10
102.851261205106,18.6182130143451,9617,10
103.082891007994,19.2142507693548,9618,30
103.097161175163,18.6644957928365,9619,10
102.646811367995,18.5997424098862,9620,80
102.826799385388,19.0781673433057,9621,10
102.335726897668,18.7669603542682,9622,10
102.513916105594,18.5973489527642,9623,10
103.238162945572,19.2236605083396,9624,10
102.538197860404,18.9103913520907,9625,10
103.48201001649,18.904350888123,9626,10
103.005462889758,18.9339035273366,9627,10
103.417903696434,19.1538058311363,9628,10
102.620010594776,19.3457626102923,9629,10
103.484313627456,18.870117301313,9630,10
102.378786341376,18.6981354507651,9631,10
102.73186615191,19.026800730875,9632,10
102.380289697086,19.0453195507545,9633,10
102.492937168301,19.3800838668691,9634,10
102.405234367463,18.6320485512383,9635,10
102.593966352004,19.0426902018987,9636,10
103.247420315929,19.2951530777372,9637,10
103.055006882606,18.9268858880003,9638,10
102.671640727453,19.1223658126905,9639,10
103.008012210981,19.24328076654,9640,10
102.551310931256,18.9202689567447,9641,10
103.423772612949,18.8154782370899,9642,80
103.013256815115,19.2724641281933,9643,30
103.104240073622,19.0790631562327,9644,10
102.771372088828,19.1483212423318,9645,30
102.434163129954,18.6518714906854,9646,10
102.559012975228,18.8577689438908,9647,10
103.403086673494,19.0022565776137,9648,30
102.679928506868,18.6306631001703,9649,80
103.423988406561,19.004991466366,9650,10
102.621191942365,18.9344447092806,9651,10
102.716537686725,18.5460865654155,9652,80
103.154704480401,18.5373221542102,9653,10
102.91841060194,18.9718235985222,9654,30
103.37454864439,19.1423574257415,9655,10
103.474042902782,18.5136033920295,9656,10
102.370913361593,19.2842822910383,9657,10
102.269873822375,19.0569911141635,9658,10
103.26330958508,18.6072615938995,9659,10
102.451699179126,18.5557047924072,9660,10
102.870597512347,18.7794552042585,9661,10
103.30347838319,19.2685969774349,9662,30
103.255622933993,18.6600669628035,9663,30
103.143084860037,19.01259431206,9664,10
103.493119294758,19.0385083164389,9665,10
102.450369516687,19.2167674605922,9666,10
103.173785829942,18.5697865771881,9667,10
102.878298005578,18.8605730557259,9668,10
102.431787254029,18.8101080812032,9669,10
103.168671536936,18.6608953925288,9670,10
102.635541581612,18.6203860781774,9671,40
102.59500198736,18.5506666871945,9672,80
103.034078118731,19.1919758488473,9673,10
103.063365866344,18.6590014508239,9674,40
102.895755860565,18.6313564732721,9675,10
103.449533089071,19.3923066810737,9676,10
102.514147390662,19.1063187986164,9677,10
102.550671327093,19.2635994934872,9678,10
102.821460197361,18.9634364364278,9679,10
102.361719984831,19.272318068987,9680,10
102.323780272237,19.1837494045512,9681,10
103.116049200074,18.8111146701189,9682,10
103.002272617496,18.7718380564386,9683,10
102.273787135473,18.940147539257,9684,10
102.732197536905,19.1836636042672,9685,10
102.553918582174,18.6759404944727,9686,10
102.413444303371,19.0085772504998,9687,10
103.274808546756,18.9910862193629,9688,30
103.076554226935,19.0835449082512,9689,10
102.348410157868,19.3038519385114,9690,10
103.436940043764,19.2378854010351,9691,10
103.308890350224,19.4064155138651,9692,10
102.708533872925,18.7847637399311,9693,10
102.943846464309,19.2718669118216,9694,10
102.94670410395,19.004455014428,9695,10
102.288422820485,18.5648945683152,9696,10
103.138861287352,18.7851062281335,9697,10
102.541018878976,18.8438230718884,9698,10
103.079786198593,19.396335961595,9699,30
102.313015624635,18.9091413089242,9700,10
102.343934383709,18.5936258713889,9701,10
103.060442401548,19.3833364857417,9702,40
102.664279289748,19.2009095014957,9703,30
103.097368840383,19.0155692620532,9704,10
103.387146489786,19.1904458444481,9705,10
102.79880262182,19.3543680066275,9706,10
102.479366560065,18.6110619512328,9707,10
102.932486652317,18.6133668780426,9708,10
103.266493483114,19.3939607178348,9709,40
103.047984492438,19.064864864482,9710,10
102.684203890583,18.6102190477429,9711,80
103.256143260702,19.126874954827,9712,10
102.896235861867,18.5495199333104,9713,10
102.52870298172,18.9624295545252,9714,10
102.978790378529,19.4761570647,9715,10
102.339051440569,18.5487107988529,9716,10
102.455711526461,18.6054624805169,9717,10
103.03830929427,19.3753689584548,9718,10
102.674039917388,18.9380799527798,9719,30
103.430783986891,18.9486983418619,9720,10
103.033065755644,18.9804583730654,9721,10
103.036618042402,19.206396706078,9722,10
103.420606751859,18.7191172407272,9723,80
103.156136981718,19.3784680464135,9724,40
102.279126702782,19.0460421408397,9725,10
102.390022192278,19.3889977023732,9726,10
102.891649478754,19.2804766309094,9727,10
103.167102939712,19.0410724409062,9728,10
103.491059171543,18.9699950506483,9729,30
103.43479379662,19.099900280142,9730,10
102.439846358678,19.4564994717405,9731,10
102.725136713145,19.4527414706782,9732,30
103.075049085527,18.9552903434842,9733,10
102.778023750197,19.488038180052,9734,10
102.30624059061,18.6463166746529,9735,80
102.982756356866,19.0709338493565,9736,10
103.111209011461,18.9911722390762,9737,10
102.578145957812,18.6366854453317,9738,80
103.355190496547,19.1624680769411,9739,10
103.187165985699,19.2899368783104,9740,10
102.736148714796,18.9789548437935,9741,80
103.081148309905,19.4530248663198,9742,30
102.880624167372,19.0955979239704,9743,10
102.512255937325,19.1864867067344,9744,10
103.273039348282,18.5255260764236,9745,10
103.077572328964,18.7624535669652,9746,10
102.583581082835,19.1434584489999,9747,10
103.050767201923,18.7267926962778,9748,10
102.92309174465,18.5789223197805,9749,10
102.463352752356,19.0420034290355,9750,10
102.783668113495,19.0645100583785,9751,10
103.464435375733,19.0572022434352,9752,10
102.898927947064,19.2705410297012,9753,10
102.988690282871,18.6561790645944,9754,10
102.650037111308,18.6750676496845,9755,10
102.802988952589,18.994385891057,9756,10
102.964340584934,19.2459195862484,9757,10
103.230747913324,19.3011041731652,9758,10
103.480599747409,18.8189611622793,9759,10
102.813785765423,19.2333405455987,9760,10
103.37233667363,18.87555418931,9761,10
102.628179060095,18.6965312361591,9762,10
102.975107721468,19.4245912406549,9763,30
103.493792620483,18.6690424916742,9764,10
102.603190720262,19.1539444249019,9765,10
102.576359239776,19.4996191924709,9766,30
102.488115268602,19.3892740200999,9767,30
103.049990383572,19.4964434176381,9768,10
102.394365397756,18.814912950383,9769,10
102.810674229698,18.6517854257679,9770,10
103.125843019484,19.073395874171,9771,10
102.857537144301,19.3385403447099,9772,10
103.44175439739,19.4884312818945,9773,30
103.005309911118,18.6312154812621,9774,10
103.361632097475,19.3448757680437,9775,50
103.010231398659,19.4777983638762,9776,10
102.91900672925,18.8918263080061,9777,10
102.715178704491,19.2027084303968,9778,10
103.066706643718,18.5104079340494,9779,10
103.494175123297,19.242744744378,9780,30
103.113013978978,19.0053326435971,9781,10
102.591484493149,18.6821977562105,9782,10
102.562144965424,19.3457981918198,9783,10
102.898959975935,19.0448792937044,9784,10
102.676138515277,18.6987176511558,9785,10
102.633380749538,19.2226007598221,9786,10
103.110916837678,19.065798584296,9787,10
103.06815061815,18.9747884441985,9788,10
103.42503796566,19.4926366440437,9789,30
102.591802169175,19.0391661856571,9790,10
103.121254959427,18.8288384587266,9791,30
102.376027592623,18.7443453420985,9792,40
102.4245901321,18.520291691672,9793,40
103.343344716264,19.4547627619274,9794,10
102.716963627994,19.068315661681,9795,10
103.035489252172,18.5145996079502,9796,10
102.37966206452,19.4742714646422,9797,30
102.565257067221,19.2432286846869,9798,10
102.4482120293,19.2317904623058,9799,10
102.506849616292,19.2159240148903,9800,10
102.484042664419,19.0162432356484,9801,10
102.254598656163,19.2092770001673,9802,10
102.975075867783,18.6562967552424,9803,10
102.635930164812,18.5999567260823,9804,80
103.465636601153,19.0561336351947,9805,10
103.434548469488,19.1607144306501,9806,10
102.640986581984,18.7387038003875,9807,10
102.641705058201,18.6724717449315,9808,30
103.453683327623,19.382234165736,9809,10
103.036574097881,18.7801422500951,9810,10
102.616542601032,19.3962619007475,9811,10
103.195164944913,19.4714566901918,9812,30
102.667987635284,19.1679205750766,9813,10
102.356886769603,18.8200430753016,9814,10
102.934061181239,19.1610110460969,9815,10
103.20922762474,18.8430347356277,9816,30
102.675510621479,19.2326991804156,9817,30
102.949608420753,18.615260760037,9818,10
102.555133962872,19.0223749219343,9819,10
103.474047998394,18.9456446670264,9820,10
102.401760326973,18.6755688415809,9821,10
102.921917206507,18.5900122945681,9822,10
103.204302995705,19.2306259829389,9823,10
102.311641971733,18.9192549215025,9824,10
103.467218676723,18.860867375665,9825,10
103.390615383063,18.9243728957511,9826,10
102.704888177466,18.7431909053323,9827,30
102.920800249437,18.7979629673493,9828,10
103.442399652721,18.8263648786639,9829,10
102.812040925228,18.9470772720727,9830,10
103.278151033731,18.6410461342902,9831,10
103.24425117282,19.4324552003836,9832,10
102.962635275848,19.3512858116702,9833,10
102.265622274679,19.3066529038395,9834,10
103.089050287423,18.5521542568521,9835,10
102.804797473109,19.1465852470032,9836,10
103.26034986819,19.4157078097337,9837,10
103.219890501249,18.6729032735779,9838,10
102.271915757112,19.3325869441065,9839,10
103.261504474649,19.4148837176431,9840,10
103.061811129195,19.1095073658278,9841,10
102.417709199399,18.9226058356293,9842,10
103.415426551434,18.9226111339875,9843,10
103.48700176778,18.8281951452727,9844,10
102.446911524763,19.3145873771485,9845,10
103.292100378192,18.5476873019189,9846,10
103.45468597891,19.2587887953898,9847,10
102.500260302233,19.3017149213708,9848,10
102.856788953105,19.2250572919321,9849,10
103.099043105025,18.6698012799125,9850,40
102.567947810198,19.3827091249371,9851,10
102.317261749662,18.5696566225573,9852,10
103.409501428776,18.6312112780576,9853,10
102.50578173888,19.4218989018078,9854,30
103.203974197683,19.0391737631014,9855,10
103.159090111669,19.3079816511163,9856,30
102.73866633294,18.9953686985265,9857,10
102.470125702619,19.2002392956819,9858,10
102.525945051063,19.0166449980238,9859,10
103.256353007108,19.4560851905521,9860,10
102.431400832845,18.5836999932789,9861,30
103.222394886559,19.2580934382284,9862,30
102.741090899464,18.5205556536888,9863,10
102.616023901672,18.8808818560503,9864,10
103.466488199609,19.2383050971005,9865,10
103.26711736826,19.054019460282,9866,10
102.794820265691,18.7830652705479,9867,10
102.948391512253,18.8147316816179,9868,10
103.400092189807,19.4337627207599,9869,10
103.127062544453,18.503730734115,9870,10
102.766343699834,19.3229589777494,9871,10
102.450316606101,18.9459188960495,9872,10
102.490890417914,19.3511465106362,9873,10
103.480444700962,19.339969355262,9874,10
103.276497525656,19.4207349560599,9875,10
102.90335101225,19.4029166474467,9876,10
102.327949263593,18.7561896732451,9877,10
103.230561406187,18.9858192098741,9878,10
103.31889548938,19.2112047219918,9879,10
103.335863874933,19.1351919502901,9880,30
102.306107041256,18.8530520726665,9881,10
103.024394714016,19.4479216471276,9882,10
103.294624084727,18.8693538574628,9883,10
102.285779958349,18.5527859566846,9884,40
103.025505539346,18.5234883027932,9885,10
102.281499399043,18.8829888581824,9886,10
102.439003872258,19.0950741226834,9887,10
102.865552073991,19.0741795859602,9888,10
103.230762246043,19.0830483191631,9889,10
102.658706158865,19.2189352577814,9890,30
103.179214342194,19.104935121571,9891,10
102.550053312279,18.5753428218617,9892,80
103.296101212744,19.039349720754,9893,10
102.356092282904,18.8136141311838,9894,10
102.681617150235,19.23536317435,9895,30
102.448918768515,19.4106866665862,9896,30
102.386246114773,18.9975448646944,9897,10
103.324897636156,18.8949626075585,9898,10
102.601113066603,18.6573917572667,9899,80
102.620210221786,18.7430211069422,9900,10
102.966183355789,18.8669821294658,9901,10
103.483189691179,18.9110788873255,9902,10
103.01883985082,18.6526015508192,9903,10
102.796658459049,18.7641918179547,9904,10
103.440175461141,19.0323406943493,9905,10
102.588893581195,19.0918742435203,9906,10
103.002665985879,19.2587901413876,9907,10
102.883367616167,18.6481217282643,9908,10
103.21068404153,19.1495151685581,9909,10
102.690295589901,18.6683859692696,9910,40
102.964404992795,19.2314593932681,9911,10
102.477192000006,18.5263888814433,9912,10
103.220898043583,18.7598141808091,9913,30
103.057327428249,19.1365939411003,9914,30
103.432049283315,19.1533891644073,9915,30
102.699048188974,19.1585423309306,9916,10
103.498596495675,18.8466791419813,9917,10
102.312000906257,18.7905307029441,9918,10
103.304075353104,19.204267111717,9919,10
103.380611816774,18.9327483343779,9920,10
102.311081676315,18.5679559769061,9921,10
102.866470925804,18.9565893629476,9922,10
102.272961560055,19.4291899310807,9923,10
102.642624460861,18.5693757757683,9924,80
102.885262135342,19.4231035001232,9925,10
103.322947311566,19.4347673148515,9926,10
103.357585760254,18.6573557587529,9927,10
102.410203151686,18.7328359215977,9928,10
102.876882011011,19.2950176970525,9929,10
103.41967446878,19.482387026049,9930,10
102.71077761005,18.7010353355697,9931,10
103.124848476963,18.9439294451835,9932,10
102.675013917174,18.5157911649734,9933,80
103.474450511131,18.8950159093759,9934,10
102.920784005545,19.1194335391663,9935,10
102.837253311109,19.1165796569602,9936,10
102.926887861269,18.5466388385466,9937,10
102.851791626204,18.9032185828799,9938,30
102.754651861623,18.9053514411172,9939,10
103.471127032408,18.7571924143217,9940,10
102.951059039724,19.1792968218158,9941,10
102.812916373624,19.3833083177071,9942,10
102.495065121111,19.405749754948,9943,10
102.889269185515,18.9943269978911,9944,10
103.11950338515,18.5639163184158,9945,10
102.333533887448,19.2174126491438,9946,10
103.006460437777,19.2356034621799,9947,10
103.035747853397,19.200637287695,9948,10
103.013408960016,19.2224444405034,9949,10
103.407681553914,19.3226621390677,9950,30
103.427750921495,18.8195149987627,9951,80
103.308641387052,19.1332792160396,9952,10
102.418821390906,19.4899450065067,9953,10
103.070108416166,18.5254630236702,9954,10
103.255886850755,19.3152993388032,9955,10
102.288012545954,18.5859321942067,9956,10
102.440191294869,18.5065105589132,9957,40
102.575558641787,18.6176582801507,9958,80
102.392597478959,19.2887823553467,9959,10
102.655658652458,18.6461964005607,9960,10
103.369862085962,18.7982864968868,9961,10
103.087746932059,18.8455472974518,9962,30
102.362797994952,18.5194747816907,9963,10
102.807001969685,19.000478812192,9964,10
102.499605674174,19.3345374167514,9965,10
103.180838854364,18.9494337248848,9966,10
102.748935740971,19.5004981622671,9967,10
102.719757889805,18.7653552303549,9968,10
103.138438317142,18.853997073235,9969,10
103.414265953446,19.0075852388796,9970,10
102.410026969918,18.6342378072003,9971,10
102.871945066806,18.5951227283607,9972,10
102.986336506079,18.5044432121173,9973,10
103.482464418327,19.0267730600307,9974,40
102.43661163346,18.8961208159747,9975,10
102.271735041489,18.8050096499153,9976,10
103.458183651525,18.9569398213299,9977,10
102.698684686033,18.5913114664279,9978,80
103.183057828842,19.2208622075601,9979,10
102.840371724285,18.7494776229842,9980,10
102.992135808415,18.6921633463596,9981,10
103.237510875328,19.447203392641,9982,40
102.508391385762,19.4664457578959,9983,10
102.51074598593,18.7318787353959,9984,80
103.475093667582,19.0714366761685,9985,10
103.103822830687,19.447775983605,9986,30
102.802830752084,19.3568143331963,9987,10
102.752644694211,18.9238665380301,9988,80
102.46101525173,19.1365830386895,9989,10
103.325723214921,19.2239297212589,9990,10
103.322095281912,18.5921711162216,9991,10
102.516122752966,18.601349255954,9992,10
103.242069179444,19.2611354274808,9993,10
102.926256993564,18.9560721813041,9994,10
103.291272168114,18.8487881318783,9995,10
103.433227424318,19.467909765899,9996,10
102.320071462634,18.6776070330648,9997,10
103.127227151418,19.0803718197914,9998,10
102.968972075273,19.0567388312798,9999,10
