X,Y,id,SAMPLE_1
103.144066840635,18.3152024491418,0,4
102.542537655431,18.4068370787662,1,0
102.333261106463,18.8103965589773,2,4
102.794820480934,18.5181781990125,3,4
102.887203907704,18.7600012002172,4,4
102.919459667523,18.2416246521953,5,4
102.390430942928,18.3006193634019,6,4
102.790974251084,18.7317998887747,7,4
102.971913386315,18.5758713312083,8,4
102.963010797405,18.3393228748769,9,4
102.690123256004,18.4871234260259,10,4
103.011587812896,18.7189372019876,11,4
102.607700977836,18.2920793964179,12,4
102.657786937995,18.7596440211217,13,4
103.145974459065,18.596213638861,14,4
102.838597718641,18.3511740659542,15,4
103.009375252852,18.7736994047353,16,4
102.531383725008,18.9438690227448,17,4
102.956940055493,18.4074823641001,18,4
102.855997559888,18.9468027627371,19,4
102.22785542418,18.4597157481633,20,4
102.729848467144,18.3599855907587,21,4
103.093030681806,18.4242580887171,22,4
103.130007675266,18.4503164121318,23,4
102.483634045607,18.7125147316223,24,4
102.483256366437,18.5251663553551,25,4
102.746743587839,18.50278041124,26,4
102.946585966381,18.8020890742325,27,4
103.115431491852,18.5861016580652,28,4
102.483283909924,18.9258806285382,29,4
102.371830968133,18.215843777222,30,4
102.443288868083,18.8153227544268,31,4
102.778628114893,18.6061311486444,32,4
102.672971683831,18.5100857817509,33,7
102.338996860118,18.5871966899147,34,4
102.30686515187,18.2003627482243,35,4
103.008322116874,18.2191725586085,36,4
102.311430784172,18.8678571567564,37,4
102.29620809523,18.5845681418458,38,4
102.735595509467,18.4933926078435,39,4
102.360299885298,18.7215853902985,40,4
102.984273618192,18.8505934228966,41,4
102.422476207211,18.8450042494693,42,4
102.502797890136,18.464602172887,43,7
102.590194329907,18.9295425108666,44,7
102.998512540539,18.8746142352502,45,4
102.388019732975,18.8696421867809,46,4
102.517224663267,18.2356221170232,47,4
102.607219301172,18.5000459685787,48,4
102.632148960476,18.5094260884157,49,0
102.90624090325,18.9264367863378,50,4
102.685229738396,18.2002190060722,51,7
102.655490037967,18.9282443023266,52,4
103.120584155002,18.6824083742061,53,4
102.623182844282,18.3116191462174,54,4
102.310990224625,18.4849029345301,55,4
102.836701250981,18.5039758316782,56,4
102.809374704216,18.4608943969287,57,4
102.796070802348,18.6023669399428,58,4
102.748083125133,18.4832197685454,59,4
103.010183512754,18.3533958368133,60,4
102.890402687271,18.6688820519092,61,4
103.000681690909,18.8745350701992,62,4
102.288218941526,18.6091482328268,63,4
102.471119099503,18.6215179052156,64,4
102.278415218343,18.5487804694996,65,6
102.580941844885,18.6568740951396,66,4
102.513520466576,18.8268933943067,67,4
102.898197662595,18.2891111438274,68,4
102.917412704573,18.5775233357176,69,4
102.265084967435,18.5119455627387,70,7
103.016930072636,18.9090515593386,71,6
103.077137315536,18.420326309259,72,4
103.006008742427,18.568524995285,73,4
102.556315979866,18.3873054539004,74,4
102.500054034312,18.2504299949328,75,0
102.65370849493,18.3021967307374,76,7
102.758191035411,18.2417222636471,77,7
102.683175983072,18.6169291011998,78,0
102.405346082214,18.852450391437,79,4
102.905101370751,18.2801616666646,80,4
102.313663739158,18.5507104703451,81,7
102.208220116723,18.3362793294052,82,7
102.772182511581,18.3386635651347,83,4
102.761410649429,18.7818670980044,84,4
103.133780190646,18.4035877333065,85,4
102.596975369095,18.2925759909852,86,4
102.70824332058,18.4344612055205,87,4
102.700553343313,18.7139981055017,88,4
102.794841593528,18.2600130528943,89,4
102.580987836441,18.3282656188212,90,7
103.072892688626,18.640188318139,91,4
102.56156108259,18.4807748300367,92,4
102.340706524602,18.7491992883046,93,4
103.106998322873,18.5322560205491,94,4
102.800621305545,18.7430301814346,95,4
102.556270710233,18.7745092952608,96,4
102.898227291567,18.4170453054162,97,4
102.760155690324,18.5138959782911,98,4
102.257394401924,18.8902456393914,99,4
102.301959339647,18.2486257185277,100,4
102.725792355062,18.5392669541885,101,0
103.123633142314,18.2587844858197,102,7
102.964345359351,18.5258011138456,103,4
102.863563540063,18.8379876091126,104,4
103.067749430098,18.3773647347836,105,4
102.559544777814,18.3727181668223,106,4
102.7484119725,18.7720979215794,107,4
102.225980583701,18.8669886370418,108,4
102.637574431361,18.4778218306437,109,0
102.854763616046,18.5849083399877,110,4
102.270027887498,18.7011333845024,111,4
102.765344679275,18.2990962536135,112,4
102.327447920397,18.6506944419237,113,4
102.758453029909,18.85633035939,114,4
103.103586749718,18.947707565449,115,4
102.336832694557,18.6388882791253,116,4
102.88673184642,18.6554424204971,117,4
103.095239973888,18.840211833681,118,6
103.055787123241,18.7959224312951,119,6
102.893145132793,18.7329871874086,120,4
102.240504308298,18.879328424785,121,4
102.807392224478,18.7586915835199,122,4
102.857322477648,18.4088222634589,123,4
102.498559944519,18.7637431643216,124,4
102.618443178574,18.6374350596822,125,7
102.601002062335,18.317427488226,126,4
103.014158105364,18.3399988206747,127,4
102.565398575769,18.6331770408801,128,0
102.552379309476,18.5903145024184,129,0
102.290990453074,18.5701419108935,130,4
102.842907496018,18.8693708740035,131,4
102.40106712193,18.6882904580333,132,4
103.076010052327,18.8572403488548,133,4
102.650410204621,18.2535288048906,134,4
102.611329714462,18.712925624675,135,4
102.950146057248,18.5176989013169,136,4
103.07415799851,18.747969653605,137,6
102.554639693671,18.8416299952881,138,4
102.427813150809,18.8387848170261,139,4
102.203694134277,18.6717088260121,140,4
102.199507459073,18.2933241896353,141,4
102.965520983556,18.3507153863075,142,4
102.753668644415,18.7851070446601,143,4
102.224337830238,18.3196314385246,144,4
103.139348642105,18.4227551259254,145,4
103.145440288445,18.6548999079542,146,4
102.323807574582,18.3900446016415,147,4
102.231207306392,18.9482933299288,148,4
103.069928268398,18.8435027869232,149,6
102.599157081648,18.2692010363265,150,4
102.900516895666,18.9192068072881,151,4
103.099685586003,18.4800748701637,152,4
103.107371241403,18.3339925732728,153,4
102.516994442303,18.403050059093,154,7
102.338908937086,18.4835379762984,155,4
102.389670625336,18.4662190019065,156,4
102.570865137443,18.2244813338195,157,7
102.328988531481,18.6078394184277,158,4
103.054267555023,18.3567478726629,159,4
102.423343602565,18.6796418901508,160,4
102.459899159456,18.9384479843369,161,4
102.326350760323,18.5494868639413,162,7
102.383785460097,18.8230279632829,163,4
102.569522648412,18.7279433680371,164,4
102.707019683052,18.3545874032154,165,4
102.397581036775,18.50141347849,166,4
102.209003312582,18.9309545704289,167,4
103.130563899341,18.9142784062838,168,4
102.613483371032,18.4041844943144,169,7
103.127901065139,18.9270908417881,170,4
103.015063028188,18.6905775358018,171,4
102.362100004571,18.3876767159947,172,4
102.225816452996,18.2614439516603,173,4
102.437873900627,18.2170654562553,174,7
103.07792486645,18.5636238239181,175,4
102.396023567109,18.4554083490998,176,4
103.051222391057,18.4883234916801,177,4
102.494811964026,18.3088378946657,178,7
103.022042344209,18.6842495733437,179,4
103.073770346092,18.9283793789728,180,4
102.34213035597,18.4724341489567,181,4
102.396780769527,18.618823763539,182,4
103.119370126796,18.5789310066871,183,4
102.36911095113,18.5954245880918,184,4
102.768742417588,18.222451127279,185,4
102.255883795173,18.8028402863507,186,4
103.00568276888,18.4486048481932,187,4
102.370145266605,18.751802414956,188,4
102.565977969598,18.5137439867811,189,0
102.594351977355,18.6427591023352,190,0
102.929243262744,18.7599560988641,191,4
103.003692465306,18.4934372145509,192,4
102.829187904479,18.8310042501238,193,4
102.844987135552,18.2664118755952,194,4
102.988303909314,18.7966500503156,195,4
102.306938551729,18.6317959837865,196,4
102.581602654206,18.3256571025934,197,7
103.005261292227,18.2832468977672,198,4
102.773261510001,18.4172682826159,199,4
103.126750612596,18.4825061535811,200,4
103.149396536897,18.3897689874693,201,4
103.063345944272,18.7569882601502,202,6
102.616797490246,18.9147756261064,203,4
103.110734500976,18.7320635369419,204,7
103.068544504431,18.6552563254812,205,4
102.696906721564,18.6509165006892,206,4
102.833253904058,18.6648623299595,207,4
102.716561990646,18.9402138154857,208,4
102.617233210608,18.6697774098148,209,0
103.08103281814,18.2912108728937,210,4
102.463028906677,18.4276113098387,211,7
103.089422828088,18.7393683056232,212,7
102.909577228401,18.2466435450488,213,4
102.58788282742,18.3822532613916,214,4
102.744059943952,18.3692296269645,215,4
102.618189794909,18.6900970508624,216,0
102.374470851304,18.5405876340246,217,4
102.487758852219,18.7783495360112,218,4
102.369848868477,18.8882065849468,219,4
102.891989564033,18.8048510712951,220,4
102.894451608793,18.2703733387382,221,4
102.553097923767,18.3180774294729,222,0
102.720263712084,18.3396455205559,223,4
103.066098637883,18.4831482199182,224,4
102.838514173533,18.8179508132479,225,4
102.363836063751,18.674416671038,226,4
103.01633282648,18.2876650873788,227,4
102.833227172352,18.7478766427885,228,4
102.338804367592,18.4920157135052,229,4
102.34555441915,18.5494098524916,230,4
102.426121068509,18.4849108611259,231,7
102.546725018927,18.9107238477434,232,4
102.903312297149,18.2647802317847,233,4
102.8931623201,18.3242464598052,234,4
103.005721982318,18.2373315459956,235,4
103.092931600615,18.4794865595865,236,4
103.027483878478,18.784449178152,237,6
102.92826120297,18.5059639235654,238,4
102.894187947212,18.6785252856164,239,4
102.396145569821,18.8790293636252,240,4
102.360417158147,18.3001760419989,241,4
102.51729065256,18.8275519722476,242,4
103.133366096975,18.2793851023517,243,4
102.724288395301,18.8466940962543,244,4
102.880001678893,18.8258000709931,245,4
102.54227353074,18.4977092123844,246,4
103.081018871432,18.8703426876171,247,4
102.602678211912,18.4429124422166,248,4
102.378872816991,18.8962877327029,249,4
102.983955394069,18.5697209163154,250,4
103.116687573693,18.8948603709721,251,4
102.65067351515,18.9374441595433,252,4
102.481409599519,18.2002152151625,253,6
102.518184879389,18.7297368099649,254,0
102.213559357087,18.933662354232,255,4
102.470297426059,18.564102057159,256,4
102.913456428303,18.8891853549903,257,4
103.010613790871,18.2073635510973,258,0
102.431432372255,18.4545184972879,259,4
102.387198360175,18.5823301077908,260,4
102.683015928173,18.9246406060789,261,4
102.617840509304,18.9151936483378,262,4
102.443280097646,18.5111601256309,263,7
102.944358122469,18.3089209129314,264,4
102.307672634479,18.5211046599362,265,4
102.934063194415,18.2581351614255,266,7
102.474425589697,18.6986739116073,267,4
102.886301065498,18.6358848111136,268,4
102.56774472531,18.7546606363336,269,4
103.130167246528,18.6219650180339,270,4
102.662470671683,18.5753644665832,271,0
102.30162950474,18.893502434947,272,4
102.542062908007,18.7659248597475,273,4
102.779384124661,18.246575063871,274,4
102.879465894657,18.2347830199693,275,4
102.840285019794,18.4122359964915,276,4
102.482153137089,18.3093407764468,277,4
102.359952442258,18.2224452001838,278,4
102.217834241877,18.9476411575456,279,4
102.984860693238,18.6443948956157,280,4
102.235846809994,18.431992331708,281,4
102.274747674304,18.231889008534,282,4
102.301688534277,18.2808836942138,283,4
102.295327978448,18.7240896943772,284,4
102.712493393213,18.8940698670833,285,4
102.465637233985,18.2082895879354,286,4
102.489355147728,18.2851160250157,287,4
102.375851390564,18.2053414591115,288,4
102.91167599938,18.7749394335245,289,4
102.817575204945,18.3317006363818,290,4
103.016836888608,18.2330845256673,291,6
102.504905170665,18.2428151745975,292,4
102.838767164054,18.7916824126256,293,4
102.450090808935,18.6579394542286,294,4
102.25026862246,18.2438263815265,295,4
102.876078376551,18.5264664286809,296,4
102.469104140836,18.2008711111068,297,4
102.21888585884,18.5454407337652,298,4
102.484851439213,18.464413379637,299,4
102.938434616646,18.8169096695876,300,4
102.405592457979,18.789276307819,301,4
102.764746312245,18.2571818543064,302,7
102.365909114488,18.8909811291885,303,4
102.278675670995,18.7650534843138,304,4
102.829140225502,18.4662351392908,305,4
102.499555587837,18.6099238291393,306,4
102.268640016983,18.2217149165484,307,4
102.407007211379,18.4579204335574,308,4
102.573538057379,18.6390000200836,309,0
102.406765665116,18.3769158839521,310,6
102.695242203028,18.9373573322978,311,4
102.945384895725,18.5576447731074,312,4
102.608973420555,18.5677131141252,313,6
103.083971947191,18.6481166716252,314,4
102.488117110012,18.7859975490877,315,4
102.523974013154,18.6515479991603,316,4
102.54458056761,18.2748553175673,317,4
102.354910117007,18.8752378824174,318,4
102.721638867701,18.939453849848,319,4
102.485285279089,18.5818673467846,320,4
102.435044218791,18.4104250963493,321,4
102.921037327476,18.5426921879967,322,4
102.456325219931,18.4843090368975,323,7
102.738407033225,18.5257454373408,324,4
102.441865767547,18.7280877718088,325,4
102.333984822451,18.3954573088466,326,4
103.14393045477,18.247965228659,327,4
102.768323559655,18.4490095493759,328,4
102.937033699011,18.4073873671415,329,4
103.000765240163,18.2314463160273,330,4
102.202871616473,18.8892952543472,331,7
102.884759620482,18.6495215958659,332,4
102.494444742738,18.3728193913097,333,4
102.240488128125,18.752311485467,334,4
102.799445732815,18.8598825160989,335,4
102.705727826348,18.3392387019602,336,4
102.616729109881,18.5095384373062,337,0
102.984162273365,18.3813150558488,338,4
102.223333304127,18.3207468904266,339,4
102.820023885784,18.3495418908609,340,4
102.495272921864,18.5952447683469,341,4
102.34046192723,18.4330571394948,342,4
102.814122470812,18.2794431564832,343,4
102.821501549364,18.3525443833983,344,4
102.62728521908,18.6536164896954,345,0
103.036735613475,18.5756643588182,346,4
102.211598079931,18.7962982613567,347,4
102.231849650491,18.2595949386473,348,4
102.61200794126,18.749272801765,349,4
102.725170640588,18.2615615698931,350,4
102.981843558141,18.6584485404608,351,4
102.246809902882,18.5214919170463,352,6
102.952082632075,18.7316442575417,353,4
102.44155048539,18.4994283293972,354,7
102.460376215637,18.6803940729042,355,4
102.996278753165,18.5889839900255,356,4
102.474502869449,18.7085961198425,357,4
102.430816884284,18.6765387759578,358,4
102.278091740002,18.3222919096954,359,4
102.864662768999,18.208972272006,360,4
103.087425003435,18.722106490261,361,4
102.615707464831,18.69219596495,362,0
102.357019687476,18.9329221911579,363,4
102.400771622351,18.3289556742223,364,4
102.728988324176,18.3268164666681,365,4
102.505223961735,18.9308841889373,366,4
102.79774885796,18.7582102586899,367,4
102.894599172129,18.6635542714566,368,4
102.773424048584,18.5278054924436,369,7
102.471675394868,18.8294514881348,370,4
102.874781356893,18.5964364851954,371,4
103.001264510004,18.5723553704067,372,4
102.635418478006,18.5007810829266,373,0
103.093049381637,18.7840008170914,374,6
102.270827988377,18.3202187376341,375,4
102.20822448467,18.4229635835804,376,4
102.50820625191,18.5807494632816,377,4
103.05076700888,18.6410324830632,378,4
102.541770895349,18.6939882471996,379,0
102.348918390555,18.6294046649068,380,4
102.511891344565,18.7356479616089,381,0
102.648810446393,18.3571394789429,382,4
102.992965243953,18.2975411864306,383,4
102.462604732474,18.4026388298948,384,4
102.359288085435,18.4018346316489,385,4
102.416198361693,18.2092961785047,386,4
102.625279563093,18.4964746870969,387,0
102.6395925193,18.7745906746924,388,4
103.000014467921,18.8893822372471,389,6
102.804757642004,18.3989201422689,390,4
102.934463029451,18.2119030172698,391,4
102.680256424949,18.4948792351305,392,4
102.510571608035,18.7842226007034,393,4
102.880047847476,18.8519686093043,394,4
103.147112834043,18.7545453773656,395,7
102.516443860197,18.9005149393324,396,4
102.777475689173,18.8273319336087,397,4
102.248164259069,18.6252195280904,398,4
102.917230695387,18.2569591287701,399,4
102.274037133416,18.7024989494652,400,4
102.790424192769,18.7573857181888,401,4
103.085423846479,18.5740617257073,402,4
103.124711689796,18.5685407567847,403,4
102.787119516735,18.7280814083582,404,4
102.513838740464,18.6528946087559,405,4
103.073158770039,18.7329082107739,406,6
102.72621742808,18.5788159090862,407,0
102.287173722915,18.6903206520496,408,4
102.311538469858,18.6210595301495,409,4
102.670909541829,18.5131137498491,410,0
102.574812532336,18.2431500949643,411,7
103.090787833497,18.7443849989728,412,6
102.254594025698,18.8296510950018,413,4
102.261639691375,18.8609639824283,414,4
102.25170973569,18.5642242663553,415,4
102.363628045826,18.6162661805534,416,4
103.028309667442,18.3437027450773,417,4
102.212900659387,18.6602607342933,418,4
102.358526580025,18.719825571036,419,4
102.485587191792,18.8004691292911,420,4
102.67253545292,18.3960227709107,421,4
102.557970412507,18.8540885723893,422,4
102.22747865096,18.881719571628,423,4
102.263253137849,18.8237988077266,424,4
103.083583081628,18.3909868916177,425,4
102.57597724977,18.5513093042546,426,0
102.243998024,18.6365954060949,427,4
102.853039181287,18.3448773591107,428,4
102.608635102794,18.3943625281737,429,4
102.805091763903,18.2622040599213,430,4
102.477856073808,18.351644297108,431,6
102.903378433904,18.3276943685804,432,4
102.597949532962,18.5113549408237,433,7
102.776569407966,18.7075570552014,434,4
102.52188500913,18.409296950702,435,7
102.978705163229,18.2351592231659,436,4
102.319105292151,18.5388902012723,437,4
102.225953666112,18.8965177985546,438,4
102.239091506159,18.8441053136242,439,4
102.219083411394,18.4482069030909,440,4
102.859995235909,18.7928598207128,441,4
102.870973835077,18.4584465851519,442,4
102.377793077351,18.6791394874995,443,4
102.972876847854,18.5379441088847,444,4
102.382970748015,18.7637961993169,445,4
102.292815909922,18.9116579879605,446,4
102.904190053444,18.2065795235945,447,4
102.44739767086,18.4435500716009,448,6
102.722300402827,18.7640625626243,449,4
102.942137743487,18.7678314051596,450,4
102.90591230789,18.8214676389094,451,4
103.020854600494,18.7312328542348,452,4
102.850462339185,18.4237808328294,453,4
102.816876154416,18.3449840171304,454,4
102.726961792153,18.7815124986379,455,4
102.878438070622,18.3926333103942,456,4
102.855010137891,18.8910953155734,457,4
102.295143812807,18.8666591624812,458,4
103.132028379951,18.7316056048085,459,7
102.355587997713,18.8532083378633,460,4
102.742079976754,18.2304261767803,461,4
102.690435834918,18.3704028699199,462,4
103.068719815024,18.4836496216522,463,4
102.217830530986,18.7065245516874,464,4
102.423009485195,18.3379682565521,465,7
103.01726383627,18.4917545254538,466,4
102.942162938517,18.5949291476772,467,4
103.089524888308,18.3344097877908,468,4
102.677562677584,18.3631137947636,469,4
102.864245737676,18.2373044780777,470,4
102.453449185885,18.5160205305478,471,7
102.234355399454,18.4182111727137,472,4
102.686672538979,18.3951740825394,473,4
102.615559875022,18.7792385750801,474,4
102.613453806393,18.8797874800555,475,4
102.900108068634,18.9382294401081,476,4
102.621503198813,18.4904675074868,477,0
102.849941681133,18.4459394714713,478,4
103.110307570306,18.2188154954234,479,7
102.275805134764,18.3272235318446,480,4
102.232734077454,18.6209238885165,481,4
102.703899845892,18.6024375332224,482,0
102.630624333907,18.9404796227634,483,7
102.313181077122,18.6507439049647,484,4
102.475943010979,18.3164677191481,485,7
102.421514658709,18.5403946405893,486,4
102.773133295529,18.6009426179148,487,4
102.90792323029,18.8066895092517,488,4
102.879865563119,18.7636922039628,489,4
102.33118241322,18.5592548606612,490,7
102.208234133856,18.4995131653183,491,4
102.690265874909,18.2761462977485,492,4
102.514627867255,18.7689328567476,493,0
103.016003784016,18.8151092888821,494,4
102.384416950138,18.6339249929923,495,4
102.531951164518,18.7853208086132,496,4
103.003148278669,18.7375772041072,497,4
102.581732053517,18.4197135474579,498,4
102.775023866867,18.9070756476526,499,4
102.755670360585,18.6841314895684,500,0
102.448586692112,18.3619774942481,501,4
102.372008129277,18.3551743148701,502,4
102.663372235021,18.4905201297237,503,0
102.298127761814,18.2446312422793,504,4
102.74195496761,18.4320400200076,505,4
103.000311854102,18.3260123553683,506,4
103.091137118989,18.210437812973,507,4
102.692893355517,18.2413399819241,508,7
102.236269657198,18.3764712660746,509,4
102.854813706243,18.2238706167683,510,4
102.805039614544,18.2884862120707,511,4
102.548894332852,18.2078862653693,512,4
102.208115219163,18.9351795827109,513,4
102.873226452459,18.5647077269581,514,4
102.639128121964,18.6366961302433,515,4
102.807311164335,18.8893714786556,516,4
103.064910012629,18.8675195169686,517,4
102.867456536092,18.5788242521058,518,4
102.945693098566,18.636432525832,519,4
102.980849986656,18.2755468524834,520,4
103.027501195585,18.7329920040521,521,4
102.850536422021,18.7182095270536,522,4
102.839435116744,18.4796720407736,523,4
102.66642950242,18.2768991266103,524,7
102.556279534854,18.8198412627843,525,4
102.761992740323,18.3640125222513,526,4
103.141999570271,18.8313746734127,527,4
103.029407975715,18.5667477876251,528,4
102.761138032653,18.5671707689542,529,4
102.931500456551,18.6225366766036,530,4
103.085611210283,18.2911682245065,531,4
102.594471986634,18.756741015843,532,4
102.799183294648,18.2123491883112,533,7
103.082632534041,18.3389984097449,534,4
102.770869846684,18.9262554489545,535,4
103.028075330283,18.5465722152329,536,4
102.882435291961,18.85111025744,537,4
103.059851506339,18.929427015299,538,4
102.693952511896,18.9466849473747,539,4
102.582731813217,18.3149712488945,540,7
102.248534774353,18.8787914634775,541,4
102.537347943686,18.611456341446,542,4
102.252547868464,18.2126873290965,543,4
102.546833419164,18.4364466429925,544,4
102.890793636499,18.2795760887842,545,6
102.725974762578,18.909806059726,546,4
102.510080502734,18.3259112859507,547,4
102.913034567506,18.820715680435,548,4
102.705101684334,18.4934761945734,549,4
102.756415868343,18.8648953500168,550,4
102.587752108909,18.2269790941936,551,7
102.733445327898,18.5681224287386,552,0
102.324950612437,18.792008292192,553,4
102.462991744457,18.8289983119324,554,4
102.292653535941,18.6949917578646,555,4
102.376157784437,18.5509753844624,556,4
102.33085670977,18.7673724013393,557,4
102.789997604481,18.4061551851304,558,4
102.450419548364,18.8837005705648,559,7
102.532029711647,18.412086024621,560,4
103.144157747788,18.8567153996378,561,4
102.820262312796,18.8572106881942,562,4
102.956276840704,18.8282697029881,563,4
102.677350958823,18.836934338372,564,4
102.511923066782,18.6891214202999,565,0
102.376475836076,18.4276239775963,566,4
102.669167176025,18.6540520468438,567,4
102.439603115023,18.4253917938988,568,4
102.676133244672,18.2881128092039,569,4
103.098408828708,18.4451377675657,570,4
102.787747336623,18.2744948671632,571,4
102.733242274648,18.4215919159666,572,4
102.905013949814,18.7797279137346,573,4
102.908057185817,18.9205595019212,574,4
102.8614102877,18.851025946687,575,4
103.092620442668,18.2748839743873,576,4
102.864195293585,18.8114947872006,577,4
102.754667820303,18.7865657714377,578,4
102.979264285986,18.5712874808471,579,4
102.56244942153,18.4260345688151,580,4
102.80521582782,18.7983520592347,581,4
103.087033111441,18.3362864210841,582,4
102.351698098464,18.3286509056381,583,4
102.40287106678,18.5822353912426,584,4
102.564179433598,18.5567373348723,585,0
102.929220667858,18.4261843052318,586,4
103.025535908404,18.7243531350464,587,4
102.699072346566,18.3820042423347,588,4
102.288996812754,18.3534091720065,589,4
102.33559972668,18.2675171396611,590,4
102.362724280564,18.8541062066504,591,4
103.091759867812,18.2805914592238,592,4
102.868898620451,18.7934180424892,593,4
102.917262339218,18.6891874890517,594,4
102.649802414039,18.2526124261846,595,4
102.519373627975,18.6239157999222,596,4
103.07867139991,18.5915663454749,597,4
102.301596943782,18.866785560785,598,6
102.763784760278,18.5898801374009,599,4
102.828166698574,18.6525610388522,600,4
102.750654169747,18.5766243163649,601,4
102.95618504363,18.2929340646038,602,4
102.880066437557,18.5172377785725,603,4
102.210451435457,18.2148961100624,604,4
103.03391884154,18.5241245787291,605,4
102.577299512814,18.6103517616208,606,0
102.449445696835,18.5583779268072,607,4
102.381988197058,18.446493012346,608,4
103.137484328911,18.9439786303535,609,4
102.870621179026,18.7015654148109,610,4
102.985790678808,18.2663401741618,611,4
102.285538058013,18.71637180692,612,4
102.301205333604,18.2960749636044,613,4
103.1373398513,18.2673706249367,614,4
102.893770874903,18.3948826617735,615,4
102.81421901344,18.3609594913744,616,4
102.397543547653,18.2864255354382,617,4
102.375929812837,18.4778614237756,618,4
102.611886211751,18.6560438522826,619,0
103.112569641658,18.7883171701403,620,6
102.28581233673,18.4091817900362,621,4
102.611322512123,18.4819497290032,622,0
102.852594845604,18.7749790032534,623,4
102.985047936558,18.2006833785967,624,4
103.096589042989,18.8063076705299,625,4
103.107952332117,18.245288135612,626,4
102.692291822191,18.2804736185932,627,4
102.450178778761,18.3041246293368,628,6
102.996938271031,18.359128440596,629,4
102.484372025277,18.8001325466616,630,4
102.874842838336,18.3967596739772,631,4
102.438640532544,18.5514260275057,632,4
102.335447829238,18.3401160204771,633,4
102.784960656379,18.2250221160069,634,7
102.634424042708,18.2903215488994,635,4
103.135181549179,18.3710758275105,636,4
102.462406238166,18.8258982966299,637,4
102.593762701479,18.2003987506754,638,0
102.599918185842,18.9011540793678,639,4
103.115270150098,18.581220578757,640,4
102.869245337425,18.2708694886826,641,4
102.227022923355,18.7828785421891,642,4
102.234976131792,18.8025571765106,643,4
102.210284245307,18.5208172925014,644,4
102.892688441372,18.9389139276037,645,4
102.252021599888,18.6205496624742,646,4
102.484956586027,18.526644996763,647,4
102.372476268816,18.2278216950535,648,4
102.988108882533,18.5177820281735,649,4
103.056062787783,18.5561636762644,650,4
102.377796783227,18.7625717994133,651,4
102.625444336299,18.7592164878327,652,4
102.56561025923,18.3224156099281,653,4
103.060453910886,18.4724447365392,654,4
103.048590902225,18.2745348115209,655,4
102.458960062563,18.8764327130628,656,4
102.626202627282,18.3211207558937,657,7
102.600575990982,18.7360148105282,658,4
102.406191760952,18.8111034913923,659,6
102.240353416842,18.2883723351595,660,4
103.001239048043,18.7835788846928,661,4
102.899751038017,18.359962150294,662,4
102.540745654066,18.7855574289312,663,4
103.143001933814,18.8523438440763,664,4
102.487704391373,18.8151828415742,665,4
102.988855281714,18.4140855853179,666,4
102.602262545299,18.562796954131,667,0
103.121302775979,18.6732904716894,668,4
102.634423710707,18.644464651787,669,0
102.739012436701,18.6450407535795,670,0
102.22798593908,18.6040330376674,671,4
102.857672138832,18.4692156676111,672,4
102.316676361627,18.7625722530791,673,4
102.26094207093,18.6550990949128,674,4
102.254527323982,18.5783151706176,675,4
102.778861692239,18.8819141915388,676,4
102.630812622661,18.3379288670919,677,4
102.659409404471,18.5749878183869,678,0
102.335231523732,18.3977977407542,679,4
102.293955350721,18.6391629887431,680,4
102.384799981539,18.7825723063501,681,4
102.745177821807,18.2082426769931,682,6
102.233461248354,18.3103768929525,683,4
102.509783122315,18.4095896540814,684,7
102.444837499458,18.8944614303695,685,4
102.509142246877,18.8993328345827,686,4
103.069104606322,18.8707070713522,687,4
102.537942936568,18.7314854903262,688,7
102.812511814131,18.3405323647955,689,4
103.087696451219,18.2402167885582,690,4
102.321312612265,18.7971422751417,691,4
102.431740283422,18.2145254373575,692,4
102.64206467729,18.827716347315,693,4
102.741101387426,18.3013393386372,694,4
103.098828188158,18.4250689537211,695,4
102.976726505052,18.5260210766125,696,4
102.913536176587,18.2782627348431,697,4
102.38829887793,18.2539984008728,698,7
102.974975414789,18.8521125146663,699,4
102.334015444186,18.917083097999,700,4
102.52592375447,18.7044331362476,701,0
102.868392391325,18.5098516768977,702,4
102.99921442669,18.3590149398375,703,4
102.596450603467,18.6406252000246,704,0
102.736717255237,18.5829812882211,705,0
102.616200130484,18.8744169557373,706,4
103.084627311713,18.91198338543,707,4
103.086613502727,18.3119924575106,708,4
102.41542684864,18.4220768651846,709,4
102.286114763999,18.7315360059129,710,4
102.980136064565,18.8455813228276,711,4
102.779524892944,18.3831602205693,712,4
102.622910427929,18.5304252468995,713,0
103.051118284395,18.4181488551989,714,4
102.371907358463,18.9235625157401,715,4
102.27632060056,18.7872739322855,716,4
103.124982221985,18.5723982300927,717,4
102.221269216257,18.3703280666793,718,4
102.961487410687,18.4612874287446,719,4
102.458035306566,18.7513469320211,720,4
102.839860703816,18.6907858688801,721,4
102.226586013937,18.5127577743907,722,4
102.693039348094,18.3685042220393,723,4
102.960167680654,18.4349903938042,724,4
102.442266160157,18.6690715603568,725,4
102.595117951274,18.9151074078207,726,4
103.133132692845,18.8230543633617,727,4
102.529348666797,18.4998508466155,728,4
102.823425588959,18.8396035582504,729,4
102.698484614912,18.8697954896803,730,4
102.497332092393,18.8511045021127,731,4
102.52056177298,18.6745111893384,732,4
102.844620536401,18.69348798119,733,4
102.259807342965,18.7034313913191,734,4
102.556491556338,18.7685001094291,735,4
102.291344739173,18.9008763466237,736,4
102.810473545001,18.8311666987142,737,4
102.62870096371,18.9329895233893,738,4
102.598370745086,18.8183875756912,739,7
102.699062211074,18.3616830963082,740,4
102.339775178656,18.4822291463623,741,4
102.795799329616,18.7514363159523,742,4
102.432818449148,18.3330966605967,743,4
102.237070177211,18.5523862908048,744,4
102.587125270188,18.663063014318,745,4
102.447689148813,18.9381307748069,746,4
102.388940420076,18.298853852229,747,4
102.74035508997,18.4559136203626,748,4
102.359880165471,18.810887759899,749,4
102.446806799931,18.2268025079676,750,4
102.433184107285,18.26576338768,751,0
102.426638255223,18.4685944091097,752,7
102.24694087734,18.8640011860439,753,4
102.812283854291,18.8205737674878,754,4
102.33656282506,18.3333398493345,755,4
102.443997920302,18.7592368787839,756,4
102.897226798584,18.3351494181947,757,4
102.541346155636,18.5232265564077,758,4
102.908214909482,18.2117047567621,759,4
102.518570725185,18.302275099019,760,4
102.872099300786,18.5312449667907,761,4
102.253879195021,18.3857774890432,762,4
102.315993410334,18.8652451003802,763,4
102.685078281146,18.3935253730912,764,4
102.739507846767,18.5961885428997,765,4
103.120576592781,18.2916425378554,766,4
102.534787033103,18.8189577070648,767,4
102.397545439364,18.4301058524441,768,4
103.089221756607,18.8237828136942,769,4
102.56620570659,18.8478782565327,770,4
102.675936417551,18.6447793190183,771,4
102.574063090783,18.2196106146763,772,7
102.718325912971,18.5784468243432,773,0
102.324160781553,18.8739998387382,774,4
102.423542375872,18.9071935900806,775,4
102.565754914767,18.6875383161821,776,0
102.964814555802,18.5230888854367,777,4
102.926034275379,18.2044719677337,778,4
102.521024033526,18.5765109241373,779,4
102.241767795378,18.7431090487116,780,4
102.744992586914,18.267394835308,781,4
102.84750462306,18.2534492039729,782,4
102.572219272438,18.6829869615669,783,4
102.680337276481,18.3837406084322,784,4
102.676937948491,18.9269192846518,785,4
103.024202106055,18.564168615717,786,4
102.531869341331,18.4233266792891,787,4
102.695327200455,18.4980730767074,788,4
102.388246237961,18.8312372992869,789,4
102.436357421197,18.5577611297159,790,4
102.697755412226,18.9320915310901,791,4
102.4813258408,18.8798035417801,792,7
103.030013441437,18.2080708010691,793,4
102.62972025815,18.3104714150795,794,4
102.227690857204,18.8482872904024,795,4
102.873014630848,18.6632956695301,796,4
102.666058028466,18.2290897416856,797,4
103.148386664038,18.6912370829117,798,4
102.842255637694,18.750917804941,799,4
102.618137029284,18.2588388616986,800,4
103.02551162176,18.354482624476,801,4
102.567294531599,18.7043298477359,802,0
102.709539147478,18.7143233327268,803,4
102.327259037858,18.351538063264,804,4
102.407185848361,18.4979170565498,805,4
102.404267743332,18.493940950062,806,4
102.991789358777,18.4985014753501,807,4
102.958164817569,18.3932640193879,808,4
102.341940278429,18.9203896574261,809,4
102.364973605517,18.5810868954491,810,4
103.130593793345,18.5551375373689,811,4
102.610821958812,18.8783705851524,812,4
102.497875000621,18.9026169697899,813,6
102.294387100629,18.5508401653564,814,6
102.958826904169,18.2804742970793,815,4
102.269761433273,18.8427301963192,816,4
103.084362112754,18.2779631847377,817,4
102.244811979594,18.2704401907878,818,4
102.563474333468,18.2945947723089,819,0
102.37851808935,18.6055451025473,820,4
102.494900097139,18.8407745840218,821,4
102.606191615129,18.5545200427594,822,0
102.523859113846,18.754316443454,823,0
102.263769171779,18.2713007170704,824,4
102.641739468873,18.5922829757459,825,0
102.44777819851,18.5080842536131,826,4
102.731063630078,18.920242457383,827,4
103.081878774027,18.5661043477903,828,4
102.978386071064,18.6522611200524,829,4
102.904961033519,18.4298409977653,830,4
102.284686956938,18.6686463976973,831,4
102.663222665655,18.6482446930704,832,4
102.286512988656,18.661597865247,833,4
102.438189820021,18.4394749763586,834,6
102.509722031509,18.7316307775499,835,4
102.852915220541,18.7009706942166,836,4
103.14512086955,18.4457710719457,837,4
102.669369262801,18.2502626769113,838,4
103.023728321834,18.2448316885296,839,4
103.149391501864,18.8759443592192,840,4
103.074036291102,18.8518154562437,841,4
102.651975239846,18.7710548313482,842,4
102.872683443748,18.2727615197174,843,4
102.302086247528,18.2313482881124,844,4
102.745946222187,18.5437668963668,845,0
102.458100613808,18.8546491760261,846,4
102.535042238832,18.6260142830081,847,0
103.077324735011,18.3650563044133,848,4
102.296004800225,18.6409614426488,849,4
103.035059838829,18.8140222113746,850,4
102.667045235408,18.5021524180172,851,0
102.53777078195,18.3384193197358,852,0
103.130748544373,18.9472973636597,853,4
102.678902333655,18.9107781142872,854,4
102.235865791874,18.6348459272208,855,4
102.371148246206,18.4438363657121,856,4
102.948891475626,18.9208781388067,857,4
102.536602391654,18.3654414756296,858,7
102.72344613084,18.7845546813205,859,4
102.962444182579,18.9367915764534,860,4
102.413069788469,18.672009102672,861,4
102.837675217427,18.2516025582142,862,4
102.814289405843,18.9280433932075,863,4
102.902084990275,18.2677313242444,864,4
102.546694100425,18.2179626957751,865,4
102.546836653302,18.6369580832046,866,0
102.814844119544,18.834910460665,867,4
102.294461092366,18.4567923168588,868,4
102.408658223791,18.5646206878286,869,4
103.121540115623,18.4724175354565,870,4
103.10332771223,18.5395901615187,871,4
102.239732124851,18.8591703716867,872,4
102.574029216485,18.4177042276632,873,4
103.006829588247,18.4418978487019,874,4
102.499331968607,18.7700411803377,875,4
102.254073862941,18.4304723293386,876,4
103.013925650023,18.6982716494748,877,4
102.482095996822,18.6067039827241,878,4
103.081567244101,18.3010196785182,879,4
102.605323383054,18.3559903430159,880,7
102.693437695663,18.3011189435906,881,7
103.033268591059,18.9417742646244,882,4
102.411285750086,18.4774224566588,883,4
102.596517718314,18.4404436233933,884,4
102.418030323239,18.7761359224943,885,4
102.270396892639,18.9210386316132,886,4
102.748561387448,18.2923062863886,887,7
102.404987968094,18.7147574147722,888,4
102.853355689009,18.8395869396943,889,4
103.138862908621,18.2576543805472,890,4
102.813470985225,18.7855727085539,891,4
103.105873013301,18.6276255672919,892,4
102.310244002882,18.8118749026139,893,4
102.917377012783,18.3824892094553,894,4
103.106139117604,18.7811667197194,895,6
102.399877782969,18.7985235762667,896,4
102.65518799956,18.7035986351851,897,4
102.497636572025,18.6640275436475,898,4
102.553068309334,18.516722008684,899,4
102.848042606703,18.3256526156734,900,4
102.395375708425,18.4358302660089,901,4
103.040089823017,18.3065693137078,902,4
102.638281396532,18.4865243367921,903,0
102.741827042631,18.8038097911896,904,4
102.910147516169,18.9159018456225,905,4
102.381216570039,18.387563112277,906,4
102.885582266362,18.7854746261788,907,4
102.305972159906,18.9418600005196,908,4
102.439030587152,18.2424539914217,909,0
103.050976991752,18.7488712568056,910,4
102.624112393394,18.2885347345894,911,4
102.301542076299,18.9208440306625,912,4
102.680179195488,18.2598296766486,913,7
102.411714765344,18.720894835068,914,4
103.089103331832,18.3412890415019,915,4
102.498535489006,18.4520120713033,916,7
103.063320815174,18.6469792581355,917,4
103.009638550299,18.2260156605644,918,4
103.049405437295,18.4252660194214,919,4
102.818811469102,18.4190409558654,920,4
102.569329789869,18.5864038037577,921,0
102.467670433231,18.4654935780541,922,7
102.884217247698,18.8024108184278,923,4
102.313371036862,18.2376099968312,924,4
102.67975350115,18.8030173212775,925,4
102.966766308535,18.8771990432006,926,4
103.062707492025,18.633663935099,927,4
103.016122352761,18.575746478904,928,6
102.600678211257,18.7821543864714,929,4
102.682870873895,18.9225266773815,930,4
102.429557548186,18.8910569340941,931,4
102.552831155366,18.2649991919028,932,4
102.419613066828,18.7522263197688,933,4
102.277643779846,18.4485293558015,934,4
102.578901816078,18.6832980254111,935,4
103.027129948878,18.2915490967333,936,4
102.318821536409,18.4962507930403,937,4
102.501495187708,18.4743592335929,938,4
103.057583440955,18.7732836410608,939,6
102.64217552593,18.71411073694,940,4
102.334065532819,18.7471598692992,941,4
102.901477934448,18.8180444791601,942,4
102.471175934389,18.3679752436551,943,7
102.293013019222,18.8460718255206,944,4
102.752825806594,18.2321220730941,945,4
103.010007977748,18.2474092427916,946,4
102.456495628928,18.7011444964063,947,4
103.032086502298,18.2152982361204,948,4
102.498277412257,18.7340275071743,949,0
102.965015379768,18.3974093685633,950,4
102.82164514867,18.8274511428752,951,4
102.372437431654,18.5198597897778,952,4
102.709340096583,18.917758257217,953,4
103.082415099039,18.9227629189558,954,4
102.509157851888,18.4776745193046,955,4
102.242304620034,18.589932078254,956,4
102.916126747629,18.7296240849789,957,4
103.117903148306,18.7708922492056,958,6
102.804189580204,18.3787953705579,959,4
103.064854427179,18.7098211590922,960,4
102.778551004369,18.3892698987587,961,4
102.469802980957,18.6085335699913,962,4
103.105868971819,18.7110600751873,963,4
103.144646604923,18.6937150655749,964,4
103.09548346389,18.7976999869188,965,6
102.667909846283,18.3910846142529,966,4
103.074882728948,18.2535759726312,967,4
102.449251391868,18.2478644956492,968,0
102.509524521502,18.2866797863025,969,4
102.363167317774,18.8916205970066,970,4
102.52248945761,18.3797734812799,971,4
102.415792693744,18.6536776094933,972,4
103.133471737262,18.9494430667723,973,4
102.868624751575,18.7669643161981,974,4
102.543885248338,18.8471385792845,975,4
102.655697266582,18.9416049518166,976,4
102.736518081138,18.7745038228271,977,7
102.568085081275,18.3737228409147,978,0
102.94795212558,18.7843145908801,979,4
103.124897359971,18.3522585559977,980,4
102.572701278005,18.8004369879746,981,4
102.263059227806,18.5460785275774,982,4
103.099905231346,18.6232907362471,983,6
102.338168368961,18.7429939675064,984,4
103.012919639684,18.2520600332814,985,4
102.667001164688,18.7948383157863,986,4
102.739068467431,18.4658554684208,987,4
102.996209959803,18.2540179339153,988,4
103.131180643974,18.8479594254574,989,4
103.031157860861,18.3489309704084,990,4
102.44548859654,18.6939219992203,991,4
102.36738739899,18.5324790503312,992,4
102.83495477487,18.5773175445675,993,4
102.208215005319,18.5608871029244,994,4
102.787253304521,18.8958921204759,995,4
102.691259395373,18.3658894500085,996,4
103.127034496084,18.285570582931,997,4
103.048986321895,18.2599374676163,998,4
102.495755285708,18.2416826817791,999,0
102.771762820135,18.3305173548969,1000,4
102.251457047113,18.3671475980562,1001,4
102.898226428481,18.7576492019698,1002,4
102.241154882666,18.5077000019109,1003,4
102.80615855132,18.7886945875321,1004,4
102.737582035974,18.4798413161889,1005,4
102.937862825662,18.8455484208083,1006,4
102.523195179838,18.9394751685127,1007,4
102.799791062654,18.9456030247305,1008,4
102.340319726911,18.7551930764168,1009,4
102.981791585194,18.7661177100848,1010,4
102.811642807783,18.7511516046183,1011,4
102.432407944209,18.4842399820358,1012,7
102.286212505677,18.8692097018405,1013,4
102.707953236292,18.4936182721898,1014,4
102.670912810052,18.3855826379457,1015,4
103.134450795237,18.7095766213246,1016,4
102.560924682001,18.4926544669345,1017,4
103.029250294758,18.3438678432556,1018,4
102.453584515162,18.6275393215953,1019,4
102.992190065887,18.531675571849,1020,4
102.36411563383,18.2037343961856,1021,4
102.552406191998,18.4174552227136,1022,6
102.312800438137,18.8940266155645,1023,4
102.876649889518,18.3169873337783,1024,4
103.013857681666,18.5080688729638,1025,4
102.624671746012,18.7084894072019,1026,4
102.819107753552,18.8465831637047,1027,4
102.869122923431,18.3959026022087,1028,4
102.220847567055,18.3885525719402,1029,4
102.674246422455,18.717591560493,1030,4
102.384093257893,18.7004668390856,1031,4
102.216534338663,18.6697092006081,1032,4
102.478860951063,18.6672317314409,1033,4
103.10950151948,18.8201569530047,1034,4
102.852342925257,18.9517339765692,1035,4
102.2960363841,18.3246027786221,1036,4
102.43490475733,18.9241978409577,1037,4
103.051400367344,18.5169553530279,1038,4
102.927083224314,18.5610887637156,1039,4
102.266048406929,18.2632363912361,1040,4
103.010456360237,18.5253979293477,1041,4
102.810385897678,18.9372421195529,1042,4
102.798922034316,18.2905518347047,1043,4
102.248684468693,18.3013701306046,1044,4
102.736992516963,18.9172565783419,1045,4
102.784808632783,18.6906142723771,1046,4
102.672897704371,18.7394889983015,1047,4
102.369889981125,18.7031507124996,1048,4
102.973303680633,18.8645314650573,1049,4
102.618395710297,18.5465068908281,1050,0
102.467042240545,18.4195400989363,1051,7
102.914769189449,18.8441512281513,1052,4
102.857544020253,18.8639059281817,1053,4
102.95785521097,18.846812211523,1054,4
102.990593989568,18.7538052282042,1055,4
102.516113894761,18.4377968740398,1056,6
102.527260464337,18.821614733444,1057,4
102.655815112355,18.4980345314432,1058,0
102.642943851335,18.4995971087497,1059,0
102.751509244215,18.8932758861061,1060,4
102.778442440451,18.4354816763771,1061,4
102.859354571528,18.2042313965018,1062,4
102.753846117728,18.5961510395077,1063,4
102.700271808797,18.6335736678651,1064,0
102.512139954955,18.2822588227446,1065,4
102.775159228056,18.5374884140245,1066,0
102.919224503032,18.7642324577025,1067,4
103.079483688789,18.4784755331558,1068,4
102.550634444682,18.5192610953534,1069,4
102.592018045965,18.2557861223331,1070,7
102.344209669503,18.8285717133958,1071,4
102.217828501367,18.7676424646073,1072,4
102.855948903537,18.590008414437,1073,4
102.745163411648,18.7608868534854,1074,4
102.398346005563,18.2045322656139,1075,4
102.30596678668,18.9118558556965,1076,4
102.490823138586,18.3829646853968,1077,4
102.312846101278,18.6742832264541,1078,4
102.490020660554,18.6283512604904,1079,4
103.041022067819,18.7504554390708,1080,4
102.677475078234,18.2525947166798,1081,7
102.467931404203,18.7196703914031,1082,4
102.981544693129,18.748289499655,1083,4
102.969506843735,18.819410947522,1084,4
102.505350476237,18.3160819927901,1085,7
102.353162904039,18.2780558925414,1086,4
102.672009359513,18.4048076367959,1087,4
102.239536412539,18.5273543663109,1088,6
102.977738486034,18.4002267744088,1089,4
102.425186323833,18.5206541186185,1090,7
102.275872149067,18.6147285938338,1091,4
102.544018624303,18.6510490182527,1092,0
102.25177317103,18.340376790226,1093,4
102.997277289313,18.6858696395851,1094,7
102.891984948742,18.9043237126245,1095,4
102.772636627138,18.4265645486342,1096,4
102.666773237814,18.3316787956469,1097,4
102.65781845402,18.5721178699297,1098,0
102.44340915984,18.7421255901806,1099,4
102.44300316063,18.8334015280233,1100,4
102.76598357632,18.8091583189313,1101,4
102.816127655273,18.5213503381776,1102,4
102.994691481111,18.8430840209517,1103,4
103.005236340902,18.6020838973978,1104,4
102.586133801197,18.2109823023385,1105,4
102.241640166812,18.490533173747,1106,4
102.981202476343,18.8302657187332,1107,4
103.056424080777,18.8501355785402,1108,4
102.535112827727,18.4409622204081,1109,0
102.528365179485,18.4958794483794,1110,4
102.789277122925,18.790280398906,1111,4
103.121507895319,18.3432886657618,1112,4
102.252387019204,18.8214024478376,1113,4
102.472871866437,18.5731042878042,1114,4
102.284552637313,18.3101721193451,1115,4
103.096282950463,18.2609748316383,1116,4
102.561272294548,18.6556689461109,1117,0
102.86671868224,18.3846483556671,1118,4
102.589073072422,18.2983227970927,1119,7
102.829438428111,18.3319962281564,1120,4
102.848462869728,18.5654730162576,1121,4
102.382214018717,18.2441565643441,1122,4
103.097937224949,18.7950010689544,1123,4
102.380348950604,18.656898807618,1124,4
102.661573894617,18.2069406839402,1125,4
102.434533948319,18.2279847716638,1126,4
102.968676837639,18.4397844190054,1127,4
102.783028263562,18.7664055019686,1128,4
102.615437858793,18.6639107162548,1129,0
102.475026219601,18.3130120489689,1130,4
102.730042978807,18.7069611669561,1131,4
102.638521662793,18.3735874381282,1132,4
102.485426617314,18.6616693432291,1133,4
102.288519254486,18.810229069913,1134,4
102.466215979789,18.6353707987327,1135,4
102.410903334044,18.5070733238924,1136,4
102.318344503781,18.6822528043615,1137,4
102.414949913239,18.8057855022038,1138,4
102.35802258747,18.9292711396697,1139,4
102.504066110582,18.9420517927822,1140,4
102.835460072121,18.398368920492,1141,4
102.545929759506,18.5023765913977,1142,4
102.746769848629,18.6689118929091,1143,4
102.486276394616,18.2983191812699,1144,4
102.971594976201,18.3191445841042,1145,4
103.138343798514,18.3612882964556,1146,4
102.367172465707,18.7728481817052,1147,4
102.751236040071,18.5256948812885,1148,0
102.889027834136,18.4413670525874,1149,4
102.329241832992,18.5749221103705,1150,4
102.668922743191,18.6707303280171,1151,4
102.933439232515,18.3167366249502,1152,4
102.742164930539,18.3250907811164,1153,4
102.838763645337,18.4646721708907,1154,4
102.59586958798,18.3582734783976,1155,4
102.400099914933,18.2789331933068,1156,4
102.998446051499,18.703672678591,1157,4
102.808261900516,18.8214965364688,1158,4
102.782446532474,18.3538599744215,1159,4
102.539566547748,18.3246412330075,1160,0
102.651467121145,18.3720591289913,1161,4
102.294171893055,18.6008499059862,1162,4
102.273144987768,18.5833679367973,1163,4
102.847588935291,18.6298747872543,1164,4
103.098064930778,18.9431914422345,1165,4
102.465016682732,18.6155119573624,1166,4
102.34789848761,18.5594115638921,1167,4
102.516729110877,18.5735436364482,1168,4
103.014447658277,18.4960698087517,1169,4
103.101096898802,18.6979532003967,1170,4
102.246236342864,18.4300381295998,1171,4
102.486471531608,18.7629823672413,1172,4
103.143933062535,18.7876982207054,1173,6
102.937638901218,18.6407871663158,1174,4
102.563754127415,18.5093237105523,1175,4
102.609891926339,18.9091159115851,1176,4
103.144942664267,18.3546579435687,1177,4
102.779528654721,18.9039805368455,1178,4
103.083951788667,18.8104715152522,1179,4
102.431281793545,18.6164170882376,1180,4
102.728461914467,18.6993710821839,1181,4
102.405201896717,18.230878236542,1182,7
102.451560256637,18.6485572266829,1183,4
102.485657297938,18.6872047133509,1184,4
102.636526494824,18.5055698171509,1185,0
102.306192263667,18.417663123738,1186,4
102.565816164906,18.5582453698246,1187,0
102.272450577432,18.5879052657567,1188,4
102.461327949099,18.6610028931447,1189,4
102.700983093174,18.5206494944474,1190,4
102.298996988356,18.819174184925,1191,4
102.949303525535,18.2682923785715,1192,4
102.375143344535,18.8339579905659,1193,4
102.3113623831,18.6504484168843,1194,4
103.087359563621,18.3155451216721,1195,4
102.766485732552,18.2589867979261,1196,7
102.2135149653,18.8574901175787,1197,4
102.641046052965,18.738201879769,1198,4
102.844837186234,18.3105587481952,1199,4
102.588512180361,18.6658694987441,1200,4
102.665985559193,18.4087152812261,1201,4
103.060976916779,18.5079719641311,1202,4
102.305393988521,18.7817463796244,1203,4
103.126673296467,18.9463199717915,1204,4
103.082287677811,18.7223082017037,1205,4
102.413117107972,18.9127774935446,1206,4
102.598443403072,18.8390744435192,1207,4
102.45093189102,18.468276574904,1208,7
102.808988846778,18.8350320385985,1209,4
102.897486195531,18.8474739197214,1210,4
102.32754676001,18.3474980668769,1211,4
102.979877085224,18.2139594806157,1212,4
103.102244833926,18.3211737857232,1213,4
102.579344017202,18.6101903148469,1214,0
102.659216284836,18.8770942038603,1215,4
102.875343191068,18.3168386465016,1216,4
103.033548412941,18.8692157523366,1217,4
102.238702114929,18.242144184347,1218,4
102.959041914654,18.5665442720801,1219,4
102.735890204557,18.3327793250038,1220,4
102.939852258513,18.5012593593123,1221,4
102.53888143632,18.809494184426,1222,4
103.047961449974,18.3745610492692,1223,4
102.371685088858,18.3212770570119,1224,4
103.051522422169,18.9079115519584,1225,4
102.391868944128,18.4070802308015,1226,6
102.871629245738,18.6201323545788,1227,4
102.831298924734,18.8413209267223,1228,4
102.30366864312,18.7160923009578,1229,4
102.694564709436,18.2951476083926,1230,7
102.593242611416,18.8434202084807,1231,4
102.447437231177,18.5828365976041,1232,4
102.23779461059,18.4051931628652,1233,4
102.397422326966,18.6927920671691,1234,4
102.72626029711,18.2403289066445,1235,4
102.419437435425,18.27030710618,1236,4
102.951496427743,18.5361051672084,1237,4
102.495765224385,18.2887041749034,1238,7
103.034425985704,18.2319488386738,1239,6
102.879256378096,18.4436193290184,1240,4
102.456834400094,18.3429135057114,1241,4
102.294487245164,18.9227390598356,1242,4
103.024843271091,18.7141798232662,1243,4
102.665704451084,18.462156317412,1244,0
102.338710242724,18.6582772227232,1245,4
103.066428242532,18.676835555197,1246,4
102.647663498365,18.2733041879027,1247,4
102.690747847131,18.6457849806475,1248,0
102.531896811082,18.3356057562771,1249,4
102.710180821773,18.8919453521066,1250,4
102.250598436672,18.5548782858535,1251,4
102.921453765699,18.909598150392,1252,6
102.772022578288,18.9130220159498,1253,4
102.253545096463,18.2981395779707,1254,4
102.335585587601,18.6804029244802,1255,4
102.506042718797,18.6065806144248,1256,4
102.85707134398,18.4488347391341,1257,4
102.528095544878,18.6359572547424,1258,0
102.313217458279,18.4722733751322,1259,4
102.448322808898,18.655034282595,1260,4
102.409885475177,18.487251982274,1261,4
102.23920667895,18.30812530156,1262,4
102.369299264256,18.5862323099096,1263,4
102.724819910266,18.3624143033007,1264,4
102.345067475592,18.3597644968373,1265,4
103.119836971249,18.5917650762687,1266,4
102.538637256118,18.4918208077709,1267,4
102.26866661735,18.3756081638007,1268,4
103.034794056787,18.321908105163,1269,4
102.320642492821,18.6103758739132,1270,4
103.014597753856,18.8614694267944,1271,4
102.531097450832,18.2682345324273,1272,4
102.769815305746,18.2034996216345,1273,7
102.476247156933,18.3404353074527,1274,4
102.746969744693,18.3167196376835,1275,4
102.290687517294,18.7518169073189,1276,4
102.60188742087,18.8911216851348,1277,4
102.563970094293,18.7009204076868,1278,4
102.210227651438,18.4098628721869,1279,4
102.251989920544,18.3385464028763,1280,4
102.781939548141,18.2431145179577,1281,4
103.05871269151,18.3565241792563,1282,4
102.277849004372,18.6102428757554,1283,4
102.852054443499,18.5894890720523,1284,4
102.544856152455,18.7818167826777,1285,4
102.535474699794,18.5746668077812,1286,4
103.025802423655,18.8656999553864,1287,4
102.962863176137,18.7903542429993,1288,4
102.743528170161,18.8560079691109,1289,4
102.911873053897,18.7821298851339,1290,4
102.868935052993,18.4758397412965,1291,4
103.129820813486,18.7634689765396,1292,6
102.706553974469,18.9478411650355,1293,4
102.205395022368,18.5662131062178,1294,4
102.418100497848,18.7926660840265,1295,4
102.434021735859,18.3482448904427,1296,4
102.381991880038,18.6073539824224,1297,4
102.979803500057,18.2194064820704,1298,4
103.067468370127,18.5442124801019,1299,4
102.638506499844,18.5102706450206,1300,0
102.719478287372,18.3368511979191,1301,4
102.207068165842,18.6227320405971,1302,4
102.755433419599,18.3233790397993,1303,4
103.139907819685,18.3275930986642,1304,4
102.638125667897,18.8824514262645,1305,4
102.627247495442,18.4935560935021,1306,4
102.634605091447,18.52200635281,1307,0
102.449718297477,18.2365819488189,1308,0
102.442959144868,18.4081841411,1309,4
102.239650344879,18.5429142898353,1310,4
102.920269737768,18.4230144369206,1311,4
103.13062113143,18.4663835156712,1312,4
102.48415831621,18.6372940604642,1313,4
102.281785977782,18.3379719037535,1314,4
102.425780759633,18.6845820440036,1315,4
102.731796649267,18.6738835306658,1316,0
102.534551399456,18.4756963808767,1317,4
102.681142961252,18.6930072623477,1318,4
102.807752088391,18.7496755860611,1319,4
103.020979307587,18.5695577608998,1320,4
102.945027558297,18.5004296541927,1321,4
103.037654573394,18.7984182923262,1322,4
102.441563003853,18.7410317405379,1323,4
102.711430301663,18.3766108880923,1324,4
102.349480429032,18.7657031043439,1325,4
102.814894420487,18.7592081541212,1326,4
102.587021413938,18.8345669419012,1327,4
102.362735089189,18.6123824950652,1328,4
102.393760454267,18.3328865654229,1329,4
102.275090537879,18.8459143078132,1330,4
102.678478770042,18.5854244340714,1331,0
102.413230736157,18.2348755173655,1332,7
102.891598171646,18.4077158388388,1333,4
102.237171529936,18.3556689063808,1334,4
102.988395782526,18.2127732647327,1335,4
102.206337927736,18.4566097888365,1336,4
102.398246735081,18.8189955567012,1337,4
102.609977840603,18.9084395931496,1338,4
102.624848007587,18.8836437499062,1339,7
102.893955790803,18.3534682539188,1340,4
102.833878414522,18.3424384855922,1341,4
102.661612072544,18.6125261998299,1342,0
102.66666994388,18.638787296349,1343,4
102.579098764421,18.3129433256622,1344,7
102.264019851478,18.2406234301486,1345,4
103.084450161147,18.3539823703563,1346,4
102.639208040579,18.7935769795338,1347,4
102.377113336517,18.8266232384334,1348,4
102.600573579838,18.7779620701563,1349,4
102.810920779919,18.3409081556163,1350,4
102.869189146808,18.2140853740197,1351,4
102.49396727973,18.8731734244282,1352,4
102.926855165948,18.7534028195276,1353,4
102.742231631046,18.7988348589896,1354,4
102.276403660747,18.3481368028722,1355,4
102.6951897567,18.5099509564962,1356,4
102.548142159699,18.791704476829,1357,4
102.380583649847,18.839008999291,1358,4
103.10465131008,18.7404584228125,1359,7
103.076093666014,18.6821569391704,1360,4
102.270806969229,18.9506993749375,1361,4
102.26856447109,18.2273905176747,1362,4
102.997655074107,18.5397718094349,1363,4
102.380683566244,18.6956545370986,1364,4
102.966230999145,18.6473931526844,1365,4
102.689360183987,18.329415655229,1366,4
102.819808133988,18.8513440451618,1367,4
102.308234042298,18.596310067606,1368,4
102.83562851178,18.4230965485493,1369,4
102.236203282776,18.7064083040527,1370,4
102.755653944043,18.7121744540419,1371,4
102.63934100941,18.4307203427619,1372,4
102.393850746834,18.874005308712,1373,4
102.25622387007,18.2357429825706,1374,4
102.495626470764,18.7111072514364,1375,4
102.974758053551,18.3846824665972,1376,4
102.774586555412,18.7390850392254,1377,4
103.033491922693,18.620294174716,1378,4
102.370056854001,18.43300482476,1379,4
102.866848857316,18.2473906549249,1380,4
102.201685509371,18.6358062822643,1381,4
102.826266356308,18.6901836898365,1382,4
102.551706053223,18.6552528283465,1383,0
103.04729716609,18.5298313844573,1384,4
102.982868726155,18.2499307674981,1385,4
103.023983230708,18.4721249057822,1386,4
103.127491191318,18.403478343481,1387,4
102.373163500549,18.9018933159661,1388,4
102.333957676286,18.7917742926492,1389,4
102.751198358357,18.3209155063515,1390,4
102.220978510457,18.9272371490296,1391,7
103.044924776445,18.3707127067162,1392,4
102.218618075257,18.4815385864865,1393,4
103.00637814319,18.6178718802946,1394,4
102.917618170309,18.5143564840566,1395,4
102.270310762482,18.3861131279633,1396,4
102.369479520893,18.4466582785242,1397,4
103.028992760518,18.3617264184515,1398,4
103.13244092731,18.2929634567739,1399,4
102.796866936115,18.8275380415512,1400,4
103.109498130453,18.2780423500455,1401,4
103.061308450731,18.3667309999399,1402,4
102.823036388544,18.2961698172103,1403,4
102.477728039524,18.2719642445147,1404,7
102.284189649095,18.3847877740216,1405,4
102.309642327496,18.8683062331092,1406,4
102.482190719771,18.66532515895,1407,4
102.425374311912,18.6450050092445,1408,4
102.343932916085,18.240234946372,1409,4
102.449849723729,18.7723603029285,1410,4
102.30617730446,18.9357051609369,1411,4
102.814468704817,18.8748516549106,1412,4
102.405451191512,18.6238800196598,1413,4
103.112981926582,18.4565393412159,1414,4
102.80563010305,18.3087344044723,1415,4
102.664847591817,18.4515924619892,1416,0
102.740901779238,18.6959490836074,1417,4
102.645602728283,18.2598249374064,1418,4
102.322501221031,18.8927395119275,1419,4
102.714338897087,18.6794466796608,1420,4
102.977357613592,18.2458633875662,1421,4
103.092317063983,18.578034923304,1422,4
102.80092021629,18.4562545691469,1423,4
102.382653003023,18.5381720153349,1424,4
102.727628787576,18.8207338080397,1425,4
102.616403532937,18.4585634775921,1426,0
102.727292921659,18.8267019823494,1427,4
102.937085948267,18.2276322123468,1428,4
102.355150118437,18.6732042571371,1429,4
103.00008878755,18.6343085289572,1430,4
102.2759100677,18.7507419405114,1431,4
102.442559806645,18.870237339386,1432,4
102.462669062426,18.649545141505,1433,4
102.888856860976,18.458834331061,1434,4
102.559996010055,18.3526385114909,1435,4
102.519216943954,18.7595157473347,1436,7
102.748021905621,18.4644291301447,1437,4
102.936284428198,18.7956593861678,1438,4
102.999606011449,18.8265541468584,1439,4
102.757040012016,18.5642615149453,1440,4
102.910529666263,18.2751517988058,1441,4
102.301249165429,18.5375496477696,1442,4
102.417115033039,18.732355445029,1443,4
102.235131147206,18.376525732383,1444,4
102.241617146408,18.2063471824226,1445,4
102.238798336836,18.7812041613278,1446,4
102.482173269024,18.6741409462704,1447,4
103.002160588049,18.4740718850647,1448,4
102.375356073021,18.3224456138561,1449,4
103.053976932228,18.9435436756167,1450,4
102.577212360966,18.3912345621207,1451,7
102.257852962528,18.6702601860942,1452,4
103.089538995964,18.5556228999362,1453,4
102.593404321106,18.4718886520162,1454,4
102.926134219487,18.8072544027792,1455,4
102.427336962082,18.7329281885133,1456,4
102.983765693764,18.9488282513649,1457,4
102.610124501187,18.2078069595942,1458,7
102.91647123581,18.2906603706429,1459,4
102.476485815105,18.6756623009615,1460,4
102.260649575592,18.3149753521503,1461,4
102.595140991639,18.8503533061958,1462,6
102.465885271447,18.7736339759048,1463,4
102.290427310453,18.4098736547506,1464,4
102.423586802487,18.2489964917267,1465,7
102.89572452486,18.5260666713738,1466,4
102.214735168553,18.5386465443871,1467,4
102.318063552433,18.6871865906312,1468,4
102.234816954528,18.902050324702,1469,4
102.732573275517,18.3382301288341,1470,4
103.117809226643,18.2132962924802,1471,4
103.111277564979,18.4804600030167,1472,4
102.60337134761,18.5880216996277,1473,0
102.377855494253,18.4580399397686,1474,4
102.507778780122,18.5751205555419,1475,7
102.421566428655,18.5314092628599,1476,4
103.043895052781,18.356026592286,1477,4
102.689180984807,18.6266911896131,1478,0
103.052493919607,18.7653010489358,1479,6
102.446089061642,18.2496730743756,1480,0
102.59180463586,18.3102923410546,1481,7
102.297808215579,18.5773934922762,1482,4
102.844820710361,18.6943753145374,1483,4
102.620464602054,18.8532334555591,1484,4
102.217026813166,18.3191652679151,1485,4
102.386125029051,18.5889700950593,1486,4
102.343187018408,18.21823870715,1487,4
102.463784119987,18.7673910897001,1488,4
102.480427421047,18.8854340556853,1489,4
103.007801410219,18.568167946857,1490,4
102.541162228283,18.8575321924516,1491,4
102.823553088758,18.205293902506,1492,4
102.439345611149,18.2493196715105,1493,0
102.524420449962,18.772440928465,1494,4
102.269728424907,18.5801223662729,1495,4
102.237556845681,18.7738052752056,1496,4
102.735697238991,18.5889924400043,1497,0
102.516389002314,18.6129865370012,1498,4
103.119346045362,18.4037723856626,1499,4
102.584251859257,18.3563405437753,1500,4
102.397004271987,18.7636809113911,1501,4
102.910487079512,18.9385068401075,1502,4
102.964389721703,18.826364255169,1503,4
102.631599690995,18.4228658362392,1504,4
102.329897182081,18.2009763763735,1505,4
102.275889217127,18.9308772439076,1506,4
102.725037874896,18.5317731472774,1507,0
102.675948333307,18.3082570370843,1508,7
102.759991752733,18.5067848304183,1509,4
102.806076613804,18.4883310747851,1510,4
102.279634950189,18.4160874983538,1511,4
102.219514166105,18.4404198918738,1512,4
102.332288497671,18.2788722916303,1513,4
102.577174411207,18.9331097442959,1514,4
102.675787069524,18.8240104036838,1515,4
102.566265708842,18.8578545612202,1516,4
102.797170451677,18.2235834918921,1517,4
103.021014398412,18.8357782359155,1518,4
102.921521380864,18.7418636553755,1519,4
102.962088148457,18.9147263814767,1520,6
103.047040196945,18.6444712102528,1521,4
102.481583158246,18.4048553459942,1522,4
102.375446402913,18.5117885994837,1523,4
102.578533811081,18.3022478960896,1524,4
102.569364366451,18.6847134895905,1525,0
102.866941789227,18.8815456709481,1526,4
102.407116403828,18.8395216314675,1527,4
103.018177166685,18.5693050945023,1528,4
102.787629850575,18.7962457053833,1529,4
102.289865544453,18.6210475939271,1530,4
102.4577072537,18.3227256657805,1531,7
102.648289964102,18.6248457699904,1532,0
102.644342518621,18.8227797913807,1533,4
102.371860298679,18.6537766957364,1534,4
102.324052434593,18.5595358224323,1535,7
102.795043132281,18.4340678894444,1536,4
102.450450496235,18.6537936499579,1537,4
102.570354179123,18.50903918946,1538,0
102.552694929384,18.2944338687617,1539,4
102.959789495289,18.4257369162533,1540,4
103.048324502054,18.6820808033205,1541,4
102.251196842838,18.6924888856851,1542,4
102.769849256149,18.8517493430565,1543,4
102.433481336693,18.6982047379285,1544,4
102.794877693045,18.8086191637201,1545,4
102.959789527855,18.224866457894,1546,4
102.903793591176,18.4407098636626,1547,4
102.594173017021,18.6841465095957,1548,4
102.63261794053,18.7103870034964,1549,4
103.073576052545,18.5454775215416,1550,4
102.829243691421,18.8358855977605,1551,4
102.826611623544,18.4281961405297,1552,4
102.815802904203,18.2835745021619,1553,4
102.528424889235,18.3639229719307,1554,7
102.60263100682,18.3798996930518,1555,4
102.2229025957,18.6385880259644,1556,4
102.317244871471,18.645485084126,1557,4
102.8677499775,18.504832728478,1558,4
102.385611232144,18.3932642312315,1559,4
102.405624215588,18.233222399946,1560,6
102.363496616775,18.6677426824294,1561,4
102.333454375669,18.2525305296836,1562,4
102.63042200455,18.8108582163528,1563,4
102.761117244028,18.8924940922978,1564,4
102.210990563647,18.244680979339,1565,4
103.08131879487,18.4663748686242,1566,4
102.251364236728,18.909879584309,1567,4
102.896515762771,18.2489527230186,1568,4
102.868718203164,18.4865337487818,1569,4
102.335594615617,18.3170700377046,1570,4
102.411177208148,18.206923519918,1571,4
102.939902283596,18.5077377441614,1572,4
102.306348617762,18.2694181410216,1573,4
102.349443727958,18.3690943455276,1574,4
102.892548507696,18.5482797921671,1575,4
102.200511676676,18.5144334602743,1576,4
102.282660575544,18.5099201248031,1577,4
102.312388056787,18.8702276342905,1578,4
103.087658168809,18.4502143318379,1579,4
102.216421024479,18.6363474009585,1580,4
103.1499378799,18.2206642297074,1581,0
102.736169990274,18.772318809834,1582,7
102.838286457555,18.3685231779132,1583,4
102.964171366675,18.7381628018913,1584,4
102.978782438097,18.8873276989157,1585,4
102.682051239903,18.9502454928019,1586,4
102.969188426297,18.303520643991,1587,4
102.411526764469,18.4643552178485,1588,4
102.431267168997,18.7002347614948,1589,4
102.264788680064,18.4532646457913,1590,4
102.888322246569,18.7827137544296,1591,4
103.056670014457,18.2053861739141,1592,4
102.387140122152,18.7050699489896,1593,4
102.395116692007,18.2157255609208,1594,4
102.216051210663,18.589379397902,1595,4
102.644287866964,18.5596613600948,1596,0
103.089502674956,18.8195727686745,1597,6
103.048035801547,18.6252654348423,1598,4
102.342132169661,18.220623299288,1599,4
102.393916069636,18.2439512980879,1600,4
102.376801992901,18.3804040059361,1601,4
103.088222499999,18.333789162266,1602,4
102.626002579471,18.3808270336588,1603,4
102.8671118418,18.3722469573353,1604,4
102.648154885863,18.8534515689977,1605,4
102.708106486789,18.6032461813174,1606,0
102.619783383146,18.5200458089942,1607,0
103.058660243759,18.5947320457462,1608,4
102.352759875353,18.416333613975,1609,4
102.319661098594,18.5469366538682,1610,7
102.828015253338,18.6103369337221,1611,4
102.610469405863,18.7630919700416,1612,4
102.298579148894,18.9212022018184,1613,4
102.256743497408,18.6771745091966,1614,4
102.949233106883,18.7371100671652,1615,4
103.065847004409,18.2554064665607,1616,4
102.508010789378,18.4452088910519,1617,7
102.82105752171,18.5769726328287,1618,4
102.74370756728,18.3364598887278,1619,4
102.808560077745,18.7913084022986,1620,4
102.447714020195,18.6513825796075,1621,4
102.601873830394,18.6566397078492,1622,0
102.628407427396,18.3761070304949,1623,4
102.512422424387,18.3651607571517,1624,6
102.582037286284,18.5547897830678,1625,0
102.27857562059,18.8330326064923,1626,4
102.243110493405,18.5888322711785,1627,4
102.62335344438,18.8495341363881,1628,4
102.508530254257,18.5868537580322,1629,4
102.22951688668,18.4103980905679,1630,4
102.793121013982,18.3544992131828,1631,4
102.27942982915,18.7551657486367,1632,4
102.564977147913,18.6809755889631,1633,0
102.568061411116,18.6452338976543,1634,0
102.527591864848,18.2952098743562,1635,4
102.543751046173,18.5900525842277,1636,4
102.89681510776,18.3958969557447,1637,4
102.897805913999,18.482605692701,1638,4
102.319142119852,18.9372608860497,1639,4
102.459327570674,18.5750535615382,1640,4
102.242213912557,18.6204615162021,1641,4
102.199021571684,18.3552098078766,1642,4
102.933714966185,18.2242247359332,1643,4
102.521623471655,18.2055733526415,1644,7
102.49253881826,18.7224975881866,1645,4
103.148944278315,18.2859171653207,1646,4
102.827682124699,18.3669407990257,1647,4
102.631305635835,18.3111598264971,1648,4
102.973341170321,18.5332754134287,1649,4
102.920814832195,18.4384301284478,1650,4
102.795328676917,18.6699813543648,1651,4
103.147748376952,18.4858918903803,1652,4
102.829574554625,18.7863364204291,1653,4
102.950376819245,18.6170931947024,1654,4
102.53106795555,18.3641496903317,1655,7
102.658878663932,18.4397884235768,1656,4
102.732055516342,18.4990525588773,1657,4
102.928033902605,18.5890386684717,1658,4
103.046932004511,18.2494028911112,1659,4
103.087559387174,18.3612293757987,1660,4
102.482457807639,18.8179994318491,1661,4
102.550529301327,18.4927293973051,1662,4
102.736099521841,18.5245703518914,1663,4
102.945401268842,18.6732269958272,1664,4
102.607153724195,18.2543679052331,1665,6
102.424209970353,18.8131502643107,1666,4
102.436152491719,18.2516171732422,1667,0
102.714542322515,18.6074359491409,1668,0
102.665524437863,18.7081465593182,1669,4
102.851887885426,18.4913635079417,1670,4
102.415798252418,18.5022126840056,1671,7
102.626002915885,18.368294024823,1672,4
102.501545049293,18.756490510663,1673,4
103.142276912201,18.3798619698187,1674,4
102.614080841066,18.5828072045109,1675,0
102.265560755863,18.5749059759991,1676,4
102.917791135596,18.9227778321734,1677,6
102.356120351345,18.487424869518,1678,4
102.290320134996,18.53110628346,1679,4
102.750707471716,18.2134060523018,1680,7
102.421471228357,18.9035488895952,1681,4
102.282755946718,18.8716334700163,1682,4
102.41734851714,18.936746160037,1683,4
102.720305882862,18.3555175398274,1684,4
102.561180282155,18.9244912939392,1685,6
103.032570685382,18.6086783826915,1686,4
102.594321929147,18.830710231338,1687,4
102.336890277271,18.5790676892628,1688,4
103.110205926786,18.4767779000911,1689,4
103.004414196355,18.5558109347555,1690,4
102.281808431908,18.8034596921721,1691,4
103.111287290235,18.2498110844338,1692,4
102.689163151807,18.6840102675902,1693,4
102.280218371825,18.7505457086392,1694,4
103.008004250384,18.4602355645274,1695,4
102.915098785746,18.6342818923144,1696,4
102.233618779414,18.4926911042666,1697,6
103.046557618817,18.7854919313279,1698,4
103.117136062744,18.6852715639004,1699,4
103.052180357507,18.607713006378,1700,4
102.693598163465,18.5952622259618,1701,0
103.13417789169,18.2076516496104,1702,4
102.348513676834,18.4526041771426,1703,4
102.344966332659,18.6686814095072,1704,4
102.496594670619,18.8067906340754,1705,4
102.736356757271,18.7583153577804,1706,4
103.045327228381,18.2072140641497,1707,4
102.228891572733,18.409773142996,1708,4
103.097794038439,18.9124787930933,1709,4
102.775141812237,18.684156339215,1710,4
102.914180724939,18.8668320601426,1711,4
102.629115461238,18.3992335324353,1712,4
102.761699508506,18.2303029901975,1713,4
102.729071436467,18.7369911482423,1714,4
102.524340665398,18.9468672089436,1715,4
102.71018305268,18.5792275283234,1716,0
102.231312352348,18.7339498149649,1717,4
102.722289689441,18.6020299187368,1718,0
102.685711308693,18.7886256634349,1719,4
102.503399084311,18.3392386182596,1720,6
102.360047357969,18.6420444168196,1721,4
102.670183854747,18.4604665913766,1722,4
103.041451652247,18.8803294293642,1723,4
102.863516013057,18.817083158067,1724,4
102.647371729348,18.5187837458653,1725,0
102.847230204966,18.4959428901017,1726,4
102.485328252721,18.883662944498,1727,4
102.266280255003,18.2096016364205,1728,4
102.908894819644,18.3660222644638,1729,4
102.473410051132,18.74560764005,1730,4
102.567124146889,18.357943836504,1731,4
102.71485215895,18.4600357022685,1732,4
103.099983889358,18.9495800052637,1733,4
102.607484784491,18.4414579527619,1734,4
102.226867729427,18.9496609621981,1735,7
102.623546631691,18.6627612049709,1736,0
102.811603601524,18.5391338793898,1737,0
102.307148907112,18.215631780952,1738,4
102.391111471625,18.2789302572852,1739,4
103.048406457875,18.279547342329,1740,4
102.715949547608,18.2185742121091,1741,7
102.656776174381,18.6020193661396,1742,0
102.620095968951,18.3681418632617,1743,4
102.333233220787,18.8445919810974,1744,4
102.887499471977,18.4210489928444,1745,4
102.308670612992,18.9295365094089,1746,4
102.732580684795,18.4243278253759,1747,4
102.294696969915,18.7205312142674,1748,4
103.088153054502,18.8212833092595,1749,6
102.644051339662,18.5077639489459,1750,0
102.272256974244,18.4421288120417,1751,4
102.74607835536,18.541564968497,1752,0
102.652671253026,18.4115423059927,1753,4
102.294088157147,18.4396080727642,1754,4
102.43747710998,18.711029559507,1755,4
102.508244503894,18.3740061281469,1756,4
102.268241370032,18.7750311457788,1757,4
102.446617060609,18.3849243439696,1758,4
102.604325451558,18.3054962787454,1759,4
102.499790235769,18.799596102979,1760,4
102.832421793636,18.3818873687534,1761,4
103.058241100121,18.5622997867996,1762,4
102.438965574115,18.6117479008306,1763,4
102.323551662223,18.7266546498964,1764,4
102.332959347974,18.5346290625334,1765,4
102.427405606145,18.4900275077112,1766,6
102.221271697287,18.35608608431,1767,7
102.33637951108,18.9088416456756,1768,4
102.924079465114,18.6604383185372,1769,4
102.298740517971,18.6767321457909,1770,4
102.778906839541,18.449019842262,1771,4
102.746654959777,18.8525688947171,1772,4
102.644672411298,18.6749499665576,1773,4
102.208631840351,18.3326202624981,1774,7
102.87905657056,18.9272842366871,1775,4
102.295369174961,18.3596487822002,1776,4
102.6249560741,18.6938902227779,1777,4
102.222352688117,18.5457297300946,1778,4
102.492735072416,18.2643704296591,1779,4
102.867013879686,18.7501834688093,1780,4
102.394185591737,18.6074306680609,1781,4
103.090523752535,18.3620039477872,1782,4
102.685104454908,18.7388434185143,1783,4
102.209262447538,18.6312079112667,1784,4
103.050013671157,18.7917333068284,1785,6
102.41480129933,18.4014595036742,1786,6
102.241976398534,18.6336187895665,1787,4
102.981646692727,18.7689644572492,1788,6
102.834953387847,18.5385709842879,1789,4
103.063544767718,18.8999814506013,1790,4
102.913091216146,18.8898536494917,1791,4
102.9252680636,18.4985967193122,1792,4
102.886663099196,18.2066737101459,1793,4
102.828336236829,18.4052708404577,1794,4
102.467148221252,18.7857603362979,1795,4
102.983215192825,18.413927946914,1796,4
102.664649825788,18.3385857448245,1797,7
102.680050877259,18.5846744606904,1798,0
102.475035789308,18.2958845743204,1799,6
102.761761905049,18.5609395668413,1800,4
102.919999776729,18.6089194824341,1801,4
102.644354432475,18.2252570050087,1802,6
102.364187941044,18.6447462714785,1803,4
102.388684648894,18.8973267004991,1804,4
102.561330968347,18.8626164659698,1805,4
102.206124442632,18.2836267954651,1806,4
102.611774588525,18.726338325537,1807,4
102.805471370912,18.5654315851859,1808,4
102.23039097047,18.840653063486,1809,7
102.452619999194,18.6574631131319,1810,4
102.595841297675,18.280055058645,1811,7
102.219668820165,18.7816526705804,1812,4
102.801297871237,18.8948903321686,1813,4
102.389905442115,18.3055823648016,1814,4
102.473927621565,18.8738385456535,1815,4
102.546541582704,18.8251356537844,1816,4
102.580580111917,18.3578502501466,1817,7
103.074541681482,18.4734285038628,1818,4
102.863666102158,18.3858129946491,1819,4
102.467222632236,18.2664240465975,1820,6
103.112105061391,18.8673445930865,1821,4
102.694352391147,18.3221091334924,1822,4
103.103827683705,18.6799034342776,1823,4
103.029133760206,18.687675209287,1824,4
102.816394896579,18.8971786013708,1825,4
102.386106060829,18.515401778583,1826,4
102.255702002164,18.6726418836333,1827,4
102.245115534245,18.2899012439722,1828,4
103.019475869136,18.6410907317408,1829,4
102.398942648005,18.2667438437234,1830,4
102.684703288426,18.8770146630646,1831,4
102.755198778648,18.7238208682356,1832,4
102.43006500744,18.7656947336532,1833,4
102.702969370539,18.4885976327688,1834,4
102.428333953653,18.2650038385323,1835,0
102.720182860686,18.6030510233002,1836,4
102.941495656588,18.3556953013624,1837,4
102.217322740764,18.9271289895401,1838,4
102.538120893524,18.6072896427288,1839,4
102.345770215831,18.3004043769431,1840,4
102.248842428526,18.7534800299421,1841,4
102.28265928826,18.5258242043987,1842,7
102.378656727525,18.8152167447614,1843,4
103.029929577344,18.8107894472874,1844,4
102.199139970421,18.3372448583597,1845,7
102.884109010535,18.7760421562392,1846,4
102.629024881689,18.2195499470076,1847,4
102.668732572874,18.4408467427475,1848,4
102.856681854956,18.719979399761,1849,7
102.70809707177,18.8717584674725,1850,4
102.875957807304,18.495814878132,1851,4
103.081757209893,18.4166739471319,1852,4
102.678467548817,18.7940110238027,1853,4
102.568218457171,18.2575697133431,1854,7
102.225721212245,18.6556973299625,1855,4
102.9323500275,18.9175500743923,1856,6
102.544079272202,18.7832928665561,1857,4
102.258713946601,18.8937221174475,1858,4
102.699117834545,18.8980763779605,1859,4
102.444205642033,18.5222992005812,1860,7
102.298173692634,18.618854915499,1861,4
102.752096288607,18.5371004404845,1862,0
102.616645685188,18.7150748513937,1863,4
102.802660101783,18.7729658649418,1864,4
102.95346216062,18.2145466768533,1865,7
102.855906744696,18.9009242239625,1866,4
103.140167614888,18.6274846932034,1867,4
102.706383970259,18.5780040012299,1868,0
102.297123505356,18.5004859969478,1869,4
102.409281968663,18.465573186249,1870,4
102.956999688672,18.646323199319,1871,4
102.625611325379,18.5939031910634,1872,0
103.021890572784,18.2883574264175,1873,4
102.397440726582,18.6021335762477,1874,4
103.091613139963,18.8799547603151,1875,4
102.616960262517,18.254007560823,1876,7
102.688494853863,18.381297160863,1877,4
102.305835952779,18.3608929112447,1878,4
103.080695900713,18.3288816527192,1879,4
102.217308874684,18.4204184583905,1880,4
102.432499857893,18.9094233513547,1881,4
102.405045484976,18.7517874661613,1882,4
102.958774637179,18.9081615977154,1883,6
102.606365942932,18.7090052899081,1884,4
102.331972085864,18.4561682556635,1885,4
103.021355937978,18.6810818364444,1886,4
102.291468913342,18.5897676470734,1887,4
102.705884650187,18.6042467231273,1888,4
102.43449788897,18.3999269676877,1889,4
102.442949847472,18.7659965299237,1890,4
103.017812857282,18.9329877869643,1891,4
102.76469540083,18.9244304830164,1892,4
102.334286434579,18.583009544354,1893,4
102.991113910561,18.5389125026594,1894,4
102.996792955527,18.2793175413817,1895,4
102.3914637497,18.8981695807859,1896,4
102.700816615704,18.8458921337068,1897,4
102.667830228141,18.6674205214864,1898,4
102.354612933884,18.6767282859084,1899,4
102.877387080845,18.5441695657013,1900,4
102.250151457198,18.9492131886138,1901,4
102.851405161435,18.9086368463366,1902,4
103.092943123246,18.881746319097,1903,4
102.648726878758,18.6359166810768,1904,7
103.062736604118,18.9347356331727,1905,4
103.04617142316,18.2196954191457,1906,4
103.09871379811,18.31485049803,1907,4
102.797765365049,18.905133089741,1908,4
102.888588283064,18.4341861449449,1909,4
103.001321544447,18.6466381766297,1910,4
102.97253462375,18.8729724824137,1911,4
102.450818824269,18.9196506121281,1912,7
103.066887624421,18.3695937048115,1913,4
102.845726468932,18.936146984322,1914,4
102.611224438542,18.6023734077487,1915,0
102.379925697788,18.8751729469938,1916,4
102.747841604283,18.4756216510004,1917,4
102.655722725591,18.8715668882387,1918,4
102.523419165801,18.4033525333146,1919,7
102.650462539288,18.5319659321876,1920,0
103.046340483174,18.8940376498859,1921,4
102.369038365037,18.6260576786909,1922,4
102.987272706716,18.4304166385459,1923,4
103.005371199412,18.7798142441753,1924,4
102.663074451006,18.3854847421501,1925,4
102.741092879591,18.5661814367755,1926,0
102.19998415179,18.3716118074893,1927,4
102.356964069619,18.8446426137591,1928,4
102.710986808748,18.632042142123,1929,4
102.831076340476,18.9289258063182,1930,4
102.667212924159,18.4998252421265,1931,0
103.137083653087,18.8849581201158,1932,4
102.829728343367,18.3021677306026,1933,4
102.558689635927,18.9148066888357,1934,4
102.64353147962,18.9322664966436,1935,4
103.047172110707,18.6736873459498,1936,4
102.997572394057,18.9123886052853,1937,7
102.909612079852,18.3586051697027,1938,4
103.092000293856,18.4630822792762,1939,4
102.905338281104,18.7836806781952,1940,4
103.027544003691,18.4765827415386,1941,4
102.340984621415,18.7174389878873,1942,4
102.759484515843,18.2387564428543,1943,7
102.524207186987,18.2556266694282,1944,4
102.476548079685,18.5336715802581,1945,7
103.09498092655,18.8562049367918,1946,6
103.02242587983,18.8783795894827,1947,4
103.091399920779,18.3039418911196,1948,4
102.292802632349,18.678586217181,1949,4
102.281160359497,18.4837337501918,1950,4
103.014418334608,18.639192329499,1951,4
103.089128372363,18.2923876809718,1952,4
102.894793759312,18.2164678855664,1953,4
102.995265229097,18.8135241975476,1954,4
102.569639326705,18.5908994482677,1955,0
103.024363869768,18.2398373081704,1956,7
103.030871447496,18.6445916119549,1957,4
102.941403326766,18.2219968836335,1958,4
102.555394899954,18.8094583818483,1959,4
102.658974846042,18.7109981419267,1960,4
102.528567098103,18.4037425766042,1961,7
102.330389948034,18.8177423668777,1962,4
102.399517547358,18.7576096895321,1963,4
102.556137617327,18.3255283576256,1964,4
102.85821331238,18.8388102101123,1965,4
102.831584302228,18.303548720582,1966,4
102.788707142732,18.4175784976016,1967,4
103.070694609913,18.4944052127555,1968,4
102.744012786444,18.2028058255073,1969,6
102.786005715367,18.8664754576074,1970,4
102.307840157354,18.6193978710246,1971,4
102.775829571167,18.3679861522541,1972,4
103.021380033511,18.5519666962241,1973,4
102.930599424432,18.6446040791165,1974,4
102.529293870734,18.4988242653783,1975,4
102.322848414329,18.3268914354108,1976,4
102.399729761786,18.2442821464676,1977,7
102.941217706821,18.6172599034066,1978,4
103.130929825663,18.4031851416654,1979,4
102.897600772539,18.5403423647832,1980,4
102.248276040844,18.4926075140296,1981,4
102.670407396705,18.4781352971086,1982,0
102.619680763501,18.3081029950046,1983,4
102.481234575324,18.5277447404274,1984,4
102.202432554333,18.8564481460549,1985,4
102.50533587407,18.5698834494293,1986,4
102.216239841553,18.7505825841153,1987,4
102.533836438166,18.895705199036,1988,4
102.251438399658,18.3408550683737,1989,4
102.974709983697,18.5265123260506,1990,4
102.837870241969,18.5665462364012,1991,4
103.074327892471,18.574851689159,1992,4
102.532678644523,18.6216534661245,1993,0
102.867554849345,18.7919527123323,1994,4
102.377096323909,18.2185796350223,1995,4
102.446850010509,18.7414283011556,1996,4
102.670364797047,18.6721125112709,1997,4
102.396401094476,18.3821655297734,1998,7
102.679510565369,18.3612439806948,1999,4
102.70240674594,18.5935555864408,2000,0
102.595527818927,18.2409217475009,2001,7
102.439504473315,18.2905832657734,2002,7
102.667368528077,18.7629648991694,2003,4
102.731433171222,18.6344026136315,2004,4
103.032225781257,18.8199872088023,2005,4
102.53613191212,18.2856704427352,2006,4
102.674258189826,18.8163102162422,2007,4
102.552938559397,18.3363785703264,2008,4
102.809768874321,18.4205489303063,2009,4
102.962160144868,18.2392701076213,2010,4
102.408187849433,18.311339707576,2011,4
102.255593837059,18.7854741611357,2012,4
103.044089597359,18.8990588095299,2013,4
102.555500614946,18.8628939985953,2014,4
103.123780384887,18.8670405893471,2015,4
102.305377311766,18.3447283142545,2016,4
102.218813569879,18.2618490483513,2017,4
102.259173826625,18.6863378526406,2018,4
103.011143734194,18.3028809530952,2019,4
103.064672481365,18.2876919908607,2020,4
102.582207761966,18.558200075681,2021,0
102.480694409402,18.3396278855546,2022,4
103.101005244783,18.7493344795091,2023,6
102.519051193222,18.6933624158718,2024,4
102.65855855351,18.2579726421666,2025,4
102.766997715902,18.3315426487479,2026,4
102.715414478426,18.3115101294861,2027,4
102.424425878859,18.4770710984419,2028,7
102.657894545607,18.5041157186126,2029,0
103.122027522724,18.6343812944077,2030,4
102.288905928804,18.9386622039043,2031,4
102.54338786922,18.4432868438551,2032,4
102.223652752376,18.7103655181306,2033,4
102.864392113705,18.6374279252807,2034,4
102.332511396608,18.717689777317,2035,4
102.8590947848,18.8169581181567,2036,4
102.424197646398,18.2029440285984,2037,4
103.023356261562,18.8265635518133,2038,4
102.598952902949,18.9307074475809,2039,7
102.814220874364,18.8524544050136,2040,4
102.606601783092,18.8356034564555,2041,4
102.906663460749,18.5755231701322,2042,4
102.796263164788,18.7085142170753,2043,4
102.503226998644,18.5414600064323,2044,4
103.084322604597,18.9446727232276,2045,4
102.510823246346,18.5151398356904,2046,0
102.591171765968,18.4801974680248,2047,0
102.942722049608,18.4352410119994,2048,4
103.114563855759,18.2598365968752,2049,7
102.342020736713,18.8618541488694,2050,4
103.081629819909,18.2141551661775,2051,4
102.441560709306,18.8011341157391,2052,4
102.879426341181,18.7067496547471,2053,4
102.810393806684,18.5046534415281,2054,4
102.505816119954,18.3391649007475,2055,4
102.765248093929,18.2918126468474,2056,4
102.779615924371,18.9429228231433,2057,4
102.264060448236,18.9042747256138,2058,4
102.787225535028,18.8711752276528,2059,4
102.69215406857,18.8237850648948,2060,4
102.239681412362,18.5116080217698,2061,4
102.342151835095,18.9093086730122,2062,4
102.288050347883,18.2363449713128,2063,4
102.697766743605,18.2113219524739,2064,7
102.311695059381,18.4320233643456,2065,4
102.267951562871,18.7709386875527,2066,4
102.27538634991,18.8728311195127,2067,4
102.313070204312,18.5035132511148,2068,4
103.009967906076,18.6483438290592,2069,4
102.431896658806,18.5791076972144,2070,4
102.326743680903,18.7298381793263,2071,4
102.656886300383,18.5674328770204,2072,0
103.141837721572,18.4129085453978,2073,4
102.490869087885,18.6623160621014,2074,4
102.629544679343,18.7969468733025,2075,4
102.254443611564,18.3793748314387,2076,4
102.768352513507,18.4114447094083,2077,4
102.543504032763,18.4908005221105,2078,4
102.453206898915,18.8260357752412,2079,4
102.24474325888,18.8255635533219,2080,4
102.568674781573,18.5468328788561,2081,0
102.852536336502,18.5653163543196,2082,4
102.806651444925,18.3514205222858,2083,4
103.14721444196,18.6678644599212,2084,4
102.203694319099,18.3547410390454,2085,4
102.29593027846,18.7523785329156,2086,4
102.356276574044,18.7893054341697,2087,4
102.676507619058,18.4705009375408,2088,0
102.850579979728,18.2906112449444,2089,4
102.361599231058,18.6945498623281,2090,4
102.733712738619,18.3259724422609,2091,4
102.987204880161,18.5879178683425,2092,4
102.526158114809,18.3541489453198,2093,0
102.289658994616,18.9323778832416,2094,4
102.672731256878,18.8343104424488,2095,4
102.976094560615,18.6566787165508,2096,4
102.536464502425,18.3111701290572,2097,4
103.11199374453,18.401821491909,2098,4
102.620521640119,18.4621717516916,2099,0
102.588972936807,18.767875225877,2100,4
102.571411611348,18.2095621638246,2101,4
102.864247057716,18.5864873614098,2102,4
102.206384700769,18.7187193575754,2103,4
102.836963876206,18.6219567963112,2104,4
102.498474392252,18.9303079118784,2105,4
102.498623432117,18.7218023805157,2106,4
103.079264606021,18.6121098287871,2107,4
102.965135277201,18.7230116683534,2108,7
102.58431521552,18.641060165102,2109,0
102.708493360327,18.9291325288978,2110,4
102.649914946676,18.2327347969538,2111,7
102.243378686122,18.5823392380523,2112,4
102.570962022378,18.335000974526,2113,4
102.697882817979,18.7742078614616,2114,7
102.606406432779,18.8568747712225,2115,4
102.352506244549,18.2993673049911,2116,4
102.834498723549,18.3200490680205,2117,4
103.006211687736,18.7877724027655,2118,4
102.506275109201,18.5351508500163,2119,4
103.123075327665,18.2786330731948,2120,4
103.078949533985,18.8038720747329,2121,6
102.766776379131,18.6806812628747,2122,4
102.471589963771,18.5418850534055,2123,6
102.446684964106,18.8492583946949,2124,4
103.11836438315,18.3851517244068,2125,4
102.860119531283,18.6360574470805,2126,4
102.700805767595,18.5026319548555,2127,4
102.506021327798,18.7329425509567,2128,0
102.459118452404,18.5393271130523,2129,4
102.612441696911,18.3479778579778,2130,4
102.279905924337,18.7101117339423,2131,4
102.472623171667,18.3562902918286,2132,7
102.698917036157,18.6978678764853,2133,4
102.863943051301,18.5550335724776,2134,4
102.650863043853,18.6971019760869,2135,4
102.803907282897,18.7073635324418,2136,4
102.849804634188,18.5830227972715,2137,4
102.881876344549,18.2872464218252,2138,4
102.75074409583,18.9124622076749,2139,4
103.117970163178,18.3210652819637,2140,4
102.299904166468,18.7194278018815,2141,4
102.934437968593,18.229088726008,2142,4
102.680909343612,18.6099506735414,2143,0
103.011657372949,18.4704543704438,2144,4
103.069591105367,18.4814354724861,2145,4
102.922854552203,18.5001603332765,2146,4
102.213928404462,18.5263084021136,2147,6
102.388510453626,18.382950059252,2148,6
102.94215907208,18.5942384239414,2149,4
102.413287353875,18.4531702610667,2150,6
103.022976328581,18.8703137698634,2151,4
102.216086155859,18.663176025537,2152,4
102.394589469771,18.809789909316,2153,4
102.828715216152,18.8829089276411,2154,4
102.872358896954,18.2892072076496,2155,4
102.500102713172,18.6196854145352,2156,4
102.716427179729,18.8839376395934,2157,4
103.082943824337,18.4891868638174,2158,4
102.822240212379,18.4475179028988,2159,4
102.928424040043,18.6570391175011,2160,4
102.564659262155,18.8165713590022,2161,4
102.602668808967,18.3548140376103,2162,4
102.688489367857,18.4696382904867,2163,4
103.014958583524,18.9385793577013,2164,4
102.34720319009,18.7823070429519,2165,6
103.122233527397,18.5390138753896,2166,4
102.62774894495,18.2502712411976,2167,6
102.512692196246,18.8313247123186,2168,4
102.472949705117,18.2724754079176,2169,7
102.953420522784,18.2444948080769,2170,4
102.861249876107,18.5424788440332,2171,0
102.219815840487,18.7069578652165,2172,4
102.794616813208,18.935659659444,2173,4
102.612739845079,18.6827593017832,2174,0
102.321667389806,18.2214000920476,2175,4
102.705257989971,18.2464480012938,2176,4
102.708914885914,18.400781812117,2177,4
102.408546837835,18.3157769268181,2178,4
102.215715091237,18.4879679816201,2179,4
103.121777816877,18.2431607641725,2180,4
102.500930821247,18.6493081978985,2181,4
102.411326793056,18.6661975241255,2182,4
102.254411988033,18.8881932808084,2183,4
102.735548189604,18.2450458060733,2184,4
102.340351672631,18.6119281989405,2185,4
102.423404435602,18.4369115450542,2186,6
102.825325451277,18.3068172089128,2187,4
102.466283530809,18.2858184167152,2188,6
102.562018593242,18.9031465892021,2189,4
102.462801064998,18.2193993539305,2190,6
102.353844691758,18.2837040889379,2191,4
102.516135044925,18.2576794270643,2192,4
102.742037896074,18.7894704080765,2193,4
102.747343058562,18.2692111363196,2194,4
102.879886883595,18.4239462722516,2195,4
103.074805062548,18.3008992049438,2196,4
102.804958565821,18.3198479234191,2197,4
102.418200880687,18.6781015580044,2198,4
102.907610101913,18.5930248734751,2199,4
103.03242762348,18.230703793698,2200,4
102.826765640701,18.6930706155224,2201,4
102.601513764923,18.387809829161,2202,4
102.214516818618,18.7859463358394,2203,4
102.991007217357,18.746228164996,2204,4
102.988557184637,18.9506665116642,2205,4
102.732548947892,18.8605277462912,2206,4
102.896290221104,18.217668082142,2207,7
102.38888681788,18.7369017946207,2208,4
102.516561184898,18.4994531313287,2209,4
102.913342468752,18.9139900950105,2210,4
102.665854465462,18.8042002928432,2211,4
102.754468074023,18.5230915697013,2212,4
102.65159640181,18.2751823637212,2213,4
102.930289966392,18.9383843736112,2214,4
102.84132985149,18.2617701573638,2215,4
102.726886244694,18.3133078026446,2216,4
103.106003339358,18.2849895029384,2217,4
102.895246071619,18.3584213812769,2218,4
102.493437755654,18.5349456557503,2219,4
102.479432777093,18.5521793182725,2220,4
102.578707730249,18.3708215375217,2221,4
102.760769646849,18.5490318957742,2222,0
102.508254965644,18.326780733274,2223,7
102.522269713799,18.4263877956414,2224,6
103.124706167368,18.7689981184179,2225,6
103.023236120433,18.3703551159938,2226,4
102.843771998962,18.5509036791982,2227,4
103.110929702082,18.5554447318675,2228,4
103.104214289538,18.2359858650389,2229,4
102.618293532731,18.8602468236206,2230,4
102.386978724699,18.7534280052663,2231,4
103.026139858317,18.4926704133518,2232,4
102.45052247012,18.9251093009259,2233,7
102.913838778461,18.7933682356196,2234,4
103.050014202526,18.9032618497705,2235,4
102.634984150362,18.7513964678286,2236,4
102.398859261651,18.8770205721318,2237,4
102.623165954032,18.2333484660183,2238,6
102.892623654612,18.3253208940422,2239,4
102.866224627498,18.3338553354789,2240,4
102.937229448988,18.8212632200988,2241,4
102.660444023574,18.2008896938636,2242,4
103.038345931541,18.7012613867318,2243,4
102.920284023112,18.3758630163344,2244,4
102.885417298975,18.2092867191821,2245,7
102.83240175856,18.748958634824,2246,4
102.270963463957,18.4035354333764,2247,4
102.48773917733,18.4028468746606,2248,4
102.283314873688,18.3839499867861,2249,4
102.372996038789,18.8156010500451,2250,4
102.668030349976,18.5876479136282,2251,0
102.637322930079,18.5747571002272,2252,0
102.600097055427,18.2492495958494,2253,6
102.639480296999,18.2748268344536,2254,4
102.230880264073,18.8709596173538,2255,4
102.422718591724,18.7913801360689,2256,4
102.440792969889,18.8096669938189,2257,4
102.564000453943,18.5432301220943,2258,0
103.077725859567,18.5640511036929,2259,4
102.808152448223,18.534717187295,2260,4
102.742664157143,18.7369353146558,2261,4
102.788849482222,18.3056527278132,2262,4
102.431502962112,18.4231048180741,2263,4
102.298401851897,18.2510332915304,2264,4
102.327169757018,18.3445809113551,2265,4
102.469642336777,18.3574314155159,2266,9
103.038422853078,18.2522544980291,2267,4
102.641786313506,18.6348507244386,2268,0
102.497808944087,18.6797375459631,2269,4
102.632885189344,18.8133322253614,2270,4
102.566860968521,18.5800319118454,2271,0
102.254069385935,18.5435460455061,2272,6
102.714033010539,18.5948294775432,2273,0
102.30434782388,18.6651855006899,2274,4
102.966876654774,18.2699922062423,2275,4
102.794334556095,18.749768647503,2276,4
102.356632917918,18.4561710229238,2277,4
102.622645614165,18.9176641867461,2278,4
102.932280706773,18.9485760456463,2279,4
102.450631527704,18.3394581778928,2280,6
102.434441078422,18.7980043975557,2281,4
102.497830271917,18.3177326780669,2282,4
102.764543915614,18.468084270846,2283,4
102.646198402277,18.5862391425131,2284,0
103.105509189602,18.7271670140933,2285,4
102.299672377137,18.5184484702316,2286,4
102.750458183812,18.5035332938979,2287,4
102.916949810557,18.4660440682894,2288,4
102.587665115237,18.7283052152467,2289,4
102.415772657491,18.8317264813766,2290,4
103.080196855175,18.5456104581704,2291,4
102.947633876022,18.9060250690657,2292,6
102.873222293644,18.2205499938824,2293,7
102.57274897833,18.5097606222452,2294,0
102.506550580166,18.6040476162103,2295,4
102.301473133062,18.7131801692413,2296,4
102.793496430057,18.3427900718774,2297,4
102.931733089686,18.5087531973308,2298,4
102.304629524045,18.8509656251404,2299,4
102.497591244684,18.3942488586762,2300,4
102.880244146094,18.3397457112964,2301,4
103.021326578645,18.4427801869167,2302,4
102.369110358355,18.288400204154,2303,4
102.663703412146,18.6496776853092,2304,4
102.719706760566,18.7422307623392,2305,4
102.368205015901,18.5122393992117,2306,4
102.616985811455,18.7422201708485,2307,4
102.327160454099,18.6267885900158,2308,4
102.638968931968,18.6827610208217,2309,4
102.666341363815,18.6094082682164,2310,0
103.064991712543,18.2881869667539,2311,4
102.270591883821,18.8940817213198,2312,4
102.551690272732,18.711360282587,2313,0
102.768874821358,18.3829198075064,2314,4
102.615006199998,18.9027991231529,2315,7
102.793663324499,18.696493731667,2316,4
102.320636566594,18.7340347927526,2317,4
102.829318848005,18.8691040714592,2318,4
102.206147921587,18.8543919811287,2319,4
103.130713566041,18.8944945767097,2320,4
102.3245999024,18.8429433838664,2321,4
102.293153214986,18.7513963745745,2322,4
102.545215423865,18.4315601716736,2323,6
102.368386035421,18.8677182303221,2324,4
102.608571514052,18.4713020875808,2325,0
102.996333889714,18.7058095145579,2326,4
102.525469268164,18.5639843455059,2327,4
102.913272546224,18.4443858532695,2328,4
102.201199887742,18.3420960797721,2329,4
102.500225401618,18.6884471884777,2330,4
102.804495257304,18.884495679979,2331,4
102.89882267678,18.8497793248324,2332,4
102.771535521121,18.5253856159099,2333,4
102.231011645927,18.9308255553167,2334,4
102.927807567854,18.4912221223138,2335,4
102.668187888607,18.8508890713986,2336,4
102.80299496206,18.2389775885736,2337,4
102.912632554886,18.4559575915294,2338,4
102.912140209092,18.6076531773072,2339,4
102.856134528663,18.8778115401303,2340,4
103.09389688635,18.8900113119803,2341,4
102.302433032659,18.8703364837921,2342,4
103.003355409731,18.5462803163397,2343,4
102.671547995524,18.9228923055618,2344,4
102.744359005973,18.4660544063945,2345,4
103.117662649684,18.3522160704923,2346,4
102.352781656548,18.4350386911164,2347,4
102.612124259568,18.3861148260392,2348,4
103.150313080821,18.4933223052572,2349,4
102.814447453111,18.2591318988924,2350,4
102.332147088746,18.7256545752882,2351,4
102.34675747785,18.4901713843755,2352,4
102.210128780026,18.3742528874339,2353,4
102.554823197811,18.5471718555607,2354,0
102.898377743248,18.9116578001475,2355,7
103.120774307506,18.7133752002206,2356,4
102.767379954228,18.5155028719067,2357,4
102.435883770401,18.5453113943843,2358,4
102.338491088139,18.5465542334497,2359,4
102.315835943456,18.3236953499745,2360,4
102.491970881525,18.7965790310794,2361,4
102.210400549717,18.9015341609998,2362,6
102.846892224084,18.8085259527019,2363,4
102.890375552317,18.5836739875355,2364,4
102.372012140591,18.3186981838086,2365,4
102.402530252383,18.4106470379023,2366,6
103.135669273786,18.741349830158,2367,6
103.106132817106,18.2661566125841,2368,4
102.286144790927,18.6172013776519,2369,4
102.398525650275,18.5331773238295,2370,4
102.5248119689,18.5759968657531,2371,4
102.698382619781,18.906147096911,2372,4
102.635084228671,18.7999921846571,2373,4
103.062382409786,18.4820905207131,2374,4
102.439023267415,18.7256530750501,2375,4
102.642906967678,18.5208364964583,2376,0
102.975613828333,18.8014935833599,2377,4
103.144260644051,18.6276449657577,2378,4
102.429013136409,18.5748391155338,2379,4
102.367622867929,18.6906448271679,2380,4
102.499292081922,18.7867177330266,2381,7
102.685189261086,18.5320045735547,2382,0
103.064064619779,18.6529539507965,2383,4
102.490372887257,18.6947960449593,2384,4
102.669290192422,18.6920103063692,2385,4
102.717592137828,18.5857489837926,2386,0
102.522513904744,18.780154602677,2387,4
102.670417318707,18.2244739839899,2388,4
102.99076844242,18.7371781865062,2389,4
102.242036154836,18.3867367269174,2390,4
103.08406604358,18.3528104282944,2391,4
102.90873273668,18.9190838665898,2392,4
102.62416420431,18.4264697255607,2393,4
102.237771982276,18.3103092640136,2394,4
102.453369041199,18.9244052862502,2395,4
102.703791797913,18.2730946421606,2396,4
102.809466797845,18.505101872058,2397,4
102.792503601854,18.3068183130769,2398,4
102.323764619744,18.7695518095504,2399,4
102.982288945247,18.6476211068939,2400,4
103.146633596599,18.3017585813428,2401,4
103.124120087637,18.3515968595534,2402,4
102.556769714726,18.7216882252658,2403,4
102.247325745436,18.2353804608411,2404,4
102.251564444001,18.2021520820719,2405,4
102.271964033826,18.8851170697011,2406,4
102.562106611596,18.2871918109713,2407,7
102.241913280724,18.3782222898141,2408,4
102.265338717332,18.8163004346012,2409,4
102.558589628205,18.8738515711962,2410,4
103.007089712289,18.3895809301681,2411,4
102.81262930697,18.5574346774077,2412,4
102.430886243489,18.3017193091837,2413,0
102.514543489119,18.8927923833438,2414,6
102.833933407173,18.8796025115726,2415,4
102.625335429877,18.7851314281621,2416,4
102.388963939103,18.9148018882319,2417,4
103.055698248836,18.5088248182847,2418,4
102.354240043148,18.8835617876274,2419,4
103.047553734316,18.5891603401151,2420,4
102.809543964509,18.7720245822718,2421,4
102.818883978263,18.6248950061047,2422,4
102.848979881167,18.3048524564666,2423,4
102.888575408228,18.815956058908,2424,4
102.566096623412,18.8244208576311,2425,4
102.534065432739,18.3425256435747,2426,4
103.055378266763,18.6424868123578,2427,4
102.596857789866,18.6694285629718,2428,4
102.224717324482,18.8800811381089,2429,4
102.463698297889,18.2220701422734,2430,4
102.350637814686,18.8281136991212,2431,4
102.391230608448,18.7334061930633,2432,4
102.579741078656,18.3105295635273,2433,4
102.602819428962,18.3290045412053,2434,7
102.486011801124,18.3596735143617,2435,7
102.289568714174,18.448866071889,2436,4
102.667214388148,18.7705463110816,2437,4
102.727264343844,18.2123158297192,2438,4
103.021461418311,18.212226937565,2439,4
102.962663553001,18.2332290535905,2440,4
102.474810577385,18.3345860413352,2441,4
102.360455317088,18.6711025768519,2442,4
102.353962679715,18.3971404416838,2443,4
102.949072542917,18.2706961084604,2444,4
102.220917718599,18.6873902986987,2445,4
103.038712665412,18.2791025838165,2446,4
102.946296456183,18.6894542102061,2447,7
102.503168986838,18.3504523621625,2448,4
102.809019977655,18.9414286688002,2449,4
102.333393636328,18.8771303912004,2450,4
102.937427041301,18.5239243718339,2451,4
102.984591896201,18.8827362592649,2452,4
102.373584988576,18.5920363544028,2453,4
103.106190007159,18.9193634579138,2454,4
102.70135527294,18.8812662117905,2455,4
103.119375793868,18.2545315908763,2456,4
103.089182529351,18.5719107010223,2457,4
103.057896202014,18.3380738222529,2458,4
102.955844233734,18.8882941225001,2459,4
102.554594970119,18.6926452730772,2460,0
102.943847575163,18.4156881461043,2461,4
102.793077262195,18.8594109808264,2462,4
102.273124012001,18.3068774540124,2463,4
102.467176232838,18.3265097082548,2464,7
102.438168097983,18.5369967621208,2465,4
103.062263577111,18.8912767310357,2466,4
102.255712189425,18.6685845288227,2467,4
102.335544002278,18.3602361054194,2468,4
102.381140022157,18.9208062099659,2469,4
102.586466746632,18.8778763711514,2470,4
102.614200209301,18.7366387508987,2471,4
102.728514335744,18.8279981070302,2472,4
102.374735696562,18.8269084713608,2473,4
102.829004756377,18.2215901552867,2474,4
102.616590818756,18.2817118652103,2475,7
102.900598825008,18.5255894627367,2476,4
102.271177899058,18.8579002706392,2477,6
102.855496136248,18.2202845249585,2478,7
102.330766305712,18.9005832071253,2479,4
102.21737985136,18.3002301163188,2480,4
102.94510697998,18.6160682224917,2481,4
103.142677214227,18.3320051793245,2482,4
102.296465751579,18.7679055104939,2483,4
102.884204551051,18.8517302006987,2484,4
102.970555528944,18.8313412127496,2485,4
102.413488017604,18.2036166681906,2486,4
103.082096303626,18.81254088746,2487,4
102.437091668799,18.3407170787618,2488,4
102.331488000403,18.8827224834499,2489,4
102.983653740718,18.2462860228092,2490,7
102.233843950003,18.6170685055078,2491,4
102.573357325682,18.8122708325132,2492,6
102.224572165963,18.4689560608058,2493,4
102.839773168049,18.6061930420574,2494,4
102.543225005273,18.9482684584446,2495,6
102.574279544562,18.6644128151669,2496,4
102.448731919514,18.5603458706313,2497,4
103.011259729566,18.868664591663,2498,4
102.834925644336,18.5548235749496,2499,4
102.678217265265,18.7205459217049,2500,4
102.491543198127,18.9420963397646,2501,4
102.300773967666,18.4136841591943,2502,4
102.277989125124,18.2167816539596,2503,4
103.110884563841,18.7402567942766,2504,7
103.120902209117,18.5476484936146,2505,4
102.344668518835,18.5554402199034,2506,4
102.568834503047,18.8188647744916,2507,4
103.137867533608,18.3335174474558,2508,4
103.131412935308,18.3338509411368,2509,4
102.531296565865,18.6650644649314,2510,0
103.029679436325,18.4941664769112,2511,4
102.873805354101,18.5191448848566,2512,4
102.795278021956,18.2615382375205,2513,4
102.58550058756,18.4090131469034,2514,4
102.634431928283,18.3849621585218,2515,4
103.086844908136,18.3369710866179,2516,4
102.704951023781,18.8392345774031,2517,4
102.406079291191,18.2326408317142,2518,6
102.277986950635,18.9299214089455,2519,4
102.221211960714,18.2936951605151,2520,4
103.007849934143,18.3199836842437,2521,4
102.78030053542,18.4454699801218,2522,4
102.969723924174,18.3230153194093,2523,4
102.352554669343,18.2024502031475,2524,4
103.113867743791,18.7067379672945,2525,4
102.517638426168,18.3921067375259,2526,7
102.886064240664,18.8508940562961,2527,4
102.375738486452,18.8094973048714,2528,4
102.632546868916,18.6514243378133,2529,0
102.466769399729,18.4596849983435,2530,6
102.265482552802,18.6845687700576,2531,4
102.425924389136,18.6131606330677,2532,4
102.428686652219,18.2248861904853,2533,4
102.796751872103,18.4760072595117,2534,4
103.134009754776,18.5100294470418,2535,4
102.707746225324,18.6171605014578,2536,4
102.763212151448,18.4169516572609,2537,4
102.932122521309,18.6924304589173,2538,4
102.794675249633,18.906371070178,2539,4
102.461129512903,18.3447245928726,2540,7
102.57001807877,18.8124520225394,2541,4
102.551304992237,18.7303883483732,2542,4
103.085741765338,18.758549081762,2543,6
102.823370570962,18.8692464886438,2544,4
103.139566199116,18.2812554308761,2545,4
102.411311481582,18.5095606889081,2546,4
102.286731860488,18.9494536976176,2547,4
103.094208792314,18.783974605538,2548,6
102.485776246676,18.8465653034275,2549,4
102.410715759203,18.2896010760273,2550,4
102.76598248439,18.6975508366165,2551,0
102.225574183249,18.4448572697032,2552,4
102.698875998415,18.3945957384578,2553,4
102.337227312987,18.923998574106,2554,4
102.534028128643,18.9110445912894,2555,4
102.859834901225,18.3489213731728,2556,4
102.479392394741,18.3651143666679,2557,7
103.063719363765,18.3955137149111,2558,4
102.352874019093,18.2754107193909,2559,4
102.204895455561,18.2245002430881,2560,4
102.210189360438,18.6940139007353,2561,4
102.943502944236,18.4520418531546,2562,0
102.809673593671,18.2243898546895,2563,7
102.325850341201,18.7184920702074,2564,4
102.753056004662,18.2022108884606,2565,7
102.956019422742,18.6048763563209,2566,4
102.527398808605,18.9143138617096,2567,4
102.7213520885,18.4406129987913,2568,4
102.40710268794,18.3432496644046,2569,6
102.341433188418,18.2393771755458,2570,4
102.438876102898,18.7871533452454,2571,4
103.107975257957,18.4414282578162,2572,4
102.255810381199,18.5913621198196,2573,4
103.037815814885,18.9059489149506,2574,6
102.630486736226,18.2416167460261,2575,4
102.817473030769,18.6295389473033,2576,4
102.677301202337,18.7725410586476,2577,4
102.734087392937,18.4333232061693,2578,4
102.306815589877,18.9210124284899,2579,4
102.614569953557,18.251209428803,2580,6
102.729002272689,18.4110079895313,2581,4
102.807322817893,18.2248103001053,2582,4
102.976970304934,18.2263425422278,2583,4
102.723597221595,18.7664524488545,2584,4
103.04675017567,18.6027248012431,2585,4
103.000316265861,18.4269345624563,2586,4
102.800579937557,18.7881594881271,2587,4
103.037949592964,18.6489001195196,2588,4
102.3670187189,18.3182836416885,2589,4
102.331967912373,18.3143341118852,2590,4
102.474566471679,18.4304736749498,2591,4
102.254665824054,18.7763486275768,2592,4
102.75134230589,18.3645582362362,2593,4
102.412395351862,18.6946399354693,2594,4
102.509394279084,18.2532371561191,2595,7
102.21083041898,18.7351926456298,2596,4
102.964154544686,18.7165076918082,2597,4
102.904907797057,18.4231210924955,2598,4
102.315116743173,18.9370345276861,2599,4
103.148888927554,18.572845207661,2600,4
102.805885041702,18.6896284854362,2601,4
103.114081081144,18.2632747083534,2602,4
103.133889232513,18.5482131733083,2603,4
103.106616209157,18.5844035096952,2604,4
102.931477760375,18.2640879276516,2605,4
102.231837949499,18.3493076281751,2606,4
102.940999121853,18.4460708399422,2607,0
102.577401868613,18.5622415461253,2608,0
102.556207950503,18.6959049976014,2609,0
102.809893068255,18.3217316468629,2610,4
102.711922217088,18.516471769615,2611,4
102.248222576056,18.82433312649,2612,4
103.109232380963,18.5363459472083,2613,4
102.601851320396,18.2643436740957,2614,7
102.511187636585,18.8406267376753,2615,4
102.719090581681,18.7245840835978,2616,4
102.457188120088,18.5462233075123,2617,4
103.045269933006,18.2064094169057,2618,7
102.846309487269,18.9389165646227,2619,4
102.96971313021,18.5116639326039,2620,4
103.091563967514,18.3259941826453,2621,4
102.806024946926,18.6806821358009,2622,4
102.457933472532,18.3453236621701,2623,6
102.663902799248,18.5288956023535,2624,0
102.359392084732,18.7224077226358,2625,4
102.551656067528,18.5180657078274,2626,4
102.254421795454,18.7396163632015,2627,4
102.422949765009,18.6638156973902,2628,4
102.549649279598,18.7884493817292,2629,4
102.332732126923,18.4037133584807,2630,4
102.970160604939,18.5288762061062,2631,4
102.397333423447,18.8857981004198,2632,4
102.41877340586,18.6803897149084,2633,4
102.24641517926,18.6894665587923,2634,4
102.685364385059,18.2836638348164,2635,4
102.678218044627,18.4563040754385,2636,4
102.464571889197,18.4875844335312,2637,7
102.698582862614,18.4782398529626,2638,4
102.213659517854,18.9314202858384,2639,4
102.262282334683,18.2553204425646,2640,4
102.355657208567,18.4464617232633,2641,4
102.407435442384,18.9071868577121,2642,4
102.225339468897,18.9273390530716,2643,4
102.742605163279,18.8261398535521,2644,4
102.292475648458,18.4820059180056,2645,4
102.94682336298,18.2647075605023,2646,4
102.807776143049,18.6809008967101,2647,4
102.789224269605,18.5654650657123,2648,4
102.435112214922,18.780380242007,2649,4
102.938847246562,18.4304948829333,2650,4
102.948597769526,18.5964107333161,2651,4
102.712290667035,18.7490451493747,2652,4
102.546962926084,18.280875248876,2653,4
102.832930794113,18.7857956752811,2654,4
102.942639674935,18.7680973821719,2655,4
102.785717557673,18.4965955199195,2656,4
103.091326986727,18.3195387032337,2657,4
102.570617673452,18.2814497146804,2658,4
102.671791781498,18.3938806588359,2659,4
102.706397456074,18.5564866211537,2660,0
102.575841163017,18.7328502317278,2661,4
102.341940531217,18.5220344883849,2662,4
102.505247946614,18.7940420594945,2663,4
102.484862928307,18.4711025608942,2664,4
102.678021795047,18.6933500670299,2665,4
103.115293001779,18.6384862193064,2666,4
102.395133914252,18.2059175731029,2667,4
102.450551719775,18.8951001430249,2668,4
102.931259101542,18.9183795471256,2669,6
103.042299715287,18.3358660242226,2670,4
102.803605953857,18.8291862657974,2671,4
102.932006867674,18.6944740692417,2672,6
102.979489439164,18.8528464734243,2673,4
102.449412771828,18.46902270141,2674,6
102.984145185734,18.9201625817869,2675,6
102.452058447417,18.2577317229003,2676,4
102.879708515044,18.5087847704977,2677,4
103.139099269462,18.9085942544119,2678,4
102.493946768392,18.5459641799263,2679,4
102.938275204518,18.8711024957221,2680,4
102.892602322232,18.3014550258922,2681,4
102.910779292487,18.2040891103671,2682,4
102.306818556082,18.9033736253171,2683,4
102.409009889991,18.5220931937368,2684,4
102.358671277968,18.3963964712472,2685,4
102.602605613966,18.6020818762328,2686,0
102.793665920739,18.7344808023369,2687,4
102.955956047275,18.6399946636203,2688,4
102.236813423204,18.6879804924607,2689,4
102.798275295867,18.2386013986294,2690,4
102.587821451064,18.3530378911728,2691,4
103.057578872049,18.4122464547948,2692,4
102.954738509143,18.7538202290189,2693,4
102.67630726539,18.3683713895727,2694,4
102.59955330062,18.2106955390733,2695,4
102.334604766735,18.558981670315,2696,4
103.001084810503,18.5122960951377,2697,4
102.749730493323,18.5293751742364,2698,0
102.814608759473,18.3809310799197,2699,4
102.719511238152,18.6146015913304,2700,4
103.141132054173,18.9215147043079,2701,4
103.037468827638,18.6043049529875,2702,4
102.779077133793,18.5592400847096,2703,4
103.041898342449,18.3084072217481,2704,4
102.447621468247,18.3037722274289,2705,7
102.70668316743,18.8280931650441,2706,4
103.031641482504,18.6409320020958,2707,4
102.973406633371,18.6467255870727,2708,4
102.282058414251,18.5469793281911,2709,6
102.703114284191,18.2163979971739,2710,7
102.920143948388,18.6395434295572,2711,4
102.318938275884,18.5559698765362,2712,4
102.821536405069,18.3339124607681,2713,4
102.684876758271,18.4924259220224,2714,4
102.392659505799,18.7060496438488,2715,4
102.359247533216,18.2208111370581,2716,4
102.73808741214,18.3405657060235,2717,4
102.269880543146,18.2069540321657,2718,4
102.637715081163,18.3082417084091,2719,7
102.815732731141,18.9123787743147,2720,4
102.816473479429,18.2960650187756,2721,4
102.706256298149,18.3912022561814,2722,4
102.938535330909,18.4141550504174,2723,4
102.462134357828,18.5117845288188,2724,4
102.690426783995,18.6107494279727,2725,0
102.603884113472,18.832254771656,2726,4
102.340223943954,18.394115607107,2727,4
103.080670216137,18.8588899135915,2728,4
103.036193290875,18.8124315070997,2729,4
102.838162748376,18.7499114768007,2730,4
102.601766150965,18.2277644523826,2731,7
102.631334972358,18.759792587813,2732,4
102.643087312098,18.3952431586855,2733,4
102.74280494987,18.2902623590607,2734,7
102.420712112908,18.9414328652345,2735,4
102.878216773597,18.5319875788727,2736,0
102.331172093688,18.7508276253276,2737,4
102.444931936683,18.4527063487097,2738,6
102.439895880396,18.2199579469607,2739,4
102.887196558769,18.4641323778483,2740,4
102.981324858174,18.2084776722987,2741,7
102.969868780477,18.8516124958736,2742,4
102.650754059359,18.7663361696018,2743,4
102.532263378968,18.669608144273,2744,0
102.349078192503,18.46493658463,2745,4
102.804107374825,18.8983128078639,2746,4
102.772567234113,18.5994646684207,2747,4
102.529113371531,18.8087263796518,2748,4
102.805934758563,18.4722724040144,2749,4
102.680648063398,18.3921093812497,2750,4
102.493389386377,18.3499913893584,2751,6
102.351368978504,18.7742782742569,2752,4
102.749929096901,18.471209324576,2753,4
102.879247293754,18.9361459230793,2754,4
102.40790475248,18.9062785915159,2755,4
103.075231674202,18.568542761245,2756,4
102.883886350768,18.657900344816,2757,4
102.495479626723,18.8725658325828,2758,4
102.280187153944,18.2999424461575,2759,4
102.71955069082,18.662502954548,2760,0
103.079840625109,18.6753352633009,2761,4
102.485153550172,18.6708183266932,2762,4
102.561493494849,18.2756793380141,2763,7
102.429581160885,18.6633938996001,2764,4
102.849020563647,18.6089564388194,2765,4
103.09295986253,18.8008150414127,2766,6
102.808911364428,18.6843453399912,2767,4
102.772899894445,18.8596628993546,2768,4
102.929881014362,18.500733704053,2769,0
103.106294473832,18.9024887232169,2770,4
102.322232257329,18.5636647568974,2771,6
102.342102041784,18.4253748986453,2772,4
103.029535078068,18.816305717091,2773,4
103.114225998497,18.3414752687259,2774,4
102.489817111303,18.5863480569267,2775,4
102.910363198611,18.9185800991524,2776,4
102.456016342877,18.5984776078241,2777,4
102.210741481934,18.4228973883752,2778,4
102.357252319809,18.6457774062846,2779,4
103.138475488735,18.9367262951836,2780,4
103.076697211058,18.4799288034079,2781,4
102.961781611038,18.7082188102805,2782,4
102.294146932911,18.3315876093287,2783,4
103.128548887135,18.2427245651597,2784,7
102.212937004058,18.5970948564833,2785,4
102.468108445347,18.245618215425,2786,7
102.91828116379,18.6865357171103,2787,4
102.639936756556,18.2591120440835,2788,4
102.246771062224,18.622506534749,2789,4
102.294684503737,18.3553336722013,2790,4
103.141016571157,18.6044543181288,2791,4
102.770159221289,18.5777219857673,2792,4
102.535193366281,18.5880142815145,2793,4
102.343398266286,18.51247663396,2794,4
103.106987928883,18.4476063949904,2795,4
102.9120211332,18.2822722486982,2796,4
102.61305345572,18.8095770715271,2797,4
102.979544970012,18.7191546198739,2798,4
102.265237389508,18.6650845751294,2799,4
102.401585119791,18.6618598492405,2800,4
103.056897085677,18.8182913916354,2801,4
102.683738977095,18.3052474612654,2802,7
102.409907055385,18.8249330457597,2803,4
102.238635225133,18.4963607845925,2804,4
102.45740956896,18.8966360260259,2805,4
102.853254124786,18.7226949890515,2806,4
102.897548414298,18.331896938335,2807,4
102.421023444323,18.2656910428442,2808,4
102.935991005288,18.5223388985462,2809,4
102.963130838888,18.9447799411408,2810,4
102.72044921231,18.8758498370704,2811,4
102.57715805095,18.4027558026392,2812,4
102.469668304937,18.5168625136483,2813,4
102.880284158745,18.6086185377217,2814,4
102.954994231629,18.9087867081291,2815,4
102.222933170764,18.8494865949958,2816,4
102.342104752013,18.6060107083428,2817,4
102.351090508123,18.2724285519984,2818,4
103.140674763343,18.302928744762,2819,4
102.586404756702,18.8609433819956,2820,7
102.92743822703,18.8451310234662,2821,4
102.856378317105,18.4342588626344,2822,4
102.923019579666,18.3550126684484,2823,4
102.80930571682,18.6068741949083,2824,7
103.113570289071,18.3279035102288,2825,4
102.688640252506,18.6306548760415,2826,0
102.434571190813,18.2720917997537,2827,0
103.067359127933,18.7383257719179,2828,6
102.648805080165,18.7559377004893,2829,4
102.93188354675,18.5643605055499,2830,4
102.674807465302,18.940810718939,2831,4
102.409710398572,18.6098903610134,2832,4
103.090866702676,18.3692115602981,2833,4
103.145425267265,18.8376966561856,2834,4
102.852505045701,18.7888896177362,2835,4
102.341723228104,18.2992289219293,2836,4
102.550170860792,18.8604839857428,2837,4
102.209021431323,18.4843488328908,2838,4
102.306396606982,18.4340425004581,2839,4
102.497331436953,18.8172687510637,2840,4
102.272810069046,18.8169571589267,2841,4
102.661396984843,18.5846755500398,2842,0
103.021564813468,18.8079337720881,2843,4
102.211793703689,18.4542594219962,2844,4
102.200653332395,18.8524416789709,2845,4
102.257937657105,18.2501285886187,2846,4
103.094006147105,18.863688992645,2847,6
102.454829319799,18.3069787553915,2848,6
102.713344906692,18.8013516990408,2849,4
102.422423913537,18.4615328917436,2850,6
102.226583358194,18.6790946366634,2851,4
103.084892504156,18.318312234021,2852,4
103.120030784009,18.7585316527171,2853,6
103.036595678839,18.6128357916994,2854,4
102.896087002531,18.2781467842698,2855,4
103.082349720725,18.4045355518357,2856,4
102.30882781989,18.777915339549,2857,4
102.604830448768,18.394494479206,2858,4
102.864744893602,18.6181983872112,2859,4
102.681304878361,18.7301687919499,2860,4
102.310391806297,18.8680633770308,2861,4
102.228973204609,18.3854938420733,2862,4
103.036124099315,18.2791118662274,2863,4
102.808627857381,18.3335355081301,2864,4
102.633012987737,18.4752948113874,2865,0
102.765026165375,18.9383296313882,2866,4
102.24990248374,18.9469267895938,2867,4
102.443304827894,18.3567701475014,2868,6
102.813535665506,18.7116907575359,2869,4
102.572350533644,18.5457535016824,2870,0
102.478440575949,18.9128413099986,2871,4
102.998866652261,18.8087224690077,2872,4
102.322904042513,18.2030842759478,2873,4
102.558040251882,18.9270817521258,2874,4
102.537861420995,18.7282368075724,2875,7
102.22361960506,18.2514299256529,2876,4
102.364992789981,18.719972163056,2877,4
102.651533438102,18.4310380962586,2878,4
102.739740110474,18.4490753103263,2879,4
102.750283438856,18.2603855853517,2880,4
102.571692490463,18.5512000925661,2881,0
102.681458211431,18.7856933125112,2882,4
102.253019274818,18.5641296582686,2883,4
102.755444650521,18.4601453785918,2884,4
103.046734233764,18.7897521983958,2885,4
102.645011123677,18.2974417048083,2886,4
102.443607116308,18.2088582705053,2887,7
102.448487498594,18.6631552480146,2888,4
102.78051526172,18.22968813864,2889,4
102.38098147197,18.7028090236212,2890,4
102.714746876663,18.3536653203087,2891,4
102.39265031097,18.714640134771,2892,4
102.275188377142,18.3277311500619,2893,4
102.70784698565,18.7066313514673,2894,4
102.414384781144,18.7898472333383,2895,4
102.804631446231,18.800368679301,2896,4
103.105368889092,18.6001314767283,2897,4
102.54186740306,18.6686552561517,2898,0
102.488893684868,18.2286694718605,2899,7
102.411421760229,18.798253362363,2900,4
102.954355928342,18.5137463571736,2901,4
102.282242026115,18.4224466597063,2902,4
103.014510189822,18.496894351098,2903,4
102.797840832172,18.3263321375311,2904,4
102.600891232549,18.514347263624,2905,0
102.973714598591,18.8140219220127,2906,4
102.784017276206,18.8741963397443,2907,4
102.818871985149,18.8998621970883,2908,4
102.357251970756,18.4348844684003,2909,4
102.686068247382,18.6501980329802,2910,0
102.560759980328,18.6279466491101,2911,0
102.411813507002,18.4991879007862,2912,4
103.005733633144,18.339009452983,2913,4
103.079591613643,18.2307952695917,2914,6
102.294179094112,18.7240729934075,2915,4
102.49040061702,18.8737153648091,2916,4
102.529445550675,18.6002888196768,2917,4
102.739543903889,18.7025397577037,2918,4
102.913264222577,18.8642335161029,2919,4
102.718391146387,18.7331175848359,2920,4
102.313355581769,18.612000286623,2921,4
102.242385566838,18.8972240914683,2922,4
102.832486080759,18.9493422843546,2923,4
102.494103283445,18.5252230242663,2924,4
102.795823111607,18.205431750476,2925,4
102.310011696869,18.6999741025253,2926,4
102.540450550189,18.6117712057145,2927,0
102.976674190301,18.6734016587267,2928,7
102.55927614473,18.3203855469535,2929,0
102.622835978445,18.3513620377959,2930,4
102.648407471882,18.3245948633702,2931,4
102.395953544033,18.9398874507777,2932,4
103.148918993559,18.40763389741,2933,4
102.659404012146,18.2954290028601,2934,4
102.289010283859,18.8236718255918,2935,4
102.73965452842,18.4382097293075,2936,6
102.236340774418,18.5411935325616,2937,4
102.852836764257,18.5916960768291,2938,4
102.752981035431,18.2217781996488,2939,4
102.475313489414,18.3648764377829,2940,7
102.57720936714,18.2848016363728,2941,7
103.042487749968,18.5409075558996,2942,4
102.956120975538,18.7008440373066,2943,4
102.46535265034,18.8162446076005,2944,4
102.383420136384,18.8126447653193,2945,4
102.435468581811,18.8058491453328,2946,7
102.743720177626,18.2478320103798,2947,7
102.518062603946,18.8105892964177,2948,4
102.810480069292,18.3067280561045,2949,4
102.589153463031,18.7580755626338,2950,4
102.816797544461,18.3254421847665,2951,4
102.660202572873,18.4285164225792,2952,4
102.444441049368,18.3216736301806,2953,4
102.723932599513,18.3336813429754,2954,4
102.900521150198,18.7639005903996,2955,4
102.541825017684,18.4708792340377,2956,4
102.729490942313,18.9477756014538,2957,4
102.873219523956,18.9423175473574,2958,4
103.032108494974,18.9118620385026,2959,6
103.076683667721,18.5161934224718,2960,4
102.983651092391,18.4782580506477,2961,4
102.76466231471,18.8169003063735,2962,4
102.435723739337,18.9396291211625,2963,4
102.864801674766,18.5098949792064,2964,4
102.964542360396,18.5981670120841,2965,4
102.84557859646,18.9378011087378,2966,4
102.501651601255,18.4189483363047,2967,4
102.26472106285,18.5551394694774,2968,4
102.667621591725,18.4250335927982,2969,4
102.251918684602,18.8280899432387,2970,4
103.00055596825,18.6652912306891,2971,4
102.312586230784,18.6483451568262,2972,4
102.983431386637,18.573268127873,2973,4
102.802421458722,18.8100677514224,2974,4
103.111669508354,18.569533934448,2975,4
102.462081841906,18.4421866545943,2976,4
102.365707360078,18.8672733400438,2977,4
102.483555783107,18.9147337437656,2978,4
102.934462166887,18.5467186934917,2979,4
102.433364099041,18.7378347378574,2980,4
102.627694814461,18.5474870711926,2981,0
102.515593461244,18.7870257273898,2982,4
102.893145728587,18.8248014850818,2983,4
103.002576128206,18.7371361047307,2984,4
102.306626903497,18.257166327634,2985,4
102.581812431564,18.52901162031,2986,0
102.408375802898,18.3195689555416,2987,6
103.09911997946,18.5087472408072,2988,4
102.727469020711,18.5112241189486,2989,4
102.468851375707,18.7586654882559,2990,4
102.894500346014,18.6313894799848,2991,4
102.80001507439,18.5194966352103,2992,4
102.863248037096,18.8432927102553,2993,4
102.567087290616,18.8418110772528,2994,4
102.884463349479,18.7791025299905,2995,4
102.251496463834,18.7733835532897,2996,4
102.266292132806,18.4915382589978,2997,4
102.337797164601,18.6127845603862,2998,4
103.050435651488,18.3132899102949,2999,4
102.424490473576,18.5707653368814,3000,4
103.089494744966,18.3602178523648,3001,4
102.884166582958,18.6866614388668,3002,4
102.89368813486,18.690791086708,3003,4
102.293358674726,18.4366111782754,3004,4
102.651548967908,18.8378257678681,3005,4
102.578091056053,18.8267621623412,3006,4
102.480648258655,18.559906178647,3007,4
102.844894712818,18.4067013626601,3008,4
102.692012131035,18.8675979778387,3009,4
102.508208189712,18.8050099684508,3010,4
102.953525312272,18.3706100892587,3011,4
103.015788125111,18.7788215795432,3012,4
102.873677853181,18.4176295119498,3013,4
102.33771332789,18.6557421603002,3014,4
102.870348102597,18.7822841641224,3015,4
102.516427760425,18.3681657477868,3016,7
102.302264484316,18.3985034513011,3017,4
102.92168062476,18.3817607815239,3018,4
102.825140697394,18.3575853260132,3019,4
102.237389218218,18.6833763872441,3020,4
102.732227372585,18.6668899198103,3021,7
102.759921391564,18.7952555458811,3022,4
102.831290594582,18.2972773305686,3023,4
102.353019127166,18.2566583279852,3024,4
102.754777891477,18.6809419499403,3025,4
103.002256812217,18.2471849983704,3026,4
102.84756991595,18.3100548258841,3027,4
102.373700718909,18.2789292845351,3028,4
102.804574636081,18.7747843941049,3029,4
103.111351751367,18.2894156241156,3030,4
102.209808080598,18.7987532042498,3031,4
103.048171118788,18.3044551484268,3032,4
103.05665952216,18.6893932093877,3033,4
102.467922324535,18.9318574727523,3034,4
102.853786407358,18.8591082044978,3035,4
102.378129650006,18.8538794899836,3036,4
103.015710347774,18.313758538302,3037,4
102.931020404953,18.3928973818943,3038,4
102.252106395374,18.5425774030986,3039,6
103.112107038741,18.5643961352171,3040,4
102.649384888804,18.6113400470366,3041,0
102.673749104148,18.9299539088231,3042,4
102.441564753076,18.6971301520307,3043,4
102.413433837743,18.3866583078604,3044,7
102.697832081492,18.303828329798,3045,7
103.079993812903,18.6497002467002,3046,4
102.73369809634,18.9134438037179,3047,4
102.390890782279,18.4493649411787,3048,4
102.72947269418,18.8344581652151,3049,4
103.051143280328,18.266511221471,3050,4
102.557706809825,18.5148184662303,3051,4
103.027245984474,18.6427028080918,3052,4
102.900871658957,18.5306027040729,3053,0
102.612734070435,18.2626538852833,3054,7
102.852100051485,18.5083672658655,3055,4
102.98351357723,18.4617213495331,3056,4
102.278730916869,18.9000393287407,3057,4
102.443612306377,18.4008242490091,3058,4
102.228562319797,18.2270895249872,3059,4
103.15061748084,18.5727220864887,3060,4
102.458379920481,18.6604915188648,3061,4
102.884531266321,18.7257589593476,3062,4
102.689865694106,18.5425586945398,3063,0
102.841255910759,18.2753942696654,3064,4
102.428984896057,18.9311401801943,3065,4
102.32747080459,18.431579043992,3066,4
102.820387903284,18.2334213662449,3067,4
102.369584055804,18.2591333340966,3068,4
102.629458375397,18.37700405372,3069,4
103.131364103653,18.8917654486099,3070,4
102.383937685827,18.2781169639132,3071,4
102.766282046224,18.758491064459,3072,4
102.492268037001,18.2314336256845,3073,4
102.229771416704,18.8746003999353,3074,4
103.10172039651,18.356253270643,3075,4
103.078728011199,18.6502722645757,3076,4
102.394745340544,18.5441389784554,3077,7
103.020450677251,18.8416984097169,3078,4
102.795775787905,18.7286928016848,3079,4
102.239303563592,18.8513495365754,3080,4
102.766934034024,18.8816767746046,3081,4
102.555236464045,18.4367360459126,3082,4
103.049371124544,18.7636301144276,3083,6
102.28134003346,18.4990838392775,3084,4
102.832344907364,18.7032944830609,3085,4
102.758521324895,18.4580413672952,3086,4
102.651636078542,18.7393787740635,3087,4
103.117963447911,18.452074960144,3088,4
102.57556278728,18.8302715581575,3089,4
102.354466839267,18.3619802959534,3090,4
103.134258830643,18.6678500728271,3091,4
103.007986839887,18.2531506906139,3092,4
102.80060530932,18.5379876579913,3093,0
103.108750430212,18.380685386158,3094,4
103.126357833601,18.760445272849,3095,6
102.345213947538,18.3542145522569,3096,4
102.219831626016,18.3736639513728,3097,4
102.83055838587,18.9054634562974,3098,4
102.383392495631,18.7025763731999,3099,4
102.728353967534,18.6416436469923,3100,4
103.101460986945,18.241344595818,3101,4
102.621999101158,18.4756577326759,3102,0
102.735134803436,18.8405517710861,3103,4
102.428291532503,18.5155486882372,3104,4
102.894159871811,18.4742092539307,3105,0
102.897846764151,18.6118992350332,3106,4
102.368675829909,18.5504488199134,3107,4
103.123658208296,18.5143364266501,3108,4
102.74484327081,18.7686672631682,3109,7
103.140000287126,18.8135650880164,3110,4
102.524611544252,18.2743311303334,3111,7
102.675145670918,18.3053921547346,3112,4
102.657154725654,18.3819787693697,3113,4
102.488934544997,18.7571230005113,3114,4
102.844745651116,18.3255816573849,3115,4
103.135114651876,18.3124135886748,3116,4
102.617026670817,18.7338457546009,3117,4
102.923666996407,18.6506303738055,3118,4
102.729792202114,18.290227284745,3119,7
102.864526141007,18.2745278221557,3120,4
102.872236548028,18.7445425793577,3121,4
102.900313681608,18.6210264356661,3122,4
102.493090238052,18.5024434320628,3123,7
102.569346037272,18.8565906079984,3124,4
102.359956661484,18.4672277757572,3125,4
102.91633031369,18.5232643766312,3126,4
103.024472393306,18.8558399276917,3127,4
102.577841110826,18.7697303439514,3128,4
102.447230621962,18.4014430342322,3129,7
102.401358481009,18.2378702728486,3130,4
102.579023595599,18.5961383713164,3131,0
102.897789199924,18.5518194781284,3132,4
103.039156255646,18.7674874954754,3133,4
102.372412277555,18.7479749179867,3134,4
103.13112574425,18.3639169138325,3135,4
102.9344592688,18.4196461539786,3136,4
102.661628560662,18.5993591726096,3137,0
102.214384345441,18.39173812037,3138,4
102.47562558695,18.3264046285287,3139,7
102.762017525752,18.5698119897248,3140,4
103.034491891355,18.8175609571351,3141,4
102.454170005268,18.6189105899059,3142,4
102.679861872991,18.5907005130891,3143,0
102.942578510878,18.215507465616,3144,7
102.986838495582,18.4530586396154,3145,4
103.021402480342,18.7478718677025,3146,6
102.903627556171,18.5945591415585,3147,4
102.480417128503,18.2599851310163,3148,6
102.850084947882,18.7150942597997,3149,4
102.421824370833,18.9312110469111,3150,4
102.690657050642,18.7045421604548,3151,4
102.45187915791,18.3533022211516,3152,6
102.525812062861,18.3471301654168,3153,4
102.744451984747,18.5342460283313,3154,0
102.75434495843,18.5260850924633,3155,0
102.539312540395,18.733003039519,3156,4
102.770120426517,18.8603148796095,3157,4
102.232005507074,18.8610161630513,3158,4
102.38040357292,18.6044321676763,3159,4
102.240041244162,18.8360387289767,3160,4
102.570877935556,18.7044982195472,3161,4
102.415877303114,18.7667914514406,3162,4
102.907683250689,18.8778579503412,3163,4
102.491968148107,18.8457890769755,3164,4
102.87343029793,18.4189562406867,3165,4
102.427551790297,18.4405944280595,3166,6
102.206497878613,18.7994857087829,3167,4
102.232156018108,18.4012898668603,3168,4
102.631789984604,18.6919952640473,3169,4
102.275648612533,18.5075062576867,3170,4
102.26127078377,18.8894326949577,3171,4
102.544319010473,18.8838154549841,3172,4
103.032610740892,18.535440250404,3173,4
102.217876523578,18.4522145133636,3174,4
102.787505910049,18.8238643491481,3175,4
102.547511488308,18.3151874661046,3176,0
102.540774865691,18.8896812475791,3177,4
102.905581008204,18.5486367249537,3178,4
102.824049023043,18.2132951590527,3179,4
102.804968821836,18.45588105692,3180,4
102.654851312632,18.7246837615456,3181,4
102.336461768769,18.6100054343497,3182,4
102.502401520653,18.5581313890128,3183,4
102.808237107412,18.7675117365882,3184,4
102.215564651801,18.7877256577263,3185,4
102.245225791201,18.4831644985247,3186,6
103.010685082614,18.7092831019689,3187,4
102.254022218885,18.7437178769471,3188,4
102.920140712995,18.9122212693924,3189,6
102.502421674705,18.4714741975263,3190,6
102.929548310918,18.7676453405441,3191,4
102.734454900394,18.9039490962605,3192,4
102.979551218533,18.8227435253821,3193,4
102.689307248715,18.6694005808864,3194,4
102.463862463928,18.8240282701847,3195,4
102.326519437707,18.5833409168546,3196,4
103.070881716738,18.3348152326816,3197,4
102.269806255257,18.4326106999467,3198,4
102.291020866624,18.6761552109854,3199,4
103.119667321895,18.9519966553053,3200,4
102.373887607164,18.5783093678542,3201,4
102.666469901797,18.4240640295319,3202,4
102.951640433959,18.8765276954967,3203,4
102.487357609412,18.4643250585478,3204,4
103.125623211179,18.5802201565753,3205,4
102.535746322399,18.6141593377884,3206,4
102.556417521863,18.911311668104,3207,4
102.725234886425,18.2746212505526,3208,4
102.989618254345,18.3157356872238,3209,4
102.976521426168,18.6501906485238,3210,4
102.292353111353,18.2801695174612,3211,4
102.869060433562,18.4618023988086,3212,4
102.419158329159,18.8241236023345,3213,4
102.361347282296,18.9138965122701,3214,4
102.524452374061,18.4692461361254,3215,4
102.963935287297,18.8450354765399,3216,4
102.357104260351,18.6763241720423,3217,4
102.465236217503,18.7438790631519,3218,4
102.524894474814,18.4380816564406,3219,6
102.593007134136,18.7583616971864,3220,4
102.539483854308,18.8628508591264,3221,4
102.332440791051,18.2309650804439,3222,4
103.111243387662,18.746477010902,3223,6
103.137077539526,18.7952128357519,3224,4
102.413072181571,18.5969220694303,3225,4
103.117849394136,18.5778501231205,3226,4
102.362949663407,18.5011802897388,3227,6
102.358515035528,18.4531549650507,3228,4
102.301354623438,18.5005360025228,3229,4
102.646184423295,18.753914104181,3230,4
102.419339108529,18.7086214112159,3231,4
102.432019004942,18.4684320446496,3232,6
102.615296308377,18.7145172894215,3233,4
102.450716201805,18.6924250464217,3234,4
103.066854055112,18.2147357647383,3235,4
102.668990679725,18.3958272661889,3236,4
102.449681913807,18.5228141338109,3237,4
102.607060181098,18.7567965959488,3238,4
103.093975629437,18.704499619704,3239,4
103.039847299954,18.7817359347365,3240,4
102.285651447772,18.8424143095515,3241,4
102.441222286587,18.3639913451814,3242,7
102.278546557627,18.6382385383669,3243,4
102.37731105913,18.8822615457836,3244,4
102.246848482346,18.3474352407225,3245,4
103.081769112436,18.4815923673253,3246,4
102.225260020992,18.3141244606261,3247,7
102.201971433351,18.284389367963,3248,6
102.805449170113,18.3328757372109,3249,4
102.748898209365,18.8824949110892,3250,4
102.775743275382,18.9381757586161,3251,4
102.544178047903,18.8258875800219,3252,4
102.807682753773,18.3589276385137,3253,4
103.062285243905,18.5391913341707,3254,4
102.81616177903,18.871888128737,3255,4
103.051965745336,18.8269733475254,3256,4
102.486385603673,18.2345408767612,3257,4
102.32806125573,18.6917978776129,3258,4
102.866015602434,18.2070099552804,3259,7
103.057128684819,18.6163611373249,3260,4
102.805502912919,18.2974405529137,3261,4
102.608085036303,18.2074592876221,3262,7
102.530719510372,18.3828262891177,3263,4
103.030709119767,18.6636475482957,3264,4
102.712752765802,18.8026795267953,3265,4
102.448583512305,18.2436094130492,3266,0
102.312309137706,18.6569173230748,3267,4
102.889343412165,18.8012746556113,3268,4
102.22816116061,18.5753979837932,3269,4
102.47278826203,18.3423476088816,3270,4
102.301042317228,18.4630082213006,3271,4
102.59619926233,18.7693055950972,3272,4
102.717142888816,18.8904541244834,3273,4
102.35823508903,18.6680896953052,3274,4
102.466437561533,18.2080771861411,3275,4
102.202644239846,18.9117384303035,3276,4
102.798118948164,18.4773887102898,3277,4
102.825571775509,18.3423368184502,3278,4
102.307114344517,18.7191314270173,3279,4
102.829767794335,18.400235424809,3280,4
102.394033382634,18.2280220091334,3281,4
102.47362356987,18.5369078076249,3282,7
102.30307354363,18.2128541299455,3283,4
102.999700836771,18.5431846989811,3284,4
102.842512864641,18.9093931690705,3285,4
102.501660701305,18.9030143593442,3286,7
102.551774667892,18.3782007680909,3287,0
102.74669172031,18.9114458139864,3288,4
102.569021346013,18.6666784876705,3289,0
103.05462587616,18.5249845257668,3290,4
103.095008168457,18.7873492518784,3291,6
103.14157114823,18.9199086913927,3292,4
102.888315442118,18.4946477104351,3293,4
102.867980164074,18.3676252599477,3294,4
103.11853291913,18.3051851606488,3295,4
103.043605520548,18.7757842825818,3296,6
102.861496614009,18.2030449006351,3297,4
102.876324017392,18.5898623962205,3298,4
102.267500561311,18.6074284608939,3299,4
102.287651632978,18.5950688313742,3300,4
102.526566924269,18.4667228844888,3301,4
102.43655368115,18.3237076246957,3302,7
102.585771509541,18.614958919227,3303,6
102.693892995584,18.2603028016283,3304,7
102.554356590385,18.8288729158023,3305,4
103.082314472658,18.9487028951241,3306,4
103.002819142586,18.5192694091328,3307,4
102.564049179304,18.4487163160999,3308,4
102.675415120129,18.6061915131236,3309,0
102.28011346127,18.8876101266755,3310,4
102.51071603572,18.781696137607,3311,0
102.580507167277,18.7453133248042,3312,4
102.22879765191,18.5269733114007,3313,6
102.876493732709,18.6596421108562,3314,4
103.090265329441,18.7338795635178,3315,7
102.764908274418,18.2616745173331,3316,7
102.377837303564,18.8216450070351,3317,4
102.665342450469,18.4038807518416,3318,4
102.285750485342,18.4471079771501,3319,4
102.85512709199,18.2411311505165,3320,4
102.580962422396,18.2658596687699,3321,4
103.036370210203,18.2860659209247,3322,4
102.505699243957,18.7966452770635,3323,4
102.705158176274,18.2131464694618,3324,4
103.070503783064,18.9418257416636,3325,4
102.472267111438,18.4218045809218,3326,4
102.268460391878,18.7338378019409,3327,4
102.985608489925,18.2765792300194,3328,4
102.293022628111,18.3584955524328,3329,4
102.820072741599,18.3537305056453,3330,4
102.717147835372,18.7038497031108,3331,4
102.731092241834,18.9079371616544,3332,4
102.287551784517,18.6532605642503,3333,4
102.443905583367,18.4199281665324,3334,4
102.788257989694,18.7738151066248,3335,4
102.90439759223,18.6710865447365,3336,4
102.568377413462,18.6742944127906,3337,0
102.25279118663,18.56341981502,3338,4
102.442109095037,18.6517618080056,3339,4
103.050799015932,18.2690660013392,3340,4
103.051465342589,18.5323379849902,3341,4
102.373838864365,18.2169432555458,3342,4
102.500757087956,18.5795976066801,3343,4
102.52347399816,18.5993193026215,3344,4
102.458898866287,18.9003893427932,3345,4
102.710079622581,18.7032360243337,3346,4
102.241269645678,18.2212987311335,3347,4
103.061805579542,18.644904760684,3348,4
102.647984289209,18.2380174601869,3349,4
102.574742242419,18.5928636171698,3350,0
102.468816813573,18.568485546302,3351,4
102.678243174729,18.7940551844636,3352,4
102.981182755157,18.7823363447881,3353,4
102.8343684264,18.8841118041221,3354,4
103.144843812418,18.2445911032103,3355,7
102.778416962512,18.5142042368309,3356,4
102.67952067688,18.3415541183606,3357,4
102.332301967973,18.3668057945195,3358,7
102.568917366362,18.7581063186444,3359,4
102.311419108863,18.890197674055,3360,4
102.808910686335,18.9446568181949,3361,4
102.430045645183,18.8700759112473,3362,4
102.652852901608,18.3507158807471,3363,4
102.34288028098,18.2491734620076,3364,4
102.809798508623,18.9338070278132,3365,4
103.007525849786,18.2572117788987,3366,4
102.413002707953,18.6460946608128,3367,4
103.120917840923,18.3157054598877,3368,4
102.93507314444,18.2319214772749,3369,4
102.788668916333,18.2975930680975,3370,4
102.674732964868,18.5846086331561,3371,0
102.356325711923,18.4944519201267,3372,4
102.555529152744,18.5425752368535,3373,0
102.774772128972,18.4855792556342,3374,4
102.996208381559,18.3915490073928,3375,4
102.392721070888,18.541986866739,3376,4
102.770240424378,18.8440463389995,3377,4
102.34160026433,18.8761682781555,3378,4
102.406058256994,18.7514392580967,3379,4
102.878013293356,18.8527481878298,3380,4
102.98519445967,18.8342076896946,3381,4
102.435999255923,18.7076220794536,3382,4
102.298237807452,18.4861258715466,3383,4
103.13699098692,18.7406356840227,3384,6
102.31540804371,18.2977130027814,3385,4
102.480937897491,18.2010762254667,3386,6
102.999318795872,18.738632542035,3387,4
102.627322747858,18.7627418114694,3388,4
102.914347968167,18.7612733657429,3389,4
102.832196359617,18.5874433102087,3390,4
102.317561979121,18.8323337415354,3391,4
102.317588750006,18.2940444498966,3392,4
102.490630449944,18.8300503453281,3393,4
102.43303351996,18.453189526363,3394,6
102.215283032157,18.6298229117331,3395,4
102.483023523227,18.3488322671237,3396,4
102.561221815053,18.402286728489,3397,4
102.941361616427,18.6182833404386,3398,4
103.126782265425,18.8171160432079,3399,4
102.777641768932,18.5664263726618,3400,4
102.456925213464,18.6712273057525,3401,4
102.96471764591,18.8746678426889,3402,4
103.147108302,18.3056236337452,3403,4
102.282828438931,18.7849062071419,3404,4
103.143053262354,18.9409970156061,3405,4
102.766292418592,18.3556401722835,3406,4
103.084422970489,18.3251340758636,3407,4
102.982212909885,18.8824047332937,3408,4
102.819531423307,18.8396052129332,3409,4
102.274029030401,18.7858336082411,3410,4
102.511240695763,18.6875861048046,3411,0
102.563648648058,18.5124899150034,3412,0
102.239011765487,18.6532564410678,3413,4
102.718165032763,18.2381107425918,3414,4
102.500065059054,18.7146503213208,3415,4
102.489917250921,18.826237408005,3416,4
102.912266002396,18.458531068778,3417,4
102.586456884013,18.5871931068389,3418,0
103.022484742387,18.7807312000821,3419,4
102.69014551224,18.7379730440846,3420,4
102.942968013166,18.9383913030898,3421,4
102.576123713653,18.3061321973622,3422,4
102.897081139303,18.5515058524802,3423,4
102.363339903467,18.6130742658281,3424,4
102.356297097672,18.3074702425424,3425,4
102.642974269087,18.3870593590098,3426,4
102.817805392239,18.228821094781,3427,7
102.713849326286,18.5177070574967,3428,4
102.230798804742,18.3166243236841,3429,4
102.398743416062,18.7877792696679,3430,4
102.860750242422,18.4980606543427,3431,4
103.002436898098,18.79972373077,3432,4
102.227869120868,18.3524185587394,3433,4
102.807235084355,18.901716276503,3434,4
102.409702595029,18.3390029345644,3435,7
102.724062275168,18.4216333921947,3436,4
103.121700071485,18.5350729129519,3437,4
102.766090305838,18.551563532267,3438,7
103.132745313719,18.866955052472,3439,4
103.097829546906,18.4408149362272,3440,4
102.25886907714,18.888950965546,3441,4
102.311382413257,18.645962232524,3442,4
102.282087001792,18.3887673341418,3443,4
102.369425117282,18.4782672486168,3444,4
102.586652658769,18.3020468399618,3445,7
102.535315307531,18.7550701586981,3446,0
102.993525017964,18.6886828396717,3447,7
102.781971937103,18.843977817969,3448,4
103.014754576629,18.2061454784666,3449,7
102.939469749473,18.3683027663189,3450,4
102.201659985148,18.6807028765985,3451,4
102.83170487008,18.9101659577204,3452,4
102.289657780107,18.8807857219391,3453,7
102.844790037628,18.6047835904945,3454,4
102.376833012014,18.5956671249723,3455,4
102.60036638885,18.7767025224148,3456,4
102.944343808946,18.7383739461002,3457,4
102.424987400489,18.9181658034741,3458,4
102.321402630783,18.4619222250913,3459,4
102.417052281137,18.6746888909873,3460,4
102.570581951509,18.9004824503941,3461,4
103.091284360769,18.6320484359388,3462,4
103.083158873507,18.364673036564,3463,4
102.938506754468,18.829308967707,3464,4
103.108294570714,18.6369563117996,3465,4
102.478442691807,18.6583011973332,3466,4
102.460497218134,18.5826198868004,3467,4
102.46013499036,18.5984991851779,3468,4
102.265123886404,18.8817985167905,3469,4
102.667337858472,18.293349826934,3470,6
102.94114581901,18.6020085446489,3471,4
102.570049962611,18.7092724131477,3472,0
103.044389134577,18.381149989879,3473,4
102.535809986523,18.787197585549,3474,4
102.607184043076,18.7041078565419,3475,4
102.215249555104,18.7095715773094,3476,4
102.90959725621,18.3517538819191,3477,4
102.79927905017,18.7794619922563,3478,4
102.326373500145,18.5146904595669,3479,4
102.528144505205,18.5481745594044,3480,4
102.423604971928,18.8586413215945,3481,4
103.034184910943,18.4312768068454,3482,4
102.692702124687,18.8146540359631,3483,4
102.78158454293,18.2886610583238,3484,4
102.418869604582,18.5178920542355,3485,4
102.660454180038,18.2885409108924,3486,4
102.496460594627,18.5583780791923,3487,7
102.953470158743,18.6076403992854,3488,4
102.747528746725,18.8275150919944,3489,4
102.59805860424,18.9324672998418,3490,4
102.541618945676,18.2537022184269,3491,7
102.421644908207,18.5089743161686,3492,7
102.857315890185,18.629196215159,3493,4
103.081218930644,18.7585518992157,3494,6
102.488770578616,18.5697424533728,3495,4
102.256551444525,18.8084438865119,3496,4
102.554364794131,18.4545822322648,3497,4
102.461876226237,18.5018689193976,3498,4
102.322613200582,18.4819853160159,3499,4
102.399455061451,18.2777039516373,3500,4
102.212974976649,18.7846455709562,3501,4
102.567469151635,18.9217113417392,3502,7
102.313203189678,18.2007179677045,3503,4
102.518861431659,18.829055170321,3504,4
102.96607241193,18.2649805119807,3505,4
102.228198414298,18.7064968202662,3506,4
102.644619228019,18.541260288269,3507,0
102.994255480605,18.2848261994649,3508,4
102.667295535391,18.5219316341605,3509,0
103.089563614902,18.420868524919,3510,4
102.319513051011,18.7013021271027,3511,4
102.681667708104,18.5177146827212,3512,0
102.799954720111,18.7309372344103,3513,4
102.571776292849,18.492752762992,3514,4
102.719147270078,18.5210755734982,3515,4
102.614830047621,18.9441135103225,3516,7
102.875191625817,18.536540167745,3517,0
102.87701726594,18.5848859723454,3518,4
102.848052070451,18.8944340689225,3519,4
102.8706336702,18.9145848458298,3520,4
102.980934179724,18.6012358855062,3521,4
102.299663357167,18.7188876175642,3522,4
102.201603731539,18.8110701453244,3523,4
102.692517768149,18.2219976030284,3524,4
102.903573998583,18.2662242682165,3525,4
102.289546217918,18.8972309285201,3526,4
102.89928034883,18.72672377426,3527,4
102.33945111138,18.3610232481611,3528,4
102.271371583301,18.8546286057205,3529,6
102.667659361738,18.8869322361112,3530,4
102.784036699223,18.4852840680763,3531,4
102.639670474247,18.7006989380165,3532,4
102.501018383933,18.710186225784,3533,4
103.108043588153,18.2148978748778,3534,7
102.729873345004,18.5137705941055,3535,4
102.9759440619,18.8449588665201,3536,4
102.98629532194,18.6505822742658,3537,4
102.938872992844,18.3333137498296,3538,4
102.362903754618,18.5554263164594,3539,4
102.994603389656,18.3402770173657,3540,4
102.628930753081,18.6096345727648,3541,0
102.506313312276,18.8522379139272,3542,4
102.591122946635,18.8869212141043,3543,4
103.067505201986,18.5868691051327,3544,4
102.701126940083,18.220339326137,3545,7
102.562720314139,18.6148800402486,3546,0
102.89853359754,18.7988964309195,3547,4
102.862527333951,18.7979464059082,3548,4
102.513960312212,18.8432445671757,3549,4
103.031355207509,18.4762412014335,3550,4
102.790581833305,18.3305006858417,3551,4
102.22090272416,18.3004983738367,3552,4
102.218377190996,18.3022858296988,3553,4
102.860918807213,18.515011441672,3554,4
103.082487587655,18.4720300026188,3555,4
102.560660882742,18.9225428691525,3556,4
102.40706077314,18.904014653646,3557,4
102.483217924826,18.5594838505374,3558,4
102.226257338038,18.7774650999905,3559,4
103.022458045241,18.2327247501886,3560,4
102.240286251396,18.3415261409701,3561,4
102.226491259525,18.5407831960251,3562,4
102.815608449072,18.7143842088102,3563,4
102.628239205883,18.7966861561976,3564,4
102.330430149833,18.2926012071606,3565,4
102.343288925376,18.783594938492,3566,4
102.233015412465,18.7775032494308,3567,4
102.550510351528,18.6570225573125,3568,0
102.405889904193,18.854264820085,3569,4
102.86992604424,18.4339003978531,3570,4
102.53744108531,18.8059551370269,3571,4
102.291002476908,18.5241452911214,3572,7
102.931126408177,18.6530966071172,3573,4
102.398811588308,18.4909479163853,3574,4
102.745471998669,18.3594174704228,3575,4
102.897892511334,18.2784951972584,3576,4
102.825294528685,18.9281452259346,3577,4
102.511698123544,18.811656203163,3578,4
102.301759145573,18.2000436637367,3579,4
102.906690321802,18.2877735513212,3580,4
102.775735613217,18.2339620015194,3581,7
102.940859074532,18.8337059245264,3582,4
102.906857238295,18.2471503536826,3583,7
102.722785595347,18.6540460906927,3584,7
102.835065535003,18.5926077305888,3585,4
103.00182882107,18.8570456536751,3586,4
102.339031041323,18.4905690414139,3587,4
102.394937314972,18.7204980830732,3588,4
102.404800208017,18.9396143954443,3589,4
102.403995101622,18.7574206742977,3590,4
103.017972367412,18.6105625984067,3591,4
103.002475698143,18.624250743092,3592,4
102.525533877382,18.3312594892429,3593,4
102.350543059691,18.8374209897645,3594,4
102.653510007782,18.8792111482252,3595,4
102.28063476437,18.8298388975149,3596,4
102.533940154507,18.7599839396523,3597,0
102.466792284606,18.7962744537758,3598,4
102.5471799875,18.3247965214105,3599,4
102.997509492329,18.9376500765936,3600,4
102.936114542329,18.3081177597773,3601,4
102.443986960717,18.6030611267925,3602,4
102.869604340135,18.2518266296548,3603,4
103.139948545499,18.3766738975142,3604,4
102.519069446877,18.6692413594098,3605,0
102.811809893803,18.3610703119105,3606,4
102.287020086595,18.785714610795,3607,4
102.762197080645,18.8928799673854,3608,4
103.101240413377,18.697700270404,3609,4
102.854370402302,18.7683525440907,3610,4
102.440306325644,18.4142222032285,3611,4
102.469276742787,18.2680813200646,3612,7
103.057252832026,18.7618247329285,3613,6
102.273741415576,18.6211705191207,3614,4
102.433370485884,18.5184499135119,3615,4
103.094292074145,18.4293872733984,3616,4
102.878774018709,18.2032159876407,3617,7
103.103031502233,18.9191994300815,3618,4
102.607167742856,18.9117031832124,3619,4
102.329488711972,18.5489497440534,3620,7
102.422598195507,18.4249151902518,3621,6
102.213386412283,18.802032686664,3622,4
102.583422094732,18.2202918207768,3623,7
103.09719379498,18.8863238992559,3624,4
103.15099921809,18.751313573572,3625,7
103.021441318958,18.5453742852586,3626,4
102.299658068916,18.319591041844,3627,4
102.621117363333,18.9138564702709,3628,4
102.906844450243,18.4831009185094,3629,0
102.717993714903,18.369584782779,3630,4
103.054066421468,18.9143180429229,3631,4
102.33893522773,18.2728449516126,3632,4
102.840649016776,18.3218249992187,3633,4
102.718238805909,18.2367246890717,3634,4
102.956564166162,18.2086496360737,3635,4
102.96332118567,18.3131577709452,3636,4
102.719621602789,18.5375441880309,3637,0
102.351215143754,18.2174274040899,3638,4
102.762339100593,18.8223413648953,3639,4
102.541667627431,18.7333465265213,3640,0
102.741148990605,18.3339934995983,3641,4
102.825470140796,18.4631810418006,3642,4
102.746705925014,18.8053112901269,3643,4
102.638619619675,18.574783506693,3644,0
102.262722434192,18.9384636779812,3645,4
102.417183760531,18.7729802291011,3646,4
102.249608462237,18.8180139261487,3647,4
102.729649240702,18.777805564879,3648,4
102.620580318371,18.901281938965,3649,7
102.326282150723,18.6947675021504,3650,4
102.332851103461,18.8658303257818,3651,4
102.691013061512,18.5388017354578,3652,0
102.733629944796,18.7009161561987,3653,4
102.955695611994,18.5566091731935,3654,4
102.363181349486,18.3788750979636,3655,4
102.354233108542,18.6603715442274,3656,4
102.550613020127,18.5055533385937,3657,4
102.338961930181,18.4793747586054,3658,4
102.998226009987,18.7279445225964,3659,4
102.448119789613,18.4476393949532,3660,6
103.03871920891,18.4723073943272,3661,4
102.35290829619,18.8749790462614,3662,4
103.033027566476,18.7660770987919,3663,6
102.440378858794,18.9048016499742,3664,4
102.350767152493,18.8916992257112,3665,4
102.643946067195,18.5923272728053,3666,0
102.297402646831,18.5589763285204,3667,6
102.517943306221,18.7157876984835,3668,0
102.357828079273,18.2706561219055,3669,4
103.031794477197,18.9114765837354,3670,6
102.243821518986,18.4389287967342,3671,4
102.846185074933,18.2782790588394,3672,4
102.930657837173,18.3646664246316,3673,4
102.347143787231,18.69835360135,3674,4
102.374303854813,18.8313729480554,3675,4
102.660002339515,18.6774656764715,3676,4
102.315214026928,18.6556347648897,3677,4
102.634447318985,18.8064038324451,3678,4
103.119056515165,18.4987167150713,3679,4
102.774248718682,18.425640828816,3680,4
102.308730486821,18.625152697274,3681,4
102.992769894921,18.6134767741635,3682,4
102.519938252255,18.2742922392625,3683,7
102.612410231471,18.8974879351774,3684,4
102.837947846064,18.5964465633515,3685,4
102.792739112615,18.4868093578985,3686,4
102.792003702047,18.388984412668,3687,4
103.136583704556,18.6592217046447,3688,4
102.561397858311,18.4208454359099,3689,4
102.324644096347,18.5176332906198,3690,4
102.642547482668,18.4330639194122,3691,4
102.329086295869,18.4878079670954,3692,4
102.841042324351,18.2995063072646,3693,4
102.451256491311,18.7320289627226,3694,4
102.930783306619,18.5005737175076,3695,0
102.421436243228,18.5016203979319,3696,7
102.613394849775,18.4600367175325,3697,0
102.722728892001,18.220627603307,3698,7
102.657765154229,18.9098493735299,3699,4
103.140057908083,18.3849830530235,3700,4
102.721055183521,18.8160437454042,3701,4
102.350297506429,18.540066446842,3702,4
102.225160863099,18.2784922418859,3703,4
103.144136451478,18.3050624040095,3704,4
102.249111876911,18.6886661517288,3705,4
102.683735179468,18.31475882965,3706,4
102.398126030044,18.8157123828036,3707,4
102.529540392183,18.5444773040313,3708,4
102.443815737233,18.8016623045679,3709,4
102.566698362375,18.8782924683899,3710,4
102.970011419917,18.6714416271257,3711,7
102.361653827465,18.695200012735,3712,4
102.250742512982,18.9007304193082,3713,4
102.747336256511,18.8348559243228,3714,4
102.597830237542,18.3439800299297,3715,7
102.204431916614,18.5779049977007,3716,4
102.664697379134,18.5321890667385,3717,0
103.032502126082,18.6472778546924,3718,4
103.11049596516,18.920654956984,3719,4
102.221597672053,18.6781938090838,3720,4
102.393637678562,18.9132453327499,3721,4
103.083817988397,18.8008590470686,3722,4
102.391886596922,18.9174655588127,3723,4
102.244419782344,18.6901311073809,3724,4
102.307118675017,18.7803484933085,3725,4
102.330294024013,18.6555503212431,3726,4
102.629871829187,18.2225065590583,3727,4
102.762864151702,18.3542345593936,3728,4
102.390967422908,18.5551352127431,3729,4
102.541415128553,18.6103648969401,3730,4
102.531679397641,18.7858490000635,3731,4
103.096140078333,18.6063793239069,3732,4
102.284929618537,18.9452091447624,3733,4
102.962202645191,18.4124423855704,3734,4
102.935734399923,18.4381652915227,3735,4
102.536123902095,18.4077412811802,3736,4
102.487162362235,18.8692735678211,3737,4
102.4187585303,18.4462980232695,3738,6
102.748297809838,18.3177632848446,3739,4
103.044638941546,18.8198493399903,3740,4
102.811817638869,18.3553418118731,3741,4
102.701503555247,18.5149379168766,3742,4
102.472771488985,18.8665951495551,3743,4
102.78991400007,18.4979222126117,3744,4
102.475701754682,18.6536573523803,3745,4
102.334518888076,18.2151768155921,3746,4
102.683634775461,18.808676729482,3747,4
102.910666332275,18.3239255559563,3748,4
103.099496803942,18.5361144934831,3749,4
102.310168787536,18.7985564392222,3750,4
102.386538771666,18.2472807369507,3751,7
102.299360080697,18.6960237824747,3752,4
102.999198869478,18.219609481763,3753,4
102.987754522649,18.7196092979604,3754,4
102.735365347412,18.7611679521637,3755,4
102.515062988123,18.4996732736074,3756,0
103.009361889058,18.664817995598,3757,4
102.783206344701,18.3573047228628,3758,4
102.776354015791,18.4689325120174,3759,4
102.481754528577,18.711707095301,3760,6
102.529892285396,18.7070490311213,3761,0
102.331611809562,18.5642569770529,3762,7
102.245629325515,18.4698853106598,3763,7
102.507192522551,18.2186231491001,3764,4
102.949235698648,18.7241464483926,3765,4
103.130946203925,18.2991095897294,3766,4
102.654483355841,18.8714188592262,3767,4
102.831289008502,18.8803973788251,3768,4
102.364178000345,18.2087554346484,3769,4
102.873930526982,18.4704272774175,3770,4
102.668289955693,18.8101674849932,3771,4
102.659440897905,18.313958635353,3772,4
102.354275332589,18.2448871686144,3773,4
102.326334527922,18.3324471480111,3774,4
102.725531867868,18.6342769955333,3775,4
102.533398810919,18.8102626863386,3776,4
102.705704730379,18.3371317766091,3777,4
102.915410870087,18.7147868315304,3778,4
102.82377239207,18.7139543824518,3779,4
102.737175613777,18.5389736893655,3780,0
103.092056519749,18.2769187123898,3781,4
102.760377864711,18.3200422195536,3782,4
102.952179326431,18.3358183063229,3783,4
102.442279450609,18.3082356892829,3784,7
102.559218588082,18.4371407801704,3785,4
102.572058723945,18.3305994562144,3786,4
102.307589965938,18.3005786984349,3787,4
102.703414320125,18.8467998810329,3788,4
102.251609935816,18.6211908773114,3789,4
102.811538172716,18.8738093151349,3790,4
102.261114879724,18.3991812333084,3791,4
102.345969549535,18.3144093679652,3792,4
103.055368839236,18.4878495523904,3793,4
102.352565545911,18.4171543271823,3794,4
102.787812650043,18.8993750240614,3795,4
102.384741617464,18.5859277651109,3796,4
102.794227349733,18.2559415966853,3797,4
103.016420926408,18.7865025280156,3798,4
102.348237532467,18.6416538450185,3799,4
102.257632801224,18.7283875515767,3800,4
102.524479929212,18.3893816287368,3801,4
102.735929660621,18.5752295221063,3802,0
102.376613738533,18.9052981683733,3803,4
102.89126471158,18.6017222392226,3804,4
102.607121247161,18.5288413463331,3805,0
102.335608424579,18.2488639646032,3806,4
102.61873781344,18.4531274052193,3807,4
102.905709203083,18.6731972167566,3808,4
102.735393300853,18.8515553906683,3809,4
102.539032513152,18.4789807471871,3810,4
102.737934091058,18.3689075788379,3811,4
103.045658118692,18.8657043512804,3812,4
102.882545640043,18.8702998740604,3813,4
102.991710259616,18.3008278929446,3814,4
102.220152322837,18.3709758431802,3815,4
102.213598546331,18.3815725763762,3816,4
102.562065930377,18.8264239496013,3817,4
103.137354623755,18.2613705246031,3818,4
102.810670066049,18.3350437702117,3819,4
102.656927127093,18.7324737766905,3820,4
102.483463874144,18.3942959821592,3821,4
102.889060575926,18.631098566832,3822,4
102.343618615741,18.3331966517187,3823,4
102.696188459844,18.2138919348387,3824,7
102.804853004307,18.7769155483025,3825,4
102.853271855403,18.9016837594378,3826,4
103.113676406453,18.3855309205736,3827,4
102.963369816215,18.4604648433851,3828,4
102.241386156925,18.8519546042551,3829,4
102.391319262876,18.5972320726542,3830,4
102.495450029763,18.3402770463674,3831,4
103.10021799516,18.6897025249168,3832,4
102.731965585946,18.8473588189412,3833,4
102.938562349078,18.3149601090174,3834,4
102.39233461022,18.8531419445448,3835,4
102.724583584791,18.5261209002068,3836,0
102.338354585929,18.8436633830507,3837,4
102.699864048205,18.2551321390055,3838,7
102.803931842446,18.3136170264446,3839,4
103.12414080123,18.2445971385267,3840,4
102.244215539304,18.2869328438476,3841,4
102.419630688038,18.5257792243133,3842,4
102.413205862811,18.3067655196633,3843,4
103.071277226003,18.6086327066505,3844,4
102.325771452394,18.6209999989761,3845,4
102.317985701342,18.6166199623351,3846,4
103.03478638007,18.5963200212312,3847,4
102.604243582472,18.2571802840685,3848,7
102.976350623794,18.7328444789917,3849,4
102.524418649345,18.3068342722721,3850,4
102.640973030964,18.380167508746,3851,4
103.095492876484,18.7182290092905,3852,4
102.390930628959,18.3915499689042,3853,6
102.76370114267,18.4332072904411,3854,4
103.129501015181,18.630861064065,3855,4
102.731241713675,18.6774198778526,3856,0
102.825569797344,18.7231843790887,3857,4
102.820600361008,18.9442488377713,3858,4
102.45266610732,18.4217187092893,3859,6
102.576337023657,18.6736121459094,3860,0
102.631890621989,18.6368396854431,3861,0
102.250546368952,18.9230571594718,3862,4
102.547819946424,18.5722821359516,3863,0
102.648792082986,18.4492600226608,3864,0
102.697595736254,18.7954666346572,3865,7
102.950327574027,18.2459019769635,3866,7
103.115783469879,18.6891291628212,3867,4
102.793357047382,18.3153788676433,3868,4
102.745263715935,18.8220326217879,3869,4
102.339220079386,18.4783996496848,3870,4
102.505160238734,18.7122691719625,3871,4
102.468841919901,18.3407337696004,3872,7
103.140798087475,18.8831024525097,3873,4
102.295271399764,18.6795345255986,3874,4
102.3352353748,18.8147241526827,3875,4
102.845631406458,18.4919537035597,3876,4
102.809999832781,18.3600542032588,3877,4
103.038565754393,18.621472766755,3878,4
103.063993723569,18.3351105615381,3879,4
102.65488509378,18.5391693394085,3880,0
102.746836722043,18.4273133861496,3881,4
102.962551259523,18.5639916090094,3882,4
102.316559008274,18.3185044523509,3883,4
103.088184185072,18.2730481862684,3884,4
102.547586620333,18.5269032570119,3885,4
102.472687371732,18.4224404710477,3886,4
102.548574145351,18.5474530881739,3887,0
102.653626215314,18.4266285938949,3888,4
102.21101831708,18.2294501579069,3889,4
102.596081638956,18.3071287083321,3890,4
102.732482395037,18.9272414630202,3891,4
102.91097212233,18.8810178581478,3892,4
102.998865361041,18.7312500876008,3893,4
102.874745129523,18.4122739746886,3894,4
102.443566138656,18.5008191746294,3895,4
102.703646466427,18.5253244673716,3896,0
102.720050089279,18.858720480027,3897,4
102.835789760028,18.6905980748426,3898,4
103.038764527158,18.509826112478,3899,4
102.758663028305,18.4249403004898,3900,4
102.334004875713,18.4520578771408,3901,4
102.428540577827,18.5927233182451,3902,4
102.959297699504,18.8061367063217,3903,4
102.498629113073,18.2772735477289,3904,7
102.380302115044,18.2918983668214,3905,4
103.071689893764,18.8252478601235,3906,4
102.216126365861,18.8583037597504,3907,4
102.488383641438,18.4941720676469,3908,4
102.544126392347,18.7734432639097,3909,4
102.922349064138,18.3728205319781,3910,4
102.325567657614,18.8507260276536,3911,4
102.969647489715,18.5987669906145,3912,4
102.774620806493,18.7294124614232,3913,4
102.786246913387,18.7913408414339,3914,4
102.240527521885,18.2109171367557,3915,4
102.746331882198,18.8721312656186,3916,4
103.044753864854,18.7957989924003,3917,4
102.289958071746,18.4127319537761,3918,4
102.723481044409,18.8226397595126,3919,4
102.599233044525,18.7193964126707,3920,4
102.876116533299,18.4709290761765,3921,0
102.946131790481,18.7541118475157,3922,4
102.2019536017,18.836927587424,3923,4
102.5466670725,18.5037203621575,3924,4
102.73107155949,18.8642888885015,3925,4
102.614903206379,18.8311469867865,3926,4
102.708762751033,18.4874595085442,3927,7
102.609900821072,18.5359321464962,3928,0
102.560903384128,18.7361231881541,3929,4
102.322142861105,18.8249350705922,3930,4
102.73922566275,18.5884295100991,3931,0
102.734434402194,18.5099913718601,3932,4
102.280737429051,18.3544082848533,3933,4
102.628479386081,18.3549492779658,3934,4
102.923723615383,18.9035543475294,3935,4
102.586865140294,18.7498362742611,3936,4
102.884120600244,18.6161583992756,3937,4
102.866852481923,18.2284260566417,3938,7
102.965949817988,18.4316842768515,3939,4
102.562994380004,18.8661314510027,3940,4
102.354534822358,18.8560733290683,3941,4
102.436416476207,18.6782679189405,3942,4
102.617706221988,18.2908389554367,3943,4
102.334063793566,18.5763778501728,3944,4
103.039979135407,18.9427272627574,3945,4
103.019338833348,18.3676117945381,3946,4
102.289362213831,18.8070549805114,3947,4
102.646637358232,18.266486048255,3948,4
102.50329569303,18.5173755770054,3949,4
102.887997037388,18.8115322592901,3950,4
102.731929788476,18.6512566697326,3951,0
102.200243962144,18.87262886695,3952,4
103.083251907192,18.5588730360345,3953,4
103.136918459628,18.462949562985,3954,4
102.430737975643,18.7225517032403,3955,4
102.538629233424,18.4453094757663,3956,4
102.230142462901,18.5701527002163,3957,4
103.036223129981,18.9274130305032,3958,4
102.273092353203,18.804203820207,3959,4
103.0156574198,18.3876815554195,3960,4
102.622950312956,18.4979820213071,3961,4
102.69076036256,18.3088291709862,3962,4
102.773572318943,18.2550055458386,3963,7
102.931077892937,18.6474939199747,3964,4
102.752553819774,18.2967052592895,3965,4
102.674218650118,18.2962587831552,3966,7
103.07011507721,18.2513060488413,3967,4
102.393931007183,18.5674207956755,3968,4
103.033814494397,18.3245634100662,3969,4
102.557662791002,18.794783808239,3970,4
102.338785962446,18.9254139659799,3971,4
102.464261146921,18.723136856976,3972,4
102.707906051483,18.7385431252002,3973,4
102.786416215835,18.8806801041187,3974,4
102.340343022103,18.8112269828403,3975,4
102.949833469307,18.5602526783748,3976,4
102.537746136343,18.8947014863496,3977,4
102.509666960358,18.7744902809316,3978,0
102.369954394919,18.8498314746924,3979,4
102.411104301122,18.3769828477094,3980,4
103.015195425992,18.4541048829606,3981,4
102.692517791322,18.645831512004,3982,0
102.951691778122,18.6345694959194,3983,4
102.329204916647,18.475842387187,3984,4
103.017541494666,18.7132243955125,3985,4
102.38185756224,18.9472881009669,3986,4
102.477322890208,18.2579755460688,3987,4
102.597752208876,18.5139484889502,3988,0
103.026176997744,18.2968708335264,3989,4
102.71371869975,18.5323861708591,3990,0
102.851435101709,18.5759586934565,3991,4
102.597250417422,18.8122771591943,3992,4
102.767512943673,18.5145962629665,3993,4
102.66483405522,18.4320029505183,3994,4
102.421847301766,18.6459485401373,3995,4
102.732653364339,18.5535402952025,3996,0
102.657301468723,18.2825936921647,3997,4
102.250090237203,18.8126771920191,3998,4
103.05718990375,18.5599791232698,3999,4
102.436875567338,18.5742064917132,4000,4
102.227069656703,18.5898782450268,4001,4
102.701157410215,18.7404984508339,4002,4
102.944563741638,18.4414632910363,4003,0
102.592390269145,18.5679532618173,4004,0
102.216065985355,18.5539642584758,4005,4
102.219539125841,18.5734755173241,4006,4
102.900565210661,18.2621240560155,4007,4
102.52146520017,18.8505463290163,4008,4
102.745961767898,18.6342863671678,4009,4
102.755204269952,18.7001200673042,4010,0
102.209291069212,18.4560897656914,4011,4
102.837346035633,18.6415932983068,4012,4
102.940109133839,18.7307384874575,4013,4
102.665898449611,18.2167680407066,4014,7
102.741099796378,18.8343170586948,4015,4
102.64006975034,18.5271562176331,4016,0
102.582994309368,18.3771587013262,4017,4
102.580380517244,18.5538509596496,4018,0
102.932524416,18.4882699602571,4019,4
102.716837658482,18.9229931957911,4020,4
102.573221656228,18.9392697844946,4021,4
103.115188529679,18.6117301384791,4022,4
103.028929015292,18.8806520507691,4023,4
102.823267676197,18.9125554855145,4024,4
103.145179341901,18.8698433666651,4025,4
102.905802763523,18.859332907937,4026,4
103.129245337073,18.8896242913724,4027,4
102.537990039459,18.5067618217773,4028,4
102.387039681465,18.3605939109349,4029,6
102.230273415336,18.5380264510166,4030,6
102.752074471863,18.2335393961145,4031,4
102.48162264303,18.4721230744275,4032,7
102.438112964762,18.5679996440575,4033,4
102.692546399571,18.9361494333879,4034,4
102.238451788706,18.4512645578174,4035,4
102.743404566626,18.8860485355715,4036,4
102.471179615447,18.4750577134248,4037,7
102.365157814073,18.6566584731098,4038,4
102.812434701357,18.3082479824302,4039,4
102.805678281018,18.635715645233,4040,4
102.952471511551,18.4142368709095,4041,4
102.602400879297,18.624374275349,4042,0
102.858221671654,18.4204880930256,4043,4
102.755930614704,18.72655807783,4044,4
103.079729047906,18.5176800894222,4045,4
102.952403970557,18.5604330479382,4046,4
102.389903120141,18.8885125670839,4047,4
102.749872202543,18.2614985061199,4048,4
102.920801508161,18.8340327530681,4049,4
102.957361888717,18.8427299051381,4050,4
102.843055117518,18.9246566682259,4051,4
102.309990647759,18.3032354364269,4052,4
102.983516962099,18.241248951266,4053,4
103.051311068639,18.5377911608629,4054,4
102.78878485857,18.4041001414697,4055,4
103.025866255908,18.7272519828578,4056,4
102.575709080443,18.3612686858141,4057,4
102.744237041812,18.2950591661413,4058,4
102.23218385067,18.8939043986815,4059,4
102.723539728357,18.683423513135,4060,4
103.063544873683,18.5273074606143,4061,4
102.831025551332,18.7807989172194,4062,4
102.44135092071,18.2483375724664,4063,0
103.127093149641,18.4088701339672,4064,4
102.48063316669,18.9013709826132,4065,4
102.929406860741,18.4204781638026,4066,4
102.6846995752,18.6392476592483,4067,0
102.332358191747,18.3071973827097,4068,4
102.22041256498,18.9133588202174,4069,4
102.543008508367,18.5215872982683,4070,4
102.800878155273,18.6468077323419,4071,4
102.578795157584,18.6699968719987,4072,4
102.779402915323,18.8906296706115,4073,4
102.459948795017,18.4900238912849,4074,7
102.481502518351,18.4990436933542,4075,6
103.068079799905,18.5489930585073,4076,4
102.246713003406,18.2569716392914,4077,4
102.400744310129,18.2807788369686,4078,4
102.51996183466,18.8481660072418,4079,4
102.484369230826,18.3567314970762,4080,4
102.340132189102,18.8070919614893,4081,4
102.796735435413,18.4039718992145,4082,4
102.935439094783,18.7265746674298,4083,4
102.57795726803,18.3745349176052,4084,4
102.826752957886,18.3250673904716,4085,4
102.597900227607,18.590645621118,4086,0
102.238038597115,18.5669764894157,4087,4
102.622281621677,18.5499849329824,4088,0
102.920670202912,18.6708331991647,4089,4
102.327267479362,18.2613959586295,4090,4
102.865240194902,18.9334022398482,4091,4
102.431217618851,18.8122018053418,4092,4
102.765267649841,18.2844933967173,4093,4
102.518894464959,18.2865877771661,4094,4
102.246297197165,18.3617419603388,4095,4
102.365370292086,18.6872719466561,4096,4
102.295888615949,18.4618508686912,4097,4
102.233169564995,18.7400475248301,4098,4
102.651299267714,18.9254512549194,4099,4
102.858457371247,18.8743398984442,4100,4
102.714541778047,18.7062030969416,4101,4
102.28351044348,18.4514605871596,4102,4
102.768072242407,18.658637326332,4103,4
102.684825212961,18.2659535865208,4104,4
102.353499093431,18.8034559997437,4105,7
102.755371195914,18.6476786408041,4106,4
102.866266001755,18.2591657864969,4107,4
103.116007321358,18.3760142007337,4108,4
102.451625832506,18.616161257363,4109,4
102.869489686265,18.4770408128657,4110,4
102.37171925512,18.876952730734,4111,4
102.437588771217,18.8148504896806,4112,4
102.453713016794,18.6544423101066,4113,4
102.562213932769,18.2420139846901,4114,7
102.671771020097,18.4739447544292,4115,0
102.938853892151,18.9034431314457,4116,4
102.598990880454,18.6499278426848,4117,0
102.247376592023,18.2841870914592,4118,4
102.52923791949,18.5042552210749,4119,4
102.554689244627,18.7928484911644,4120,4
102.282858592981,18.6196147803242,4121,4
102.362782639485,18.2437220752529,4122,4
103.036635491237,18.5139761543056,4123,4
102.313160491318,18.9060282462859,4124,4
102.361808372824,18.8765068016083,4125,4
103.109317060827,18.2795293979157,4126,4
102.499580791393,18.3043722419196,4127,4
102.603656929264,18.236307111067,4128,6
102.385693747143,18.5463774105241,4129,7
102.411762418445,18.5173569782075,4130,4
102.582558664405,18.640671457438,4131,4
102.825495525284,18.4849942524706,4132,4
102.940088876817,18.6723850138125,4133,4
102.496495839153,18.5196946105408,4134,4
102.222047661639,18.7910769997006,4135,4
102.911384780485,18.7844682854513,4136,4
102.730542497176,18.4734115120754,4137,4
102.316273742705,18.4953854624527,4138,4
102.867009602367,18.2967839385085,4139,4
102.222862316067,18.6422350826445,4140,4
102.670024529733,18.9454308730529,4141,4
102.35198158274,18.2467234361124,4142,4
102.934439913534,18.6927310260528,4143,4
102.587507278861,18.6681731922565,4144,4
102.744948006104,18.7589179125703,4145,4
102.861711543326,18.785565268054,4146,4
102.202971277081,18.5982036996089,4147,4
102.379532554493,18.6949980996364,4148,4
102.939647293903,18.8443357437675,4149,4
103.082431808983,18.7088038240859,4150,7
102.858451492758,18.4628419200721,4151,4
102.488639217783,18.2702104559578,4152,4
102.780845537029,18.238443266951,4153,4
102.627923132183,18.478599894946,4154,0
103.131353834362,18.8065880689271,4155,4
102.255537039504,18.6338525274495,4156,4
103.082730204653,18.6137070901906,4157,4
102.636237309013,18.7449562327791,4158,4
102.41420010293,18.4510273330158,4159,6
102.259040628146,18.9117592548754,4160,4
102.689591335746,18.8799822998175,4161,4
102.73214092001,18.3032359748695,4162,4
102.941307317926,18.2999086404371,4163,4
102.778226099286,18.8933751784314,4164,4
102.625079704307,18.7813740414857,4165,4
102.973712405319,18.2299104458068,4166,4
102.489064018254,18.2757855789584,4167,4
102.859061541724,18.519636728305,4168,4
102.924052257998,18.7374785670474,4169,4
102.430987027557,18.9279316732874,4170,4
102.898267882893,18.7075227790943,4171,4
102.288910569167,18.7340669064793,4172,4
102.896469806347,18.3655786228756,4173,4
102.498069575928,18.5953153856086,4174,4
103.092246313106,18.5838861522892,4175,4
102.478953983125,18.7829912256092,4176,4
102.900536090758,18.2046561160472,4177,4
103.126407056698,18.4692923521045,4178,4
102.743089947453,18.3020726818767,4179,7
102.928078989037,18.4137611769114,4180,4
102.359658071832,18.8431952489037,4181,4
102.568553526966,18.7236447395174,4182,4
102.503178201582,18.6538698935889,4183,4
102.68776453898,18.897712898805,4184,4
102.362260143696,18.8055652687391,4185,4
102.527826565018,18.772498426882,4186,0
102.822088774928,18.7060102755381,4187,4
102.261926239365,18.2617136466848,4188,4
102.925963596866,18.6643479500984,4189,4
102.682905007933,18.6786041973264,4190,4
102.491501153699,18.3941094167587,4191,4
102.65628070074,18.5744415542166,4192,0
103.049053399865,18.7965822730967,4193,4
103.151119249201,18.887827682943,4194,4
102.375089999008,18.7503258192151,4195,4
102.2790801146,18.8662753367984,4196,4
102.789156919723,18.9229782671299,4197,4
102.484736238924,18.7180423125364,4198,4
102.491075969972,18.6929384001886,4199,4
102.645669537201,18.303579369926,4200,4
102.724583428763,18.5018665842602,4201,4
102.765649596398,18.2489025568062,4202,4
102.479117993554,18.4090702312145,4203,4
103.087827938798,18.6492380957493,4204,4
102.995427750537,18.2270458936587,4205,4
102.665617034988,18.5008344207344,4206,0
102.968622984004,18.8477539005347,4207,4
102.339681719047,18.673177424211,4208,4
102.25434285817,18.3299422847703,4209,4
102.519761236398,18.4173792830765,4210,4
102.280765788637,18.304029709405,4211,4
103.11893013275,18.5844802783308,4212,4
102.557924096947,18.8213514364227,4213,4
102.873748019004,18.8381467835732,4214,4
102.585137822641,18.2595107150856,4215,4
102.725870494553,18.2136887704879,4216,7
102.24596649348,18.8773290227398,4217,4
102.770178937401,18.7218204691865,4218,4
102.762964126851,18.4026217174883,4219,4
102.207319780815,18.8663404540505,4220,4
102.698118683401,18.6117242762849,4221,7
102.482150770707,18.389195052576,4222,4
102.874037265081,18.7067712478018,4223,4
102.299382016348,18.4990886502598,4224,4
103.000536032713,18.7731937326007,4225,6
102.959450470181,18.3295706411933,4226,4
102.703883108526,18.6077115360464,4227,7
102.797017902812,18.9286556762875,4228,4
102.733683024384,18.4349302055124,4229,4
102.563506015642,18.2869568988139,4230,4
102.985491880308,18.2219376877036,4231,4
102.486511756832,18.5240217013536,4232,4
102.523292432273,18.6518617649588,4233,4
103.014203802922,18.4750308855974,4234,4
103.052770031496,18.3685768691666,4235,4
102.693634583349,18.435984080519,4236,4
102.500866976748,18.9068011953013,4237,4
102.458550504754,18.9123320821703,4238,7
102.946089808613,18.8268159937377,4239,4
102.608926440634,18.8508007790822,4240,4
102.835627479673,18.4189402404098,4241,4
103.011385527552,18.6650388004496,4242,4
102.374149843117,18.5175178162981,4243,4
102.922285582997,18.8617897447852,4244,4
102.762425438772,18.4582290876417,4245,4
102.531959620904,18.3145980921328,4246,4
103.118175989226,18.4601764400764,4247,4
102.767889242524,18.240797064463,4248,4
102.598433156135,18.3168061181608,4249,4
102.812424399704,18.7901272432091,4250,4
102.278365705086,18.531052160219,4251,7
102.704114982778,18.7989928227552,4252,7
102.507996020763,18.3205754934428,4253,4
102.941920845945,18.8897202528339,4254,4
102.839217101047,18.2451915892588,4255,4
102.869776847596,18.8191107005844,4256,4
102.265701639503,18.5697437865769,4257,4
102.961915515073,18.5523953928444,4258,4
102.613312792302,18.241753346668,4259,6
102.927209456077,18.9232848117317,4260,6
102.763038192502,18.5170480566635,4261,4
103.022766793458,18.546177212661,4262,4
102.804676836054,18.5361859533862,4263,4
102.300000962837,18.3726559153039,4264,4
102.846087827516,18.656742007784,4265,4
103.101241954901,18.7186727299774,4266,4
102.221812310541,18.8860746640519,4267,4
102.436046601097,18.6329258708509,4268,4
102.261455260162,18.8134342966834,4269,4
102.211226854586,18.4612422329582,4270,4
102.465292068481,18.6970930637256,4271,4
102.880468044831,18.6489334806569,4272,4
102.86680470937,18.4954672862028,4273,4
102.599251226438,18.3973827711529,4274,4
103.124175714872,18.6986333594683,4275,4
102.264754792411,18.7864143802137,4276,4
103.104716480901,18.3858347591466,4277,4
102.517559227361,18.7072468044511,4278,0
102.362761375947,18.5732372816018,4279,4
103.092604458592,18.7704068561365,4280,4
102.842152973011,18.4605087171892,4281,4
102.78738781747,18.7164744371058,4282,7
102.579440242069,18.787452974412,4283,4
102.359675867419,18.4051403010103,4284,4
102.412736577453,18.541043586376,4285,7
102.91175557945,18.6324507567149,4286,4
102.29996559864,18.5007323917032,4287,4
102.62888008159,18.3637407049081,4288,4
103.081278137937,18.3437514934291,4289,4
103.041275792046,18.564115065555,4290,4
102.931191215857,18.2793432628436,4291,4
102.791952446973,18.5813848868046,4292,4
103.027245316424,18.4446314989534,4293,4
103.003147841866,18.6401840438934,4294,4
102.691382107883,18.5584752555226,4295,0
102.224584319133,18.4105827790079,4296,4
102.860367969975,18.8077045000148,4297,4
102.253350677945,18.5688752770125,4298,4
102.264208988523,18.8649475719427,4299,4
102.681854034788,18.4438935379749,4300,4
102.204988067254,18.8930170609235,4301,4
102.410466665117,18.9013277616398,4302,4
103.002626836484,18.2357076328438,4303,4
102.644991020147,18.8695415224266,4304,4
103.076184140291,18.2283630457415,4305,4
102.890233350282,18.2328083343384,4306,4
102.68005085115,18.3702045701642,4307,4
102.421797415874,18.8517845808344,4308,4
102.772272412409,18.5180608280474,4309,4
103.146193678659,18.8939640790636,4310,4
102.880179381438,18.5253887581982,4311,4
102.715867413397,18.6941725664253,4312,4
102.582355819706,18.7121645000666,4313,4
102.730796396049,18.3585346654931,4314,4
103.012918880513,18.5495324441693,4315,4
102.460873739495,18.2601949820681,4316,4
102.235486377832,18.8764934531888,4317,4
102.72692967112,18.3015838640035,4318,4
102.454800869993,18.5923715578027,4319,4
102.319841729228,18.4704406593754,4320,4
102.751163382825,18.5948730428045,4321,4
102.477792386634,18.4606203277689,4322,4
102.337089846786,18.3824548444869,4323,4
102.227731382534,18.2104013437311,4324,4
102.325645938639,18.4743629267444,4325,4
102.461928206636,18.4365754387482,4326,4
102.49401284671,18.7499225651279,4327,0
102.552727751763,18.6981816421487,4328,7
102.811148099782,18.8763972511637,4329,4
102.486622068682,18.6534735029836,4330,4
102.738058055447,18.8077744969118,4331,4
102.860620943642,18.5106724987184,4332,4
102.409644925748,18.7879212936878,4333,4
102.277355371774,18.2972814678958,4334,4
102.618720781333,18.9186363362346,4335,4
103.039128499534,18.3509267022643,4336,4
102.818308698599,18.8885078508917,4337,4
102.362450797326,18.4991574855254,4338,6
102.939280373477,18.9494381326419,4339,4
102.261418827996,18.5085571373641,4340,4
103.097833490322,18.5168761420587,4341,4
103.148163839497,18.2252489350717,4342,0
102.527351891393,18.7261033362843,4343,0
102.916465724598,18.4548872447578,4344,4
102.751659927971,18.7724942232728,4345,4
102.944017781003,18.352232595135,4346,4
102.976196776723,18.9461856823599,4347,4
102.934682423433,18.8097858901543,4348,4
102.547320674588,18.6208045799592,4349,0
103.116075464334,18.9100392390008,4350,4
102.604612228549,18.2605532612283,4351,7
103.129841941184,18.8609048078401,4352,4
102.23725946784,18.81723094982,4353,4
102.862900625662,18.5996105614873,4354,4
102.430015359819,18.5385342578823,4355,4
102.755402418977,18.5776249569793,4356,4
102.43440742069,18.4865421618439,4357,4
102.632400221484,18.3848881473695,4358,4
102.668796770415,18.3230413353706,4359,4
102.55885179374,18.5770405291792,4360,0
102.391125798017,18.54643701782,4361,4
102.220529063222,18.7139933387616,4362,4
102.387462365232,18.7563183816286,4363,4
103.146773496265,18.4242736099321,4364,4
102.476007014626,18.8973918301814,4365,4
102.584519724348,18.7379319090529,4366,4
102.428345890559,18.916887194033,4367,4
102.941926829296,18.2121925759601,4368,7
102.501528125418,18.35511443948,4369,6
102.278687355437,18.7836360940347,4370,4
102.395215112232,18.7578515935716,4371,4
103.044769135912,18.919199905711,4372,4
103.084580611488,18.2182388147512,4373,4
103.040135018971,18.6302445752284,4374,4
102.848341380117,18.7896304543703,4375,4
102.59022052443,18.6936948740694,4376,4
103.026183545696,18.7049405460685,4377,4
102.508772980464,18.6868841242525,4378,4
103.06147284203,18.3766981784075,4379,4
102.550789342044,18.7100007744013,4380,7
103.050467490429,18.2866871653275,4381,4
102.697188323538,18.3995122320607,4382,4
102.880747246743,18.8260416586025,4383,4
102.645925408379,18.7581054186486,4384,4
102.463283971503,18.3172609199566,4385,7
103.062513135187,18.9093119939194,4386,4
102.807965523203,18.8798019220338,4387,4
102.921162610123,18.7625657214719,4388,4
102.980233245223,18.3475169544979,4389,4
102.977203063177,18.82083152203,4390,4
102.721480274876,18.44915226144,4391,4
103.013920477485,18.2069047894075,4392,0
102.373744557577,18.4125713658132,4393,4
102.318018440041,18.5667897012728,4394,7
102.921080498769,18.4455340347073,4395,4
102.403265235205,18.8524268872933,4396,4
102.370938756694,18.8839044642931,4397,4
102.595031575467,18.8429762810772,4398,4
102.516787371332,18.6613924129138,4399,4
102.498480554197,18.6262589986624,4400,4
102.384863850038,18.3044285211174,4401,4
102.53389062553,18.6014253496861,4402,4
103.149686785694,18.8153696336093,4403,4
102.568287272964,18.6529819672168,4404,4
102.822803208284,18.7883658100384,4405,4
102.650965242742,18.9066545939564,4406,4
102.760135150473,18.3566117818756,4407,4
102.834919910358,18.4311239089664,4408,4
102.585419736834,18.7170804561154,4409,4
102.423054397662,18.557577619632,4410,4
102.719967302109,18.2077784790228,4411,7
103.149257516216,18.509767570759,4412,4
102.624238737942,18.8465771484367,4413,4
102.278725128587,18.7294065728724,4414,4
102.705040195215,18.2318491443662,4415,7
102.468833020591,18.5802515588005,4416,4
102.357056595667,18.4047935656224,4417,4
102.421971208892,18.4855975010397,4418,6
102.998433259502,18.3725368749619,4419,4
102.812206196796,18.2089639212275,4420,4
102.404633769883,18.8029625809012,4421,4
102.973177696103,18.8455577873154,4422,4
102.797914839087,18.4352786921259,4423,4
102.410229529399,18.9015377463262,4424,4
102.22837757916,18.4030430726987,4425,4
102.953078681875,18.6242387639045,4426,4
102.204361213434,18.8756234547836,4427,4
102.854644869505,18.8754362701278,4428,4
102.583844122807,18.8990881576479,4429,7
102.741181696346,18.6868122078787,4430,0
102.982899417271,18.4809408729947,4431,4
102.722016595424,18.6728955189913,4432,7
102.234843546882,18.7445005530169,4433,4
102.797052463154,18.2817994618324,4434,4
102.724272677456,18.3115253521597,4435,4
102.734059944544,18.5516044170102,4436,0
103.139451814427,18.8970443833666,4437,4
102.837812445188,18.5456624614762,4438,0
102.601154131602,18.6435772949154,4439,0
102.562240585854,18.7055899579906,4440,0
102.705161041649,18.2913280806387,4441,7
103.124875763564,18.5973913710543,4442,4
103.070060573919,18.8065771251939,4443,6
103.081809885546,18.44237739023,4444,4
102.958292761968,18.2471064775375,4445,7
102.480448663012,18.2819787363325,4446,4
102.564387319009,18.3984800134116,4447,4
102.71814796327,18.906820408185,4448,4
102.827886973314,18.7870342218528,4449,4
102.604603840302,18.421963964018,4450,7
103.03511126602,18.3327314513837,4451,4
102.279214625605,18.7945185381896,4452,4
102.262635511368,18.905967812813,4453,4
102.453674273608,18.8348268541169,4454,4
102.902536841921,18.829510360771,4455,4
102.916773778268,18.2906358931796,4456,4
102.455443744885,18.8053092372084,4457,4
103.109558802042,18.9460566668875,4458,4
102.727759930429,18.7231756094653,4459,4
102.326952549781,18.3878640747935,4460,4
102.976419863688,18.9103420876122,4461,6
102.851908430303,18.882071875157,4462,4
102.990525016435,18.5862328218532,4463,4
103.03427473484,18.2829464393906,4464,4
102.798823657786,18.4301105790008,4465,4
102.536674534044,18.8939141040413,4466,4
103.035649114793,18.7023489544868,4467,4
102.333192492598,18.3054782144948,4468,4
102.48560680553,18.2711484779535,4469,4
102.466178117936,18.9062983116249,4470,4
102.8294073766,18.7015155826855,4471,4
102.510212874052,18.713797818272,4472,4
102.437189650566,18.3192408599084,4473,7
102.273499949333,18.2289974231274,4474,4
102.506349582952,18.4835935959941,4475,4
102.378192189476,18.6208646370497,4476,4
102.780563142196,18.2427963342707,4477,4
102.233101051692,18.4411076296475,4478,4
102.810611549605,18.8837807855116,4479,4
102.603767506546,18.8768278344616,4480,4
102.623251781046,18.239526043102,4481,6
102.90496147165,18.5718954953815,4482,4
102.456843200154,18.8922118114132,4483,4
103.066039750269,18.6066482709356,4484,4
102.526449485871,18.5542144836999,4485,4
103.105572568168,18.5964539762609,4486,4
102.209320715604,18.5220782959956,4487,4
102.437459328898,18.6462295733293,4488,4
102.562338897136,18.7310211220021,4489,4
102.490903641399,18.300926634151,4490,7
102.988718840612,18.2774102242962,4491,4
102.389522202843,18.4388771758946,4492,4
102.926772019598,18.5308561811984,4493,4
103.060870937144,18.4366500898198,4494,4
102.887500992539,18.446309040034,4495,4
103.090298749837,18.9196217549425,4496,4
102.700264446457,18.8704455704506,4497,4
102.259007818409,18.8505075515245,4498,4
102.381537966018,18.9015432800024,4499,4
103.148488628413,18.5589452599017,4500,4
102.417865651318,18.9457342827282,4501,4
102.894121546652,18.9220780340156,4502,4
102.413387827342,18.621781575241,4503,4
102.454450908729,18.7299994400699,4504,4
102.818240877455,18.4119323586919,4505,4
102.874630376207,18.6886659308975,4506,4
102.587028661776,18.5930612114656,4507,0
102.616488491492,18.8457056784348,4508,4
102.535458817703,18.7190286481996,4509,0
102.344821403562,18.2525510076832,4510,4
102.412854945518,18.8698620655655,4511,4
102.235826033443,18.4362188429832,4512,4
102.937213795781,18.5693568064935,4513,4
103.128715087424,18.4535227622515,4514,4
103.040889993856,18.6867448424761,4515,4
102.934753167868,18.9349314514554,4516,4
102.962937283993,18.68472173881,4517,4
102.343857561494,18.4416793076672,4518,4
102.759051274271,18.8720494216744,4519,4
102.537646415852,18.3743953355496,4520,4
102.789376861923,18.5026143225448,4521,4
102.827708041053,18.4995014086524,4522,4
102.996380149125,18.251497869484,4523,4
102.557807458335,18.319862390047,4524,4
103.030014104937,18.7250432455516,4525,4
102.961545147396,18.6278000469609,4526,4
102.534733392297,18.2795329416918,4527,7
102.297346676397,18.706048324421,4528,4
102.725608101357,18.5192927506599,4529,4
102.470810661667,18.94261956737,4530,4
102.500980579975,18.4478242453418,4531,4
102.91524312549,18.4271471629197,4532,4
102.284470190564,18.5197989744754,4533,6
102.515296616758,18.8539536638779,4534,4
102.880910966415,18.5989814128995,4535,4
102.941578636482,18.8101477455659,4536,4
102.235803459094,18.2227278119981,4537,4
103.035996003255,18.8291503620554,4538,4
102.392248346665,18.4959751277153,4539,4
102.66473256842,18.7328260797153,4540,4
102.712514052823,18.2313233189463,4541,7
102.345464244581,18.8017035699541,4542,4
102.650846624904,18.7183261483095,4543,4
102.259444458096,18.7749295306071,4544,4
102.268722783332,18.4199721094423,4545,4
102.77226550144,18.5366654220163,4546,0
103.137419421902,18.429711064987,4547,4
102.524444689576,18.289846636943,4548,4
102.827180723808,18.7860216956078,4549,4
102.644115456763,18.3431297496271,4550,4
102.350379045274,18.4440855305408,4551,4
102.47661340922,18.2132934728803,4552,6
102.9723306835,18.2833404046639,4553,4
102.716878051732,18.9016016405499,4554,4
102.483550521972,18.6597924604875,4555,4
102.943176410055,18.5144332737932,4556,4
102.648490669466,18.4557470494209,4557,0
103.028309665828,18.5970942967294,4558,4
102.740118013455,18.4293891170453,4559,4
102.970939055402,18.8999085878574,4560,4
103.014636841559,18.5496421707097,4561,4
102.290408761527,18.586351345025,4562,4
102.589892206461,18.4567876836803,4563,4
103.035489241859,18.7196280594593,4564,4
102.566735690509,18.2982169103796,4565,0
102.472251231935,18.8824865547068,4566,7
102.803209320246,18.5544512128429,4567,4
103.079851709017,18.8002764644909,4568,4
102.607986875805,18.7224130653247,4569,4
102.889121046076,18.9087477574793,4570,4
102.638949816146,18.8683379395848,4571,4
102.385996582311,18.5759030909795,4572,4
102.990813935718,18.5009291077015,4573,4
102.575810563961,18.8117785548109,4574,6
102.534435968791,18.6203517659791,4575,0
102.63922704745,18.2442631404325,4576,4
102.296521860506,18.7555773368335,4577,4
102.830477549425,18.2009551956768,4578,4
102.593777796359,18.6614638576267,4579,4
102.665809709379,18.4902612695801,4580,0
102.239571978422,18.6559507574068,4581,4
102.757516161105,18.4109142832181,4582,4
102.707204944515,18.3076977484462,4583,7
102.50113522673,18.3185315206048,4584,4
103.025097983573,18.4057997645088,4585,4
102.856182329437,18.6050436078046,4586,4
102.993662177785,18.7217400066589,4587,4
102.532374535495,18.6190615128963,4588,4
103.033778549078,18.4970466455441,4589,4
102.829396670938,18.9502222167181,4590,4
102.463382896536,18.2140760434063,4591,4
102.781596710573,18.4721017583225,4592,4
102.2004824867,18.3523802755683,4593,4
103.073296657763,18.6529001872826,4594,4
102.605404962951,18.605278010807,4595,7
102.811676854033,18.265376842049,4596,4
102.966966723527,18.505394495848,4597,4
103.016652049783,18.4134635544463,4598,4
102.610592246547,18.6620404397985,4599,0
103.088337826422,18.4272238801447,4600,4
103.098362542154,18.7599038216963,4601,6
102.888217908822,18.8880677586107,4602,4
103.03936989829,18.8184331803891,4603,4
102.542595590039,18.6175668020205,4604,0
102.324422948656,18.6572534039906,4605,4
102.844508080566,18.9181002052643,4606,4
102.51959394986,18.7946261932495,4607,4
102.391626714175,18.6809946701123,4608,4
102.578928673813,18.4108610437293,4609,4
102.200553608997,18.2801783451737,4610,4
103.085577138472,18.5802478324468,4611,4
102.777983403316,18.7635144653107,4612,4
102.810973831732,18.559081708197,4613,4
102.399789131452,18.7650512469382,4614,7
102.811808102186,18.5283680778972,4615,4
102.412884616744,18.6704144042177,4616,4
102.713909430234,18.8156716871559,4617,4
103.033501208261,18.580391452608,4618,4
103.035344033239,18.7569385421587,4619,6
102.969222765506,18.5843289314583,4620,4
102.947160289959,18.3337788396115,4621,4
103.023252216543,18.3952904829784,4622,4
102.490742119815,18.3104723783477,4623,4
103.039177099562,18.7488875660944,4624,4
103.033357153502,18.5893510577892,4625,4
102.793208396533,18.3095576926868,4626,4
102.319634998383,18.5950824049484,4627,4
102.517162294875,18.2721934440048,4628,4
103.143127733178,18.2604896720349,4629,4
102.783057679991,18.653533954898,4630,4
102.825005443063,18.5828742576513,4631,4
103.065280297551,18.3379069939182,4632,4
102.770848659858,18.7596466346371,4633,4
102.342932198776,18.3499633806552,4634,4
102.719276659092,18.5485390472191,4635,0
102.319845659418,18.2522774292011,4636,4
102.870853600233,18.9089166541431,4637,4
102.295197855737,18.5109235289138,4638,4
102.423936863606,18.6550200154525,4639,4
102.27536910837,18.5824744199525,4640,4
102.709551934354,18.2249119158498,4641,7
102.232086059033,18.8409657353571,4642,4
102.199852389314,18.4130802947797,4643,4
102.774323822637,18.8903073935766,4644,4
103.120351409175,18.3811068082467,4645,4
102.427414360496,18.3604541754675,4646,4
102.345280697015,18.5450237401847,4647,4
102.556071788372,18.9506920565398,4648,4
102.26706867967,18.7636101200747,4649,4
103.053689887692,18.2147684129147,4650,4
102.632786097512,18.4733839912796,4651,0
102.235717163071,18.2915684722518,4652,4
102.587608773369,18.2339081208044,4653,0
102.424333089066,18.9303258360226,4654,4
102.393885731701,18.7126136848523,4655,4
102.854162718927,18.7577720466633,4656,4
102.282462824583,18.443318752596,4657,4
103.123361343012,18.3963144648246,4658,4
102.203081373248,18.6206408496273,4659,4
102.652924283601,18.8821373914062,4660,4
102.199218553655,18.5244847815363,4661,4
102.955614283072,18.7924729303305,4662,4
102.537203388149,18.7639838928432,4663,4
102.850448840695,18.9205495509911,4664,4
102.256387981917,18.4573961138754,4665,4
102.579047264785,18.376391913633,4666,4
102.60389701225,18.5304453644172,4667,0
102.738746141264,18.6907416477303,4668,4
102.537861515167,18.846073470834,4669,4
102.713442619156,18.4908194271917,4670,6
102.377657217773,18.7781511505769,4671,4
102.598455340182,18.5313037045852,4672,0
102.786227186731,18.9041246289102,4673,4
103.076282623304,18.341895150909,4674,4
102.222493243613,18.3695972730487,4675,4
102.90610962508,18.4446505851569,4676,4
102.236022118571,18.2042423768252,4677,4
102.866158901883,18.6856667503141,4678,4
102.775285658797,18.7378451557233,4679,4
102.782266306139,18.2633931888053,4680,4
102.231517320677,18.8307956846402,4681,4
102.911506447017,18.9005543303531,4682,4
102.30635236029,18.8193247350346,4683,4
103.04932348687,18.28584568064,4684,4
102.846977991559,18.7658679910949,4685,4
102.215563176134,18.8279888521652,4686,4
102.742925371117,18.7833429990115,4687,4
102.265505800488,18.7624071978048,4688,4
102.440178888989,18.6199811039738,4689,4
102.723534682008,18.9074756633123,4690,4
102.880049881593,18.8104621512406,4691,4
102.37134433263,18.3766341959614,4692,4
102.312562176196,18.7368916761064,4693,4
102.473720050078,18.4990279094008,4694,4
103.070412293777,18.3676236572053,4695,4
102.692687496842,18.3649153594334,4696,4
102.310286994992,18.8446350328171,4697,4
102.632557563408,18.8575424790866,4698,4
102.273491964031,18.3302954219869,4699,4
102.834969987255,18.8258609657941,4700,4
102.336177088251,18.5676901428332,4701,4
102.567608353802,18.2968973222421,4702,4
102.853703103636,18.6220605271144,4703,4
102.449283812303,18.4212370784018,4704,6
102.684946556457,18.876002990963,4705,4
102.439878093254,18.9264574403081,4706,4
102.447359103374,18.6723605652235,4707,4
102.504307578791,18.653898600177,4708,4
102.292301151834,18.7478352533948,4709,4
102.815863747192,18.9367893208,4710,4
102.746477930133,18.6597818647561,4711,4
102.737744580636,18.3287217876266,4712,4
102.99801927618,18.3161992485025,4713,4
103.06527250008,18.8953162974879,4714,4
102.262413536442,18.7943509380138,4715,4
102.664076822275,18.758727237525,4716,4
102.888968289553,18.87394813897,4717,4
102.426154214309,18.2441900095757,4718,7
102.256489168595,18.7244524892432,4719,4
102.697165307131,18.8690592710632,4720,4
102.205146232129,18.7841268922672,4721,4
102.596498821195,18.9177662597211,4722,4
102.44864213396,18.4836007365829,4723,4
102.30586092757,18.207295606421,4724,4
102.309141364133,18.3618093362066,4725,4
102.812791047831,18.2219440903976,4726,4
103.142255405382,18.5711971659117,4727,4
102.611743883926,18.5485630091255,4728,0
102.806640565123,18.2796577645858,4729,4
102.459867549038,18.8906169244229,4730,4
102.372613740743,18.725509901374,4731,4
102.81994781391,18.2215052523771,4732,7
103.118155508963,18.4276443299397,4733,4
103.132495216891,18.763618554655,4734,6
102.589807469445,18.4110973289836,4735,4
102.777070722749,18.4669551273457,4736,4
102.338372114835,18.8953234500327,4737,4
102.693847567576,18.7031277415791,4738,4
102.708069119687,18.3418177575839,4739,4
102.98852670464,18.800906409732,4740,4
102.334743246841,18.4926487884221,4741,4
102.736817564532,18.7122840337218,4742,4
102.545752900177,18.6424160032256,4743,0
102.739453575742,18.6408043980035,4744,0
103.134318403446,18.3066752032374,4745,4
102.595982157454,18.7869134060511,4746,4
102.864838399068,18.4258151495811,4747,4
102.27630171716,18.3378742855054,4748,4
102.321238810178,18.6347442679748,4749,4
102.686822951283,18.7185031589019,4750,4
102.675883580443,18.5181512556607,4751,0
102.616257175901,18.709244649928,4752,4
102.665628732293,18.6470513476496,4753,4
102.90926713787,18.2639741153763,4754,4
102.603300343298,18.8119217533687,4755,4
102.451439338432,18.3814142455422,4756,4
102.251572963608,18.5538831280987,4757,4
102.67287072956,18.439332519406,4758,4
102.557771472749,18.6995882496,4759,7
102.910712660532,18.2903022149109,4760,4
103.14827525338,18.9235430942853,4761,4
102.20703293218,18.2390459015825,4762,4
102.450387921347,18.5286076207712,4763,4
102.839797569035,18.2547636363706,4764,4
102.52776625203,18.8780983698499,4765,4
102.562538747048,18.911818649106,4766,4
102.748190908621,18.734013961283,4767,4
102.82849038607,18.8808117724443,4768,4
102.255877295056,18.6744282505099,4769,4
102.750852270997,18.6622467489358,4770,4
102.537176339754,18.3123480543188,4771,4
102.322436882371,18.4569044335989,4772,4
102.855834342974,18.2391659858255,4773,4
102.292128947183,18.812440463875,4774,4
102.68866542048,18.8149611846923,4775,4
102.875547781551,18.8588239487403,4776,4
103.131685342143,18.4452375264069,4777,4
102.290199129783,18.5694881729332,4778,4
102.450880905171,18.5110557572991,4779,7
103.08178450195,18.6767491429211,4780,4
102.714258227998,18.5358058915229,4781,0
102.861372933611,18.9039659776199,4782,4
103.005101572241,18.8755467186323,4783,4
102.445562688736,18.6493607039781,4784,4
102.757356356855,18.4171790887737,4785,4
102.926655409056,18.5594960773925,4786,4
102.540615842317,18.4022588229065,4787,4
102.837406333338,18.420026701425,4788,4
102.713842599954,18.3858218721979,4789,4
102.849324567967,18.3127482732418,4790,4
103.101631842278,18.8849094622282,4791,4
102.950043338364,18.3056986853066,4792,4
102.410721960029,18.5961884049285,4793,4
102.815263556587,18.4512794647983,4794,4
102.878302637358,18.4180699168236,4795,4
102.81123842257,18.2479961259736,4796,4
102.650524289107,18.6546012479087,4797,4
102.571827500739,18.5939266077928,4798,0
102.64032250331,18.8559112607412,4799,4
102.395288544285,18.7305962169554,4800,4
102.781580790995,18.3437000001065,4801,4
102.61060818493,18.5009594444897,4802,7
102.273258647789,18.6572449862137,4803,4
102.527361174939,18.6689337577918,4804,0
102.758543429927,18.7344242726898,4805,4
103.035330132044,18.6529705371826,4806,4
102.606994941557,18.8143144431264,4807,4
102.588101898845,18.8195055096292,4808,4
102.703292980482,18.5664093397878,4809,0
102.21844731686,18.2551279917995,4810,4
102.418720646888,18.9423680403732,4811,4
102.879386213133,18.4657236079261,4812,4
103.002778896843,18.3105114672861,4813,4
102.676359084806,18.7472848678603,4814,4
102.515331732148,18.272852188209,4815,7
103.13409243522,18.9467933357308,4816,4
102.765259013035,18.302732577927,4817,4
103.065234055538,18.8763633615984,4818,4
102.849738359766,18.5619522903297,4819,4
102.570402843182,18.9146360879022,4820,4
103.11413881205,18.5762831463493,4821,4
102.743027678225,18.7425359869883,4822,4
103.134304235546,18.9183281220339,4823,4
102.220456489466,18.2565289784368,4824,4
102.635435768985,18.8270904528014,4825,4
103.038821991579,18.237873346639,4826,4
102.289757469779,18.5243781993012,4827,7
102.738689599173,18.7679303453148,4828,7
102.522730208162,18.5279066604506,4829,4
103.007642921545,18.2509221595324,4830,4
102.362982526812,18.2242393219547,4831,4
102.931620354524,18.8773640819105,4832,4
102.41498205348,18.7553957189725,4833,4
102.54006831084,18.5074455680428,4834,4
103.123923231384,18.2702234951204,4835,4
102.740609843847,18.6230312100659,4836,4
102.301524736087,18.6134997951291,4837,4
102.794338176778,18.5322590981679,4838,0
102.761261621438,18.2378326516426,4839,7
102.557530880235,18.5277826986287,4840,0
102.943255242736,18.2693270841863,4841,4
102.915977627684,18.6645488642432,4842,4
102.735733034133,18.8595694952723,4843,4
102.442184627915,18.5807225033635,4844,4
102.827652683119,18.2489428786558,4845,4
102.203927647065,18.8169065780072,4846,4
102.599918265555,18.8121173835313,4847,4
102.436418042762,18.4349115913673,4848,6
103.078021044508,18.3885313695021,4849,4
102.82280535648,18.508481010741,4850,4
102.782463057336,18.3494919576533,4851,4
102.709154495054,18.5376750634054,4852,0
102.235502666258,18.7709848791923,4853,4
103.089264437201,18.4711633053897,4854,4
102.83009287256,18.4059866415601,4855,4
102.434573714195,18.5450292224848,4856,4
102.38764810112,18.4815947720051,4857,4
102.897952331717,18.9409780869465,4858,4
102.92165871633,18.763760616098,4859,4
102.564299359153,18.4329011212199,4860,4
102.868889016118,18.5490378177118,4861,4
102.806169206748,18.7290316034854,4862,4
102.20076960814,18.5422672413812,4863,4
102.236960966062,18.8496634252713,4864,4
102.325746296542,18.2677306258454,4865,4
102.394188062566,18.7233766457393,4866,4
102.783925963169,18.4892289482412,4867,4
102.754055050316,18.8384367276734,4868,4
103.06807855339,18.7071590059259,4869,4
102.496857836144,18.6481488441704,4870,4
102.430229579963,18.4113181647818,4871,4
102.865971608791,18.6678897062582,4872,4
102.630179749492,18.5308026216217,4873,0
102.783982944274,18.3621350116612,4874,4
102.265826217517,18.9324332690449,4875,4
102.566407453055,18.4238440508073,4876,4
102.660791774846,18.6106008983415,4877,0
102.438663686182,18.7330052145965,4878,4
102.818002488631,18.7857720553712,4879,4
103.127304753932,18.5176741838622,4880,4
102.982515791534,18.543473640964,4881,4
102.294791653658,18.8091803269065,4882,4
102.254748786497,18.5715282767989,4883,4
102.957427892117,18.4952482878303,4884,4
102.385255032638,18.4177967117248,4885,4
102.412775321213,18.255613753329,4886,7
102.698191839442,18.4577908216814,4887,4
102.655007022579,18.7543932438305,4888,4
102.257586627664,18.8299743985592,4889,4
102.402199970016,18.5546391576543,4890,4
102.707714196712,18.3810597136429,4891,4
102.837220648728,18.5486985199161,4892,0
103.147831215588,18.6462088368773,4893,4
102.832096182058,18.8694872411308,4894,4
102.451255371673,18.7135515250762,4895,4
102.565559841187,18.3052767117999,4896,4
102.782685066278,18.2048130598344,4897,7
102.453471809659,18.8501993823523,4898,4
103.115231318993,18.7827901281044,4899,6
102.328595308927,18.5590142429664,4900,6
102.804644323181,18.6179543112419,4901,4
102.97377883777,18.761270785097,4902,4
102.66108060399,18.5452689647355,4903,0
102.828434010849,18.806628677474,4904,4
102.866370378858,18.552253798438,4905,4
102.661749079823,18.4134982172641,4906,4
102.525653936132,18.2270218817175,4907,7
102.711610168186,18.2643154500969,4908,6
103.146193115496,18.6951733470066,4909,4
102.928261528481,18.244296424779,4910,7
102.792878586243,18.2721343137729,4911,4
102.73840415268,18.2054351693979,4912,4
103.065411084215,18.9366939119651,4913,4
102.659454011252,18.7612943324668,4914,4
102.660506731078,18.7943675677757,4915,4
102.310119359059,18.9492190126249,4916,4
102.48845818787,18.7557812509136,4917,0
102.915748519109,18.4788786122611,4918,4
102.489447228643,18.7090397991759,4919,4
102.937131693634,18.6613507675568,4920,4
102.774203369175,18.4042878452318,4921,4
103.057602497886,18.8758468130087,4922,4
103.043292890914,18.5943128692644,4923,4
102.386239427803,18.6513520245744,4924,4
102.953363848575,18.6744164681508,4925,4
102.756813151237,18.2012155260313,4926,7
102.272328234669,18.6549724005734,4927,4
102.792585173574,18.8640348056048,4928,4
102.61705998514,18.852787288133,4929,4
102.563654159341,18.8476069633105,4930,4
102.838985384108,18.2231177537849,4931,4
102.87221003634,18.6119810889967,4932,4
102.564025427111,18.636071864259,4933,0
102.824447015872,18.8095220751043,4934,4
102.942184450201,18.6659672983865,4935,4
102.26248901815,18.6564769542697,4936,4
102.370762787455,18.7981330844766,4937,4
102.575639990206,18.8055789670697,4938,4
102.455621204668,18.3290020455986,4939,6
103.082930682158,18.6684872797979,4940,4
102.694707437108,18.5402777961945,4941,0
102.380896658399,18.4878769363294,4942,4
102.612699155681,18.7556198215023,4943,4
102.723256760033,18.7907503952744,4944,4
102.504266130218,18.7439631561677,4945,0
102.43179333576,18.311616698879,4946,0
102.528140598638,18.4418077408031,4947,6
103.001230971328,18.6432810908867,4948,4
103.122059946805,18.2415899008256,4949,7
102.300410144753,18.6751929325971,4950,4
103.036170358573,18.7163458331177,4951,4
102.287493407901,18.2828001139904,4952,4
102.416061676716,18.2554270304014,4953,7
102.747819110766,18.6919708566961,4954,0
102.867634849213,18.7733483477474,4955,4
102.868155715562,18.7123985698388,4956,4
102.404273343736,18.2119482863794,4957,4
102.791102899496,18.3450740288031,4958,4
102.276585650091,18.6601046827092,4959,4
102.708535640381,18.6317780229095,4960,4
103.094517909938,18.5328518347817,4961,4
102.385817362344,18.439116023255,4962,4
102.573548604625,18.6939639704942,4963,4
102.949371411306,18.660094289248,4964,4
102.505924724593,18.4262456917852,4965,7
102.508398282099,18.3131437705556,4966,7
102.242749835849,18.4343343821899,4967,4
102.796630764914,18.6370184811388,4968,4
102.421449894952,18.7583813934158,4969,4
102.591432909775,18.9370589227076,4970,4
103.106402948955,18.3305759210523,4971,4
102.940380572895,18.4751141074834,4972,4
102.489089030585,18.8631166002363,4973,4
102.830767146674,18.6782669968996,4974,4
102.238699514552,18.7448544600181,4975,4
103.013707359597,18.5678963898261,4976,4
102.734274019891,18.6444654303033,4977,0
102.863418658606,18.5183398965654,4978,4
102.765699994944,18.3790417747922,4979,4
102.938949298814,18.4350641668211,4980,4
102.372120875077,18.423194587717,4981,4
102.71714830823,18.6418077366477,4982,4
102.974352649783,18.6872973516678,4983,4
102.260178326769,18.262174434323,4984,4
102.528215462219,18.5131882554836,4985,4
102.850070313208,18.7000858487134,4986,4
102.353070397164,18.8429801931233,4987,4
102.710969649084,18.3409235431668,4988,4
102.699354007673,18.8969679556672,4989,4
102.529823609144,18.6656472256511,4990,0
102.977104241509,18.9412370631843,4991,4
102.327853276252,18.4896791959658,4992,4
102.477322391025,18.4361159770727,4993,4
102.747118145588,18.4444425160525,4994,4
102.763885979113,18.2686447406324,4995,7
103.075798212442,18.3542673625268,4996,4
102.807406239119,18.6976510861027,4997,4
102.401270040429,18.3597770824024,4998,7
102.915208831587,18.5629514838669,4999,4
102.529684760618,18.3064320364103,5000,7
102.445829592839,18.5134433827437,5001,7
102.719399219788,18.9500971802377,5002,4
103.036287310218,18.2906997925444,5003,4
102.627599807698,18.7142818974619,5004,4
102.989129074194,18.4039725254798,5005,4
103.104307207487,18.2040139542238,5006,7
102.843083092356,18.8300996513963,5007,4
103.143682840674,18.3592066042439,5008,4
102.570476588237,18.7212866568562,5009,0
103.035329138047,18.2866560093748,5010,4
103.089438428533,18.4773864086683,5011,4
103.104117355108,18.3541268743273,5012,4
102.624088878806,18.6869963150651,5013,4
102.548343674218,18.8327867653945,5014,4
102.714325549142,18.7867886626812,5015,4
102.296374314296,18.4472061997821,5016,4
102.653118574966,18.8234662996426,5017,4
102.88840213803,18.3077464058609,5018,4
103.049127350239,18.7262115765696,5019,4
102.697758191848,18.8587854418433,5020,4
102.650255348714,18.2681928319015,5021,4
102.482696309365,18.7535045997514,5022,4
102.417590833024,18.2217736485004,5023,4
102.424519914038,18.354497350511,5024,7
102.578849652273,18.9459026528721,5025,4
103.022435602616,18.8564984818006,5026,4
102.849149013575,18.7777762860341,5027,4
103.040896165928,18.9477220079408,5028,4
102.356130048825,18.2828029339827,5029,4
102.331168309154,18.2483755104295,5030,4
102.647163523825,18.7376033831541,5031,4
102.724277525181,18.8720443784714,5032,4
102.377837179422,18.2416719392464,5033,4
103.111991892357,18.5483283616067,5034,4
102.34099542171,18.8862351805576,5035,4
102.528954558451,18.7847491385395,5036,4
102.505667204627,18.2284969788762,5037,4
102.30537600218,18.7654183046077,5038,4
102.442782872465,18.6930243022332,5039,4
102.605123657501,18.5667059118908,5040,6
102.940219570555,18.2776612841938,5041,4
102.313139648041,18.3585244918844,5042,4
102.54530705578,18.9490030001547,5043,4
102.628435248957,18.8838087196943,5044,4
102.458865396379,18.7801594846994,5045,4
102.804994939963,18.6559722933283,5046,4
102.379081537849,18.733432666951,5047,4
103.09023833241,18.9436799999898,5048,4
102.615953446358,18.6498314421679,5049,0
102.47541486179,18.7361539249112,5050,4
102.256285453059,18.3792207052155,5051,4
102.991010716244,18.3720534570748,5052,4
102.978419244391,18.4701398019068,5053,4
102.726040574474,18.5095465797896,5054,4
102.467661876061,18.2784913961259,5055,7
102.894319444829,18.2180200889452,5056,7
102.293694460829,18.4382673717001,5057,4
102.716670394984,18.6728661040423,5058,0
102.887365833234,18.8479039535637,5059,4
103.036178814315,18.3448809795226,5060,4
102.483121101812,18.7358640654218,5061,4
102.841102115081,18.4056291934876,5062,4
102.543167514179,18.3401335228327,5063,4
102.554901378787,18.4393530366298,5064,4
102.235173290838,18.5877549720083,5065,4
102.202030907459,18.526381882306,5066,4
102.863827795893,18.8252651034067,5067,4
102.957368817326,18.2678875893269,5068,4
103.145397335028,18.636260660843,5069,4
103.042120550759,18.2110990859965,5070,4
102.523797875961,18.7209656045987,5071,0
102.653218605139,18.2077134946135,5072,4
102.535589019449,18.8052548289159,5073,4
102.957302313824,18.7103270153993,5074,7
102.663024090075,18.406466210735,5075,4
103.079824624937,18.815620380555,5076,6
102.464777593664,18.3545638746884,5077,9
102.686834950462,18.8836914263549,5078,4
102.806497888107,18.6035943268319,5079,4
102.705382512675,18.815659336776,5080,4
102.972807886392,18.9245234974414,5081,6
102.351762720548,18.7112275225877,5082,4
102.628135226794,18.8675948157459,5083,4
103.079166972775,18.2368964893619,5084,4
102.419794569079,18.4943854372616,5085,4
103.080235989299,18.7313238902167,5086,6
103.113768949059,18.8511080159602,5087,4
102.713163875847,18.9423824634861,5088,4
102.352050831585,18.7618311291981,5089,7
102.867645987935,18.2423336195082,5090,4
102.407971551711,18.5898426123883,5091,4
102.951607466437,18.2782083882722,5092,4
102.724534689981,18.5566556864704,5093,0
102.400019452278,18.6976823962189,5094,4
102.432985156678,18.3015549542912,5095,0
102.827508969382,18.4913469347178,5096,4
102.493684553906,18.6022101129088,5097,7
102.570903350927,18.6788619887538,5098,0
102.403898190516,18.3558339511926,5099,7
102.249559593244,18.8766565570202,5100,4
102.317330044583,18.7522642832644,5101,4
102.202670409689,18.8405622585547,5102,6
102.608308535154,18.4767562088334,5103,0
102.690904107735,18.7600257378507,5104,7
102.342882902628,18.6378476976317,5105,4
102.706928787797,18.3090121127019,5106,7
102.59593549091,18.655938416573,5107,0
102.809657644908,18.5073392369293,5108,4
102.845674957518,18.7525203163786,5109,4
103.079451030414,18.5741857044074,5110,4
102.923598535897,18.5660079964497,5111,4
102.861439138579,18.2909305049064,5112,4
102.608797401502,18.3605609492046,5113,7
103.085031122022,18.8666953709169,5114,4
102.849487617678,18.303068035357,5115,4
102.684580130327,18.3234072021895,5116,4
103.151163433674,18.2382691744824,5117,7
103.09979499801,18.727134790131,5118,7
102.882535072146,18.569857061277,5119,4
103.042139218235,18.9157891333119,5120,4
102.307315320703,18.219902344784,5121,4
102.394177222972,18.7225656279824,5122,4
102.964522867403,18.433478603573,5123,4
103.03839771625,18.6072247586265,5124,4
102.342766448642,18.7938932699136,5125,4
103.071975207983,18.3397768439086,5126,4
102.739224261805,18.37141020841,5127,4
102.212058771552,18.8562541356126,5128,4
102.237272559928,18.4520782686115,5129,4
102.478761188613,18.3680727557153,5130,7
102.503292973519,18.5176232641888,5131,4
102.986892480633,18.6273355572674,5132,4
102.338567385547,18.8508994312051,5133,4
102.678252565774,18.2833141938188,5134,7
102.208322211332,18.3252753805999,5135,4
102.702805391762,18.4522365083239,5136,4
102.608882574185,18.3077789156706,5137,4
102.229728115942,18.3691486363267,5138,4
102.594559618264,18.5808241083315,5139,0
102.728477560123,18.6407130307067,5140,4
102.26618429621,18.5110718115255,5141,4
102.33583007824,18.4880594887987,5142,4
102.982579668038,18.8110019689538,5143,4
102.592040884508,18.6661279866089,5144,4
102.481226716077,18.8454777136237,5145,4
103.063583352294,18.2696885154036,5146,4
102.303664356868,18.7896427026505,5147,4
102.547891711615,18.2409892415338,5148,4
102.904840592722,18.699403181062,5149,7
102.81137198357,18.83529776447,5150,4
103.020429618982,18.5589506756339,5151,4
103.075643102534,18.9327256719213,5152,4
102.282377786047,18.3029379138737,5153,4
103.015455413778,18.6752286638744,5154,4
102.762211486403,18.5541548794565,5155,7
102.919893850957,18.9063406617881,5156,6
103.124851437926,18.2774384046917,5157,4
102.880133995447,18.5329721658393,5158,0
102.865923999532,18.9348485473227,5159,4
102.233529716907,18.201642382255,5160,4
102.289695742827,18.7900170226923,5161,4
103.146042687327,18.3999939267873,5162,7
102.702510922908,18.2729679914145,5163,4
102.651932235466,18.4719072025118,5164,0
102.641514348069,18.4181732557085,5165,4
102.678164286834,18.3747769629395,5166,4
102.927886373472,18.2298217127725,5167,4
102.322851780001,18.6526314101763,5168,4
103.025884305509,18.7241767823003,5169,4
103.120172135587,18.9482542351768,5170,4
102.787570837879,18.5961884868361,5171,4
102.583354420987,18.910070100324,5172,4
102.245230105028,18.3740072327426,5173,4
102.277272641278,18.4674779655738,5174,4
102.876105091125,18.5940508292047,5175,4
102.722177452243,18.8179415332521,5176,4
102.80013343707,18.5248208214338,5177,4
103.00656723854,18.5241832868809,5178,4
102.327277183886,18.5985957288649,5179,4
102.699340642431,18.911707044256,5180,4
103.059881337478,18.210263631791,5181,4
103.132525879509,18.3217071175338,5182,4
102.493728661613,18.3695881761617,5183,6
102.342547190621,18.3935188131668,5184,4
102.218493825557,18.4783500237031,5185,4
102.435601479688,18.4914911097178,5186,7
102.537631694355,18.8644763261533,5187,4
102.657850735933,18.8812111037534,5188,4
102.898500135356,18.4135437473738,5189,4
102.948770229394,18.8507871243566,5190,4
102.435861120489,18.6250872705371,5191,4
102.388336736638,18.3303705303604,5192,4
102.702706161707,18.6493140551328,5193,4
102.374108894072,18.4992394100701,5194,4
102.871464637724,18.8622841344478,5195,4
103.045939111092,18.9474748157547,5196,4
102.577558003369,18.4934637653724,5197,0
102.46517661575,18.2411455330536,5198,7
102.591962602547,18.9257562900011,5199,4
103.015920552632,18.9194249467551,5200,4
102.630361185998,18.8203494730061,5201,4
102.655259904332,18.8827119999675,5202,4
102.262601806439,18.893166594156,5203,4
102.431835988035,18.798383195336,5204,7
102.454548700367,18.6087666118532,5205,4
102.862241612949,18.7888956497197,5206,4
103.132480739229,18.5017906173994,5207,4
102.348100066239,18.5027315691833,5208,4
103.080283519961,18.4767407780639,5209,4
102.583836248713,18.852131801575,5210,4
103.12222787963,18.2815160991566,5211,4
103.142708776764,18.2275844069203,5212,7
102.547276529258,18.7164839569483,5213,0
103.054069203866,18.436927648477,5214,4
103.017866053436,18.3150950346602,5215,4
102.277106331419,18.8542070908555,5216,4
102.645514364509,18.3376519778726,5217,4
103.110741870549,18.9373143763071,5218,4
102.837320187751,18.2747277448382,5219,4
103.012900833936,18.3700995327763,5220,4
102.915130988463,18.5647056865032,5221,4
102.61936493999,18.4776864805307,5222,0
102.202193796275,18.8684087756704,5223,4
103.079866160085,18.455042477216,5224,4
102.519552910804,18.4266944056716,5225,4
102.518727073481,18.44139601409,5226,6
103.05926661172,18.789396853446,5227,4
102.758295507563,18.2007426466219,5228,7
102.626688452295,18.3018036417272,5229,4
102.24672089813,18.2642477576002,5230,4
102.246143618579,18.475954138576,5231,6
102.229333525081,18.6227964294361,5232,4
103.04729524128,18.4388110876349,5233,4
102.429169658169,18.8159638566992,5234,4
102.712077062198,18.8053827484648,5235,4
102.854057929008,18.4192680008522,5236,4
102.647675747625,18.8017208714804,5237,4
102.581522124026,18.7994374363506,5238,4
103.077414427568,18.9005842872317,5239,4
103.020854594057,18.3034381987092,5240,4
102.517697343401,18.3027406932136,5241,4
102.230711819006,18.7035681373482,5242,4
102.850982565157,18.3688251576617,5243,4
102.97184444621,18.6232105374925,5244,4
103.139942084666,18.2968410018973,5245,4
102.594252664048,18.2611977520748,5246,4
102.21738378429,18.5956184602606,5247,4
102.990707553897,18.2672687282837,5248,4
103.016345314511,18.7589063527491,5249,6
102.682552087378,18.5732797566261,5250,0
103.068582444297,18.4002075210286,5251,4
102.934008379226,18.6789919210625,5252,4
102.219364519426,18.9144423985231,5253,4
102.9244773841,18.4230367429086,5254,4
102.765318363613,18.4660117086265,5255,4
102.39290551658,18.5866036275532,5256,4
102.774249794956,18.6272310003013,5257,4
102.557561177253,18.3984666675226,5258,4
102.46902235815,18.9013981685266,5259,4
102.501933542318,18.4685909102093,5260,6
102.617387955971,18.5600123535139,5261,0
102.500058271761,18.4279092049569,5262,7
102.246672184767,18.7289746709316,5263,4
103.083793927382,18.3657368948443,5264,4
102.591462316995,18.7304259887159,5265,4
102.417569271853,18.4980671376516,5266,7
102.614890902074,18.2328500404347,5267,7
102.65267544254,18.8574497853938,5268,4
102.539163400429,18.6584226413017,5269,0
103.116335224297,18.6498012064888,5270,4
102.216051947609,18.5187189253546,5271,4
103.009928680108,18.5381271270014,5272,4
103.130096864008,18.7029108648765,5273,4
103.099851459079,18.6966642523307,5274,4
102.537356859812,18.7806999431162,5275,4
102.912445527877,18.546810958102,5276,4
102.994301974108,18.471334325404,5277,4
102.237923502196,18.8538663037092,5278,4
102.798070809386,18.5884624690391,5279,4
103.125965823058,18.7518284605856,5280,6
103.063067760918,18.3842868416163,5281,4
102.889693063387,18.8808679176637,5282,4
102.935472236038,18.3316094031362,5283,4
102.762823197435,18.8288104856445,5284,4
103.094426510597,18.6520303490495,5285,4
102.576498228653,18.8754285515479,5286,4
103.007900765222,18.5241565374123,5287,4
102.495758265143,18.854182839227,5288,4
102.778006243916,18.666302983494,5289,4
102.694726675283,18.2952579215816,5290,7
102.943005176939,18.3531571351896,5291,4
103.011387667026,18.6071631837196,5292,4
102.544077439585,18.4205707305787,5293,4
102.31561697054,18.8866175799986,5294,4
102.372568472704,18.9148887442181,5295,4
102.643387819871,18.8716698492294,5296,4
103.057183075532,18.5813555606329,5297,4
102.544289327195,18.7247514322204,5298,0
102.773017148302,18.387471071722,5299,4
102.585241263992,18.2175021767906,5300,7
102.225725185198,18.3302824326992,5301,4
102.767407144568,18.8733646230342,5302,4
102.405068993713,18.2616024363358,5303,6
102.516727790835,18.2111294356675,5304,7
102.803850312609,18.7732675091798,5305,4
102.359033598707,18.2339047832186,5306,4
102.231935670665,18.5414494611296,5307,4
102.536551917663,18.9148993757421,5308,4
102.492195931507,18.5968710163663,5309,4
102.72680546764,18.2292431113308,5310,4
102.684103881128,18.9230901617575,5311,4
102.214303473509,18.3494274037119,5312,7
102.729461486696,18.3950295637619,5313,4
102.467885726771,18.856798272208,5314,4
102.447468300571,18.2695671836147,5315,7
103.027481932353,18.2793116424764,5316,4
103.007916854405,18.888837364701,5317,4
102.868035046308,18.8018212520053,5318,4
103.141683988254,18.2518285849232,5319,4
102.702760814808,18.5743050400985,5320,0
102.355935385515,18.5645162998144,5321,4
102.796001390433,18.6479739442825,5322,4
103.071425576756,18.7536075042622,5323,6
102.295463252797,18.6061989805926,5324,4
102.314748563446,18.5165226386961,5325,4
102.808634160037,18.8344730173243,5326,4
102.854292966678,18.6364180747872,5327,4
103.115670044017,18.3083663721196,5328,4
102.679001873945,18.2864399469161,5329,7
102.88258085068,18.7954206052904,5330,4
102.357137709479,18.2578238231724,5331,4
102.750005839353,18.9520017842314,5332,4
102.4442340173,18.7080046673667,5333,4
102.806927233679,18.4885402309124,5334,4
102.344999463473,18.5386062468884,5335,4
102.618927462264,18.807260889752,5336,4
102.453097509857,18.7962592127239,5337,4
102.991877485035,18.435956559896,5338,4
102.649325796206,18.7825997837014,5339,4
102.82556342419,18.470333002605,5340,4
102.679633999115,18.5686721901109,5341,0
102.704325449757,18.2459156287511,5342,4
102.235629891252,18.669600767219,5343,4
102.385258759551,18.8979968521405,5344,4
102.438039979635,18.9322289861322,5345,4
102.254994908995,18.5614236702324,5346,4
102.394867620117,18.5253394344462,5347,4
103.104665402092,18.3202279436967,5348,4
102.475781027653,18.5844170567658,5349,4
102.311775175846,18.941961480116,5350,4
102.894668690459,18.6644298875111,5351,4
103.115824693961,18.2688007154733,5352,4
102.751477383518,18.5105849082319,5353,4
102.482703074514,18.8069043171659,5354,4
102.509586857558,18.9340050522451,5355,4
102.365546135121,18.2505769326035,5356,4
102.734507586093,18.7173316183459,5357,4
102.764691992701,18.2908406706014,5358,4
102.509236568091,18.7895379845181,5359,4
102.771920530538,18.6531086985808,5360,4
102.295574848588,18.6109259768161,5361,4
102.894088795247,18.80948494136,5362,4
103.08651170012,18.2251391967938,5363,4
102.547563390467,18.6873047557488,5364,0
102.87412751398,18.7703069925318,5365,4
102.728591840622,18.6665278248527,5366,7
103.053516254752,18.3385188939943,5367,4
102.835304885881,18.8851409207357,5368,4
102.68874826643,18.445846085914,5369,4
102.765850638588,18.6649892529743,5370,4
102.685302387901,18.6711075889699,5371,4
103.149365808176,18.8777862621901,5372,4
103.112374080333,18.2477778800252,5373,4
102.707272958139,18.7116529729151,5374,4
102.772201090505,18.9027484225912,5375,4
102.53581245285,18.2965218811261,5376,4
102.799453399634,18.5621226872559,5377,4
103.050396554809,18.3548023970561,5378,4
103.098179257911,18.6258243758648,5379,4
102.838494076186,18.8690998872617,5380,4
103.12579825728,18.8037325418176,5381,4
102.887729398691,18.3010946419231,5382,4
103.040739773193,18.839152845251,5383,4
102.867780523886,18.7003384141531,5384,4
102.768388033724,18.5051024036519,5385,4
102.357603653552,18.4164137975003,5386,4
102.872387242672,18.7578170913115,5387,4
103.004991862393,18.8219467697928,5388,4
102.726839663057,18.3974209593943,5389,4
102.207188132545,18.6517371615106,5390,4
102.700259460302,18.376619044019,5391,4
102.701721422904,18.4641780509183,5392,4
102.791726769937,18.2725994615869,5393,4
102.421133063087,18.6457691414696,5394,4
103.049443119442,18.4828857969035,5395,4
103.14577015519,18.6256058257256,5396,4
102.664972289713,18.2561437507115,5397,7
102.89373137685,18.3392801283698,5398,4
102.864285191129,18.5936186902042,5399,4
102.372185901287,18.5844891827357,5400,4
102.602204972353,18.3106519238451,5401,4
102.331368279405,18.4728655385124,5402,4
102.410589577863,18.7197196880964,5403,4
103.020123457277,18.9488770797328,5404,4
102.735886728751,18.2317249484182,5405,4
102.942816271906,18.7461150426159,5406,4
102.262292553755,18.5869887523433,5407,4
103.033165664286,18.3134221743867,5408,4
102.909643913987,18.5758884476751,5409,4
102.746950487955,18.4733147231284,5410,4
102.256769242186,18.6283326765222,5411,4
102.637217831674,18.4647060619848,5412,0
102.366797541656,18.3433934480921,5413,4
102.221437062672,18.6929921979718,5414,4
102.546167465303,18.3823682259039,5415,0
102.735203458426,18.5195664563455,5416,4
102.529479619418,18.730661975015,5417,0
102.283833562318,18.6075041738515,5418,4
102.751527840032,18.4618732366729,5419,4
103.075720367991,18.4945460334772,5420,4
102.392167027432,18.3838035379191,5421,6
102.263908610128,18.2270855169485,5422,4
102.39470661424,18.5030197502299,5423,4
102.27205176653,18.4731438736803,5424,4
102.394233324175,18.6845092901535,5425,4
102.299927495149,18.9466588222077,5426,4
102.875052143446,18.5392320703941,5427,4
102.949540927286,18.5422838414044,5428,4
103.056079457345,18.5955772774809,5429,4
102.49936718282,18.6434140998954,5430,4
102.256967114691,18.7891766057241,5431,4
102.763441561537,18.4666064439652,5432,4
102.21492345746,18.798475447367,5433,4
102.679081081738,18.3111330822324,5434,7
102.52628443437,18.8876381381835,5435,4
102.306420476796,18.6022276066734,5436,4
102.595439952272,18.5613250774647,5437,0
103.022435105706,18.4175680970312,5438,4
102.384528817822,18.6672969834236,5439,4
102.744998877375,18.5261847478325,5440,0
102.412191225912,18.2674392535841,5441,4
102.916840015969,18.7871828288343,5442,4
103.121710500614,18.3138438586484,5443,4
102.216771915318,18.6918367177968,5444,4
102.759120570738,18.9329607058136,5445,4
102.788837243244,18.8876079789079,5446,4
102.786194987156,18.5070734520048,5447,4
103.105817123177,18.2802668036183,5448,4
102.461710427247,18.836074898816,5449,4
102.559572784491,18.9507050208752,5450,4
102.790083959022,18.495793376995,5451,4
102.230158286763,18.8733394142674,5452,4
102.389233508267,18.7728030297105,5453,4
102.622812951793,18.9186982948429,5454,4
102.449570414396,18.5127404418855,5455,4
102.395300436497,18.3736319063814,5456,6
102.827123372336,18.5212412311678,5457,4
102.96176317782,18.704898266336,5458,4
103.00369984976,18.7429317518834,5459,4
102.203374152648,18.324150155925,5460,7
102.638228469451,18.3412504321532,5461,4
102.540350383481,18.8465332311236,5462,4
103.022045820127,18.6555797472744,5463,4
102.540708916466,18.8053235212064,5464,4
102.951400573547,18.3753123609412,5465,4
103.129188541426,18.6342442453203,5466,4
102.717708643028,18.4433337929641,5467,4
102.987015805029,18.932826832909,5468,7
102.973595495663,18.2637217352571,5469,4
102.792531196944,18.8182529067743,5470,4
102.448264343588,18.9039837615412,5471,4
102.571435673401,18.8682136951459,5472,4
102.991628790818,18.8933763758969,5473,6
102.410740065079,18.8110415769737,5474,6
103.07394518933,18.2549234371568,5475,4
102.85696938907,18.2595114067991,5476,4
102.537452158089,18.7437661383383,5477,0
102.918602126917,18.2118306232689,5478,4
103.133694877371,18.7815229037665,5479,6
102.860122384206,18.5562882292423,5480,4
102.240292887065,18.8462767060563,5481,4
102.535760442268,18.6859826019103,5482,0
103.089814405362,18.7956503077101,5483,6
102.219701926509,18.2086667190112,5484,4
102.262460642933,18.8517125800039,5485,4
102.221208049832,18.3517221406873,5486,7
102.898925702218,18.4139852761525,5487,4
102.500776376821,18.3004882744859,5488,7
102.454559275909,18.9507811667568,5489,6
102.458697975713,18.2480785765758,5490,7
102.998248511339,18.807057042903,5491,4
102.590227622981,18.5926864715807,5492,0
102.417393923181,18.3981538997442,5493,6
102.580751879743,18.7168371834805,5494,4
102.74474488531,18.7044174560961,5495,4
102.251538425889,18.6247303081446,5496,4
102.955825827611,18.6454177207776,5497,4
102.921275016038,18.6917477413211,5498,4
102.384622133172,18.9491680665063,5499,4
102.892022645962,18.3330096186079,5500,4
102.666884591463,18.5510136230783,5501,0
102.594957394405,18.4618412729264,5502,4
102.985304165567,18.7537424379806,5503,4
102.550116274222,18.4537326487693,5504,4
103.074629342297,18.3969298152147,5505,4
102.606498727631,18.9157118835945,5506,4
102.706427442031,18.7151446802028,5507,4
102.969067877043,18.7312190919134,5508,4
102.817007776391,18.6764271794012,5509,4
102.742167226491,18.2505099462463,5510,4
102.600295786666,18.3627976530159,5511,4
102.405338428259,18.6062586144539,5512,4
102.760160035131,18.794067641641,5513,4
103.147166102597,18.4909361252365,5514,4
103.089103445377,18.8119687937214,5515,6
102.883663652984,18.2049872631822,5516,7
102.651996443204,18.7734274549404,5517,4
102.936995991543,18.3541754324011,5518,4
102.328239019105,18.7366306900381,5519,4
102.565665139585,18.3399931075995,5520,4
102.884025015437,18.9038514265055,5521,4
102.200711271618,18.9063949915505,5522,4
102.851852936456,18.2954177494417,5523,4
102.985085492912,18.90899735118,5524,7
102.31344103877,18.3514486702701,5525,4
102.839659395345,18.610302108955,5526,4
102.693521457559,18.8970487256684,5527,4
102.42527632779,18.6700352029676,5528,4
102.408012134527,18.2987270351733,5529,4
102.787747115804,18.4514741363996,5530,4
103.149991445422,18.6517494889031,5531,4
102.46201837441,18.3377721789914,5532,4
102.372928332712,18.3817675347518,5533,4
102.778356109582,18.3804830732856,5534,4
103.063896088797,18.4481528490149,5535,4
102.430038915607,18.8011943738974,5536,0
102.872220679797,18.8422624108574,5537,4
102.330924429231,18.67713399097,5538,4
103.041355107567,18.4315361987802,5539,4
102.68571225505,18.7841979767711,5540,4
102.505139481977,18.2554420368153,5541,7
102.363439119125,18.8875272555999,5542,4
103.060527206287,18.5309571080374,5543,4
102.666682430753,18.5851379158775,5544,0
102.220922053826,18.473526943391,5545,4
102.228521523303,18.2137977909788,5546,4
102.317901211674,18.7340194159069,5547,4
102.237421215163,18.4014319416954,5548,4
103.031792543004,18.5001506351318,5549,4
102.632653933847,18.6114048343395,5550,0
102.481985256781,18.7379961385268,5551,4
102.483197648588,18.2164251122722,5552,6
102.897650797265,18.4719619614361,5553,4
103.044391814854,18.8505374543661,5554,4
102.540071437132,18.418467358544,5555,4
102.293320956758,18.4352154375182,5556,4
102.373578489504,18.268624593144,5557,4
102.602930598945,18.3309772690457,5558,7
102.24028294643,18.8301597117631,5559,4
102.511643813173,18.767823587578,5560,0
103.079024634422,18.8700729385396,5561,4
103.130873974104,18.4016564958541,5562,4
102.938271547355,18.4556304033692,5563,4
102.319536158343,18.5920165346592,5564,4
103.135937895236,18.2157975388782,5565,7
102.322144304368,18.2721689709338,5566,4
102.350598249979,18.7630077003352,5567,7
102.882039506939,18.2025756101913,5568,7
102.737005735213,18.3732751965931,5569,4
102.682758212738,18.4655359429048,5570,0
102.982122942101,18.9204757972006,5571,6
102.638462539767,18.9314373090886,5572,4
103.035515061571,18.425030152101,5573,4
102.816897108323,18.4597486418414,5574,4
102.867920135573,18.7602766373536,5575,4
102.699408705561,18.7792907968438,5576,4
103.115557730079,18.8343058676853,5577,4
102.320591821953,18.752022966321,5578,4
102.45825624352,18.4772859777262,5579,4
103.079960736119,18.9405213415883,5580,4
102.683042009911,18.8197266428587,5581,4
102.717066472139,18.2246301884609,5582,4
103.03256490509,18.7329923557162,5583,4
102.450499139904,18.2495126278654,5584,0
102.69069415938,18.7074882990047,5585,4
102.3335128978,18.6448637302416,5586,4
102.522847998786,18.8158001061588,5587,4
102.507469658558,18.7760182651819,5588,0
102.47791165047,18.8909710008732,5589,4
102.629499578076,18.2685860688594,5590,4
102.664590747068,18.3282045645274,5591,4
103.038094326851,18.2668029740071,5592,4
102.38216326856,18.8563475681485,5593,4
102.202608452662,18.6205485770649,5594,4
102.77174870202,18.2145581371003,5595,4
102.245885268406,18.8683830483916,5596,4
102.551036147947,18.716170051052,5597,0
102.646160951866,18.7491717685187,5598,4
102.711440027625,18.9411937012516,5599,4
102.786197057319,18.5761680011375,5600,4
102.262859253837,18.2637012996568,5601,4
103.114931682033,18.2005719879464,5602,4
102.536490768094,18.6585378026622,5603,0
102.52792426469,18.5896528622619,5604,4
102.930827692994,18.6809596678248,5605,4
102.952605626131,18.5355038054205,5606,4
102.335531068613,18.745494493999,5607,4
102.360581955978,18.3263401477727,5608,4
102.865161986221,18.5139112213661,5609,4
102.224300036922,18.8836181084687,5610,4
102.968394892697,18.5833108297732,5611,4
102.308950230438,18.8988075043565,5612,4
102.92905360486,18.2149906711677,5613,4
102.696020946619,18.4134595003092,5614,4
102.394628690124,18.5682116695167,5615,4
103.112750092997,18.333240434395,5616,4
102.84005304675,18.9087882645852,5617,4
102.66105097977,18.3449629309422,5618,4
102.351986574952,18.31459588514,5619,4
102.362571515864,18.4667790716557,5620,4
102.979062373584,18.5066488470958,5621,4
102.649788727699,18.4234920850709,5622,4
102.608565551662,18.7730672897208,5623,4
102.891693576445,18.2280113279092,5624,4
102.248313517229,18.6828061253299,5625,4
102.59530555191,18.4478085340434,5626,4
102.834329570972,18.2905164487077,5627,4
102.614720457741,18.2582836744846,5628,7
102.81222384114,18.5339419535561,5629,4
102.729435725718,18.8863536282174,5630,4
102.249939091565,18.7866903298181,5631,4
102.642075012032,18.517210463061,5632,0
102.735695170765,18.3309607299247,5633,4
102.794148448155,18.8476501823855,5634,4
102.332739976111,18.9386836939522,5635,4
102.594658287878,18.6133945233263,5636,7
102.546661136999,18.226870989287,5637,7
102.537741693992,18.5368316596646,5638,4
102.422503230698,18.5739405293214,5639,4
102.882574909104,18.2420471586711,5640,4
102.918894736837,18.7798253466388,5641,4
102.509679678805,18.7138732706602,5642,4
102.292053800976,18.8937415346991,5643,4
102.765372663849,18.7278849996669,5644,4
103.055659024625,18.4012182383588,5645,4
102.564391024738,18.2708110574192,5646,0
102.6117535119,18.8557350674039,5647,4
102.579597897904,18.5967195606307,5648,0
102.833562374892,18.3849555334801,5649,4
103.150554429856,18.6538117531201,5650,4
102.313310696068,18.7141892135826,5651,4
102.565166884844,18.4993311163944,5652,7
102.501665595402,18.2856748097812,5653,4
102.519965181363,18.7694043472576,5654,4
102.852976016707,18.6948279404946,5655,4
103.089635287937,18.5445039936718,5656,4
102.539175378955,18.8130111888306,5657,4
102.224826741547,18.3422640411978,5658,4
102.292065710447,18.8830263076863,5659,4
102.701018257725,18.9342620572324,5660,4
102.737288399995,18.675497408637,5661,7
102.266549992206,18.4363081622681,5662,4
102.826358941501,18.3000867457083,5663,4
102.847926994323,18.7699878384508,5664,4
102.822775644372,18.2622945219837,5665,4
102.681179071162,18.4599748449201,5666,4
103.119327036962,18.4762608937988,5667,4
102.68676267259,18.7769126209392,5668,4
102.337877446372,18.319307543426,5669,4
102.628102755468,18.9516401599871,5670,7
102.567957650745,18.7209030079098,5671,0
102.288005015072,18.5842329834439,5672,4
102.394760029864,18.798203014345,5673,7
102.441362261066,18.867781991312,5674,4
103.023916795721,18.7513342822746,5675,6
103.038709528728,18.6686942214633,5676,4
102.884191634743,18.2983867032017,5677,4
102.214317324369,18.3769669379271,5678,4
103.090896832846,18.7398769766661,5679,6
102.875073541908,18.8963347728916,5680,4
102.82737261096,18.6555955957896,5681,4
102.995385550805,18.2253433969923,5682,4
102.402774019541,18.7437815322957,5683,4
102.288964017632,18.5928705817084,5684,4
102.61681828406,18.3614058921862,5685,4
102.363168634615,18.6551803553599,5686,4
103.1510912862,18.2316142787496,5687,0
102.960470191678,18.5482282589301,5688,4
102.733374722341,18.3954635215644,5689,4
102.770352118465,18.7831375629003,5690,4
103.049048875552,18.5447876903133,5691,4
102.69448454898,18.4194782483067,5692,4
102.731189643287,18.7455003741951,5693,4
102.809479276951,18.4814148125005,5694,4
102.344089738852,18.6371491283618,5695,4
102.898903579785,18.4710795447239,5696,4
102.718154313978,18.3582159612368,5697,4
102.493854160545,18.7577502738718,5698,4
102.463779531353,18.3973299905369,5699,4
102.311941855497,18.7600705241049,5700,4
102.284281944613,18.9236422141388,5701,4
102.308848587487,18.4433937234907,5702,4
102.87732302096,18.4883914426106,5703,4
102.584380772932,18.2521261505621,5704,7
102.524692751387,18.3120895798197,5705,4
102.820436357579,18.3942860589937,5706,4
102.997776330882,18.3571332710428,5707,4
102.82530901253,18.605750967135,5708,4
102.534012349764,18.4993455962291,5709,4
102.618079321487,18.4446549769143,5710,4
102.734387519943,18.8911682544737,5711,4
102.579476681891,18.4582836711057,5712,7
102.288246082794,18.497477521326,5713,4
102.715263093954,18.7190522420446,5714,4
102.416038212247,18.7699614447141,5715,4
102.361682231901,18.2452614979958,5716,4
102.734597449743,18.7582590174315,5717,4
103.095810295853,18.7218404631527,5718,4
102.859393257366,18.8187444995466,5719,4
102.959087369111,18.6932646881373,5720,4
102.542066044453,18.2813040552018,5721,0
102.495308138079,18.7341422037677,5722,0
102.257486704116,18.2540138713668,5723,4
102.824199453532,18.5535562496524,5724,4
102.642241488789,18.2358342246839,5725,4
102.477638584452,18.9464585804788,5726,6
102.996866826564,18.4843264891343,5727,4
102.892288072732,18.402093214594,5728,4
102.604091756423,18.8897618520838,5729,4
102.977076642636,18.8570588951128,5730,4
102.630697313036,18.9398647190889,5731,7
102.454634209603,18.5308823548878,5732,4
102.922583122187,18.2853234677848,5733,4
103.125123097319,18.7858862898789,5734,6
102.897157995474,18.9471777237246,5735,4
103.117350323424,18.7480091546368,5736,7
102.601592401722,18.7692066338148,5737,4
102.530911321293,18.4806550625726,5738,4
102.372810445084,18.8368618837464,5739,4
102.470906357556,18.585716270362,5740,4
103.047971855384,18.4188552262106,5741,4
102.958441819618,18.7885998633403,5742,4
102.403304731178,18.9471057398368,5743,4
103.029281453613,18.2486691556251,5744,7
102.875336044427,18.2253033030687,5745,7
102.762553677605,18.7257401519892,5746,4
102.216172451196,18.7387656943328,5747,4
102.579115078661,18.8370234018201,5748,4
102.629189814634,18.3071567631952,5749,4
102.482546670091,18.4632186187011,5750,7
102.945865853364,18.8278242362009,5751,4
102.573574932552,18.6296727179206,5752,0
102.534900361328,18.4064016260445,5753,7
103.118657088162,18.3594789841266,5754,4
102.756536502147,18.752796488396,5755,4
102.90687298696,18.9111592319042,5756,4
103.0248659109,18.2515551346011,5757,6
102.850986597474,18.5477602674243,5758,0
102.575900190547,18.4094766008453,5759,4
102.270735974522,18.2802160103851,5760,4
102.5702103194,18.6352341438338,5761,0
102.914538566947,18.6501978630694,5762,4
103.074565093815,18.8528746171848,5763,4
102.46903409857,18.4197147393072,5764,4
102.414674568143,18.231099203266,5765,4
102.330489900601,18.6503590424122,5766,4
102.727557055999,18.2178207009512,5767,7
102.983075438379,18.9323449621826,5768,4
102.771245923303,18.3548890132394,5769,4
102.776515243045,18.7245712762396,5770,4
102.948378572581,18.478055950255,5771,4
102.697031165732,18.4691828660214,5772,4
102.860041726504,18.7280366821729,5773,4
103.126993062602,18.4886473103778,5774,4
102.532980517283,18.314962667114,5775,4
102.540813407478,18.8441478624541,5776,4
102.386949453384,18.6964480490035,5777,4
102.784187708455,18.7004633043442,5778,4
102.308866090135,18.278304817237,5779,4
103.11465248943,18.7466627956286,5780,4
102.221706589687,18.5837178321504,5781,4
102.256401942156,18.3337240342755,5782,4
102.800005434749,18.571826997445,5783,4
102.54626761496,18.4307543819155,5784,6
102.270611018345,18.6052386272868,5785,4
102.937665039496,18.6906941604334,5786,4
102.987024342235,18.5430964845215,5787,4
103.053152995534,18.5568690109536,5788,4
102.659735776291,18.8638625454424,5789,4
102.723381158385,18.9011846928528,5790,4
102.622415853254,18.7007915930415,5791,0
103.064159003406,18.7420764388845,5792,6
102.584373262548,18.6705988007019,5793,4
103.028271552968,18.5909584199541,5794,4
102.607630387049,18.44787585865,5795,4
102.204124883094,18.8210510057804,5796,4
103.083505140105,18.403816113115,5797,4
102.394559285895,18.9322196723526,5798,4
102.264482208493,18.2526358293877,5799,4
102.693265216246,18.4130212600173,5800,4
102.777491921448,18.429356367449,5801,4
102.463367031088,18.4133103211571,5802,4
102.429470700297,18.7868460644046,5803,4
102.494139636842,18.6744336684913,5804,4
103.090699923997,18.5955247576016,5805,4
102.858127192552,18.5206281269175,5806,4
102.773070306904,18.4712528469935,5807,4
102.398706928037,18.8140699478883,5808,4
102.762728657004,18.6895256053504,5809,7
102.612254990622,18.5672307155379,5810,0
102.297256848409,18.333952756264,5811,4
102.961324498902,18.8838636212144,5812,4
102.342966970848,18.2880436587211,5813,4
102.418682771383,18.2013935053817,5814,4
102.741333809469,18.2220803928556,5815,4
102.618093655737,18.376655102654,5816,4
102.352331363049,18.9053894331319,5817,4
102.98234166215,18.6954540256922,5818,7
102.263287734176,18.8646436799194,5819,4
102.536335150847,18.8072075133959,5820,4
102.922486118379,18.7261118869623,5821,4
102.394060375188,18.7596449794227,5822,4
103.052684581133,18.8126587647193,5823,4
102.534539815136,18.9482424150165,5824,4
102.381312230785,18.2020338271605,5825,4
102.202795217525,18.2968833423095,5826,4
102.808223011813,18.5648600777077,5827,4
103.079682972133,18.7344667356175,5828,6
102.22118131455,18.4388002964979,5829,4
102.950747609326,18.7750301163631,5830,4
102.798241288471,18.6064166515105,5831,4
102.623563022452,18.2491628955066,5832,7
102.263167935459,18.9517694690467,5833,4
102.668642335349,18.3197634748358,5834,4
102.8391891815,18.8409178406949,5835,4
103.021557602273,18.3577944108596,5836,4
102.425138065819,18.4395172552086,5837,6
102.521674265012,18.3466068606946,5838,4
102.354709668226,18.5731413591171,5839,4
102.344412661903,18.3257205161824,5840,4
102.954739575217,18.5594573443421,5841,4
102.291653409706,18.6247516931802,5842,4
102.20020200385,18.8773341716058,5843,4
102.337159590399,18.6088962591363,5844,4
102.223280436651,18.8507860579371,5845,4
102.921293112074,18.7434233289659,5846,4
102.443313781353,18.7996955173751,5847,4
102.8972497116,18.6207936279324,5848,4
102.46552392959,18.5708975462707,5849,4
102.881617598631,18.4728112968146,5850,0
102.920431105198,18.3976731482086,5851,4
102.779709053263,18.2381230028497,5852,4
102.49377317652,18.4962066426498,5853,7
102.892911951875,18.7280790862318,5854,4
103.073046811064,18.780111283433,5855,6
102.247529085718,18.9163877984456,5856,4
102.833736264471,18.2074404552214,5857,7
102.301599418188,18.7220688626419,5858,4
102.359559810862,18.307083961742,5859,4
102.277484947718,18.8861094523583,5860,4
102.823855184455,18.3459605077871,5861,4
102.35533011432,18.7859556968571,5862,4
103.077089860321,18.5183140234396,5863,4
102.239691034722,18.3177047650669,5864,4
102.865441473863,18.7963582708195,5865,4
102.895528706463,18.8131169192121,5866,4
102.913432894315,18.4919639366171,5867,4
102.678821669753,18.384132735457,5868,4
103.117172475979,18.3330314909505,5869,4
102.813686470686,18.8106631395622,5870,4
102.584083008482,18.4099683591666,5871,4
102.412694920186,18.4420233610623,5872,4
102.787089489386,18.284721692585,5873,4
102.923895774955,18.6826647725659,5874,7
102.216551826242,18.9355727703124,5875,4
102.965118353928,18.2535109429763,5876,4
103.001975651287,18.7340075223291,5877,4
102.947489204048,18.4319292004484,5878,4
102.525300956872,18.8785730408253,5879,4
103.070571821759,18.9141161367935,5880,4
102.617837513752,18.8305990708997,5881,4
102.610125506763,18.8456979179568,5882,4
102.59588121288,18.4134357903738,5883,4
102.321395805493,18.4661653046682,5884,4
102.226418872936,18.4212705819272,5885,4
103.144559844049,18.4351132055105,5886,4
102.297134749035,18.714619853013,5887,4
103.126981204426,18.4399030892514,5888,4
102.277295083893,18.8633913604798,5889,4
102.716799464378,18.9096291322894,5890,4
102.518766790361,18.8440066851673,5891,4
102.866826543659,18.5392381358664,5892,0
102.283876915999,18.4428638642236,5893,4
102.562391854264,18.2580777457951,5894,4
102.519293562298,18.4481082161739,5895,6
102.88368062826,18.2407856282176,5896,4
102.246044023058,18.9340097605892,5897,4
102.633914199819,18.6839010639645,5898,4
102.212073103454,18.3976928372197,5899,4
102.851086222799,18.2746624159555,5900,4
102.230312854352,18.4530115327409,5901,4
102.765139501842,18.5291624027566,5902,7
102.370957611792,18.5586843273657,5903,4
102.689029698093,18.9491433752886,5904,4
102.594100730653,18.6121674727634,5905,7
102.598969639973,18.3312458230847,5906,6
102.905882355419,18.3659956308452,5907,4
102.771752040131,18.2131544029117,5908,6
102.496889608114,18.6291511791563,5909,4
103.045679935849,18.6903970334602,5910,4
102.330554633247,18.3879157896792,5911,4
102.715083382085,18.4936186225633,5912,4
102.222273845853,18.8305594380507,5913,4
102.565866108075,18.2173932754164,5914,7
102.928753710347,18.6920819638194,5915,4
102.819219641976,18.3957846298713,5916,4
102.878909860898,18.2466704623291,5917,4
102.80417794888,18.7415528277773,5918,4
102.58212995,18.5362381541891,5919,0
102.858976169041,18.7765578982247,5920,4
102.753090663183,18.5854186950247,5921,4
102.872765695408,18.8776979799148,5922,4
102.909197660687,18.8685558245541,5923,4
103.005235131486,18.9457203069788,5924,4
102.419630618507,18.6046309624174,5925,4
103.032680614624,18.9429765931705,5926,4
102.500129797722,18.8869886134093,5927,4
102.783107351678,18.4670475134499,5928,4
102.692363912363,18.4146890048615,5929,4
102.433408703036,18.2784058267944,5930,0
102.246402005891,18.6564962239388,5931,4
102.636220591151,18.6085564584835,5932,0
102.508212496309,18.3695440383069,5933,6
103.061077033817,18.8690566188536,5934,4
102.662055065059,18.9366116974931,5935,4
102.587049314101,18.288623732613,5936,7
102.756084529577,18.666957745591,5937,4
102.765993378864,18.4804884828417,5938,4
102.628744709558,18.4749571253714,5939,0
102.438437322965,18.5112976305741,5940,7
102.286556775516,18.8641433124109,5941,4
102.225446728407,18.2130757531163,5942,4
103.125395397371,18.5169365431587,5943,4
102.390088215491,18.3516841894385,5944,6
102.757777853905,18.5855326910501,5945,4
102.372477755879,18.5870609889641,5946,4
102.763421885979,18.6749701046284,5947,4
102.629662609207,18.2748519969525,5948,4
102.35545156787,18.6654452727553,5949,4
102.463942339689,18.3266857174922,5950,7
102.999442720527,18.7989355898428,5951,6
103.009865023251,18.2558635616211,5952,4
102.685481178117,18.6277072106216,5953,0
103.083195961821,18.826219552739,5954,4
102.870732038164,18.3494408539226,5955,4
102.499995715056,18.8579638233104,5956,4
102.964298494635,18.4410426814358,5957,4
102.421823074825,18.2988286575124,5958,7
103.128188785671,18.6025689624425,5959,4
102.512087717275,18.4807410987118,5960,4
102.798656214024,18.3497289736866,5961,4
102.344424035545,18.2167654319135,5962,4
103.021824069344,18.8438671618444,5963,4
102.241552196015,18.5237208323621,5964,6
103.019297876844,18.2508195213861,5965,4
102.985279435648,18.3973328465625,5966,4
102.937723094426,18.7132575971625,5967,4
102.915805956975,18.8411948926257,5968,4
102.258085770667,18.2195847323058,5969,4
102.959779386876,18.5146621137903,5970,4
102.942008716939,18.5555691430681,5971,4
102.542156545886,18.6830234250769,5972,0
102.358789705105,18.506325604486,5973,4
102.822227686977,18.7729151498587,5974,4
102.86757316801,18.9254664041293,5975,4
102.243227597048,18.7918145184297,5976,4
102.382471750837,18.2025746603635,5977,4
102.392654456737,18.8880942539873,5978,4
102.600773785433,18.6724901008892,5979,4
103.04928180508,18.2843152143526,5980,4
103.015426773594,18.3199585722897,5981,4
102.850211476614,18.2502694403031,5982,4
102.574114025373,18.6521982577793,5983,4
102.995249934488,18.2788266613872,5984,4
102.606549278349,18.3390878226399,5985,4
102.43298705884,18.5202881550083,5986,4
102.630972589369,18.8886709411666,5987,4
102.461293773067,18.8101507417227,5988,4
102.884756225243,18.7918438246491,5989,4
102.332603099465,18.3723610185283,5990,4
102.94866285833,18.4991501847273,5991,4
102.276639943621,18.8328831458289,5992,4
102.316684274338,18.3651742250957,5993,4
102.548910391786,18.3742931881109,5994,0
102.516519958584,18.4611212153976,5995,4
102.478778887278,18.325131237411,5996,7
102.559227894718,18.8623870689608,5997,4
103.059405189105,18.781534197913,5998,4
103.133914183104,18.3621298256035,5999,4
102.509075022891,18.7869084167226,6000,4
102.549753350547,18.64168389663,6001,0
102.468293516101,18.5703346523977,6002,4
103.101860465911,18.646940693718,6003,4
102.77103216899,18.8105464033028,6004,4
102.944206999865,18.9114226828287,6005,4
102.913665771565,18.2021501513559,6006,4
103.093317555203,18.2861797182322,6007,4
102.754728511592,18.3518797419151,6008,4
103.126831627352,18.7805416774905,6009,6
102.322620065523,18.3091955921585,6010,4
103.001827267907,18.8744360616657,6011,4
102.859178253653,18.7406810102043,6012,4
102.583321263129,18.84506780848,6013,4
102.720671073217,18.6103897232792,6014,4
103.036253955948,18.8091382594292,6015,6
102.553951497039,18.9456323352131,6016,4
102.952711384719,18.9255244746936,6017,4
103.025236192297,18.5954957971506,6018,4
102.267683987837,18.5851832665557,6019,4
102.963667477684,18.3851717076395,6020,4
102.540395116588,18.412415938249,6021,0
102.887172972075,18.6327570726983,6022,4
102.925519410239,18.9109913300946,6023,6
102.457107107079,18.5851239702444,6024,4
102.878782160701,18.4395878456777,6025,4
102.446989102378,18.3779004987866,6026,4
102.802779562185,18.6817935851012,6027,7
102.971247474738,18.6235278960412,6028,4
102.546806989628,18.5092983996461,6029,4
102.255148751813,18.7322820794247,6030,4
102.956721110928,18.4126148428946,6031,4
102.968057889961,18.5663726023022,6032,4
102.361987341549,18.6540643923044,6033,4
102.781838816855,18.2478314783985,6034,7
103.054231587225,18.6822628467114,6035,4
102.199544427941,18.7930961036034,6036,4
102.794673723598,18.4145734750729,6037,4
103.007806479769,18.3190464283023,6038,4
103.012615315359,18.8532473073436,6039,4
102.79627488758,18.4568279485348,6040,4
102.87657901255,18.2385669487572,6041,4
102.916916428974,18.2203668998014,6042,4
102.289382696404,18.8833136727626,6043,4
102.719697012659,18.8106483223093,6044,4
102.606183188741,18.3853270802303,6045,4
102.515551759673,18.412591419748,6046,4
102.204899501314,18.5995568943056,6047,4
102.640785016681,18.6004459792392,6048,0
102.715904633315,18.7465023485951,6049,4
102.885731810147,18.4144310156701,6050,4
102.487623683011,18.3697183105646,6051,4
102.462336587793,18.4667879100054,6052,4
102.784007203682,18.7394529387374,6053,4
103.144171646001,18.8113775064946,6054,4
102.469782541819,18.6494097000978,6055,4
102.83402985087,18.9429344372063,6056,4
102.768971183781,18.819224092407,6057,4
102.874445411875,18.3327737495185,6058,4
102.661414950212,18.6233647097074,6059,0
102.644175002523,18.5920818343108,6060,0
102.744409949934,18.9335743036157,6061,4
102.885001864138,18.7787997636534,6062,4
102.816786578245,18.4591657556689,6063,4
102.338143414168,18.8622021782524,6064,4
102.511990408025,18.4375522872171,6065,7
102.368395346337,18.315740793278,6066,4
102.847171270402,18.7701832109194,6067,4
103.023787880963,18.642508906724,6068,4
102.835765921723,18.3839370596505,6069,4
102.715365372357,18.5865747847376,6070,0
102.531978823243,18.6312907104414,6071,0
102.647420318926,18.4044382726669,6072,4
103.08742135388,18.3918105067241,6073,4
102.36417507302,18.3589927154723,6074,4
102.50605665712,18.3529045281464,6075,6
102.558386832869,18.4726381192201,6076,4
102.698017646696,18.6999518191833,6077,4
102.623535789812,18.6515624172039,6078,0
103.137163475692,18.4238880171232,6079,4
102.779064970545,18.5960112304255,6080,4
102.261311178343,18.4018606185521,6081,4
102.618629799244,18.5547007281466,6082,0
102.203712476482,18.2383055521796,6083,4
102.2485464206,18.3053450359671,6084,4
102.363002827611,18.4135971415677,6085,4
102.492263465001,18.7517701378836,6086,0
102.900212334605,18.397359436542,6087,4
103.014536493574,18.6084015546354,6088,4
103.131224322466,18.8893093434838,6089,4
102.708388010863,18.5513709934063,6090,0
102.92809690389,18.9227660367505,6091,6
102.548985912976,18.3439883527475,6092,4
102.881030390745,18.3866704676819,6093,4
102.411215135181,18.2426001018529,6094,4
102.431972167679,18.7872816001774,6095,4
102.595863024109,18.7886679589161,6096,4
102.72194395965,18.6288437598017,6097,4
102.97626198868,18.9230500727003,6098,6
102.542420020966,18.7508269874567,6099,0
102.329541614605,18.4475506853291,6100,4
102.725603584816,18.4202036810281,6101,4
102.729708769427,18.9516276993779,6102,4
102.871036910826,18.2093044217516,6103,4
102.836729654293,18.6609587946738,6104,4
102.705605311938,18.5242630082155,6105,0
102.578436053984,18.6492962961683,6106,4
103.081310601947,18.2068559519109,6107,7
102.28252938826,18.4688032655911,6108,4
102.340936019627,18.6739631332704,6109,4
102.28235628212,18.573955392323,6110,4
102.400597278141,18.9246180188864,6111,4
102.455933087415,18.5719469603888,6112,4
102.236800821981,18.5161373151462,6113,4
102.69950239684,18.8123563299645,6114,4
102.968506709604,18.8444622940923,6115,4
102.921003395433,18.5485657829087,6116,4
102.765580694355,18.278707428019,6117,4
103.074946834343,18.6593877700634,6118,4
102.215626577105,18.3402668815048,6119,4
102.614524928515,18.2251314114891,6120,6
102.474627598433,18.7930785561981,6121,4
102.695162124882,18.6961618873898,6122,4
102.366744234777,18.4709833128778,6123,4
103.143962492372,18.7672235660381,6124,6
102.417413758034,18.2747735628529,6125,7
102.872202608397,18.8540205168385,6126,4
102.376421874197,18.5627935899605,6127,4
102.766439479655,18.5072289166054,6128,4
102.334759028681,18.3127323375432,6129,4
102.583664864133,18.5890225114564,6130,0
102.819200754984,18.570127515009,6131,4
102.699336175722,18.8935016688339,6132,4
102.377394705296,18.7580641035429,6133,4
102.511884720761,18.8230533332741,6134,4
103.107368663932,18.4568820081667,6135,4
103.110624934217,18.7283551386603,6136,4
103.144199348937,18.8385317445699,6137,4
102.650205023402,18.7316713902863,6138,4
102.926914098169,18.6705665577097,6139,4
102.74665411574,18.7342159751772,6140,4
103.115386728227,18.7497326106768,6141,7
102.822679076295,18.4814550387905,6142,4
103.119188942595,18.6919347331185,6143,4
102.646426302262,18.5937705390084,6144,0
102.577816236302,18.418364258988,6145,4
102.754363043477,18.6536431100619,6146,4
103.114773337114,18.9145858205299,6147,4
102.46642848109,18.2745035056598,6148,7
102.556799517604,18.585712847373,6149,0
102.918865896624,18.9391265228079,6150,4
102.956504464704,18.4917648207778,6151,4
102.52708980129,18.8392942067742,6152,4
102.530550070642,18.6652104620732,6153,0
102.574933820368,18.4639055668882,6154,7
103.140553617616,18.516775554334,6155,4
102.974069810578,18.2150808485006,6156,4
102.363206250335,18.7731286300406,6157,4
102.376451242994,18.6165482800653,6158,4
103.030591179885,18.8647387617838,6159,4
102.481007371076,18.8237684183686,6160,4
102.62959010636,18.6385098221486,6161,0
103.105383764572,18.9374671414249,6162,4
103.101238160261,18.7593260937481,6163,6
102.788736669189,18.7890013445377,6164,4
102.284357267303,18.2695537381121,6165,4
102.4772252368,18.7514903634993,6166,4
102.547682857226,18.5251667338042,6167,4
102.453634064709,18.7601397810017,6168,4
102.818625283248,18.63388466604,6169,4
102.642415385425,18.5468913371346,6170,0
102.709384618195,18.2680132802139,6171,4
103.052643116515,18.4124260955404,6172,4
102.226693308801,18.230317297008,6173,4
102.440805544217,18.6873623715567,6174,4
102.368654002206,18.7982355565615,6175,4
102.436023145369,18.4133575888145,6176,6
102.800975021456,18.5099135316535,6177,4
102.62485055483,18.6979449863669,6178,0
102.263579202375,18.2381816227401,6179,4
102.483685951589,18.7304954275462,6180,4
102.799688855525,18.6429159158907,6181,4
102.973588266918,18.6259589839182,6182,4
102.901979545049,18.2425209209959,6183,4
102.217272699108,18.7724608967504,6184,4
102.98069265449,18.2713199060367,6185,4
102.912250717223,18.8315733613972,6186,4
102.506791645064,18.4903159268549,6187,4
102.466515968912,18.329080287966,6188,7
103.074093755607,18.7128521591873,6189,4
102.762713156844,18.4539958016702,6190,4
103.140852692136,18.8929465657808,6191,4
102.296469465461,18.2607506449875,6192,4
102.264977528535,18.4041412724496,6193,4
102.483246750887,18.3743375698275,6194,7
102.430716289151,18.822237539973,6195,4
103.003240972322,18.2498079954328,6196,4
102.79063958229,18.4996531567305,6197,4
102.222996197003,18.7332594494611,6198,4
103.042852801941,18.4275978381154,6199,4
102.420147928212,18.6635799629266,6200,4
102.811899932749,18.2317684420365,6201,7
102.934092702529,18.7935502917546,6202,4
102.285234795153,18.6069491962447,6203,4
102.625756419405,18.2417932100991,6204,6
102.341002716757,18.6514161911216,6205,4
102.905814792065,18.7729480005722,6206,4
102.329723092617,18.4572002922097,6207,4
102.89772431654,18.5316727190321,6208,0
102.481165792092,18.932883678192,6209,4
102.573170895692,18.4824987112148,6210,4
102.569616603486,18.411346388456,6211,4
103.126874844443,18.806230528561,6212,4
103.043217678316,18.6247271449639,6213,4
102.592364971395,18.5650189544301,6214,0
102.739673961499,18.6230988019483,6215,4
103.112202371983,18.79555926307,6216,6
102.201258622046,18.202469150867,6217,6
102.614266149885,18.4702694834336,6218,0
102.490562096605,18.3849663759349,6219,4
102.910884259078,18.354468389493,6220,4
103.067982622549,18.7927586906377,6221,4
102.604233490305,18.3820408366852,6222,4
102.479736506846,18.4181837528403,6223,4
102.42676382552,18.7263010240123,6224,4
103.128010256255,18.946895239635,6225,4
102.355013961336,18.4173217383721,6226,4
102.408017595634,18.6974584128402,6227,4
103.037729525997,18.546044231776,6228,4
102.417723691121,18.2168029921163,6229,7
102.960836447863,18.7908084835638,6230,4
102.771895306291,18.7556993938271,6231,4
102.610962887075,18.4895354209302,6232,7
102.957073358162,18.2330037397338,6233,4
102.953838061216,18.6064108078342,6234,4
103.102467707787,18.8847118382145,6235,4
102.937263433304,18.3652789704223,6236,4
102.508479095781,18.7862097243457,6237,0
102.800439702515,18.2897520952077,6238,4
102.744049930602,18.6827616145926,6239,0
102.622801852628,18.2680774820632,6240,7
102.995950758082,18.5587871423225,6241,4
102.900624103401,18.4270251865158,6242,4
102.9172946579,18.3847015729378,6243,4
102.520920306921,18.924319291548,6244,4
102.681581215563,18.9021465593617,6245,4
102.21836825696,18.2014041408979,6246,4
102.887308662138,18.622611116432,6247,4
102.956477924497,18.4485345762972,6248,4
103.027346013407,18.8009267794307,6249,4
102.932948923857,18.6445240109371,6250,4
102.985913358254,18.306862098513,6251,4
102.4466566202,18.8740217924845,6252,4
102.770420423893,18.6495474120604,6253,4
102.371566339355,18.8673523732867,6254,4
102.988397267009,18.2307555436013,6255,4
102.777557089121,18.8577211511008,6256,4
103.089866548671,18.6425646209893,6257,4
103.149318101662,18.9514346917351,6258,4
102.877087914527,18.508498119342,6259,4
102.494807913702,18.3469828195391,6260,6
102.669207798948,18.7680066143957,6261,4
102.582994272805,18.431990832092,6262,4
102.698454263873,18.846861648828,6263,4
102.354180857156,18.8425640818984,6264,4
103.043908663023,18.831041957676,6265,4
102.314344076416,18.6351496057995,6266,4
102.833882458459,18.700046710284,6267,7
103.074934165752,18.3573937236275,6268,4
103.048495837087,18.7316609110351,6269,4
102.804528102302,18.23627992868,6270,4
102.647330119706,18.5683709992344,6271,0
102.542791607614,18.3773552927681,6272,4
102.552105125892,18.7849063046076,6273,4
102.438683966919,18.5595624148589,6274,4
102.656797501039,18.2745760781775,6275,4
103.136685607449,18.3281578162143,6276,4
102.416093345101,18.6086329050826,6277,4
102.877576034841,18.9184281827441,6278,4
102.787406122155,18.3618097617558,6279,4
102.55912026367,18.8481015534336,6280,4
102.218224343567,18.6173007801447,6281,4
103.137121041871,18.3948567281793,6282,4
102.906358174343,18.4243363114669,6283,4
102.72980543257,18.8120149719147,6284,4
103.101294790062,18.2116094946018,6285,7
102.899498954641,18.6163213105174,6286,4
102.930142995341,18.5596269403853,6287,4
102.259223349679,18.7262148763347,6288,4
102.602352012348,18.9304344000722,6289,4
102.229597521385,18.2249596276346,6290,4
103.039957301867,18.8966198986012,6291,4
102.806497403429,18.88704101453,6292,4
102.834092683224,18.4510197684896,6293,4
102.725830540333,18.7899443676002,6294,4
102.42673931461,18.5290828280541,6295,7
102.96775936646,18.7937694718159,6296,4
102.473470023461,18.8600758843972,6297,4
102.563982412697,18.9092605604021,6298,7
102.26563087784,18.4931369534418,6299,4
102.468985881161,18.2141464000138,6300,6
102.360997491401,18.5678679244467,6301,4
103.127976476939,18.7424989332505,6302,6
102.257086983145,18.8951059194327,6303,4
102.446397318992,18.9068136281881,6304,4
103.135831598458,18.4553086279268,6305,4
102.37689843675,18.9387056400371,6306,4
102.923162632409,18.4882724200678,6307,4
102.342338168241,18.4471100830542,6308,4
102.251863421436,18.351881333119,6309,4
103.085080593785,18.7700014496133,6310,6
102.806481099411,18.6807124869056,6311,4
103.134668975466,18.9000564791834,6312,4
102.944967429347,18.7965686376791,6313,4
102.222910433249,18.9356628373265,6314,4
102.209351685487,18.3061817135632,6315,4
102.269145185333,18.9384113611296,6316,4
102.388213618898,18.8226646976063,6317,4
102.82699730668,18.3648874806992,6318,4
102.854150397691,18.5862898908804,6319,4
102.646952495194,18.6925828085217,6320,4
102.587023890356,18.8393555801074,6321,6
102.464428178654,18.3715545907875,6322,7
102.659462157404,18.6060735208425,6323,0
102.322725324405,18.4894814988897,6324,4
103.113290500767,18.9294080413625,6325,4
102.829835330425,18.9312631342248,6326,4
102.82831067314,18.5609626983935,6327,4
102.706422105563,18.5352049833862,6328,0
102.292959121713,18.8686030519827,6329,4
102.92397792662,18.5448575302362,6330,4
102.609086199877,18.6618648705836,6331,7
103.01434287382,18.4572828224931,6332,4
103.082684886726,18.5947249658321,6333,4
102.32387732677,18.7062567270376,6334,4
102.508201705891,18.7254611327157,6335,0
102.343024832462,18.6559144353158,6336,4
102.963976030367,18.919851412903,6337,4
102.242159755169,18.2557059288722,6338,4
102.799977364534,18.6264733271016,6339,4
103.00773393814,18.2097446105143,6340,0
102.398913203623,18.6996321361028,6341,4
103.005572846485,18.1999940014498,6342,7
103.101614976434,18.7490759169887,6343,6
102.97355216952,18.3473935163759,6344,4
102.729581864908,18.9275366466715,6345,4
102.354618462263,18.3486652054231,6346,4
103.114704614735,18.404602314024,6347,4
102.345613412477,18.7680069943314,6348,6
103.144054133507,18.4392676956184,6349,4
102.649694796039,18.7741439299709,6350,4
102.261699402778,18.4560249720065,6351,4
102.243558763766,18.8961794797175,6352,4
102.594235270207,18.2651829706473,6353,6
102.934747001479,18.8604348015508,6354,4
103.022686728247,18.6347852036903,6355,4
102.625668735843,18.7919943837981,6356,4
102.776030538843,18.7488266563463,6357,4
102.614530571497,18.2094989935152,6358,0
103.096475258072,18.2762537599797,6359,4
102.915301872532,18.3371041515312,6360,4
102.471527919286,18.3771635628099,6361,7
103.139315958448,18.7620761551042,6362,4
102.285825113745,18.288645412811,6363,4
102.744664703453,18.5755226252612,6364,0
102.424535204312,18.7219559708963,6365,4
102.754119052035,18.5148143211116,6366,4
102.412457878234,18.6030914911676,6367,4
102.939164114939,18.7635935929653,6368,4
103.091042075875,18.3566361657326,6369,4
102.424797172803,18.5925141584206,6370,4
103.020166786461,18.8552400886648,6371,4
102.391868218883,18.3883750668668,6372,4
103.085640423371,18.2749681281217,6373,4
102.840319506782,18.3350140201547,6374,4
102.526838811989,18.6469282629531,6375,0
102.431714524496,18.4485708344093,6376,6
102.886396559457,18.5701047294528,6377,4
103.020363877285,18.6869899933576,6378,4
103.053541792198,18.5075900691062,6379,4
103.010804153303,18.5535238475997,6380,4
102.448164427073,18.7857155352967,6381,4
103.14446166189,18.3348008199843,6382,4
102.832769026036,18.7475034731657,6383,4
102.770696654089,18.8182873979904,6384,4
102.575961410933,18.3125329165186,6385,4
102.365122635668,18.5285140641791,6386,4
102.21132554235,18.7723384226235,6387,4
102.422056558869,18.5200468922327,6388,4
102.895970944601,18.6661548122368,6389,4
102.828564437244,18.8866063154854,6390,4
103.016335009787,18.328065325238,6391,4
102.556229568812,18.6753122616219,6392,4
102.858513687868,18.2429316581324,6393,4
102.4908246974,18.8095917056773,6394,4
102.320451478842,18.7168142122643,6395,4
102.572169512449,18.2435698716544,6396,7
102.933482878356,18.2076813410385,6397,7
102.522892146963,18.6381937222299,6398,4
102.907257791057,18.9423312108539,6399,4
102.303244897478,18.9063822543905,6400,4
103.085281737157,18.6803846890127,6401,4
102.218999720715,18.7158628050944,6402,4
102.960522734344,18.8796594817525,6403,4
103.121269185399,18.5943843235242,6404,4
102.344571202687,18.2725389802919,6405,4
102.950578594193,18.3567723033835,6406,4
102.278628988626,18.422828113888,6407,4
102.565238161322,18.5720408177738,6408,0
102.229184179016,18.5084326203772,6409,4
102.565519963647,18.8978382442865,6410,6
102.856949709147,18.9187809030664,6411,4
102.593825968813,18.3512686017487,6412,4
102.920995484202,18.6482940820293,6413,4
102.410896490379,18.3418373996623,6414,6
102.991758888839,18.2000903763511,6415,7
102.24846039117,18.5331191493142,6416,4
102.521310827241,18.7981851385904,6417,4
102.32215526456,18.6066780987668,6418,4
102.973206132761,18.2980246736891,6419,4
102.388479693892,18.6144609391595,6420,4
102.646942666816,18.8028223544127,6421,4
102.939933150919,18.5373669645446,6422,4
102.375294484252,18.9186669552316,6423,4
102.805938508454,18.5032579353329,6424,4
102.942996992154,18.8879776275374,6425,4
102.812354194954,18.871311242997,6426,4
102.36670011836,18.7056447075976,6427,4
102.347317214167,18.9303935982128,6428,4
103.096778802457,18.6485663861437,6429,4
102.604313101839,18.9341010942816,6430,7
103.098468931288,18.2270283249402,6431,7
102.289923518404,18.4048286565013,6432,4
102.746969863964,18.3604800231336,6433,4
103.007055064969,18.4008112441675,6434,4
102.322846524393,18.7174947395794,6435,4
102.57418023901,18.9011496748332,6436,4
102.800769631902,18.5736513029093,6437,4
102.707463290884,18.8429739085584,6438,4
102.200735939842,18.2131003256111,6439,4
102.313819684575,18.5446947558042,6440,7
103.11793485244,18.7737749204589,6441,6
102.49281597445,18.2510259733918,6442,4
103.063197331873,18.8520713885529,6443,4
102.334063480038,18.7161325767053,6444,4
102.282639913502,18.5442799241737,6445,6
102.595634024717,18.4967119534377,6446,0
102.276236150274,18.590255889798,6447,4
102.331166765602,18.9188341793249,6448,4
102.671361236736,18.2133218019683,6449,7
102.722283753588,18.6131067128091,6450,4
102.729318706193,18.8238217608612,6451,4
102.874715098943,18.8130024513806,6452,4
102.477136674396,18.378746108327,6453,7
103.04367153937,18.2487905553108,6454,4
102.513676014937,18.3127615751544,6455,4
102.996990514967,18.7841133936828,6456,6
102.603503249789,18.2195227060938,6457,7
102.526173814327,18.6624289713698,6458,0
102.345325019213,18.6801290659382,6459,4
102.57430395002,18.2974522071709,6460,4
102.36885203587,18.5274257215559,6461,4
102.680528774713,18.6782796608267,6462,4
102.870900143529,18.6085546103811,6463,4
102.702251502277,18.4824345818921,6464,4
102.582720613883,18.6605158091664,6465,4
102.648116668525,18.3076865420849,6466,4
102.846222805492,18.7227434670893,6467,4
103.038695362306,18.6797038109698,6468,4
102.814071470976,18.5209198480562,6469,4
102.631131153792,18.3718552874545,6470,7
102.272549577064,18.58996006537,6471,4
103.063658954656,18.3906617225905,6472,4
102.27476791703,18.4464858357058,6473,4
103.082847080858,18.9504289452806,6474,4
103.148891420147,18.8851896782034,6475,4
102.347829306477,18.3528565397748,6476,4
103.061376621774,18.2694890619849,6477,4
103.004066948103,18.2572231852827,6478,4
102.953176575512,18.6312897340509,6479,4
102.599838591893,18.7057327712253,6480,4
102.8869802528,18.6611121348166,6481,4
102.666630843247,18.5078055037805,6482,0
102.459405772268,18.4928978754533,6483,7
102.944097377056,18.7979729339842,6484,4
102.709235105242,18.832340052944,6485,4
102.36378774829,18.8216278766255,6486,4
102.292849847849,18.5457981522335,6487,4
102.619556676564,18.4668583068727,6488,0
103.013346442759,18.6654754397155,6489,4
102.718334749407,18.5438379974724,6490,0
103.124871459264,18.804224060312,6491,4
102.567989555618,18.2258921817866,6492,7
102.984634029226,18.7221635977814,6493,4
102.654115418694,18.5682899992468,6494,0
102.944280008462,18.506369894949,6495,4
102.458935232231,18.9190122250112,6496,4
103.017422456819,18.908359143343,6497,6
102.838319158477,18.3052929516395,6498,4
102.391521036473,18.612220286608,6499,4
102.445125694659,18.3898718910258,6500,4
102.463295269249,18.5057054054797,6501,4
102.456565568041,18.7188252245911,6502,4
102.787952146759,18.7149069772915,6503,7
102.249052629771,18.3603144784658,6504,4
102.925308607699,18.9502465833075,6505,4
102.374550670934,18.5513816936805,6506,4
102.896422410742,18.8736373985618,6507,4
102.923413387881,18.8006755660609,6508,4
102.305227082405,18.6192339700166,6509,4
103.05075935172,18.3472159258895,6510,4
102.502239721332,18.7372120532816,6511,0
102.286594492164,18.8400238965043,6512,4
102.738545666474,18.8037364307881,6513,4
103.038733246175,18.4171014671034,6514,4
102.903874379946,18.9218440394646,6515,4
102.392654417107,18.3543943885949,6516,6
102.609720289772,18.5522267603855,6517,0
102.805908066215,18.2137278114535,6518,7
102.722368770785,18.304782001396,6519,4
102.695219301951,18.3088333813127,6520,7
102.467286309928,18.366971751303,6521,7
102.492433893981,18.8766096805823,6522,4
102.286744331846,18.2069512016945,6523,4
102.241822612324,18.6017858304571,6524,4
102.738571259571,18.880611405983,6525,4
102.613461285317,18.8911175051543,6526,4
102.788828881982,18.2765057577248,6527,4
102.837202828217,18.7365425765098,6528,4
102.374232745766,18.6799245368495,6529,4
102.456508827698,18.3517224531349,6530,7
102.879109792597,18.4248250348999,6531,4
102.903953037402,18.2385469376638,6532,4
102.72780537877,18.5710890438387,6533,0
102.475831259082,18.718080895451,6534,4
102.965080178241,18.727759817946,6535,4
102.983554204107,18.7809831305886,6536,4
102.883316978154,18.236341500411,6537,4
102.760795303835,18.95108301234,6538,4
103.027930076473,18.278070781417,6539,4
102.21801886074,18.897365916122,6540,4
102.729432856054,18.4499712164577,6541,4
102.864248947901,18.8172004519472,6542,4
102.695959132288,18.8017308098496,6543,4
102.754268480165,18.3044351911273,6544,4
102.748646754586,18.2868748707493,6545,4
102.657511237369,18.6001712796322,6546,0
102.647928467207,18.6727060186905,6547,4
102.696865161251,18.691594933414,6548,4
102.875734824713,18.4793153194814,6549,4
102.397420233546,18.8108721228706,6550,4
103.08821407702,18.3281064604623,6551,4
102.428729751404,18.9461721807634,6552,4
102.380297844082,18.8930436997841,6553,4
102.965820033236,18.250631690691,6554,4
102.38481461691,18.2705627887039,6555,4
103.131735283193,18.6153869958348,6556,4
102.466357622906,18.4737485489744,6557,7
102.435398219727,18.4521667914284,6558,6
102.390753005099,18.6266364672481,6559,4
102.414040147012,18.6388527707487,6560,4
102.492035194022,18.4424807610463,6561,0
102.963458379861,18.6153579637449,6562,4
102.411229596507,18.5403355715258,6563,4
102.80871668553,18.2812103955497,6564,4
102.923196296204,18.7929753783103,6565,4
102.432692116061,18.5181751847337,6566,4
102.941967538673,18.5134826991763,6567,4
102.977416663129,18.4846956298986,6568,4
102.413617875741,18.4732462043172,6569,4
103.107243016714,18.3695391471022,6570,4
102.959372749246,18.727630168049,6571,4
102.438254590845,18.2789710342598,6572,0
102.455448184274,18.2977712270766,6573,6
102.580016509806,18.7406855761358,6574,0
102.717395213913,18.9277631523855,6575,4
102.47669890669,18.3342579964139,6576,4
102.82092740995,18.8427420075744,6577,4
102.28192858434,18.2540367941147,6578,4
102.240247947782,18.5460088556276,6579,4
102.770592220796,18.3142413080428,6580,4
102.574896788942,18.2582230644725,6581,4
102.280090414027,18.9389640696493,6582,4
103.023678105231,18.6058035269066,6583,4
103.01188754784,18.3597014643202,6584,4
103.13336440756,18.3860881825764,6585,4
103.148474276006,18.7427141184047,6586,7
102.236259444597,18.480408965631,6587,7
102.981324428391,18.7109662477271,6588,4
102.231082744242,18.365256761643,6589,4
102.68720956239,18.4687485548011,6590,4
102.533113167747,18.3111061853841,6591,4
102.55819050331,18.3570827270298,6592,4
102.99223792562,18.8773201618806,6593,4
102.774842841849,18.3586971453556,6594,4
102.386590589865,18.7352266221891,6595,4
102.400923201143,18.8773470216384,6596,4
102.352407087261,18.8979822308924,6597,4
102.554272272102,18.8653395877224,6598,4
102.954504334483,18.8073924087076,6599,4
102.253788880736,18.7725123540698,6600,4
102.807232734318,18.5790479999258,6601,4
102.869188499615,18.6236617206799,6602,4
102.530216223459,18.9315960243983,6603,4
102.779653532095,18.5677957321493,6604,4
102.630301838644,18.3086890578207,6605,7
102.931486978054,18.3340119759321,6606,4
102.474630550435,18.46746061017,6607,4
102.218378273636,18.7836894591076,6608,4
102.970681134722,18.4114224276523,6609,4
102.371360399155,18.4114156340662,6610,4
102.795481575288,18.2327326306714,6611,7
102.632716664282,18.5431293438403,6612,0
102.331497122989,18.3946114109464,6613,4
102.706769593897,18.7029750381008,6614,4
102.607408397125,18.8988388867613,6615,4
103.113489465328,18.4918692616146,6616,4
102.236171263037,18.9057878213013,6617,4
102.834995370912,18.3836338835194,6618,4
103.051741539026,18.2258779625628,6619,4
102.744530087,18.6773535177608,6620,4
102.242798441994,18.8267829388439,6621,4
102.684491750585,18.7980406901751,6622,4
103.054590553095,18.8152088019281,6623,6
102.816153638311,18.7839304422667,6624,4
102.727530629181,18.7875009866533,6625,4
102.373463258805,18.7744825678809,6626,4
102.857481370683,18.5708112081578,6627,4
102.623274462152,18.5761483465641,6628,0
102.426265586313,18.5364240941854,6629,7
102.801307540057,18.7846040841475,6630,4
102.508344180803,18.5953317332646,6631,4
102.885484925795,18.870831272655,6632,4
102.912703173113,18.4701726429198,6633,4
102.291393280014,18.4562210418916,6634,4
102.225647294008,18.8851848666418,6635,4
103.012457410831,18.8576404426908,6636,4
102.310631147474,18.2950769281553,6637,4
102.397969425088,18.8831281101056,6638,4
103.019229993126,18.3895418762136,6639,4
103.033622502612,18.4565132015256,6640,4
102.958755850138,18.805050714199,6641,4
102.382927405736,18.6726432637816,6642,4
102.644007194234,18.9339176881497,6643,4
102.500614355332,18.3842722341184,6644,4
102.228527548733,18.4008297622339,6645,4
103.052277534555,18.2007253361406,6646,7
102.606673138414,18.647538223577,6647,0
102.520144151083,18.3569199577598,6648,4
102.362033956111,18.5835818773633,6649,4
102.661386291458,18.5012210107774,6650,0
102.843965849171,18.8615716792598,6651,4
102.862608983026,18.5545182696866,6652,4
102.719350914064,18.7065125750677,6653,4
102.499990971463,18.794776342418,6654,4
102.256835491511,18.6074233221221,6655,4
103.113774993399,18.625988058571,6656,4
102.982089254496,18.3574267270986,6657,4
102.304647400266,18.8429172088577,6658,4
102.513332844267,18.8153136044444,6659,4
102.505015428098,18.8837561114572,6660,4
103.07515543009,18.8882791100934,6661,4
102.262744179203,18.8029763940276,6662,4
102.443369630884,18.6818901783613,6663,4
103.088241192612,18.7643324154821,6664,6
102.813727626583,18.3329370916634,6665,4
102.718560448394,18.868487828217,6666,4
102.888040004425,18.2549032483544,6667,4
102.825626932325,18.9215929181938,6668,4
102.600453726798,18.4359948625522,6669,4
102.209910637413,18.4165373896908,6670,4
102.8623340056,18.5881057422272,6671,4
103.059614131436,18.3123385856555,6672,4
102.344474281076,18.2027096192083,6673,4
102.585859628401,18.8983956464073,6674,6
102.482195973753,18.3148364029732,6675,4
102.429155406903,18.8115272243722,6676,6
103.025111317139,18.8172892041632,6677,4
102.966381374097,18.3052848267421,6678,4
102.681650929441,18.53247686272,6679,0
102.227111251505,18.560276477713,6680,4
103.077821165913,18.2766034306354,6681,4
102.786059774556,18.6525456171222,6682,4
103.016914330556,18.8627062781511,6683,4
102.619162626178,18.3440983643706,6684,4
102.638298063369,18.6007713258492,6685,0
102.32685356468,18.689668825603,6686,4
103.145419378449,18.8144562162827,6687,4
102.261034925039,18.5134021257283,6688,6
102.294952424568,18.8790298028139,6689,4
102.311201499514,18.6895996381724,6690,4
102.746291552349,18.660604565496,6691,4
102.209533324259,18.3217038446194,6692,4
102.900356870066,18.5718981495777,6693,4
102.919120706456,18.350178510529,6694,4
103.036379832927,18.4795440963617,6695,4
102.734498975826,18.2684040728526,6696,4
102.82348997986,18.3294713188136,6697,4
103.064992238926,18.441879344976,6698,4
103.142744210812,18.5190559367413,6699,4
103.092800324273,18.8054566138225,6700,6
102.774892513914,18.629790918436,6701,4
102.795931482407,18.2707736584474,6702,4
103.075626235392,18.7291733997445,6703,6
103.022953718022,18.29498668044,6704,4
102.703974611449,18.7498167461653,6705,4
102.907558445746,18.5452601934586,6706,4
102.354473100676,18.5113573954011,6707,4
102.325826486222,18.536248750578,6708,4
102.499233856103,18.2641772597423,6709,4
102.797088620464,18.452905988619,6710,4
102.803371630988,18.8662717612807,6711,4
102.219918820916,18.3968594512647,6712,4
103.137898750058,18.5593949119815,6713,4
103.075856320545,18.8540348699165,6714,4
102.846499953524,18.7532656140896,6715,4
102.461807356275,18.6395215916001,6716,4
102.303149125816,18.8795658087579,6717,4
102.294682016555,18.5551783527137,6718,6
102.205752138467,18.6149431266658,6719,4
103.068623868578,18.6157588225891,6720,4
102.955897473179,18.856555319522,6721,4
103.012413874797,18.7050865914943,6722,4
102.369009395661,18.7829394544218,6723,4
102.771697889383,18.5786016615408,6724,4
102.205188019063,18.9170690366375,6725,4
102.537458520275,18.7149622583968,6726,0
102.834016360067,18.3164508278954,6727,4
102.614628807442,18.7273017174178,6728,4
102.226739137355,18.2635632833669,6729,4
102.968989770975,18.8612905436196,6730,4
102.964331244777,18.3992348895404,6731,4
102.685481917585,18.666851370049,6732,4
102.963824648553,18.7504265428751,6733,4
103.045653883497,18.5473314024977,6734,4
102.873474151572,18.2674870509371,6735,6
103.081674406772,18.2544044915167,6736,4
102.999513726503,18.693172020948,6737,4
102.872485927994,18.2387167799033,6738,4
102.859944681088,18.9179595362452,6739,4
102.574693563752,18.46921210403,6740,4
102.946725306018,18.8780949198305,6741,4
102.203754736701,18.4921579622023,6742,4
102.339556272581,18.688295187989,6743,4
102.772968368819,18.414797712536,6744,4
102.862184568647,18.265603510789,6745,4
102.515401361234,18.7940786733505,6746,4
102.820724200381,18.823382648946,6747,4
102.679117493169,18.3082007685518,6748,7
103.067087607796,18.2351478284144,6749,4
102.26217277832,18.3266233869079,6750,4
102.865486969669,18.4207723401887,6751,4
102.777349646032,18.7091718808004,6752,4
102.978255428475,18.8859186634287,6753,4
102.887759752453,18.7250918798651,6754,4
102.737106016196,18.8393735928023,6755,4
103.065796922771,18.399482206212,6756,4
103.080663157813,18.9047616096821,6757,4
103.113050893767,18.7172552925025,6758,4
102.518252439959,18.4528190869588,6759,6
102.227207353719,18.8280860570253,6760,4
102.40766133311,18.6798044068472,6761,4
102.396695418952,18.2847506383608,6762,4
102.830041783811,18.8608208592083,6763,4
102.804572566034,18.9398953948274,6764,4
102.532633990928,18.2447236950444,6765,4
102.741888544928,18.7040233282934,6766,4
102.553501888178,18.7037318059182,6767,7
102.564559363385,18.7090036444066,6768,0
102.873126156755,18.3148953447594,6769,4
102.300547108759,18.6343051612535,6770,4
102.951035682564,18.4424770377166,6771,4
102.91765439243,18.7639359265645,6772,4
102.953358449376,18.2199184036169,6773,4
102.325380138109,18.8445783057401,6774,4
102.947208915439,18.8959746847028,6775,4
103.022801345562,18.2498123610846,6776,7
102.417133568211,18.3501492466786,6777,7
102.971616633215,18.7994118314857,6778,4
102.525391518941,18.7818877810768,6779,4
102.271843902548,18.8524299227773,6780,6
102.368481009224,18.4792295162524,6781,4
102.8029660975,18.5207548321606,6782,4
102.725888626603,18.8588423696089,6783,4
102.864538120501,18.2854412255697,6784,4
103.042148601764,18.4781547791889,6785,4
102.864315934525,18.7046530678336,6786,4
102.817560605985,18.9426559192062,6787,4
102.843557587294,18.4908638079802,6788,4
103.007046335345,18.7700763211878,6789,4
102.732756165177,18.9412972668901,6790,4
102.320192982923,18.479650378764,6791,4
102.401808767524,18.650922740685,6792,4
102.942901617462,18.2976498301952,6793,4
102.941724649185,18.2734922730695,6794,4
102.536127155697,18.2874234795046,6795,7
102.230017814683,18.598426032872,6796,4
102.982392182073,18.2288702382537,6797,4
102.271545799219,18.7610370798472,6798,4
103.072741346578,18.5009414775746,6799,4
102.385275526869,18.6945689181237,6800,4
102.44051669278,18.8560925399879,6801,4
102.299619671835,18.2557003744934,6802,4
102.654253828196,18.446393677403,6803,0
102.343279032771,18.5977117515401,6804,4
102.667020481997,18.3648785116476,6805,4
102.47933093972,18.7720402053641,6806,4
102.33584354675,18.5661452453904,6807,4
102.7463253947,18.8353880918416,6808,4
102.769268940259,18.2647087610897,6809,7
102.40530446217,18.5275232571734,6810,4
102.230989218117,18.7832332304252,6811,4
102.589268196346,18.907140492085,6812,6
102.90018268995,18.2971150977517,6813,4
102.821493668377,18.4404845139271,6814,4
102.920706949804,18.2941201662727,6815,4
103.123114782102,18.8518096442029,6816,4
102.92811653961,18.7653519991409,6817,4
102.830240246709,18.3905784656457,6818,4
102.288647925308,18.651201569173,6819,4
102.963033441373,18.4828101171048,6820,4
102.852278232444,18.3046449531513,6821,4
102.889837145284,18.5975073364737,6822,4
102.34148632552,18.5799087571902,6823,4
102.850717703892,18.634201458295,6824,4
102.701485420633,18.5141865350669,6825,4
102.482754265419,18.3811196905422,6826,4
102.200946686371,18.9155733575044,6827,4
103.049152935424,18.3125737091262,6828,4
102.846614279609,18.372448965435,6829,4
102.579441312808,18.4009895157777,6830,4
102.422241475404,18.2780806353988,6831,4
102.980599313499,18.3089597319565,6832,4
102.451313843633,18.3967066498019,6833,4
102.260486828774,18.486731995621,6834,4
103.107842225605,18.7227320082767,6835,6
102.491073268259,18.4036374137464,6836,4
102.635785877406,18.3218013404848,6837,7
102.359164567613,18.3749830615718,6838,4
102.795384614114,18.5535927821763,6839,4
102.958628923383,18.294484519502,6840,4
102.912484274632,18.3545359609413,6841,4
102.335904564121,18.6200315022002,6842,4
103.138926133851,18.830838790812,6843,4
102.571304473954,18.7110703018033,6844,0
102.508862948713,18.7735272726474,6845,0
102.518545965406,18.7854251393746,6846,4
102.839206865294,18.3298492447633,6847,4
102.680851900824,18.7394921741305,6848,4
103.038888758658,18.3737722372238,6849,4
102.463646062931,18.8755814188327,6850,4
103.112882060904,18.6360866480168,6851,4
103.023329127086,18.7992496822451,6852,6
102.992723645096,18.4846967659616,6853,4
102.807408838286,18.3738286399678,6854,4
102.250455671812,18.668030837151,6855,4
102.877797049588,18.3992164006515,6856,4
102.690590005192,18.480181215766,6857,4
102.579452311786,18.3080048178474,6858,4
102.635967420701,18.446501031317,6859,0
102.942619968676,18.4154630442523,6860,4
102.3783220352,18.4943126958345,6861,4
102.574795681964,18.529943147963,6862,0
103.008358995371,18.45496382232,6863,4
102.985539339134,18.6060722777234,6864,4
102.776994516535,18.8017081802172,6865,4
103.079076629231,18.2475825081442,6866,4
103.092112408365,18.9240032838501,6867,4
102.320010900318,18.702213076457,6868,4
102.923277624668,18.581266077933,6869,4
102.375721899996,18.2996373559206,6870,4
102.287336318182,18.49838753713,6871,4
102.544090302381,18.5204438559954,6872,4
102.429605760062,18.9199840360038,6873,4
102.439950373926,18.4402881040932,6874,6
103.012903088232,18.2005489062043,6875,7
102.705073646457,18.7207187903819,6876,4
102.577124340491,18.3531127580493,6877,7
102.553404406806,18.227645345285,6878,4
102.996998306441,18.3836841303472,6879,4
103.075517442538,18.8560727990446,6880,4
102.908954897229,18.3552393533067,6881,4
102.338826676005,18.7765073886668,6882,4
102.937961470303,18.51790679121,6883,4
103.012714765564,18.4062777188071,6884,4
102.494030708607,18.6251679492003,6885,4
102.861911928053,18.2611113604896,6886,4
102.913856857544,18.405624671345,6887,4
102.687434197271,18.5716857026923,6888,0
102.706192827223,18.2708052901667,6889,6
102.841533800557,18.8182022698136,6890,4
102.491566526819,18.9241943884742,6891,4
102.397157312413,18.9489781826719,6892,6
102.309046048725,18.4438151739172,6893,4
102.430574022431,18.3891011889229,6894,4
102.63086686226,18.9063478719562,6895,4
102.888486946627,18.6165036918126,6896,4
102.35300209364,18.7781859018899,6897,4
102.558690071887,18.3778562092482,6898,0
102.62525507113,18.8401890765168,6899,4
102.251724309579,18.8157040467829,6900,4
102.392184402306,18.5966087158991,6901,4
102.54739664182,18.5830368841591,6902,0
102.521748885413,18.3300154279101,6903,4
102.530164977576,18.7429869302309,6904,0
103.130910567984,18.2118540097191,6905,7
102.367810310973,18.734340302376,6906,4
102.883909430705,18.639748182229,6907,4
102.412130904861,18.432065860711,6908,4
102.738439065661,18.8558161495126,6909,4
103.014524253355,18.4830032003735,6910,4
102.44339428877,18.4930563698771,6911,7
102.261964990252,18.6084395798092,6912,4
102.37195471416,18.8087603632128,6913,4
102.354045887991,18.9388687782913,6914,4
102.413405657695,18.3971196166035,6915,6
102.628659164904,18.4097847367981,6916,4
102.940219191677,18.7215823006023,6917,4
102.630200278142,18.7987913860094,6918,4
102.291700948765,18.8330217159171,6919,6
102.291163489642,18.8285272987486,6920,4
102.445299454557,18.648386710775,6921,4
102.816442618973,18.2236180771717,6922,7
102.945084623868,18.4998702007365,6923,4
102.235686549502,18.5880015017768,6924,4
102.870462609382,18.6937642871666,6925,4
102.914184183843,18.9029757182958,6926,4
103.110065490433,18.2459286545245,6927,4
102.546799488342,18.7941745881078,6928,4
102.400922363111,18.8035556368793,6929,6
102.48907729473,18.3067952054613,6930,6
102.800268997111,18.4504275315383,6931,4
102.820836277379,18.9219840339589,6932,4
102.590037767572,18.6617972582134,6933,4
102.759142773973,18.2558121136277,6934,4
102.791642072451,18.279031588674,6935,4
102.656103634537,18.6762424901321,6936,4
102.26006082463,18.7255044255737,6937,4
102.971644821005,18.6492239058456,6938,4
102.517186961621,18.7868568041795,6939,4
102.259353997352,18.2046868529632,6940,4
102.828607810092,18.4301680897852,6941,4
102.550399447356,18.3038167796846,6942,7
102.734723217299,18.9407980344425,6943,4
102.856077787958,18.6431724674753,6944,4
102.613056038611,18.4090246131951,6945,4
102.928501677533,18.5182182978248,6946,4
102.856825888182,18.8790435433062,6947,4
103.118533650229,18.4757882786666,6948,4
103.104791112089,18.7579589067947,6949,6
102.889172392575,18.318190819315,6950,4
102.721869946326,18.4905959510674,6951,4
102.331475824275,18.502186596735,6952,4
102.295555124432,18.6929328126078,6953,4
102.359536469181,18.3818252128639,6954,4
103.089306149737,18.7809490913812,6955,6
102.387721479889,18.5156617957573,6956,4
102.914090028363,18.6079292420253,6957,4
102.642496120914,18.6094630236906,6958,0
102.433544055115,18.4272705576482,6959,6
102.525128267363,18.6684911500774,6960,0
102.245163289369,18.7319452580754,6961,4
102.803252924157,18.6576763064134,6962,4
102.643403888997,18.3018272198649,6963,4
102.678398280262,18.4237896352871,6964,4
102.484474012839,18.6527523528241,6965,4
103.045422271595,18.2957069011237,6966,4
102.278268445379,18.8623678638682,6967,4
102.891763676124,18.8026517052831,6968,4
103.099619864312,18.5377116589313,6969,4
102.772070937987,18.7739888375481,6970,4
102.873194839613,18.3218433351613,6971,4
102.200967512662,18.8416427994085,6972,4
102.260674302492,18.4969416270692,6973,6
102.291488862853,18.2381432848043,6974,4
102.982436701044,18.6294240827505,6975,4
102.928643095532,18.5951513444998,6976,4
102.885343276316,18.2555760723737,6977,7
102.957248415812,18.2728913733581,6978,4
102.870353200731,18.4391231781071,6979,4
102.389176496978,18.3649988117717,6980,6
102.670325308996,18.6347895569718,6981,0
102.252143137316,18.9086463635842,6982,4
102.696502461358,18.6378866465745,6983,0
102.807627034174,18.5740029854562,6984,4
102.542229220813,18.52130477656,6985,4
102.707323659904,18.546229511858,6986,0
102.612758191624,18.2429435889205,6987,4
102.310486998869,18.7919495613593,6988,4
102.252254176926,18.2588472456992,6989,4
103.111839105231,18.7679408843289,6990,6
102.385974293687,18.5761970377148,6991,4
102.761491834592,18.5071240417841,6992,4
103.07032499211,18.7836756792798,6993,4
102.570453899836,18.4592631422292,6994,4
102.765096464737,18.5521689900034,6995,7
103.109286140421,18.4696425652899,6996,4
102.360495329626,18.5543983783002,6997,4
102.200768182353,18.7077032174084,6998,4
102.565389727533,18.3662489526331,6999,4
103.099284940659,18.3318503583878,7000,4
102.204772703902,18.5718724229012,7001,4
102.589672793894,18.4881119867515,7002,0
102.757453712785,18.5683965775074,7003,4
102.284317003574,18.3367527943813,7004,4
102.651486167279,18.535151537761,7005,0
102.213686591075,18.7921882578892,7006,4
103.017164153757,18.4587946347262,7007,4
102.747778068965,18.4366989871445,7008,4
102.391150971691,18.6216353610938,7009,4
103.12506141834,18.4102026796709,7010,4
102.819541460307,18.8549255096945,7011,4
102.665909709434,18.2833241266962,7012,4
102.927268683994,18.3702251634036,7013,4
102.498834667782,18.4633699798183,7014,6
102.998684459111,18.6066834824537,7015,4
103.139747497311,18.229913809949,7016,7
102.629862498867,18.385241635733,7017,4
102.279154473861,18.8254514188029,7018,4
102.502379041787,18.4179257452748,7019,4
102.270867705883,18.612782305273,7020,4
102.962208613605,18.826331027786,7021,4
102.954308143326,18.4451292245392,7022,4
102.475867752402,18.6301367557712,7023,4
102.935111319279,18.4836687675872,7024,4
102.668833065111,18.3964678326575,7025,4
102.844375147329,18.4466140531253,7026,4
102.646622057284,18.6475017405761,7027,4
102.681759167954,18.2567463291525,7028,7
102.318044608209,18.4242247548829,7029,4
102.291642906996,18.9483724135051,7030,4
102.411880614071,18.8128031455816,7031,6
102.70611553096,18.458748745022,7032,4
102.667994271929,18.4835803474643,7033,4
103.131711145862,18.6803120608597,7034,4
102.202960407143,18.4778723567561,7035,4
102.530942324918,18.5676831155452,7036,4
102.954583520747,18.7448438368762,7037,4
102.564916577891,18.4735739102588,7038,4
102.645267049828,18.8004853683239,7039,4
102.467386070751,18.8557321725251,7040,4
102.592378433406,18.6890485434072,7041,4
102.919477721232,18.366481402696,7042,4
102.413934256419,18.7718970798041,7043,4
102.218577241882,18.5018160278375,7044,6
102.59916532237,18.2616793105261,7045,4
102.580755707079,18.241881680197,7046,0
103.097587016353,18.4188573239543,7047,4
103.08793371095,18.8674858053817,7048,4
102.520269760194,18.5983735695351,7049,4
102.660958608744,18.7841335736084,7050,4
102.707448730889,18.8092648809291,7051,4
102.886420608638,18.9127639017712,7052,4
102.576915364171,18.5925036185328,7053,0
102.471234978502,18.9436425620082,7054,4
102.636507382534,18.9429557256714,7055,4
103.005262119437,18.6727410105227,7056,4
102.928199368739,18.4177150086755,7057,4
102.409686647728,18.333831885087,7058,6
102.853224439868,18.6016968790322,7059,4
102.763226561241,18.6735677667392,7060,4
103.11018598047,18.5567059590522,7061,4
102.373984981197,18.4389521158666,7062,4
102.804268381001,18.5747898272977,7063,4
102.386743557102,18.5525539410483,7064,4
102.242244485763,18.722943947235,7065,4
102.666621322474,18.8527729033016,7066,4
102.663840265456,18.6920683760385,7067,4
102.230187509654,18.6902417021259,7068,4
102.259570629411,18.3817713917116,7069,4
102.733570596209,18.2665654688342,7070,4
102.284243374948,18.535365865425,7071,6
102.844698197447,18.8218666898822,7072,4
102.923815013017,18.9026489396781,7073,4
102.853031990879,18.2297413179111,7074,4
103.128552062138,18.2884407968938,7075,4
102.455478519847,18.2550430694332,7076,7
103.05322764729,18.848939170978,7077,4
102.386279820454,18.7025965519761,7078,4
103.010141941178,18.2928917388515,7079,4
102.463469385069,18.4858204690205,7080,7
102.872973429023,18.9011387134176,7081,4
102.335130721749,18.7867906459549,7082,4
102.331193828034,18.5521818035401,7083,7
102.929510410352,18.3439782769536,7084,4
102.817919518311,18.5758309198869,7085,4
102.243088581959,18.4221887266659,7086,4
102.653292493081,18.3914095615284,7087,7
103.079264028863,18.4204211420001,7088,4
102.545579071272,18.2173663553221,7089,4
102.372458810613,18.2116680368808,7090,4
102.333249451787,18.2501466036824,7091,4
102.820223369547,18.2655220274047,7092,4
102.707486201633,18.2827365602641,7093,4
102.501247337848,18.2697063439024,7094,4
103.050662881201,18.6306692694077,7095,4
102.869771921006,18.7883975996885,7096,4
102.365731504106,18.2308987883546,7097,4
102.309229853362,18.3352159987361,7098,4
103.082794493444,18.7098874559871,7099,7
102.686217041668,18.6016942570754,7100,0
102.907126216821,18.9520033984261,7101,4
103.123265101039,18.4756192591137,7102,4
102.751219535912,18.264206663559,7103,4
102.71217705671,18.3220311147723,7104,4
102.539237571681,18.4596281037343,7105,4
102.828443116427,18.4529491926661,7106,4
102.935087387047,18.3122924129898,7107,4
102.832131752209,18.4741063655694,7108,4
102.744602634359,18.5848083372783,7109,0
102.969385336157,18.2443032789142,7110,7
103.139569530575,18.8979866006552,7111,4
103.042030166776,18.855175019568,7112,4
102.257958469004,18.3599315919506,7113,4
102.801045369502,18.3670517742158,7114,4
102.632617562843,18.3568493082438,7115,4
102.973872000017,18.8036385144809,7116,4
102.326317904793,18.6074706080774,7117,4
102.212136864468,18.5865170986415,7118,4
102.815506063164,18.7778705148725,7119,4
102.275764755882,18.5206730773753,7120,7
102.241666514888,18.887869997712,7121,4
102.855235187413,18.745328813501,7122,4
103.143746820444,18.2103534247235,7123,7
102.528471773643,18.7723508552378,7124,4
102.658794912155,18.7115556702661,7125,4
102.710479579526,18.947506255436,7126,4
103.066921251898,18.7935761387022,7127,4
102.416393994663,18.6917233978069,7128,4
102.480486592485,18.3083322757031,7129,4
102.569582291905,18.2529398587644,7130,4
103.089728513518,18.5344013424831,7131,4
102.623512679775,18.6873401455281,7132,4
102.257036276246,18.2555073934382,7133,4
102.600492873334,18.6348438327292,7134,0
102.7339874725,18.6643625138684,7135,0
103.068190104613,18.226184666528,7136,4
102.503486942606,18.2457455716676,7137,4
102.973791542679,18.277808457905,7138,4
102.307086974191,18.6384912367103,7139,4
102.880503509533,18.2503535841939,7140,4
102.498386255353,18.4941712298131,7141,4
102.542191123356,18.6137228110575,7142,0
102.246977545605,18.8299925951698,7143,4
103.13158230204,18.793129343724,7144,6
102.712555161101,18.542068613333,7145,0
102.255852426967,18.3067980498814,7146,4
102.690234873766,18.7779494304451,7147,4
102.269979938496,18.4862178693359,7148,4
102.510491437824,18.4867608918189,7149,4
102.967603270842,18.4307096757852,7150,4
102.812650616993,18.3077771006037,7151,4
102.236641165928,18.876701528541,7152,4
102.20981430372,18.7398401243455,7153,4
102.816405283482,18.7896751728568,7154,4
102.24674150219,18.8578324119563,7155,4
103.033085234469,18.9293380406181,7156,4
103.079278853829,18.3034418375233,7157,4
102.861144777554,18.3861242610532,7158,4
102.628065532264,18.2428377204738,7159,4
102.899539679925,18.4033552831938,7160,4
102.561933051727,18.771976771503,7161,4
103.138739420884,18.6390830576435,7162,4
102.441857715888,18.4878608438615,7163,4
102.465758115818,18.4080303777291,7164,4
102.47765701399,18.4428308834389,7165,4
102.914733646008,18.7892651816708,7166,4
102.938034540396,18.3686947995923,7167,4
103.07291036531,18.2212193376215,7168,4
102.569938324004,18.5045887672709,7169,0
102.325542083957,18.519555867556,7170,4
103.012744578981,18.7723298768602,7171,6
103.092960854778,18.5927132871597,7172,4
102.566942229128,18.2971157878834,7173,0
102.616401401022,18.3208951434451,7174,7
102.607468406473,18.6763907001424,7175,0
102.957757233084,18.6176341237224,7176,4
102.415000105326,18.3111789603282,7177,4
102.484485871782,18.8787896674313,7178,7
103.069326970959,18.6631522278629,7179,4
102.36364898865,18.4605157627603,7180,4
102.917832233116,18.6135474485296,7181,4
102.968115278046,18.3661141250533,7182,4
103.032519186049,18.6739082691095,7183,4
102.407685185722,18.4858863210718,7184,4
102.226913150356,18.6277840687602,7185,4
102.920713717174,18.6876720277245,7186,4
102.332938878518,18.6060723898311,7187,4
102.979669652937,18.9121966159082,7188,6
103.004945039039,18.861104453763,7189,4
102.997142969372,18.6683295398124,7190,4
102.232368969134,18.4112231820894,7191,4
102.587911289889,18.3211044338244,7192,7
102.60325243045,18.4990954641932,7193,7
102.56163052751,18.6475711079296,7194,0
102.919398102994,18.5090954815205,7195,4
102.726213481773,18.9517054338142,7196,4
102.201374588347,18.2002025027904,7197,4
102.256389134373,18.5599291661975,7198,4
102.573895160501,18.4140013415681,7199,4
103.078004930117,18.9470410040901,7200,4
102.488175865839,18.3235502966609,7201,4
102.241452205888,18.5405147783733,7202,4
102.458852575142,18.3489270885707,7203,7
103.00781421868,18.4251041805814,7204,4
103.025277545306,18.4539639750644,7205,4
102.580271349317,18.3907821366424,7206,7
103.055677729427,18.4133763523063,7207,4
102.248225670504,18.8868658040999,7208,4
102.518077864215,18.7338881866983,7209,0
102.419672764042,18.446964310281,7210,6
102.322692115023,18.4482091649842,7211,4
102.237713232402,18.8626120379269,7212,4
102.583934785332,18.3224095170664,7213,7
102.417412123169,18.7990712207588,7214,4
102.720041246735,18.2431071099261,7215,4
102.58194715438,18.7337650905251,7216,4
102.301946147816,18.2996410538577,7217,4
103.039380286669,18.7689924960881,7218,6
102.476201392203,18.4397637218827,7219,4
102.744345820603,18.3495073122589,7220,4
102.921320859306,18.579918358432,7221,4
102.940095768166,18.9444040132883,7222,4
102.621819615785,18.2900816325903,7223,7
102.368628954384,18.8265461170708,7224,4
102.9582706603,18.875288507866,7225,4
102.770175514535,18.7899202038843,7226,4
103.137388101376,18.408909363848,7227,4
102.228066662922,18.2303421738628,7228,4
102.776341404595,18.205523301448,7229,4
102.677736980184,18.9213719089897,7230,4
102.469987070463,18.752736057947,7231,4
102.306175156759,18.8265136531773,7232,4
102.931207407961,18.4022413384582,7233,4
102.292698636693,18.7539113973942,7234,4
102.619584023591,18.5494256914008,7235,0
102.333099411131,18.9366346257535,7236,4
102.481716156044,18.3490555705164,7237,4
103.063651458602,18.2516733626572,7238,4
102.379514292566,18.5819379511374,7239,4
102.251963500607,18.340558039812,7240,4
102.344805949479,18.8918654793557,7241,4
102.528877531842,18.5354310590134,7242,4
103.114262565861,18.2718545237274,7243,4
102.74203513939,18.265587078311,7244,4
103.116966845174,18.3123223566815,7245,4
102.357439094042,18.3720363881718,7246,4
103.042372470741,18.5137076716411,7247,4
102.635333079574,18.2235043676639,7248,4
102.813226692425,18.5133158173183,7249,4
102.438064075579,18.8477519837642,7250,4
103.049102219983,18.6538419142939,7251,4
102.548391977807,18.5382585136913,7252,4
103.071240697105,18.3914903671455,7253,4
102.235926954802,18.2633370898433,7254,4
102.883847585242,18.2878690916255,7255,4
102.770855824574,18.592386463259,7256,4
102.843784217592,18.5019147197642,7257,4
102.950634299832,18.2787178490103,7258,4
102.832157015855,18.8633401976507,7259,4
102.845166609975,18.9187027754581,7260,4
102.654196190153,18.6683490150619,7261,4
102.9068771368,18.8438603162913,7262,4
102.671421132257,18.4560902179082,7263,7
102.259708241645,18.4546912013545,7264,4
102.292063188492,18.5452064627676,7265,4
102.701405808764,18.4865627360715,7266,4
102.882078617281,18.583518757857,7267,4
103.141192156323,18.3129871021513,7268,4
102.337626393826,18.9154872454052,7269,4
102.460481870778,18.6698555466885,7270,4
102.599230314593,18.619546580358,7271,4
102.798800087786,18.7417124076615,7272,4
102.310499431395,18.926370018401,7273,4
102.399345305413,18.2833091479778,7274,4
102.827712489688,18.7026081880825,7275,4
103.098300216042,18.438128380837,7276,4
102.935580618227,18.2352744936961,7277,4
102.439195365517,18.6226347088651,7278,4
102.244263417634,18.8387608402106,7279,4
102.81389016127,18.8422538175909,7280,4
102.951631536016,18.4216540220709,7281,4
103.064366257697,18.7747620175572,7282,6
102.599525427366,18.5939834075726,7283,6
102.867597104436,18.3656076342013,7284,4
102.90122939931,18.25194275311,7285,7
102.953997643883,18.650743218108,7286,4
102.483351874173,18.3709047086678,7287,4
102.238053401675,18.3379985348151,7288,4
102.715857537998,18.9422295718971,7289,4
102.839806910262,18.2765631301025,7290,4
102.92497005595,18.5628268506726,7291,4
102.671444697943,18.5379962577377,7292,0
102.938034215186,18.5344023461617,7293,4
103.077798826462,18.58942558314,7294,4
102.97776693279,18.4410572106731,7295,4
102.800514395791,18.5673212164803,7296,4
102.401703533946,18.3880096976823,7297,6
102.278512960477,18.6236058006906,7298,4
102.961721499125,18.4325106976093,7299,4
102.55979375469,18.4318289201014,7300,4
102.43569949804,18.273286516464,7301,0
102.652499380978,18.5876878417573,7302,0
102.545198856193,18.4255217658429,7303,4
102.964310131785,18.3816550951647,7304,4
102.658185388642,18.601512494351,7305,0
102.2040487844,18.5647756360338,7306,4
102.422170797292,18.4603887268821,7307,6
102.337611621187,18.658956094875,7308,4
103.106686853206,18.2854297241854,7309,4
103.073304255287,18.5637260170059,7310,4
103.048926604197,18.298085758244,7311,4
102.204117769451,18.9151297769022,7312,4
102.813039376796,18.5526767953263,7313,4
102.89988319215,18.2873078420467,7314,4
102.410013953253,18.7462743375218,7315,6
102.620673437438,18.7003767246795,7316,0
102.399148625149,18.6192337876968,7317,4
102.74097914407,18.6039470551104,7318,4
102.253699304462,18.5767517227898,7319,4
103.035569305695,18.8085116364782,7320,6
102.236371259971,18.2535857589351,7321,4
102.351049725072,18.3809355491951,7322,4
102.832463836202,18.7348681449116,7323,4
102.777205702102,18.8697816193083,7324,4
102.33281579086,18.6596587561546,7325,4
102.784776281561,18.8498427778906,7326,4
102.926125056463,18.2929470591315,7327,4
102.86998586685,18.8375470870814,7328,4
102.602321302833,18.703174899539,7329,4
102.253861361819,18.8942033907722,7330,4
102.914988071685,18.4878046557894,7331,0
102.919070770936,18.4127511777003,7332,4
102.89495373754,18.8671227136746,7333,4
102.895076409535,18.8697916051559,7334,4
102.786919531507,18.2905721171786,7335,4
102.92240487777,18.415125007992,7336,4
103.00604858775,18.8856317231086,7337,4
102.579348003478,18.5579991648508,7338,0
102.721805321591,18.373588208103,7339,4
102.910455515972,18.606100247075,7340,4
102.981820385051,18.5836120335834,7341,4
102.25775932879,18.6064984832293,7342,4
102.364907844077,18.4905795262579,7343,4
102.617082291989,18.7802716337199,7344,4
102.409951522359,18.6433240814773,7345,4
102.602530652948,18.9035791142791,7346,4
102.555138457345,18.8323686492651,7347,4
102.965029684118,18.4152172327228,7348,4
102.799795843607,18.7422618146286,7349,4
103.059246563037,18.6715696504849,7350,4
102.382746272665,18.8099702450807,7351,4
102.492880518304,18.9306886172641,7352,4
102.743816125772,18.7587230020821,7353,4
102.487233477935,18.9063764886976,7354,4
102.456565722273,18.470746309744,7355,7
102.207964093318,18.8638473144898,7356,4
102.685611787465,18.2140968556836,7357,7
103.092940458169,18.7978800190755,7358,6
102.361315934843,18.5045596003796,7359,4
103.105051569687,18.4628756140157,7360,4
102.749035459321,18.2208774482966,7361,7
102.851006004992,18.3054964609449,7362,4
103.115355487132,18.6747123465735,7363,4
103.108839999522,18.8022221572472,7364,6
102.766327455879,18.6064186169888,7365,4
103.01976446643,18.7388666345088,7366,4
102.5605318312,18.8644871093016,7367,4
102.874794860456,18.4577677441712,7368,4
102.264878113467,18.6516823009629,7369,4
102.49633534792,18.371642733233,7370,4
102.586851855544,18.3811499011923,7371,4
102.232502357987,18.9251557199202,7372,4
102.47932927235,18.4596216332144,7373,4
102.732016845946,18.29697207344,7374,4
102.318514164156,18.3041227903127,7375,4
102.762178272121,18.3121010852279,7376,4
102.727280079861,18.2808096224893,7377,7
103.048735468811,18.5682969450665,7378,4
102.480765068247,18.4601259230525,7379,4
102.778106581706,18.6899768659694,7380,4
102.933571935781,18.2035903276231,7381,4
102.486821670264,18.6322503616215,7382,4
102.770978058129,18.8067599592129,7383,4
102.282502778406,18.5441749687245,7384,6
102.356749712767,18.2701127419943,7385,4
103.060993836305,18.8317987662859,7386,6
102.298041407409,18.9375715303909,7387,4
102.556595384254,18.7411563458501,7388,4
102.778752825848,18.8177549030976,7389,4
102.257709652485,18.4463993726038,7390,4
102.327977964578,18.8339202500369,7391,4
102.668550041027,18.3404154134346,7392,7
102.889312704907,18.2848379607903,7393,4
102.414427248441,18.4692001355931,7394,4
102.676519010398,18.4407730055401,7395,4
103.055420617891,18.7750278261628,7396,6
103.103456901646,18.5850022663127,7397,4
102.714977363101,18.5481293911302,7398,0
102.865979990896,18.7464786718406,7399,4
102.383967311242,18.2078230137531,7400,4
102.605059013424,18.5571861412296,7401,0
102.940669828695,18.4557494695553,7402,4
102.922066549147,18.2609938690278,7403,4
102.95050109692,18.2332376234531,7404,4
102.886419795631,18.5820711268845,7405,4
102.600093820621,18.2693739670806,7406,4
102.879281942954,18.4137935343023,7407,4
102.41895044819,18.82262272263,7408,4
102.971002139174,18.7595286019808,7409,4
102.459519868587,18.5717860114498,7410,4
102.653492543158,18.5289208463278,7411,0
102.698803013071,18.8113394782413,7412,4
102.351910675188,18.6645119367184,7413,4
103.122383508901,18.6489815133352,7414,4
102.566397886919,18.844379439581,7415,4
102.402006494142,18.6542410396985,7416,4
102.554837981332,18.6496390331622,7417,0
102.700783523534,18.7818468666043,7418,4
103.007517151118,18.832257926358,7419,4
102.275579455348,18.4257789532322,7420,4
102.706045121668,18.55897378283,7421,0
103.056306979131,18.8497869011762,7422,4
102.360094937057,18.3228312944113,7423,4
103.146075688635,18.546027621018,7424,4
102.307241271927,18.4705775301611,7425,4
103.047136944059,18.436284810724,7426,4
103.075451248242,18.3497465947134,7427,4
102.326283158249,18.7550168108885,7428,4
102.428670522097,18.3289391556707,7429,7
102.205519257575,18.800066289424,7430,4
103.004001749251,18.2178560181152,7431,4
102.200678278338,18.4165248145486,7432,4
102.990420594421,18.616145574501,7433,4
102.871235257852,18.9212244424201,7434,4
102.205759540465,18.3197212067221,7435,7
102.880664450678,18.3417439534065,7436,4
102.725357710334,18.8529309940414,7437,4
102.442777528976,18.224037072187,7438,4
102.535869321493,18.3513497828712,7439,7
102.538153210664,18.7634981023759,7440,4
102.372936073736,18.2385326665636,7441,4
102.470023364453,18.7421019319931,7442,4
102.508916377986,18.4826259523883,7443,4
102.566742038484,18.7356986113597,7444,4
102.504880603433,18.6478897769108,7445,4
102.971166932883,18.8083343380242,7446,4
102.78891032265,18.239951244802,7447,4
102.354903722622,18.3042082068085,7448,4
102.696904716078,18.532936893182,7449,0
102.50293866396,18.293566304557,7450,6
102.330235996303,18.714825146217,7451,4
102.742985888268,18.9480497832177,7452,4
102.544779853607,18.7611140867523,7453,0
103.107468799139,18.7771603873552,7454,6
102.606081249886,18.2499113462602,7455,7
102.483723306157,18.6973502673122,7456,4
102.334245838419,18.6833167652341,7457,4
102.487063906635,18.2502412198971,7458,6
102.66394580322,18.7325753739199,7459,4
102.720729032549,18.8945881759953,7460,4
102.373631969913,18.5708441722033,7461,4
103.105171783015,18.4645015727534,7462,4
103.011168419758,18.598615379724,7463,4
102.960036034122,18.406093896226,7464,4
102.327013778336,18.8606567253055,7465,4
102.824214489813,18.3326742420335,7466,4
102.890912338092,18.7460341813655,7467,4
102.486604080317,18.5178748008921,7468,7
102.241729530058,18.2051362284024,7469,4
102.368961827332,18.4838757627317,7470,4
102.223582198221,18.3856341112332,7471,4
102.855132277625,18.4121238739388,7472,4
102.371519102681,18.5318475876631,7473,4
103.124487055747,18.6304049876206,7474,4
102.41817159374,18.4507991316161,7475,7
102.473133913196,18.4671460553331,7476,4
102.269065001481,18.737535866536,7477,4
102.851612803331,18.5737415778201,7478,4
103.03523537495,18.5588513214515,7479,4
103.034786832103,18.8068461577727,7480,6
102.363402069949,18.7120193763582,7481,4
102.366494067237,18.3241058041779,7482,4
102.463782471223,18.3337714347872,7483,7
102.324197045568,18.7372342438692,7484,4
102.420510527571,18.2498628706951,7485,6
102.21536252684,18.7983113585417,7486,4
102.98649484076,18.2850978635138,7487,4
102.846751435864,18.6658179211363,7488,4
102.548018431336,18.6898860398416,7489,0
102.657820483589,18.4904073626269,7490,0
102.319376468168,18.4379209516396,7491,4
102.484724330923,18.4628095814962,7492,4
102.427473386162,18.4844543019005,7493,7
102.894615842678,18.3891178028871,7494,4
102.408035221891,18.7212662247414,7495,4
102.517179737671,18.4417826603743,7496,7
102.304699112901,18.4058998284118,7497,4
103.115501938984,18.2277586305065,7498,4
102.453189771023,18.6521774473701,7499,4
102.343949181438,18.3456665013423,7500,4
102.611428058383,18.8237821593333,7501,7
102.642987346084,18.7743773237756,7502,4
102.797394381082,18.4645482029028,7503,4
102.871046400988,18.369436183792,7504,4
102.299478101676,18.5240815044845,7505,4
102.625988199156,18.5362250705406,7506,0
102.225691954272,18.8435060076179,7507,4
102.300601836707,18.3266975436833,7508,4
103.092453115403,18.8314454592186,7509,4
102.303667853187,18.7688533502908,7510,4
102.59087857887,18.4283016684066,7511,7
103.003846208048,18.8130151884472,7512,4
102.34447831251,18.7504041976099,7513,4
102.863003942856,18.4251003199411,7514,4
102.790128384964,18.4434466281593,7515,4
102.245931696024,18.5075352884373,7516,4
102.54588416407,18.9458182560428,7517,4
102.2326219598,18.7310610159798,7518,4
102.761725682058,18.2503562023417,7519,4
102.504904483641,18.8397708919813,7520,4
102.736513409203,18.458643101054,7521,7
102.450884076553,18.4354128684029,7522,6
103.069559803053,18.8988061436466,7523,4
102.357733282877,18.2775693379713,7524,4
102.452933209681,18.5368931763844,7525,4
102.339493363667,18.4429432093166,7526,4
102.609355292986,18.3684552576382,7527,4
102.591708443163,18.8373214065453,7528,4
102.55959851103,18.9093755765743,7529,4
102.545167951891,18.8383646808789,7530,4
103.150514712089,18.7935126466703,7531,6
102.595672800764,18.7843705723794,7532,4
102.411167413724,18.7195047491564,7533,4
102.53320610011,18.5464901384889,7534,4
102.542314255124,18.5840303296767,7535,4
102.647602599101,18.2106888252379,7536,6
102.688013948529,18.4926382388075,7537,4
102.299869119745,18.5131354901586,7538,4
102.414740277704,18.3613893126555,7539,4
102.445799781688,18.6740549201799,7540,4
102.815920980717,18.7660407253086,7541,4
103.096645453347,18.3259748414358,7542,4
102.799902013752,18.8132176191325,7543,4
103.076823501722,18.6148164100011,7544,4
102.97131298683,18.2443109555363,7545,7
102.37319379344,18.6201926093685,7546,4
102.965286596141,18.3728731033456,7547,4
102.560740870165,18.705540713588,7548,0
102.594285620549,18.8311774189683,7549,4
103.112986410494,18.5790733481043,7550,4
102.402628271464,18.9390433489083,7551,4
102.490940421535,18.2871919502039,7552,4
102.932944135859,18.7958521154962,7553,4
102.382319389394,18.7349509741602,7554,4
102.847479136746,18.5442051818218,7555,0
102.83842080423,18.9283729367997,7556,4
102.710115412151,18.8254248988691,7557,4
102.922186774208,18.6244494443265,7558,4
102.207401105296,18.2450764701167,7559,4
102.615425166236,18.8412565560083,7560,4
102.588491041544,18.8753335319575,7561,7
102.586398735363,18.2507376299893,7562,7
102.607158090572,18.408660641247,7563,4
102.38105296745,18.6589849693278,7564,4
102.477648460688,18.5542966876473,7565,4
102.826700365481,18.8334248573303,7566,4
102.382907848351,18.911927603565,7567,4
102.792369697536,18.9399303630325,7568,4
102.503524843659,18.6815139049214,7569,4
102.496958881158,18.6442851336645,7570,4
102.471512187985,18.8202479816707,7571,4
102.375118137537,18.4466748258081,7572,4
103.05536976354,18.9030142173468,7573,4
102.968099109812,18.6481639993176,7574,4
102.594606051331,18.3762375099385,7575,4
102.378265862113,18.9250271136066,7576,4
102.263247587871,18.2623295219581,7577,4
102.515670924106,18.4468877585549,7578,6
102.332001408688,18.7947861398946,7579,4
102.793139715518,18.6844740878962,7580,4
103.063058530945,18.5356171687882,7581,4
102.890595881039,18.8985089837189,7582,4
102.896014173178,18.7448568447335,7583,4
102.497418168924,18.8078391141467,7584,4
103.012064623659,18.7896301881543,7585,4
102.52942853462,18.4721525718158,7586,4
102.279883491986,18.404807735055,7587,4
102.514139532232,18.2645680793259,7588,4
102.285791088059,18.7809733497689,7589,4
102.287175332032,18.5865480697221,7590,4
102.99723497306,18.3131491656,7591,4
102.672983461101,18.5726182368879,7592,0
103.047471291537,18.3720304582706,7593,4
102.472382230999,18.781989194923,7594,4
103.081511411707,18.7600450280918,7595,6
102.24744959543,18.5322971680259,7596,4
103.10756411468,18.9397849061658,7597,4
103.011881238613,18.3300329273095,7598,4
102.977358152793,18.9253910014732,7599,6
102.713007967836,18.4896939089343,7600,6
102.509518844407,18.6307499814195,7601,4
102.525789574516,18.2870975890336,7602,7
102.950494815309,18.4346076789935,7603,4
102.522656583143,18.6760154266558,7604,0
102.482635959833,18.5552161785993,7605,4
102.199703098909,18.8358372645221,7606,4
102.623795295605,18.5787024293623,7607,0
102.776854243174,18.2882848474527,7608,4
102.346026521449,18.4988131289421,7609,4
102.823232856637,18.9407789705543,7610,4
102.717649659013,18.8064182782134,7611,4
102.868217683332,18.4290044349078,7612,4
102.847660059013,18.5323827112479,7613,4
102.466811133046,18.9466313503695,7614,6
102.476813519024,18.7340067981936,7615,4
102.822789649269,18.2211511682306,7616,7
103.127315097755,18.4540193380945,7617,4
102.728582311555,18.4618863525651,7618,4
102.860013204529,18.3946747402161,7619,4
102.232036591058,18.37776904986,7620,4
102.239984843714,18.4497251195083,7621,4
102.687463597123,18.4714777739684,7622,4
102.969139593058,18.5736022497641,7623,4
102.21282762008,18.3892565883528,7624,4
102.336558146941,18.47447291829,7625,4
103.000435887211,18.6850654817182,7626,4
102.946881061043,18.3956167844068,7627,4
102.618261386821,18.2212753955266,7628,7
102.686687562325,18.8030734960164,7629,4
103.027008210701,18.4320257536425,7630,4
103.023676812924,18.3020782913339,7631,4
102.259267985874,18.5059155495402,7632,4
103.049638867606,18.8368947162982,7633,4
103.128401611587,18.5072752444565,7634,4
102.69591756232,18.2360824979112,7635,4
102.998055761785,18.8142848840608,7636,4
102.642828189452,18.6594718157375,7637,0
102.855895802275,18.1997466526876,7638,4
102.844136043293,18.4835928514814,7639,4
102.71396904061,18.7087384831962,7640,4
102.232746455957,18.636751241702,7641,4
102.976695068298,18.2499368948214,7642,7
102.535775102628,18.4835676605403,7643,4
102.832742108487,18.3936545107249,7644,4
103.06754413214,18.8890751358444,7645,4
102.494686552653,18.2386549729643,7646,4
102.713215916087,18.6428368826928,7647,0
102.789675796537,18.3674041849141,7648,4
102.396581717571,18.2415042833803,7649,4
102.283772015837,18.2581532825578,7650,4
102.655511417587,18.4414173925507,7651,0
102.848158265781,18.9026204622982,7652,4
102.416984231337,18.7285001283555,7653,4
102.987410723127,18.5301634617108,7654,4
102.81594588486,18.822496891753,7655,4
103.082330066902,18.794112887475,7656,6
102.488942761145,18.4682905065855,7657,7
102.891056240587,18.5199965061129,7658,4
103.105139036285,18.3726647096147,7659,4
102.738244380657,18.7386521437177,7660,4
103.09395505656,18.7944775789885,7661,6
103.099028477908,18.6295805129703,7662,4
103.072684694901,18.2848478399066,7663,4
102.39546804471,18.9019732021234,7664,4
102.702520370199,18.7576962855431,7665,4
102.431157214953,18.2786133985214,7666,0
102.815251360938,18.7569288059416,7667,4
102.359734208419,18.4853701528933,7668,4
103.083951122676,18.2786355742315,7669,4
102.255954078221,18.610628519131,7670,4
102.339588318236,18.5537693484817,7671,4
103.126129282668,18.2145313758143,7672,7
102.241586804625,18.642334780454,7673,4
102.599097013203,18.8179101898146,7674,4
102.69130880136,18.2797429888272,7675,4
102.887450665079,18.5334794711249,7676,0
102.51208935045,18.2112728115552,7677,7
102.683693880976,18.2630925294549,7678,4
102.620577561435,18.2267589164263,7679,7
102.459372640942,18.4863249151124,7680,7
102.327303017263,18.8233751006228,7681,4
102.527526353392,18.2115778341408,7682,7
102.368762670368,18.8824346441776,7683,4
102.505981828402,18.3263376651325,7684,7
102.95273001158,18.9419279627583,7685,4
102.207338819768,18.2381441488166,7686,4
102.546896242752,18.2648857354413,7687,4
102.200026663008,18.4747579535114,7688,4
102.471990082559,18.5052714779138,7689,4
103.079317218579,18.6385757835299,7690,4
102.764794196405,18.607640062627,7691,4
102.593555738575,18.4785744536644,7692,0
102.78734723695,18.7558867419371,7693,4
102.816801646397,18.2518486846995,7694,4
102.688820563596,18.3525717481889,7695,4
103.149307816539,18.4326467533314,7696,4
103.040016960345,18.4360378931282,7697,4
102.343287791842,18.7305015536136,7698,4
103.118518920158,18.2882220036064,7699,4
102.957779490552,18.2823255038045,7700,4
102.957494664502,18.6749139495517,7701,7
102.524897304635,18.4355442677761,7702,7
102.512989181027,18.662064235724,7703,4
102.64876401287,18.4113029433981,7704,4
102.645884462133,18.8644568174141,7705,4
102.876006209203,18.468103135548,7706,4
102.602596625536,18.381771911189,7707,4
102.701140295059,18.7116214752481,7708,4
102.489472076788,18.6374155137216,7709,4
102.925488257854,18.9510375793312,7710,4
102.735834951979,18.2726283234881,7711,4
102.6718181595,18.6604791317606,7712,4
102.782304873096,18.6928332546615,7713,4
102.572489710869,18.8370223340911,7714,4
102.683081362907,18.2616885346471,7715,7
102.309979414968,18.54143425885,7716,4
102.308508527845,18.2684433405655,7717,4
103.049983863377,18.2911776543014,7718,4
102.711282085384,18.5883085638421,7719,0
102.709337359347,18.2591571886274,7720,4
102.367829621784,18.4106997574942,7721,4
102.648272700172,18.3985011504408,7722,4
102.979962939008,18.7602124925664,7723,4
102.243156291182,18.916310165898,7724,4
102.214044791014,18.6720376606005,7725,4
102.385219782139,18.5701071137967,7726,4
103.131263898591,18.4624500368848,7727,4
103.148967214713,18.3804275140896,7728,7
102.700372801552,18.8117656958704,7729,4
102.485101394275,18.2968833765934,7730,4
102.57142920396,18.4729532885419,7731,4
102.255269149769,18.7760224519221,7732,4
102.752213951029,18.9128574270371,7733,4
102.759958561506,18.3003966952086,7734,4
102.239103994354,18.226766703589,7735,4
102.839331787799,18.2318314549079,7736,4
102.278363887246,18.9416811834941,7737,4
103.007675507401,18.7394063662299,7738,4
103.061286695743,18.319530065433,7739,4
102.578027139522,18.9319806930436,7740,4
102.316390501414,18.5389552743039,7741,4
102.546264921299,18.2468043087349,7742,0
102.838584346592,18.6773369889284,7743,4
102.845892986582,18.4823417616338,7744,4
102.246113405601,18.7083618370581,7745,4
102.383052072303,18.6124737339952,7746,4
103.076012300308,18.9128994248229,7747,4
103.090388825459,18.2268343548426,7748,4
102.555857446993,18.6263895784498,7749,0
102.609349123591,18.4482246053658,7750,4
102.831164425922,18.3301438703803,7751,4
102.880850055239,18.3843140263388,7752,4
102.383558983906,18.8359835068384,7753,4
102.393206930277,18.8829750691206,7754,4
102.605477573859,18.7940674013851,7755,4
102.208364153383,18.4481915510593,7756,4
103.06380655077,18.7544111275702,7757,6
103.113861246267,18.397890273088,7758,4
103.062386971955,18.5732066593507,7759,4
102.271692168144,18.587880222649,7760,4
102.621932515234,18.6255082131411,7761,7
102.441223138166,18.6792825835792,7762,4
102.657277447899,18.7403084141377,7763,4
102.772383232507,18.6740043645426,7764,4
102.683889720753,18.3187573035434,7765,4
102.857365972212,18.5307467187674,7766,4
102.242285219689,18.9205976365587,7767,4
103.088176864077,18.8086226171708,7768,4
102.877262714331,18.9221329952233,7769,4
102.361906026059,18.3358982570072,7770,4
102.25566970016,18.4301780896843,7771,4
102.878079671344,18.5533793583255,7772,4
102.631739257941,18.6042006208191,7773,0
103.094758658288,18.6274593831676,7774,4
102.550215758734,18.6858203046541,7775,0
102.8787771475,18.2364978926079,7776,4
103.08551918629,18.6529031869244,7777,4
102.717798203092,18.2167802090473,7778,7
102.571259889269,18.2828374926717,7779,4
102.580351916129,18.4601419145609,7780,7
102.799690903491,18.4835584831609,7781,4
102.851946149938,18.6094576925493,7782,4
102.362565519074,18.5840247819331,7783,4
102.352759142444,18.820532019362,7784,4
102.780461120411,18.6024659477352,7785,4
102.566977599877,18.6801775212911,7786,0
102.564860187438,18.6027805712995,7787,0
102.439000686464,18.5078251603274,7788,7
102.865567657831,18.8171522195557,7789,4
102.955053830208,18.3154053750162,7790,4
102.462508021512,18.3551195182562,7791,7
102.384745611837,18.7392427005888,7792,4
102.319741378082,18.3764196700503,7793,4
102.659549739359,18.7076451581559,7794,4
102.667108262795,18.5197766671356,7795,0
102.762523689031,18.4921727078101,7796,4
102.762627837187,18.8900494196835,7797,4
102.646413606442,18.2253223363455,7798,6
102.37976978661,18.7136343860756,7799,4
102.88387314146,18.7426049501796,7800,4
102.499190329527,18.5025094861619,7801,4
103.038077777697,18.8389294009535,7802,4
102.251673700868,18.909160606968,7803,4
102.432255819541,18.2085636412735,7804,7
102.263537333645,18.6094591736512,7805,4
102.371964688907,18.5109065793354,7806,4
102.908161823746,18.6034501039826,7807,4
102.317759909071,18.2411231892651,7808,4
103.039305760171,18.766173895117,7809,4
102.478536044035,18.5140891353793,7810,4
103.103622980027,18.6669173568673,7811,4
102.95201394887,18.3953280779167,7812,4
102.411819505949,18.3489565008285,7813,7
102.644909396024,18.6054742844685,7814,0
103.118501050383,18.8275564117723,7815,4
102.77358740327,18.6429177245343,7816,4
102.619908678402,18.3738501990003,7817,4
102.682696209897,18.3222958058366,7818,4
102.952015793523,18.6932126797421,7819,4
102.630388648929,18.2610283262484,7820,4
102.643680484238,18.4498028144261,7821,0
102.9320054709,18.4067356559156,7822,4
103.134230756238,18.886088863584,7823,4
102.239858889401,18.7451166353231,7824,4
102.817469802064,18.2780038813929,7825,4
103.111164835151,18.7049686546152,7826,4
102.473338863164,18.2239276269061,7827,6
102.860781453742,18.914179920321,7828,4
103.151196236917,18.7948913527578,7829,4
103.036906287128,18.9159317438974,7830,6
102.676452359216,18.2422252870666,7831,7
102.201524148571,18.7126432451537,7832,4
103.006625153099,18.3350076993911,7833,4
102.849942355853,18.6196229603414,7834,4
102.532074483751,18.7258160907776,7835,0
102.243124552183,18.4120081609724,7836,4
102.674579570589,18.6688701717852,7837,4
102.269407104828,18.5985391386991,7838,4
102.375886816272,18.5368913951477,7839,4
102.224719442009,18.8980023186919,7840,4
102.669868132524,18.4042212816305,7841,4
102.986754542506,18.9213655884189,7842,6
102.837259615888,18.8468007251344,7843,4
102.727785898606,18.8664942835334,7844,4
102.598623297819,18.8654814940502,7845,4
102.865057456009,18.6508842461892,7846,4
102.378067173468,18.348182005213,7847,4
102.778626046441,18.2244310144712,7848,4
103.128000863843,18.507442989526,7849,4
102.554506604584,18.7158322403105,7850,0
103.082519925044,18.7888819564013,7851,4
102.470661539949,18.7924108108767,7852,4
102.53799081681,18.2229851635267,7853,7
102.994989243474,18.8189238779039,7854,4
103.028915414747,18.5478140449473,7855,4
102.757654091011,18.2877154810819,7856,4
102.973212026069,18.2169393079033,7857,7
102.295546686467,18.4862319987716,7858,4
102.713422276826,18.9350762313349,7859,4
103.042861509713,18.5616316553704,7860,4
103.061191835724,18.5411728978091,7861,4
103.038010029295,18.6517713108633,7862,4
102.914303350614,18.6186465730021,7863,4
102.753798946284,18.2933634245044,7864,4
103.021362330236,18.6179912976221,7865,4
102.680680944537,18.801558997088,7866,4
102.255061223987,18.3831154350166,7867,4
102.236771704618,18.8950445677114,7868,4
102.419715837249,18.5337366994619,7869,4
102.235364089723,18.3833248074917,7870,4
102.375950676945,18.4343590593302,7871,4
102.676654145366,18.8977252166792,7872,4
102.418537386475,18.7287957304671,7873,4
102.798558419314,18.6574179321778,7874,4
102.239861071025,18.3911779515449,7875,4
102.953661776273,18.5196684241455,7876,4
103.041123104315,18.8223228225421,7877,4
103.063060454255,18.2460748696469,7878,4
103.068626351779,18.3071323278422,7879,4
102.37227254148,18.9033323542734,7880,4
102.925771970013,18.8498086575052,7881,4
102.709785855588,18.4547911249795,7882,4
102.724084843406,18.933762918991,7883,4
102.623150963778,18.3320909476987,7884,4
103.083479604121,18.7162065205227,7885,4
102.638844861827,18.5635826690308,7886,0
102.510092813986,18.7282330352273,7887,0
102.936812465426,18.7783354400785,7888,4
103.068127785877,18.2185058049294,7889,4
103.079674571226,18.5392926545504,7890,4
102.326957487434,18.2771180392308,7891,4
102.52035794082,18.5082953668495,7892,4
102.210185539144,18.1999838710672,7893,4
102.811367828721,18.6877458196615,7894,4
102.877260202746,18.678693141609,7895,4
103.022301964039,18.8943957762073,7896,4
102.77714750552,18.5722636140639,7897,4
102.870721925274,18.6340416020904,7898,4
102.464576271503,18.789060344449,7899,4
102.771257035607,18.5702723149846,7900,4
102.764482869404,18.8282913264048,7901,4
102.993586053154,18.8060863074228,7902,4
102.909183115213,18.5174870218479,7903,4
103.08264671266,18.5166356528639,7904,4
102.839637861268,18.8778526881015,7905,4
102.60524730551,18.5400248563087,7906,0
102.226050231356,18.8802914771399,7907,4
102.410731544029,18.4907813788146,7908,7
102.644829012506,18.8452757396836,7909,4
102.72183045725,18.2915271444694,7910,7
102.690008892545,18.7495434394768,7911,4
102.497354692451,18.6783681643149,7912,4
102.415685264418,18.4494333334951,7913,6
102.230693406806,18.2180551109185,7914,4
102.677529318902,18.6944991933335,7915,4
102.300969408753,18.6658078239688,7916,4
102.970424351091,18.4663678549046,7917,4
103.116087703636,18.718464799956,7918,4
102.694905981274,18.7967639879681,7919,4
103.12361342427,18.8635526650533,7920,4
102.526126686758,18.5177949734303,7921,4
102.261576130488,18.4844588759022,7922,4
102.491438919139,18.4574133020111,7923,7
102.322375980542,18.7094853844132,7924,4
102.432587254129,18.47386254365,7925,6
103.065959931309,18.3048889127621,7926,4
102.83202191113,18.9282262568348,7927,4
102.357651935378,18.4765307354981,7928,4
102.942566717447,18.9393103272924,7929,4
102.372950039611,18.5483472736393,7930,4
102.845720438307,18.5799904478514,7931,4
102.513933696662,18.6002619497937,7932,4
102.54023813486,18.5313770666756,7933,4
102.801907748807,18.7358569125313,7934,4
102.574156948642,18.4690237091241,7935,4
102.267900084831,18.9382100635715,7936,4
102.937945388985,18.7040188265604,7937,4
102.531406281571,18.4908490494422,7938,4
102.493978537791,18.7112336383367,7939,4
102.843303107086,18.5686078607846,7940,4
102.205324766101,18.8638609411558,7941,4
102.430982449443,18.6996366157951,7942,4
103.066289809713,18.8355999688871,7943,4
102.391568200969,18.474044655062,7944,4
102.495527067761,18.5078083004298,7945,4
102.900485730954,18.7725560907758,7946,4
102.927840416938,18.7788150776261,7947,4
102.316823651749,18.3374759930028,7948,4
102.721074910464,18.784742965534,7949,4
102.240957269163,18.938091832682,7950,4
102.529374385424,18.5206411127833,7951,4
102.876786117946,18.4304794857885,7952,4
102.36609060995,18.2738882484525,7953,4
102.710930577984,18.8964978984596,7954,4
102.847295348576,18.8411778240215,7955,4
102.863085451269,18.459599882692,7956,4
102.86259643668,18.5876880851252,7957,4
102.566523255921,18.3315875285825,7958,4
102.416520412409,18.6426286131879,7959,4
103.066786935059,18.490132612464,7960,4
102.586302966944,18.5599002742952,7961,0
102.786127455313,18.6155882789518,7962,4
102.53698669165,18.2674974935157,7963,6
102.321144014445,18.9325430608461,7964,4
102.640561591937,18.5779821975009,7965,0
103.029989743087,18.8573460237648,7966,4
102.810704063393,18.4780293413673,7967,4
102.355844122541,18.6940041866351,7968,4
102.278652038175,18.9154904508373,7969,4
103.13140647211,18.9020629960884,7970,4
102.346792881858,18.8261105308843,7971,4
102.607108781575,18.441220202156,7972,4
102.640182891038,18.8559913215911,7973,4
103.121685467834,18.6540450642227,7974,4
102.422227877029,18.5472243307413,7975,6
102.773028599059,18.2195618496329,7976,4
102.943714813797,18.6515516299632,7977,4
102.506772184355,18.5672776058636,7978,4
102.553585364401,18.3371510920191,7979,4
102.572914416018,18.4302564705607,7980,4
102.344161938416,18.3902165143927,7981,4
102.402936964694,18.6531419729493,7982,4
102.692441762717,18.2029306023012,7983,7
102.629722997203,18.2026427238541,7984,4
102.771928297042,18.4481629801798,7985,4
102.515516373408,18.3844297066713,7986,4
102.650586189492,18.8555851055507,7987,4
103.006489305126,18.5561815113298,7988,4
102.840928800488,18.3296995472268,7989,4
102.253622481696,18.6667191099444,7990,4
102.807513659356,18.3074033136246,7991,4
102.499559103327,18.7286428158139,7992,4
102.678413312877,18.2575129741336,7993,7
103.112621840346,18.3742983471606,7994,4
103.0400805886,18.6177950889649,7995,4
102.947460824949,18.305176305908,7996,4
102.854327196192,18.9184269067102,7997,4
103.134789204633,18.8020523135669,7998,4
102.722748661302,18.8617625958804,7999,4
102.597942205814,18.8762142871463,8000,4
102.906841369629,18.9222572972184,8001,4
102.796857850856,18.9060776174991,8002,4
103.131775943542,18.5003257241749,8003,4
103.024751243759,18.4761741568789,8004,4
103.051789448998,18.890038668623,8005,4
103.116425487538,18.4865256666887,8006,4
102.24354222489,18.4248958899342,8007,4
102.542901149746,18.6889204114715,8008,0
102.640779824986,18.8388843418289,8009,4
103.119757141191,18.2479740512529,8010,4
103.133173955517,18.2277780152285,8011,4
102.255531859102,18.2725373445357,8012,4
102.344268397082,18.9084100074726,8013,4
102.481302334265,18.405539564735,8014,4
103.120752389184,18.9346314842178,8015,4
102.692593616497,18.7338656099725,8016,4
102.574965231461,18.7682050895814,8017,4
102.412813614348,18.8102862094761,8018,4
102.515042120423,18.3385785078584,8019,4
102.570508411482,18.4685769998713,8020,4
103.104913055026,18.6337628633726,8021,4
102.595764393747,18.6939360481703,8022,4
103.057738993231,18.2521350294956,8023,4
102.401100075091,18.825978169692,8024,4
102.833455790219,18.4331821348143,8025,4
102.744109598657,18.286423897572,8026,7
102.376486269236,18.2609561333397,8027,4
102.615434510733,18.484196301332,8028,0
102.88137438359,18.5813475001427,8029,4
103.091958513105,18.498490431821,8030,4
102.502671471514,18.3731244866516,8031,4
102.778351223685,18.3229082884875,8032,4
102.770764968283,18.2397084768493,8033,4
103.034419089216,18.9359605482271,8034,4
102.656810960998,18.2282814233971,8035,7
102.362141752967,18.4619925049043,8036,4
103.113856579859,18.2525098623285,8037,4
103.005971236922,18.7108325321715,8038,4
102.360402842586,18.9427260456683,8039,4
102.934663765598,18.2072078065095,8040,7
102.389149837182,18.8315108670558,8041,4
102.789310783902,18.2642284112054,8042,4
102.429851078229,18.8904950644077,8043,4
102.306405592945,18.9051282394738,8044,4
102.562291185495,18.8371738031412,8045,4
102.51242276855,18.4468712692285,8046,7
102.919244902669,18.8374138250315,8047,4
102.547378406113,18.5462385615286,8048,0
102.795745661182,18.7378539728949,8049,4
102.372052545644,18.7016575591027,8050,4
102.885981077899,18.34197562357,8051,4
102.950745459001,18.8381799001442,8052,4
102.835436608235,18.351863732863,8053,4
102.356244359617,18.4546356040575,8054,4
102.739703363394,18.788676545359,8055,4
102.28374239068,18.9217030607503,8056,4
102.497437771289,18.6180063121467,8057,4
102.505931768586,18.9232909008153,8058,7
102.800459578105,18.4728485051519,8059,4
102.205313953022,18.5129041535506,8060,4
102.209744573626,18.8785723263194,8061,4
103.120487520773,18.9130791714386,8062,4
102.844723593139,18.5714012225726,8063,4
102.293897456745,18.4677844475712,8064,4
102.986818124855,18.2807838162158,8065,4
102.451842159487,18.5759466855728,8066,4
102.571045641602,18.5280200922061,8067,0
103.065925752487,18.3424602788428,8068,4
102.66920382334,18.8778451437019,8069,4
102.244467025261,18.2660726142076,8070,4
102.697024071681,18.4879894002622,8071,4
102.987073729884,18.2639145700178,8072,4
102.858805151022,18.6806535975746,8073,7
103.006718081782,18.413003197503,8074,4
102.370250981193,18.5763687170006,8075,4
102.882180093112,18.3832426410449,8076,4
102.259831092728,18.638715023232,8077,4
102.982819180254,18.3200631949835,8078,4
102.933577162752,18.2763667367369,8079,4
102.332971451377,18.9073277133378,8080,4
102.530279359052,18.3697816886336,8081,4
102.704502964502,18.3973300265739,8082,4
102.635233022388,18.4232029763861,8083,4
102.813141153723,18.2578418230579,8084,4
103.108093372333,18.8041406550904,8085,4
102.751429859916,18.6337325074452,8086,4
102.292322688327,18.5352604273013,8087,4
103.122980979189,18.8951916152586,8088,4
102.583320591547,18.7044676940752,8089,4
102.839521114169,18.4890095857346,8090,4
102.428438842951,18.6325372450623,8091,4
102.522073886362,18.8007291898193,8092,4
102.495135255172,18.2824335530398,8093,4
102.775141246528,18.321184032504,8094,4
102.879937733739,18.8958982125843,8095,4
102.675169352174,18.8622373836734,8096,4
102.756697712706,18.873648900795,8097,4
102.299857169128,18.4216785833098,8098,4
102.947712048612,18.6087855305356,8099,4
102.754630446572,18.2825219407999,8100,7
102.694317615837,18.3686454798339,8101,4
102.862947157777,18.5164727867275,8102,4
102.691677654962,18.8100495008535,8103,4
102.218281553806,18.2493529663756,8104,4
103.112696356066,18.8724370870361,8105,4
102.972604188183,18.8179996308032,8106,4
102.824554521031,18.9376272272119,8107,4
102.316514729113,18.4080661321841,8108,4
102.437041246194,18.5604803949381,8109,4
103.042011829911,18.3589169781103,8110,4
102.341821502575,18.4303447632898,8111,4
102.582605326522,18.3794690664237,8112,4
102.668139437664,18.4803876315759,8113,7
102.471762445354,18.547399496315,8114,4
102.659951901009,18.2739013623605,8115,4
102.677111417011,18.4856210093094,8116,0
103.093927859381,18.6374072527644,8117,4
102.781658053404,18.8325912960202,8118,4
102.951555072346,18.5354676820179,8119,4
102.901264413655,18.6371951549734,8120,4
103.081627848163,18.5167865949264,8121,4
103.067177418384,18.4246156716873,8122,4
103.00555508829,18.8617376816944,8123,4
102.878233126355,18.7893278251015,8124,4
102.231890251463,18.8848716477329,8125,4
102.556918412974,18.7038049485958,8126,0
102.771374910983,18.7796263345749,8127,4
102.71670151025,18.7830056308747,8128,4
102.799595453089,18.6415938358332,8129,4
102.780897519746,18.5144598984799,8130,4
102.414946096504,18.7704626285796,8131,4
102.856347807119,18.6256920335925,8132,4
102.791147026379,18.9207666770766,8133,4
102.888774272114,18.5565125723483,8134,4
102.983628581032,18.611204033749,8135,4
102.856697257523,18.8583087353257,8136,4
103.107039509313,18.4963934646668,8137,4
102.294261543619,18.6356405447241,8138,4
102.472520909898,18.3440755317389,8139,6
102.328231599887,18.6416119410092,8140,7
102.951177773533,18.7546710475631,8141,4
102.224983690601,18.942730361838,8142,4
103.089119117116,18.7138143526536,8143,4
102.665595565286,18.3471716908564,8144,4
102.891259553093,18.3160029323897,8145,4
102.261258551355,18.3720186188721,8146,4
102.880049398217,18.6223810491587,8147,4
102.858914949006,18.6023861929329,8148,4
102.437956161745,18.27160155278,8149,0
102.395278443858,18.9126955526534,8150,4
102.873761673328,18.8575990382256,8151,4
102.553609272813,18.3425949489742,8152,0
103.113058006389,18.9392301082323,8153,4
102.767793147871,18.740619868517,8154,4
102.705793182879,18.5182165307348,8155,4
103.072338207005,18.7473779580424,8156,6
102.963918366833,18.4920871784757,8157,4
102.711257287857,18.5909330384682,8158,0
102.606671776771,18.8277929401149,8159,4
102.22315892476,18.8748108619768,8160,4
102.441114373786,18.2025292525523,8161,0
102.353997551775,18.6420257926905,8162,4
103.0769242855,18.5549162157502,8163,4
102.428510856744,18.5202508448101,8164,4
102.204290102607,18.7081395991591,8165,4
102.739701546687,18.6230914062312,8166,4
102.445691437349,18.2894188591253,8167,6
102.588112040439,18.5407295705249,8168,0
102.795526686938,18.3983464194855,8169,4
102.397574988996,18.4870063130441,8170,4
102.89271262625,18.5371129579891,8171,0
102.803787616825,18.3081557214279,8172,4
103.086060602808,18.8281324316991,8173,4
102.373580964533,18.4229110343069,8174,4
102.727971163973,18.8848053620373,8175,4
102.879716619963,18.6914243962397,8176,4
102.595909198712,18.5008195639357,8177,0
103.026444708009,18.2466600236696,8178,7
102.256101164715,18.5541066869966,8179,4
102.244071914805,18.856675280291,8180,4
102.998587644846,18.419315983757,8181,4
102.344312091949,18.8435836416963,8182,4
103.03875873486,18.8595381055675,8183,4
102.203516930446,18.5062222407986,8184,4
102.218021056393,18.6332522103281,8185,4
102.636514409626,18.3552107342759,8186,4
102.439742376293,18.4100754429945,8187,6
103.117613947838,18.6680812490277,8188,4
102.575394880399,18.5723862634178,8189,0
102.412062479276,18.2024447208013,8190,4
102.249128646408,18.3613808719765,8191,4
102.547243576475,18.4869075302083,8192,4
103.13598981483,18.9325017831361,8193,4
102.431408747476,18.4026105362957,8194,4
102.356289960653,18.3176124790834,8195,4
102.211449645727,18.943214905696,8196,4
102.379167206446,18.7163241222671,8197,4
102.683824819209,18.5228890869734,8198,0
102.224780996437,18.638729547925,8199,4
102.910703403413,18.7462209866579,8200,4
102.625667265654,18.7283892600655,8201,4
102.603025989849,18.4876921902017,8202,0
102.640741869241,18.3358005730112,8203,4
102.696569221701,18.4593642671972,8204,4
102.318711037833,18.8932380290062,8205,4
103.083745114547,18.2263856635686,8206,6
102.803160393499,18.9417677649093,8207,4
103.030551856645,18.3255862793455,8208,4
102.971666825421,18.6566738079978,8209,4
102.221045112114,18.789468092683,8210,4
102.664268330966,18.9519123988736,8211,4
102.617325594603,18.2996192387433,8212,4
102.63181030929,18.5563981295072,8213,0
102.472445574901,18.8342241795736,8214,4
102.437410358741,18.2552112956648,8215,0
102.778603719302,18.8021272070245,8216,4
102.501737394555,18.8024939570568,8217,4
102.413291831564,18.5668608936349,8218,4
102.232414092952,18.8353868044798,8219,4
102.449659003088,18.7400356712933,8220,4
102.692725173224,18.4365198379932,8221,4
102.358902506552,18.7840301703569,8222,4
102.580768473495,18.9405325291863,8223,4
103.047734495178,18.7212778333484,8224,4
102.724367381083,18.3259823992436,8225,4
102.293311439468,18.5171203569632,8226,4
102.353643475402,18.6361173903128,8227,4
102.487039148745,18.4114133760712,8228,7
102.848645916846,18.6359754197757,8229,4
102.343943565905,18.4232985928007,8230,4
102.65791772383,18.7886616784175,8231,4
102.892726556083,18.3198258287398,8232,4
102.730112764011,18.3262598407708,8233,4
102.273268557584,18.820247786189,8234,4
102.888722861915,18.9316121160095,8235,4
102.623967677193,18.916824841096,8236,7
102.662884427394,18.5091946407247,8237,0
102.269400200412,18.2466968827586,8238,4
102.750656942323,18.2126599317539,8239,4
102.364919653469,18.7518645516584,8240,4
102.320340028251,18.3186719365169,8241,4
102.661684981511,18.3697122303841,8242,4
102.422378528613,18.4985881371886,8243,7
102.829770469479,18.4943488258938,8244,4
102.470572093959,18.3871767140749,8245,4
102.307875173882,18.2876265709921,8246,4
102.604890466669,18.8769922044121,8247,4
102.227182745969,18.7916365741612,8248,4
102.910143452856,18.5072333465335,8249,4
102.421588735513,18.7554461996242,8250,4
103.078330372294,18.4916951384905,8251,4
102.790560349149,18.7817760701534,8252,4
102.898666193284,18.3112097766912,8253,4
103.094268814504,18.556036867145,8254,4
102.990583656678,18.7537494804936,8255,4
102.653731655298,18.3821510010526,8256,4
102.343922412652,18.5890773432633,8257,4
103.03290260193,18.434221304555,8258,4
102.834239353602,18.5316297870991,8259,4
102.433573901388,18.4174210285986,8260,6
102.998948839748,18.3251893178872,8261,4
103.098940671814,18.4436268797136,8262,4
102.490284914867,18.7661407811403,8263,4
102.991866077488,18.7050195577253,8264,4
103.054758256056,18.4432269838465,8265,4
102.316412388632,18.5236765252897,8266,4
102.426597613938,18.428783841955,8267,6
103.146764686521,18.556051059224,8268,4
102.930958645379,18.3061280864003,8269,4
103.141247984365,18.7458110027373,8270,6
102.61588381839,18.5845983221992,8271,0
102.781127307696,18.6086659992651,8272,4
102.361528324852,18.6244687642432,8273,4
102.959968289686,18.6696192162981,8274,7
103.028122474403,18.7525208498672,8275,6
102.522648111352,18.3155715517738,8276,4
102.398172653265,18.3837967192813,8277,4
102.370989618633,18.3121568930225,8278,4
102.495197115573,18.9198024916682,8279,4
102.396066458904,18.5292129883287,8280,4
102.712582563738,18.2910326674397,8281,7
103.086824787824,18.7457260783061,8282,6
103.039869382309,18.9214360569197,8283,4
102.472082191489,18.4352341256851,8284,4
102.760551872069,18.6662911764694,8285,4
102.223117420849,18.6905755066451,8286,4
103.114870547869,18.5895055259057,8287,4
103.090757280766,18.8753702638234,8288,4
102.516299689334,18.9021895428406,8289,4
103.015213951663,18.2856855651199,8290,4
102.807160808839,18.5904817352349,8291,4
102.284477698093,18.5045756052196,8292,4
102.291013950046,18.588012429355,8293,4
102.317667494305,18.5356464624142,8294,4
102.446953898938,18.4645682907906,8295,4
102.70656963092,18.7325552137331,8296,4
102.697986188342,18.8951739242213,8297,4
102.220335475294,18.2957115880136,8298,4
103.008295685519,18.3362789820541,8299,4
103.11152040962,18.365263629637,8300,4
102.999506847153,18.6649296679693,8301,4
103.050878564356,18.2974057917169,8302,4
102.62712709711,18.8748603549414,8303,4
102.716647425463,18.8078072265467,8304,4
102.780295313753,18.6151196344149,8305,4
102.243067803717,18.3651300036129,8306,4
102.495169863589,18.4700661878492,8307,4
102.959562948063,18.4167699171683,8308,4
102.927604849361,18.5159929408695,8309,4
102.741295910406,18.5286556065733,8310,0
102.868099582701,18.4956422038503,8311,4
102.294091013193,18.4854695294836,8312,4
102.769269129555,18.4231966390646,8313,4
102.423416833313,18.4380541064194,8314,6
102.876887526071,18.5083727786207,8315,4
103.023072525815,18.8755966883386,8316,4
102.708528602813,18.9515154405481,8317,4
102.81845939498,18.8133001890448,8318,4
102.732567121831,18.8844174854501,8319,4
102.864455758525,18.8290838607162,8320,4
103.071516191901,18.8614437167022,8321,4
102.871013918082,18.8955579764844,8322,4
102.361461044655,18.6317103747325,8323,4
102.742985541466,18.4752370062765,8324,4
103.129911140198,18.7476080789571,8325,6
102.444952833428,18.8164674255477,8326,4
103.046021775927,18.7741452034194,8327,6
102.963768321858,18.4159961557929,8328,4
102.844194766232,18.4966121605983,8329,4
103.090071048716,18.3908217123395,8330,4
102.512288236418,18.315253351408,8331,4
102.63353024443,18.6264643292187,8332,7
102.526558236264,18.8744520257932,8333,4
102.343624976432,18.3238669407054,8334,4
102.329904189183,18.6615600736594,8335,4
102.506724755518,18.2435033892422,8336,4
102.423681932993,18.3533508952658,8337,7
102.675867254397,18.8724959011527,8338,4
102.677897861162,18.3050144322678,8339,4
103.019616604092,18.658731274122,8340,4
102.445466152615,18.3220966680376,8341,4
102.881593995301,18.7114354889534,8342,4
102.686475737828,18.2602733796629,8343,4
102.588284030757,18.7308423350327,8344,4
103.101281733719,18.4255294589347,8345,4
102.516343681169,18.416307096334,8346,7
102.578877593219,18.491159313783,8347,0
102.696294156226,18.8591020220902,8348,4
102.83376553227,18.2571353020305,8349,4
102.315668991422,18.4645870832763,8350,4
102.480809785114,18.2821238392337,8351,4
102.595661350609,18.8360585643319,8352,4
102.335862491277,18.2654042818421,8353,4
102.23627907276,18.3571387505182,8354,4
102.238498060345,18.2751556549017,8355,4
102.544611009357,18.8845005559317,8356,4
102.915822592463,18.3217842684418,8357,4
102.345641379486,18.2559451529177,8358,4
102.316098386904,18.4142935127373,8359,4
102.74056712863,18.4051888783502,8360,4
102.848338768348,18.7305551843677,8361,4
102.826152909429,18.5950239845569,8362,4
102.316378108407,18.5588077226744,8363,6
102.6573518131,18.496911648524,8364,0
102.519709668032,18.3800390089893,8365,4
103.090664390472,18.4014064043273,8366,4
102.526785852367,18.9177246641933,8367,4
102.832214683002,18.3830092185818,8368,4
102.452070538687,18.8498607912639,8369,4
102.631863798502,18.3819796028648,8370,4
102.225394365725,18.5431192450522,8371,4
103.076821085743,18.2688218715931,8372,4
102.737841463832,18.339513554218,8373,4
102.434747293389,18.8217585280253,8374,4
102.462909763061,18.5813607036482,8375,4
103.004542832012,18.5029554875705,8376,4
102.828052483018,18.9052799547717,8377,4
102.28341240124,18.5202271847722,8378,7
102.229027343602,18.3618720446074,8379,4
102.553240728276,18.2002651675968,8380,4
102.691058152715,18.5934958084549,8381,0
102.431981247051,18.2670230457194,8382,0
102.877781760099,18.6604383816192,8383,4
102.311015805033,18.7658576578406,8384,4
103.004622607882,18.7142082543927,8385,4
102.680205885231,18.8599147512604,8386,4
102.99218045135,18.4477531411697,8387,4
102.995440138561,18.8082761138341,8388,4
102.607934357076,18.6322595077256,8389,0
102.595234450094,18.8443207424201,8390,4
102.220405669578,18.5296471733395,8391,6
102.989406790274,18.9289708644459,8392,6
102.568154702349,18.4475813590325,8393,4
102.755560338069,18.4234521490077,8394,4
102.543822732666,18.8218313676769,8395,4
102.569336817869,18.4313987988232,8396,4
102.74485268238,18.6508721265451,8397,4
102.566617211353,18.4414433906645,8398,4
102.752808901575,18.437737561942,8399,4
103.11548765777,18.8323564870623,8400,4
102.895418849169,18.8948056575497,8401,4
102.463500858559,18.5785525937613,8402,4
102.463476255148,18.3343772081819,8403,7
102.699849331777,18.548229933754,8404,0
102.767990255878,18.5713527498364,8405,4
102.960663791269,18.8738131302357,8406,4
102.428629328631,18.9187256974512,8407,4
102.529922820539,18.3269823708083,8408,0
102.25013679425,18.6178232038907,8409,4
102.315565986256,18.5555729592032,8410,6
102.503602243915,18.5983298465804,8411,4
102.518982745806,18.5036543191359,8412,4
102.283540748413,18.6649979810774,8413,4
102.855409659565,18.2166803770705,8414,4
102.448081720591,18.5363538703508,8415,4
102.366997172042,18.6456294461327,8416,4
102.312648168723,18.3422558273678,8417,4
102.521581337651,18.458277158963,8418,4
102.650730211291,18.4888314005486,8419,0
102.349357741921,18.3988027089501,8420,4
102.769920325526,18.8911396092318,8421,4
102.514884705204,18.5037737925826,8422,4
102.50435024161,18.7088712936991,8423,4
103.100710950096,18.8189672081649,8424,4
102.615242386437,18.4849839931581,8425,0
102.934824344466,18.7831995272693,8426,4
102.681142197187,18.3112215709603,8427,7
102.410560794429,18.7178491040582,8428,4
102.712649880625,18.4341940970472,8429,4
102.701506294274,18.5522740873939,8430,0
102.921482162822,18.6998248304641,8431,4
102.879424258253,18.3380583329307,8432,4
102.928626118926,18.9324362709289,8433,6
102.936590511731,18.6751351964273,8434,4
102.506860159589,18.4715125389703,8435,4
102.210757668864,18.2938955961008,8436,4
102.201100655338,18.4053846926226,8437,4
102.473045997678,18.8240727460618,8438,4
102.693940201394,18.4270090421,8439,4
102.573393644197,18.4756047692653,8440,4
103.114425705064,18.8902885828573,8441,4
102.820026495452,18.2808397647797,8442,4
102.210749222186,18.556999977857,8443,4
102.481735753356,18.8011299461682,8444,4
102.67459862141,18.2655726640803,8445,7
102.87181479733,18.6255339769061,8446,4
102.89155829036,18.8807433025966,8447,4
102.472412705175,18.5914846755249,8448,4
103.083346774004,18.91435562829,8449,4
102.681046387263,18.654404278798,8450,4
102.874607349656,18.4328865280896,8451,4
102.250260702405,18.4903418736438,8452,4
102.757683683379,18.4746918470479,8453,4
102.798703051734,18.5483326367735,8454,4
102.712445128876,18.5046648292274,8455,4
103.137478523152,18.4460165412212,8456,4
102.912997158173,18.472742439208,8457,4
102.933379705715,18.2113477139373,8458,4
102.266658391412,18.4074981282576,8459,4
102.353509154973,18.8141584978815,8460,4
102.828291681195,18.5479260963852,8461,0
102.420896124248,18.2004048686862,8462,4
102.58165395669,18.5492977039432,8463,0
102.333985500008,18.8249615322201,8464,4
102.762379111136,18.5805350602543,8465,0
102.206196629913,18.7904973904405,8466,4
102.592423794619,18.5318725091155,8467,0
102.767275358398,18.7237105032964,8468,4
102.847785027248,18.4807101916044,8469,4
102.529995069563,18.4762913479429,8470,4
102.353527843441,18.749442172173,8471,4
102.389283313472,18.3086838235771,8472,4
102.542840213217,18.7991325575387,8473,4
102.425047453404,18.8535503705363,8474,4
103.143174893677,18.3265707219997,8475,4
102.666123794585,18.2866862471911,8476,4
102.47354806814,18.52402362508,8477,4
103.079655372854,18.4208349732325,8478,4
102.83931944896,18.8725666765392,8479,4
102.690226212567,18.2841619431834,8480,4
102.405696527029,18.2706643676496,8481,4
102.401669080627,18.8907252971948,8482,4
102.526210482576,18.2972865801877,8483,4
102.983476572147,18.3128661542084,8484,4
102.270655487204,18.9421370217395,8485,4
102.899276066794,18.3997610069145,8486,4
102.589064750338,18.8369905063182,8487,4
103.133286585104,18.8658469297117,8488,4
102.529156769225,18.3089102323942,8489,4
102.542179275472,18.2289336582649,8490,7
102.311653117049,18.6440734192338,8491,4
102.715687766765,18.5300207523573,8492,0
102.221601250813,18.2662231239814,8493,4
102.229058763635,18.6473610780677,8494,4
102.726754370926,18.5085082066287,8495,4
102.794783277201,18.6902602275494,8496,4
102.769740508741,18.8440993310219,8497,4
102.608419718925,18.776264505419,8498,4
102.369765584724,18.5967968683008,8499,4
102.965148153576,18.4948336649662,8500,4
102.401008446105,18.6437127813898,8501,4
102.630064734823,18.9210240130766,8502,4
102.581138401006,18.7121783527807,8503,4
102.686482815556,18.584393138888,8504,0
102.88978663645,18.6137837736263,8505,4
102.35951082472,18.7850761872949,8506,4
102.760113857799,18.5166337879434,8507,4
102.714158875466,18.9444664422616,8508,4
102.859906861803,18.3603180306994,8509,4
102.55331451583,18.6876164790257,8510,0
102.734640028205,18.4698343023087,8511,4
102.616120794277,18.6338415461491,8512,7
102.525853626356,18.9014491546006,8513,4
102.459678476064,18.4159295805987,8514,7
102.9204469524,18.2649183771943,8515,4
102.456774190804,18.2606583399604,8516,7
103.135336301912,18.7837927914697,8517,6
103.021304629373,18.2247621885739,8518,4
103.017282217171,18.8607571462901,8519,4
102.933379635668,18.7304197416423,8520,4
102.542291108547,18.3124173296622,8521,4
102.57445582528,18.3977685605763,8522,4
102.397732827184,18.279497970711,8523,4
102.201879616209,18.4597710305261,8524,4
102.583248277672,18.44685366156,8525,7
102.943364575652,18.6536620304718,8526,4
102.878365797368,18.672667511449,8527,4
103.100540768703,18.5314657500394,8528,4
102.950629336831,18.9447022015404,8529,4
102.696156318425,18.7113063404532,8530,4
102.628984657334,18.8662995419215,8531,4
102.498389158952,18.8996372664865,8532,4
102.219749415672,18.5058281128102,8533,4
102.323567574936,18.764984851614,8534,4
102.850869104922,18.615855321157,8535,4
102.412019226503,18.4999453874311,8536,4
102.98283977279,18.9330484190968,8537,4
102.509265286068,18.5932521604781,8538,4
102.4659696021,18.8198478185809,8539,4
102.996227310484,18.8980096836485,8540,6
103.139734468837,18.8427544057792,8541,4
102.463565261225,18.5085067153639,8542,4
102.821069152084,18.2541657540245,8543,4
102.622142685221,18.772376602663,8544,4
103.031347222144,18.3422199261929,8545,4
102.70149880798,18.6820888520774,8546,4
102.858855955739,18.5247290278869,8547,4
102.298911170564,18.7677284953653,8548,4
102.443170771655,18.2374123060151,8549,0
102.742117059628,18.4708779518845,8550,4
102.990673923806,18.6008448896844,8551,4
102.56723196835,18.2808080716687,8552,6
102.423840758544,18.6578379188052,8553,4
103.121253552591,18.5349996788317,8554,4
102.39870715312,18.3097266531626,8555,4
102.90411515517,18.563414798218,8556,4
102.484163737365,18.4774327018328,8557,6
102.78393694115,18.255200680296,8558,7
102.395562899716,18.7012269726913,8559,4
102.832806991634,18.7337115285485,8560,4
102.474981742391,18.4525514565781,8561,6
102.953851734208,18.7258790678037,8562,4
102.282244470138,18.2425093935232,8563,4
102.954116474478,18.5888465106252,8564,4
102.857564273348,18.8448407144465,8565,4
103.046733840986,18.5826035684134,8566,4
102.841172571633,18.5028976071118,8567,4
103.146893268581,18.7392632165496,8568,6
102.711151520099,18.4668919388709,8569,4
102.895892326804,18.8635199989199,8570,4
102.822875544537,18.5150966742828,8571,4
102.609459870864,18.7694760541186,8572,4
102.964824523134,18.8692616731008,8573,4
102.912565481063,18.6591853001618,8574,4
102.629123032449,18.3207270923384,8575,7
102.921927943973,18.8969984261907,8576,4
102.795508531124,18.351615340695,8577,4
102.324792621492,18.9133731490296,8578,4
102.691458675466,18.9283403558598,8579,4
103.125585444585,18.4366565439565,8580,4
103.124304917307,18.2229539186385,8581,7
102.406271869601,18.3053812708201,8582,4
102.893709042332,18.87723967994,8583,4
102.514252671491,18.3538534882213,8584,4
102.857376423836,18.5911211423007,8585,4
102.670177815103,18.6366070931038,8586,0
102.601481382523,18.9081201415036,8587,4
102.596253215537,18.9280724666284,8588,7
102.238379598769,18.2439123619045,8589,4
102.58700422878,18.8165656448761,8590,4
103.067275156624,18.4432809643429,8591,4
102.66530298853,18.8043804272482,8592,4
102.204828970447,18.7817719359511,8593,4
102.805545626175,18.3923263226868,8594,4
103.035195818492,18.6439680127973,8595,4
102.647101094715,18.5254489274603,8596,0
102.84015832541,18.8423816897839,8597,4
102.980627345217,18.377168657134,8598,4
102.41350704424,18.7267549222935,8599,4
102.886155606882,18.5829583425389,8600,4
102.735339526989,18.4781770658762,8601,4
102.758567657661,18.400567068642,8602,4
103.112553873591,18.3968656776689,8603,4
102.569266545344,18.6776174917127,8604,0
102.836998855986,18.8548374729833,8605,4
102.262986152015,18.4318307080462,8606,4
102.273324196861,18.5564363577263,8607,4
102.563102636767,18.430531178539,8608,4
102.332312021401,18.7348305074775,8609,4
102.330167965263,18.7542919682515,8610,4
102.922825978945,18.9115984619804,8611,6
102.951519498474,18.377021426601,8612,4
102.764836387583,18.6047597115529,8613,4
103.063521439198,18.2304181789595,8614,4
102.518413042356,18.5777640648624,8615,4
102.201573579989,18.3595286976362,8616,4
103.137185697663,18.6936307683161,8617,4
102.305228126583,18.7336895683086,8618,4
102.660782631961,18.2140606520251,8619,7
102.567450628531,18.7027252036461,8620,4
102.51720757688,18.8405180851094,8621,4
102.939278818844,18.5153966111741,8622,4
102.460284765862,18.7616378606806,8623,4
102.79374048262,18.4535691841655,8624,4
102.242455365187,18.9140814903002,8625,4
102.748458578388,18.7497758004299,8626,4
102.605365357332,18.539768371015,8627,0
102.878857782907,18.9418274609566,8628,4
103.118802736314,18.4862180886822,8629,4
102.318517052082,18.7531428149476,8630,4
102.585691184536,18.6999209098264,8631,4
102.500448087705,18.4636927359308,8632,6
102.797460894448,18.4416742301662,8633,4
102.868675984883,18.2303443399457,8634,4
103.100922376037,18.2470240828401,8635,4
102.458757234,18.3763204704992,8636,7
102.67645032628,18.5509251830047,8637,0
102.314044460742,18.3339035364776,8638,4
102.902820212538,18.8158678073725,8639,4
103.133547254724,18.3765986662499,8640,4
102.228581340189,18.6738672158937,8641,4
103.13545720375,18.7341158017461,8642,4
103.085913879063,18.3054533236516,8643,4
102.646724181133,18.3365732784827,8644,4
102.845164188731,18.4511168870653,8645,4
103.15102673372,18.6607317612794,8646,4
102.532815766686,18.2559546138112,8647,4
102.46829758579,18.2010372443456,8648,4
103.130156322873,18.7030848542333,8649,4
102.911272905805,18.2608052661212,8650,4
103.074145146277,18.6168780423088,8651,4
102.296639682683,18.2413547043504,8652,4
102.769089808122,18.6655261013927,8653,4
102.337128583561,18.4236790544468,8654,4
102.682828810422,18.3722751513569,8655,4
102.895991967217,18.381569948164,8656,4
103.063653476539,18.3754207191747,8657,4
102.545218005686,18.4431218195365,8658,4
102.869793728782,18.2943854619416,8659,4
102.209581340878,18.8869318035184,8660,4
102.959620123118,18.8935715548265,8661,4
102.304230943006,18.2211185629653,8662,4
102.391393845622,18.2967455088193,8663,4
102.228170189762,18.2402083771131,8664,4
102.686345923878,18.9346283379229,8665,4
102.438764644755,18.9401591601665,8666,4
102.530530457899,18.9257446647149,8667,4
102.272769049124,18.6846853449584,8668,4
102.203190059305,18.4162794526707,8669,4
102.774929407032,18.5241772781297,8670,4
102.547355172866,18.2796923900557,8671,4
103.050569123521,18.3292062545816,8672,4
102.841386527068,18.9481424956703,8673,4
102.776248312843,18.2696445271511,8674,7
102.738312216945,18.5895008502961,8675,0
102.743916305554,18.7392951401944,8676,4
102.70815294915,18.5728585025881,8677,0
102.804976256272,18.8488643775188,8678,4
102.577150982778,18.3026607619287,8679,4
102.927741246612,18.6612983041806,8680,4
102.888876470488,18.5697804080357,8681,4
102.377831861079,18.8513576539616,8682,4
102.882626700091,18.2389536140505,8683,4
102.661525074138,18.4479712845522,8684,0
102.363603364642,18.3091295801703,8685,4
102.560020410943,18.3679476322957,8686,4
103.080696679665,18.3039662213514,8687,4
102.969285748238,18.428388000602,8688,4
102.922001744814,18.4753529531114,8689,4
102.627802259674,18.4352280312742,8690,4
102.437321358413,18.4870714588254,8691,4
102.212693809392,18.6355500590967,8692,4
102.708289665417,18.3419182377037,8693,4
103.141922946602,18.8635829181761,8694,4
103.151012368911,18.5808802524887,8695,4
102.926348119334,18.3088371993094,8696,4
103.021333294752,18.672603712405,8697,4
102.251207923296,18.6610837859903,8698,4
103.047511470326,18.8034784788054,8699,6
102.433581570533,18.8833291547902,8700,4
102.543386828226,18.4918837190284,8701,4
102.73328784583,18.4774320049092,8702,4
102.38160552711,18.6301715133767,8703,4
103.06719836874,18.2656630520683,8704,4
102.210650728943,18.3340950775214,8705,7
102.228163845997,18.2982892660271,8706,4
102.406094432848,18.6998688185076,8707,4
102.303872854703,18.8422960412457,8708,4
102.36195304512,18.4829777008485,8709,6
102.786383138659,18.6508296826307,8710,4
102.498463848574,18.7582351874551,8711,4
102.722080485281,18.3445998784361,8712,4
102.719180402915,18.3497071833992,8713,4
102.551198834001,18.585472607805,8714,0
102.494505471168,18.3433350682873,8715,6
102.586051178299,18.8231229119217,8716,4
102.469164233708,18.4963237738206,8717,4
102.831693906106,18.5916314018784,8718,4
103.023721681862,18.4770982821239,8719,4
102.555601861921,18.6894963814625,8720,0
102.439235573338,18.53248756088,8721,4
102.274181504967,18.2331429452742,8722,4
102.207919264992,18.2481865172135,8723,4
102.428887738707,18.7804136197998,8724,4
102.28306639316,18.4400164945581,8725,4
102.604773820003,18.6287208712566,8726,7
102.497923500803,18.9274570066487,8727,4
102.898124541502,18.9255544929091,8728,4
102.56767662147,18.6969297455764,8729,7
102.327119751319,18.795110523101,8730,4
102.692288597807,18.2118771227383,8731,7
102.868662870562,18.4819304249268,8732,4
102.799399446138,18.6928191130459,8733,4
102.963925193746,18.4686597113196,8734,0
102.741524191585,18.3617121717698,8735,4
102.771804570001,18.8679309064564,8736,4
102.624455633812,18.2718038385865,8737,7
102.714285379067,18.6233367000489,8738,4
102.618774659834,18.5306898155233,8739,0
102.552438068532,18.6505202993723,8740,0
102.637025902637,18.2862478256231,8741,7
102.364915996159,18.6478652274135,8742,4
102.452603832276,18.6461342238804,8743,4
103.132614578466,18.739756889332,8744,6
102.333963362326,18.638909480287,8745,4
102.235623945379,18.4322334378322,8746,4
102.491761453283,18.7298122838594,8747,4
102.821738684925,18.3423790675152,8748,4
102.981024359347,18.9416428842167,8749,4
102.865764690398,18.5918398794258,8750,4
102.95926812242,18.7361208758578,8751,4
102.265919240564,18.2088403717697,8752,4
102.942116609422,18.4094040102891,8753,4
102.360194623622,18.7750337992209,8754,4
102.243740649857,18.909369105885,8755,4
102.571711649412,18.6957660511639,8756,0
102.506942109245,18.6917004249827,8757,4
102.768403587493,18.6430234595039,8758,4
102.824041398528,18.8657541989001,8759,4
102.684052087465,18.5898086448412,8760,0
102.496213742997,18.6635412779148,8761,4
102.560726757881,18.6916942355876,8762,0
102.578653214902,18.9297646800947,8763,4
102.45420442994,18.5898546673286,8764,4
102.676082118337,18.3681958083667,8765,4
102.814834210076,18.4633578405359,8766,4
102.367536278461,18.2376448399422,8767,4
102.926930300976,18.7072377851174,8768,4
102.251301179709,18.6250564611442,8769,4
102.998713859889,18.8765272646495,8770,4
102.872396723359,18.6184244203091,8771,4
102.849317832415,18.762629761379,8772,4
102.896645578725,18.8350221956435,8773,4
102.987986037983,18.4155992227201,8774,4
102.551601947367,18.3994740861874,8775,4
102.48642032232,18.9443713287379,8776,4
102.565571284794,18.4361201828602,8777,4
102.381276101767,18.8235527246534,8778,4
102.48860614846,18.2736511417823,8779,4
103.051925990508,18.8598384466437,8780,4
103.058838724841,18.6749506978213,8781,4
102.501898260895,18.5278274447643,8782,4
103.124601129815,18.8009698703496,8783,4
102.923375319845,18.8851616416304,8784,4
102.802171034969,18.4294131563664,8785,4
103.081714486185,18.334941840658,8786,4
102.378464519825,18.8016606888252,8787,4
102.422896603357,18.2874290409358,8788,6
102.697141636258,18.6747289991277,8789,4
102.933439589593,18.2848867288596,8790,4
102.785413790681,18.4128332875634,8791,4
102.393759726767,18.2641103250365,8792,7
102.731803292003,18.5559348969676,8793,0
102.485531342869,18.7848264099774,8794,4
102.207113590019,18.5667210440514,8795,4
102.51112140479,18.4639747054833,8796,6
102.909727845397,18.4386630972112,8797,4
102.876524438022,18.5321389205217,8798,0
102.594068305875,18.8660117206147,8799,4
102.393313618022,18.3710883494363,8800,4
103.132741235185,18.9006368836481,8801,4
102.964599852406,18.8843993176084,8802,4
102.729340919858,18.9470298936691,8803,4
102.765096962932,18.6981055318548,8804,0
102.895909109147,18.3071114884076,8805,4
102.805437385795,18.8393135754619,8806,4
102.93086558771,18.2945991879187,8807,4
102.311451305149,18.8514901757798,8808,4
102.379402435398,18.2486489490011,8809,4
102.951835712122,18.3147846751869,8810,4
102.88857451346,18.9206065491138,8811,4
102.211607797198,18.7303478889336,8812,4
102.579913094834,18.9207093785337,8813,4
102.833711870485,18.6947664853627,8814,4
102.804245886361,18.4924966383249,8815,4
102.86677140753,18.6221027735318,8816,4
102.398457273184,18.2020156177974,8817,4
102.331735511677,18.4392695066458,8818,4
103.066735189216,18.3131594742085,8819,4
102.61932351839,18.808200520297,8820,4
102.746563070544,18.5984615477842,8821,4
103.01596041771,18.3480800686627,8822,4
102.221351582639,18.4606665778678,8823,4
102.873110487942,18.336098741609,8824,4
102.658713778088,18.5032673903086,8825,0
103.094735191272,18.6353207454956,8826,4
102.484745021467,18.2516077815309,8827,7
102.656200736234,18.947321432299,8828,4
103.069851239944,18.5094030298739,8829,4
102.907003406268,18.546135944141,8830,4
102.432028188991,18.9303549988136,8831,4
103.11579491433,18.908642402371,8832,4
102.565342614077,18.3197498654248,8833,0
103.109007844382,18.8925594941265,8834,4
102.939835120621,18.5427903069343,8835,4
102.801564119331,18.4817576897776,8836,4
102.818089761297,18.5897883089958,8837,4
103.052212537311,18.6338624024202,8838,4
102.321947397693,18.3419937033156,8839,4
102.900069070109,18.8528606332612,8840,4
102.381344372448,18.2048110851985,8841,4
102.468358993375,18.3140533578364,8842,7
103.092313109177,18.5958996697261,8843,4
102.723547588811,18.888675403362,8844,4
102.271451526782,18.7950897069008,8845,4
102.796250521994,18.448265100139,8846,4
102.964555687016,18.3679914077881,8847,4
102.802196238303,18.8667368338272,8848,4
102.761861747182,18.45156109161,8849,4
102.329689217758,18.3805538902978,8850,4
102.260941132158,18.5055039299792,8851,4
102.853597738399,18.4173890359855,8852,4
102.356597653318,18.6881187813897,8853,4
102.351017031443,18.3774977709422,8854,4
102.222558605829,18.7499984223771,8855,6
102.287857208849,18.4142228442462,8856,4
102.9754339212,18.4959723034371,8857,4
102.663962661089,18.8460208242517,8858,4
102.919362436736,18.8040754086333,8859,4
102.378695904706,18.5065947030426,8860,4
102.899367179746,18.6183283307505,8861,4
103.017449128635,18.2419362847171,8862,4
102.493423699405,18.4470725482713,8863,4
102.944653255978,18.9004812797165,8864,4
102.638356121731,18.6162341688316,8865,0
102.354124399305,18.3196072753889,8866,4
102.992895771679,18.8053905477276,8867,4
102.769158115353,18.7528263196085,8868,4
103.136519467357,18.659612909839,8869,4
103.100459219132,18.5692582165323,8870,4
102.958122911744,18.2423083364022,8871,4
103.113888240694,18.469142637532,8872,4
102.382822419429,18.6710469445378,8873,4
103.119406993418,18.2083958278713,8874,7
102.362035161822,18.5270477687549,8875,4
102.611145295281,18.7404039422596,8876,4
102.818314205307,18.5769680630307,8877,4
102.350338535733,18.7983740774674,8878,4
102.632042660229,18.4707151064928,8879,0
102.647252336123,18.9108429154769,8880,4
102.773944757484,18.9514401605347,8881,4
102.328877010186,18.2131527374976,8882,4
102.680102354793,18.426358614582,8883,4
103.056118916087,18.2520886499532,8884,4
102.312085117486,18.8186974567193,8885,4
102.311459994618,18.9225193121797,8886,4
102.329690979914,18.5475978133355,8887,7
102.330947549344,18.4547684352591,8888,4
102.923410842675,18.3034114735141,8889,4
102.700518945991,18.7710993343489,8890,7
102.318450266787,18.6190849182658,8891,4
102.777691708449,18.9376422514865,8892,4
102.957175304366,18.4731317732029,8893,4
102.900433041399,18.5800656162058,8894,4
102.380836931128,18.7137330693149,8895,4
102.468924664521,18.736760075871,8896,4
102.356661652222,18.5621840878634,8897,4
102.701273889439,18.8408191664542,8898,4
103.063772118222,18.5243088914725,8899,4
102.296562485521,18.3640467066212,8900,4
102.746277576111,18.7578577882977,8901,4
102.804037703067,18.5823954006298,8902,4
102.64011445539,18.2614512022373,8903,4
102.617942869979,18.2920622381383,8904,4
102.562144117526,18.8310490597284,8905,4
102.73068917401,18.8634326404155,8906,4
102.414792430119,18.5342920986563,8907,4
103.145935840528,18.2918244535187,8908,4
103.025897593046,18.4708101833923,8909,4
102.847406631703,18.2643037651361,8910,4
102.913753280124,18.3319431973088,8911,4
102.945760932234,18.2691596851665,8912,4
102.294434677245,18.6245136699935,8913,4
102.287828556421,18.9336350462896,8914,4
102.988722271787,18.58688036634,8915,4
102.794871914254,18.8176706590314,8916,4
102.498908119383,18.3336588895801,8917,6
102.903084247998,18.2090141283356,8918,4
102.895738776726,18.3143633354698,8919,4
103.141233695996,18.8835881432909,8920,4
102.954048535879,18.5593219045728,8921,4
103.122496900273,18.7098000597413,8922,4
102.363804433678,18.609744216347,8923,4
102.492201143081,18.5331764983351,8924,4
102.976358769775,18.6121641649561,8925,4
102.424927717532,18.2051076796033,8926,4
102.810525919779,18.4266405464038,8927,4
102.263579546429,18.8936817900819,8928,4
102.556093601218,18.2512981945443,8929,0
102.666439042764,18.8883964592969,8930,4
102.908490461174,18.5080270305751,8931,4
102.688091099561,18.3215479038509,8932,4
102.328294037295,18.339733598661,8933,4
102.962554660032,18.7676180308764,8934,4
102.568867938228,18.421446460505,8935,4
103.010935550543,18.928301054953,8936,4
102.981864087478,18.8314111417302,8937,4
102.220322650585,18.6741053751046,8938,4
102.222005005343,18.7941171249029,8939,4
102.431005284979,18.4265975738581,8940,4
102.591024572813,18.904691717227,8941,7
103.123570940665,18.4017173272557,8942,4
102.492381697563,18.5605747857746,8943,4
102.756691208316,18.6478714061203,8944,4
102.665687919737,18.8633783272421,8945,4
103.034486207448,18.5886215759741,8946,4
102.905373196693,18.5477587031399,8947,4
102.413161862113,18.6486410147434,8948,4
102.519300054853,18.5329726264645,8949,4
103.067130199482,18.9059405646223,8950,4
102.385309139676,18.6869606276929,8951,4
103.038230702234,18.9132694016332,8952,6
102.642051861061,18.262547392348,8953,4
102.719735425619,18.2475061143822,8954,4
102.640526750206,18.2111350171614,8955,7
103.08929833689,18.622743500302,8956,4
102.760392309272,18.7772921662454,8957,4
102.563435659082,18.6208543078904,8958,0
102.43525625508,18.4074406338604,8959,7
102.969868840174,18.6664746739593,8960,4
102.624745912807,18.5091050628805,8961,0
103.0892352457,18.8028704222328,8962,6
103.001699434276,18.4512229572205,8963,4
102.322324826317,18.6921325995618,8964,4
102.379360205164,18.4666194070243,8965,4
102.835446187763,18.5970463585635,8966,4
103.021952636422,18.7189349168507,8967,4
102.868960383508,18.5870366494182,8968,4
102.37200086097,18.3925962067041,8969,4
102.414616826695,18.6769221113848,8970,4
103.144904512148,18.8291641192386,8971,4
102.480986695276,18.7903720091472,8972,4
102.821955176867,18.6843478611589,8973,4
102.526065216942,18.2292399724635,8974,7
102.489192461733,18.9204843051189,8975,6
102.823431468096,18.2328301123123,8976,4
102.481683636982,18.7173004924253,8977,4
102.477121764419,18.5761572740938,8978,4
103.115842544438,18.3082674609372,8979,4
102.495689982878,18.9092954598882,8980,4
102.861199668873,18.2404489319009,8981,4
103.128791917147,18.7804495361648,8982,4
102.696163763448,18.4246423286419,8983,4
102.217463164876,18.2785075660027,8984,4
103.08237634127,18.7076601467564,8985,7
102.663938706671,18.3403006651728,8986,4
102.379448822927,18.6687098877135,8987,4
103.053872064691,18.2835723790263,8988,4
102.213894009484,18.7535391788827,8989,4
102.734190837873,18.2631238128715,8990,4
102.614030276847,18.6882781551596,8991,0
102.803369003702,18.763357438197,8992,4
102.715155324579,18.5290303575461,8993,0
102.321465582877,18.28733785935,8994,4
102.542808240165,18.4351886879033,8995,6
102.627630676808,18.7630280903443,8996,4
102.785071906053,18.3816524953082,8997,4
102.695301801369,18.3061326383987,8998,7
102.933277997401,18.233974182423,8999,4
102.631022029487,18.3999243840408,9000,4
102.71084441085,18.4297408003753,9001,4
102.408287418794,18.5678645971011,9002,4
102.509894972261,18.8095352653839,9003,4
102.327274164568,18.2762740665732,9004,4
102.537184309186,18.2931485134033,9005,7
102.51133144886,18.588138398809,9006,4
102.553648989069,18.7163425474833,9007,6
102.35629833219,18.3157815053635,9008,4
102.753970341972,18.3278394789308,9009,4
102.871709587715,18.8631988526054,9010,4
102.666781741935,18.8151868580432,9011,4
102.231838416843,18.6557953362394,9012,4
102.944938597051,18.5725545996075,9013,4
102.347048883996,18.2305142655892,9014,4
103.037010346965,18.7269501025282,9015,4
103.032398983489,18.8742872249911,9016,4
102.917981960084,18.6995065871372,9017,4
102.575567162254,18.9048640220383,9018,6
102.414477008219,18.7156538370618,9019,4
103.087931347382,18.6125747727384,9020,4
102.341099265367,18.7662597625453,9021,4
102.942524035088,18.2937765655233,9022,4
102.358320452192,18.5574889666969,9023,4
102.61821726286,18.7391555756198,9024,7
102.82810435199,18.5253335920986,9025,4
102.383131918032,18.5129874563373,9026,4
102.485934122435,18.315559729444,9027,4
102.229579521308,18.8414953751098,9028,7
102.997195915772,18.3752950937763,9029,4
102.613514562184,18.4137800958915,9030,4
102.608584738862,18.7744676071168,9031,4
102.521114504196,18.2708093216696,9032,4
102.805527397475,18.2415581558118,9033,7
102.720678179737,18.950093706039,9034,4
103.091590082939,18.4747031039012,9035,4
103.003559839632,18.5412678364722,9036,4
102.545257641369,18.765761724433,9037,4
102.375604347585,18.2450893676103,9038,4
102.385346840628,18.3768120281133,9039,4
102.684220351368,18.8939278057247,9040,4
102.511017077026,18.4832515204814,9041,4
103.103986131503,18.6957931602525,9042,4
102.204794494046,18.4218460407837,9043,4
102.316760191327,18.2559592700775,9044,4
102.911610804585,18.2453342269596,9045,4
102.235767889618,18.80493980121,9046,4
102.968138245285,18.284416905012,9047,4
102.649677837819,18.7103957430183,9048,4
102.846023184698,18.7384443507274,9049,4
103.045953939117,18.3947196216135,9050,4
103.013196210753,18.8304809010367,9051,4
102.882225006012,18.6928177779894,9052,4
102.412550703722,18.3004240218669,9053,4
102.615112657256,18.55426453957,9054,0
102.895538365634,18.8176376880845,9055,4
102.732921380184,18.765631668191,9056,4
102.918455916889,18.4166041728552,9057,4
102.334706121221,18.2305611381381,9058,4
103.013968398666,18.8552198710872,9059,4
102.700972699861,18.732676785369,9060,4
102.942181885651,18.5041763223946,9061,4
102.735284520989,18.2882186990952,9062,7
102.72806533217,18.8762426422984,9063,4
103.05587612434,18.2134918456869,9064,4
102.495940603797,18.2832355729595,9065,4
102.79523835622,18.3054767412699,9066,4
102.462078534631,18.3501277501052,9067,6
102.758536934548,18.490017274286,9068,4
102.4945414466,18.9044883067326,9069,4
102.428504384749,18.5610134907908,9070,4
102.671542602305,18.9239151905788,9071,4
103.025207873104,18.8232506149977,9072,4
102.568246982667,18.2221228347736,9073,4
102.465948646169,18.4590610116209,9074,6
102.65455518507,18.4267156552585,9075,4
102.870989629001,18.4923216801186,9076,4
102.534102317075,18.4574763792746,9077,4
102.724358567491,18.8590950826595,9078,4
102.767153805526,18.211667063198,9079,4
102.46537632034,18.5395506747731,9080,4
102.841783189541,18.2154750609887,9081,7
102.622615189721,18.4836458319805,9082,0
102.46395840599,18.7821573095998,9083,4
102.535671952705,18.2417416180179,9084,6
102.895593126096,18.2521342629543,9085,4
102.528242253261,18.8873611305212,9086,4
102.653522441669,18.9131992154667,9087,4
102.721594486291,18.2799037635868,9088,4
102.63360178336,18.6159862402686,9089,0
102.80033669054,18.4120115167652,9090,4
102.915767273519,18.5087797212167,9091,4
102.44230758199,18.7970812561425,9092,4
103.147085608505,18.7582964296014,9093,4
102.651730138963,18.4608695533209,9094,0
102.825031592152,18.717135377359,9095,4
102.472214256854,18.3572067685093,9096,7
102.537470170157,18.8430240513481,9097,4
102.357342563497,18.9473045519819,9098,4
102.505591144802,18.6666713392282,9099,4
102.875209178495,18.4163439371527,9100,4
102.924258569269,18.5412655060678,9101,4
102.376683842409,18.927218692634,9102,4
102.74371241419,18.5638782904662,9103,0
103.07510767015,18.7039467668439,9104,4
102.714670899839,18.4654348528702,9105,4
102.481211914951,18.3884345275887,9106,4
102.869656998422,18.5401677664916,9107,0
102.474424874777,18.5509002282785,9108,4
102.69436967447,18.9190234680254,9109,4
102.630769282404,18.3074805108103,9110,7
102.841268108998,18.7163277083664,9111,4
102.766673111003,18.5697359266161,9112,4
103.07530963372,18.7593052852404,9113,6
102.569274637487,18.4203720447206,9114,4
102.503261461195,18.6080802101858,9115,4
102.936482804192,18.7849853413288,9116,4
102.217142892182,18.6717802345841,9117,4
102.49812318573,18.8191770245803,9118,4
102.950825270724,18.2290560544979,9119,4
102.396668265249,18.8608161396674,9120,4
102.946438755512,18.9082047803391,9121,6
103.066221003078,18.3750647288558,9122,4
102.369730200703,18.7611154510847,9123,6
102.911694541085,18.7729553233395,9124,4
102.940526096878,18.4448461596149,9125,0
102.258452419224,18.8001104300056,9126,4
102.567214855488,18.7389245360531,9127,4
102.842140563642,18.9394476310229,9128,4
102.49545610864,18.2787210544511,9129,7
102.981179009574,18.9209821265941,9130,6
102.418642936675,18.6652255805305,9131,4
102.260245644585,18.4776745847761,9132,4
102.656346460969,18.4178358452059,9133,4
102.89455072889,18.910337735687,9134,4
102.905902143347,18.2785877191717,9135,4
102.948995272808,18.9501278968334,9136,4
102.204090865921,18.6707835077632,9137,4
102.515770836344,18.7160464056452,9138,0
102.290833061096,18.5126136631131,9139,4
102.384833543081,18.9263181104716,9140,4
102.912886005582,18.3231466521559,9141,4
102.233244031264,18.7894824679746,9142,4
102.644706572314,18.9144174166543,9143,7
102.365017042821,18.4769781460971,9144,4
103.146577997214,18.9437678582194,9145,4
102.645769358815,18.9118569718241,9146,4
102.41799226576,18.4691647850898,9147,4
102.643937911672,18.3529712180621,9148,4
102.774691194508,18.5940832882433,9149,4
102.763611657294,18.2207096994934,9150,4
102.357086122845,18.3726823901652,9151,4
102.251097796286,18.2392022329131,9152,4
102.462308639716,18.8588077446067,9153,4
102.247271620601,18.4347268744899,9154,4
102.985034781989,18.7851674412229,9155,4
103.050263791923,18.4322567397414,9156,4
103.132046862996,18.5301167810125,9157,4
103.033376653227,18.4090334456854,9158,4
102.808969702932,18.4170660784147,9159,4
102.788288470068,18.2022209464757,9160,7
102.815254269583,18.21704136537,9161,4
102.621340882215,18.8168919899683,9162,4
102.803267969816,18.4967682483582,9163,4
102.866660453481,18.3792273201463,9164,4
102.862823948099,18.7963825977145,9165,4
103.033739211342,18.5868419702642,9166,4
102.688950936331,18.6046837996611,9167,0
102.905812677721,18.788284320413,9168,4
102.23470511727,18.3252754035243,9169,4
102.713053278631,18.4284604851524,9170,4
102.770615442982,18.9329362861068,9171,4
102.382464264161,18.4315984980394,9172,4
102.997817637112,18.5950648067846,9173,4
102.628676084299,18.6828929018872,9174,0
103.100959426935,18.5586814322212,9175,4
102.755206148233,18.8933308261078,9176,4
102.956555097403,18.3882184794117,9177,4
102.850520912303,18.2977437018582,9178,4
102.932811877557,18.4179984644148,9179,4
102.790964957501,18.7712055844195,9180,4
103.096334075065,18.5810750847972,9181,4
102.578876391937,18.8643632531421,9182,4
102.485967318153,18.7974972787997,9183,4
103.081002999883,18.3505430170618,9184,4
102.980207550325,18.7596967146501,9185,4
102.367748855651,18.6385665080141,9186,4
102.882931994636,18.5681065612239,9187,4
102.499122209253,18.4115242027227,9188,4
102.515506213774,18.6228652930838,9189,4
102.258098660321,18.9453438727739,9190,4
102.910494569943,18.2436751672649,9191,4
102.459404686101,18.3719252364152,9192,7
102.38199310284,18.8267728500009,9193,4
102.456091301167,18.5911146129942,9194,4
102.250167451557,18.5794360098899,9195,4
102.669049256161,18.7245423020008,9196,4
102.23417969834,18.5058379476524,9197,6
102.939106322624,18.4646798811801,9198,4
102.376854841277,18.7800455759858,9199,4
102.632728867159,18.8837131597259,9200,4
102.240630288995,18.9517010247456,9201,7
102.696839462607,18.2426115702256,9202,7
102.559691562858,18.2145881638599,9203,4
102.862524224275,18.282253635753,9204,4
102.549069352623,18.3846906268132,9205,7
102.973956161408,18.8834977298044,9206,4
102.43462662505,18.8171770139866,9207,4
102.961029818722,18.4242218800524,9208,4
102.414970513837,18.5960129602647,9209,4
102.45057800886,18.3520489486083,9210,6
102.535900653042,18.902017236597,9211,4
103.039563488196,18.6021243557106,9212,4
103.097456724939,18.8406804528825,9213,6
102.627310272675,18.3815826634376,9214,4
102.603262340981,18.8645226493963,9215,4
102.924707499605,18.5648458189824,9216,4
102.853298265732,18.4310545212346,9217,4
103.116798365674,18.8415202677607,9218,4
102.464854344775,18.9140985373454,9219,4
102.206118131522,18.4849793067389,9220,4
103.06562721194,18.8047081732533,9221,6
102.600135230729,18.2519367600098,9222,7
102.354096686203,18.8975241855804,9223,4
102.543067832895,18.4255254538905,9224,4
102.272071346596,18.6167488913214,9225,4
102.360863013511,18.7403959942364,9226,4
102.285279543371,18.3666912843034,9227,4
102.362717502511,18.9301770008959,9228,4
103.124892838446,18.5709232025526,9229,4
102.965300706213,18.7397495454093,9230,4
102.765517094162,18.9283008329662,9231,4
102.322473493045,18.2593510631388,9232,4
102.696870908663,18.8203746533731,9233,4
103.071634997846,18.7352735862279,9234,6
103.121313747602,18.6545135189903,9235,4
103.002129288835,18.526780273639,9236,4
102.980954000306,18.3725667103891,9237,4
102.57046363455,18.6449399646552,9238,4
102.666152293604,18.7535847305393,9239,4
102.213377663772,18.49309579293,9240,4
102.847868011505,18.2502518527845,9241,4
102.451508390326,18.8693967602744,9242,4
102.76779670092,18.6767288272948,9243,4
102.504753110351,18.7975114763429,9244,4
102.465134183156,18.3238023879354,9245,7
102.718628261918,18.6279532356011,9246,4
102.762700404476,18.891353686328,9247,4
103.013195488128,18.8896191528138,9248,4
102.886310490303,18.729046626784,9249,4
102.961478395815,18.3195100809664,9250,4
102.454766163299,18.8089574131696,9251,4
102.684847606141,18.4120913712242,9252,4
102.963962492976,18.3705742811228,9253,4
102.863119140462,18.3082223681512,9254,4
102.335892159762,18.489069247099,9255,4
102.719591666353,18.3788394092706,9256,4
102.808946429731,18.8752665686519,9257,4
103.02852308564,18.3145762060924,9258,4
102.443771712802,18.2945146618744,9259,4
103.066383882247,18.680342606167,9260,4
102.830717259424,18.4229975314879,9261,4
102.902949428246,18.3127723230604,9262,4
102.994938343842,18.6866290634557,9263,7
103.139547812118,18.7271369912349,9264,6
102.220478892616,18.6613749946596,9265,4
102.843276959935,18.6337520831662,9266,4
102.934709555331,18.589819572859,9267,4
102.639344470336,18.3896057234552,9268,4
102.214787076736,18.4195203677612,9269,4
102.902225984217,18.8384052188063,9270,4
102.394523948717,18.3601061833651,9271,6
103.116387853912,18.8926146520101,9272,4
102.587926699112,18.2578801371887,9273,4
102.738972007779,18.4755094790072,9274,4
102.851212720135,18.3523430291734,9275,4
102.255808910336,18.3571982979228,9276,4
102.730712841542,18.2951989772695,9277,6
102.898578490416,18.3730593375146,9278,4
102.763098506608,18.7734439854695,9279,4
102.601137653981,18.8501105519258,9280,4
103.118135174298,18.2194330278934,9281,4
103.082844581089,18.2384707828719,9282,4
102.238734305462,18.208163459888,9283,4
102.888879581077,18.6835860605525,9284,4
103.009754262178,18.3860850780937,9285,4
102.719915898104,18.9440979781482,9286,4
102.717302637582,18.8103456076016,9287,4
102.355868213689,18.4365557945712,9288,4
102.539882842405,18.4913013778696,9289,4
102.429622020826,18.4521250479605,9290,6
102.618917081759,18.8301044361284,9291,4
103.003902204334,18.5918692823738,9292,4
102.727321927416,18.3395580244499,9293,4
102.398400920278,18.715237630666,9294,4
102.276033692879,18.7523141296562,9295,4
102.508915763289,18.4453438204418,9296,7
102.527536917919,18.3532084182549,9297,0
102.358068340482,18.5482790778753,9298,4
102.90248692888,18.634225259077,9299,4
102.692741711951,18.6253150665468,9300,7
102.461556270824,18.2723486617344,9301,7
102.556639615209,18.7822168558804,9302,4
102.207895711914,18.5965987053481,9303,4
102.604152043418,18.5055815709822,9304,6
102.381206423803,18.2822694080556,9305,4
102.866447656674,18.2078398546653,9306,7
102.844272116027,18.9378516738141,9307,4
103.11827711413,18.7621806600733,9308,6
102.706843356703,18.9325976492745,9309,4
102.569472264383,18.3372312568704,9310,4
102.757253790538,18.8317145634905,9311,4
102.864274467797,18.7322020913635,9312,4
103.121540622875,18.6209829401597,9313,4
102.636954891756,18.8148428705232,9314,4
102.323042827528,18.45988996207,9315,4
102.992912393762,18.2307548977597,9316,4
102.749492699342,18.6849261982543,9317,0
102.336161766013,18.4511845671632,9318,4
102.616290751241,18.6682785871439,9319,0
102.681297847992,18.5854839485986,9320,0
102.554832084793,18.2907493994873,9321,4
102.769298841828,18.4218060615902,9322,4
102.384214736391,18.6739348859025,9323,4
102.627979068851,18.9001098147632,9324,4
102.260554340664,18.9145345988503,9325,4
102.804248493868,18.3583658704804,9326,4
102.803002233744,18.2978619559024,9327,4
102.936572374771,18.3152008908079,9328,4
103.134881027424,18.4623991346584,9329,4
102.623623254633,18.8060398034987,9330,4
102.340182910912,18.7179505258378,9331,4
102.380026697816,18.9311141546772,9332,4
102.647654801673,18.9030384244642,9333,4
102.959457882723,18.6896741167657,9334,4
102.735026557482,18.612298634126,9335,4
102.851441106873,18.7258665772499,9336,4
102.854444220119,18.2841401747071,9337,4
102.682727751058,18.7517392084411,9338,4
102.949149526433,18.7539947923883,9339,4
103.000661664812,18.6864423748149,9340,4
102.867251939339,18.8088730967842,9341,4
102.528104630488,18.2059461232391,9342,4
102.718793269474,18.8216038659631,9343,4
102.380393724339,18.4364195846543,9344,4
102.330697826033,18.9513970383447,9345,4
102.558416331704,18.8291876994292,9346,4
102.771311793087,18.7901637658838,9347,4
102.731499325318,18.2238886438189,9348,7
103.00468978685,18.6007712184455,9349,4
103.109188431521,18.2269132870047,9350,4
102.730820442444,18.4569350125919,9351,4
103.097750138627,18.3615403804318,9352,4
103.10947852099,18.8279205546482,9353,4
102.909380105579,18.5331969127757,9354,0
102.363907700871,18.2145658604536,9355,4
102.208388675495,18.3522776057696,9356,7
103.020793914261,18.2860485628428,9357,4
102.535476774846,18.2145392687871,9358,4
102.274277553551,18.249606341084,9359,4
103.005428837492,18.2593330540348,9360,4
102.347809231946,18.6657504952253,9361,4
102.388083151408,18.4869127229699,9362,4
102.23825320444,18.7102512692115,9363,4
102.875661807491,18.736535419369,9364,4
102.576846249189,18.6941437659743,9365,4
102.337715894943,18.3409715615166,9366,4
102.533200912209,18.2848798387041,9367,0
102.384999240072,18.446735529606,9368,4
102.818334776962,18.7541838076406,9369,4
102.839184178329,18.9069157554015,9370,4
102.514354051938,18.6154391544892,9371,4
102.664381062571,18.8102983599958,9372,6
102.216594536101,18.8984503968015,9373,4
102.447221981817,18.7208095934475,9374,4
102.864450229482,18.3499011141546,9375,4
102.8146575894,18.6794045941148,9376,4
102.400715484093,18.2204285003546,9377,4
102.551397307223,18.4323142484615,9378,4
103.074448064964,18.3954259472293,9379,4
102.397981856649,18.7485124621536,9380,4
102.86999768801,18.7962167890627,9381,4
103.016524024805,18.321452737608,9382,4
102.277251659853,18.5145912712236,9383,6
102.605900816023,18.5065788659037,9384,0
102.77297150965,18.4180795534935,9385,4
103.054624452345,18.6034914201943,9386,4
102.892411498754,18.7797754549214,9387,4
102.27645033602,18.5522283694462,9388,6
102.875696336648,18.5712286108024,9389,4
102.424393060341,18.9251977103403,9390,4
102.779981619214,18.269419346358,9391,4
102.783178483563,18.2643495758316,9392,4
102.295958988799,18.2977256976126,9393,4
102.94251787131,18.4138735749485,9394,4
102.496324568236,18.2840881235744,9395,4
102.373667427742,18.2790032189861,9396,4
102.47912115955,18.9282355705469,9397,4
102.463390781705,18.7883337835488,9398,4
102.592257929352,18.7241581403086,9399,4
103.041349487738,18.63744977491,9400,4
102.770486816422,18.2610986201296,9401,4
102.765951714195,18.8420313310066,9402,4
102.582380949055,18.5632244792531,9403,0
102.760529785561,18.3582732775839,9404,4
102.770506837481,18.287369751652,9405,4
102.289329154268,18.4826659237363,9406,4
102.745488898299,18.4159940279049,9407,4
102.509689123286,18.8216910153568,9408,4
102.250593064251,18.6730509394948,9409,4
102.265062125895,18.2909170234284,9410,4
102.466339954426,18.2502779781566,9411,7
103.04663849148,18.757433903744,9412,6
102.240228705006,18.7910879499144,9413,4
102.390770554532,18.8536435889203,9414,4
102.851445752007,18.5995105411037,9415,4
103.123118645947,18.6616783003205,9416,4
102.38959492411,18.287437476875,9417,4
102.689649866604,18.9329059301506,9418,4
102.938720251707,18.2245722366609,9419,4
103.025128589714,18.2113756118069,9420,6
103.0414937164,18.5771899551395,9421,4
102.412378019588,18.6634044438661,9422,4
102.726304695129,18.2183544286647,9423,7
102.818743602711,18.8083466472709,9424,4
102.66109960616,18.5239372548503,9425,0
102.555699168052,18.2844385175334,9426,7
102.677246011599,18.4038428963254,9427,4
102.98278367712,18.2876443710318,9428,4
102.984672368342,18.2882802541578,9429,4
103.126788964201,18.6235596862735,9430,4
102.245295174055,18.6634785601469,9431,4
103.07019225769,18.3834666203029,9432,4
102.446731563335,18.5078613643985,9433,4
102.654823300075,18.2659194023364,9434,4
102.373111803099,18.4721371946838,9435,4
102.30783063471,18.5245889161451,9436,4
103.137156471478,18.2390186377929,9437,4
102.33347073673,18.5013523875224,9438,4
102.635597778414,18.5984073162349,9439,0
103.04898706607,18.2125254467993,9440,4
103.120729557622,18.4749006854353,9441,4
102.469718943777,18.8128230949714,9442,4
103.01732953248,18.6506775862199,9443,4
102.52830538814,18.4951622184773,9444,4
102.670661584229,18.2061638298964,9445,7
103.02952214585,18.6366356618995,9446,4
102.280761304462,18.875358443532,9447,6
102.712280352467,18.3389134056752,9448,4
102.274877363532,18.8411983442123,9449,4
102.742566550465,18.837656618781,9450,4
102.48890115907,18.7352250052723,9451,4
103.119362097466,18.4168143854241,9452,4
102.794082265122,18.3525189252582,9453,4
103.015280720168,18.9212280967998,9454,6
102.78902545568,18.4473775585212,9455,4
103.109445559909,18.8581529790089,9456,6
102.253318340151,18.95049110244,9457,4
103.050231858423,18.6571807458603,9458,4
102.833235193471,18.5626330904596,9459,4
102.676267341819,18.7688203464065,9460,4
102.238939660148,18.9159780958266,9461,4
102.740069686957,18.3078885135153,9462,4
102.282960307708,18.3869876511082,9463,4
102.23317234743,18.7913680006034,9464,4
102.708620863844,18.7508145032991,9465,4
102.917484881016,18.6293492226377,9466,4
102.267632179733,18.7493110422006,9467,4
102.822515951652,18.3383397974003,9468,4
102.724522575404,18.8037746636379,9469,4
102.464166102018,18.4232621927741,9470,4
102.327462287327,18.7397261591895,9471,4
102.565651363065,18.7522318552801,9472,4
103.109798613828,18.7498672381634,9473,6
102.364257716705,18.8678198210833,9474,4
102.991582005177,18.3533003776735,9475,4
102.656325073153,18.623163447289,9476,0
102.557738620225,18.2795044406079,9477,7
102.883417042045,18.8015082366369,9478,4
102.400509001637,18.5566320903033,9479,4
103.009264471195,18.5216397446181,9480,4
102.664665424476,18.6748298036164,9481,4
103.129215404964,18.5327692872107,9482,4
102.341928271288,18.9021516752266,9483,4
102.365257718507,18.3074557977958,9484,4
102.90301531216,18.3298607258845,9485,4
102.307060312374,18.4591778391017,9486,4
103.072693689277,18.8582419033489,9487,4
102.587229685729,18.3425098491692,9488,7
102.668978197164,18.6983282637523,9489,4
103.142805942663,18.5807711716068,9490,4
102.95137403763,18.3478645934196,9491,4
103.052648130793,18.90839696903,9492,4
102.277657460393,18.5081464101413,9493,4
102.887606694468,18.8532119234869,9494,4
102.897359589537,18.3981725980985,9495,4
102.912429660809,18.5232708446511,9496,4
102.714756489988,18.4011480647872,9497,4
102.742003280313,18.5276660454603,9498,0
103.007538488198,18.6661799486888,9499,4
102.276258997048,18.8211625416239,9500,4
103.056036652576,18.7148636210749,9501,4
103.071261231894,18.4947653843313,9502,4
102.864895941854,18.7549087742658,9503,4
102.540576418589,18.2964207769618,9504,4
102.783187305763,18.6894833936497,9505,4
102.266429015398,18.8885395459367,9506,4
103.079382596838,18.7928158688316,9507,6
102.915479953118,18.7852270609522,9508,4
102.440054728513,18.3931072972756,9509,4
102.446661754821,18.7919654934789,9510,4
102.476360848953,18.9239718416019,9511,4
102.860988449217,18.7876954268976,9512,4
102.295829212583,18.6507661056351,9513,4
102.96475908966,18.5916266314021,9514,4
102.633346530709,18.6606845508159,9515,0
102.633202888579,18.8539326940423,9516,4
102.715020506286,18.6086847190644,9517,7
102.68074605644,18.4725502752851,9518,0
102.302204127626,18.2322629322784,9519,4
102.443674680922,18.8421734157966,9520,4
102.671861022934,18.8571789418452,9521,4
102.355788618047,18.5050673758729,9522,4
102.891525673653,18.8024773577203,9523,4
102.72898193336,18.3646373022061,9524,4
102.965337193389,18.3352206969474,9525,4
102.360562638842,18.6117510008462,9526,4
102.50895324258,18.5590105848171,9527,4
102.519901486647,18.6455988236236,9528,4
102.545694790864,18.5480848272917,9529,4
102.301663604277,18.3946496182706,9530,4
102.821921741722,18.5105037115571,9531,4
102.897033168402,18.4620271514383,9532,4
102.666052362555,18.3460107193272,9533,4
102.598323105184,18.8734052396205,9534,7
102.942686280665,18.731678695382,9535,4
102.980998267798,18.5354104862687,9536,4
102.409338140767,18.9088737930432,9537,4
102.619420467642,18.814793118551,9538,4
102.287572734124,18.4418434128022,9539,4
103.149316958654,18.2585928857657,9540,4
102.281036344061,18.2277985215068,9541,4
102.712575978058,18.6402435208697,9542,0
102.758021879877,18.7909701698506,9543,4
103.093551488504,18.32961093994,9544,4
102.332538964283,18.720027229364,9545,4
102.785794474271,18.5285326230705,9546,4
103.132505106275,18.2008484322509,9547,7
102.857807895393,18.7369744725052,9548,4
102.668049192078,18.5127689338053,9549,0
102.511214479589,18.6624788792127,9550,4
102.870654640785,18.6765380502639,9551,4
102.358878805117,18.8429400347926,9552,4
102.274167432107,18.4839531366421,9553,4
102.872891852564,18.2244675573645,9554,4
102.770766060661,18.8145777258861,9555,4
102.281947016211,18.5149978525807,9556,4
102.794929995427,18.7787814121415,9557,4
102.63843727169,18.8530399620993,9558,4
102.874779998413,18.3912304160262,9559,4
102.897217393834,18.9252563221819,9560,4
102.506044454462,18.6181840310227,9561,4
102.682567280198,18.6764273234406,9562,4
102.892261364119,18.7414222934946,9563,4
103.02924254893,18.8761837653507,9564,4
102.400574898846,18.746454703192,9565,4
102.530922589034,18.8023380500152,9566,4
102.864045977721,18.6984851273524,9567,4
102.587339050643,18.3026917140479,9568,7
102.594233553788,18.7797397805282,9569,4
103.117757700888,18.6404985032003,9570,4
102.43338552249,18.7436544883459,9571,4
102.992960233492,18.3568488745825,9572,4
102.790592309681,18.3645094996488,9573,4
102.973378463796,18.235739614625,9574,4
102.637251520449,18.3833930668865,9575,4
102.547429174986,18.8715822153042,9576,4
102.903459398564,18.6192686601638,9577,4
102.207199053646,18.2233020747281,9578,4
102.557032960992,18.2056418853427,9579,4
102.865035360433,18.8953489372541,9580,4
102.959574982844,18.3017331921361,9581,4
102.399549496538,18.4729001051409,9582,4
102.627249009327,18.6286283249494,9583,0
102.884890619583,18.7792380318436,9584,4
102.450899026229,18.3411594948418,9585,6
102.79676928805,18.314790380246,9586,4
102.377820469825,18.5445360715786,9587,4
102.379811652321,18.604111780571,9588,4
103.105302194221,18.4786896677501,9589,4
102.72694935986,18.7536076336255,9590,4
102.785286595892,18.8147837475455,9591,4
102.477087968434,18.9096533934266,9592,4
103.014872769414,18.7103000717545,9593,4
102.67924361194,18.2577922620518,9594,7
102.625864395569,18.5523069885576,9595,0
102.770819302583,18.3728163536132,9596,4
102.427709436142,18.2097497382922,9597,4
102.203164159058,18.4986455931573,9598,4
102.487982898717,18.9340445342826,9599,4
102.708464093121,18.2757842535232,9600,7
102.787918876192,18.9070562411265,9601,4
102.561712404843,18.227645957739,9602,6
102.769761238848,18.4022724115462,9603,4
102.458957966409,18.3635635250818,9604,7
102.349663092447,18.3563615425872,9605,4
102.223976511672,18.5513441283392,9606,4
102.344806080928,18.9223707914522,9607,4
102.660813601726,18.9020928880387,9608,4
102.303809512259,18.7543016693333,9609,4
102.252804084251,18.4778964149659,9610,4
102.839723354353,18.7563366616774,9611,4
102.473106745989,18.7240315136839,9612,4
102.807848231887,18.8110546985355,9613,4
102.868494656668,18.6155081103093,9614,4
102.506728237289,18.5089094078242,9615,4
102.266086706213,18.6186675813398,9616,4
102.231428456926,18.5245062732403,9617,6
102.264710999133,18.7535112713096,9618,4
103.012346611683,18.7969030586409,9619,4
102.738042618161,18.3432180609711,9620,4
103.043180258255,18.8343620523568,9621,4
102.706383257773,18.9368953810576,9622,4
102.3335260084,18.7456145423122,9623,4
102.289429756336,18.4341980364653,9624,4
103.101128165802,18.3622193374736,9625,4
103.140503881802,18.6103989529672,9626,4
103.140014895519,18.6149929939746,9627,4
102.621853809521,18.7805054182469,9628,4
102.648781606055,18.3578120514006,9629,4
102.628467236409,18.289435765414,9630,4
103.045931557466,18.7699947287106,9631,6
102.810085697261,18.2967965422469,9632,4
102.511034777063,18.2694381267973,9633,7
102.352960009545,18.6126878537825,9634,4
102.394894249301,18.7749306161442,9635,4
102.47436434404,18.444721188677,9636,4
102.761641790699,18.536336038697,9637,0
102.253542147027,18.624740757565,9638,4
102.279028334259,18.5729517385652,9639,4
102.802881350436,18.724882852492,9640,4
103.110492505343,18.7124489255797,9641,4
102.814643428978,18.8887267793093,9642,4
102.680200089089,18.8216475657725,9643,4
102.351462213822,18.3287028218193,9644,4
102.949384574795,18.4334927797762,9645,4
102.910513448001,18.701196202201,9646,7
102.365101233826,18.3565044208178,9647,4
102.730745384748,18.9121270769078,9648,4
102.614867058975,18.2424156967612,9649,6
103.003215955654,18.4136423545042,9650,4
102.567008504213,18.4905509824587,9651,4
102.600788684115,18.7473304563545,9652,4
102.524155743712,18.6054890894938,9653,4
102.554937779436,18.9269395675005,9654,4
103.139686454648,18.3291317387286,9655,4
102.517913506046,18.4119760438727,9656,4
102.378213492477,18.486809897758,9657,4
102.485762252562,18.9297194830479,9658,4
102.884655991703,18.2763889523971,9659,4
102.500512813467,18.4613523300379,9660,7
102.635845853242,18.840153813258,9661,4
102.66489359144,18.7954459756621,9662,4
102.997399072385,18.8192727021231,9663,4
102.208125840019,18.923160546348,9664,4
102.780287645336,18.6833520230076,9665,4
102.215134498474,18.8558879744905,9666,4
102.689061531727,18.4185336002062,9667,4
102.978209336635,18.6689931060544,9668,4
102.955806289088,18.3334078035674,9669,4
102.416152930297,18.4296425691608,9670,4
102.749790417864,18.5460996069069,9671,0
102.82598118371,18.2913733310995,9672,4
102.250554532791,18.4596446202627,9673,4
103.025690604362,18.4290939701932,9674,4
103.077111111981,18.9311243138606,9675,4
102.946972781921,18.2097805716912,9676,7
102.921935360591,18.3222108200333,9677,4
102.249717729455,18.4469427259481,9678,4
103.022693992119,18.4434084369128,9679,4
102.295025685614,18.4692728628103,9680,4
103.124592581189,18.5466117750438,9681,4
102.616970881974,18.9477042830018,9682,4
102.503889043433,18.4454065648645,9683,4
102.94292743855,18.829401461979,9684,4
102.395109615761,18.8434043322391,9685,4
102.515335733741,18.5017843064495,9686,0
102.746070092177,18.3047347682677,9687,4
102.358866338839,18.7013285173381,9688,4
102.560718351238,18.4644952028391,9689,4
103.020619181764,18.2931138225382,9690,4
102.378476608248,18.3841517105217,9691,4
103.055647416811,18.87928734025,9692,4
102.650943097302,18.6805330107905,9693,4
102.58023090978,18.6005463088885,9694,0
102.971468046347,18.4793840922986,9695,4
103.012253452081,18.2664423570718,9696,4
102.510975733831,18.5297330276426,9697,4
102.985661783627,18.5518557342136,9698,4
102.524985941778,18.2902698700446,9699,7
102.558481775483,18.3328630326282,9700,4
102.788176479953,18.6549554592491,9701,4
102.956552854559,18.7019942957217,9702,4
102.592552849794,18.2481804120932,9703,7
102.96379740019,18.8284183390187,9704,4
103.109572188955,18.5806678309104,9705,4
102.966096775179,18.4206478076158,9706,4
102.854747373038,18.6142849097243,9707,4
102.473331922485,18.6632437567825,9708,4
102.749333797166,18.5530643319359,9709,0
102.455805123313,18.6581607865803,9710,4
102.5677193975,18.4102865294652,9711,4
102.830472485118,18.2994469461307,9712,4
102.689788459395,18.7515241705393,9713,4
103.124910915547,18.4081599901495,9714,4
102.477774709464,18.3204369050293,9715,7
102.427855330865,18.3905818199431,9716,7
102.550632838953,18.4644045511923,9717,4
102.552725374727,18.500420033341,9718,4
102.773097506576,18.5416279101845,9719,0
102.935057314131,18.2473722886535,9720,7
102.483449490121,18.8450356724541,9721,4
102.455097694934,18.8397294603072,9722,4
102.246830815677,18.2085419305376,9723,7
102.385987575957,18.3499553464777,9724,4
102.739634766291,18.4576971766856,9725,4
102.977722070742,18.7129099456607,9726,4
102.73941095622,18.4774527166657,9727,4
102.333918051352,18.2379109429663,9728,4
103.073006797832,18.83186157523,9729,4
102.745009496784,18.8666347346839,9730,4
102.820520197907,18.2955648929579,9731,7
102.495322646302,18.3724692098493,9732,4
102.482854750699,18.7753116208113,9733,4
103.060249801364,18.493294661679,9734,4
103.147084319148,18.5484324299815,9735,4
102.503769476806,18.8574278351924,9736,4
102.821519905815,18.2700605858453,9737,4
102.371934405052,18.3633366969754,9738,4
102.660323622647,18.2947068879488,9739,4
102.546997349294,18.258936664218,9740,7
103.048816607901,18.3073779634652,9741,4
102.651683405361,18.9189232762589,9742,4
102.915386481576,18.2095577432308,9743,4
102.336296226215,18.8549379924684,9744,4
102.77739535269,18.8661410620572,9745,4
102.73339987534,18.243619560065,9746,4
102.848427431738,18.8212310238831,9747,7
102.549071793213,18.8887332925933,9748,4
102.243790962694,18.3353688083802,9749,4
102.350263812459,18.7708364817093,9750,4
102.64224680398,18.3847720465137,9751,4
102.330142430614,18.3087859136717,9752,4
102.809597622952,18.8323830077705,9753,4
102.654678023744,18.25001088888,9754,4
103.02228840325,18.9520252689836,9755,4
102.488890036453,18.2602826009005,9756,7
103.072227338922,18.4565698728561,9757,4
102.894224007787,18.6064286804538,9758,4
102.639606992773,18.6103113214933,9759,0
102.575784058473,18.3918516697994,9760,7
102.876974428706,18.917576491143,9761,4
102.468444364281,18.747850648313,9762,4
102.422205634419,18.2425659101122,9763,7
102.879495313535,18.5852853915934,9764,4
102.332579963031,18.6275764002087,9765,4
103.126274277663,18.5236916163885,9766,4
102.963068940326,18.6282147559303,9767,4
102.782782079556,18.6560993430627,9768,4
103.137002196682,18.8591911174328,9769,4
102.569873004032,18.8853235708274,9770,4
102.655179479866,18.6470011227292,9771,4
102.525329329285,18.8466397222407,9772,4
102.718393494435,18.9173187533629,9773,4
102.491625025125,18.5432834494507,9774,4
102.257090586332,18.8064352244374,9775,4
102.221225436333,18.2492890229094,9776,4
103.052832917457,18.803875080836,9777,6
102.260624849544,18.7834994127545,9778,4
102.864723536709,18.2132181051865,9779,4
103.125519219138,18.4545914035499,9780,4
103.146358898341,18.8264190969287,9781,4
102.92848508263,18.2419517057802,9782,4
102.628890631213,18.5987818113643,9783,0
102.738272675062,18.6407546321433,9784,0
102.84992407497,18.6575305480297,9785,4
102.214994192369,18.8593561517853,9786,4
102.924043449713,18.8801494432791,9787,4
103.082226440502,18.2453370039324,9788,4
102.464610847823,18.2757057507375,9789,7
102.617203504041,18.4837460886373,9790,0
102.421140108704,18.4528843300223,9791,6
102.967915406165,18.2656849125779,9792,4
102.684730136741,18.3440205992367,9793,4
102.248254614653,18.8894325193606,9794,4
102.29579342219,18.2261100344605,9795,4
102.315347240517,18.8494833433037,9796,4
102.297016229731,18.3601053979554,9797,4
103.135819284026,18.9478463918762,9798,4
102.954437804737,18.5904047940965,9799,4
102.705002422495,18.8675476902797,9800,4
102.268164822722,18.535009116796,9801,6
102.88586536485,18.3963831028007,9802,4
102.474259059325,18.4753640409527,9803,6
102.723015649582,18.5788230788553,9804,0
102.462685242459,18.2330098308383,9805,4
102.615892404053,18.7547172632314,9806,4
102.224125948185,18.6425829682052,9807,4
102.578634015417,18.9439102744281,9808,4
102.506768679986,18.7728879255019,9809,0
102.953794993823,18.6148132371746,9810,4
102.298314463262,18.6677996847815,9811,4
102.532497071045,18.4551914367513,9812,0
102.741667052475,18.2208726010223,9813,4
102.433997517763,18.5387675416884,9814,4
102.817677928524,18.2957066957396,9815,4
102.744839549453,18.3914929227093,9816,4
102.606798903969,18.7845309764089,9817,4
102.742268315946,18.5568181545355,9818,0
102.484595722825,18.6550374643787,9819,4
102.63865018125,18.9034053920173,9820,4
102.83374715316,18.8425279178322,9821,4
103.066010354319,18.6703601055512,9822,4
102.612980920183,18.5311090833078,9823,0
102.373511018847,18.7788979595499,9824,4
102.526668111602,18.6819655352793,9825,0
102.317452752612,18.7549297229029,9826,4
102.240449185724,18.5339576588298,9827,6
102.670147885871,18.5453594176518,9828,0
102.460931264666,18.3301186867426,9829,7
102.70919468255,18.313109335143,9830,4
102.737305123936,18.2191985842777,9831,7
102.208545095243,18.3432989415913,9832,4
102.229748196392,18.7960935538178,9833,4
102.870924315915,18.8736889650039,9834,4
102.707524423676,18.6458687422797,9835,4
102.404264383072,18.9255939547945,9836,4
102.633116775955,18.7374242478089,9837,4
102.950030718449,18.7961447667982,9838,4
102.448712333392,18.3641210993117,9839,4
102.252052403362,18.8028698663794,9840,4
102.272046075357,18.8830901945487,9841,4
103.042084204094,18.5506157844289,9842,4
102.959623403668,18.3802755557391,9843,4
102.852524924552,18.8955682487787,9844,4
102.769340078055,18.5709350545542,9845,4
102.896680625363,18.8694035049756,9846,4
102.357477046391,18.9300806841504,9847,4
102.894813662413,18.6061299137145,9848,4
102.299055653827,18.3803939824723,9849,4
102.291362191371,18.2006690957739,9850,4
102.941768905196,18.6604030388792,9851,4
102.244659922866,18.6714471977971,9852,4
103.053522331712,18.3101967933863,9853,4
102.247520555566,18.2547995825561,9854,4
102.977580699921,18.6019496873189,9855,4
103.030417650404,18.6442130490647,9856,4
102.467420820744,18.2806245417598,9857,7
102.722537795163,18.8381017782514,9858,4
102.378943879781,18.6509173361616,9859,4
102.446828220439,18.9468200488283,9860,4
102.826969784306,18.2677094389947,9861,4
102.217563111939,18.9446609396931,9862,4
102.365240778884,18.81060342413,9863,4
102.703078295255,18.4280905309943,9864,4
103.098165703341,18.2234153390295,9865,7
102.561586285786,18.7881351297802,9866,4
102.324531923079,18.4777738705948,9867,4
103.003916197379,18.2599712973943,9868,4
102.605480967398,18.9019117569741,9869,4
103.112213994584,18.286470932039,9870,4
103.008435646396,18.8224809111882,9871,4
102.242481270006,18.6634569898972,9872,4
102.409825349235,18.750805776876,9873,4
103.144031999943,18.5758180242507,9874,4
102.699755311701,18.3926036968521,9875,4
102.974090688608,18.603471768958,9876,4
102.219848208699,18.5760424948924,9877,4
102.240607643356,18.5913249359239,9878,4
103.149069566115,18.6073001558552,9879,4
102.313916649838,18.5495523728068,9880,6
102.898866101788,18.8575490590795,9881,4
102.738467719181,18.3958195989909,9882,4
102.514432796559,18.7864603491026,9883,4
102.644900890608,18.8473282156447,9884,4
102.976738078319,18.2773149078189,9885,4
102.551875251507,18.4676970973048,9886,4
102.503645462459,18.3578777366776,9887,6
102.930039386049,18.7029970827316,9888,4
102.696876846913,18.4076192823281,9889,4
102.900652089822,18.8829707120211,9890,4
102.627116013852,18.7071515695125,9891,4
102.959023263988,18.3528110201529,9892,4
102.46562138229,18.3628973986713,9893,7
103.080471326247,18.7144388899464,9894,4
102.773145733953,18.3567358984961,9895,4
103.123565278562,18.8440961315304,9896,4
102.891648715283,18.6718133410567,9897,4
102.688269565009,18.3130377020866,9898,4
102.490049054928,18.3556529601494,9899,6
103.06349452132,18.4381042152014,9900,4
102.660301805839,18.8684247391762,9901,4
102.601779208327,18.3308683109136,9902,7
102.699669228045,18.3270565604423,9903,4
102.242683645317,18.5067055728675,9904,4
102.617390852119,18.2900981114605,9905,4
102.433540216431,18.8898704019091,9906,4
102.35850367603,18.6130152677812,9907,4
102.453277180066,18.2060945787632,9908,4
103.113406570187,18.9102055107486,9909,4
102.762356465185,18.8107443147907,9910,4
102.291409994754,18.9164770456563,9911,4
103.119472579169,18.5970759565789,9912,4
102.403968560314,18.5204018542238,9913,4
103.139569232201,18.6137668636616,9914,4
102.316211930979,18.4276783645646,9915,4
102.202938462464,18.2509254751569,9916,4
102.785740469775,18.9243569972109,9917,4
103.001334595533,18.7336502724575,9918,4
103.148215261072,18.6386879956423,9919,4
102.985509024402,18.7762812093895,9920,4
102.367266380077,18.9001463445671,9921,4
102.778838105583,18.7255619463421,9922,4
102.396080023295,18.3913524642349,9923,6
102.977886118655,18.4374744236429,9924,4
102.401872365199,18.5550793567728,9925,4
102.406751470125,18.4128708888949,9926,6
102.25527735849,18.2819043626244,9927,4
103.125961705359,18.5888610132099,9928,4
102.658239710878,18.7856730937231,9929,4
103.026231971547,18.299075600453,9930,4
102.984012682729,18.7579536447906,9931,4
102.674946765621,18.6576978040039,9932,4
102.794006031944,18.8395832246792,9933,4
103.041433035785,18.674090059935,9934,4
102.377443871896,18.7645215269995,9935,4
102.959594907729,18.3704394722881,9936,4
102.523953844867,18.2390995577889,9937,4
102.454445118117,18.741886844918,9938,4
102.873319375019,18.2176588911581,9939,4
102.499454692095,18.2559916866181,9940,0
102.274675880628,18.3398557248864,9941,4
102.560231658039,18.5495682608998,9942,0
103.106798234972,18.6015501963114,9943,4
102.455420233611,18.8438249124787,9944,4
102.834100973126,18.9007881935732,9945,4
102.245056163066,18.6044218284389,9946,4
102.462586754813,18.9269457078781,9947,6
102.747017176849,18.2733514354892,9948,7
102.715718104867,18.4036002703048,9949,4
102.221937492463,18.6262588029109,9950,4
102.577157380254,18.7288933602299,9951,0
102.861111213624,18.6154342179234,9952,4
103.075069140652,18.4181853039923,9953,4
103.100766399171,18.7864452476133,9954,6
103.083226244828,18.3359876333824,9955,4
102.854534284835,18.6275445792478,9956,4
103.148630889438,18.8797147700597,9957,4
102.546804977525,18.5511357262694,9958,0
102.626457391235,18.7465999603661,9959,4
102.524302186171,18.8173449455227,9960,4
102.773833071834,18.7204380854883,9961,4
103.115970229421,18.8491576940129,9962,4
102.799852761123,18.8780595775483,9963,4
102.322290097882,18.6551283170526,9964,4
102.367664502273,18.311549696983,9965,4
102.73629790364,18.6856004227543,9966,0
103.140505916967,18.7198684206053,9967,4
103.077143164668,18.6073982206257,9968,4
102.280824323543,18.5530533028001,9969,6
102.37281529595,18.9369531674741,9970,4
103.073913051317,18.7408304359962,9971,6
103.065584975796,18.3978170620976,9972,4
102.44141575896,18.6412853884497,9973,4
102.62993514432,18.6002267088777,9974,0
102.847643352024,18.8635780465724,9975,4
102.696077846263,18.3695703746225,9976,4
102.42245887943,18.6014442913704,9977,4
103.078182967099,18.2540743970272,9978,4
102.306135684289,18.8356074580983,9979,4
102.691905725604,18.6319507522273,9980,0
102.905241306307,18.9370709193411,9981,4
102.268823621197,18.9312225125867,9982,4
102.460573883376,18.4583484742443,9983,4
102.711156585911,18.6021110234579,9984,0
102.263231996658,18.3890764700466,9985,4
102.357706799441,18.5276762701482,9986,4
102.743623597592,18.2685207089117,9987,4
102.999404765251,18.7884920926149,9988,6
102.282550524691,18.6962945745199,9989,4
102.470943330115,18.7158308690548,9990,4
102.673034245923,18.6326972301831,9991,0
102.390856787478,18.6342794291893,9992,4
103.065276474796,18.2952924631633,9993,4
102.836466571866,18.2879941786956,9994,4
102.674496134953,18.7647259532393,9995,4
102.789144332501,18.8503952961956,9996,4
102.796545305677,18.4566077040741,9997,4
102.81408752208,18.404497536125,9998,4
102.767532115134,18.8636411096702,9999,4
