latitude,longitude,flood_class,elevation,slope,aspect,curvature,twi,spi,dtr,ndvi,lulc,rainfall,soil_type
18.6998244098633,103.09609743676587,1,763,17.607547760009766,44.43067169189453,5.0,7.890527798675754,269.1083240399634,291.195697224446,0.8339743614196777,10,2424.930783665993,4
18.515489631414898,102.68350127539158,1,208,0.0,-0.0,0.0,14.750245645031628,2.546538757324219,651.4776482894123,0.1712004393339157,80,2310.9094288877463,
18.589332344859958,102.87268755578611,1,459,26.171743392944336,256.66925048828125,-71.0,7.4538538941860235,416.98820388663927,1147.9119421119642,0.7744055986404419,10,2416.4971798997035,4
18.59499094409678,102.92443096441029,1,818,24.175029754638672,142.49986267089844,-9.0,8.930686213456328,1523.4756184505638,1654.4284832168182,0.770979106426239,10,2416.4971798997035,4
18.56103488957478,102.97670946516091,1,356,13.240524291992188,46.529579162597656,6.0,8.19053653638486,199.6766395319291,815.6729338165742,0.8137385845184326,10,2416.4971798997035,4
18.549178139873675,102.80638964132349,1,214,19.685407638549805,185.4773712158203,14.0,10.479616169783306,4554.430004217218,29.132164069949173,0.40047839283943176,10,2416.4971798997035,4
18.449463722116523,102.63310451528552,1,208,0.0,-0.0,0.0,14.345156450521394,1.698330810546875,350.8973977741192,0.4213755130767822,80,2297.8690852495756,
18.55133188568249,103.11549898544939,1,499,24.77681541442871,208.7448272705078,27.0,8.9030808433161,1566.9004575892427,815.6955782442292,0.787860631942749,10,2424.930783665993,4
18.723542368366566,103.03357192179445,1,880,29.584280014038086,217.0236053466797,15.0,8.407430019732754,1443.9862608764001,1426.7613434033997,0.8437117338180542,10,2424.930783665993,4
18.47937983108409,102.67703111976303,1,211,0.9778205752372742,270.0,-4.0,11.507789985250975,28.981916452005493,515.5032033589508,0.33514603972435,40,2297.8690852495756,4
18.604961494052283,103.13787029543454,1,878,19.040950775146484,200.2691650390625,-61.0,7.80720836868228,292.81011730123225,1485.503140009974,0.8449013233184814,10,2424.930783665993,4
18.520880684588505,102.56168755281352,1,208,0.0,-0.0,0.0,14.344749761681452,1.6976402587890624,1573.2639630127085,0.22329534590244293,80,2310.9094288877463,
18.648892557630834,103.08208248215489,1,302,4.728875160217285,168.080810546875,-2.0,15.554347622320932,38941.54453760679,29.123840046979232,0.5653925538063049,10,2424.930783665993,4
18.462399574272567,102.67999642196355,1,255,8.592704772949219,295.3733825683594,2.0,10.020251529211247,513.2166675866636,556.7069091565477,0.7780163288116455,10,2297.8690852495756,4
18.58205509194073,102.8540886452922,1,526,2.1646344661712646,244.6421356201172,12.0,10.01899715565949,32.07247268937657,865.0997734608374,0.6886877417564392,10,2416.4971798997035,4
18.68149750453363,102.87969280354109,1,1611,56.20207595825195,231.0616912841797,40.0,6.3415369053281445,1266.8847392363466,1277.3515261613456,0.2571188509464264,10,2416.4971798997035,4
18.520880684588505,102.90017345467955,1,553,11.359038352966309,345.22979736328125,23.0,9.041984826886578,341.0414890026808,1698.8197196705146,0.7390850782394409,10,2416.4971798997035,4
18.526271737762126,102.95568926279496,1,606,28.1595458984375,356.34271240234375,20.0,8.061916705778046,908.6960930899806,990.5583634182746,0.840130090713501,10,2416.4971798997035,4
18.632719398109984,102.87672750134053,1,533,8.28909969329834,180.0,-24.0,8.66948172236802,123.58539859007418,407.75269915952117,0.6295472979545593,10,2416.4971798997035,4
18.499320930995097,102.69589757632015,1,549,22.02044105529785,256.1046142578125,-43.0,7.649218957440933,343.34011672820697,844.9529596902751,0.822123646736145,10,2297.8690852495756,4
18.55375763665556,102.68996697191906,1,208,0.0,-0.0,0.0,14.750027105916912,2.5459822998046877,145.65891378504463,0.017022164538502693,80,2310.9094288877463,
18.57424274689509,102.87484130159494,1,528,7.0887837409973145,204.32876586914062,34.0,13.491573922011957,11185.672705748835,145.65038107846055,0.8254266977310181,10,2416.4971798997035,4
18.57585694147644,102.99557592171803,1,406,34.96963119506836,174.39517211914062,-18.0,7.101039922910311,593.4935042052839,576.7434082712823,0.8354101777076721,10,2416.4971798997035,4
18.68338370427924,103.09798363651146,1,458,25.578092575073242,248.15997314453125,-19.0,8.578314284873429,1217.727464759012,1132.726344972701,0.8669531941413879,10,2424.930783665993,4
18.708987862528122,103.03707677522245,1,503,25.20189666748047,220.8213348388672,-57.0,11.40852784899045,19951.393742608972,29.11880047350208,0.8245140910148621,40,2424.930783665993,4
18.53624228771763,102.62636681359376,1,208,0.0,-0.0,0.0,13.651514924015054,0.8487457275390625,349.5988912534263,0.20356832444667816,80,2310.9094288877463,
18.523845986789052,102.6452332701509,1,208,0.0,-0.0,0.0,16.829639513445468,20.3713388671875,354.4337122053378,0.19142000377178192,80,2310.9094288877463,
18.600109992106134,102.95380306304935,1,845,30.426063537597656,20.4249324798584,66.0,7.275599825744129,498.293150372073,1318.1790944329227,0.8189142346382141,10,2416.4971798997035,4
18.534356087972025,102.61962911190201,1,208,0.0,-0.0,0.0,13.651525638872595,0.8487548217773437,553.5345433318693,0.037631504237651825,80,2310.9094288877463,
18.552950539364893,103.05109172983344,1,228,0.9782397150993347,270.0,-4.0,14.684995473774613,695.5722097727144,116.52739920561602,0.33643749356269836,40,2424.930783665993,4
18.55537629033797,102.79507244284983,1,244,20.713685989379883,59.089054107666016,73.0,7.71613705338992,320.91088502964203,1194.3975524274272,0.8246330618858337,10,2416.4971798997035,4
18.491776132012667,102.60642571368275,1,208,0.0,-0.0,0.0,13.651768526117161,0.8489609985351563,515.4850070967185,0.2511422336101532,30,2297.8690852495756,
18.611431649680835,102.84735540270148,1,307,5.632135391235352,9.974247932434082,-14.0,9.059839409014002,83.66487155597011,433.00358252331745,0.8154359459877014,10,2416.4971798997035,4
18.720305061001774,103.11118703473072,1,1153,16.271507263183594,356.6429443359375,-24.0,11.192988622373633,6186.770895020195,87.35354966548387,0.8621006011962891,10,2424.930783665993,6
18.574777839021507,103.08208248215489,1,501,30.964624404907227,152.9105682373047,20.0,7.254330572135514,509.15271016788597,742.6729867735887,0.8320190906524658,10,2424.930783665993,4
18.522766884334114,102.62151531164761,1,208,0.0,-0.0,0.0,16.21654115264325,11.03454266357422,87.40308213724413,0.02556384541094303,80,2310.9094288877463,
18.538396033526443,102.62987166702179,1,208,0.0,-0.0,0.0,22.10809612433076,3994.1479899902342,116.53224305691107,0.23104311525821686,80,2310.9094288877463,
18.549717691101144,103.11523143938619,1,412,25.50792694091797,190.30728149414062,-70.0,9.093054610469837,2024.7195227036134,640.9066185499818,0.8057606220245361,10,2424.930783665993,4
18.47398877791047,102.59214321300855,1,283,17.3174991607666,9.451556205749512,-10.0,7.909506597362475,264.7331887248726,1936.772994714827,0.8256853818893433,10,2297.8690852495756,4
18.52114823065171,102.75383913540861,1,229,7.3788604736328125,-0.0,-18.0,11.272810131205837,1319.0865290830736,456.0269922666654,0.8155589699745178,10,2416.4971798997035,4
18.544059091864323,102.65385717158827,1,208,0.0,-0.0,0.0,15.260908177987675,4.2435391235351565,495.2540371772168,0.05968267098069191,80,2310.9094288877463,
18.63164475475611,102.90475741056251,1,580,12.09930419921875,307.164794921875,36.0,8.283270996845529,181.8451507513916,291.25282908363096,0.8393315672874451,10,2416.4971798997035,4
18.72273081197485,103.12250869230542,1,1395,40.946258544921875,285.1413269042969,-3.0,6.88466559347922,735.6186665350273,1310.2940481257292,0.77076256275177,10,2424.930783665993,6
18.673685159487995,103.07022573245376,1,379,16.221548080444336,93.18961334228516,2.0,7.977627868981684,246.73507847602082,454.8964819892234,0.8587970733642578,10,2424.930783665993,4
18.574242746895095,102.94598625890265,1,808,24.786224365234375,301.7244873046875,-47.0,7.516223923815645,391.8428339721637,1201.0638111959136,0.7703280448913574,10,2416.4971798997035,4
18.519801582133574,102.80989449475149,1,761,18.8629150390625,185.7355194091797,10.0,7.817811527075828,290.0042114091529,1339.2415855987927,0.8150457143783569,10,2416.4971798997035,4
18.64700189878417,102.83441955054543,1,432,19.75533676147461,87.4166030883789,14.0,10.165058175200704,3350.893947756847,360.2439633564532,0.788297176361084,10,2416.4971798997035,4
18.537860941400034,102.58917791080803,1,208,0.0,-0.0,0.0,13.651505647300697,0.8487378540039062,262.19795226949503,0.008447838947176933,80,2310.9094288877463,
18.546752388900604,102.99961586727245,1,226,0.9274099469184875,-0.0,9.0,18.326537700247716,23849.994919818455,227.53105404361668,0.4784437119960785,40,2416.4971798997035,4
18.532197883062153,103.12466243811424,1,704,11.11283016204834,240.3650360107422,17.0,9.469870848964588,500.1555677475659,1252.7438191246367,0.8179869055747986,10,2424.930783665993,4
18.59418384680611,102.87511330675919,1,414,23.863489151000977,188.8838653564453,21.0,7.559021307285366,375.3410151292011,1017.4117102406308,0.7771806120872498,10,2416.4971798997035,4
18.43329502169673,102.69751623000253,1,1083,4.876455783843994,270.0,-24.0,9.205735384028955,72.45431044516587,1442.4445225247048,0.8117555379867554,10,2297.8690852495756,4
18.67233851096985,103.0758843316906,1,412,8.931291580200195,78.11138916015625,20.0,8.593499446748954,133.2809320678153,495.07189709028546,0.8606424927711487,10,2424.930783665993,4
18.488543283748918,102.62825301333937,1,208,0.0,-0.0,0.0,13.65178693079799,0.8489766235351562,1725.7491113604342,0.7524380087852478,10,2297.8690852495756,
18.600109992106134,102.91391640412628,1,496,17.99686050415039,296.6456298828125,30.0,9.477195778744521,1378.110216151373,1091.811352346993,0.8477709889411926,10,2416.4971798997035,4
18.576664038767117,102.84439010050095,1,475,20.113964080810547,166.51699829101562,5.0,7.748037469047289,310.7595668041278,952.4177025993424,0.8429844379425049,10,2416.4971798997035,4
18.424938666322564,102.6832292702273,1,735,8.68262767791748,317.903564453125,5.0,8.623599841305989,129.69513375407462,1369.6961486000266,0.8310378789901733,10,2297.8690852495756,4
18.671798959742382,102.8298355946625,1,1114,19.548248291015625,196.78265380859375,-41.0,8.877044748260879,903.3812217339552,1269.729129914917,0.7553587555885315,10,2416.4971798997035,4
18.51306388044182,102.57920736085252,1,208,0.0,-0.0,0.0,19.518115218705127,299.6468638305664,250.63018546887776,0.17217448353767395,80,2310.9094288877463,
18.42979016826872,102.72473458283278,1,893,27.39723777770996,1.8866075277328491,1.0,8.09473397332671,880.3255215058391,611.9834736107309,0.8717146515846252,10,2297.8690852495756,4
18.660209756104475,102.9031387568801,1,1048,42.513427734375,171.42532348632812,13.0,7.523103163472915,1555.0909098553507,844.5638599451142,0.8218262791633606,10,2416.4971798997035,4
18.455122321353343,102.67271916904434,1,297,15.374085426330566,276.7620849609375,-14.0,8.728501013410419,466.9568836436106,1195.0942303778484,0.8080496191978455,10,2297.8690852495756,4
18.661288858559413,102.90987645857184,1,935,35.21528625488281,139.18666076660156,81.0,8.477729365117671,2394.5367505903687,432.941570753518,0.7005978226661682,10,2416.4971798997035,4
18.604961494052283,102.99395726803563,1,302,15.687529563903809,76.6704330444336,-13.0,13.61541086424898,64573.505967675934,65.13109807552333,0.7867210507392883,10,2416.4971798997035,4
18.537321390172565,102.65493627404318,1,208,0.0,-0.0,0.0,13.651508739548378,0.8487404785156251,233.06520680916748,-0.017580613493919373,80,2310.9094288877463,
18.667754555086912,102.93952056237515,1,1297,7.3788604736328125,180.0,-10.0,8.78706333858515,109.83156444930262,1460.7651219327076,0.7926861643791199,10,2416.4971798997035,4
18.57801514638631,102.88804915891524,1,572,4.6273674964904785,180.0,10.0,9.257582105085499,68.68009966860129,553.4654765678175,0.7302916049957275,10,2416.4971798997035,4
18.539747141145636,103.13086058857851,1,420,16.364423751831055,339.5816955566406,4.0,7.969135496049288,249.2219005844778,436.99423018428456,0.697307825088501,10,2424.930783665993,4
18.631912300819316,102.94032765966583,1,627,6.117861270904541,307.16473388671875,-8.0,8.976415562267304,90.92253838599557,823.7867795753492,0.765541672706604,10,2416.4971798997035,4
18.68473481189843,102.88373720819656,1,1713,8.218351364135742,304.0838317871094,-24.0,8.67787405373106,122.47926795486163,1793.474767289956,0.6862072944641113,10,2416.4971798997035,4
18.455661872580812,102.71557113016794,1,951,10.796745300292969,200.97445678710938,-9.0,10.010703472611869,809.656346343084,407.95901462915054,0.7973246574401855,10,2297.8690852495756,4
18.596877143842388,102.92631716415592,1,863,20.733400344848633,190.3977813720703,50.0,7.714859842389605,321.1683750847444,1768.9229412471059,0.8299729228019714,10,2416.4971798997035,4
18.580168892195125,102.90637160514385,1,633,7.992465019226074,76.66854858398438,-25.0,8.706720282552187,119.13967757317883,1240.3182978741804,0.8044044375419617,10,2416.4971798997035,4
18.561034889574785,102.78105748823884,1,281,2.932584285736084,270.0,3.0,10.40823422268802,86.94675593764664,644.8460741530383,0.7293365597724915,10,2416.4971798997035,4
18.67368515948799,102.8101620408147,1,1410,26.82461929321289,158.17942810058594,16.0,7.4248310765059635,428.85205389167334,1835.5953443636513,0.6640871167182922,10,2416.4971798997035,4
18.525999732597867,103.03896297496807,1,456,17.096202850341797,-0.0,12.0,9.021490690048966,783.185911866263,1922.850108763417,0.820772111415863,10,2424.930783665993,4
18.506058632686855,102.70128862949377,1,439,14.763733863830566,337.12939453125,-12.0,9.17611566682016,671.136557895992,1677.773990364656,0.8362081050872803,10,2310.9094288877463,4
18.5206131385253,102.8610983521482,1,852,14.78972339630127,348.8145751953125,-2.0,8.075581106006036,224.1054415103078,2039.4178614553339,0.8255861401557922,10,2416.4971798997035,4
18.587713691177555,102.87376219913999,1,449,24.858762741088867,160.62432861328125,26.0,7.512824022344019,393.1166409292879,1357.8591536684398,0.8315139412879944,10,2416.4971798997035,4
18.637031348828668,102.81636019127899,1,441,24.09246826171875,133.4576873779297,-12.0,9.33977193381191,2275.856233914945,262.12349114372597,0.8319458365440369,10,2416.4971798997035,4
18.562921089320398,102.68592702636465,1,208,0.0,-0.0,0.0,13.651362386646248,0.8486162719726563,728.2754767139356,-0.0874321237206459,80,2310.9094288877463,
18.600921548497865,102.93035710971034,1,952,11.635555267333984,19.377046585083008,-21.0,8.323670129573609,174.70675861139165,2128.127838654494,0.8214046359062195,10,2416.4971798997035,4
18.671259408514917,103.01282372459275,1,964,34.12272644042969,191.6379852294922,-8.0,7.825287234718386,1149.3802043867786,1668.1066433230624,0.8404862284660339,10,2424.930783665993,4
18.531930336998947,103.11819674158674,1,687,31.947460174560547,20.849851608276367,54.0,7.216038337288776,529.2866412928902,1174.4129288879028,0.829453706741333,10,2424.930783665993,4
18.59202564189624,103.09609743676586,1,463,30.51637840270996,119.62635040283203,14.0,7.272039621333658,500.116673504123,728.2148183017414,0.8400952816009521,10,2424.930783665993,4
18.59633759261492,102.98614492299,1,677,32.34904098510742,53.9964485168457,-20.0,7.200112495639019,537.387293723978,733.430149572376,0.8542211055755615,10,2416.4971798997035,4
18.67826465626988,102.91526751174548,1,1187,4.7211785316467285,321.63140869140625,1.0,10.335459068186006,210.11515898390587,820.0654651840302,0.8170306086540222,10,2416.4971798997035,4
18.623555945445155,102.85490020168392,1,309,8.345087051391602,173.31256103515625,20.0,10.272145101317044,622.1928174085015,288.3322810100543,0.7879529595375061,10,2416.4971798997035,4
18.579089789740188,102.9632340617774,1,967,11.980034828186035,203.7291259765625,24.0,8.293776539195841,180.05325733880233,1044.2083356681312,0.8292672038078308,10,2416.4971798997035,4
18.68176950969789,102.81959749864379,1,1525,24.29261016845703,108.83103942871094,2.0,8.637022748051574,1148.315968185006,2114.6399817560923,0.38584280014038086,10,2416.4971798997035,4
18.51306388044182,102.66975832594484,1,208,0.0,-0.0,0.0,15.26108507420593,4.244289855957032,1030.0837169809345,0.08442574739456177,80,2310.9094288877463,
18.473181680619803,102.63310451528552,1,208,0.0,-0.0,0.0,15.038168781412637,3.39620361328125,874.6398481041219,0.06748466193675995,80,2297.8690852495756,
18.578282692449513,102.81959749864379,1,344,43.39885711669922,150.81588745117188,-30.0,9.102023857530082,8023.939228366694,600.524951171873,0.8375463485717773,10,2416.4971798997035,4
18.60172864578854,102.7861765362482,1,653,20.717483520507812,120.9040756225586,-31.0,7.715671380409323,320.8900189487781,1080.8723283692552,0.3780294358730316,40,2416.4971798997035,4
18.718690866420424,103.12843483760544,1,1476,13.922503471374512,74.85830688476562,-16.0,8.137474904451096,210.17685644211545,1445.6720902969575,0.8245751261711121,10,2424.930783665993,7
18.523306435561587,102.82929604343502,1,654,11.112404823303223,60.36375427246094,11.0,9.064495760690503,333.440884796088,1775.9988890635823,0.8282284736633301,10,2416.4971798997035,4
18.558069587374245,103.04785888156968,1,259,15.31348705291748,325.8580627441406,-10.0,8.73205881431467,464.7526302292607,670.0227390814662,0.7477362751960754,10,2424.930783665993,4
18.499860482222566,102.65897621959762,1,208,0.0,-0.0,0.0,13.651722441035826,0.848921875,373.1262353413386,-0.03962536156177521,80,2297.8690852495756,
18.48746418129399,102.744943228807,1,1301,9.15234661102295,72.45665740966797,2.0,10.179135927481507,683.9026387698166,1689.4605812335462,0.536698043346405,30,2297.8690852495756,4
18.57504984418577,102.89666860125155,1,616,12.795087814331055,337.9150390625,-18.0,8.225883806178043,192.71101525635393,699.1202200131605,0.7983458638191223,10,2416.4971798997035,4
18.526539283825336,103.11280568841312,1,882,40.141632080078125,356.5180969238281,5.0,8.01283514088639,2147.4137030500833,1422.8037982073845,0.7924809455871582,10,2424.930783665993,4
18.648081001239106,103.1090332889219,1,425,32.94218063354492,227.58328247070312,18.0,7.870170954947295,1099.2253180598957,432.95800528270513,0.8516350388526917,10,2424.930783665993,4
18.581515540713266,103.10526088943068,1,405,46.110374450683594,355.2882385253906,-13.0,7.803343927863167,2646.2057613025254,407.8125748323686,0.8325320482254028,10,2424.930783665993,4
18.51010303734233,102.99692257023617,1,670,15.56365966796875,21.576717376708984,-8.0,9.813928504288597,1418.5748129085728,1538.3939718730414,0.7944910526275635,10,2416.4971798997035,4
18.54701993496381,102.70910097453941,1,208,0.9274099469184875,-0.0,-3.0,12.476635135297288,68.69227299896131,815.7056096420831,-0.06856825947761536,80,2310.9094288877463,
18.63217984688252,102.91364885806308,1,584,15.84408187866211,37.00874710083008,79.0,8.002686375145878,240.74395437657293,786.3814220248096,0.8495983481407166,10,2416.4971798997035,4
18.61169919574404,102.79965193963173,1,734,17.603349685668945,224.41580200195312,-32.0,7.891288774548822,269.17632918677987,911.8177598606344,0.812881350517273,10,2416.4971798997035,4
18.557262490083573,103.06564177657081,1,280,7.442015647888184,187.51144409179688,-23.0,8.779078859238572,110.85245533426418,786.5502430557594,0.7851148247718811,10,2424.930783665993,4
18.53031168331655,102.85570729897461,1,494,20.711645126342773,300.9146423339844,6.0,8.815000195241984,962.7668442025334,990.5469310720466,0.8143126964569092,10,2416.4971798997035,4
18.701171058381433,103.09259258333785,1,886,24.306474685668945,259.676513671875,-20.0,7.537653410798517,382.9761939035244,452.99243400267943,0.8602977395057678,10,2424.930783665993,4
18.55537629033797,102.6597833168883,1,213,18.427175521850586,325.6849060058594,23.0,7.842714863447441,282.7563740495396,1633.7115255435544,0.2249356061220169,10,2310.9094288877463,
18.48530597638412,102.73901708350697,1,1367,12.385318756103516,27.798255920410156,6.0,9.358629714131917,559.3050190088303,2174.600382677429,0.7745499610900879,30,2297.8690852495756,4
18.485577981548378,102.67595647640913,1,212,2.7802884578704834,180.0,-5.0,12.813457935580532,865.826059013262,29.137449558890275,0.3886142373085022,10,2297.8690852495756,
18.54621283767314,102.88481185155042,1,312,29.634803771972656,174.83396911621094,-11.0,8.406395797490068,1448.4280700932416,880.7436700615655,0.791965663433075,10,2416.4971798997035,4
18.526811288989588,102.7861765362482,1,392,10.789393424987793,260.2185974121094,-46.0,8.40155784653777,161.75278725034494,815.7527144980503,0.6586974263191223,10,2416.4971798997035,4
18.680422861179746,102.97051131469662,1,1760,16.374114990234375,135.74258422851562,1.0,7.9677031339200495,249.17671794374988,2271.453466094521,0.2072375863790512,10,2416.4971798997035,7
18.57019834223962,103.03141817598562,1,235,2.16451358795166,295.359375,10.0,10.019120953296083,32.07285767451468,186.52565705485694,0.45475298166275024,40,2424.930783665993,4
18.537049385008302,102.5783958044608,1,208,0.0,-0.0,0.0,22.213485583900503,4438.070664367676,174.79903709443204,-1.0830623068613932E-4,80,2310.9094288877463,
18.65589780538579,103.10148848993947,1,345,25.408742904663086,256.19927978515625,-18.0,7.487468196004007,402.89643598096507,291.23253241946225,0.8210257291793823,10,2424.930783665993,4
18.650778757376443,102.85247445071086,1,480,38.219669342041016,222.2657928466797,-10.0,6.982022598337715,667.93042075247,733.3155707595192,0.7555710077285767,10,2416.4971798997035,4
18.448656624825848,102.71665023262288,1,851,11.034284591674805,174.9795684814453,1.0,10.17076675801475,993.5350717620302,349.6861176246134,0.8312378525733948,10,2297.8690852495756,4
18.594723398033572,102.85975170363008,1,320,28.543394088745117,349.1407470703125,33.0,8.04549454832984,923.0190928987504,349.54040974810766,0.7139890789985657,10,2416.4971798997035,4
18.542172892118714,102.86163790337567,1,210,6.771308422088623,324.88629150390625,-4.0,11.071812115712516,906.9511471112437,291.3274755289087,0.19822736084461212,30,2416.4971798997035,
18.682309060925352,103.00204161824553,1,1189,50.51167297363281,219.31805419921875,6.0,6.549330173224529,1029.1758141688667,1197.1545867657433,0.6984591484069824,10,2424.930783665993,4
18.621134653573133,103.01713567531144,1,635,32.01795959472656,79.55948638916016,67.0,7.905936092312175,1060.9346050119818,664.1786828511633,0.861765444278717,10,2424.930783665993,4
18.608198801417085,102.84034569584549,1,311,10.37176513671875,207.81524658203125,-19.0,8.441480316280133,155.27772159785945,848.1980969789722,0.5641630291938782,40,2416.4971798997035,4
18.56561884545773,102.6848479239097,1,208,0.0,-0.0,0.0,13.651346994973489,0.8486032104492187,1019.577820865231,-0.1017216145992279,80,2310.9094288877463,
18.6087338935435,103.03599767276751,1,819,22.927515029907227,43.352821350097656,10.0,7.603769002077481,358.85571265473635,1142.29128552285,0.842006504535675,10,2424.930783665993,4
18.6119712009083,102.87861370108614,1,363,13.297582626342773,69.97318267822266,-28.0,8.185787046249756,200.51025054896544,391.862737796588,0.8146951794624329,10,2416.4971798997035,4
18.520613138525302,102.66652101858006,1,208,0.0,-0.0,0.0,15.731045704729397,6.79057177734375,309.7044177195096,0.007717944215983152,80,2310.9094288877463,
18.580168892195125,102.79318624310423,1,391,22.82535171508789,-0.0,-45.0,7.608911081973474,357.1321089793757,1689.5157403136493,0.7695916295051575,10,2416.4971798997035,4
18.581515540713266,102.90718316153557,1,602,10.79267406463623,279.7783203125,16.0,8.400933742980552,161.75255226849646,1084.07034428239,0.814480185508728,10,2416.4971798997035,4
18.462939125500036,102.63687691477674,1,208,0.0,-0.0,0.0,14.750544935195673,2.547301025390625,639.075319820987,0.2536737024784088,80,2297.8690852495756,
18.535163185262693,102.6651743700619,1,208,0.0,-0.0,0.0,13.651521036531744,0.8487509155273437,466.13327962611726,-0.01472746953368187,80,2310.9094288877463,
18.583134194395665,102.9230798567911,1,643,17.962066650390625,161.57400512695312,-9.0,8.563070634549177,550.1586128598493,762.387642408613,0.7557569146156311,10,2416.4971798997035,4
18.58690659388688,103.13274678832414,1,651,40.38743591308594,158.8155517578125,59.0,8.514616846326334,3609.045876634823,611.7094238692814,0.8409521579742432,10,2424.930783665993,4
18.65535825415833,102.88589095400538,1,623,27.880807876586914,240.68763732910156,3.0,9.171520202640728,2692.30414851536,1285.7202324429998,0.7814318537712097,10,2416.4971798997035,4
18.597956246297326,102.88265810574161,1,449,30.57390022277832,322.6188659667969,-61.0,7.269711865769354,501.24806686229823,1133.0043539046073,0.8481867909431458,10,2416.4971798997035,4
18.427903968523108,102.66328817031629,1,555,10.796526908874512,200.9713592529297,-1.0,9.094591073958751,323.9068796432411,1227.0919094592116,0.8429610133171082,10,2297.8690852495756,4
18.663175058305022,103.10256313329334,1,350,36.18402099609375,253.27972412109375,-52.0,13.195627678172515,287853.05510296783,58.24528674265734,0.8352256417274475,10,2424.930783665993,4
18.57962934096766,102.95542171673176,1,864,29.16657257080078,258.2857971191406,-57.0,7.326700488550366,473.5808017512342,903.4881406595772,0.7926607131958008,10,2416.4971798997035,4
18.54055423843631,103.10472133820322,1,241,2.6941146850585938,226.52613830566406,2.0,14.343449701216905,3754.122396953334,116.53152654834442,0.5439693331718445,40,2424.930783665993,4
18.586367042659415,103.02279427454827,1,247,6.74959135055542,163.2252960205078,-1.0,14.617370022479435,31230.8518280658,82.38943822632851,0.6245072484016418,10,2424.930783665993,4
18.496627633958816,102.6061537085185,1,208,6.044612407684326,139.84974670410156,23.0,8.98932560538088,89.89530123848317,865.310885654981,0.2517072558403015,80,2297.8690852495756,4
18.671259408514917,102.86406365434874,1,932,7.745349407196045,241.57089233398438,-6.0,10.529761860943157,692.0983532376027,864.878277384964,0.6789693236351013,10,2416.4971798997035,4
18.604421942824818,102.97374416296036,1,632,31.84174156188965,187.90408325195312,-2.0,7.219736764039451,526.8954420254097,1168.3745591258814,0.8392915725708008,10,2416.4971798997035,4
18.447037971143445,102.63499071503114,1,208,0.0,-0.0,0.0,13.65202299830548,0.8491770629882812,392.04725276537636,0.3599332273006439,80,2297.8690852495756,
18.68580945525231,103.0203685235752,1,1401,20.287330627441406,326.3077087402344,-24.0,7.7380736813367985,313.4781834556836,2593.0549158650483,0.8212875127792358,10,2424.930783665993,4
18.603347299470936,102.84843004605537,1,308,1.348063588142395,313.4633483886719,22.0,17.02944046279481,13776.148369311693,58.25529541045496,0.8314356803894043,10,2416.4971798997035,4
18.60469394798908,102.81124114326964,1,321,8.330020904541016,152.18521118164062,19.0,10.050942612990914,496.89661106194,728.1883899780524,0.7925341129302979,10,2416.4971798997035,4
18.593376749515432,102.94760491258506,1,789,34.42368698120117,165.56895446777344,-10.0,8.21991195333333,1744.4212635422402,1329.7398183927337,0.8451248407363892,10,2416.4971798997035,4
18.705483009100114,103.11442434209552,1,821,23.661277770996094,102.80699157714844,5.0,8.261098641256131,743.0566553703635,768.7661668221932,0.8389370441436768,10,2424.930783665993,4
18.651585854667115,103.11442434209553,1,537,25.461660385131836,116.2289810180664,23.0,8.178258972765665,807.7339895237013,407.7306066002327,0.8648954033851624,10,2424.930783665993,4
18.567233040039078,102.69994198097561,1,205,6.910832405090332,237.70848083496094,-4.0,8.85385330944423,102.85410892876118,1514.794306503568,-0.041707150638103485,80,2310.9094288877463,
18.561841986865463,103.11415233693127,1,1012,37.80262756347656,203.3420867919922,52.0,6.997534445220633,658.3206619765385,1952.001698071101,0.8099575042724609,10,2424.930783665993,4
18.55241098813742,102.79830529111358,1,270,19.31557273864746,165.9019317626953,-99.0,8.890673591905179,892.3741119354971,844.8249505563383,0.8244443535804749,10,2416.4971798997035,4
18.51441052895996,103.0238733770032,1,597,22.565322875976562,215.10931396484375,16.0,9.231474669046879,1763.700670370848,1030.0797544545321,0.8089549541473389,10,2424.930783665993,4
18.49339032659401,102.5872917110624,1,208,0.0,-0.0,0.0,14.750371612317831,2.546859558105469,824.1131893302795,0.2150837928056717,80,2297.8690852495756,
18.533816536744556,102.69104607437399,1,208,0.0,-0.0,0.0,13.651528731058459,0.8487574462890625,329.60727104388945,0.028030667454004288,80,2310.9094288877463,
18.546752388900604,102.68565502120039,1,208,0.0,-0.0,0.0,13.651454875541175,0.8486947631835937,786.573888684871,-0.008928407914936543,80,2310.9094288877463,
18.447309976307704,102.71179873067675,1,634,50.5633430480957,259.2573547363281,89.0,6.54883665296528,1032.4560598686649,495.39055378685816,0.7558879256248474,10,2297.8690852495756,4
18.54863858864621,102.96080831080431,1,275,15.035103797912598,107.53746032714844,45.0,10.36078368790511,2279.6201703868787,1427.4782466266465,0.7669158577919006,10,2416.4971798997035,4
18.545673286445663,102.76920073853773,1,204,1.8543341159820557,-0.0,4.0,11.272670065385187,82.43135866461728,407.85437404751156,-0.043642040342092514,80,2416.4971798997035,
18.635684700310527,102.8201325907702,1,410,12.649430274963379,81.70584869384766,29.0,8.930517547473176,380.7552705283317,186.49063782293595,0.8229713439941406,10,2416.4971798997035,4
18.443805122879688,102.74467568274379,1,1524,29.94904899597168,220.66046142578125,9.0,7.988794164821981,978.5505389753039,2311.151662579998,0.6029825210571289,30,2297.8690852495756,4
18.5206131385253,102.9818329722713,1,767,4.321843147277832,64.63416290283203,-3.0,9.32649478005124,64.14864625824293,1602.3997482863338,0.8223277926445007,10,2416.4971798997035,4
18.517108285097294,102.63526272019539,1,208,0.0,-0.0,2.0,13.651624152652092,0.8488384399414063,1566.251286170474,-0.061318013817071915,40,2310.9094288877463,
18.558881143765973,103.11631054184113,1,871,33.87030792236328,250.26702880859375,38.0,7.14228837344643,569.6215311484714,1631.355958005104,0.798296332359314,10,2424.930783665993,4
18.475874977656076,102.59591561249978,1,208,0.0,-0.0,0.0,14.750471325167194,2.547113525390625,1504.2226724752795,0.32408154010772705,80,2297.8690852495756,
18.665868355341303,103.03195772721308,1,748,14.608566284179688,216.15725708007812,-10.0,9.186243364762715,663.1586448392683,1983.1062356305765,0.8530150651931763,10,2424.930783665993,4
18.596877143842388,102.87026180481304,1,370,21.162982940673828,292.1066589355469,-56.0,10.257353262332845,4270.007290357108,424.11280847954384,0.8417555689811707,10,2416.4971798997035,4
18.523306435561587,103.08585488164609,1,812,18.03270721435547,353.9796447753906,-1.0,8.559217045264552,552.6607316440186,2004.982950753572,0.8319052457809448,10,2424.930783665993,4
18.641615304711607,103.02791332255761,1,373,10.643170356750488,270.0,9.0,9.80116332354177,637.6167199411316,549.519001764981,0.8412958383560181,10,2424.930783665993,4
18.599302894815462,102.9683575688878,1,599,16.073719024658203,17.240434646606445,-10.0,9.08632568196411,733.4038377324583,611.6876864418875,0.8346903324127197,10,2416.4971798997035,4
18.54001468720885,102.64280751917781,1,208,0.0,-0.0,0.0,22.105959711636018,3985.623950195313,58.26585336171392,0.19976751506328583,80,2310.9094288877463,
18.614396951881375,102.78887429238554,1,715,21.940000534057617,157.5640411376953,65.0,8.345753169153923,683.4583338843099,1341.0951153435901,0.8043588995933533,10,2416.4971798997035,4
18.673145608260526,102.93547615771968,1,1309,5.378561019897461,226.54840087890625,7.0,9.798984434476658,159.693952909174,1469.1367760767848,0.5809747576713562,10,2416.4971798997035,4
18.552143442074218,102.81528554792511,1,291,15.162999153137207,219.05575561523438,-23.0,8.742449979449786,459.9794752564647,990.4851727519228,0.8270899057388306,10,2416.4971798997035,4
18.469676827191787,102.69563003025695,1,514,7.627952575683594,165.23399353027344,-11.0,9.85322615825691,341.1343972035745,1040.0540322572904,0.8401297926902771,10,2297.8690852495756,4
18.592837198287967,102.9621594184235,1,577,5.020631790161133,202.8810272216797,31.0,10.561837323128113,298.15786276528354,123.5818637615619,0.8620733618736267,10,2416.4971798997035,4
18.610085001162695,102.92254030556363,1,632,10.096575736999512,-0.0,-34.0,10.07837890023005,755.3422245888038,954.1065675086226,0.6551722288131714,10,2416.4971798997035,4
18.482880225411044,102.65816912230693,1,208,0.0,-0.0,0.0,14.750431426842498,2.547011901855469,680.225817041966,-0.03106130287051201,80,2297.8690852495756,
18.65832355635887,102.88211855451416,1,732,13.026780128479004,106.25250244140625,20.0,8.206837837556805,196.22892913409353,1195.464840552644,0.8152853846549988,10,2416.4971798997035,4
18.455122321353343,102.6228664192668,1,208,0.0,-0.0,0.0,14.750589357376322,2.5474141845703127,1030.2536468774556,0.3990989327430725,80,2297.8690852495756,
18.561034889574785,102.89128200717897,1,432,6.910656929016113,237.70755004882812,17.0,8.853914407528102,102.85511882069349,856.7735958629158,0.6859583258628845,10,2416.4971798997035,4
18.521959787043443,102.98317962078946,1,778,8.074559211730957,216.99093627929688,-4.0,9.795311111411335,361.25925055342503,1456.7214399176066,0.8123044371604919,10,2416.4971798997035,4
18.682309060925352,102.97886767007076,1,1388,43.27080154418945,56.61521530151367,-74.0,6.803318975874074,798.3321810704608,1784.243057765553,0.44895511865615845,10,2416.4971798997035,4
18.66910120360505,102.89909435222462,1,1135,16.605314254760742,126.66294860839844,7.0,7.952941992246531,252.91507527052937,1659.962359799073,0.7831157445907593,10,2416.4971798997035,4
18.55133188568249,103.0516312810609,1,228,1.8543341159820557,-0.0,1.0,14.045226496792875,1318.8591508868883,58.2639698745878,0.5094392895698547,40,2424.930783665993,4
18.55160389084675,102.63553026625858,1,208,0.0,-0.0,0.0,13.651427115387177,0.8486712036132813,1310.938285090833,0.09834200143814087,80,2310.9094288877463,
18.65697690784073,103.01174462213783,1,648,15.314908027648926,266.61114501953125,0.0,8.731394267942354,464.53432770344364,1048.4338724788213,0.8413188457489014,10,2424.930783665993,4
18.522499338270904,102.92038655975482,1,526,41.57345199584961,338.550048828125,4.0,7.5568805868868365,1505.8156199046564,1398.4504203313752,0.8219261765480042,10,2416.4971798997035,4
18.529772132089082,102.76596789027398,1,208,0.0,-0.0,0.0,16.136458464071374,10.185324462890625,388.6930831211316,0.04461551830172539,80,2416.4971798997035,7
18.500128028285772,102.61316341537452,1,249,13.622551918029785,237.69830322265625,-19.0,8.16137039037775,205.72923562319028,1668.9243441485594,0.8011399507522583,10,2310.9094288877463,6
18.628679452555566,102.83414754538117,1,333,4.6273674964904785,180.0,-23.0,9.257291612144709,68.66015148201869,262.12978113095375,0.7608129978179932,30,2416.4971798997035,4
18.649160103694044,103.0580969775884,1,312,6.71165132522583,313.45562744140625,-18.0,12.59647793720097,4092.4183894034595,232.99053595317986,0.8550918102264404,10,2424.930783665993,4
18.478300728629154,102.64765902112397,1,208,0.0,-0.0,0.0,13.6518452340155,0.849026123046875,1833.8463603553791,0.036597203463315964,80,2297.8690852495756,
18.589332344859958,102.97132287108833,1,620,9.195145606994629,-0.0,36.0,8.564370009140125,137.3512919011762,453.1380476300361,0.8396425843238831,10,2416.4971798997035,4
18.70844831130066,103.09986983625708,1,995,30.3419132232666,204.12802124023438,-5.0,7.278342934209997,496.3093987868612,658.8842842259937,0.8344122767448425,10,2424.930783665993,4
18.59472339803357,102.80261724183227,1,297,16.403505325317383,80.50469970703125,-19.0,9.575738352196133,1248.8614557932722,349.54040974810766,0.7992198467254639,10,2416.4971798997035,4
18.643769050520422,102.7942608864581,1,1024,30.64605712890625,154.37208557128906,41.0,7.266575239721754,502.55845376895616,1584.5315227171643,0.8409181833267212,10,2416.4971798997035,4
18.59633759261492,103.07103282974445,1,445,16.600990295410156,53.32529830932617,-61.0,8.646782671271806,505.9021329339908,664.2258935013421,0.8374655842781067,10,2424.930783665993,4
18.592837198287963,103.13193969103347,1,652,31.384809494018555,305.7171325683594,34.0,9.802617986801218,6728.802122447733,544.1657473561738,0.8671844601631165,10,2424.930783665993,4
18.594451392869313,102.8522024455466,1,356,27.17605209350586,86.38448333740234,-17.0,8.796417230744419,1742.410474826798,286.88137630781404,0.8226510882377625,30,2416.4971798997035,4
18.54701993496381,102.80234969576905,1,238,6.11593770980835,127.17849731445312,-7.0,8.977218705705932,90.93794247729481,349.5881184180356,0.7816432118415833,10,2416.4971798997035,4
18.531930336998947,102.92604515899166,1,287,19.360820770263672,337.12628173828125,-2.0,9.399088773615267,1491.2284593975094,378.7367894251396,0.8446205258369446,10,2416.4971798997035,4
18.55160389084675,102.86190544943888,1,272,32.74797821044922,16.979541778564453,-11.0,9.130925501404558,3820.8892769308745,1310.938285090833,0.8355755805969238,10,2416.4971798997035,4
18.541361335726986,102.8492416024471,1,205,0.0,-0.0,0.0,21.49140501534171,2155.7510510253906,203.9297021654594,0.09034260362386703,80,2416.4971798997035,
18.443805122879688,102.71098717428501,1,593,20.704612731933594,239.0726318359375,12.0,9.91447623746811,2888.651767584195,392.0508596162989,0.8637639880180359,10,2297.8690852495756,4
18.61520404917205,102.92523806170098,1,520,2.6947357654571533,46.538673400878906,53.0,11.996721318281102,359.3666332526419,623.3376930995524,0.8544057011604309,10,2416.4971798997035,4
18.572891639275905,102.89262865569714,1,558,25.095417022705078,241.05947875976562,43.0,7.502117882327826,397.41547088924807,247.17784431204586,0.8146563172340393,10,2416.4971798997035,4
18.55052478839182,102.84816249999217,1,273,17.32481575012207,55.191768646240234,-51.0,7.908620792429297,264.73656847246053,495.2448836808026,0.8201141953468323,10,2416.4971798997035,4
18.57504984418577,103.07345858071751,1,386,9.156535148620605,252.465087890625,48.0,8.568732529661544,136.7757896145157,699.1202200131605,0.8035132884979248,10,2424.930783665993,4
18.420091623477475,102.71772487597677,1,826,6.043498516082764,40.13763432460802,5.0,10.088558655192738,269.753177611766,630.4567227012643,0.8526358008384705,10,2297.8690852495756,4
18.47183057300061,102.63795601723166,1,208,0.0,-0.0,0.0,14.750494328883157,2.547172119140625,1401.0783869878142,0.27546143531799316,80,2297.8690852495756,
18.514410528959964,102.80099858814987,1,457,1.955471158027649,90.0,-55.0,11.21970389915797,86.94615826227891,247.2191410690877,0.738180935382843,10,2416.4971798997035,4
18.6381104512836,102.87942525747788,1,474,10.071032524108887,285.8686828613281,32.0,8.471366279052653,150.65402267736667,606.0466271519268,0.7955403327941895,10,2416.4971798997035,4
18.648620552466568,103.10337468968508,1,367,20.77561378479004,144.16603088378906,50.0,9.321777360074122,1608.9383404070215,474.10212540905445,0.8478401899337769,10,2424.930783665993,4
18.504711984168715,102.58675215983496,1,208,0.0,-0.0,0.0,19.477694939487545,287.7765703125,0.0,0.18104134500026703,80,2310.9094288877463,
18.73405246954954,103.08855263778342,1,1701,34.76982879638672,234.34286499023438,19.0,7.107564684062979,588.5619477824677,2332.245443262177,0.8359012007713318,10,2424.930783665993,7
18.598763343587994,103.07022573245376,1,375,32.88895034790039,41.323612213134766,23.0,7.1793435018826255,548.6497599096342,728.2007530001064,0.8076758980751038,10,2424.930783665993,4
18.550257242328605,103.0661813277983,1,235,5.376528739929199,226.5277557373047,-6.0,9.80006948306377,159.74582228978582,262.1886658198157,0.5463751554489136,10,2424.930783665993,4
18.54648038373634,102.68969942585586,1,208,0.0,-0.0,0.0,13.651456385786517,0.848696044921875,721.2840463625334,0.005146816838532686,80,2310.9094288877463,
18.641343299547348,102.85759349872019,1,450,13.174484252929688,154.0296173095703,-1.0,8.888405203526487,397.1064081257535,801.3200306393859,0.8262029886245728,10,2416.4971798997035,4
18.589332344859955,102.88400475425976,1,452,10.065448760986328,230.32940673828125,-30.0,10.66943682218985,1355.4979546698999,1260.305316663759,0.6246078610420227,10,2416.4971798997035,4
18.52411353285226,103.05675032907025,1,686,34.26472854614258,346.96527099609375,22.0,7.12765172535822,578.2497790197376,1957.205776836166,0.8331485390663147,10,2424.930783665993,4
18.707369208845726,103.12089003862302,1,887,24.307226181030273,280.3231201171875,37.0,8.230729924868962,765.9518215979059,847.956236663706,0.8021201491355896,30,2424.930783665993,4
18.637570900056136,102.87807414985869,1,482,15.922322273254395,24.783376693725586,10.0,7.997467721378284,241.9886231033144,535.4526994831467,0.811529278755188,10,2416.4971798997035,4
18.706562111555044,103.02117562086586,1,623,23.84714126586914,75.1466064453125,23.0,9.168584570972786,1874.0468211086454,937.7042984103913,0.7291049957275391,10,2424.930783665993,4
18.699556863800087,103.07723098020874,1,567,40.795509338378906,245.62876892089844,13.0,7.988728911702982,2195.4462801842765,205.9066151916628,0.8524107933044434,10,2424.930783665993,4
18.66020975610448,102.90799025882625,1,964,38.32168960571289,111.63323974609375,82.0,6.978306600352119,670.3443179948744,494.23186138946966,0.6191177368164062,10,2416.4971798997035,4
18.670987403350658,102.8775345986312,1,1130,36.36491775512695,236.6591796875,-28.0,8.147691278104386,1873.3945260579862,292.67236153428405,0.8039693236351013,10,2416.4971798997035,4
18.508212378495667,102.68996697191906,1,269,10.670933723449707,39.35860061645508,1.0,9.511578604505418,479.8555411659234,905.0804485161154,0.6617587804794312,10,2310.9094288877463,4
18.675031808006132,102.99368972197243,1,723,19.55078125,230.3436279296875,-60.0,10.263180272573402,3613.9641628292065,0.0,0.859125554561615,10,2416.4971798997035,4
18.542707984245126,102.63283696922232,1,208,0.0,-0.0,0.0,13.651477960470956,0.8487143554687501,349.5924301061166,0.1081247478723526,80,2310.9094288877463,
18.46374622279071,102.61908956067454,1,208,0.0,-0.0,0.0,15.038222407179413,3.3963857421875,659.3461723556148,0.3114185929298401,80,2297.8690852495756,
18.67853666143414,102.9524564145312,1,1847,16.179790496826172,250.4425048828125,-12.0,8.673467335880035,492.11589605656195,1748.251833794329,0.4600718915462494,10,2416.4971798997035,4
18.513335885606075,102.62178731681188,1,208,0.0,-0.0,0.0,13.651645651814578,0.848856689453125,860.8437081680845,0.5402340292930603,10,2310.9094288877463,
18.575317390248976,103.02360137183894,1,265,5.922412872314453,81.02236938476562,9.0,9.009448819932656,88.02523704032218,247.1761286496306,0.7389777898788452,10,2424.930783665993,4
18.561841986865463,102.84573674901908,1,345,29.742652893066406,151.4338836669922,66.0,7.996466550886694,969.7656033885335,350.78500615681054,0.8478224873542786,10,2416.4971798997035,4
18.508751929723136,102.7797108397207,1,591,6.467113018035889,115.36738586425781,-24.0,9.614301423312554,192.44798014775634,1203.4065439146173,0.7313785552978516,40,2416.4971798997035,4
18.518454933615434,102.76866118731029,1,334,29.6347713470459,354.8348083496094,8.0,8.001090497034124,965.7704956481446,1319.1305522268672,0.7128625512123108,10,2416.4971798997035,4
18.51764783632476,102.57947490691573,1,208,0.0,-0.0,0.0,19.526551791613308,302.18555029296874,174.80872219505738,0.13778840005397797,80,2310.9094288877463,
18.55806958737425,102.92577761292844,1,692,10.276707649230957,10.85698413848877,4.0,9.144324219705593,307.7352639224942,1180.4518640730569,0.8283594250679016,10,2416.4971798997035,4
18.570198342239625,102.97482326541528,1,321,13.475373268127441,93.8735580444336,22.0,10.944837612456983,3253.448866850377,174.7824813060061,0.7382450699806213,10,2416.4971798997035,4
18.63029364713691,102.823369898135,1,450,10.812838554382324,53.60898971557617,13.0,8.398742448371065,162.0167289154807,553.382525347839,0.721630334854126,10,2416.4971798997035,4
18.43248792440605,102.72634877741412,1,806,10.060104370117188,230.3036346435547,-5.0,10.419559038761383,1054.647645869482,352.1222784758491,0.8643450736999512,10,2297.8690852495756,4
18.537321390172565,102.71287337403061,1,208,0.0,-0.0,0.0,15.443268208776432,5.09244287109375,233.06520680916748,0.005894172936677933,80,2310.9094288877463,
18.693898264563263,103.04489357936913,1,693,25.21021842956543,46.55192565917969,-17.0,8.189362113296413,798.4261010878022,1153.0958439742228,0.8628053069114685,10,2424.930783665993,4
18.65401160564019,102.97428371418783,1,823,11.95992374420166,133.45481872558594,4.0,10.086836164016669,1077.9886783395577,1244.1526834188007,0.5835714936256409,30,2416.4971798997035,4
18.472909675455536,102.72473458283278,1,1255,15.919761657714844,204.76234436035156,-9.0,7.998578574610576,242.1755138769848,1573.7487804017253,0.6979066133499146,30,2297.8690852495756,4
18.50848438365993,102.66598146735257,1,208,0.0,-0.0,0.0,16.424262056241712,13.5820830078125,886.1231144085793,-8.84693639818579E-4,80,2310.9094288877463,
18.54729194012807,102.67730312492729,1,208,0.0,-0.0,0.0,13.651451783126928,0.848692138671875,844.8373148855624,-0.011765425093472004,80,2310.9094288877463,
18.609812995998432,102.90259920565262,1,479,23.693241119384766,238.90621948242188,-35.0,8.66559712558974,1116.8912918980204,1094.884816839651,0.8124284148216248,10,2416.4971798997035,4
18.72327036320231,103.0454331305966,1,948,27.435422897338867,356.2243957519531,-16.0,7.39827622015671,440.1409649890284,1265.5274255162892,0.8011876344680786,10,2424.930783665993,4
18.731894264639678,103.09447878308346,1,1561,32.48670196533203,152.84756469726562,-21.0,8.292635739361849,1619.4803688544403,1717.8956966334476,0.46997666358947754,10,2424.930783665993,7
18.493929877821483,102.65951577082508,1,208,2.7802884578704834,-0.0,7.0,9.768887904612264,41.227850120105956,268.62761907423476,0.35890090465545654,30,2297.8690852495756,4
18.546752388900604,102.63526272019539,1,208,0.0,-0.0,0.0,15.44321434476923,5.092168579101562,786.573888684871,0.1443990021944046,80,2310.9094288877463,
18.592837198287963,102.87834615502295,1,398,10.845693588256836,32.33543395996094,34.0,8.395849879632408,162.55587816970845,1396.0436117360878,0.7383490204811096,10,2416.4971798997035,4
18.60765925018962,102.8694502484213,1,374,9.141368865966797,25.124645233154297,-13.0,8.57023186755035,136.51983311356923,733.4063541100687,0.7552563548088074,10,2416.4971798997035,4
18.637031348828664,103.09906273896641,1,601,36.09953689575195,40.99402618408203,-1.0,7.05898932573563,618.5483097799652,795.486562484716,0.8502751588821411,10,2424.930783665993,4
18.43060172466045,102.7072147747938,1,805,36.12985610961914,110.78089141845703,-16.0,7.752203908501667,1239.9329883625446,786.8340850785546,0.840252697467804,10,2297.8690852495756,4
18.501479135904965,102.76327013413668,1,902,16.350269317626953,6.682697296142578,0.0,8.663415250778995,498.0970953811248,1408.2127857678329,0.8120284676551819,10,2416.4971798997035,4
18.445691322625308,102.68161507564596,1,692,18.230688095092773,332.20721435546875,8.0,8.547975235278408,559.4028893369845,1631.8822721017593,0.8314898014068604,10,2297.8690852495756,4
18.646194801493497,102.82687029246195,1,412,10.79825496673584,200.995849609375,47.0,12.137702865104835,6794.682846424423,29.124065335056248,0.7074565887451172,10,2416.4971798997035,4
18.523573981624793,102.81339488907845,1,695,48.248321533203125,331.810302734375,-19.0,6.630200351128618,950.9518945511293,1722.8692104583026,0.7564041018486023,10,2416.4971798997035,4
18.730815162184737,103.04920553008783,1,1109,23.242158889770508,168.5214385986328,-31.0,9.197279187845457,1820.5260897772498,1461.9500935564813,0.8148802518844604,10,2424.930783665993,4
18.510910134633004,102.66356017548055,1,208,0.0,-0.0,0.0,16.42424817929293,13.58189453125,515.4568961296163,0.016505608335137367,80,2310.9094288877463,
18.425478217550033,102.68942742069159,1,818,25.191936492919922,226.50694274902344,-7.0,8.597190526551383,1198.4860648634485,1577.4642709110644,0.8381208777427673,10,2297.8690852495756,4
18.564807289066003,102.80423589551467,1,326,7.928401947021484,201.58299255371094,76.0,9.4081075922216,236.3655168692466,728.2715482133101,0.7721089124679565,10,2416.4971798997035,4
18.72569611417539,103.02306182061146,1,1114,31.89726448059082,207.83163452148438,-39.0,7.216877812536373,527.6670649925944,1779.0229251407272,0.7533214092254639,10,2424.930783665993,4
18.58582749143195,102.8263307412345,1,417,13.180131912231445,241.06134033203125,-21.0,8.1951323626619,198.70466038575498,417.0653737736766,0.805107593536377,10,2416.4971798997035,4
18.54863858864621,102.72716033380587,1,208,0.0,-0.0,0.0,16.13635073779611,10.184227294921875,321.7757669014854,-0.00819421373307705,80,2310.9094288877463,
18.58744614511435,103.00527892561034,1,518,27.081083297729492,34.59906005859375,4.0,7.41424734697205,433.8445128254743,556.5082885453967,0.857064425945282,10,2424.930783665993,4
18.59148609066877,102.93494106559326,1,871,14.614337921142578,259.2662048339844,-18.0,8.780792685308757,442.4771841014354,1106.8882357339653,0.8301361799240112,10,2416.4971798997035,4
18.53139078577148,103.05163128106089,1,298,12.220622062683105,13.679203987121582,18.0,9.883000073745881,919.1509953223477,1340.1476345436897,0.8281373381614685,10,2424.930783665993,4
18.533548990681346,102.84546474385482,1,378,34.985389709472656,341.5091857910156,-8.0,8.48699067608074,2375.9392557678416,692.4945601377043,0.8379181027412415,10,2416.4971798997035,4
18.587446145114345,102.95784746770482,1,655,24.089200973510742,46.53400421142578,-5.0,10.113399319664998,4931.669973808255,58.25795026887961,0.8150891661643982,10,2416.4971798997035,4
18.541361335726986,102.7349726788515,1,207,0.9274099469184875,180.0,3.0,19.15651790781569,54694.55775579549,203.9297021654594,-0.04890752211213112,80,2310.9094288877463,
18.51926203090611,102.5816331118256,1,287,3.8310232162475586,194.77008056640625,-22.0,15.322390456121097,20235.302725385132,82.40523973119822,0.8301094770431519,10,2310.9094288877463,4
18.56372818661107,102.88049990083175,1,554,9.515360832214355,54.58802795410156,-30.0,8.529668853080457,142.24289949205095,990.4523687565145,0.8260623812675476,10,2416.4971798997035,4
18.57693604393138,102.87268755578611,1,559,16.105159759521484,235.89930725097656,-12.0,7.98578074351978,245.00364224743728,436.9477646115419,0.8134539723396301,10,2416.4971798997035,4
18.677457558979206,102.98991732248122,1,839,21.60385513305664,82.95592498779297,-12.0,10.502489458297724,5709.215104372568,484.67746736926847,0.8191539645195007,10,2416.4971798997035,4
18.60631260167148,102.95568926279496,1,667,9.470052719116211,112.84152221679688,23.0,9.227433606893696,283.0371221465601,1672.734645925262,0.8485168218612671,10,2416.4971798997035,4
18.54001468720885,102.95029820962134,1,229,4.0148797035217285,256.66552734375,-9.0,11.798214310274075,655.2732849918076,495.2597535745683,0.5215699672698975,10,2416.4971798997035,4
18.554029641819824,102.61343096143773,1,208,0.0,-0.0,0.0,13.651413235021188,0.848659423828125,1180.4654903578423,0.1602742075920105,80,2310.9094288877463,
18.559148689829183,102.82902849737184,1,301,13.994939804077148,117.04243469238281,3.0,8.826138136701754,423.0175185376763,887.9085128326254,0.8247756361961365,10,2416.4971798997035,4
18.570198342239625,102.7942608864581,1,323,20.870929718017578,289.85552978515625,22.0,9.094076904677978,1294.1933547867934,1674.6821143193106,0.8070521354675293,10,2416.4971798997035,4
18.435181221442328,102.71583867623114,1,664,16.350187301635742,6.680135250091553,-25.0,12.314455896692532,19183.86952685991,29.14162406129225,0.8668964505195618,10,2297.8690852495756,4
18.64565525026603,102.97509527057954,1,563,17.70358657836914,164.4781494140625,1.0,8.57818699007155,541.5161220084365,669.8545390266381,0.7941132187843323,30,2416.4971798997035,4
18.62598169641823,102.9524564145312,1,689,4.728847980499268,11.917618751525879,-44.0,9.928664066586913,140.34754902354894,390.76302873852626,0.84330153465271,10,2416.4971798997035,4
18.43032971949618,102.67784267615475,1,757,18.755264282226562,197.5479736328125,13.0,7.824476914926514,288.37116281781186,2037.6508161387078,0.8238309621810913,10,2297.8690852495756,4
18.604961494052283,102.89559395789766,1,388,25.205738067626953,355.8380126953125,36.0,7.496929127673732,399.33616306563584,370.7327095676336,0.8309215903282166,10,2416.4971798997035,4
18.602268197016002,103.13544454446148,1,814,31.26165199279785,155.0382080078125,-1.0,8.341067097512266,1545.2192950192011,1474.04772865734,0.827906608581543,10,2424.930783665993,4
18.61951599989073,103.07804253660046,1,310,18.884380340576172,311.4921875,39.0,11.622679473731065,13058.718849724819,29.12629716464895,0.8498587608337402,10,2424.930783665993,4
18.675031808006132,103.1287068427697,1,643,18.512548446655273,345.21697998046875,-11.0,7.837069616946565,283.96696499269626,1682.515769415269,0.8235592246055603,10,2424.930783665993,4
18.46590442770058,102.60696526491023,1,208,0.0,-0.0,0.0,14.345062934640104,1.6981719970703126,1421.8557460277773,0.22922733426094055,80,2297.8690852495756,
18.55456919304729,102.8610983521482,1,280,17.32506561279297,124.8076171875,71.0,9.294876727342318,1058.9380716258727,1631.3760798977348,0.7634411454200745,10,2416.4971798997035,4
18.508484383659926,102.71368493042235,1,649,35.36793518066406,309.6839294433594,-11.0,8.878419882564854,3615.318247294451,1314.0100084733615,0.8394261598587036,10,2310.9094288877463,4
18.4634786767275,102.64226796795036,1,208,0.0,-0.0,0.0,13.651929555590431,0.8490977172851563,1092.2372877656414,0.2725016474723816,80,2297.8690852495756,
18.66991275999678,103.1287068427697,1,705,31.87535285949707,204.3408966064453,-71.0,7.218052055889282,527.3869270515747,1747.3247757844883,0.8177199959754944,10,2424.930783665993,4
18.566153937584144,102.7797108397207,1,269,1.3479084968566895,313.4695739746094,-17.0,10.493076952811782,19.96738702152422,82.3942029969342,0.5039606094360352,40,2416.4971798997035,4
18.544059091864323,102.91203020438067,1,246,10.659798622131348,133.4733123779297,31.0,10.205589763164234,958.4900181841427,932.2428935100552,0.7958841323852539,10,2416.4971798997035,4
18.519801582133574,102.88481185155042,1,667,35.83747100830078,350.47564697265625,19.0,7.069282576848959,613.0364496138402,1689.807259126924,0.8297573328018188,10,2416.4971798997035,4
18.656704902676474,102.95838701893229,1,874,24.859737396240234,199.3829345703125,-29.0,10.15144075555048,5501.69932074923,203.8622959091734,0.765769898891449,10,2416.4971798997035,4
18.600109992106134,102.95919411622297,1,676,19.25958824157715,111.75496673583984,1.0,7.79492234588608,296.4462851802591,909.985248957538,0.839607834815979,10,2416.4971798997035,4
18.6381104512836,102.9980016726911,1,442,16.992820739746094,42.13196563720703,-13.0,9.538112961510166,1296.1000976494884,873.742267099633,0.8467331528663635,10,2416.4971798997035,4
18.533816536744556,102.70290282407511,1,207,1.347774624824524,313.4749755859375,4.0,14.182240595681877,798.7637474100594,87.40032618132247,-0.015069864690303802,80,2310.9094288877463,
18.543787086700064,103.00231362340979,1,235,3.8310587406158447,165.2279052734375,-3.0,9.447310415545816,56.8333088941981,659.1957694797502,0.5416638851165771,10,2424.930783665993,4
18.562113992029726,103.05890853398012,1,237,2.7802884578704834,180.0,-7.0,10.867111022743696,123.63542573159715,82.39515710320904,0.6259909868240356,30,2424.930783665993,4
18.528697488735197,103.07804253660046,1,541,27.75140380859375,289.7810363769531,-59.0,8.079106035268522,893.1850344597063,1631.496630062793,0.8384003639221191,10,2424.930783665993,4
18.670719857287455,102.93035710971034,1,1208,8.217886924743652,235.91395568847656,-2.0,9.776624318083107,367.4463955048364,887.6243870524482,0.8065812587738037,10,2416.4971798997035,4
18.65832355635887,103.1195433901049,1,732,37.41824722290039,66.29570770263672,-50.0,7.010857670639631,648.8893118735772,1135.7989481732172,0.873094379901886,10,2424.930783665993,4
18.68634900647978,102.91553505780867,1,1312,28.897510528564453,240.0951690673828,34.0,7.337154760555279,468.0814664906505,1441.40113587338,0.8197126388549805,10,2416.4971798997035,4
18.484231333030237,102.69509047902946,1,423,20.013460159301758,280.2400207519531,0.0,8.852620966652454,927.7071281084743,509.6991605377918,0.6838562488555908,10,2297.8690852495756,4
18.61789734620833,102.82740984368942,1,507,8.818022727966309,33.40538024902344,17.0,8.606782117737547,131.6046350888384,1484.3053961271473,0.8102613091468811,10,2416.4971798997035,4
18.546480383736338,102.65115941545093,1,208,0.0,-0.0,0.0,13.651456385786517,0.848696044921875,757.4420943987649,0.1237264946103096,80,2310.9094288877463,
18.598763343587994,102.8001914908592,1,347,4.9676337242126465,100.73336029052734,-44.0,12.741523176700298,2581.1149248800257,82.38651048184406,0.8130372762680054,10,2416.4971798997035,4
18.667215003859443,102.81312734301524,1,1118,13.62746810913086,113.61774444580078,-25.0,8.160038690333822,205.6095120474781,1172.1501614454364,0.7724300622940063,10,2416.4971798997035,4
18.6575164590682,102.88589095400538,1,693,8.779601097106934,160.61697387695312,12.0,10.402750104144777,785.9537986847006,1513.561816321412,0.8293644785881042,10,2416.4971798997035,4
18.547559486191275,102.85921215240259,1,226,7.928295135498047,201.5810089111328,-29.0,10.794514201810111,945.5423947143748,873.9689447048984,0.8163877129554749,40,2416.4971798997035,4
18.551064339619284,102.62852501850362,1,208,0.0,-0.0,0.0,13.651430207877707,0.848673828125,1252.6762982523157,0.17495007812976837,80,2310.9094288877463,
18.570737893467083,102.8430434519828,1,343,7.352062225341797,67.89024353027344,36.0,9.484446078009999,218.9784160017164,535.5553087866193,0.8361586332321167,10,2416.4971798997035,4
18.5467523889006,102.75787908096304,1,206,0.9274099469184875,-0.0,-3.0,10.86719880502742,13.738476336300954,640.912057446932,-0.027733974158763885,80,2416.4971798997035,
18.51468253412422,102.98721956634387,1,697,4.789806365966797,125.41971588134766,-1.0,9.223286316257523,71.12785570521203,2252.648718432865,0.8167146444320679,10,2416.4971798997035,4
18.682848612152824,102.83280089686305,1,1558,26.485258102416992,28.694589614868164,3.0,7.4395512383891615,422.54093331275493,1933.8621092184167,0.6939509510993958,10,2416.4971798997035,4
18.56372818661107,102.9015201031977,1,606,14.550956726074219,356.2279357910156,-34.0,8.092344278347527,220.27146792825104,524.3571364005077,0.8227888345718384,10,2416.4971798997035,4
18.646734352720966,103.03815587767738,1,416,10.067423820495605,50.33892059326172,-39.0,11.036631935160623,1957.6887963267654,515.2565170682925,0.7881642580032349,10,2424.930783665993,4
18.677725105042416,103.0680675275439,1,360,20.597789764404297,352.16046142578125,-10.0,8.82017558255957,956.1794222055396,309.5649901947843,0.8419678807258606,10,2424.930783665993,4
18.578550238512726,102.839806144618,1,325,38.30598449707031,334.380615234375,50.0,6.979338748656105,670.2807521841783,574.527821477226,0.8225993514060974,10,2416.4971798997035,4
18.623020853318742,102.87052935087624,1,302,5.3777313232421875,313.46002197265625,25.0,13.989082479277087,10541.202137779585,123.57116872569577,0.7953248620033264,10,2416.4971798997035,4
18.617357794980865,102.9149955065812,1,485,23.093015670776367,9.221020698547363,-34.0,10.731185476670706,8319.800037445822,145.6323869002284,0.8376948237419128,10,2416.4971798997035,4
18.667215003859443,103.0858548816461,1,371,12.221151351928711,193.68971252441406,1.0,8.272738922067644,183.69532918897352,859.9713578533444,0.8502190709114075,10,2424.930783665993,4
18.60765925018962,102.96916466617847,1,648,24.531360626220703,304.5767517089844,-5.0,7.527764058927185,387.1985885913538,1514.618938965652,0.8381540179252625,10,2416.4971798997035,4
18.520880684588505,102.6848479239097,1,208,0.0,-0.0,0.0,15.261040493555607,4.244100646972656,495.2868031706675,0.015186378732323647,80,2310.9094288877463,
18.526811288989588,102.80612209526028,1,497,7.058190822601318,285.15802001953125,-6.0,8.832775238311067,105.09364116077487,1340.1651738182254,0.6893123388290405,10,2416.4971798997035,4
18.58502039414127,102.89963390345208,1,618,0.0,-0.0,0.0,13.651235937752508,0.8485089721679687,1153.456574110779,0.7168717384338379,10,2416.4971798997035,4
18.633530954501712,103.12654863785984,1,853,23.437824249267578,210.81544494628906,-13.0,7.579013700103574,367.7455342827245,1553.491725284478,0.7967103719711304,30,2424.930783665993,4
18.64080374831988,102.83495464267185,1,422,7.370009422302246,41.33066940307617,0.0,12.795765120552106,6034.3447689558625,29.12451695381348,0.717082142829895,10,2416.4971798997035,4
18.535163185262693,102.85894014723833,1,290,32.30295181274414,356.9040222167969,43.0,8.588537047304603,2146.4770376595475,466.13327962611726,0.822921097278595,10,2416.4971798997035,4
18.454854775290134,102.70155617555696,1,309,17.098064422607422,273.0166015625,17.0,10.695756762095732,4179.167840617343,186.58701877722328,0.8207539319992065,10,2297.8690852495756,4
18.542707984245126,102.89532195273341,1,239,14.083943367004395,147.01315307617188,26.0,9.512778702452955,851.7179119652136,349.5924301061166,0.7748398780822754,10,2416.4971798997035,4
18.626253701582492,102.92389141318284,1,642,30.274688720703125,356.6448059082031,-16.0,7.281508916001408,495.20878575263976,887.2599103067264,0.8452174067497253,10,2416.4971798997035,4
18.64835300640336,102.8220187905158,1,480,14.514817237854004,133.4557647705078,-22.0,10.733513056577635,3074.311118388092,29.123885104734054,0.5511466860771179,30,2416.4971798997035,4
18.629758555010497,103.01174462213783,1,398,3.3980937004089355,35.12754440307617,20.0,14.294450861360339,5691.749829614893,145.6272056314325,0.7585232257843018,10,2424.930783665993,4
18.512796334378606,102.66760012103498,1,208,0.0,-0.0,0.0,15.261086656063462,4.244296569824219,805.8395467976893,0.02349270135164261,80,2310.9094288877463,
18.67071985728745,102.97805611367905,1,1195,14.173112869262695,71.3068618774414,-26.0,8.812322808027691,428.35347858924825,1689.076665932733,0.6172149181365967,10,2416.4971798997035,7
18.50497953023192,102.62448061384815,1,208,0.0,-0.0,0.0,15.261131162756568,4.244485473632812,1652.8009108268539,0.16074298322200775,80,2310.9094288877463,
18.437606972415406,102.74278948299819,1,1271,40.93473815917969,214.78977966308594,-17.0,7.579851589064065,1473.0427615747396,1937.4116420754804,0.6810305714607239,30,2297.8690852495756,4
18.659402658813804,103.01174462213784,1,675,18.393131256103516,240.868408203125,24.0,7.844101229226721,282.02795977662913,1048.4265540598506,0.8369735479354858,10,2424.930783665993,4
18.489078375875334,102.69859087335644,1,474,29.572006225585938,323.01434326171875,56.0,9.795567901376321,5780.830652475945,392.0003888653753,0.8601213693618774,10,2297.8690852495756,4
18.600381997270397,103.00069496972739,1,290,6.046126842498779,220.16738891601562,-5.0,8.988480195241355,89.86468369412643,105.0221188454001,0.8434410095214844,10,2424.930783665993,4
18.539747141145643,102.78914183844876,1,218,7.536704063415527,211.0776824951172,-26.0,16.99909658007307,422436.5775971276,29.132948678952303,0.5799767374992371,10,2416.4971798997035,
18.651585854667115,102.90502495662571,1,600,16.405250549316406,219.66781616210938,-2.0,12.269926744848807,18479.19597928605,116.49445902863792,0.7550894021987915,30,2416.4971798997035,4
18.495008980276417,102.59591561249978,1,208,0.0,-0.0,0.0,19.335329888436277,249.58993981933594,41.2054698683356,0.2814449965953827,80,2297.8690852495756,6
18.649967200984715,103.11549898544939,1,488,25.577136993408203,198.73912048339844,-49.0,8.173084297325886,811.9396578377234,232.9899994500837,0.6011553406715393,10,2424.930783665993,4
18.663175058305022,103.0454331305966,1,470,31.911571502685547,98.97306823730469,87.0,8.826119491785605,2640.755449645491,985.447598144602,0.8498591184616089,10,2424.930783665993,4
18.544594183990736,102.60642571368277,1,208,0.0,-0.0,0.0,14.344614353746865,1.697410400390625,553.5183621800707,0.18015848100185394,80,2310.9094288877463,
18.545945291609932,103.05944362610654,1,227,0.0,-0.0,0.0,14.344606658746477,1.6973973388671875,227.53157766659382,0.4049829840660095,40,2424.930783665993,4
18.482880225411044,102.71098717428501,1,1241,16.275672912597656,276.36663818359375,-8.0,7.975203608728698,247.87488171800527,1879.323416526876,0.760826826095581,10,2297.8690852495756,4
18.55995578711985,102.78321569314872,1,280,2.7802884578704834,180.0,14.0,10.461658213361222,82.42463086608956,849.3150621701593,0.4213235080242157,30,2416.4971798997035,4
18.697670664054478,103.01497747040158,1,1161,30.579334259033203,37.397361755371094,20.0,7.26892216340774,501.06935780609876,1759.2764520232613,0.8429803252220154,10,2424.930783665993,4
18.545673286445666,102.98991732248122,1,238,8.81690788269043,146.60577392578125,10.0,8.607324103250315,131.64215780265857,433.0850831060617,0.829550564289093,10,2416.4971798997035,4
18.714646461764946,103.04246782839607,1,797,38.992557525634766,181.20970153808594,49.0,7.647135926536792,1372.829663111361,864.7701537537256,0.8473586440086365,10,2424.930783665993,4
18.569658791012156,102.9443720643213,1,728,25.82904624938965,209.59812927246094,39.0,8.56775934972872,1232.2565238521331,1463.7873758679873,0.8149335980415344,10,2416.4971798997035,4
18.592837198287963,102.95542171673176,1,649,27.528629302978516,216.14552307128906,13.0,8.088200048149005,884.4500159511153,638.8384190347084,0.8497186899185181,10,2416.4971798997035,4
18.552143442074218,102.67353072543605,1,208,0.0,-0.0,0.0,14.750036311555194,2.5460057373046876,460.616049194327,-0.018818605691194534,80,2310.9094288877463,
18.602268197016002,102.97913521613397,1,599,8.329994201660156,207.81443786621094,41.0,8.664665387509558,124.22547366603126,976.9740265719408,0.8372448086738586,10,2416.4971798997035,4
18.530583688480807,102.762463036846,1,206,0.0,-0.0,0.0,16.13645386185099,10.185277587890626,123.60386879801108,-0.010054527781903744,80,2416.4971798997035,
18.51764783632476,103.04166073110538,1,737,6.537189483642578,171.43240356445312,10.0,8.91023292787625,97.27077999186959,2307.3574136607012,0.8087533116340637,10,2424.930783665993,4
18.536509833780837,102.99530391655377,1,226,0.9274099469184875,-0.0,4.0,16.933365361535817,5921.629507211844,116.53287156957045,0.4071474075317383,40,2416.4971798997035,4
18.631372749591847,102.92604515899166,1,623,8.599554061889648,295.3514099121094,-14.0,8.632182672297388,128.28405633708172,873.759178801037,0.8030585646629333,10,2416.4971798997035,4
18.538128487463236,102.81447399153338,1,255,10.659610748291016,46.52571487426758,10.0,16.616364650132237,583090.6600407023,145.66541904872489,0.8288938403129578,10,2416.4971798997035,4
18.60819880141709,102.79938439356853,1,647,19.31591796875,165.8975067138672,-44.0,8.484869738645422,594.7375433663619,578.1592502523364,0.8393957614898682,10,2416.4971798997035,4
18.51710828509729,102.87484130159494,1,779,4.321768760681152,244.63369750976562,9.0,10.019679227598232,128.29764048718593,1981.1685809867527,0.8233136534690857,10,2416.4971798997035,4
18.634338051792387,102.95811501376804,1,560,34.7593994140625,234.32688903808594,-6.0,7.801674804778533,1177.3425702917739,349.500691556451,0.8308607935905457,10,2416.4971798997035,4
18.523845986789055,103.08046828757352,1,750,28.220056533813477,354.5234375,-2.0,8.059394065327105,911.01658651263,1611.6282777261033,0.8231498003005981,10,2424.930783665993,4
18.691472513590192,103.06456713321695,1,388,18.88914680480957,87.288330078125,-1.0,7.8153315103221574,290.15248207136443,164.72912780341855,0.7337368130683899,10,2424.930783665993,4
18.57882224367698,102.90017345467955,1,608,17.195117950439453,353.6632385253906,9.0,7.916447923065678,262.58748912635883,1106.9283654555068,0.8020156621932983,10,2416.4971798997035,4
18.52384598678905,102.9899173224812,1,719,28.110973358154297,-0.0,-10.0,7.370822078458828,453.4290147644477,1317.5006006228618,0.8218149542808533,10,2416.4971798997035,4
18.680690407242956,103.063488030762,1,354,5.37868595123291,46.5496711730957,3.0,11.813820620602254,1197.6805664804413,58.24235045668014,0.7588918209075928,10,2424.930783665993,4
18.60765925018962,102.99395726803563,1,278,11.171406745910645,205.6231689453125,22.0,13.967553384071454,45405.38670331945,29.127287287801,0.8385365009307861,10,2416.4971798997035,4
18.52114823065171,102.89694060641581,1,553,17.702720642089844,15.511059761047363,-6.0,8.578952220173326,541.8741208851263,1834.5480999300705,0.8321794867515564,10,2416.4971798997035,4
18.5467523889006,102.71583867623114,1,208,0.0,-0.0,0.0,13.651454875541175,0.8486947631835937,786.573888684871,-0.01063496619462967,80,2310.9094288877463,
18.426824866068173,102.67568447124486,1,684,5.547544956207275,180.0,5.0,10.17473452573655,247.4615083036805,1772.6578304036586,0.8599367737770081,10,2297.8690852495756,4
18.543787086700064,103.04004207742298,1,227,4.014959812164307,103.33419799804688,2.0,15.18102096071148,19300.74672309354,0.0,0.6339701414108276,10,2424.930783665993,4
18.596337592614923,102.93871346508449,1,954,18.44839096069336,112.84272003173828,15.0,7.84124627507096,283.03916279050685,1637.6699411794416,0.8204024434089661,10,2416.4971798997035,4
18.661288858559416,102.88615850006859,1,852,33.069580078125,206.49285888671875,23.0,8.78151827248073,2761.2624480584464,1592.1944625016438,0.8176026940345764,10,2416.4971798997035,4
18.63217984688252,103.09232503727463,0,571,26.055572509765625,163.76864624023438,-57.0,8.151885496504626,829.5050341427648,553.3795192026438,0.809735119342804,10,2424.930783665993,4
18.727854319085253,103.03519057547683,0,1056,28.30486297607422,172.70645141601562,7.0,8.054673884652498,913.185381234687,1892.6190269058006,0.7741984724998474,10,2424.930783665993,4
18.55753003614678,103.13651918781534,0,992,27.793384552001953,202.8767852783203,-13.0,8.077164100844257,894.6263854680012,1485.704892701859,0.7379097938537598,10,2424.930783665993,4
18.7197655097743,103.07804253660046,0,1101,36.518619537353516,136.1730499267578,-51.0,8.652621898014694,3139.0191429736196,1257.4750969242953,0.817719042301178,10,2424.930783665993,4
18.57639649270391,102.97105086592407,0,729,38.93050765991211,149.50967407226562,1.0,7.6501454509340805,1370.8810527733222,938.0550215470876,0.8227848410606384,10,2416.4971798997035,4
18.684195260670965,102.98506582053507,0,1108,36.637027740478516,148.0955352783203,-61.0,8.425364978186636,2522.6009265912317,1359.6676615637896,0.7348098754882812,10,2416.4971798997035,7
18.554569193047293,102.93224330945594,0,618,40.225826263427734,136.65626525878906,5.0,7.604228991688985,1435.6532344547168,1826.0265070149692,0.8158437609672546,10,2416.4971798997035,4
18.649427649757246,103.12277623836862,0,550,29.11667251586914,171.17759704589844,-11.0,10.272786665916337,8976.034232035194,174.74276993492822,0.8515027165412903,10,2424.930783665993,4
18.601461099725334,103.03061107869496,0,620,34.423763275146484,165.56829833984375,-33.0,7.814397662005899,1162.896954358106,1788.219494841435,0.8266817331314087,10,2424.930783665993,4
18.674224710715457,102.96970421740595,0,1761,36.51225280761719,208.99412536621094,2.0,7.043678920451831,627.8228015067676,1997.7583493414015,0.5670791864395142,10,2416.4971798997035,7
18.56885169372148,103.03276482450377,0,238,1.3479200601577759,133.4691162109375,-4.0,10.493052979026382,19.967251041502987,186.52637481325948,0.5603989958763123,50,2424.930783665993,4
18.54540574038246,103.01497747040158,0,228,3.467711925506592,122.29484558105469,1.0,10.240364392709694,102.85750168983598,759.6820913269,0.5689020156860352,10,2424.930783665993,4
18.562113992029726,103.08424068706475,0,535,23.624725341796875,177.7626190185547,-22.0,8.263658676645946,742.3785214299519,891.7158539493229,0.8193408250808716,10,2424.930783665993,4
18.670719857287448,102.97105086592407,0,1597,47.6318473815918,110.75418853759766,-28.0,6.650990288416777,929.8161679824333,1775.2487741048965,0.4135299324989319,10,2416.4971798997035,7
18.645655250266028,102.94545116677624,0,700,19.788740158081055,171.8103790283203,-47.0,8.863951493143402,915.5624281476628,597.5767836773252,0.8234993815422058,10,2416.4971798997035,4
18.55025724232861,103.12546953540492,0,619,29.2971248626709,213.21298217773438,-37.0,7.321521684017444,476.1997358227529,699.1697755195086,0.8084515929222107,10,2424.930783665993,4
18.64996720098472,103.1252019893417,0,633,28.41265869140625,189.0853729248047,-27.0,7.3574743977618775,458.85835278489714,234.803178542814,0.8536779880523682,10,2424.930783665993,4
18.661828409786875,102.90771825366198,0,1118,30.497589111328125,188.33995056152344,-52.0,7.2723886527020705,499.5415954857961,638.7119149815161,0.8182346820831299,10,2416.4971798997035,4
18.65050675221218,103.10957284014937,0,552,25.147489547729492,180.0,-44.0,7.499308281556072,398.1789353486335,576.6199378571425,0.8520772457122803,10,2424.930783665993,4
18.716804666674815,103.12789528637799,0,1433,18.602792739868164,156.03184509277344,-64.0,7.8316084100418495,285.3845543731945,1547.9244997996761,0.8532615900039673,10,2424.930783665993,4
18.548906134709416,103.00527892561034,0,231,1.347836971282959,133.47247314453125,-2.0,10.493228641520894,19.968295927582076,494.38959167783355,0.43297460675239563,50,2424.930783665993,4
18.714646461764946,103.06860707877138,0,1227,35.852699279785156,143.75070190429688,-10.0,7.06760462711251,612.6943967721973,1141.5720665565052,0.6942557692527771,10,2424.930783665993,4
18.65239295195779,102.97724901638836,0,749,29.079256057739258,129.82064819335938,-40.0,8.716161821015008,1886.7573401297054,1397.9302390051516,0.8384924530982971,10,2416.4971798997035,4
18.649160103694044,103.10310268452082,0,397,23.68964385986328,144.26113891601562,-9.0,9.17636745760739,1860.7474458575866,494.2475637743447,0.840291440486908,10,2424.930783665993,4
18.59526294926104,103.14730129416257,0,1048,11.635514259338379,19.376461029052734,-53.0,8.323706196619582,174.71179385525363,1680.631003088566,0.7616662383079529,10,2424.930783665993,4
18.71707221273802,103.11792473642247,0,1241,23.09332847595215,170.77365112304688,-11.0,7.595102270343119,361.52838429868353,815.3073974543283,0.8362593054771423,10,2424.930783665993,4
18.710066964983056,103.11469188815873,0,1012,28.186012268066406,159.46218872070312,-8.0,7.366604998127811,454.3731335117302,658.8812013557529,0.8092343211174011,10,2424.930783665993,4
18.694705361853938,103.09205303211039,0,827,9.37944507598877,218.3712921142578,-69.0,8.54356775761195,140.06872537010875,996.0572667951135,0.8189777135848999,10,2424.930783665993,4
18.717879310028696,103.02979952230322,0,697,36.002845764160156,159.3391876220703,-20.0,8.853830016768063,3696.428604083235,815.3054899804044,0.8006535172462463,10,2424.930783665993,4
18.702522166000627,103.06833953270815,0,689,37.41644287109375,139.6200408935547,-85.0,7.010668435102712,648.6818638837377,700.0765202142359,0.832014262676239,10,2424.930783665993,4
18.673952705551198,102.96997176346913,0,1757,34.79143524169922,219.7489776611328,-16.0,7.10710632541784,589.2400060303277,1987.972074746198,0.6163308620452881,10,2416.4971798997035,7
18.632719398109984,103.09636498282906,0,497,31.669021606445312,144.43939208984375,-44.0,9.865367974032106,7325.823210283094,614.3966151303193,0.8540325164794922,10,2424.930783665993,4
18.712760262019337,103.04030962348621,0,652,40.66059875488281,168.52264404296875,-31.0,6.894802586399418,728.2832519530014,556.3078550276184,0.8764500617980957,10,2424.930783665993,4
18.706022560327582,103.11172658595818,0,915,27.498775482177734,174.3473663330078,-82.0,7.395673952797031,441.37569587892494,611.5000480096631,0.813611626625061,10,2424.930783665993,4
18.68608146041657,103.10364223574828,0,795,30.234994888305664,166.4343719482422,-31.0,7.282756680820795,494.25105720659025,1091.5416801207905,0.8689833283424377,10,2424.930783665993,4
18.696591561599543,103.11819674158674,0,819,22.892757415771484,175.35728454589844,-59.0,10.313005819180647,5371.022918553139,58.23968231114525,0.8092473149299622,10,2424.930783665993,4
18.721656168620964,103.08801308655596,0,1186,13.457265853881836,90.0,-32.0,9.27138610805496,608.6409112993556,991.7143766151404,0.7477027177810669,10,2424.930783665993,4
18.702789712063833,103.08450823312796,0,1043,11.034407615661621,174.97210693359375,-28.0,8.377541103071794,165.3503518055662,815.3409976094741,0.8348398804664612,10,2424.930783665993,4
18.7213841634567,103.07992873634608,0,1196,27.836854934692383,191.1983184814453,-25.0,8.074384357183694,895.4292026393886,1260.163357151184,0.778139054775238,10,2424.930783665993,4
18.715993110283087,103.04435402814168,0,975,32.50042724609375,187.70887756347656,-77.0,7.886733731445761,1080.3236836809801,1077.3738631974854,0.8138503432273865,10,2424.930783665993,4
18.65724445390394,102.92038655975482,0,1073,54.979915618896484,176.56809997558594,9.0,6.387433570142287,1210.3908807400796,679.8865506396804,0.7775587439537048,10,2416.4971798997035,4
18.711681159564403,103.05163128106089,0,709,38.735626220703125,171.42276000976562,-69.0,6.963184156881916,680.1551036686598,495.01575964298536,0.8655321002006531,10,2424.930783665993,4
18.535163185262697,102.93817391385703,0,224,2.946821689605713,340.6298828125,11.0,17.45017769884845,100402.53481356929,29.13332997663233,0.3412895202636719,50,2416.4971798997035,4
18.71249271595613,103.0694186351631,0,1078,31.975793838500977,124.78264617919922,-26.0,7.213900884172598,529.3209318899275,939.0436354178382,0.8052459359169006,10,2424.930783665993,4
18.683923255506706,102.98749157150814,0,1063,34.31794738769531,133.44976806640625,-37.0,8.223352298495362,1736.6225862795427,1171.3700726789841,0.8089128136634827,10,2416.4971798997035,4
18.57936179490445,102.97185796321475,0,891,29.620555877685547,122.74935150146484,0.0,7.308172523386176,482.43853889084505,1208.4416451686163,0.7740941047668457,10,2416.4971798997035,4
18.711141608336938,103.03734878038671,0,567,15.846620559692383,142.9784393310547,-27.0,11.914086215782651,12033.758078175164,205.89973809705904,0.8471742868423462,10,2424.930783665993,4
18.559416235892385,103.09339968062854,0,567,39.674617767333984,159.51449584960938,15.0,8.029210303025513,2111.742304262553,1689.616058111465,0.832280695438385,10,2424.930783665993,4
18.61089209845337,103.10121648477521,0,630,31.077167510986328,165.2223358154297,-37.0,9.195586185742652,3579.2149202392698,1422.4604513506652,0.84852135181427,10,2424.930783665993,4
18.70682965761825,103.08424068706475,0,1013,26.317535400390625,111.1008529663086,-39.0,7.446762885467187,419.3886855818614,679.789474435448,0.8021566867828369,10,2424.930783665993,4
18.552143442074218,102.93547615771968,0,385,32.08855056762695,119.37493133544922,-33.0,9.002204435146142,3192.795010887799,1806.1788444299768,0.8361878395080566,10,2416.4971798997035,4
18.552682993301683,103.12035048739556,0,622,33.30039978027344,146.9155731201172,-30.0,7.85705585243239,1114.9557035151577,961.3518039800128,0.8211246132850647,10,2424.930783665993,4
18.631372749591847,103.09205303211039,0,531,27.836381912231445,168.80746459960938,-49.0,8.074922607094607,895.8754723916129,466.00489536055306,0.8404846787452698,10,2424.930783665993,4
18.65293250318526,102.91364885806308,0,850,22.58490753173828,120.39295196533203,-60.0,7.620279214576105,352.80046322852223,494.2422111487949,0.814444363117218,10,2416.4971798997035,4
18.687160562871505,102.97616991393345,0,1682,56.14781188964844,182.62791442871094,-152.0,7.442164613416996,3792.754693921557,2017.9569425044128,0.34943559765815735,10,2416.4971798997035,7
18.711141608336938,103.06968618122629,0,1034,18.151458740234375,110.22052001953125,-43.0,8.551117977447086,555.9552141878298,848.946368461187,0.8048357963562012,10,2424.930783665993,4
18.677725105042416,102.81070159204216,0,1689,35.456607818603516,210.25735473632812,7.0,7.082413566353132,603.9449276819605,2114.8651459252,0.5484758019447327,30,2416.4971798997035,4
18.714918466929205,103.13625164175214,0,1336,28.412887573242188,170.91119384765625,-26.0,7.357090739318101,458.69109826033485,864.769468989898,0.8263746500015259,10,2424.930783665993,4
18.615204049172053,102.97536281664276,0,560,32.431907653808594,133.46131896972656,-26.0,8.988566490135375,3234.2998111584884,856.6406994556511,0.8429313898086548,10,2416.4971798997035,4
18.665868355341303,103.02064052873945,0,750,22.296031951904297,123.55155944824219,-56.0,9.580405311077975,2434.381549157617,1730.273613433364,0.8374014496803284,10,2424.930783665993,4
18.634877603019852,103.10040938748453,0,555,27.99656867980957,167.00083923339844,-65.0,7.374997288544809,450.9660618873384,976.8826194070654,0.8227207660675049,10,2424.930783665993,4
18.71707221273802,103.12816729154225,0,1422,36.63545227050781,98.76493072509766,-14.0,7.0389384458153,630.4944678625361,1511.9007949174031,0.8467746376991272,10,2424.930783665993,4
18.65993775094022,102.91445595535373,0,839,47.777374267578125,129.17288208007812,93.0,10.740294309887702,56077.84362064244,29.122914775809488,0.6642885208129883,10,2416.4971798997035,4
18.712220710791875,103.040042077423,0,614,29.57933807373047,176.54742431640625,-60.0,7.3090839311229105,481.2634825324013,494.15782405839224,0.8173895478248596,10,2424.930783665993,4
18.658051551194607,102.97347661689714,0,983,29.01323890686035,187.078369140625,-25.0,8.941987450062376,2351.9766050570015,1427.030577323318,0.8402228951454163,10,2416.4971798997035,4
18.650239206148974,103.10552843549391,0,478,30.10567283630371,149.93858337402344,-27.0,7.288157742622859,491.79160110765537,698.9694450805771,0.8634942770004272,10,2424.930783665993,4
18.684195260670965,103.00931887116477,0,1488,45.884483337402344,171.42413330078125,34.0,6.712031809946329,874.6206136821763,1957.8244101293756,0.5193616151809692,10,2424.930783665993,4
18.707641214009982,103.06968618122629,0,957,25.201818466186523,139.1789093017578,-48.0,7.496516160318191,399.0295633919627,786.2106688542915,0.8341275453567505,10,2424.930783665993,4
18.57693604393138,102.97132287108833,0,765,44.839195251464844,147.833251953125,39.0,7.4422872648007,1687.5970236484588,979.2137080760176,0.8027753233909607,10,2416.4971798997035,4
18.710606516210525,103.11469188815873,0,1048,27.58708381652832,172.48184204101562,-31.0,7.391888382778262,443.0263128276559,619.0713155212184,0.8338572382926941,10,2424.930783665993,4
18.684462806734167,102.99153151706257,0,1058,29.40106201171875,152.94244384765625,-27.0,8.415117712081178,1433.573728266911,1045.5158868838685,0.8421574831008911,10,2416.4971798997035,4
18.65185340073032,103.11792473642247,0,607,35.1295280456543,171.62228393554688,-84.0,8.193280292230368,1790.300056203623,436.85387556224106,0.7808034420013428,10,2424.930783665993,4
18.60146109972533,103.02252672848506,0,641,42.741783142089844,183.1785125732422,9.0,7.515442002855654,1568.1082012675324,1344.935188904475,0.8397558331489563,10,2424.930783665993,4
18.645115699038566,102.9330504067466,0,630,27.182945251464844,86.38555145263672,-9.0,8.795830346140788,1742.4196544784381,698.9797307951783,0.8143083453178406,10,2416.4971798997035,4
18.65050675221218,102.91122310709001,0,708,20.906505584716797,192.92230224609375,-46.0,8.398605130311768,648.0053826770044,515.2509369968888,0.8223347067832947,10,2416.4971798997035,4
18.54540574038246,103.01470992433838,0,230,3.3975374698638916,144.8858184814453,-6.0,10.260857486163266,100.77108488094756,775.7120712011813,0.4875015318393707,50,2424.930783665993,4
18.60469394798908,103.0303390735307,0,713,31.873676300048828,155.66737365722656,18.0,7.218491972291963,527.5501315155764,1809.6616960364615,0.8242586851119995,10,2424.930783665993,4
18.558881143765973,103.08801308655596,0,422,34.78424835205078,162.842529296875,-16.0,7.8011815182742925,1178.9427911314322,1422.6723733255421,0.8371044993400574,10,2424.930783665993,4
18.69685910766275,103.11819674158674,0,828,23.028478622436523,151.15371704101562,-27.0,10.306409540225028,5406.552445816153,58.23963829515084,0.7808592915534973,10,2424.930783665993,4
18.56130689473905,103.11495943422193,0,998,34.81681823730469,152.19122314453125,-10.0,7.106807485979532,590.1786486775682,1893.5250235395645,0.7962186932563782,10,2424.930783665993,4
18.683383704279233,103.1074146352395,0,590,29.242403030395508,169.44747924804688,-33.0,7.322997173496492,474.77176836834917,700.1151194924962,0.8681735396385193,10,2424.930783665993,4
18.713567359310012,103.06887908393564,0,1138,36.120365142822266,133.4447479248047,4.0,7.057785144349995,618.7480354471002,1049.8794137648692,0.8044231534004211,10,2424.930783665993,4
18.59499094409678,103.01282372459275,0,485,31.597139358520508,180.0,-42.0,7.229336606276154,521.9179959160633,582.5669095490771,0.8506577014923096,10,2424.930783665993,4
18.692547156944073,103.12682064302412,0,931,28.46561622619629,140.92112731933594,-23.0,7.355022061316502,459.75955858198176,873.605421162647,0.8170855641365051,10,2424.930783665993,4
18.68580945525231,103.10768664040377,0,751,27.69083595275879,213.610595703125,-104.0,7.387625044963013,445.0463365269469,728.0186653259573,0.8552271127700806,10,2424.930783665993,4
18.708987862528122,103.0616018310164,0,903,38.06650161743164,152.72357177734375,15.0,6.9871908177215385,664.0419346497874,582.3760094700416,0.8040487170219421,10,2424.930783665993,4
18.5548367391105,103.13705873904281,0,838,37.02248764038086,170.88079833984375,-3.0,7.718938556531991,1280.0603585890624,1194.3993993002628,0.78144371509552,10,2424.930783665993,4
18.64808100123911,103.12466243811423,0,540,30.415754318237305,164.81617736816406,-54.0,10.220175465716759,9461.063162900715,29.123907109658745,0.8274877667427063,10,2424.930783665993,4
18.5925651931237,103.03950252619552,0,347,33.94989776611328,152.82972717285156,-80.0,9.218536859573861,4569.783355188369,786.4707874031155,0.8443758487701416,10,2424.930783665993,4
18.674492256778667,102.96943221224168,0,1770,36.307315826416016,210.77175903320312,-3.0,7.0511651153556745,623.1383731437885,2008.3415444782652,0.40826743841171265,10,2416.4971798997035,7
18.550792334455025,103.14271733827964,0,531,28.896080017089844,148.27005004882812,-40.0,8.724286017986678,1873.6723031806243,955.60160015191,0.820439338684082,10,2424.930783665993,4
18.68608146041657,102.98371917201692,0,1310,42.81974411010742,174.70947265625,-17.0,8.205373363408473,3143.2596348274683,1608.2445238857176,0.5206162333488464,10,2416.4971798997035,7
18.712220710791872,103.11577099061365,0,1110,23.4220027923584,193.69320678710938,-41.0,7.579317525087329,367.3008646513936,627.2323110860222,0.8321061730384827,10,2424.930783665993,4
18.586906593886884,103.13759829027028,0,815,40.18214797973633,175.36026000976562,-73.0,7.605590203173931,1433.1697745114334,1136.0317871858085,0.7019518613815308,10,2424.930783665993,4
18.666947457796237,102.94868401504,0,1086,38.173179626464844,171.24908447265625,-10.0,8.929509433608974,4667.278967664168,605.9963891453699,0.5781899094581604,10,2416.4971798997035,4
18.67853666143414,102.8136668942427,0,1711,31.393295288085938,234.2965850830078,-100.0,7.2368432934960865,517.5178053943599,2008.3182013323321,0.522009015083313,10,2416.4971798997035,4
18.699824409863293,103.06726043025321,0,576,29.74675178527832,164.3865509033203,-53.0,7.302360898026829,484.57920258131094,576.5380660473014,0.8326150178909302,10,2424.930783665993,4
18.676110910461066,102.81016204081469,0,1552,39.26081466674805,230.67141723632812,-25.0,6.9446465915098035,693.1653407008283,2019.7014225027349,0.49705225229263306,30,2416.4971798997035,4
18.600921548497865,103.03330437573125,0,568,19.58161735534668,114.17723846435547,3.0,8.470141028116789,603.6124578481091,1705.410116090115,0.8453021049499512,10,2424.930783665993,4
18.704136360581973,103.06968618122629,0,817,40.90523147583008,166.3074188232422,-115.0,6.88621964475551,734.6340451300773,720.9577226875596,0.8578906655311584,10,2424.930783665993,4
18.700903512318227,103.08828063261917,0,968,17.214611053466797,118.04881286621094,-46.0,7.914542420146461,262.7195170834518,803.296616361243,0.7935736775398254,10,2424.930783665993,4
18.707101662782517,103.08882018384665,0,824,17.607892990112305,135.56809997558594,3.0,7.890464935757473,269.10265474175253,309.5387771792683,0.8489499092102051,10,2424.930783665993,4
18.575589395413235,102.98883822002627,0,412,40.29719161987305,173.05975341796875,-16.0,6.908435962873257,719.5553084038986,846.7755393768257,0.8395473957061768,10,2416.4971798997035,4
18.586639047823674,103.14218224615323,0,849,31.01810646057129,141.327392578125,-77.0,7.945295143092634,1020.3918273376303,1407.8702235668777,0.7486028075218201,10,2424.930783665993,4
18.634338051792387,102.97913521613398,0,448,30.289966583251953,146.24237060546875,-16.0,7.973997343058128,990.978243900697,553.3760949643807,0.8166548609733582,10,2416.4971798997035,4
18.676378456524272,102.96161986719605,0,1689,39.38090515136719,170.41357421875,-49.0,7.633516496579249,1392.26869039364,1841.8077031097396,0.22917205095291138,10,2416.4971798997035,7
18.718690866420424,103.02979952230324,0,764,37.67707443237305,160.61050415039062,-28.0,8.79291998870425,3928.540272867782,902.6575702601453,0.8118909001350403,10,2424.930783665993,4
18.66991275999678,102.97132287108833,0,1566,28.05357551574707,105.8658447265625,-24.0,7.372397016789195,451.9581220338722,1730.2535032962498,0.5034130811691284,10,2416.4971798997035,7
18.672066505805592,102.97051131469662,0,1666,23.36713409423828,81.38079833984375,-57.0,7.582176780444956,366.42170173464854,1852.16189006042,0.5890896916389465,10,2416.4971798997035,7
18.697131112827016,103.08504778435541,0,845,37.81919479370117,168.5712127685547,-92.0,7.689307769709908,1316.4045523239597,1018.7767811855609,0.8362562656402588,10,2424.930783665993,4
18.432215919241795,102.6492732157053,0,250,7.44192361831665,187.5060272216797,2.0,13.210620646044491,9318.126421405785,186.59901512025098,0.36830323934555054,50,2297.8690852495756,4
18.63164475475611,103.09205303211039,0,546,20.440948486328125,177.37294006347656,-63.0,8.423313960005743,632.3271501359856,495.12980944217264,0.8472025990486145,10,2424.930783665993,4
18.68688855770725,103.10094893871201,0,670,40.528564453125,164.9391632080078,-30.0,6.89961563601356,725.0026349221819,1235.4847760437754,0.870677649974823,10,2424.930783665993,4
18.72677521663032,103.08612688681036,0,1308,33.08491134643555,156.82582092285156,-15.0,8.269730091916298,1657.1015444763477,1550.0692916246971,0.3594702482223511,10,2424.930783665993,6
18.58744614511435,103.1394844900159,0,874,34.36669921875,141.36578369140625,-5.0,7.123467474199439,580.2540804176464,1339.932856184231,0.8152782917022705,10,2424.930783665993,4
18.70818076523745,103.06132982585214,0,832,44.359886169433594,163.76177978515625,19.0,6.765118786180511,829.1712362895923,553.2585033206286,0.8217746019363403,10,2424.930783665993,4
18.56103488957479,103.08882018384665,0,566,31.258132934570312,145.76231384277344,-6.0,7.935976527309693,1030.2467606398786,1328.5860486516765,0.8347406983375549,10,2424.930783665993,4
18.55537629033797,102.93224330945594,0,643,36.774627685546875,73.64653778076172,-22.0,7.727945314638181,1268.5750830747231,1754.1993587556658,0.8049566149711609,10,2416.4971798997035,4
18.68688855770725,103.09151348088291,0,643,22.384685516357422,160.61386108398438,-9.0,8.32312027508193,698.5208383665615,1096.5773246139197,0.8782922029495239,10,2424.930783665993,4
18.71518601299241,103.04435402814168,0,926,40.11272430419922,182.325439453125,-106.0,7.6073112193200005,1428.59661414488,990.0215418465966,0.7952718734741211,10,2424.930783665993,4
18.678264656269878,103.02683867920373,0,1407,46.29520034790039,204.09835815429688,-10.0,7.390865873123538,1774.5794342318086,3079.8525418739614,0.5374045968055725,10,2424.930783665993,7
18.705483009100117,103.0597156312708,0,743,37.12541580200195,160.2051544189453,-18.0,7.021191398388046,641.8696050998324,383.0018964675683,0.831164538860321,10,2424.930783665993,4
18.704136360581973,103.06779998148069,0,781,33.60714340209961,182.94815063476562,-73.0,7.151398880618657,563.5145994008737,864.7963611254503,0.8433889150619507,10,2424.930783665993,4
18.711953164728666,103.11549898544939,0,1096,12.85147762298584,211.62840270996094,-18.0,8.220549219351064,193.43717446155927,612.1825001191626,0.8253030180931091,10,2424.930783665993,4
18.730815162184737,103.10633553278457,0,1362,19.720020294189453,154.58450317382812,21.0,8.867231340492378,911.669376373085,436.7544952667828,0.838603138923645,10,2424.930783665993,7
18.649699654921505,103.10768664040377,0,514,9.245336532592773,173.97518920898438,-49.0,9.944779248244854,552.2652503576643,640.7229825983203,0.8607914447784424,10,2424.930783665993,4
18.59418384680611,103.11118703473072,0,662,11.883977890014648,180.0,-62.0,8.995125216334586,357.10342242309264,961.2376134820952,0.8483155369758606,10,2424.930783665993,4
18.554569193047296,103.1071470891763,0,579,29.520952224731445,199.37216186523438,5.0,8.00551179528697,961.1134313079356,1405.8882700125175,0.8167101740837097,10,2424.930783665993,4
18.65589780538579,102.9783281188433,0,902,35.58497619628906,174.5192108154297,-48.0,8.176413519329332,1820.6680993294824,1723.2010160629125,0.8301023840904236,10,2416.4971798997035,4
18.554569193047293,102.93601570894715,0,448,21.85762596130371,121.64193725585938,-7.0,8.755715509989681,1021.2870638814559,2068.351815584628,0.8601217865943909,10,2416.4971798997035,4
18.551603890846753,103.14271733827964,0,586,35.58482360839844,174.5225372314453,-19.0,8.464699184573105,2428.995825705352,1026.2557983680686,0.8150942325592041,10,2424.930783665993,4
18.578282692449513,103.00554647167353,0,406,35.83772659301758,170.47244262695312,-55.0,11.317434148407482,42898.61255909809,145.64869438238355,0.8442934155464172,10,2424.930783665993,4
18.676378456524272,102.81663219644324,0,1370,38.173213958740234,171.2486114501953,-137.0,8.592981627842462,3333.5936640072523,1655.8353182044355,0.47356149554252625,10,2416.4971798997035,4
18.693898264563263,103.1195433901049,0,733,21.82042121887207,140.1907196044922,-13.0,10.491397224904244,5771.802091308537,87.36020256773551,0.8768884539604187,10,2424.930783665993,4
18.732433815867147,103.11118703473072,0,1350,28.43081283569336,153.76730346679688,-55.0,10.128830916002464,7343.802005569094,87.35049029225237,0.8582981824874878,10,2424.930783665993,7
18.684195260670965,103.1074146352395,0,628,22.314529418945312,170.41314697265625,-22.0,7.633470250178623,348.0519560891466,757.1429268117703,0.854557991027832,10,2424.930783665993,4
18.718690866420424,103.0977116313472,0,1091,23.422046661376953,166.30628967285156,-4.0,8.272425317643414,734.575879337957,1256.1298078531718,0.854418158531189,10,2424.930783665993,4
18.724617011720447,103.06456713321695,0,1048,11.172812461853027,205.63858032226562,-52.0,10.444074010272846,1339.6515127881582,234.75268722149877,0.7922145128250122,10,2424.930783665993,4
18.65185340073032,102.91661416026362,0,814,35.83116912841797,124.0889663696289,-100.0,7.068757942196726,612.4310022269432,803.410053984732,0.8183618187904358,10,2416.4971798997035,4
18.6755713592336,102.95407506821361,0,1740,60.528228759765625,171.1119384765625,49.0,6.865395210749029,3001.3590714525585,1445.8517566632113,0.1792907416820526,10,2416.4971798997035,7
18.673685159487995,102.97024376863341,0,1750,29.557832717895508,193.94825744628906,-35.0,7.310180562942927,480.9496131673729,1978.9946916614058,0.5755656361579895,10,2416.4971798997035,7
18.574777839021507,102.9802143185889,0,454,41.41508865356445,166.56617736816406,16.0,7.967616460089302,2245.507159528511,669.9907168528123,0.8448333144187927,10,2416.4971798997035,4
18.714378915701744,103.11657808790433,0,1158,20.123376846313477,201.910888671875,-37.0,8.439884465971124,621.3433453538279,669.7219975146987,0.6753894090652466,30,2424.930783665993,4
18.56265354325719,103.08693398410102,0,612,33.080989837646484,156.84585571289062,3.0,7.172210735707254,552.8057335517346,1060.3859389574036,0.8354150056838989,10,2424.930783665993,4
18.65212540589458,102.91661416026362,0,814,35.83116912841797,124.0889663696289,-26.0,7.068756359078978,612.4300326773218,782.5519696512674,0.8183618187904358,10,2416.4971798997035,4
18.689586313844575,103.0796567311818,0,532,27.69321060180664,162.96054077148438,-29.0,8.080649768533911,890.1629791589659,1153.110202310202,0.8591206073760986,10,2424.930783665993,4
18.627060798873163,102.97159041715155,0,496,29.242130279541016,190.54910278320312,-66.0,8.016479419713601,949.8405333958721,227.4787265766227,0.8197154998779297,10,2416.4971798997035,4
18.700903512318227,103.0651066844444,0,594,26.661767959594727,178.0494842529297,-36.0,9.041185057079263,2128.813744413239,597.4817676268326,0.8467578291893005,10,2424.930783665993,4
18.706562111555048,103.06968618122629,0,882,46.415950775146484,116.53840637207031,19.0,6.693335954096649,890.8964821552418,786.2131306796061,0.8579955101013184,10,2424.930783665993,4
18.701982614773165,103.06025518249827,0,509,28.787105560302734,105.37588500976562,-12.0,7.341624864921675,465.90985104530625,436.7908419644618,0.8329563140869141,10,2424.930783665993,4
18.69120050842593,103.0877410813917,0,668,22.362918853759766,94.51347351074219,71.0,7.631027547254451,348.8750080959887,1543.3755760547097,0.8784677386283875,10,2424.930783665993,4
18.68608146041657,102.98344716685267,0,1310,42.33185958862305,196.34298706054688,-36.0,8.222465112018869,3089.9923436389186,1627.897935728143,0.5043641328811646,10,2416.4971798997035,7
18.701171058381433,103.06779998148069,0,641,25.731304168701172,137.64222717285156,-30.0,7.4727475623319375,408.65802385753216,638.6395401791792,0.7986515760421753,10,2424.930783665993,4
18.626793252809954,103.07804253660046,0,479,24.10540771484375,122.86666107177734,-53.0,7.547465344752246,379.56157879740095,535.4692662357082,0.8401963710784912,10,2424.930783665993,4
18.661016853395154,102.91391640412628,0,902,19.623214721679688,2.7467596530914307,-35.0,11.868696171818081,18143.75728864594,58.245649314455235,0.7035458087921143,10,2416.4971798997035,4
18.593376749515432,103.11118703473072,0,630,25.916662216186523,182.0142059326172,-63.0,8.158263757103118,824.5980912492136,873.8543874573817,0.8479979634284973,10,2424.930783665993,4
18.596070046551716,103.06025518249827,0,353,24.625648498535156,171.4285125732422,-76.0,9.132917813298832,1944.563334862524,699.0781290161708,0.8444480299949646,10,2424.930783665993,4
18.668833657541843,103.05863652881585,0,425,9.24534797668457,186.02548217773438,-63.0,9.656985884932299,414.1538870896855,931.9094309534592,0.8525963425636292,10,2424.930783665993,4
18.625174599127554,103.00716512535594,0,581,44.36634826660156,160.6204071044922,-25.0,6.765370799003116,829.7545675142494,729.8910466236767,0.8492447733879089,10,2424.930783665993,4
18.65077875737644,102.97724901638836,0,715,30.948917388916016,134.5782012939453,-35.0,8.640810417285913,2034.4583814957816,1223.1946364550263,0.8442301750183105,10,2416.4971798997035,4
18.65535825415833,102.93143621216525,0,1126,36.65411376953125,130.73919677734375,-89.0,7.038613866742527,631.1477985442098,1050.055453334787,0.7751803398132324,10,2416.4971798997035,4
18.671259408514917,102.97105086592407,0,1622,48.75439453125,103.12672424316406,-77.0,6.611555650110262,967.2097180397452,1819.5986304076098,0.6138947606086731,10,2416.4971798997035,7
18.674492256778667,102.96970421740595,0,1781,34.04194259643555,210.3886260986328,-15.0,7.135159248029787,572.9362587345473,2022.8575838564193,0.49779534339904785,10,2416.4971798997035,7
18.68473481189843,102.97159041715155,0,1848,20.622426986694336,287.5242919921875,17.0,7.720217818598431,319.12982968963195,1907.8037854914603,0.6769714951515198,10,2416.4971798997035,4
18.713839364474275,103.06860707877138,0,1171,37.56911087036133,157.80796813964844,-29.0,7.005085656509013,652.2282669204283,1090.2884778093137,0.822767436504364,10,2424.930783665993,4
18.651313849502856,103.10795418646698,0,580,22.63918113708496,206.78330993652344,-22.0,7.617619677373101,353.7465654759493,762.238518778261,0.870248556137085,10,2424.930783665993,4
18.68769565499792,103.09529033947518,0,628,31.432586669921875,135.65306091308594,-65.0,7.928396021704008,1036.5778648446883,1315.593284161581,0.8698052763938904,10,2424.930783665993,4
18.731087167349006,103.06294847953455,0,1297,26.119342803955078,206.94920349121094,-13.0,8.148497705144285,831.3722508883815,672.2168356424091,0.7784116268157959,10,2424.930783665993,6
18.706562111555044,103.06914662999884,0,908,13.175419807434082,205.97903442382812,-3.0,8.194808984311209,198.4932726979851,844.4511403595769,0.8613321781158447,10,2424.930783665993,4
18.70359680935451,103.0597156312708,0,589,32.2169303894043,167.46890258789062,-29.0,7.204602329099081,534.3205733670754,460.415819722543,0.8418862223625183,10,2424.930783665993,4
18.585559945368736,103.13167214497027,0,646,33.48737335205078,148.91551208496094,-107.0,8.766056945967492,2806.7261453080955,495.1952488389365,0.7453827261924744,10,2424.930783665993,4
18.68580945525231,103.11846428764994,0,584,2.947108745574951,160.6139678955078,-50.0,9.709421627937527,43.65779390178915,407.69045258253607,0.8487942814826965,10,2424.930783665993,4
18.707908760073188,103.0651066844444,0,723,42.697818756103516,180.0,-42.0,8.209516603514755,3129.4757065711583,960.9234245348712,0.8724846839904785,10,2424.930783665993,4
18.70548300910011,103.08424068706475,0,1016,20.383258819580078,113.08517456054688,-66.0,7.73282216771274,315.0572619946956,782.4317615919305,0.8088515996932983,10,2424.930783665993,4
18.560767343511586,103.10013738232027,0,751,34.87308120727539,182.8088836669922,-44.0,7.797863612885006,1182.8353863518225,1963.9268493858851,0.8251532316207886,10,2424.930783665993,4
18.69093296236272,103.12089003862302,0,627,31.5645694732666,167.14227294921875,-73.0,7.230059427443663,520.9661152971374,232.96253554756396,0.8731352090835571,10,2424.930783665993,4
18.634605597855597,103.10229558723016,0,500,34.42015075683594,172.8392333984375,-53.0,7.121195470580341,581.2592820240394,990.251175646432,0.8389779925346375,10,2424.930783665993,4
18.685541909189105,103.10364223574828,0,754,35.85105895996094,143.7554168701172,-5.0,7.067832718804482,612.7602516531636,1132.719292986617,0.8738694787025452,10,2424.930783665993,4
18.693626259399004,103.10013738232028,0,920,6.537338733673096,171.42367553710938,-52.0,8.909200783779324,97.17491009975052,782.4585136360416,0.7948248982429504,10,2424.930783665993,4
18.5906789933781,102.94922356626745,0,648,15.386483192443848,180.0,-4.0,9.13234640069093,700.4861613882591,1050.250388672268,0.8640018105506897,10,2416.4971798997035,4
18.668833657541843,103.03141817598562,0,904,34.51134490966797,188.57510375976562,11.0,7.810734592485693,1166.2615888200849,2241.4613438135725,0.8443257212638855,10,2424.930783665993,4
18.681769509697894,102.85516774774713,0,1677,48.88452911376953,210.4716033935547,-32.0,7.30005907188137,1943.1880588516233,2347.4557098208074,0.1466163992881775,10,2416.4971798997035,4
18.712760262019337,103.06914662999884,0,1101,26.784015655517578,153.88597106933594,-18.0,7.426366561300636,428.0012345223201,978.8316006802366,0.8296268582344055,10,2424.930783665993,4
18.7017106096089,103.08342913067301,0,988,23.40962028503418,200.81016540527344,-33.0,7.5799707624984105,367.105505741982,699.4722666719973,0.8624191880226135,10,2424.930783665993,4
18.554029641819824,103.1351725392972,0,770,23.608686447143555,180.0,-24.0,8.669932583482606,1112.7702500485402,1107.0068689975742,0.8234740495681763,10,2424.930783665993,4
18.61816935137259,103.11118703473072,0,828,36.73760986328125,183.93682861328125,-67.0,7.035786046929097,633.2055826288846,1918.3671175202644,0.8399595618247986,10,2424.930783665993,4
18.594723398033572,103.10472133820322,0,608,36.95365524291992,165.53811645507812,-61.0,7.721210087886206,1276.5729460790915,1019.492861765314,0.8339539766311646,10,2424.930783665993,4
18.5564553927929,102.93197576339273,0,666,45.97707748413086,116.98139953613281,-16.0,7.4026782753660525,1756.1942355107635,1643.0302340046928,0.7693120241165161,10,2416.4971798997035,4
18.603075294306677,103.1351725392972,0,841,27.239137649536133,199.3772735595703,59.0,8.505977901680946,1310.286325604818,1527.1901390944306,0.847382128238678,10,2424.930783665993,4
18.707908760073188,103.06968618122629,0,966,17.334978103637695,124.78339385986328,-57.0,7.907093334869485,264.66246840965994,786.2100746194401,0.8502908945083618,10,2424.930783665993,4
18.686349006479777,102.98371917201692,0,1339,40.55356216430664,169.6457977294922,-48.0,8.285029830002019,2902.5821235898807,1629.979022737099,0.4386420249938965,10,2416.4971798997035,7
18.682848612152824,103.00392781799113,0,1271,40.62800598144531,180.0,65.0,6.8961260282394585,727.5709614745152,1392.0322972639594,0.7407475709915161,10,2424.930783665993,7
18.589871896087423,102.98910576608948,0,670,33.87663650512695,132.46292114257812,-38.0,8.240484601491403,1708.9693712431806,309.64310362663525,0.8285513520240784,10,2416.4971798997035,4
18.655090708095123,102.90933690734438,0,598,45.30610275268555,186.79554748535156,17.0,10.937085962912299,57437.71217416716,29.12332135385124,0.8186159133911133,10,2416.4971798997035,4
18.55133188568249,103.12843483760545,0,712,25.591339111328125,212.3291473388672,-77.0,7.479866159898071,406.45803036511455,815.6955782442292,0.8174388408660889,10,2424.930783665993,4
18.69443335668968,103.08828063261917,0,736,24.51999855041504,186.4533233642578,4.0,8.220937450201378,773.6045991493813,1297.3942270549485,0.8564435839653015,10,2424.930783665993,4
18.682037055761096,103.10687508401205,0,511,37.02579879760742,157.3473663330078,22.0,7.024941201027427,639.6400367386348,638.6747518092702,0.8406829237937927,10,2424.930783665993,4
18.70629456549184,103.09636498282906,0,827,38.2852897644043,147.2280731201172,2.0,7.6724944602663925,1338.5833300148333,227.42687000698018,0.8641687035560608,10,2424.930783665993,4
18.65104630343965,103.13113259374278,0,799,18.237241744995117,226.54470825195312,-10.0,7.853269550885261,279.48092201517477,755.5330757661508,0.7167682647705078,10,2424.930783665993,4
18.703868814518767,103.10229558723016,0,813,22.97662353515625,173.05455017089844,-51.0,10.968130885880102,10425.980171252588,205.90405853999624,0.8437074422836304,10,2424.930783665993,4
18.651585854667115,103.1216971359137,0,603,25.916671752929688,177.985107421875,-22.0,8.157929280479832,824.3230266443576,407.7306066002327,0.8680280447006226,10,2424.930783665993,4
18.63379850056492,103.10013738232028,0,504,32.48125076293945,203.7359161376953,-122.0,7.194798445121174,540.0184497278718,864.480934016662,0.8298577666282654,10,2424.930783665993,4
18.711413613501197,103.07237947826258,0,938,30.497743606567383,171.6576385498047,-35.0,7.965244001200735,998.8039867264997,605.918756257446,0.8312365412712097,30,2424.930783665993,4
18.68473481189843,102.98075386981638,0,1295,52.56828689575195,144.86370849609375,-143.0,8.26735659598431,6647.380662244636,1747.2502042830579,0.4681469798088074,10,2416.4971798997035,7
18.717879310028696,103.02899242501255,0,706,35.96697235107422,163.58218383789062,-45.0,8.161999722177766,1845.7820164312532,815.3054899804044,0.8444351553916931,10,2424.930783665993,4
18.727042762693525,103.08612688681036,0,1329,41.51127243041992,162.00140380859375,-5.0,7.963357873216148,2251.145536004912,1579.059059145055,0.3815779685974121,10,2424.930783665993,6
18.645387704202825,102.9330504067466,0,629,19.736631393432617,90.0,10.0,9.154493230503688,1217.2678092393965,698.9792026814889,0.8161249160766602,10,2416.4971798997035,4
18.719497963711095,103.07291902949004,0,1185,20.322689056396484,298.7369079589844,-14.0,7.735983216469838,314.0121499915061,1276.2154598751788,0.7508668303489685,10,2424.930783665993,4
18.592837198287963,103.0481264276329,0,365,36.82590103149414,145.234619140625,-42.0,7.725865218060176,1270.6715649784833,349.54229558988993,0.8490191102027893,10,2424.930783665993,4
18.581787545877525,102.9963830190087,0,428,47.823936462402344,169.2998504638672,-20.0,10.755639004445266,57131.277587130084,65.13542270543445,0.8150268197059631,10,2416.4971798997035,4
18.684734811898434,103.11064748350326,0,631,13.028584480285645,106.25010681152344,-13.0,8.20654244839905,196.22724086230573,407.6917143327135,0.8761540055274963,10,2424.930783665993,4
18.714646461764943,103.10472133820322,0,1055,24.630691528320312,137.8551483154297,13.0,9.132003560454674,1943.689336795713,432.8750317953849,0.8482093811035156,10,2424.930783665993,4
18.649427649757243,103.12493444327849,0,596,25.95838165283203,175.97523498535156,2.0,8.84923805267297,1651.7206118710285,174.74276993492822,0.8375625014305115,10,2424.930783665993,4
18.715993110283087,103.03977453135978,0,820,35.380409240722656,163.2132110595703,-42.0,7.0850088162338976,602.1138436114275,768.742869433076,0.8292790055274963,10,2424.930783665993,4
18.58502039414127,103.13167214497027,0,604,40.596805572509766,157.75108337402344,-119.0,8.507227816600505,3635.890450828584,496.05201534588184,0.7544932961463928,10,2424.930783665993,4
18.682037055761096,103.10310268452082,0,485,19.685537338256836,185.48162841796875,-36.0,8.463943683783441,606.7989116549115,926.8552887027668,0.8452872037887573,10,2424.930783665993,4
18.72650321146606,103.0580969775884,0,1018,23.410005569458008,159.18704223632812,-21.0,9.525719432694057,2569.4183909774915,452.9593371736722,0.8245809674263,10,2424.930783665993,4
18.6087338935435,103.09555788553838,0,616,32.748722076416016,163.01510620117188,-39.0,7.184659677694789,545.6783597562785,849.1964280213723,0.8246390223503113,10,2424.930783665993,4
18.70925540859133,103.07507723439993,0,809,36.7376823425293,176.06106567382812,-12.0,7.728406541015889,1265.7510198665493,234.76309729816424,0.8781155347824097,10,2424.930783665993,4
18.58636704265941,102.99153151706257,0,598,34.964786529541016,144.1162567138672,-38.0,11.108493013133605,32634.303910798935,116.51626093597409,0.8327629566192627,10,2416.4971798997035,4
18.666407906568764,102.99261061951748,0,635,23.67282485961914,175.52931213378906,-9.0,8.666240727374266,1115.4472150532533,247.11152929427683,0.8232898712158203,10,2416.4971798997035,4
18.552143442074218,103.13651918781534,0,688,25.95831871032715,184.02247619628906,-21.0,8.562116440935608,1239.4780272501134,903.0894222149884,0.8490407466888428,10,2424.930783665993,4
18.56238153809293,103.09744408528401,0,788,36.12289810180664,147.44265747070312,-49.0,7.058560863265158,619.343184985257,2051.0006996276347,0.8352141380310059,10,2424.930783665993,4
18.55375763665556,103.11981093616808,0,711,38.82979965209961,170.2285919189453,-18.0,7.65387212640429,1366.1356110784764,1077.8759620093301,0.7914043664932251,10,2424.930783665993,4
18.59013944215063,102.98937777125374,0,664,37.79164505004883,136.94009399414062,71.0,8.09638055772019,1973.8606791856812,350.75659669422004,0.8324815630912781,10,2416.4971798997035,4
18.6852743631259,102.98075386981638,0,1331,31.895931243896484,152.1739959716797,-24.0,9.008922302434673,3166.576372297612,1782.801408817384,0.3428882658481598,10,2416.4971798997035,7
18.723002817139104,103.08666643803781,0,1180,22.4709415435791,168.07574462890625,-54.0,9.011790376868156,1402.726025817399,1138.9420870960862,0.803578794002533,10,2424.930783665993,4
18.690660957198464,103.08100337969995,0,637,33.00522232055664,175.4730224609375,-51.0,7.8675160965867095,1101.6074571677912,1173.8783917065791,0.8668025135993958,10,2424.930783665993,4
18.65805155119461,102.97428371418783,0,977,39.042396545410156,183.6236114501953,3.0,8.561974355137236,3439.3041814205894,1514.3997963431132,0.8448848724365234,10,2416.4971798997035,4
18.660209756104475,102.9149955065812,0,824,42.804500579833984,102.10719299316406,-23.0,10.914106122792928,47130.75738143639,41.185988449122476,0.7256959080696106,10,2416.4971798997035,4
18.59472339803357,103.09313213456532,0,442,41.7999267578125,167.8703155517578,-20.0,8.464799622816887,3793.052220709719,805.6508368232627,0.8327577710151672,10,2424.930783665993,4
18.586367042659415,102.99126397099936,0,603,25.916662216186523,177.98587036132812,-35.0,11.472489973019194,22677.359375840566,116.51626093597409,0.8413336277008057,10,2416.4971798997035,4
18.713299813246802,103.06887908393564,0,1127,23.51000213623047,134.99293518066406,-16.0,7.575106576547708,368.8462438982365,1034.0121242911769,0.7278538346290588,10,2424.930783665993,4
18.73135471341221,103.0680675275439,0,1190,25.334558486938477,163.21176147460938,-62.0,9.687602151756398,3612.390328759344,928.5513565576956,0.8494123220443726,10,2424.930783665993,6
18.5548367391105,102.93224330945594,0,639,38.5501594543457,127.5481948852539,-48.0,7.663868936665402,1352.5299177601228,1801.9311891007121,0.811673104763031,10,2416.4971798997035,4
18.593376749515432,103.04812642763288,0,401,28.101415634155273,155.43026733398438,-71.0,8.063973032201766,906.1336669375186,407.7987141467781,0.8411851525306702,10,2424.930783665993,4
18.65050675221218,103.10795418646698,0,547,20.440954208374023,182.62734985351562,-15.0,7.730058109465556,316.1294123942531,700.1813531122446,0.8676985502243042,10,2424.930783665993,4
18.70629456549184,103.10202358206588,0,894,21.250173568725586,182.5188446044922,0.0,7.687262367524695,329.7401265474525,436.78540272897095,0.8570631742477417,10,2424.930783665993,4
18.576936043931376,102.98721956634387,0,523,32.94034194946289,140.75978088378906,-40.0,7.177502230909808,549.7983580957427,925.7611462743357,0.8354008793830872,10,2416.4971798997035,4
18.719230417647886,103.07804253660046,0,1073,27.125831604003906,156.39927673339844,-64.0,9.021001731810157,2171.75746926248,1199.5036347029247,0.8214120268821716,10,2424.930783665993,4
18.595798041387454,103.01039797361967,0,475,35.83780288696289,189.5285186767578,-65.0,7.068835754288577,612.7775482825864,474.1740016984469,0.842883825302124,10,2424.930783665993,4
18.70305725812704,103.10013738232028,0,749,36.954750061035156,194.47073364257812,-60.0,10.394696160459018,18499.518847571286,116.47719314714577,0.841539204120636,10,2424.930783665993,4
18.685541909189105,102.9810214158796,0,1346,46.12995529174805,168.63087463378906,17.0,8.495209593434442,5292.869501638036,1778.5138418341598,0.3561835289001465,10,2416.4971798997035,7
18.69281916210833,103.11199859112244,0,634,32.960086822509766,161.56289672851562,-34.0,11.719376411993352,51685.6699417256,65.11465436359642,0.8696573972702026,10,2424.930783665993,4
18.727582313920998,103.0580969775884,0,1068,22.82535171508789,180.0,-29.0,9.553973533502113,2497.8064807753726,535.3139038993922,0.8028256893157959,10,2424.930783665993,4
18.594723398033572,103.04839843279714,0,459,26.848724365234375,140.12899780273438,-50.0,8.117387371504927,858.989842236468,553.4389821011705,0.8379812836647034,10,2424.930783665993,4
18.6478134551759,102.91014400463506,0,611,23.672809600830078,184.47019958496094,-66.0,7.567736098483247,371.8552314937012,436.85895243628744,0.7055577039718628,10,2416.4971798997035,4
18.71249271595613,103.06914662999884,0,1088,23.716793060302734,152.17018127441406,-15.0,7.565277549817347,372.4930048809641,964.4337892958475,0.8198181390762329,10,2424.930783665993,4
18.689046762617114,103.10148848993947,0,796,8.510880470275879,166.797607421875,-28.0,8.642371547651326,126.89939640599101,1029.5642738528472,0.8059616088867188,10,2424.930783665993,4
18.696052010372078,103.07345858071751,0,494,9.24536418914795,6.0264410972595215,-52.0,12.054722617213677,4554.986809091833,186.45825595392364,0.8717623353004456,10,2424.930783665993,4
18.555104285173705,103.13005349128784,0,914,22.67502784729004,158.41812133789062,-36.0,8.309558530877519,709.1304605121535,1223.5301680062835,0.7704405188560486,10,2424.930783665993,4
18.599842446042928,103.11657808790434,0,803,13.93719482421875,191.9158477783203,-22.0,9.928820547286042,1263.309062557804,1451.1445000782733,0.8172330260276794,10,2424.930783665993,4
18.70844831130066,103.06132982585214,0,866,42.41618347167969,167.0280303955078,-47.0,6.833085967926642,774.6849932553085,553.2580851547156,0.8262706398963928,10,2424.930783665993,4
18.66209595585009,103.12466243811424,0,667,22.339500427246094,150.0699005126953,-15.0,7.632357276304336,348.5282270556575,1543.5049305334448,0.8186858892440796,10,2424.930783665993,4
18.70629456549184,103.08424068706475,0,1014,27.598949432373047,66.26203155517578,-66.0,7.391408730953828,443.2608777229551,720.9532337021222,0.8093212246894836,10,2424.930783665993,4
18.687160562871505,102.97967476736144,0,1560,53.65595245361328,188.6777801513672,-59.0,8.227798451486938,6915.41591644288,2002.5597113499443,0.24654503166675568,10,2416.4971798997035,7
18.561034889574785,103.08693398410102,0,530,31.427562713623047,137.88092041015625,-10.0,7.929320128615288,1037.1273684615035,1174.3152554893009,0.8288582563400269,10,2424.930783665993,4
18.55618338762864,103.13005349128784,0,945,13.604982376098633,150.40383911132812,-31.0,8.855538033034154,410.7758314947946,1340.0527064647554,0.8003501892089844,10,2424.930783665993,4
18.654551156867658,102.92361940801858,0,949,16.36569595336914,159.56906127929688,4.0,7.968395424050614,249.07843872638804,1077.5645572591163,0.8363862633705139,10,2416.4971798997035,4
18.696052010372078,103.11846428764994,0,793,18.86309814453125,174.25856018066406,-66.0,10.52484050046718,4345.713820859702,29.119887267512837,0.8176551461219788,10,2424.930783665993,4
18.683923255506706,103.1074146352395,0,619,18.972301483154297,171.4241485595703,-55.0,7.810645717743806,291.54065577505696,741.297214716793,0.8491342067718506,10,2424.930783665993,4
18.69308670817154,103.12682064302412,0,951,27.76349449157715,125.75044250488281,-16.0,7.384503877942053,446.4001055268778,873.6040692580472,0.8167724609375,10,2424.930783665993,4
18.711413613501197,103.11523143938619,0,1083,13.648222923278809,180.0,-43.0,8.15820314842017,205.8823813845166,614.2574798786858,0.8146387338638306,10,2424.930783665993,4
18.593104744351173,103.11118703473073,0,616,24.39805793762207,177.84205627441406,-54.0,8.227166789488205,769.6964668950675,844.7265763005779,0.8468075394630432,10,2424.930783665993,4
18.6364917976012,103.13975649518014,0,946,19.122529983520508,212.81910705566406,-16.0,7.802418874300983,294.10943800786896,1922.2419087644892,0.810774028301239,10,2424.930783665993,4
18.650778757376443,103.10795418646698,0,561,19.68550682067871,185.4806365966797,-43.0,7.770978097222953,303.45353715345414,721.0684853882585,0.869855523109436,10,2424.930783665993,4
18.718690866420424,103.08208248215487,0,1072,30.616676330566406,196.78704833984375,-27.0,8.365925700371745,1505.2633288870234,887.5016965694061,0.8547493815422058,10,2424.930783665993,4
18.65401160564019,102.90583205391638,0,684,36.946468353271484,137.0380096435547,24.0,11.332048794783235,47204.80022720559,164.746893938854,0.8167560696601868,10,2416.4971798997035,4
18.708720316464916,103.0616018310164,0,881,38.30997848510742,154.36351013183594,20.0,6.978447380310943,669.8755217949241,582.3764706061063,0.8409795165061951,10,2424.930783665993,4
18.65805155119461,102.91364885806308,0,800,25.443483352661133,23.268035888671875,-48.0,7.485892132057409,403.5219379093535,105.00473302437148,0.8155847191810608,10,2416.4971798997035,7
18.554569193047293,102.92927800725539,0,483,40.34060287475586,99.8776626586914,43.0,7.600167604316776,1441.4958348727064,1668.4107713489282,0.8283075094223022,10,2416.4971798997035,4
18.677725105042416,103.00123452095487,0,945,17.48812484741211,167.4707489013672,-22.0,9.28420011449942,1068.7929307176134,865.8422014278569,0.8523924350738525,10,2424.930783665993,4
18.623555945445155,103.10876128375764,0,854,24.76079559326172,10.671609878540039,-32.0,7.51710770322593,391.27538195515285,1448.412579575097,0.8218303918838501,10,2424.930783665993,4
18.716804666674815,103.12277623836863,0,1201,33.849525451660156,147.64566040039062,-37.0,8.24077736861282,1705.976926620157,1339.4346421697967,0.8425919413566589,10,2424.930783665993,4
18.697938210117684,103.08208248215489,0,784,26.701642990112305,176.10354614257812,-51.0,8.12317686267008,853.0184433310552,704.9140020202043,0.8002439141273499,10,2424.930783665993,4
18.634605597855593,103.07750298537299,0,391,29.122087478637695,158.4089813232422,-62.0,7.328210501596068,472.5681147910616,495.125587823216,0.8635974526405334,10,2424.930783665993,4
18.61493204400779,102.97347661689716,0,534,34.26799011230469,157.91033935546875,-50.0,8.736447636162675,2890.10035057397,846.6800619953036,0.8547636866569519,10,2416.4971798997035,4
18.689046762617114,103.08046828757352,0,491,39.28936004638672,188.40704345703125,-11.0,7.636702626180169,1387.6374459326616,1256.237183790735,0.8699302077293396,10,2424.930783665993,4
18.683923255506706,103.10121648477521,0,589,46.017356872558594,180.94496154785156,-26.0,6.707392671496075,878.6903086407088,1215.078261026804,0.8726001977920532,10,2424.930783665993,4
18.684195260670965,103.12682064302412,0,805,13.24539566040039,133.44972229003906,39.0,8.18944836838291,199.61163415589942,1049.9683251825832,0.8426571488380432,10,2424.930783665993,4
18.59364429557864,103.0632204846988,0,421,16.07367515563965,197.23989868164062,-26.0,8.680895895308879,488.9503477634104,436.9268637066341,0.8493652939796448,10,2424.930783665993,4
18.634070505729184,103.10040938748453,0,501,37.477630615234375,161.8238525390625,31.0,7.008850080393507,650.3746931873477,904.7545873563091,0.8355469703674316,10,2424.930783665993,4
18.695784464308872,103.1125381423499,0,793,13.080878257751465,167.25294494628906,-103.0,8.202330939157035,197.03029368670005,329.4541650594207,0.8518947958946228,10,2424.930783665993,4
18.58609949659621,103.1394844900159,0,800,24.519824981689453,173.55075073242188,-22.0,8.221567956614438,774.080094623488,1339.93801281023,0.8034712076187134,10,2424.930783665993,4
18.693086708171535,103.12654863785984,0,957,18.79715919494629,177.1221160888672,-13.0,7.820574605809056,288.62980620064144,844.4839336161123,0.7920697927474976,10,2424.930783665993,4
18.70844831130066,103.06968618122629,0,960,17.29888343811035,98.97071075439453,45.0,8.602454339350865,528.1511312122788,786.7479109540901,0.8351877331733704,10,2424.930783665993,4
18.578550238512726,103.00392781799113,0,434,34.24483108520508,182.87596130371094,24.0,11.332779672129629,38701.78387954764,174.77830125574442,0.86195969581604,10,2424.930783665993,4
18.5842132968506,103.13140013980599,0,533,32.55427932739258,164.48348999023438,-42.0,8.801708849828694,2708.46545273028,480.4118055686054,0.7560845613479614,10,2424.930783665993,4
18.6852743631259,102.98156096710704,0,1295,51.59081268310547,164.27786254882812,4.0,8.302544756584137,6417.499407074052,1715.1627157799235,0.34712308645248413,10,2416.4971798997035,7
18.674759802841873,102.96997176346913,0,1802,12.035152435302734,170.77590942382812,-66.0,8.28849982897768,180.80712684448292,2062.710937855077,0.5128004550933838,10,2416.4971798997035,7
18.688507211389645,102.97590236787022,0,1796,46.984947204589844,184.57244873046875,-23.0,6.673542943558576,908.8948511728743,1894.401195407181,0.37353256344795227,10,2416.4971798997035,7
18.68500235796164,102.98102141587958,0,1295,49.099002838134766,140.46653747558594,-17.0,8.391092886416327,5873.692220183626,1741.9018235861329,0.4227506220340729,10,2416.4971798997035,7
18.711141608336938,103.0680675275439,0,991,15.220190048217773,118.42344665527344,-21.0,8.737589865229689,461.3771647081106,1012.8927840557399,0.8250288963317871,10,2424.930783665993,4
18.550257242328605,103.12789528637799,0,619,38.3814697265625,168.8126678466797,0.0,6.976792884873865,672.2068989208384,699.1697755195086,0.8317531943321228,10,2424.930783665993,4
18.65670490267647,102.9783281188433,0,954,28.512582778930664,149.78671264648438,-17.0,8.451885391775,1382.2633907113297,1769.0986619416096,0.8221185803413391,10,2416.4971798997035,4
18.54998523716435,103.14191024098896,0,503,40.73994445800781,125.6335220336914,-64.0,8.279230560841583,2924.0367497191182,833.1983467983009,0.8191254138946533,10,2424.930783665993,4
18.714918466929202,103.03411147302191,0,594,24.526321411132812,148.3711395263672,-61.0,9.925275182769813,4255.566191372632,495.0111450790188,0.8464986681938171,10,2424.930783665993,4
18.651313849502856,102.91338131199986,0,819,36.07695388793945,137.15411376953125,-51.0,7.059735261515037,617.9855997844004,614.3637905398274,0.8026742935180664,10,2416.4971798997035,4
18.70629456549184,103.05998317733399,0,781,28.409584045410156,138.43186950683594,-2.0,7.357278255507292,458.6507196105806,407.6663758803729,0.8739590644836426,10,2424.930783665993,4
18.650239206148978,103.10795418646698,0,538,21.25016212463379,182.5180206298828,-51.0,7.6875857477976455,329.84638517089076,679.900249794343,0.8604132533073425,10,2424.930783665993,4
18.672873603096264,102.94652581013014,0,1450,20.106687545776367,207.8242645263672,-14.0,8.441025721521093,620.9316855788256,1276.3869734742234,0.5194638967514038,10,2416.4971798997035,4
18.702789712063833,103.06106227978893,0,526,19.316511154174805,165.88995361328125,-29.0,7.791145436358855,297.2169173838417,531.3777503223085,0.7469651699066162,10,2424.930783665993,4
18.623020853318742,102.94922356626745,0,670,25.40838623046875,144.87351989746094,-13.0,7.487673139247233,402.96607016629883,525.076500541491,0.8643983602523804,10,2416.4971798997035,4
18.594451392869317,103.04839843279716,0,445,24.924175262451172,167.2602996826172,-42.0,8.202942444693432,788.5573910203631,524.3110295083086,0.8460004329681396,10,2424.930783665993,4
18.59148609066877,102.98964531731696,0,767,32.93258285522461,181.5109100341797,-21.0,8.276327991301963,1648.768314346747,474.17986866964577,0.8120684027671814,10,2416.4971798997035,4
18.577203589994582,102.97159041715155,0,793,45.057861328125,154.78103637695312,-54.0,7.434652837442613,1700.5250289648955,995.5414714059191,0.7946497797966003,10,2416.4971798997035,4
18.662095955850088,102.89074245595151,0,1121,21.398889541625977,187.51602172851562,-26.0,8.778467098310182,997.0829619717454,1954.6974624733632,0.804518461227417,10,2416.4971798997035,4
18.72246326591164,103.07884963389112,0,1228,23.029203414916992,151.15005493164062,-18.0,8.291323671879923,720.7925125762908,1424.38682419881,0.8428810834884644,10,2424.930783665993,4
18.549985237164346,103.12762774031478,0,596,39.59765625,191.91246032714844,-23.0,6.933386205763205,702.0299184081456,670.038231604379,0.8441798686981201,10,2424.930783665993,4
18.551064339619284,102.92685225628233,0,515,26.646432876586914,147.01187133789062,-7.0,8.531887224244056,1277.5343509107827,1689.6564022938214,0.7830027341842651,10,2416.4971798997035,4
18.580440897359384,103.002581169473,0,568,29.285057067871094,162.27125549316406,-26.0,8.014989861656828,951.7651630130555,309.65146737905184,0.8361882567405701,10,2424.930783665993,4
18.59041144731489,102.98937777125373,0,684,37.331871032714844,150.48472595214844,49.0,8.112984990234345,1941.350581408647,370.7481782422159,0.8296046853065491,10,2416.4971798997035,4
18.603886850698405,103.03896297496807,0,616,29.389122009277344,167.7438507080078,-11.0,8.416068135777717,1433.5390401184845,1603.0769815694723,0.8351958394050598,10,2424.930783665993,4
18.60577305044401,103.09016683236479,0,644,26.284914016723633,138.92318725585938,-49.0,7.448777457384953,419.0314756612974,407.7842369277149,0.8222208023071289,10,2424.930783665993,4
18.72030506100177,103.08639443287358,0,1146,18.148666381835938,188.99969482421875,-15.0,9.467520443357442,1389.5856927613397,852.4123116687562,0.7994204759597778,10,2424.930783665993,4
18.56696549397587,103.11415233693127,0,855,15.21066665649414,61.556190490722656,-38.0,8.73907453492418,461.45653446269876,1980.8864295751534,0.8296878933906555,10,2424.930783665993,4
18.705755014264376,103.08450823312796,0,1003,30.399660110473633,82.07025146484375,-37.0,7.276047897636233,497.46515267851703,741.2505556358584,0.8220837116241455,10,2424.930783665993,4
18.593104744351177,103.11738518519502,0,660,7.3788604736328125,180.0,-40.0,8.787492022633876,109.87865758234491,844.7265763005779,0.8684184551239014,10,2424.930783665993,4
18.592025641896235,103.05081972466917,0,350,25.407041549682617,144.87844848632812,-58.0,8.181058643801464,806.0266100091537,262.1573345886269,0.8373348116874695,10,2424.930783665993,4
18.717611763965486,103.0796567311818,0,965,20.5,185.24575805664062,-12.0,8.825138479453653,951.0082465663307,1009.5199669142917,0.8145007491111755,10,2424.930783665993,4
18.57801514638631,102.97159041715155,0,852,23.863441467285156,171.11695861816406,-30.0,8.252263386603081,750.7498948723264,1077.8011912110132,0.8032210469245911,10,2416.4971798997035,4
18.71841886125616,103.08235448731914,0,1051,24.860612869262695,160.61053466796875,21.0,8.610600102380554,1178.5636764612618,846.4279926134813,0.8155925869941711,10,2424.930783665993,4
18.67583890529681,102.8101620408147,0,1534,37.97941589355469,230.0007781982422,0.0,6.990514146761174,662.0916729220178,1998.3856689489023,0.4862631857395172,30,2416.4971798997035,4
18.664521706823166,102.94410005915707,0,1201,28.63092041015625,128.51358032226562,19.0,8.04145798510928,926.0099250954968,876.0994536498392,0.8302971720695496,10,2416.4971798997035,4
18.578282692449513,103.07831008266366,0,514,30.415050506591797,164.82211303710938,-3.0,7.276165061874171,498.1361162832617,955.526480650646,0.8447135090827942,10,2424.930783665993,4
18.712220710791872,103.07561678562737,0,1000,23.371984481811523,98.6171875,-24.0,8.274860064026988,732.8442006905477,460.40436925331085,0.7731640338897705,10,2424.930783665993,4
18.663982155595694,103.07884963389114,0,390,14.60851001739502,143.84304809570312,-8.0,8.08764596661627,221.0543942795412,1091.6111272840935,0.862510085105896,10,2424.930783665993,4
18.714378915701744,103.09313213456532,0,1039,19.124929428100586,147.16888427734375,-70.0,8.900447423941372,882.0520593405544,576.5138715942792,0.8363878130912781,10,2424.930783665993,4
18.7033292632913,103.13113259374278,0,1011,20.597843170166016,187.84071350097656,-56.0,7.7214129129462385,318.68035128421064,1391.9501404437751,0.8477364778518677,10,2424.930783665993,4
18.716265115447342,103.12789528637798,0,1412,21.25017547607422,182.5189971923828,-63.0,7.687204753381102,329.72119438694114,1565.3566006605158,0.8567472100257874,10,2424.930783665993,4
18.550792334455025,103.1187362928142,0,513,35.129188537597656,171.62718200683594,-59.0,7.788407099955004,1194.2099780703147,757.4327523071458,0.8310020565986633,10,2424.930783665993,4
18.707101662782517,103.09447878308346,0,863,20.831174850463867,153.30902099609375,-20.0,10.800124359976742,7097.6456215791795,145.59479363323905,0.830535352230072,10,2424.930783665993,4
18.647273903948427,102.90987645857184,0,593,17.12101936340332,183.1793670654297,-86.0,7.9206432670892815,261.28287577927006,411.8752074639083,0.6837742924690247,10,2416.4971798997035,4
18.713567359310012,103.06860707877138,0,1148,34.617610931396484,159.71890258789062,-2.0,7.1133597221804665,585.2994291660983,1074.2288369128692,0.804774284362793,10,2424.930783665993,4
18.69227961088086,103.12682064302412,0,919,27.273386001586914,147.9702911376953,-31.0,7.405384683754286,437.17964545868443,873.6061128339587,0.8195461630821228,10,2424.930783665993,4
18.653472054412724,103.11577099061365,0,640,35.26494598388672,147.88925170898438,-44.0,7.782788005963748,1199.5263125159402,611.5925871155946,0.8254991173744202,10,2424.930783665993,4
18.6852743631259,103.09852318773893,0,520,30.929672241210938,181.63424682617188,-17.0,8.353691561673427,1524.37939809328,1317.8565931086737,0.8803852796554565,10,2424.930783665993,4
18.684195260670965,102.99180352222682,0,1037,18.21661949157715,137.54513549804688,-5.0,8.547437464045613,558.1785621198969,1010.8763707730559,0.8434001803398132,10,2416.4971798997035,7
18.65967020487701,102.91445595535373,0,818,48.17393493652344,134.056396484375,72.0,10.726378118152152,56863.860817503446,41.18605217248538,0.7141901254653931,10,2416.4971798997035,4
18.686349006479777,102.9866800151164,0,1186,38.83042907714844,189.77890014648438,-40.0,8.346235835538018,2730.2542118118226,1438.4564930923461,0.8261887431144714,10,2416.4971798997035,4
18.70844831130066,103.06106227978893,0,871,38.992557525634766,178.79034423828125,-58.0,6.954024522314561,686.4393894037984,524.1392385676253,0.8041673302650452,10,2424.930783665993,4
18.71734421790228,103.12816729154225,0,1427,40.51401138305664,115.83069610595703,16.0,6.8999543450149385,724.5026782987984,1504.3098876149402,0.8491156697273254,10,2424.930783665993,4
18.648081001239106,102.93386196313833,0,755,26.28107261657715,123.86736297607422,-15.0,8.141850532176425,837.7178733439788,611.6020493028336,0.851642370223999,10,2416.4971798997035,4
18.65373960047593,103.11577099061365,0,661,35.84926986694336,143.76055908203125,-65.0,7.761228689657404,1225.664185532734,640.7155364759315,0.8373176455497742,10,2424.930783665993,4
18.717879310028696,103.12816729154225,0,1465,35.21914291381836,139.17718505859375,-52.0,7.090966010686896,598.524498886041,1490.7192026501511,0.8304570913314819,10,2424.930783665993,7
18.65077875737644,103.12951394006038,0,751,34.212303161621094,146.43927001953125,-13.0,7.128893366598335,576.6948320295528,589.7096111961457,0.8605803847312927,10,2424.930783665993,4
18.682848612152824,103.10094893871201,0,516,33.650733947753906,175.58319091796875,-81.0,7.843018914433159,1129.0287295893909,1153.1325694196007,0.8867959976196289,10,2424.930783665993,4
18.68500235796164,102.98048186465212,0,1316,39.03975296020508,135.94134521484375,14.0,8.744235060394866,4126.135524011242,1788.0274457083833,0.3146190047264099,10,2416.4971798997035,7
18.721923714684173,103.06402758198948,0,953,25.2784366607666,173.76641845703125,-28.0,9.57240825334244,3203.0592586273897,350.6237027013378,0.8277110457420349,10,2424.930783665993,4
18.662095955850088,102.94221385941144,0,1108,40.09528350830078,178.83717346191406,-21.0,8.013700020463915,2142.2266461823,1048.418443381208,0.8271542191505432,10,2416.4971798997035,4
18.558881143765973,103.09339968062854,0,526,41.27224349975586,154.6573486328125,-25.0,7.972734575801062,2234.4503197133263,1631.355958005104,0.8367390632629395,10,2424.930783665993,4
18.708987862528122,103.07804253660046,0,757,36.85246658325195,186.54660034179688,-18.0,7.7242311805178465,1271.0508781435078,145.5940023675104,0.8728687167167664,10,2424.930783665993,4
18.58582749143195,103.13705873904281,0,738,25.162067413330078,182.08351135253906,-89.0,8.597630381445198,1195.7706623289705,1077.7770417319948,0.6771579384803772,10,2424.930783665993,4
18.587174139950093,102.9918035222268,0,629,28.459707260131836,140.93849182128906,5.0,11.398924905374603,26215.7119561881,203.90297994863536,0.8250604867935181,10,2416.4971798997035,4
18.712760262019337,103.03734878038671,0,609,2.0966577529907227,332.1701354980469,-14.0,12.448077524885116,341.4515046303098,332.00179832614896,0.8540270328521729,10,2424.930783665993,4
18.650778757376443,102.91338131199986,0,782,34.122596740722656,168.36337280273438,-32.0,7.13226273316941,574.7550055691928,658.9936930654193,0.7580828666687012,10,2416.4971798997035,4
18.742943917050113,103.1171176391318,0,1452,12.221447944641113,166.30441284179688,-54.0,8.965424367795126,367.2394370777232,1276.1290512835235,0.8409984707832336,10,2424.930783665993,7
18.649427649757246,102.91256975560813,0,673,21.527809143066406,170.0235595703125,5.0,7.673320079602303,334.58871778371923,698.9710797397129,0.7552493810653687,10,2416.4971798997035,4
18.685541909189105,103.09232503727465,0,537,31.011653900146484,184.8921661376953,-13.0,8.350447133663886,1529.3283258882936,976.306069582642,0.8754841089248657,10,2424.930783665993,4
18.68688855770725,102.9799467725257,0,1514,55.26559829711914,182.7163543701172,26.0,8.16839347144268,7338.695582431792,1961.4874572119509,0.19792969524860382,10,2416.4971798997035,7
18.550257242328605,103.1109194886675,0,411,33.3629035949707,169.5414581298828,-30.0,7.854693476614264,1117.6236261704537,795.1508738028117,0.8325326442718506,10,2424.930783665993,4
18.65185340073032,103.09690453405653,0,395,18.75732421875,162.43064880371094,-18.0,7.823093283150003,288.0404569222806,436.85387556224106,0.8392667770385742,10,2424.930783665993,4
18.679883309952277,102.99234307345428,0,875,21.55426597595215,154.36732482910156,-36.0,8.770405073806707,1004.9481050163165,544.029721682309,0.8146122694015503,10,2416.4971798997035,4
18.728121865148463,103.06214138224388,0,1123,33.789588928222656,172.66244506835938,7.0,7.837509185006575,1134.6737438788534,350.61743025334744,0.7823084592819214,10,2424.930783665993,4
18.69928485863582,103.12762774031478,0,878,20.880481719970703,201.00184631347656,-43.0,9.90376492973438,2911.234066080401,960.9473225488831,0.8685020208358765,10,2424.930783665993,4
18.549178139873675,103.00554647167353,0,232,1.347838044166565,226.52757263183594,-9.0,10.493226334957175,19.968281670845073,494.3892183480036,0.6051760315895081,10,2424.930783665993,4
18.72057706616603,103.07265148342684,0,1165,7.4432373046875,231.7178955078125,48.0,8.77797456731284,110.76687888840468,1200.5587561232883,0.8191160559654236,10,2424.930783665993,4
18.670452311224246,102.97105086592407,0,1587,36.3648567199707,123.34091186523438,-43.0,7.049084387131274,624.4654261803744,1753.3786659520586,0.3799719214439392,10,2416.4971798997035,7
18.586906593886884,103.14218224615323,0,862,31.550457000732422,142.2712860107422,-51.0,7.924356576752075,1041.9794725989848,1420.1704351092162,0.7368260622024536,10,2424.930783665993,4
18.554297187883034,103.12978148612359,0,876,16.66128158569336,166.80770874023438,-29.0,8.643186203032547,507.96931872525136,1136.1377707473034,0.7877585887908936,10,2424.930783665993,4
18.70682965761825,103.0694186351631,0,920,32.0114860534668,148.70584106445312,-39.0,7.212547159210573,530.0725408614298,815.3314899331207,0.8471108675003052,10,2424.930783665993,4
18.627332804037426,102.97159041715155,0,506,20.597684860229492,172.1627655029297,-19.0,8.415005745711312,637.6341071966405,247.13927903550154,0.835204541683197,10,2416.4971798997035,4
18.706562111555044,103.08424068706475,0,1008,31.611242294311523,88.49287414550781,-12.0,7.228143673498377,521.8710463267175,700.0683566477578,0.8034088611602783,10,2424.930783665993,4
18.704136360581973,103.10040938748453,0,806,16.70298194885254,203.49574279785156,-55.0,7.946531866804969,254.43877960139102,232.95366525609765,0.8567525148391724,10,2424.930783665993,4
18.705483009100114,103.06968618122629,0,871,34.521995544433594,109.23696899414062,-48.0,7.116978100320181,583.2398299036331,786.2155642005017,0.8472829461097717,10,2424.930783665993,4
18.64862055246657,102.90879735611692,0,614,24.398067474365234,177.8413543701172,-12.0,7.533700513024572,384.72578999643264,291.2386205193797,0.8149822950363159,10,2416.4971798997035,4
18.650239206148974,102.97724901638836,0,674,39.38078689575195,170.41502380371094,-1.0,8.326818291719764,2784.9445026217995,1164.9490751342953,0.8491067886352539,10,2416.4971798997035,4
18.691200508425933,103.08073583363674,0,682,34.4202880859375,172.83685302734375,-83.0,7.814011943832826,1162.146121613891,1111.9224930242056,0.8646351099014282,10,2424.930783665993,4
18.65401160564019,103.11819674158674,0,705,28.110973358154297,180.0,-22.0,8.468688700264757,1359.2731014001479,669.8384638306112,0.8078711032867432,10,2424.930783665993,4
18.612778298198975,103.04974508131528,0,611,26.941585540771484,142.77471923828125,-32.0,7.420119283668071,431.1791997159304,1096.8109585003806,0.8350480198860168,10,2424.930783665993,4
18.652125405894576,102.9799467725257,0,695,24.005313873291016,168.94091796875,62.0,8.245160361653639,755.4586604451094,1368.8077266026908,0.8189219236373901,10,2416.4971798997035,4
18.727854319085253,103.05836898275267,0,1077,24.40406608581543,153.1225128173828,-17.0,8.226112945665845,769.314489721071,535.3134992511106,0.8163701891899109,10,2424.930783665993,4
18.715725564219884,103.03977453135978,0,794,41.78225326538086,157.50794982910156,-14.0,6.855286656603351,757.6122562530775,745.7906930315636,0.8429771065711975,10,2424.930783665993,4
18.68580945525231,102.9918035222268,0,1147,32.95986557006836,183.02139282226562,-63.0,7.869277647786792,1099.7302067011422,1182.531813340761,0.8080401420593262,10,2416.4971798997035,7
18.601189094561068,103.03061107869496,0,597,37.29066467285156,163.04815673828125,-1.0,7.708949867993713,1292.2245953130027,1759.7644188744478,0.8198649883270264,10,2424.930783665993,4
18.674492256778667,102.96997176346913,0,1790,28.772146224975586,207.82449340820312,-31.0,7.342401944728124,465.6954000892858,2037.6864322298832,0.5588245391845703,10,2416.4971798997035,7
18.65239295195779,102.91661416026362,0,823,29.945770263671875,113.16572570800781,-55.0,7.294587180247487,488.6277050004573,762.236160207729,0.7927622199058533,10,2416.4971798997035,4
18.70682965761825,103.07615633685485,0,630,42.54044723510742,194.0117950439453,-90.0,9.919783221360923,17117.604422226304,87.35694534997722,0.870557427406311,10,2424.930783665993,4
